x	y	clickSelects
-0.12082851187379	-1.4959825294569	286
0.0970394314194101	-1.82255820942649	286
-0.0642397773176202	-0.728581661885499	530
0.0216445706059001	-0.379727224073904	530
0.02904266972967	2.14179080497212	286
-0.03979190615058	1.12679167119917	530
0.0950526246632202	-2.48880194753837	85
0.10174074620683	-1.86614987807058	9
-0.0861783736153599	-1.88042942027657	35
0.0381774426391801	-1.68803256721569	35
-0.0790730955827899	0.753541577866898	286
-0.08837087620523	-0.324322032221868	530
0.0806054255521298	-2.48967114480814	85
0.03495206757484	-1.53692782126233	9
-0.00998895228909991	1.93170299930062	530
0.11612857479933	-1.85059039431948	85
0.0877348910497502	-2.46798576985419	901
0.0684672552885699	-2.47703165868018	82
-0.0388014161219799	-2.16933725712224	117
-0.06545923515566	0.905354491664387	10
0.0202770644127299	-1.48166927836878	56
0.0891758149940798	-2.49026026366167	56
-0.0571657148056701	-2.27357189390322	482
0.0143469985534499	-1.59293042122533	482
0.0422081792680502	-1.4628846223156	85
-0.0298187162876999	-2.18588221956734	85
-0.0299352343659902	-2.19226320053088	9
-0.01052659884559	-2.20649389942175	901
-0.00022638108480999	-2.14900860834319	901
0.0931830977369601	-2.47072312821822	82
0.0797334044204501	-2.45149111175744	82
-0.10805401160865	-1.40434848420636	181
0.0987601441005901	-1.82143711309435	10
0.01822630530922	-1.49078395957018	482
-0.0818405849281501	-2.30997748844659	482
-0.0224873519668498	-2.19376514802354	85
-0.03899487792276	-2.17292594649083	305
-0.0164742972761802	-1.04847391184451	305
0.04849137162627	0.337200427259461	607
0.0784037630618002	-2.47556149459638	607
0.11537584698202	-1.86852190137409	9
0.11441994035631	-1.80174797823864	209
0.10787424421466	-1.87258021662384	117
-0.0923745080706402	-2.35448540689578	10
0.11566097470283	0.721829687209837	878
0.11054273713744	1.91847952129792	286
0.12267271630472	-1.22908700788022	482
0.0830248337975199	-2.44849921616953	482
-0.0763344416298102	-1.80652703707143	85
-0.03663707520866	-2.20494153712646	438
-0.12460667156158	-1.59454682649114	305
-0.0834616209812999	-1.83449806807091	305
0.10043454263628	0.573630703210199	607
-0.0554611265400999	-2.22034247645184	85
-0.06888532150509	-0.769916167020928	9
-0.12330262397186	-0.0276688798514231	9
0.0889846386573598	-2.45452834032447	117
-0.06227260346988	-0.312024416281813	10
0.12029168679091	-1.8609487002507	10
-0.12405532203128	-0.492071616525398	10
0.10031115199471	-1.85791285460556	56
0.06634093874028	-0.786097258900918	482
-0.0776674934347601	-0.783471367633077	482
-0.0792892348299201	-1.79630614092843	482
-0.0635446898881602	-1.77261820746656	305
0.0891758149940798	-2.49026026366167	305
-0.0901724458725002	-1.81725550816528	305
-0.00993647517953988	1.31732146112195	305
-0.0837221568400799	-1.83603030908917	9
-0.01975020573764	-2.1880186717438	9
0.0741244651661202	-1.55466177299394	209
0.10740128154246	-1.78385504814828	209
0.0327986283472201	-1.50012739065889	10
0.0230476846087302	-1.46093038483316	10
-0.00870293194659988	-1.15695545503007	10
-0.10044911572995	-1.85304958677681	10
-0.0424600677650999	-2.17209557134337	10
0.0861211867725098	-1.88586684571685	10
0.0943860481062999	-2.43676702244761	85
0.0998543988625	-2.47133263745381	305
0.06598511240264	-1.96376943649916	305
-0.0200000769744602	-2.25567993110506	305
-0.00120738989296987	-0.563140770884006	607
0.11221594454531	-1.85504408296289	9
0.0798889609934301	-2.49550990678286	117
0.0817508962160201	-2.44658111534611	1
0.1020366805993	-1.91963709178875	482
-0.0388163963088601	-2.17184685294846	482
0.10417661677808	-1.86920042413078	85
0.0580402820499999	-1.41161413447521	85
0.09638622235423	-2.44911680014688	85
-0.12055590795128	-1.45630894555077	305
-0.0301364516146001	-2.2147547738374	305
0.0963188513357198	-1.86835132023436	305
0.0956732770995301	-2.43972625783296	209
0.0984940369037699	-2.4912670376899	35
-0.0661705263343899	-2.26503906552567	56
-0.0297508483698099	-2.27585741569869	482
0.0983970175209801	-2.47209411599172	482
0.05214374307949	-1.55778770379057	482
0.07111545895141	-2.49343203936824	85
0.08170174890502	-2.47693675561169	305
0.04322877374398	-1.49907600337635	305
0.0936421135879502	-1.84394635383057	9
-0.0603418268222402	-2.300947816171	35
-0.0282563785348802	-2.20498029059171	10
0.0844290731728901	-2.4796392748657	56
0.0797128303139201	-2.48782982721447	482
0.0792317062419898	-1.90015393371516	85
-0.0159197312488302	-2.1778823394381	85
0.0962963323648598	-2.01022744456054	438
0.0990814535164799	-2.48254894889984	305
-0.0816032865349499	-1.84240181852952	9
0.10582559852792	-2.47333521757369	209
-0.0528706236089498	-2.20858697456135	35
0.0865279682182498	-2.47832253878317	35
0.10237818852783	-2.4358958544015	117
0.0796561063528798	-2.47312215027564	1
0.0965537871770601	-2.48596880516904	85
0.0930044264573202	-2.44775436220775	607
0.0823877047069899	-2.43896340583532	9
0.0890569881636498	-2.43573290843904	901
0.0757345660568198	-2.4496178344152	482
-0.00576917649298991	-2.15959549029139	482
0.09414218124284	-1.89227320669097	85
-0.0348383264161698	-2.24887850766251	85
0.11403886770167	-1.78277749656565	305
-0.0111543785735102	-2.14011912578597	10
0.08972720009724	-1.87060881022431	10
0.0998543988625	-2.47133263745381	85
0.11844953658753	-1.89933951991943	85
0.0777642108984802	-2.48295892800962	330
0.0878040218609302	-2.494082888995	305
0.08966881044394	-1.91370318894111	305
-0.0433850613896101	-2.23337869292729	305
-0.04643611420929	-2.17877362201793	305
-0.10581335128844	-0.543688328111915	9
0.0724545457486201	-2.456978484269	9
0.0288480083672602	-1.52864849178496	9
0.06846924328539	-2.4932774389664	82
0.0757345660568198	-2.4496178344152	82
-0.04044327774705	-2.15690151789347	1
0.0637548035541902	-1.44790543869446	10
-0.0200811827691898	-2.15205040578383	56
-0.08685983267873	-1.83433612398821	56
0.0904548721823399	-2.49307386261423	482
-0.0428944570077201	-2.24610365238581	438
0.0971229766401702	-2.47869435104335	438
-0.04135401470722	-2.25511109574116	85
-0.0521752423317801	-2.23464403767878	305
-0.0957130401137101	-1.78087882676713	305
-0.0350359254136601	-2.22602336555407	305
0.0823728670930799	-2.4996525041428	9
-0.12303272934279	-0.626806764810623	9
0.0978394453304201	-2.48771594319833	82
0.06318942369575	-2.47771627262798	35
0.11178370212203	-2.43833667978551	10
-0.0287747082776599	-2.18595061961368	482
0.09292392520867	-1.85257457887605	482
0.08451906044324	-2.48733332953245	85
0.10380731242849	-2.47489389264438	438
0.0824115770098	-2.48762288211759	438
0.0950294993971901	-2.43282968817119	438
0.0737189506653802	-2.48897804787624	305
-0.0326619389462599	-2.19798412830929	305
0.0601373698017298	-1.43635738233291	9
0.0976060874728599	-1.87104634703105	9
-0.0393576040322001	-2.20598842557475	9
0.0910585624275102	-2.49704629030593	9
0.09719645317807	-2.4786966310628	9
-0.0398952766732501	-2.20858577759667	56
0.08977063670492	-2.47728980181931	56
0.0811111107486	-1.90676096728434	85
0.0864282063266599	-1.90492123416628	305
-0.0687908049691401	-2.32483133977613	305
0.12263531420496	-1.26089167727626	305
-0.0523131137606598	-2.25096256921189	35
0.0763035422276701	-2.48676242942598	56
-0.0894722325745301	-1.8377438138976	482
0.0806054255521298	-2.48967114480814	482
-0.11461434577876	-1.89784531962028	482
0.10690937814829	-1.90970844813414	85
0.0890246306076099	-2.48383024811396	438
0.10049329098215	-1.79968754789851	607
-0.0952880490643202	-1.47601074894897	305
-0.0663680766624002	-1.88834943599302	9
0.10387761235042	-2.49077693327009	9
0.00329358314148998	-1.1181388835627	10
0.0812399822557399	-2.49026193274092	482
-0.00958879401493995	-2.19203648620144	305
0.10599472811487	-1.87428056156636	607
-0.0152372161740701	-2.16710762668859	9
0.0938242741810198	-2.4719517321878	35
0.09719645317807	-2.4786966310628	181
0.0461185577167198	-0.84949383346674	1
-0.0357223366580302	-1.22320318302595	10
-0.0292905309252198	-2.18882815671507	10
-0.05075504000127	-2.20873353346865	482
-0.0953151364521698	-1.90154630143984	607
-0.00401156094779997	2.05867572894977	286
0.10093193587943	-1.82873652961683	438
0.0739822930373899	-2.4956737265217	9
0.0395304873418199	-1.45700466153277	9
0.0603559010979899	-0.842436539424486	9
0.0843698045341901	-2.4935067601603	10
0.0803562047661299	-2.48906514833269	438
-0.03149525182921	-2.21424374285629	305
-0.0321134143931099	-2.16789379023353	10
-0.0636714542435102	1.01160503791343	286
0.0930044264573202	-2.44775436220775	9
-0.07698601611117	-2.27143889386052	35
0.0289445766473402	-1.52136091409788	10
0.08969742079515	-2.44521758258924	482
0.10373871827281	-2.49706307757001	482
0.0870642499197598	-2.4679421065001	438
0.10417661677808	-1.86920042413078	305
0.11688170787278	-1.84596299474334	607
0.10108427215191	-2.43296749573041	9
0.0822826504753	-0.682425724108599	9
0.0939786693825	-1.93342877020764	9
0.0770553805285101	-2.48772377843635	1
0.10369891021517	-1.85564021384722	10
-0.0297326571863201	-2.2523839089403	56
0.10380731242849	-2.47489389264438	482
0.11910421790499	-1.16154984628662	482
-0.10241795986903	-1.8461589082277	85
-0.00857933406647016	-1.22762145489803	305
0.0332647006882301	-1.46026204659301	305
0.10445399794797	-2.49305683547024	9
-0.0192493318010798	-2.15018882297412	9
0.0944167867896399	-1.8539727079592	9
0.0956732770995301	-2.43972625783296	9
0.11041961038442	-2.48175709409235	9
0.08170174890502	-2.47693675561169	9
0.0876593421717602	-2.49736135136548	9
0.0944657755380498	-2.48646451351438	209
0.0812399822557399	-2.49026193274092	209
0.11560705997329	-1.13052242855025	35
0.1004276232404	-2.49586601259833	117
0.0751010381070301	-2.4572114678167	181
-0.0277814573047399	-1.6805697177457	438
0.09709752638113	-2.46927165196542	438
0.0734202308500498	-1.93031556288858	305
0.0469591355812198	-1.49748285177961	305
-0.03663707520866	-2.20494153712646	9
-0.11052001373538	-1.85792446974614	10
-0.11335623994779	-1.43443054482749	482
0.0878824688372801	-2.49016236725721	85
0.0850445875753598	-2.43916759266106	305
-0.0641872121659701	-2.30582811879094	305
-0.0721504505637802	-1.84490986717343	85
-0.0292075021547098	-2.19869382147633	9
0.0964799636903	-2.47206031564754	9
0.0798889609934301	-2.49550990678286	10
0.0738821938508099	-0.844784757575734	10
0.03127643748648	-0.366986109052156	904
0.1071216914252	-2.48532709487571	482
0.0950294993971901	-2.43282968817119	305
0.0822350837503398	-1.88079570012383	305
0.0910786064594902	-2.44420375256046	9
0.10299107391872	-2.48461178104614	209
0.0971229766401702	-2.47869435104335	10
0.0797334044204501	-2.45149111175744	482
0.0823122235437199	-2.49067948415425	85
0.09834473223109	-2.44679442561551	85
-0.0799404285013199	-2.23890065165835	85
-0.0766903174501001	-2.36410183320342	85
-0.0110603255862798	-2.18924335106812	209
0.0777642108984802	-2.48295892800962	209
-0.0481444459175799	-2.2097254216756	82
0.0950990356877002	-2.44727434672328	35
-0.04875002342638	-2.23003433319037	305
-0.12138832656379	-1.44291474921668	305
0.1145504119627	-2.49402946991584	9
0.0911711663547199	-2.48406242528817	209
0.0817702186717502	-2.48704153967841	82
0.07111545895141	-2.49343203936824	82
0.0931830977369601	-2.47072312821822	482
0.0767825080158699	-0.851665289729886	438
-0.0260232300846899	-2.22085995626041	85
-0.06968640124891	-2.27738914569069	85
0.11447060416432	-2.44340395533886	85
-0.0375578072614098	-2.24916050470305	9
0.0973285174904901	-1.85521769629732	9
0.0494048106539098	-1.54201308452334	209
0.0790436383495901	-2.48479713251621	82
-0.0585358805942899	-2.25610187999739	482
-0.11704006078519	-1.39555684112354	305
0.08451906044324	-2.48733332953245	305
0.11175557947789	-1.83696886342532	9
0.10445399794797	-2.49305683547024	9
-0.0686133735968002	-1.80078968972696	9
0.0832466433397601	-2.48551371399824	209
0.07694386216613	-2.47938079770129	82
0.0930754603334498	-2.4579119504992	82
0.09709752638113	-2.46927165196542	10
-0.0554097674678999	-2.24692562108877	305
0.0905314960448602	-2.47493308986661	305
-0.12102728301491	-1.38998392107482	305
-0.04423642383487	-2.1829818942743	9
0.10322199491424	-1.91915772826898	9
0.11650878983623	-2.48733769823765	9
-0.0998511892470502	-1.89312401721081	438
-0.0811994390223401	-1.86739728159487	209
0.08371955999471	-2.48765268842386	1
-0.0715268077672002	-1.80445321194022	904
0.12098788912195	-1.79251487810039	219
0.0878040218609302	-2.494082888995	438
0.0865279682182498	-2.47832253878317	9
0.10373871827281	-2.49706307757001	338
-0.0773957484492702	0.291267873554948	904
-0.01629820420857	-2.25410658919952	85
0.0664558518585099	-2.47044431513026	305
0.10760233074669	-1.8572018035119	9
-0.0265786474050098	-2.17153928096398	338
0.08969742079515	-2.44521758258924	209
0.08036903944063	-2.48279453925019	82
0.0976994376569298	-2.44513152835341	85
0.0251194432601301	-1.54245726225495	9
0.0737189506653802	-2.48897804787624	305
0.0691040114994501	-2.49388332471933	56
0.10380731242849	-2.47489389264438	85
-0.10987687450347	-1.9852326321938	85
0.0810634063303501	-2.49963552556615	85
-0.0308370447984601	-1.22244270906311	904
-0.03148495553598	-2.22234278334077	85
0.09092674036585	-2.49795707606518	338
0.09063607112925	-1.91520317223786	56
-0.0656917240307902	-2.26114599475844	85
-0.0414410866899599	-2.18704329397098	85
-0.0259513279498602	-2.19644615616091	9
-0.00880248065702993	-2.3026971652853	85
0.0921780922475901	-1.89215959798404	85
-0.0299205884136602	-2.14977996452936	85
0.0938242741810198	-2.4719517321878	9
-0.02574693432617	-2.20787336360836	9
0.0852418983213399	-1.9019149927648	10
0.0757497384039501	-2.48777973023154	482
-0.0547955584453201	-2.22937919269411	85
0.0929620623131902	-2.48638568259843	9
-0.0533416416495398	-2.18720057851363	9
0.0746135802125099	-2.49627358912943	9
0.11599209495021	-1.7707272968032	9
0.0898151818946098	-2.48647572579016	9
-0.0184781837343202	-2.2049998838229	10
-0.0974878941640198	-1.7849783422228	219
0.0772499907136002	-2.48853356425544	219
0.0977671234885098	-2.44485928347808	85
-0.0293576145265999	-2.14949172575089	85
0.0911711663547199	-2.48406242528817	85
0.0910786064594902	-2.44420375256046	85
-0.0587559886781599	-2.25244857657133	85
0.0806054255521298	-2.48967114480814	1
0.104349700736	-2.49343806163818	85
0.1065419208621	-2.4810519509651	85
-0.0455100694410802	-2.22758833204065	85
0.10712547351876	-1.86137976224816	85
0.0943643942747201	-2.48275889135378	9
0.10107210364084	-2.4990757734282	9
0.0990408664575102	-2.47407076120688	9
-0.10686437953405	-1.82789292660955	9
-0.0237428933972299	-2.20861057610506	82
0.0563416469454801	-0.828992107132691	904
0.0811144080372799	-2.48297743839254	85
-0.0614736893384	-2.24645742050567	85
0.0969085291229099	-2.49684410405105	9
0.0917890625116899	-1.88836234944539	209
-0.0461762971712298	-2.19792364262991	82
0.0770025756000399	-2.49578956323402	482
0.0568194166585201	-1.98270501426324	85
0.0806054255521298	-2.48967114480814	9
-0.0300860925178799	-2.1427737346912	209
0.0898921490196001	-2.48226994246331	219
0.08089441362586	-2.49011511461549	85
0.10980878100234	-2.49634827970253	308
0.0901696496461701	2.06894452420883	904
0.11859050227687	-1.81758931278043	219
-0.0535915701066201	-2.19943166000391	219
0.10962306689503	-1.81729881125481	219
-0.0588255906550801	-2.24697475113395	219
0.01752393398852	-1.60584256519242	482
-0.0199838176065401	-2.13943325801603	85
0.11959151844239	-1.8690057781388	85
-0.0224873519668498	-2.19376514802354	85
0.05820015791413	-1.55257844373257	9
0.10323160696746	-2.49793412902634	9
0.0838826916687401	-2.47815517295772	9
0.0592155795876099	-2.49133263934049	9
-0.0601552284238398	-1.78207965118366	209
0.10983136871266	-2.48110052501489	209
0.0750400705290701	-2.49427364736094	82
0.0746135802125099	-2.49627358912943	1
0.00881170206853987	-1.08004390012843	10
0.0843698045341901	-2.4935067601603	10
0.0796561063528798	-2.47312215027564	446
0.104349700736	-2.49343806163818	85
-0.0184781837343202	-2.2049998838229	85
0.11847135716376	-2.46918414519112	85
0.0878040218609302	-2.494082888995	85
0.11834156239094	-1.87410139335957	9
0.11579379503093	-1.84493920207327	219
0.0742781191657702	-2.49160330720838	9
-0.00383533509101008	-1.57702476103747	209
0.0702711605142699	-2.48991639016919	482
0.08705541348712	-1.87508945925487	482
-0.0162151641835502	-2.21031863266504	9
-0.0724731694217602	-2.27020373742221	482
0.0372412761268501	-1.4836142542341	85
0.0931830977369601	-2.47072312821822	85
-0.0151395016387998	-2.16347246431497	9
0.0804193139940002	-2.4881132356616	9
-0.0822399924725099	-1.83835222535781	209
-0.0848793130124799	-1.83553144185017	209
0.1070415565507	-2.48604692483426	446
0.10176097055367	-2.49763694568441	482
0.0832466433397601	-2.48551371399824	482
-0.0797205215157102	-1.80569534234805	85
-0.0324616371080699	-2.2276252984401	9
0.0804200544617602	-2.49906305135795	9
-0.0151264455535198	-2.16634256774041	9
0.0923735487609001	-2.49315862750876	9
0.0144433571515301	-1.44999288510443	9
-0.0333716178527599	-2.14000506361124	9
0.0945410893101899	-2.49624171016553	82
0.0737189506653802	-2.48897804787624	82
-0.0294091658000801	-2.20715424493064	35
0.10849283591152	-2.48855038028487	219
-0.0535915701066201	-2.19943166000391	482
0.00678675178391019	-1.58674919273119	482
0.10909942254417	-2.44272579534208	85
0.10044165241267	-2.4914238817482	85
-0.0503485743174301	-2.2057304134466	9
0.08996794954572	-1.89676686433458	9
0.09834473223109	-2.44679442561551	9
-0.03463935661456	-2.22388607982459	82
0.0821217261951501	-0.802144009020603	482
0.0778830781319302	-2.49769646651277	85
0.0990472612537601	-2.49036990737935	9
0.0883795970132102	-2.46922712879491	9
0.10316095636086	-2.46829447350059	799
-0.0857676941708498	-2.39229564637816	85
-0.0204828063301901	-2.18671889883729	85
-0.10575667868406	-1.88892692400162	9
0.10305179432265	-1.2739795330099	9
-0.0239491266598	-2.19153614368292	784
0.0905314960448602	-2.47493308986661	219
0.1090378751507	-2.46727929945931	482
0.0958372769954399	-2.47587132595781	482
0.10316095636086	-2.46829447350059	85
0.0856832148156399	-2.44046585085981	85
0.01681712114486	-1.50790438002327	85
-0.0446449276198599	-2.21404640995572	9
0.10714629637976	-2.47265177025223	9
0.10173106568462	-2.42903545917119	9
-0.0108575838768501	-2.24120991048048	9
-0.10241795986903	-1.8461589082277	9
-0.0601368223974101	-2.23132660042244	82
0.0763035422276701	-2.48676242942598	56
0.09445714804396	-1.8733256448442	219
0.0805235363737999	-2.49673808938542	219
-0.0324616371080699	-2.2276252984401	482
0.1150487169284	-1.88318930431404	482
0.11050792904483	-2.48137368421081	482
-0.1200563495865	-1.94451846971722	482
0.0323254237457302	-1.54143297728612	85
0.11006708196955	-1.84086740123005	85
0.12288418823566	-1.88455736877798	85
-0.11377946796396	-1.92696922423311	85
0.0823877047069899	-2.43896340583532	85
0.11650502431569	-2.46372815834817	85
-0.0762943917997898	-1.82641394623471	85
0.00823329553944996	-0.402212127871796	9
0.0746135802125099	-2.49627358912943	9
-0.0170142583240298	-2.1589606007746	9
0.0213953660742798	-1.61033829453759	9
0.0871658340110502	-2.4795590915426	9
0.0766172209287599	-2.49586930731753	82
-0.0307519397427898	-2.1732454544588	82
0.0922141628793498	-1.87008410811849	82
0.0595084326546398	-1.94135575131553	475
-0.0423969597282698	-2.23665479097532	35
0.11366763096064	-1.80073221756433	157
0.0730865899656599	-2.45761583877298	157
0.0797334044204501	-2.45149111175744	446
0.09051765040922	-1.84632050031477	482
0.0832466433397601	-2.48551371399824	482
-0.01587353723483	-2.17676183904474	482
0.0748147189521702	-1.86617859411373	85
-0.01076908314031	-1.12801042587879	85
-0.0373083694949599	-1.20804860589915	9
-0.0818184233152501	-1.91647609042498	9
-0.02924295974772	-2.18678486857072	82
-0.00798564525717982	-2.15580490335893	82
-0.10576934141626	-1.84856418063026	35
-0.0919793486075502	-1.87572438871354	157
-0.0373663175615002	-2.1595534868245	85
0.0898921490196001	-2.48226994246331	82
0.0289195453795399	0.218670932522169	904
0.0865279682182498	-2.47832253878317	219
0.10920882158862	-2.47864649102215	85
-0.0312091097654901	-2.25152373939616	9
0.12327623997172	-1.78423863849343	9
0.0778830781319302	-2.49769646651277	85
0.11657729896076	-2.49922531968864	9
0.0943860481062999	-2.43676702244761	9
0.05758846222925	-0.801435021564686	904
0.11678697050641	0.84599769936314	904
0.0843698045341901	-2.4935067601603	9
0.06582705918759	-2.4698052428152	219
0.10639063003213	-2.48979470777218	482
-0.0629810766612802	-2.22585935907659	482
-0.03899487792276	-2.17292594649083	85
0.00967445149345991	-1.46069306084924	9
-0.0636968840944001	-2.22547496836273	9
-0.0333465983830799	-2.16884366042042	35
0.0777501015909001	-2.46957312303049	219
-0.0870101165330302	-1.91987527406409	482
-0.0498750481134702	-2.22209218950765	482
0.11522357952964	-1.88197224965313	85
-0.0399861899163199	-2.18937878304811	85
-0.06621807323434	-1.86026682414785	9
0.11002819149355	-1.8169236922681	9
0.10178399971415	-2.47944821217726	35
0.0723882955083099	-2.49527763950546	219
0.1210548420419	-1.85233311741254	482
0.10049890632381	-2.4725398092831	482
-0.07324343371701	-2.32232753557627	9
0.10592143795072	-1.84670431113958	9
0.0878824688372801	-2.49016236725721	739
0.0778830781319302	-2.49769646651277	157
0.07111545895141	-2.49343203936824	482
-0.0759282579814098	-1.79236454149246	9
0.12315415853955	0.752169406115594	655
-0.03753277789315	-2.16009637670329	85
0.0883795970132102	-2.46922712879491	9
-0.02041175536535	-2.17509485091366	446
-0.0570312039157499	0.927230839137137	904
-0.11187996605746	0.416828883032864	655
-0.0746767874871699	-2.29274644515759	219
0.0739822930373899	-2.4956737265217	482
0.10114374158154	-2.48692913584436	482
-0.0945535374181299	-1.82082886689914	9
0.0506526602728901	-1.51528821170072	9
0.0964799636903	-2.47206031564754	209
0.0910466581196401	-2.46929405939458	82
0.0937154859832798	-1.87233783516045	219
0.07111545895141	-2.49343203936824	482
0.0241405426324701	-1.62258707729284	482
-0.0902061219701098	-2.35183990245335	482
-0.0919793486075502	-1.87572438871354	85
0.01578277208296	-1.58305053050633	85
-0.0853898922507499	-1.99911224613776	85
-0.0530700153173398	-2.22547661260569	85
0.10480204320306	-1.94546358282129	9
-0.09936113906193	-1.38631450188803	9
0.0290382099131299	-1.49804032990353	9
-0.0319357150212198	-2.21237496235089	9
-0.0333877819087798	-2.19703406146201	9
-0.0487695466865401	-2.24782614118025	209
0.1145504119627	-2.49402946991584	82
0.10844893397094	-2.43597236323804	181
0.0931830977369601	-2.47072312821822	157
-0.0525897875299699	-0.1036664732969	446
-0.0121994604858902	-2.18420088523219	482
0.0890895765628401	-2.49368174793041	482
-0.0427931335383498	-2.18536018437617	482
0.0772499907136002	-2.48853356425544	85
-0.0124877004876298	-1.61647901233679	9
0.00720864779939001	-1.59578536180837	9
-0.04181483331267	-2.30761944774683	9
-0.0398952766732501	-2.20858577759667	9
0.0870905124205801	-2.48041644800057	9
-0.0664444765190702	-1.76555892899349	9
-0.00761091861369012	-2.19435374485936	9
-0.00854351823388022	-1.00560608464181	446
0.0944256114986302	-2.46854239962158	446
-0.0848632220278702	-1.80857265997975	189
0.05659037734458	-1.4921591591204	482
0.10911651631014	-2.49890901426863	482
-0.0691913591776698	-1.80942655026033	482
0.01108913202071	-1.53991879269127	482
-0.0578113316942601	-2.24857633456291	482
-0.0380962185276301	-2.15815840388251	482
-0.03277426511089	-2.18046926957345	85
-0.0395400419185199	-2.15682863370156	85
-0.0272058071914199	-2.1962474652231	85
-0.0630787291581001	-2.25549766372117	85
-0.12287861308135	-1.94966625686988	9
0.08450500196414	-1.89220404764445	9
0.0896317608827899	-2.4729905960422	4
0.11545341605313	-1.82573611699706	446
-0.0657840984886899	-2.27348310363564	219
0.11319500261357	-1.78853213242424	219
-0.0430711342039598	-2.16817605506933	482
0.0815323046229901	-2.49920269379576	482
-0.10048131804362	-1.83768208212383	482
0.0132140196354298	-1.57125049450373	482
-0.0467575837046201	-2.22006482865848	85
-0.0503485743174301	-2.2057304134466	85
0.0853998516097598	-1.95850386171665	85
0.08439548588952	-1.94073287321525	85
0.0925422459128402	-2.48308555755389	85
-0.0306625841868202	-2.19643729270172	9
-0.0314820651641798	-2.18620441933205	9
0.11570588565237	-1.81378066981047	9
0.0840293452823002	-0.0855538876066229	9
-0.08386863248198	-1.85591419920443	9
-0.0324616371080699	-2.2276252984401	9
0.0964799636903	-2.47206031564754	9
0.10102306054344	-1.86197620586004	82
-0.0575516733103099	-2.22294811830721	82
0.0805235363737999	-2.49673808938542	4
-0.04946776148229	-2.2210765623925	821
0.0483313714099398	-0.93096313921015	157
0.07902045214529	-2.45817310902829	482
0.0810603692204199	-2.47568748510244	85
0.0865786355653002	-1.84878959179008	9
-0.04552047419191	-2.18724131754275	209
-0.09310176796434	-1.88829075908741	181
0.07396837682938	-1.90071909165701	749
0.0950294993971901	-2.43282968817119	4
0.01752393398852	-1.60584256519242	157
0.0863221642677399	-2.45554468575081	157
0.10335175727316	-1.80213975545362	157
-0.0530433363674399	-2.17276135615627	219
-0.02297263231263	-1.19136265550913	482
-0.00771009710208981	-1.05967108744721	482
0.0445530507077101	0.323343966330704	482
-0.0395524988172098	-2.22520488372508	482
-0.0762302651748499	-1.83340147528613	482
0.0383351458261201	-1.48200240531924	85
0.0618945733852798	-0.187296832394482	85
-0.08131113073622	-0.838032147188941	85
0.0894570997844202	-1.8396215980871	9
-0.0718988520826098	-1.41375742341107	9
0.06465060358072	-0.275109173614605	9
-0.01559035036576	-1.09570473070983	9
0.0899816224445198	-1.80268524129903	9
-0.0480319118299102	-2.26546422115531	9
-0.0372436160995799	-2.22032402684896	9
0.0218640734117299	-1.54588612033973	9
0.0812399822557399	-2.49026193274092	9
0.0958372769954399	-2.47587132595781	9
-0.0575478316867399	-1.22440660004933	82
0.0802649303653502	-0.781375870914592	82
-0.10991827017764	-1.88314864487522	82
0.0835484105757001	-1.97229057266697	82
0.0946271925382902	-1.81612232808671	4
0.11040541493142	-1.2786233027296	157
-0.0705747694138399	-2.2091876166778	157
-0.04404470528522	-2.23125164765519	157
0.12340247828161	-1.24548559372373	219
0.0671442373573599	-0.701333307475205	482
-0.0746449502920901	-0.209426809958095	482
-0.0819293252406399	-1.85152616396807	482
-0.0345357624317502	-2.20667955608924	482
0.0698106213969001	-2.46939973422518	482
-0.0923232567474899	-1.88005319831636	482
0.0739822930373899	-2.4956737265217	482
0.1095534674359	-1.83074553500922	85
-0.0462292336850498	-2.22723277949046	85
-0.0193863894820199	1.13755255366962	85
-0.0695105193245298	-0.725190163157349	85
0.11122991422307	-1.18430715876757	85
0.0169110644943098	-1.61489600005236	85
0.0805235363737999	-2.49673808938542	85
0.0836788754532498	-1.87046097314778	9
0.11011582611003	-1.23362059610889	9
-0.0659708515622999	-0.901617820258816	9
-0.0709528544724001	-1.79558312497745	9
0.10049890632381	-2.4725398092831	209
-0.0272058071914199	-2.1962474652231	82
-0.0858548689494199	-1.92494124076556	82
0.09026515805308	0.433208677877365	82
0.12025895544441	-1.23636946647432	82
-0.06530044901189	-1.77890993977057	82
0.0814223763020601	-1.89486531435372	35
0.0865279682182498	-2.47832253878317	4
0.10316095636086	-2.46829447350059	4
-0.0695691893844201	-2.29620040007532	739
-0.0919559439650302	-1.84350348924798	157
0.0910466581196401	-2.46929405939458	157
-0.0447650441343002	-2.2474334544547	446
0.0811111107486	-1.90676096728434	446
-0.0603110819318902	-2.2420679492943	219
-0.0750656194115602	-2.26904404454802	482
-0.0462292336850498	-2.22723277949046	482
-0.00736642194478021	-1.12887770762641	482
-0.0808723515860499	-1.85645541502167	482
-0.01333706499556	-1.59260199803141	85
-0.10771186022382	-1.39799280650215	85
0.11329485635294	-1.83034845120724	85
-0.0713754473216501	-2.32135544789725	85
-0.0454302600608898	-1.10648870438261	85
-0.04875002342638	-2.23003433319037	9
-0.0552221215291002	1.92091912484078	9
-0.0388163963088601	-2.17184685294846	9
-0.06528066991795	-0.802820219420873	9
-0.0516957392345101	-2.24540893754012	9
-0.10772934574664	-1.9263129798182	9
-0.10566245805892	-1.93659134962249	9
0.12109169793673	-1.14125640756641	9
-0.11581694527176	-1.88178533213051	9
-0.09988903738184	-0.463470764010228	9
0.0132363110171698	-1.53856338761735	9
-0.0451192222685202	-0.0913338263654833	9
-0.0530700153173398	-2.22547661260569	209
-0.10810554577134	-1.9676546646169	209
-0.0975686820371702	-1.81857419361106	209
0.0892208594686701	-1.88114586155317	82
0.0871658340110502	-2.4795590915426	82
0.0814988985749099	-1.86481270607486	4
0.0904548721823399	-2.49307386261423	1
0.00987858834918987	-1.50565689496373	157
-0.0516957392345101	-2.24540893754012	157
0.0797648169005498	-0.822721533114716	157
0.12012831242699	1.30294545711436	446
-0.12375675486137	-1.50559004218028	446
-0.02209582721868	-2.17529835125036	446
0.0483036859838899	0.34198978864832	655
-0.0462408148731099	-2.17230261010823	219
0.10240514078492	-1.86484345841673	482
-0.10361393993506	-1.9040607907921	482
-0.0748191185593798	-0.866302371536224	482
-0.0813066884775302	-1.86369190795962	85
-0.0206206842754799	-2.16799076295167	85
-0.0899391584179101	-1.83796209400467	85
0.049375032171	-1.45749832957705	85
0.0956732770995301	-2.43972625783296	9
0.08392186205552	-1.91554025755314	9
-0.0298631887732199	-2.20941664679637	9
-0.0192856525804799	-1.11602215721813	9
-0.0457232991695502	-0.130239930309391	9
-0.11824620175796	-1.47502762797954	209
0.0235631835142001	-1.51082652911194	82
-0.0519879260321199	-2.25923846956687	157
0.0836622837754999	-2.48523604977828	446
0.0434241093334098	-1.490542611359	219
-0.08877077579761	-0.836455396937183	482
-0.11158719559729	-1.89173351856883	482
-0.1200563495865	-1.94451846971722	85
-0.0777023569255899	-1.78754371576282	85
0.0649247587703998	-1.87800148827225	9
-0.12475187605339	-1.54001892193501	9
-0.0400801287431198	-2.20502711532889	9
-0.0200377725032199	-1.11345874204251	9
0.00442990738915983	0.127964453492003	9
0.0822831423712001	-2.4913721710956	209
0.09842831678937	-2.48990865994542	82
0.0843624481840601	-2.48385224137401	82
0.0131503848280001	-1.51974573513086	749
0.11417883287338	-1.78919035452077	35
0.0692906991522202	-1.94828985156427	35
0.08450500196414	-1.89220404764445	157
0.0829268007673001	-2.48757844303129	157
-0.0588255906550801	-2.24697475113395	482
0.08019777706776	-0.821263614894515	482
0.0664558518585099	-2.47044431513026	85
0.0750400705290701	-2.49427364736094	9
0.11502188233458	-1.1950416314069	9
-0.03538592464743	-2.21498076044892	9
-0.10343833428911	-1.85106624134494	27
0.0739822930373899	-2.4956737265217	35
-0.0378665865518202	0.446856277996658	631
-0.0744420815847402	-1.83923804165745	482
-0.0924026623375802	-1.92505451525977	85
-0.0482209872726398	-2.26802656500549	85
-0.05860004580523	-2.23157019722273	85
0.0958372769954399	-2.47587132595781	9
0.11200297084141	-1.81727243572044	9
0.12078872233298	-1.15638875894477	35
0.0830248337975199	-2.44849921616953	157
-0.00266056365492018	-0.405758350500589	157
0.11873009230927	-1.21840307767257	157
0.10328762919357	-1.88078968606166	482
-0.11709172456663	-1.51297934928303	9
-0.0732602110784502	-2.32448798161016	9
0.12077980629446	-1.18091473638243	9
0.11758980531841	-1.82806006682449	82
-0.0735520118605799	-2.3037537611789	219
-0.0320973538542999	-2.16367064604504	219
-0.0239491266598	-2.19153614368292	219
-0.0498476737283502	-0.712668825561559	482
0.0772499907136002	-2.48853356425544	482
-0.0751610010343202	-1.88089060279675	482
0.0196577623808101	-1.5004900314215	482
0.0821956382358402	-1.87435104175331	85
0.0739822930373899	-2.4956737265217	85
0.0914728245770702	-1.84971128248351	27
0.11847652177308	-1.19150167512714	9
-0.10136118591667	-1.85755694259619	9
-0.0523212672559801	-2.21001314807857	9
0.11881613330682	-1.85012047531397	9
-0.0524162303624598	-2.23168146404994	82
-0.000389949925399868	-1.57789297244647	82
0.0944657755380498	-2.48646451351438	4
0.10268843452209	-1.84183998299494	482
-0.0677308857165202	-2.33603848261773	85
-0.0801882979351398	-2.32318346024779	85
-0.0162793771815699	-2.19714819916315	85
0.0741473147880201	-1.84484893246849	9
0.0287880206308202	-1.49545488283449	9
0.0995068472431702	-1.92575134656063	9
-0.11675416855145	-1.94374643393849	9
-0.0747898133210101	-1.86943508352167	209
0.11308749963518	-2.4928656511659	35
0.0324692692540198	-1.4700587761855	157
0.0357689924206999	-1.48435883478913	482
-0.0985879830182799	-1.46725348178867	482
-0.0342771168785401	-2.16092228232154	482
-0.02103804452703	-2.24228401410629	9
0.0824292682594998	-1.91422989072539	9
0.10712547351876	-1.86137976224816	9
0.0717517170855002	-2.48605808524397	9
0.0805339651425201	-1.86558444649051	9
0.1044498850253	-1.84588995866095	219
-0.0889996708835801	-1.81045467409248	219
-0.10648552615519	-1.44461058259468	482
0.0930685729627601	-2.48856547432796	27
0.0181372995911699	-1.52700089907329	85
-0.0852893773258798	-1.81609797445061	85
0.0749784641339799	-2.49876523296434	85
-0.11189891700688	-1.37591280718856	9
-0.10060478190986	-1.44020287634432	9
-0.1235877886673	-1.90576738527597	9
0.00368621751476006	-1.56149249446254	9
-0.0313700037110398	-2.20442063891596	9
0.0931830977369601	-2.47072312821822	9
0.11682124468324	-1.2247367480768	9
0.11705766939303	0.0333744964471574	9
0.0890246306076099	-2.48383024811396	82
0.0273282751674602	-1.53067545862838	9
0.11881613330682	-1.85012047531397	9
0.0240048133248401	-1.49493964588005	9
-0.0607541933662299	-2.25531912479592	157
0.11086400076024	-1.78905307178796	219
-0.0400801287431198	-2.20502711532889	219
0.0911711663547199	-2.48406242528817	482
-0.0232184320392501	-2.18736371435805	482
0.0964799636903	-2.47206031564754	85
0.0222244218560301	-1.43026963667228	27
0.08210941757291	-1.85071137500851	9
-0.0254093610344102	-2.24948597086173	9
-0.0461159368622099	-2.26375171482472	209
0.10505604638166	-2.43595520032256	27
0.12188358923526	-1.15993858308644	482
-0.03538592464743	-2.21498076044892	85
-0.0929279464374599	-1.03882575692589	85
-0.10498431234563	-1.8499252134316	27
0.11432753592191	0.738776993885502	9
0.0165498798163002	-1.66134270872179	9
0.0864282063266599	-1.90492123416628	9
0.04359798610745	-1.39493761248917	209
0.12426959065096	-1.22006506078372	82
0.0384515313439699	-1.46748919633181	27
0.0697281051716998	-2.47893784694946	27
-0.0489639439920002	-2.18161966593927	181
0.0883441856327298	-2.4476702476166	181
-0.0158620302686199	-2.14757582779207	181
0.0976060874728599	-1.87104634703105	181
0.11441324445033	-1.84562389347985	219
0.11252439210434	-1.78031500851318	219
-0.05955006795483	-2.22580821568114	482
-0.0239936769019402	-2.16077178699884	27
-0.0446449276198599	-2.21404640995572	482
-0.0278697948980202	-1.11468031467537	27
0.0790980886830699	-2.45086308687895	9
0.0355716505655299	-1.4956066960967	9
-0.0683301925527902	-1.79066215803513	82
0.0746135802125099	-2.49627358912943	181
-0.0567833400637001	-2.22792716056979	601
0.0916843891539498	-1.86046613932287	134
0.0869529236770199	-2.47295888226066	157
-0.0567833400637001	-2.22792716056979	79
-0.0422693469433999	-2.1709620746605	482
0.10471629702359	-1.938489872486	482
0.0904672738078398	-1.83025412279051	757
0.08676586569179	-1.85510094697975	85
-0.0388300358827101	-2.22554851384075	85
0.0116489842394598	-1.51660399154128	9
0.0634842985330999	-1.95247290126046	9
0.0701502960812799	-0.744706818932704	9
0.06155386189783	-0.927671645127326	9
0.11934594264008	-1.81154295867447	27
0.0438813867492698	-1.43461832463984	655
-0.0302498097820298	-1.20477904094038	482
-0.03899487792276	-2.17292594649083	9
-0.0849980466893201	-1.91179571619927	9
0.11841507580508	-1.18604387484475	9
0.06318942369575	-2.47771627262798	157
0.11244300697355	-1.79757715962241	157
-0.10773171721968	-1.89840468881625	219
-0.0306522523370898	-2.13889492968865	85
0.04423015783965	-1.47465552175429	85
-0.10907507596113	-1.85226553729999	85
0.0865279682182498	-2.47832253878317	85
-0.0258740357157201	-2.19472297445106	85
0.0278165898278799	-1.459985236262	9
-0.12436286124361	-1.93927995452621	9
-0.000287835151500104	-1.07559447971376	9
0.0643336874593601	0.400062160191271	9
0.0938242741810198	-2.4719517321878	9
-0.0967701000655601	-1.86044969880998	93
-0.0249024120414298	-1.07189436093152	93
0.11130323194659	-1.79701038032376	52
-0.0306625841868202	-2.19643729270172	27
0.0958372769954399	-2.47587132595781	82
-0.11659324513138	-1.88359619141671	82
-0.05431214083666	-2.20721906331866	157
-0.0474205098940899	-2.20554719269446	157
0.1071216914252	-2.48532709487571	157
0.0202770644127299	-1.48166927836878	482
0.0890569881636498	-2.43573290843904	85
0.08716619289559	-1.89105857892103	85
-0.0328243225179401	-2.14866849420058	9
-0.0232184320392501	-2.18736371435805	9
0.12301880510618	-1.8419330268131	9
-0.0681537249330999	-2.29530235016314	181
0.0958372769954399	-2.47587132595781	181
-0.01974725527467	-2.15278824420531	4
-0.0602117508179498	-1.80249338638845	446
-0.0473575744380601	-2.22286835892135	85
0.0133133900423101	-1.17116854465746	9
-0.0414410866899599	-2.18704329397098	9
0.0883795970132102	-2.46922712879491	93
0.0746135802125099	-2.49627358912943	93
0.0905314960448602	-2.47493308986661	181
-0.0681369913655701	-2.27204805102744	482
-0.0393068749069001	-1.19047704804636	85
-0.0745220459083198	-1.85762967727423	9
0.09719645317807	-2.4786966310628	9
-0.0551175750663302	-2.22573928595244	27
0.0691803717823101	-2.49250356218031	219
0.10614462564563	-1.90104023425437	9
0.07111545895141	-2.49343203936824	209
-0.1131379820042	0.714953080466657	655
-0.10274854577545	1.38260923246101	655
0.0843624481840601	-2.48385224137401	4
0.0902591182673	-2.48244168679329	219
0.09924609098957	-1.83681151220111	27
-0.12114804004164	-0.500513107217886	9
0.10114374158154	-2.48692913584436	93
0.09570264677409	-2.47290573509587	27
-0.11581694527176	-1.88178533213051	27
0.0691040114994501	-2.49388332471933	93
-0.0919906700453499	-1.8139584534047	482
0.0863074466291001	-2.47172320289416	482
-0.0379114204342601	-2.25956167366509	27
-0.0455424374490798	-2.23602068331592	93
0.10714356591478	-1.82667562800693	9
-0.0474492867371201	-1.28348956427948	93
0.0902591182673	-2.48244168679329	181
0.0905314960448602	-2.47493308986661	446
-0.0312091097654901	-2.25152373939616	482
0.0973075495890101	-1.92808428664789	482
0.10975024365661	-2.46131021633133	27
-0.0444249353275601	-2.18409740958181	85
0.0228162475673801	-1.47415151589495	85
0.0883795970132102	-2.46922712879491	9
0.0812399822557399	-2.49026193274092	209
0.0877348910497502	-2.46798576985419	441
-0.0252878339481502	-2.18194748183098	446
0.07396837682938	-1.90071909165701	9
-0.11053000500907	-1.82875446373024	209
0.10505604638166	-2.43595520032256	9
-0.0639027518139499	-2.18995836843005	219
0.0784037630618002	-2.47556149459638	27
0.0804193139940002	-2.4881132356616	78
-0.0455674988367401	-2.20511021876185	27
0.08451906044324	-2.48733332953245	27
-0.0535191453688202	-2.27965667436523	93
0.11820885992209	-1.80715400689574	27
0.0649247587703998	-1.87800148827225	27
0.0704022786851799	-2.49815454933227	27
-0.0476803713436702	-2.18446307615753	27
0.09973492542193	-2.48413580896048	9
0.0917202215853798	-2.43139632136004	219
-0.10042149288977	-1.84198329049694	9
-0.0858207014236201	-1.83603637265408	9
-0.0792892348299201	-1.79630614092843	93
0.0534418083689601	-2.08947346202189	181
-0.06441232048198	-2.25648006604663	219
0.0995327775501398	-1.94596532463765	78
-0.12052087854195	-1.9922880133599	27
-0.0309181082768899	-2.24104302711078	27
-0.0300860925178799	-2.1427737346912	27
-0.0427202939311999	-2.19866155023024	27
0.09805237695047	-1.82220496432757	27
-0.10246367740039	-1.5155694627128	9
-0.0950191071584698	-1.84289030736945	9
0.1234678601178	-0.613140329757283	93
-0.0435171049665701	-2.21831765873865	27
0.11318049223281	-2.47711181513506	4
0.0923621614869301	-2.43268647530737	78
0.10315889793777	-1.88043328839869	219
0.0112990194612101	-1.51488084746234	27
-0.0469607804704602	-2.17127940446763	27
0.08089441362586	-2.49011511461549	27
0.0718604517332899	-1.42510040079624	27
0.11870514267956	-1.77416602628439	27
-0.0466397988521501	-2.1799577281445	27
-0.0393576040322001	-2.20598842557475	27
-0.0688528379390898	-2.27950136607314	27
0.0924084513614698	-0.193714549634099	219
-0.03700960677459	-2.16492218125444	27
0.10316095636086	-2.46829447350059	27
0.0965567316254501	-1.88535921278054	27
0.10754865675543	-1.80336131485333	27
0.10102306054344	-1.86197620586004	27
0.11787148057003	-1.79548550188525	27
-0.0457162093663301	-2.17916708444503	9
-0.0554547816486402	-2.24432847084095	93
-0.00649363028770011	-2.18466617906459	446
-0.0636548933513899	-2.2742333595562	78
-0.0804174372031601	-2.29025356169619	27
0.07997360016447	-1.90983871632396	27
0.0950128007514901	-2.4932118784443	27
0.0744678276598298	-2.49351503354417	27
-0.0346260962115399	-2.19104997801399	27
-0.11607702692142	-1.875341861172	93
-0.0628238752238399	-1.82860623926429	93
-0.0293921393973	-2.16384209749754	93
0.0884137295457901	-1.27782248401818	27
-0.0312091097654901	-2.25152373939616	27
0.10835101295103	-1.87282857930446	27
-0.0172206902419898	-2.19433187357056	9
0.0925296285659298	-1.92709362083978	9
0.0798889609934301	-2.49550990678286	9
0.07902045214529	-2.45817310902829	27
0.0871658340110502	-2.4795590915426	441
0.12068887781179	-1.83482841353742	446
0.0964799636903	-2.47206031564754	27
0.1124360600407	-2.44902849143079	27
0.11318049223281	-2.47711181513506	93
0.0869433522853398	-2.49400226295146	93
0.0945410893101899	-2.49624171016553	475
0.08969742079515	-2.44521758258924	27
-0.0368517107464101	-2.13919718568353	27
0.0924028258523601	-2.48506907976992	27
0.10173106568462	-2.42903545917119	27
-0.04946776148229	-2.2210765623925	27
0.0797128303139201	-2.48782982721447	27
-0.0286287536252798	-2.16851425875707	27
0.0281492583096101	-1.52649229978498	27
-0.0301364516146001	-2.2147547738374	27
0.08451906044324	-2.48733332953245	27
0.0989903548651099	-2.45757792213796	27
0.0870642499197598	-2.4679421065001	78
0.0885824455148798	-1.90129618379229	27
0.0817508962160201	-2.44658111534611	27
0.0832466433397601	-2.48551371399824	181
0.0730865899656599	-2.45761583877298	595
0.0614022393264802	-1.51305688340612	27
0.0989903548651099	-2.45757792213796	27
0.09709752638113	-2.46927165196542	27
0.0783851173199901	-2.4568840489005	27
0.0766172209287599	-2.49586930731753	27
0.08575773736534	-2.45088625839236	93
0.0970544708455101	-2.45276337204229	93
0.0775634082887202	-1.85305952108009	93
-0.0346612051831201	-2.25035257125546	27
0.0763684117930898	-2.4591369448698	181
-0.0801947010107602	-2.27489011363747	347
0.0903378308304101	-2.47968056872168	78
0.06582705918759	-2.4698052428152	27
0.0805235363737999	-2.49673808938542	27
-0.0441055487772299	-2.24971817397981	27
0.06318942369575	-2.47771627262798	27
-0.0823876716337799	-2.27535950901129	27
0.0878387244711698	-1.8617018511694	441
0.10985820927786	-2.47487575412545	441
0.0228162475673801	-1.47415151589495	27
-0.0451791904262202	-2.1969697357346	441
-0.0386347013839901	-2.22039465824492	27
0.0925422459128402	-2.48308555755389	475
0.0744019968035898	-2.49303301680553	78
0.11244300697355	-1.79757715962241	27
-0.0426582034237399	-2.21706470106858	441
-0.0659739793524801	-1.80919519331635	109
0.0938242741810198	-2.4719517321878	1
0.11918350567601	-2.47206224715773	27
0.0943643942747201	-2.48275889135378	27
0.0418152699618499	-1.52769918764592	93
0.0896254155162	-2.47334527674073	27
0.0744019968035898	-2.49303301680553	93
0.09027908590281	-2.47965154723815	93
-0.0730518896318202	-2.25329181475211	441
0.0865279682182498	-2.47832253878317	78
0.08696143622157	-2.49583745786682	27
0.0997204705774202	-1.8179994899606	27
0.10243683691385	-2.47935554102511	441
0.0898151818946098	-2.48647572579016	134
-0.0373610984622901	-2.20909271456818	27
0.0691040114994501	-2.49388332471933	93
0.0929366198081398	-2.48743912586792	93
0.0971229766401702	-2.47869435104335	475
0.0483964911163	-1.43941001038442	27
0.12183719140269	-1.87693033705129	93
0.08170174890502	-2.47693675561169	27
0.0990573417035101	-2.43340832988201	441
-0.0222263067270898	-2.17615542270946	27
0.0971229766401702	-2.47869435104335	78
0.10417661677808	-1.86920042413078	27
0.0766172209287599	-2.49586930731753	93
-0.0314390535978801	-2.21425403090616	441
-0.0439169340866599	-2.22840423928958	181
-0.0624692786022001	-2.22194757976064	93
0.10779877763415	-2.43986686494735	93
0.0717517170855002	-2.48605808524397	27
0.08500566246585	-2.49049511027523	91
-0.0181752869904299	-2.1629237493592	27
0.0724545457486201	-2.456978484269	27
0.0797128303139201	-2.48782982721447	93
-0.10678346734475	-1.90840304572321	441
0.0770553805285101	-2.48772377843635	441
0.0684672552885699	-2.47703165868018	27
-0.0453187596587701	-2.23535675883777	93
0.0766172209287599	-2.49586930731753	93
0.0964799636903	-2.47206031564754	441
0.0177699206692101	-1.55008329928309	441
0.0977663161422599	-2.4969341584336	181
-0.0109768944458	-2.17379691777973	27
-0.0206206842754799	-2.16799076295167	27
0.0898921490196001	-2.48226994246331	441
0.0984120687671699	-2.43214058454363	181
0.0943860481062999	-2.43676702244761	446
-0.10570236060677	-1.86702778177912	78
0.0543067636546	-1.42858876303882	27
-0.0603110819318902	-2.2420679492943	27
-0.0123017252527702	-2.19773332622351	441
-0.01379770447046	-1.07128387751971	441
0.10387761235042	-2.49077693327009	441
0.0883441856327298	-2.4476702476166	27
0.0838826916687401	-2.47815517295772	91
0.0817508962160201	-2.44658111534611	27
-0.0602504635783099	-2.27700192201194	882
0.08696143622157	-2.49583745786682	27
0.0997827666578002	-2.48548084952385	91
0.11781557598047	-2.46069193273387	27
0.0878040218609302	-2.494082888995	458
0.0958372769954399	-2.47587132595781	27
0.08167507486439	-2.48400539712017	458
-0.05941554661994	-1.81392239342974	91
0.12129066990932	-1.810481653496	27
0.0897728300121701	-1.84529560342271	27
-0.0575516733103099	-2.22294811830721	93
-0.04351496693041	-2.17873451693715	27
-0.0158620302686199	-2.14757582779207	27
0.08589042419334	-2.49068087092725	27
0.0991382379779102	-2.48389227128482	91
0.0898151818946098	-2.48647572579016	27
-0.0671200177304501	-2.26205305104067	27
-0.07997041456023	-1.85973059108994	595
0.0778830781319302	-2.49769646651277	91
0.10930916009907	-1.86641300474468	27
-0.0325298499490598	-2.19510364520227	27
-0.0400801287431198	-2.20502711532889	27
-0.00894439202813979	-2.15682779801576	93
-0.01234236497679	-1.61810742917632	93
0.0798889609934301	-2.49550990678286	458
0.06846924328539	-2.4932774389664	27
0.0832466433397601	-2.48551371399824	125
-0.0213349494486699	-2.14541159808873	27
0.07902045214529	-2.45817310902829	27
0.09805237695047	-1.82220496432757	458
-0.0467575837046201	-2.22006482865848	27
0.0592155795876099	-2.49133263934049	27
0.0978394453304201	-2.48771594319833	93
0.0863221642677399	-2.45554468575081	27
-0.02629702017826	-2.34967200070425	27
0.0997878647869599	-1.82825989764475	27
0.12223316974161	-1.81869758950516	27
0.0806054255521298	-2.48967114480814	91
-0.0556260956868	-1.77033159176943	441
0.0964799636903	-2.47206031564754	109
0.0977663161422599	-2.4969341584336	27
0.0835707854123098	-2.49420246872436	27
0.1210952793054	-1.92587332984761	62
-0.0427964511666001	-2.210658086833	27
-0.0307890369846402	-2.25729800604414	27
0.0905314960448602	-2.47493308986661	27
0.0922919959709998	-2.49067095522557	458
0.0883846269730699	-1.89732659937929	27
-0.02041175536535	-2.17509485091366	91
0.11047998773414	-2.44430164916083	27
-0.0297150796475401	-2.15926697934719	27
-0.1071550192626	-1.92607899102182	27
0.0990573417035101	-2.43340832988201	91
0.0937177045047002	-2.48856814221259	93
0.0850719395980399	-2.47226328894183	441
-0.0407138292946501	-2.18281610664916	27
0.11446417516457	-1.86557596215399	93
-0.0266094644010999	-2.20256564013224	458
0.09845688122269	-2.48808932976957	441
0.08451906044324	-2.48733332953245	91
0.1071216914252	-2.48532709487571	27
0.0938999331450301	-2.49568774827157	441
0.10714629637976	-2.47265177025223	91
0.09033817715782	-2.48179164223554	91
0.0338755064193799	-1.44593721602005	27
0.0917202215853798	-2.43139632136004	27
0.0884168789719202	-2.44332764132859	27
0.0889846386573598	-2.45452834032447	268
0.0964799636903	-2.47206031564754	93
-0.10317536826608	-1.89852248704084	27
0.0717517170855002	-2.48605808524397	91
-0.00958879401493995	-2.19203648620144	93
0.10237818852783	-2.4358958544015	93
-0.06320190209121	-1.9104705253535	27
0.0871658340110502	-2.4795590915426	91
-0.0361486086984399	-2.2308096242756	93
0.0723882955083099	-2.49527763950546	441
0.0832466433397601	-2.48551371399824	27
-0.0575166957143298	-2.2430063818534	91
0.0938999331450301	-2.49568774827157	458
-0.04344642692792	-2.18394424861114	458
0.10511713215648	-2.47855719651087	441
-0.02083058987404	-2.18862278919494	91
0.0817508962160201	-2.44658111534611	934
-0.04351496693041	-2.17873451693715	295
0.0978394453304201	-2.48771594319833	91
0.11520286964925	-2.48399315905819	91
-0.0180664514970501	-2.16215314507505	91
-0.0639027518139499	-2.18995836843005	27
-0.04917467329815	-2.18283417132036	755
-0.0549452382644899	-2.24727964317336	91
0.12298995027595	-1.80024140251733	543
0.0923849659754898	-0.773733550434892	27
0.0719394698694402	-1.93686964985295	93
0.0911711663547199	-2.48406242528817	27
-0.0408493065900899	-2.22498211536132	27
-0.0469005484673399	-2.18876076369694	91
-0.0292075021547098	-2.19869382147633	91
0.0790980886830699	-2.45086308687895	27
-0.04260289928957	-2.23349212128584	91
0.10176842158774	-1.87765868342977	91
0.0965537871770601	-2.48596880516904	91
-0.08076500601888	-1.84568893261403	91
0.11957078672162	-1.84142665616325	93
0.0790980886830699	-2.45086308687895	451
0.10108427215191	-2.43296749573041	441
0.0931830977369601	-2.47072312821822	543
0.0803562047661299	-2.48906514833269	27
0.0806054255521298	-2.48967114480814	27
0.0863074466291001	-2.47172320289416	91
0.0775845053842299	-2.48859063758807	91
-0.0993877575807498	-1.82953975633507	91
0.0970564829376301	-2.48416789475157	91
-0.0732602110784502	-2.32448798161016	543
0.0997827666578002	-2.48548084952385	543
0.1191881137031	-2.49860494916905	458
0.0838826916687401	-2.47815517295772	93
0.06286646618923	-1.93774859948508	91
-0.0307519397427898	-2.1732454544588	27
-0.0516916337990998	-2.20043217011111	27
0.11518315367196	-2.46263792580076	181
0.0614053800038099	-1.92834402657483	109
0.0318705979948501	-1.51138055940416	295
-0.06211915690825	-2.24470691499208	27
0.10464532225951	-1.80523630638893	91
0.0687346069022601	-1.909186660544	27
0.08303237918234	-1.93918643706588	27
0.0891758149940798	-2.49026026366167	181
0.0766172209287599	-2.49586930731753	529
-0.05324719207796	-2.19016184797197	295
-0.12420796738071	-1.51886981566971	91
0.1238723084114	-0.518053842443603	91
-0.0917145469900502	-1.86611161343359	91
-0.0660193350033098	-1.77558492424618	934
0.09187043622723	-1.94153506251672	247
0.03158703509061	-1.47326774770558	27
0.1010187949912	-2.47731139347757	27
0.11344336429031	-1.85801154938627	27
0.0781168539092301	-0.20557961693437	27
-0.11786035703271	-1.44009161185882	27
-0.0411669106744701	-2.17015549574678	181
0.0770553805285101	-2.48772377843635	181
-0.0211585281850901	-2.20449410868381	181
0.10547730101823	-1.25193121706252	181
0.0408688583770802	-1.45242846237716	529
0.10049890632381	-2.4725398092831	109
-0.0570752948702302	-0.702789257745359	109
0.0805235363737999	-2.49673808938542	109
0.0746135802125099	-2.49627358912943	109
-0.0424664242666699	-2.19899343741022	109
0.0751116852148299	-2.48718294085976	109
0.0810603692204199	-2.47568748510244	109
0.05177290324845	-2.00315101963465	779
-0.10044560884017	-1.36130713725528	451
-0.09558323703035	-2.35236706276277	27
-0.0961086132703701	-1.83418923456479	27
-0.0228122344977901	-1.14748647912896	27
-0.0533882506393599	-0.755241819891162	91
-0.10353786995417	-1.93821340867618	91
-0.0860774427009998	-1.83143636037966	91
-0.0814982290211801	-1.78602675176914	91
0.0950294993971901	-2.43282968817119	935
-0.04946776148229	-2.2210765623925	543
-0.0219245009509401	-1.74688455260789	543
0.10102306054344	-1.86197620586004	27
-0.0714974968711299	-1.80104227275252	27
0.0453068175996698	-1.41899556242642	181
-0.0688616392670598	-2.27387258491373	181
0.0247205488428901	-1.53216242673935	181
0.12207247824347	-1.12021848319321	181
-0.0938732273134999	-1.83629232399833	181
0.0943860481062999	-2.43676702244761	529
-0.0565902895327701	-2.19104132098977	529
0.06318942369575	-2.47771627262798	580
0.0789341736262199	-2.49275850128435	109
0.1004276232404	-2.49586601259833	779
0.0872935951890699	-1.80927347936326	27
0.0976060874728599	-1.87104634703105	91
0.11394740240719	-1.78995571656063	91
0.08532385227831	-1.86909146796478	91
-0.0758959624154501	-1.8544758532929	91
-0.0923232567474899	-1.88005319831636	91
-0.0425423082529002	-2.3421922736232	934
0.0301852444272202	-1.5416048214054	543
-0.0496802884308001	-2.227689374257	27
0.0911711663547199	-2.48406242528817	247
0.0978496828288198	-1.85079575602194	247
-0.11924212815419	-1.47633193328225	247
-0.0503517243321201	-2.24673364408403	181
-0.0150467395739602	-2.22196939098735	181
-0.12102884117153	-1.42980838539593	181
-0.1217634947854	-1.4256842559892	529
-0.0230855311264802	-1.19250959084957	529
-0.0674008878618801	-1.81673299051526	529
0.0950990356877002	-2.44727434672328	529
-0.0701385034037401	-1.87638321987888	235
0.11522357952964	-1.88197224965313	235
-0.0654254289150602	-2.29673853995298	268
0.11490041039299	-1.86653579709802	580
0.0977671234885098	-2.44485928347808	109
-0.0306522523370898	-2.13889492968865	109
0.11200717236964	-1.25969816793453	109
-0.0656917240307902	-2.26114599475844	779
-0.0389378100217401	-2.20614339480098	295
-0.0320368983117598	-1.14050680364536	27
-0.0602351194962698	-2.28090142583163	91
-0.10993892830598	-1.88401649054496	91
0.12218261035285	-1.78001406789645	934
-0.0402633094430702	-2.15580398496369	27
0.0971229766401702	-2.47869435104335	27
0.11314893515945	-2.4866951619754	27
0.0907318801347698	-1.84256929107829	181
-0.11467230925468	-1.43107829778899	181
0.0402450020067202	-1.4164028107235	181
-0.02239532043366	-2.19781016930101	529
-0.0409367506335698	-1.20837086598287	529
0.08630061876744	-1.87283344560361	529
0.0720403352211401	-1.88167672475312	529
0.10844893397094	-2.43597236323804	181
-0.11559500006294	-1.97388295058617	580
0.11050792904483	-2.48137368421081	580
-0.03118786771326	-2.24966763346094	779
0.11835175629852	-1.18759479464031	295
-0.05431214083666	-2.20721906331866	27
-0.0377012371435499	-2.16113963213256	27
-0.08325005535524	-1.85761808477245	27
0.01727877352211	-1.56207339088159	91
0.0368060666272898	-1.61095252914563	91
0.00507564706858021	-1.55162655339773	91
-0.0947347514324801	-1.84232210431337	935
0.0592155795876099	-2.49133263934049	91
0.0905695783556602	-1.89883460446361	934
0.0772499907136002	-2.48853356425544	27
0.0935837577519401	-0.734559158614365	247
-0.0772019309636498	-1.86237916668826	27
-0.0529301616899298	-2.20602093111686	27
-0.0846522924239399	-0.816357853347565	27
-0.06212886195497	-0.169339221673257	27
0.0792588098912601	-0.739044497534673	181
0.0838826916687401	-2.47815517295772	181
-0.1079419189001	-1.44709819345233	284
0.0798889609934301	-2.49550990678286	181
0.0938242741810198	-2.4719517321878	181
0.0702711605142699	-2.48991639016919	580
-0.11414607467116	-1.48068307124665	109
-0.0388163963088601	-2.17184685294846	779
0.0836327358265998	-2.47602532866454	295
0.0880376129202101	-1.81957099806401	91
0.10014630173507	-1.9203092845926	91
0.0904672738078398	-1.83025412279051	91
0.11834156239094	-1.87410139335957	27
0.0646261466871101	-0.758495835885575	27
0.10316095636086	-2.46829447350059	235
0.0770025756000399	-2.49578956323402	295
0.0772499907136002	-2.48853356425544	91
0.10251492944618	-2.47210060681665	91
-0.09055485432294	-1.86891211561815	91
0.12223316974161	-1.81869758950516	935
-0.0443578721728302	-2.23442466673114	27
0.0875691345295899	-1.83773420356695	247
0.0724545457486201	-2.456978484269	181
0.08992236789123	-1.8595342108196	529
0.0838826916687401	-2.47815517295772	109
-0.0935977858645098	-1.41295676894649	295
-0.06195723327084	-1.84500075272009	295
0.11636342068828	-1.79306782021297	91
0.0766172209287599	-2.49586930731753	91
0.0424768890912901	-1.45452627484458	91
-0.0552625683521599	-1.81246804487289	934
0.0916932107536299	-2.47597374015919	934
0.0116237756256798	-1.55407130788019	934
0.0338926752751498	-0.895364380901199	543
0.0747408548367901	-0.786424751561698	27
-0.0548800299605401	-2.27257434898881	27
0.11520286964925	-2.48399315905819	247
-0.06986011507691	-0.802280514167514	27
-0.0590278438484799	-2.25200923128161	27
0.12028869646492	-1.81032322904107	529
-0.10462611524406	-1.43347470998617	529
0.0190231136976502	-1.49817015987919	529
0.12231199967511	-1.85244962465302	580
0.0739822930373899	-2.4956737265217	580
0.11383525895378	-2.49577305339905	109
-0.0897677898015501	-1.86679926615696	109
0.0394039794855998	-1.46350037835868	779
-0.02013744849814	-1.05650354369188	225
0.0270355994307399	0.91185208358453	295
-0.0408431696173999	-2.14641473857299	91
0.0805778970198601	1.79545725392462	934
0.00421630144689011	-0.533257574041802	27
-0.10912543368636	1.87823811793478	27
-0.0877349962485399	0.872245622421406	529
0.0997204705774202	-1.8179994899606	181
0.10679890354858	-1.80193814775603	580
-0.1096331861298	-1.9112927129165	779
0.0938848422385199	-1.81506554697348	779
-0.10891440544142	-0.473381468271943	295
-0.10873441804189	-1.90193430505721	91
0.0702969419589699	-0.329964161828381	91
-0.10362611246652	-1.8540795705643	935
0.0937163184453502	-2.48115385834695	935
-0.0718395201502098	-2.26218021260162	543
-0.000514537361859802	-0.0570423742668877	27
-0.0923376492241701	-1.83385926985523	27
-0.0138749445860502	-2.13689932316526	27
-0.0333877819087798	-2.19703406146201	247
-0.0618028467315002	-1.7995845085706	27
0.00269773595252021	-1.59642850802822	27
-0.03326121737028	-2.17645227405475	181
0.0911100948792298	-2.48330387778189	529
0.0938242741810198	-2.4719517321878	134
-0.0455962461648398	-2.21393180791808	295
0.104445773632	-1.86259681406584	91
-0.0529266775457402	-2.19717582860469	934
-0.10615030074374	-1.85267706941829	27
0.11321279975696	-0.690846745424978	27
0.0831183644974201	-1.9052211659813	27
-0.11401719434852	-1.51516506378298	27
0.0957424658671502	-2.43974804268925	27
0.0772499907136002	-2.48853356425544	247
-0.02593228865583	-2.1589501862326	284
-0.0557758726815298	-2.2092354831826	181
-0.0905477056954198	-1.88050419366317	181
0.12339820619584	-1.83339217132795	529
0.0810603692204199	-2.47568748510244	580
0.1004276232404	-2.49586601259833	109
-0.0200811827691898	-2.15205040578383	109
0.0766172209287599	-2.49586930731753	109
0.0991382379779102	-2.48389227128482	109
-0.0322309580667199	-2.23077746012145	109
0.0364584877124301	-1.46036469743886	109
-0.0901389626741	-1.77333127716058	779
0.0754597516680202	-1.93547174486179	779
-0.0110603255862798	-2.18924335106812	779
0.0963173815106799	-2.45865565927434	779
-0.0736448991949001	-1.76743972226059	27
0.0910077493827099	-2.47852355315543	91
-0.0613192817752299	-1.78860339017102	934
0.08089441362586	-2.49011511461549	169
-0.0435873750614801	-2.14753682985053	27
-0.03143301977483	-1.13595242277445	27
0.0777642108984802	-2.48295892800962	27
-0.0299761972921999	-2.21948319700127	27
0.10646253447648	-2.48621918965614	27
-0.0422693469433999	-2.1709620746605	580
-0.0328608854026702	-2.22835851641187	109
-0.0470010855757401	-2.25236103827519	779
-0.09154432432259	-1.88930351955287	779
-0.10540597314946	-1.85093637788514	779
0.0979632651531301	-1.81333361369973	451
-0.0569554675462598	-2.25726487420774	295
-0.0213349494486699	-2.14541159808873	295
-0.0448138613009998	-2.2319304263588	91
-0.03683422532171	-2.21369675136163	91
-0.0872106345304999	-1.86184332266999	91
0.0243450157810798	-0.342988432984755	91
0.11470020675419	-1.80168737873204	91
-0.0258458514951601	-2.19012977703007	91
0.01275840253067	-1.52207187715312	91
-0.0695691893844201	-2.29620040007532	91
0.05001134713625	-1.48337007389562	91
0.0784037630618002	-2.47556149459638	91
0.10237063099779	-1.89951436787088	27
0.1058056629147	-2.48465935257731	27
0.11097420022648	-1.81657594788881	27
-0.0348383264161698	-2.24887850766251	247
-0.0303872878198801	-1.14393574820483	27
-0.0330277201460101	-2.18028886144352	27
-0.0686911978254701	-1.78298516903293	27
-0.0402633094430702	-2.15580398496369	181
0.12010179051458	-1.81318311974938	181
-0.0475240421601901	-2.23310161649637	529
-0.0756952979210599	-2.26527183979457	529
-0.0387390962541301	-2.22923363686151	181
0.0910585624275102	-2.49704629030593	580
-0.0124579744996001	-2.17757918743973	109
0.0739822930373899	-2.4956737265217	109
0.10465511345829	-1.92553853148582	779
-0.0105084488926899	-2.13832691714122	451
0.0586401197902	-1.4652434515927	295
0.0283180775462699	-0.371161341039653	91
0.11735775866857	-1.88412588051066	91
0.11739981266957	-1.8004335424283	91
0.0587526347335601	-1.96645806911044	934
-0.00750538008119994	-2.19305652224749	934
0.0598411405606401	-2.49196329806861	934
0.10244046618063	-1.8007360315368	27
0.0558247426210499	-2.02695229877824	27
0.10315889793777	-1.88043328839869	247
-0.0884802695536302	-1.9153980717766	27
-0.0292075021547098	-2.19869382147633	27
-0.10676756784093	-1.39837037522296	181
0.0882254217510199	-2.49576153877729	181
0.0989756128092201	-1.86245576927153	529
0.0810603692204199	-2.47568748510244	181
-0.0374600769796198	-2.17474393659773	134
-0.0245982550332502	-2.16437273288074	109
-0.00591595763749986	-2.17956514885433	109
0.0884168789719202	-2.44332764132859	109
0.0925422459128402	-2.48308555755389	109
-0.05421956426011	-2.24821055796927	109
0.0794319595291002	-1.89402513008826	109
0.0875842252208998	-2.48672103962847	779
-0.01828384234729	-2.21942323776834	779
-0.0368080107885298	-2.15579929586589	779
0.0996930860254199	-2.4756677922417	91
-0.0198686380872801	-2.13861962521641	91
-0.11028722794933	-1.45411813938299	91
-0.10156485740948	-1.85456863878219	935
-0.0232184320392501	-2.18736371435805	27
0.0746135802125099	-2.49627358912943	247
0.0846456319820499	-1.83550124609239	27
-0.11318004116741	-1.90095626793653	181
-0.0717742634988898	-2.29833947964158	181
0.0629632041470201	-0.76731956908641	529
-0.0308141879694599	-2.1470947620431	529
0.0973081361077202	-1.81496517678863	529
0.0971229766401702	-2.47869435104335	580
-0.03697572573894	-2.15684265348429	109
0.08022814827395	-1.94660643478126	779
0.0348350492000602	-1.54863475428746	779
0.10295244624503	-1.86027293039314	451
-0.0876037669184502	-1.81599127055802	295
-0.0329772052050501	-1.08069060384975	295
0.0823728670930799	-2.4996525041428	295
-0.0422003810504501	-2.2345121824316	295
-0.0606516914566302	-2.21801121390543	27
0.0790980886830699	-2.45086308687895	91
-0.0197835140597999	-1.11008039444362	935
0.0784496073482899	-1.89311044688329	27
0.0880178505037099	-1.86780524699532	27
0.10387761235042	-2.49077693327009	27
-0.0261892899604401	-2.19616307054199	247
0.00313748462669006	-1.07291547804366	247
-0.0521129591263798	-2.23286046487715	27
-0.05955006795483	-2.22580821568114	27
0.1238229243255	-1.16055530396841	27
0.01558505485171	-1.65700102051691	181
-0.0514304920661699	-2.2898063741007	181
0.0938242741810198	-2.4719517321878	284
-0.11169709400946	-1.85628842541447	529
-0.0251957615089	-2.16030687912385	580
-0.0704476168958701	-1.85233207303726	779
0.0977431642028499	-1.8679464657338	295
-0.0266805073507199	-2.19551346723715	935
-0.06153497281043	-1.85704843796231	91
0.0797128303139201	-2.48782982721447	934
-0.0159950151807098	-1.12170604243634	169
0.0284284435334601	-1.49920434986871	169
0.07803355516138	-1.83912158831783	27
-0.0364563230292601	-2.15804615336533	27
0.0944657755380498	-2.48646451351438	27
-0.0233567504184999	-0.639707043205823	247
-0.0512637347409002	-1.80142971944713	27
-0.0320104427299901	-2.18198234336202	27
0.00205635169939011	-1.04588307260052	181
0.0772499907136002	-2.48853356425544	134
0.10440810878611	-2.4891474652302	109
0.11155822546155	-1.81761665665498	109
-0.0228509068142202	-1.05131027521816	109
0.0766172209287599	-2.49586930731753	779
0.0997029425932401	-2.448346270503	295
-0.02593228865583	-2.1589501862326	295
0.0590106387542702	-1.92271152336864	295
0.1020366805993	-1.91963709178875	935
0.0970544708455101	-2.45276337204229	934
0.08736675787629	-1.87935270699585	27
-0.000117440969079841	0.200807238699638	169
0.0851932235694801	-0.738739177717694	169
-0.10178357881301	-1.84634000740838	247
-0.0636126374408099	-0.836896175732301	27
-0.10565367414663	-1.91518247215395	181
0.0811839693458101	-1.85099769179017	284
0.09950870763209	-1.85068709248288	529
-0.04807864852053	-2.23554121923291	181
-0.0360828641827	-2.16250228606346	580
0.10294655366149	-1.82889336922044	109
0.0876593421717602	-2.49736135136548	109
0.0812399822557399	-2.49026193274092	109
-0.0910561481146601	-1.85253858200014	779
0.0778830781319302	-2.49769646651277	27
0.0873156699726301	-0.689436039855151	91
-0.0422909589227598	-0.139763262198596	91
-0.0233491761588001	-2.13785314657728	91
-0.0533416416495398	-2.18720057851363	934
0.11038573040259	-1.91937082084262	934
0.05574250903011	1.06602009749426	934
0.0889199975536399	1.08384440410364	169
-0.0588320350961999	-2.26171277857329	169
-0.0400801287431198	-2.20502711532889	169
0.08303237918234	-1.93918643706588	27
-0.00421215921568985	-1.61277917316715	247
0.10910009662861	-1.91553258021956	27
0.0585146558663201	-0.888117187158778	529
0.10177121674837	-1.85447452999206	181
0.0838826916687401	-2.47815517295772	134
0.0818461402288402	-1.90714496642816	109
-0.12210948156765	-1.90491199948449	109
0.0904004344701299	-2.47312143037691	779
-0.0552017520627501	-1.76694723236936	779
0.0758751281369801	-0.719842292592001	779
-0.00568627642799013	-0.523481789855419	779
-0.0314390535978801	-2.21425403090616	779
0.10267057926663	-1.89905378162646	295
-0.04986069555506	-1.13383530962103	91
-0.10960737155398	-1.39871445650119	91
-0.0328910982360702	-1.15291761475252	91
-0.05180783664103	-2.24548041735662	91
-0.0946756126591901	-1.85600346690867	91
-0.0312802534239802	-2.17397751661212	934
-0.0232610345038902	-2.16619253933674	169
0.1148360313685	-1.16710539910153	169
-0.11607999927318	-1.49917998777635	169
-0.0781480663688199	-1.82565114885834	169
-0.0804649900788799	-0.276886037209354	169
-0.0190172178689401	-2.19833891768327	27
-0.0439976658945098	-0.872219453423531	27
0.0414816168710299	-1.39462663210344	246
-0.0197677535637601	-1.1966115687378	27
-0.10839239854155	-1.88576823194505	27
-0.11394413671464	-1.43094205869136	27
0.12039515955478	-1.83231515709145	27
-0.0308141879694599	-2.1470947620431	181
0.11147253805786	-1.79581012956806	181
0.0808968245949102	-2.49528936420283	268
-0.0950873324569401	-1.8839992531914	134
-0.0435873750614801	-2.14753682985053	109
-0.12452796978038	-1.93405347608246	779
0.10788456184254	-1.84066587434472	779
0.0985273443427102	-1.82400903365375	779
-0.00970734486184988	-1.06209394701105	779
-0.0533416416495398	-2.18720057851363	451
-0.03212296636254	-1.12536685656155	91
-0.0583579076904499	-2.23026030864379	934
-0.0402633094430702	-2.15580398496369	169
0.0812405830679799	-1.85057368202023	169
-0.0725902815511899	-1.86579845139639	27
0.0826545549837698	-1.83681192601965	109
-0.03225576649726	-2.16465946471793	779
-0.1074906317799	-1.91460985364543	779
0.0890895765628401	-2.49368174793041	779
-0.0679217859804502	-0.768376166464922	91
0.0446825847783399	-0.873507458511203	91
0.0796561063528798	-2.47312215027564	91
-0.0344123925695898	-1.2208997245428	91
-0.0514589870073698	-2.26477474044817	91
-0.0121958702550198	-1.11034850838083	27
0.0142226171309798	-1.60453575508663	169
0.0225964193403501	-1.48314094591504	169
-0.0305496780684198	-2.17532947517622	169
-0.0359126726021399	-2.21135841403978	27
-0.0374600769796198	-2.17474393659773	779
0.0424768890912901	-1.45452627484458	91
-0.0982401083909399	-1.89626687059586	91
-0.0442916093414398	-2.23305176021343	91
0.0871658340110502	-2.4795590915426	936
-0.0558327188143499	-2.20330900125506	936
0.0298880568523598	-1.46571079832174	169
-0.0622354150120699	-2.26001675382214	27
0.0242334745066999	-1.46594025643082	169
0.08303237918234	-1.93918643706588	169
-0.0386347013839901	-2.22039465824492	27
-0.0901724458725002	-1.81725550816528	27
-0.0154076979920901	-0.597764265157908	27
-0.0535915701066201	-2.19943166000391	27
0.0905314960448602	-2.47493308986661	27
-0.03913443386358	-1.2573326543356	27
-0.05030363790988	-2.27182505572629	529
0.0931830977369601	-2.47072312821822	181
-0.02460141741162	-2.1623924877834	109
0.0964799636903	-2.47206031564754	109
0.0667698715707799	-0.781536459256619	295
0.0177395140263901	-1.50309672746339	91
0.0817702186717502	-2.48704153967841	91
0.0817508962160201	-2.44658111534611	91
0.0996554635573199	-2.48350163070549	91
0.0838826916687401	-2.47815517295772	935
-0.0963624357046999	-1.82513111865328	935
0.10387761235042	-2.49077693327009	934
0.07093721219838	-1.89581011838217	934
0.0230231391326599	-1.43122527414356	169
-0.0775025748103699	-1.80014540309978	169
0.12468532651911	-1.09940674679003	169
-0.0618460801427099	-2.26271433392236	169
0.0760530980149099	-1.95517407540645	27
0.0378327256916302	-1.40323052666934	27
-0.11436809151886	-1.40175271530799	181
0.09712757210862	-1.87215040316643	181
-0.09554310147815	-0.867722323753155	529
0.07976030936657	-0.673461471153724	109
0.0944167867896399	-1.8539727079592	109
0.0739822930373899	-2.4956737265217	109
0.11178370212203	-2.43833667978551	109
0.11787148057003	-1.79548550188525	109
-0.0398843269881302	-2.25844761580492	109
-0.0347227963403398	-2.17412052512837	109
-0.0759282579814098	-1.79236454149246	109
-0.11564139150553	-0.105155331463227	779
-0.0882185916728799	-1.79609039190788	779
-0.05894240458161	-1.23897021974501	779
0.0517870482390301	-1.49928426032054	779
-0.0308306315373401	-1.15712753276426	779
0.11493233091619	-1.80092392987114	295
-0.0832084192585199	-2.35705971089011	295
0.11881613330682	-1.85012047531397	91
-0.122641069929	-1.15473066297586	91
0.00436626290396003	-1.57985272192859	91
0.0760899581910701	-1.92836043776029	91
0.0911711663547199	-2.48406242528817	91
0.10903241158093	-1.87674601936521	935
-0.0199019342922599	-2.20306250671676	936
0.0898151818946098	-2.48647572579016	936
0.0915549882414002	-1.97038510549256	169
0.00701233696026016	0.807356749437704	169
-0.12356324021821	-1.51059578751072	27
-0.0548800299605401	-2.27257434898881	27
-0.0435627133252701	-2.24181963527617	246
0.11106349688817	-1.84758428036933	27
-0.0252590209990999	-1.12222247231317	27
0.0119647560213298	-1.51475647763805	181
-0.07643777166827	-0.253058135116547	181
0.0134159439679702	-1.57856756877249	181
0.09405717060582	-1.81458537505591	529
-0.11436502126559	-0.458040343267976	529
0.0399968254807601	-0.803672047624065	181
0.08450500196414	-1.89220404764445	109
-0.0319357150212198	-2.21237496235089	109
0.0239374232090901	-1.06974847741743	779
0.11878184147211	-1.26849736551021	779
-0.0745588430217801	1.53003712708823	389
-0.12060179255592	-1.84959474782865	66
-0.0335509100703	-2.14765544164627	27
0.0713097217829999	-1.90698100542275	91
-0.10058774324158	-1.83720775525701	91
-0.0285885769795899	-1.10235668603347	91
0.0811111107486	-1.90676096728434	935
0.0963173815106799	-2.45865565927434	169
0.0999103841891702	-1.81743635350095	169
0.00156454396404992	-1.59072000451588	169
-0.0495273229450501	-2.20410905311983	27
-0.01778433922787	-2.21835659853422	247
-0.0965923923297001	-2.32126941918791	181
0.0704022786851799	-2.49815454933227	109
0.0803848164007501	-0.987483983161178	779
0.0200842180960099	-1.44298923216644	779
-0.0489639439920002	-2.18161966593927	389
-0.0577807169632201	0.980945803184301	389
-0.0155209687452502	1.97594420227579	389
-0.03298348034135	-2.14967091062568	915
0.0851194518277798	-2.48195711104938	295
0.0804193139940002	-2.4881132356616	91
0.03222312682249	-1.59448468391167	169
-0.04292644960984	-2.20395951957048	169
-0.04946776148229	-2.2210765623925	169
0.10631140956036	-1.81320313427133	169
-0.0424600677650999	-2.17209557134337	169
0.0458369477493199	-0.925190709713552	27
0.0453448798699299	-1.54750023012603	27
0.1077647169888	-1.85955452654863	181
0.0746135802125099	-2.49627358912943	109
0.0970394314194101	-1.82255820942649	109
-0.0578462698092999	-0.14633212995231	779
-0.10652517077904	-1.91607664226865	779
0.0871658340110502	-2.4795590915426	779
-0.07744850974882	-0.313499806260691	295
-0.03683422532171	-2.21369675136163	295
-0.00507139311867011	-1.56396144351055	91
0.0917202215853798	-2.43139632136004	91
0.0817702186717502	-2.48704153967841	91
0.11371895322399	-1.84767593811037	91
-0.0636411324388502	-1.85353464279669	936
-0.0120295759805802	-1.08773458139112	169
-0.0148457504519	-1.06496626616715	169
-0.09633793636129	-1.87923473327952	169
0.0908971530363698	-1.84212829454104	169
0.11360604993724	-1.19176024955211	181
-0.0727656716338001	0.364228119228219	529
0.0301852444272202	-1.5416048214054	109
0.0904548721823399	-2.49307386261423	109
0.10440810878611	-2.4891474652302	109
0.11915723260609	-1.16186511372639	779
-0.0820699686661399	-2.32095406747834	915
0.07694386216613	-2.47938079770129	91
0.0136570451858198	-0.376676582327697	91
0.0961132758253598	-1.81561457356539	91
-0.06891497448775	-1.80377241841228	91
-0.08756280192351	-1.77631572548806	91
-0.03138352968918	-2.13748484111153	91
-0.0918602848571002	0.905407070741501	169
-0.0369078727594099	1.13499089038014	169
-0.12024943008341	-1.51319578982923	169
0.0739822930373899	-2.4956737265217	27
0.0856832148156399	-2.44046585085981	247
0.08371955999471	-2.48765268842386	27
-0.0427931335383498	-2.18536018437617	181
0.0746135802125099	-2.49627358912943	181
0.0713747650741099	-0.760774047121927	181
0.12460032327371	-1.78660318054663	181
0.0763684117930898	-2.4591369448698	181
-0.0627870305902301	-2.28305199127265	109
-0.0244020049143701	-2.20631688506645	109
-0.0622290502660499	-0.0999258362776247	779
0.0376701871882501	1.57017300375749	779
-0.11851497044957	-0.435391133352906	779
-0.10873351351979	-1.95152620555813	779
0.0871658340110502	-2.4795590915426	109
-0.0729542485053201	-2.3086660837032	295
0.0122744606001199	-1.55923081372058	295
0.0797128303139201	-2.48782982721447	27
0.0778412094330698	-1.89512526748534	27
-0.08569425968098	-0.8531958791667	91
0.0281936643852299	-1.60299847365317	91
-0.0548329098506799	-2.25347020705934	91
0.00343132932270995	-0.459576588580154	935
-0.0901699984150901	-1.38494298879588	935
-0.04643611420929	-2.17877362201793	935
0.0829567835492102	-2.4971592702654	169
-0.0546949327851198	-2.28210502775369	935
0.02676358004625	-1.53947093782427	169
-0.0430657014595202	-1.11973629445424	169
-0.0986454828778101	-1.88871445156803	169
-0.06643181549873	-0.802995624666619	169
0.1236880645941	0.117312233024982	169
-0.0430393484281999	-2.27506030231113	27
-0.05040052679928	-2.18020199323023	27
0.0978711236355601	-1.87907276185605	27
0.10509896223585	-1.85469404816466	27
0.02362115741919	-1.51690353670659	27
-0.0759282579814098	-1.79236454149246	27
0.0963844169588302	-1.87675307224071	181
0.0405360723288299	-1.49575605353777	181
-0.0295637378931199	-2.15830715548861	181
-0.0130050809751201	-0.629879311588038	181
-0.08707714735651	0.342706057659782	529
-0.0915585569639199	-1.82532373529506	181
-0.00420457617045988	-1.0918090439308	181
-0.0155580672707401	-2.20265961215622	109
-0.0178568200465898	-2.14522804917041	134
0.0885329843133902	-1.84096707357404	779
0.05384567241869	-0.936763793997092	779
-0.0489639439920002	-2.18161966593927	295
0.0492555639379302	-0.907865344100476	295
-0.1001903572685	-0.825264280834038	91
0.0878387244711698	-1.8617018511694	91
0.01815233461237	-1.50184451694717	91
0.11319039098665	-1.16680167366575	91
0.01208799052998	-1.52222124522098	91
-0.0214957438216201	-1.10782894758364	91
-0.05383422549999	-2.21764252531052	91
-0.0379114204342601	-2.25956167366509	936
-0.0872799545715099	-0.852000104087646	936
0.0437864544758799	-1.51121914711039	169
-0.0665595482560399	-0.180543927051488	169
0.0876119643950499	2.05448310628255	169
0.11481956106832	0.802374804527883	169
0.0491574857453498	0.331207982463576	169
-0.0602677276677701	-2.21671681431048	169
0.00681038017058988	0.05177330146996	169
-0.00160742211512988	-1.08656889945093	169
-0.00218002074148993	-0.489629212050216	27
0.0964799636903	-2.47206031564754	246
0.09072713660309	-1.80376189280157	246
-0.10615030074374	-1.85267706941829	27
0.08013395411685	-0.819600247159507	27
0.0128714420127398	-1.55203127483236	27
0.10855832761034	-1.81602584310216	284
-0.0952710724666099	-0.796986042928709	181
-0.09095691874926	-1.8220549857688	181
0.0394289564323298	-1.40608714109734	109
0.0717517170855002	-2.48605808524397	109
-0.0122402066485301	-1.1164717406027	779
0.0802680607242401	-1.91719528556237	779
0.0655595056257599	-0.780182178263457	779
-0.1032689094015	-1.90283292515708	27
-0.11278638574643	-1.87387793352959	91
0.0156636618989401	0.0929772901686929	91
0.119999322301	0.81011983454514	91
-0.0987874761658301	-1.84394967989081	91
0.0745891505035101	-1.92211891845126	91
0.0779547260707201	-0.779361142239058	91
-0.04942410991959	-2.21399434284434	935
0.0778830781319302	-2.49769646651277	936
-0.0462408148731099	-2.17230261010823	935
-0.12102884117153	-1.42980838539593	169
0.0666472854647	-0.747231528706752	169
0.0751664272272201	-0.200593251146879	169
0.0566861897097799	-0.761023599145349	169
-0.0747684499280701	-2.31470010068518	169
-0.10313067303989	-1.85560162578643	169
-0.0129986073465802	-1.11957427843159	169
-0.09683150948173	-0.914298580367301	169
0.12203984966129	-1.21124374076523	169
0.11103380729405	-1.85404381062423	169
-0.0477784585254302	-2.1604670793592	27
0.0928999940413	-1.84552363904711	27
-0.0181752869904299	-2.1629237493592	246
0.08589042419334	-2.49068087092725	27
0.0634230299366401	-0.782335388955121	247
0.10398045037025	-1.84559949119872	27
0.0240048133248401	-1.49493964588005	181
-0.0223092146743	-1.04007800273245	181
0.0492044725530199	-1.4552371786848	181
-0.0919793486075502	-1.87572438871354	181
0.0842967796664502	-0.822357630807256	529
-0.00917123644055007	-1.61558671212377	529
0.0675453970393098	-1.94953108632991	529
0.0976060874728599	-1.87104634703105	181
-0.0795772361643699	-1.79555809602708	181
0.11371895322399	-1.84767593811037	181
-0.0662972020352401	-0.709692739362228	109
-0.0521017858867201	-2.24366292888544	109
0.10570502631871	-2.4467604139362	109
-0.0624692786022001	-2.22194757976064	18
-0.00194929728866988	-1.62373879106662	18
-0.12310800270203	-1.42764337836948	779
-0.10428376247619	-1.88325778428451	779
0.09140455048925	-0.139507904531591	779
0.0200842180960099	-1.44298923216644	295
0.0679075054112301	-0.719460045504677	91
-0.1169440501069	-1.45666219350377	91
-0.04942410991959	-2.21399434284434	91
0.0152563229137299	0.202339701677734	91
0.10446384108028	-2.47201426268204	91
-0.0647514090490602	-2.29518104150049	935
0.0578364607241602	-2.02935522384889	169
0.10810761330102	0.686578125153121	169
0.0103724704108599	-0.517367471814742	169
-0.11649454169788	-1.43947762094227	169
0.00913554721716014	-1.49686732899143	169
0.0841385936997701	-1.82331388473782	169
0.0607963376135201	-1.91313287915619	169
0.0904672738078398	-1.83025412279051	169
0.0115052880984901	-1.45741436657283	169
0.0956732770995301	-2.43972625783296	246
0.0878824688372801	-2.49016236725721	247
-0.0800787147154298	-1.82161367928539	247
-0.11344712676607	-1.95621100584269	181
-0.0901409855081301	-1.89178473769158	181
0.12104435994727	-1.8113077227095	181
0.06582705918759	-2.4698052428152	181
-0.10570236060677	-1.86702778177912	181
0.0898921490196001	-2.48226994246331	134
0.10849159573354	-2.49300248502656	109
0.02521130649352	-1.53434920954737	109
0.10299315789337	-1.89981695085179	109
0.10780895383565	-1.79971820068024	109
0.11556091983294	-1.23890629666175	109
-0.0495805204401298	-1.13618241627101	779
-0.0806986823398201	-1.86807767576745	779
0.0944657755380498	-2.48646451351438	295
-0.11015621869983	-1.4573855291374	91
-0.11011909688213	-0.445698956856252	91
-0.0788673547003498	-1.89433981554159	91
0.0823877047069899	-2.43896340583532	91
0.0832466433397601	-2.48551371399824	91
0.11436402706975	-1.19793596444571	935
-0.07630147092252	-1.86857977303706	169
-0.0953124030738399	-1.87583083253881	169
0.0630150199992801	-0.911137699604434	169
0.0865279682182498	-2.47832253878317	169
-0.0831214357346202	-0.929371910425447	169
-0.0556324322117798	-1.2227571600339	169
0.0977853280389298	-0.731419201688222	27
0.0504302016833802	-0.288586403918726	181
0.1063901820473	-1.8195578210821	109
-0.0347227963403398	-2.17412052512837	109
0.05054040302148	-1.52156331496738	109
-0.01559035036576	-1.09570473070983	779
-0.0441721793673402	-2.18295220150543	779
0.10299107391872	-2.48461178104614	779
-0.11767204218114	-1.46900471333977	295
-0.09915376105132	-0.934601063025527	27
0.0871658340110502	-2.4795590915426	27
-0.0325298499490598	-2.19510364520227	91
-0.1141461640129	-1.3834831379062	91
0.0864239209557698	-0.204444507409893	91
0.0782900260083301	-2.49152881949617	91
-0.0668346733747498	-0.24939807079126	91
0.07997345421875	-1.83217892098204	91
-0.0027406306628599	-1.10171527198794	91
0.11957524889053	0.739748778850188	91
0.0327122228610599	-0.425691379580563	91
0.10173106568462	-2.42903545917119	91
-0.0911238315831899	-1.43562143639736	91
-0.11961993326742	-1.98827684138093	91
-0.0812434465463898	-1.80669294107827	91
0.0461857912712298	-0.793106109758293	91
-0.11581265645599	-1.41999307831858	91
0.0691040114994501	-2.49388332471933	229
-0.0911250135356498	-1.89929927954041	169
0.00413497081492009	-1.57380967747449	169
0.0227548194192599	-1.50369682145544	169
-0.00486639296074998	-0.540815973375413	529
0.0746135802125099	-2.49627358912943	529
-0.0582704434799699	-2.23571995088152	529
0.0724545457486201	-2.456978484269	529
-0.0827822873903301	-1.85558772859341	109
-0.05314592910287	-2.19841602810536	109
0.0364419485323002	-1.46790318304776	779
-0.0799302099507901	-0.284803872146164	779
-0.03673099331521	-2.17572725869156	779
0.0321548094974902	2.31763652418967	624
0.03526470583521	-1.49251124047151	295
-0.0726350401713698	-0.722042961736004	91
0.0429594611063902	-0.79901003370632	91
-0.0671712572061001	0.340520340984011	91
-0.0071936531465	-1.66376964412764	91
0.0997882057980601	-2.49025338952636	91
-0.00777322635885014	-2.14616129629378	91
-0.0978910504370201	-1.83066125607932	91
0.0600956138705802	-0.920329542417258	91
-0.03135778193047	-1.14191908574533	91
0.0654457988546899	-1.002518703918	91
0.0737189506653802	-2.48897804787624	935
0.0284518863907102	-1.56103629029613	935
-0.0509021184076399	-2.26421804469563	169
0.00472912492308009	-0.43537281934031	169
0.0948216567893398	0.599835317621981	169
-0.0757166301754699	-1.83006407770008	169
-0.0522352600264902	-2.2098635879634	169
0.06766992244741	-0.0613743166311664	169
0.00784709633007985	-1.53089232433192	169
-0.06968040960406	-0.166625285396162	169
-0.00924052901250016	0.133167508644936	169
0.1034243274765	-1.8640824191818	27
0.10380731242849	-2.47489389264438	27
-0.0729757163629898	-2.27120726059936	181
-0.1238214272899	-1.51730114472644	181
-0.11941453298067	-0.0138746973689736	181
-0.0586340772764098	-0.884517754099406	181
0.0108440172259399	-0.529794876909225	529
-0.0509251618192801	-2.22735565312307	529
0.10041175240685	-1.89862582371585	529
0.12313869421281	0.0911100143607975	529
0.09658023049959	-1.79090049191759	109
-0.0279346677013201	-2.20410450633548	134
-0.1120642502523	-1.87587063248473	109
0.11938235310992	-0.0761195037205757	779
-0.02409402708565	-1.29487208678083	779
0.0739858309538	-1.88651187566991	295
-0.0049285566642201	-0.0555011915501238	91
-0.0230666048708899	-1.70707095720225	91
-0.08853319776353	-1.76534821528794	91
-0.0407138292946501	-2.18281610664916	91
-0.0904311033218499	-1.84074148147605	91
-0.0388653730375599	-2.22336905209675	91
-0.0708083669291599	-1.85563148734569	91
0.1179261313529	-1.19441161807268	169
-0.0461629964399402	-1.14564176171225	169
-0.0111655932602202	-1.05634330488308	27
-0.0233491761588001	-2.13785314657728	181
0.0730865899656599	-2.45761583877298	529
0.0239752403549698	-1.44503938989399	779
0.0925422459128402	-2.48308555755389	915
0.0669762290949501	-2.49715500014796	915
0.10927761970737	-1.81971708267339	27
0.0361341697508699	-1.53690479310942	91
-0.0350756683502298	-1.24081897167569	91
-0.0671146460373202	0.425179974179807	91
0.0838826916687401	-2.47815517295772	91
-0.0759650689322	-0.176092511071829	169
0.0823877047069899	-2.43896340583532	169
0.0844062822575902	-2.4519705763129	169
0.06846924328539	-2.4932774389664	169
0.08451906044324	-2.48733332953245	169
-0.07416799608123	-1.84659501072183	169
-0.0714788877992101	-0.847993761368933	169
0.0904548721823399	-2.49307386261423	27
0.06582705918759	-2.4698052428152	181
0.0128411218870101	0.730313085941656	529
0.10751252241793	0.749919220261353	529
0.0786970356397498	-1.86952756851203	529
-0.0756289579102099	-0.718048402997089	181
0.12461498061012	-1.21171900692367	109
-0.10044335743765	-1.02911122461803	109
-0.0204459238501902	0.505757690444405	109
-0.04581297699995	0.460049263221217	109
-0.09764643839193	-0.491529554952942	109
0.0831293105087001	-0.835444485158875	109
0.0905709648114499	1.22967841451017	779
-0.0236127297432902	-1.13942820770622	779
-0.0750482320646002	0.839135823334593	779
-0.10796926024821	-1.85637996797999	451
0.0560112428361901	-0.794454571495759	91
0.04994367945514	-0.8445841875431	91
-0.0188905608616401	-0.57897378190903	91
0.0605565083309201	-0.786014100858658	169
-0.00573250429172001	-0.436899971038924	169
-0.0427964511666001	-2.210658086833	169
0.11172352456667	0.690781526645803	27
0.0277370480619901	-1.54689775087466	181
-0.0536700932334702	0.316468051125129	181
-0.0435750078094999	-1.27018202822283	181
-0.10754028407944	-1.84573396527157	529
0.10322849177576	-1.83413322359858	181
0.02466299262433	0.247829644562867	109
0.0560748759282101	-1.43174362875656	109
0.00195409775421984	1.75856639747121	109
-0.0617019290869001	-2.26040487031289	109
-0.00344226001621006	-1.55928472146599	109
-0.0339814762498101	-2.23652691976828	779
-0.0647514090490602	-2.29518104150049	27
0.0391049689851002	-0.885813609146436	91
-0.0531179747140502	-2.18593289091116	91
0.0387275878931699	-1.44478178445905	91
-0.0463288386396199	-2.1618949727536	91
0.10369891021517	-1.85564021384722	91
0.05625736745667	-0.740201485045612	91
-0.000355033599490184	0.0698675244282256	91
0.0910466581196401	-2.46929405939458	91
0.12450473737268	-1.80259681122651	91
-0.0572503319750601	0.399924024562718	169
-0.08428127558168	0.291465321603324	169
-0.0259513279498602	-2.19644615616091	169
0.07971462396966	-1.92326585113458	169
0.12105066439093	-1.23085540347287	169
0.0931830977369601	-2.47072312821822	169
0.0418435391964098	-1.41096405885034	169
-0.0756926540406502	-0.270917345721732	169
0.00610441800845996	-0.456767408869352	27
-0.0248116750019198	-2.15920950510931	27
0.0823877047069899	-2.43896340583532	246
-0.0448975516168701	-2.19597203116093	246
0.11318049223281	-2.47711181513506	27
0.0452687862825201	-0.260428615151397	529
-0.0797651481496602	0.124005079412003	529
0.0211168226857801	-1.49723276956767	529
0.10733178681065	-1.89860367571061	181
-0.0827389224617501	-0.749122267648032	779
-0.10270124245215	-1.83596511178776	779
-0.10575667868406	-1.88892692400162	915
0.07846309194285	-2.48214755596272	91
0.07644785654416	-2.46653536193763	91
-0.0469005484673399	-2.18876076369694	91
0.07897037804663	-2.49186901288429	169
0.0664558518585099	-2.47044431513026	27
-0.0412325334454899	-1.17624874705179	27
-0.0187453621434299	-1.17456725220691	181
0.06289631639038	-0.788897965076005	181
0.0948164323047802	-1.88134883337829	284
0.01795628144004	-1.47416893905218	529
0.0739858309538	-1.88651187566991	529
-0.0459143008643301	-2.23811583299428	583
0.0944167867896399	-1.8539727079592	779
-0.12329585741902	-1.48365027267102	295
-0.0889874513120601	-1.86758709815015	91
0.11281190890118	-1.12687499340507	91
-0.04292644960984	-2.20395951957048	91
-0.12038445934048	-1.98945946038273	169
-0.0132062704394	-2.21141060976536	169
0.0793163321785899	-0.788157332751897	169
0.10512017849244	-2.44233126929451	169
0.0904004344701299	-2.47312143037691	246
-0.0701021128100101	-0.886308946796532	246
-0.06982407614325	-2.30862699303981	181
-0.0489386657314199	-2.24656142729333	181
0.119816919624	-1.78361550561173	529
0.10316095636086	-2.46829447350059	583
0.0707369178734099	-1.8546947265117	511
0.0778830781319302	-2.49769646651277	18
-0.0915585569639199	-1.82532373529506	513
-0.0665858242224902	-2.31787433350273	936
0.0751010381070301	-2.4572114678167	229
0.0850719395980399	-2.47226328894183	169
0.00228991190164995	-1.62631499970938	169
0.10463347496202	-1.88119773045921	169
-0.0577337193246401	-2.18745108427381	169
-0.0730518896318202	-2.25329181475211	27
0.12325856011154	-2.4754627139618	181
0.11992825197378	-1.82005493188894	181
0.0590559916525701	-1.42327428899796	181
0.09924609098957	-1.83681151220111	181
0.00102199571146011	-2.16574147011776	181
-0.0515914283785799	-2.21130830862222	181
-0.0307034089536198	-2.22054296429492	181
-0.0521108993256298	-1.1578674298644	181
-0.08293549200845	-1.76479494659456	583
0.10374953909909	-1.2923176087915	109
-0.0508611562903001	-2.25430436733981	109
0.0986150719287999	-1.89886930983731	109
-0.00168400428656001	-0.498401403742723	91
-0.10241172675869	-1.80671857859702	91
-0.1094576056749	-1.90864564439401	91
0.0876821605256399	-2.49584310350551	935
0.10129083413837	-1.89691023428711	27
0.0883795970132102	-2.46922712879491	27
0.0273431399350801	-1.48726851032368	27
0.10985820927786	-2.47487575412545	440
0.0763684117930898	-2.4591369448698	181
0.0723882955083099	-2.49527763950546	109
-0.0404546360573299	-1.28964324049261	109
0.0672236640544202	-1.95917331548806	915
0.0817508962160201	-2.44658111534611	295
0.0905314960448602	-2.47493308986661	91
0.0918663843453502	-1.84590651421958	513
-0.0443138766455302	-2.1464975003793	91
-0.0645501959078301	-2.34072845539034	169
-0.0830768918654599	-1.80046962095388	169
-0.1195257521449	-0.513775595886691	169
0.0917890625116899	-1.88836234944539	440
0.0664558518585099	-2.47044431513026	181
-0.08774712435484	-1.77243190231091	181
-0.11914743520771	-1.93619844547273	181
-0.0534201827958198	-2.24414745769491	181
0.0979475403369499	-1.9910020522532	109
0.0582981440712702	-0.762062339320321	91
0.0850719395980399	-2.47226328894183	169
0.11870514267956	-1.77416602628439	169
-0.00828260615889986	-1.01977742572649	169
0.0870905124205801	-2.48041644800057	246
0.0803185024700701	-2.49080471544045	181
-0.0920005476308701	-1.80330943648259	181
0.11178370212203	-2.43833667978551	109
0.0813633044614099	-1.89144684650678	91
0.11636342068828	-1.79306782021297	246
-0.0462242623660898	-1.10554057557304	27
0.0823434533405298	-2.49154999850451	440
0.11383208003506	-2.48740922973683	284
0.0746135802125099	-2.49627358912943	181
0.0823877047069899	-2.43896340583532	181
-0.0268843850146299	-2.20174429481851	583
-0.0974878941640198	-1.7849783422228	295
-0.0480966921612902	-2.25806640848832	91
-0.0788584042945799	-2.32420524910359	91
-0.0214957438216201	-1.10782894758364	91
-0.07866856457085	-1.809490828222	91
-0.0670629358405801	-1.86115643974692	169
-0.00292732374659987	-1.13296705689002	169
-0.0858761333954101	-1.82197603566011	246
0.0864282063266599	-1.90492123416628	246
0.0857151320107201	-2.48145021622951	246
0.0938242741810198	-2.4719517321878	27
0.10295244624503	-1.86027293039314	440
0.0838826916687401	-2.47815517295772	440
-0.0530700153173398	-2.22547661260569	181
0.0950294993971901	-2.43282968817119	109
0.0877040561506299	-2.45157974867692	109
0.0865279682182498	-2.47832253878317	109
0.11221594454531	-1.85504408296289	109
0.0688501690160499	-0.677398874330328	295
-0.00228801417816982	-2.16387624470909	91
0.0878040218609302	-2.494082888995	513
0.0886843090533098	-1.84059112014179	936
-0.10417322251743	-1.90517697170484	229
0.0871658340110502	-2.4795590915426	169
0.0766900741396102	-1.94425680265247	169
-0.0375578072614098	-2.24916050470305	246
-0.0265024331190902	-2.24566894768765	181
0.0856832148156399	-2.44046585085981	18
0.03682242636209	-1.46592703132289	109
-0.00869793956597009	-1.57052550098303	237
-0.06653954865414	-1.80679791255574	91
-0.0912110976655298	-1.82082038142378	169
0.08878202693636	-1.86038934938533	169
0.0885545656109699	-1.90378981546138	169
0.0717517170855002	-2.48605808524397	246
0.0944657755380498	-2.48646451351438	27
-0.0655332484470201	-1.8130199734807	440
0.0730865899656599	-2.45761583877298	181
0.10844893397094	-2.43597236323804	109
0.0751116852148299	-2.48718294085976	18
-0.1146352920928	-1.87618316388261	334
0.0929366198081398	-2.48743912586792	229
0.0872446225124701	-2.48958691623366	229
0.03668671321544	-0.879282693957228	169
-0.04995269333623	-2.20722240587604	169
0.0838826916687401	-2.47815517295772	27
-0.00711026003263982	-2.1973217158676	27
0.09358083725698	-2.48365243793962	583
0.0824115770098	-2.48762288211759	583
-0.12257762420001	-0.501735531869245	334
0.0916497100904099	-2.48014107946465	91
-0.0912368702984998	-1.8237205987245	91
0.0883441856327298	-2.4476702476166	229
0.0751116852148299	-2.48718294085976	229
0.0673550062529298	-1.94993025968541	169
0.0784037630618002	-2.47556149459638	229
0.0702711605142699	-2.48991639016919	169
-0.04875002342638	-2.23003433319037	169
0.0933145267631499	-1.82911462017491	169
-0.0844285713260202	-1.81506280221932	246
0.0388576035719201	-1.46954948484656	716
0.0957424658671502	-2.43974804268925	27
-0.0218830256902902	-2.17218419529916	181
0.11589157013141	-1.79736068331887	583
-0.0737429041005302	-0.795563060502797	334
-0.11351813159976	-1.83564662171937	295
0.0826414170891101	-0.743773439127914	295
0.0944657755380498	-2.48646451351438	91
0.0732571236140198	-1.95365545739745	91
-0.11001631733566	-1.50624630444951	229
-0.07213906705516	-1.80248034891928	169
0.0429399008900599	-1.47813358781742	169
-0.05506525261075	-2.24736299475598	169
-0.01150060417267	-2.21181335793239	716
-0.0435873750614801	-2.14753682985053	440
-0.0428604927714802	-2.16271155834673	181
-0.0849837709450401	-1.84782794042484	181
-0.0272058071914199	-2.1962474652231	181
0.0746135802125099	-2.49627358912943	583
0.0930685729627601	-2.48856547432796	109
0.0838826916687401	-2.47815517295772	109
-0.0469607804704602	-2.17127940446763	18
0.0744019968035898	-2.49303301680553	511
0.08170174890502	-2.47693675561169	612
0.0907154394758498	-1.93941220972178	295
-0.0498938918594001	-2.17349807968302	295
-0.0805335192220098	-0.803785257947248	295
0.01041693232346	-1.56868065227024	91
-0.0988536829692599	-1.97451779126456	91
0.0766172209287599	-2.49586930731753	229
0.0363891461860399	-1.43415384564443	169
0.0196666874142402	-1.09420986445593	169
-0.0683627048570101	-1.79386671768498	169
-0.0848641184649899	-1.88292084817694	169
0.0160913758824401	-1.54114365638004	246
0.10323160696746	-2.49793412902634	246
0.0704022786851799	-2.49815454933227	27
-0.0909825597196399	-1.88157980271697	716
0.0992102189020101	-2.48361107190343	440
0.07902045214529	-2.45817310902829	440
0.0804732857791302	-1.99183987395833	181
-0.0242088647834402	-2.1430405881226	583
0.11403886770167	-1.78277749656565	583
0.10375907913121	-2.44195082478277	109
0.0691803717823101	-2.49250356218031	109
0.08608132102556	-1.83525540805944	109
0.0897728300121701	-1.84529560342271	612
-0.04958766110021	-0.694906737503945	334
0.0669762290949501	-2.49715500014796	295
0.0348972534233001	-1.59626203353925	295
0.0663162719315702	-0.0917692642438537	295
-0.1153461598829	-1.46404471636127	295
0.0979632651531301	-1.81333361369973	91
0.10585424003453	-1.86162527950237	91
0.0956382295449401	-1.91289687313398	229
-0.0574684756786899	-2.30263113195784	229
0.0863074466291001	-2.47172320289416	229
-0.10738106552758	-1.95977935592656	229
-0.0624936071048698	-2.21248139038697	169
0.10108427215191	-2.43296749573041	256
0.0818461402288402	-1.90714496642816	169
0.0441021434586002	-1.46112774396487	169
0.0359355040048599	-1.41813688561355	246
0.0992466156497498	-1.87026693278993	716
0.11565322877402	-1.85474512329865	27
0.0992760694492998	-1.79017471540482	440
-0.03673099331521	-2.17572725869156	181
-0.02659801878935	-2.3325026141302	181
-0.0408022758804698	-2.21778988149324	583
-0.0162793771815699	-2.19714819916315	583
0.0730865899656599	-2.45761583877298	583
0.00442115677839983	1.33775265230069	334
-0.0650887737113601	0.342493457457519	334
-0.04422020349348	-2.24100248853401	295
0.1095534674359	-1.83074553500922	91
0.0956732770995301	-2.43972625783296	169
-0.01397666794914	-2.13763965213004	169
-0.0029581443413802	-2.14971461418371	27
-0.10830745906313	-1.8938547261388	27
0.10473281335003	-1.86911018494139	27
0.0832466433397601	-2.48551371399824	440
-0.03538592464743	-2.21498076044892	440
-0.05096862816126	-2.23786414859384	181
-0.0802898020129899	-1.82885353539786	181
0.0842279638325998	-0.0741650333277732	334
-0.0488282876347999	-2.22644950894544	334
0.0904548721823399	-2.49307386261423	295
0.10511713215648	-2.47855719651087	583
0.0549862405178501	-0.825847884096333	583
0.0856832148156399	-2.44046585085981	109
-0.0482258293213902	1.07046343272566	334
-0.0453771208396998	0.384408220811405	334
0.01959314594062	-1.5445272390645	122
0.0911711663547199	-2.48406242528817	295
-0.10948219328252	-1.90070124492945	229
-0.0202738228233299	-2.24349283805207	229
0.10780895383565	-1.79971820068024	27
-0.0352443229727499	-2.22843401501732	716
0.0990408664575102	-2.47407076120688	440
-0.0691993229916501	-2.33097144457943	440
0.10582559852792	-2.47333521757369	109
-0.10758086220451	-1.87918732751961	295
-0.0489639439920002	-2.18161966593927	295
0.0988098952967702	-1.85492254434136	91
-0.0381516385765699	-2.2150687364962	91
0.0717950021215601	-0.705292081936362	229
0.0630394569608899	-0.788573932750868	91
-0.0320973538542999	-2.16367064604504	169
-0.0299713275164302	-2.27294654630537	27
-0.09055485432294	-1.86891211561815	27
0.0978394453304201	-2.48771594319833	27
-0.02091100684504	-1.28473806809325	440
0.0938242741810198	-2.4719517321878	181
-0.0649299401011998	-2.29752005829228	612
-0.11279442192	-1.46022198653818	295
-0.11008695072335	-1.88259061925149	229
0.0746135802125099	-2.49627358912943	246
-0.0269633477901099	-2.14716859979444	440
0.0783851173199901	-2.4568840489005	440
0.0884168789719202	-2.44332764132859	181
0.0835629309558401	-2.49017475978069	181
-0.0767358654038399	-1.84789147077713	181
0.08145451711626	-1.83368033878816	583
0.0722084847775699	-1.88955665113471	109
-0.0015290744889902	0.7925635231312	334
-0.00958879401493995	-2.19203648620144	295
-0.10063804101974	-1.84962223837303	91
0.0241303582471302	-1.54494329095415	91
0.12314129725666	-1.15327006776482	91
0.0777642108984802	-2.48295892800962	513
-0.11075178033084	-1.43687986413869	91
-0.0575166957143298	-2.2430063818534	229
0.06846924328539	-2.4932774389664	229
-0.0377012371435499	-2.16113963213256	169
0.10794779855756	-1.936598833714	169
0.11646578651328	-1.23282648028831	169
-0.0124050548500501	-2.14894061672846	169
0.0788219697815	-1.92451686997542	169
-0.0334737694100098	-2.18511182065645	169
-0.0792892348299201	-1.79630614092843	169
0.0292401564328899	-1.4726033534201	27
-0.0509251618192801	-2.22735565312307	246
0.10960417878598	-1.8649018810567	440
0.07598079740551	-0.748815217190961	181
0.10037197939561	-2.4793558649157	612
0.1149459876097	0.104836931891731	334
-0.0516916337990998	-2.20043217011111	295
0.07644785654416	-2.46653536193763	91
0.0746135802125099	-2.49627358912943	246
-0.10837964807137	-1.89994780739411	181
0.0831286921857202	-1.96621986383168	583
0.09719645317807	-2.4786966310628	109
-0.05166634395666	-2.33286738967189	229
0.0472502945809299	-1.40339202152406	91
0.0746135802125099	-2.49627358912943	169
0.10251492944618	-2.47210060681665	181
0.0945410893101899	-2.49624171016553	583
0.0718228177329299	-2.48830737833419	109
0.0804193139940002	-2.4881132356616	91
-0.0595382113635199	-2.24660853650118	229
0.11106349688817	-1.84758428036933	229
0.0121004717252098	-1.64325350201361	169
0.0902591182673	-2.48244168679329	256
-0.0435873750614801	-2.14753682985053	169
0.01805271318577	-1.56798958254047	27
-0.0414410866899599	-2.18704329397098	246
-0.0301364516146001	-2.2147547738374	246
0.10505604638166	-2.43595520032256	27
0.0850502993319	-1.89486090031587	181
0.0690975227306399	-2.46952067411271	583
0.0880178505037099	-1.86780524699532	122
0.0877348910497502	-2.46798576985419	256
0.10034887173357	-2.48830921901232	169
0.07111545895141	-2.49343203936824	440
-0.0894296152486098	-1.84211800942848	91
0.10347837408321	-1.79144861774853	229
0.0898151818946098	-2.48647572579016	169
-0.0292075021547098	-2.19869382147633	61
-0.0602668812149401	-1.86813881434313	91
-0.0411739595408802	-2.24778537726777	229
0.09725610035095	-1.84467648163464	229
-0.0251382160142901	-2.19602388839009	229
-0.12423290257877	-1.4571370144133	229
0.0905314960448602	-2.47493308986661	169
0.000302378174739992	-2.17989078650588	440
0.0792895631995498	-2.01808029522358	61
0.0791629836815702	-1.91091213582034	782
0.0622577123725501	-1.91227162810054	716
0.10108427215191	-2.43296749573041	61
0.0950990356877002	-2.44727434672328	61
0.11178440269133	-1.87393522140412	61
0.0910466581196401	-2.46929405939458	91
0.0977471059976298	-2.46544897064939	91
0.0964799636903	-2.47206031564754	229
-0.0347995202978901	-2.17554488587511	440
0.0460079568610601	-1.39844720972187	91
-0.0184781837343202	-2.2049998838229	229
0.11957078672162	-1.84142665616325	229
0.0877629560608599	-1.84866168426568	27
0.0757497384039501	-2.48777973023154	61
0.0898151818946098	-2.48647572579016	61
-0.10165627324767	-1.83458520021606	169
0.0807137892384202	-1.8234158513592	169
0.0984940369037699	-2.4912670376899	716
-0.07352356775543	-2.25480756532019	440
0.0877348910497502	-2.46798576985419	583
-0.0563084717821498	-2.27348608524521	295
0.0944657755380498	-2.48646451351438	324
0.11050792904483	-2.48137368421081	169
0.06327400537754	-1.46428865629233	295
0.08716619289559	-1.89105857892103	295
-0.0462408148731099	-2.17230261010823	229
0.0832466433397601	-2.48551371399824	229
0.0797334044204501	-2.45149111175744	229
0.1124360600407	-2.44902849143079	169
0.11231766989814	-1.82342499895007	27
-0.0846581432752398	-1.8185629209191	27
0.0823434533405298	-2.49154999850451	181
0.0890246306076099	-2.48383024811396	612
0.0724545457486201	-2.456978484269	109
-0.05606782835163	-2.20461141660037	195
0.0917562959265901	-2.47599276350551	91
0.0911711663547199	-2.48406242528817	91
-0.0407138292946501	-2.18281610664916	513
0.0373856105336001	-1.45841569751005	513
0.0764138403835499	-2.49504634072941	229
-0.00922677015280993	-2.2121434451679	229
-0.0509251618192801	-2.22735565312307	169
-0.0185720276453698	-2.28444121026531	229
0.12111205669368	-1.82154871496733	169
0.07472259627023	-1.89636492082385	612
-0.00724721541322992	-2.14778325967933	91
0.0904004344701299	-2.47312143037691	181
0.08575773736534	-2.45088625839236	229
0.0351387871835001	-1.40553596402611	295
-0.0623084908429101	-2.22531664518964	667
-0.0462408148731099	-2.17230261010823	782
-0.08642830684285	-1.80653282206793	91
0.09366775711749	-2.47342742710522	91
-0.0301364516146001	-2.2147547738374	229
-0.10044911572995	-1.85304958677681	229
0.0776972456323999	-2.49686168672823	229
0.0905314960448602	-2.47493308986661	229
0.0495678884967101	-1.50987633469902	169
0.08339252966644	-1.9154347794874	169
0.10589439229634	-2.49315030775833	169
0.0963530151070602	-1.83372884488759	169
0.0890569881636498	-2.43573290843904	295
-0.0898428564685201	-1.83330613643896	295
0.0678229418924699	-1.99596456766078	295
0.0702711605142699	-2.48991639016919	91
0.0896254155162	-2.47334527674073	229
0.11178440269133	-1.87393522140412	169
0.1071216914252	-2.48532709487571	27
0.0810634063303501	-2.49963552556615	109
-0.0676430782411202	-2.25041222313218	295
-0.0820090714710702	-0.750472334709578	295
0.0942253812732901	-2.49022073055988	91
-0.0994076097901702	-1.82855036048706	229
0.0911711663547199	-2.48406242528817	229
0.08589042419334	-2.49068087092725	169
-0.0982999577838499	-1.89502636409809	27
0.0943860481062999	-2.43676702244761	716
-0.0196990018599501	-2.21445576708404	181
0.0968630179171499	-1.87943024782128	91
0.02669925101877	-1.53403107926265	91
-0.0298467421245698	-2.21892503399041	229
0.0964799636903	-2.47206031564754	27
-0.0508087540933899	-2.25430454525886	716
-0.0609191192989602	-2.22072860424809	440
-0.0109768944458	-2.17379691777973	295
-0.0796695115059398	-1.91613701292268	295
-0.0386347013839901	-2.22039465824492	295
0.0865279682182498	-2.47832253878317	91
-0.12134085193094	-1.89658055927066	91
-0.0805061072112001	-1.80863015907851	229
-0.0192284368301299	-2.15420260234876	169
0.000576771114659813	-1.12697157986846	27
-0.0528190879814199	-2.24492613112979	324
-0.0435171049665701	-2.21831765873865	181
0.0882254217510199	-2.49576153877729	230
-0.0582895314938798	-0.193713346249261	295
-0.0501851263573299	-2.22871730233718	91
0.10043780763111	-2.44938105257623	91
0.0883441856327298	-2.4476702476166	91
-0.0469480235231599	-2.25770366872035	91
0.0565842140157198	-2.4922349707534	91
-0.01041810804736	-2.13763665641387	229
-0.0503355702394202	-2.21698306479025	27
-0.01712391117097	-2.14274988018977	295
-0.0211475860111698	-2.16974387801609	91
0.0757345660568198	-2.4496178344152	229
0.08589042419334	-2.49068087092725	229
-0.0328243225179401	-2.14866849420058	169
0.0930044264573202	-2.44775436220775	169
0.11599209495021	-1.7707272968032	169
0.12006603545439	-1.78276387231711	295
-0.0340732498020002	-2.16747064565015	365
0.10973512824333	-1.86812369470863	91
0.119816919624	-1.78361550561173	91
0.0702711605142699	-2.48991639016919	91
0.0815323046229901	-2.49920269379576	91
0.0598411405606401	-2.49196329806861	229
-0.0124846551631599	-2.16843354382168	229
-0.00789141506029978	-1.72466890462832	229
-0.0441721793673402	-2.18295220150543	229
0.0831753659562402	-1.9059583638548	27
-0.0618299883923701	-1.83147564231617	324
-0.0413353151241802	-1.28347258396487	181
0.0943860481062999	-2.43676702244761	109
0.11026996232612	-1.86328054567183	295
-0.0653434803840098	-1.77538481734429	667
-0.03298348034135	-2.14967091062568	91
-0.0193756116162098	-2.19135351668917	91
0.0426975039194	-1.52465360979248	229
0.06582705918759	-2.4698052428152	229
0.0958372769954399	-2.47587132595781	229
0.10647347956828	-2.47492195429463	229
-0.0218961947860401	-2.19818156109911	169
0.11664548838524	-1.7945385063971	169
-0.04736007007204	-2.21161576754364	295
0.0332369880184502	-1.46311647257141	91
0.08638840846046	-2.48016493754193	91
0.08373828814333	-2.49120241734587	229
0.0850719395980399	-2.47226328894183	229
-0.0560896731753799	-1.9119710351757	229
0.0997720436720999	-2.4779130478876	27
0.06588200338205	-1.96921266446648	223
-0.11421528118176	-1.94160934939183	109
0.10953382491516	-1.85173812626035	109
0.0924028258523601	-2.48506907976992	229
-0.0564708896220001	-2.23957622814197	229
-0.0711646338854202	-1.84506869871998	229
-0.0864288870657601	-1.85716824010614	230
0.11050079781922	-1.78925740115083	295
-0.08642830684285	-1.80653282206793	229
0.0850445875753598	-2.43916759266106	667
-0.0563110614155402	-2.21329297358785	91
0.0684672552885699	-2.47703165868018	91
0.0911711663547199	-2.48406242528817	229
0.0923621614869301	-2.43268647530737	667
0.10316095636086	-2.46829447350059	625
0.0772499907136002	-2.48853356425544	91
-0.0110197879547802	-2.13766561007175	91
0.10445399794797	-2.49305683547024	229
0.11517265408148	-1.81791491792787	823
-0.0359126726021399	-2.21135841403978	91
0.0891758149940798	-2.49026026366167	229
0.10046572570511	-1.80344253775474	229
-0.0530700153173398	-2.22547661260569	229
0.0667829714028998	-1.90491823564025	625
-0.0815081280505701	-1.8128616951026	625
-0.05283048885443	-1.87855896259432	169
-0.0995527789570199	-1.51804245262824	169
0.0865279682182498	-2.47832253878317	27
0.0892723572949699	-1.87521030226018	230
0.09341902358265	-1.80255772449338	823
-0.04643611420929	-2.17877362201793	365
0.00780074653145002	0.233143038698986	365
-0.0879919580084798	-1.8795017414652	91
-0.0632718111105799	-2.21753866463386	91
-0.0501851263573299	-2.22871730233718	91
-0.04167929876601	1.57852984557219	91
-0.10514016945985	-1.85238665504165	91
0.09922376744951	-1.83543301744113	91
0.07111545895141	-2.49343203936824	91
0.0744050429106702	-0.114148770779031	91
0.0297403097783202	-1.52850374804025	625
0.12236411823208	-1.15686958899169	625
-0.000131279327929779	-1.5427912836165	625
0.0546371821686802	-1.55461720079724	625
-0.0973752562430201	0.12951795834059	625
-0.09783705477594	-0.905087437973695	229
-0.0431976752966698	-0.169917837143146	625
0.0943592963761701	-0.176984435157751	625
0.10315423425389	0.653235245899272	625
0.0995335320536399	-1.87499042878188	169
0.0476920638401301	0.355357363518243	169
-0.10960737155398	-1.39871445650119	169
-0.07848889284924	-1.78062075413029	169
0.10173106568462	-2.42903545917119	27
0.10380731242849	-2.47489389264438	27
-0.0347995202978901	-2.17554488587511	780
0.10323160696746	-2.49793412902634	230
0.0888654672815101	-1.9638691807092	230
-0.0522779324886602	-2.26582080208947	230
-0.04157970587478	-2.22405535498443	583
0.0813730186066501	-1.85028718268384	583
0.09027908590281	-2.47965154723815	823
0.0877940031715201	-1.84054541220676	823
0.0817241097581101	-1.92179328536459	325
-0.0756952979210599	-2.26527183979457	18
0.10178399971415	-2.47944821217726	18
-0.0983233294009902	-1.83387553528699	109
0.10369891021517	-1.85564021384722	667
0.09973492542193	-2.48413580896048	667
0.1243837794782	-1.2199160332253	365
-0.0264765628571002	-2.19755429511265	365
0.0154130407890301	-1.49907792091227	365
-0.0453908366271301	-0.0358936852163758	91
0.0853832140641901	-1.84564542185541	91
0.0817702186717502	-2.48704153967841	91
-0.02269311910554	-2.21457885115613	91
-0.03483263481544	-2.1375645956501	91
-0.06897191450734	-1.90485416333537	91
-0.09780337383493	-1.39197957497718	91
0.0887361935338	-0.197438604565066	91
-0.0362498346852398	-2.16353769248399	91
-0.0993877575807498	-1.82953975633507	229
-0.0742618324739701	-0.847870067158633	625
-0.0433239904575	-2.22714764087136	625
-0.0462292336850498	-2.22723277949046	625
-0.10315728461755	-1.84788342313764	625
0.0232511287939499	0.198110659561578	625
0.01543089567555	1.2928306425577	192
-0.00490329870341988	0.0633640117135919	625
-0.0234700419718901	-1.13784897613328	625
-0.00557647712283016	-1.05792200779163	625
0.0467794808754101	-0.848212894069699	625
-0.08386863248198	-1.85591419920443	169
-0.10986072032519	-1.83273912043285	169
0.0346045024128401	-0.90362850637807	324
-0.0903332951169	-1.79253595427061	230
0.11989525461169	-1.16254544189752	89
0.0923621614869301	-2.43268647530737	109
-0.0949076781103599	-1.7779037294077	667
-0.0531179747140502	-2.18593289091116	667
-0.09984211851441	-1.89987942460335	365
0.07626981094778	-0.836774475300553	365
-0.10083398312665	-1.42758170356216	91
-0.0788294054341101	-0.755890395145138	91
0.01615703043307	-1.50183462614727	91
-0.0377692011609998	-2.23552667729937	91
-0.0142656202732998	-1.11619696436195	91
0.11782030605656	-0.717013318857799	91
0.0964747668206098	-1.86238202772097	611
-0.0891446110110401	-1.86479678039969	229
-0.01334581912417	-1.1177471924194	229
0.01694805658693	-1.49251739176051	229
-0.0379080090391502	-1.15426074404397	229
-0.0135696947397399	-2.20809283289922	229
0.0614084387387202	-0.798389526029699	625
-0.10050067498018	-1.82241256471584	625
-0.02320795748911	1.7099683383804	625
0.0474385454828901	-1.51147256409456	625
-0.0293012188283401	-0.60644689882861	625
0.0977365934189498	0.564686962213841	625
-0.0594063906372599	-0.728698094045059	169
0.0919619411563	-0.741595635665486	169
-0.07126170262059	-0.228170417378784	169
-0.0650694331920998	-0.789191760976808	169
-0.0910542581889602	-0.465988246761903	169
0.0100036754568702	-2.18167664336662	27
0.10953382491516	-1.85173812626035	27
-0.0698479886622798	-2.24992917527043	230
-0.0349344458118401	-2.22878323598433	583
0.10027809749568	-1.86099331938322	243
-0.12436286124361	-1.93927995452621	667
-0.0389822876900499	-1.1686652663331	365
-0.0407138292946501	-2.18281610664916	365
0.01815233461237	-1.50184451694717	365
-0.0273581597472501	-0.623897515583763	91
-0.0460904049294602	-0.0486557547178572	91
-0.0347211124625799	-0.171454546014075	91
0.0540469807582098	-0.874853684562277	611
-0.0409861992463498	-2.16906503118027	229
-0.02924295974772	-2.18678486857072	229
0.10121137858271	-1.80449440493512	625
-0.0430907359043999	-1.19151377002183	625
-0.11735965194254	0.0617697408323039	192
0.08268148467904	-0.819984933248759	169
-0.0058526306261899	-0.493456261250456	169
0.0831316676368199	-0.762640577498521	169
0.0815323046229901	-2.49920269379576	780
0.0548284086258799	-1.47393442188614	324
0.0100120537227801	-1.57232924055661	324
0.0772499907136002	-2.48853356425544	61
0.12098788912195	-1.79251487810039	116
-0.04370273588192	-2.17985032146907	116
-0.12257505872673	-1.40349841067506	116
-0.1008816830203	-1.83544388174633	583
0.0345378563490302	-1.44860857891146	583
-0.0224474388310698	-0.251761078701733	823
0.0766172209287599	-2.49586930731753	109
-0.11965805322452	-1.44427935552648	250
0.1232429567978	1.53058943723539	212
0.01861805575165	-1.50096279878642	295
-0.11207688129665	-1.92562162554912	667
-0.0188920250456901	-1.73980781644975	365
-0.0383451756215898	-1.15462043552939	365
-0.0218851349023401	-2.16349718568475	91
0.0923717980296699	-1.87883139984343	91
-0.11138740411865	-1.96722541605587	91
0.0923621614869301	-2.43268647530737	91
0.0830248337975199	-2.44849921616953	91
0.0923621614869301	-2.43268647530737	91
0.0434311485774899	-1.43362212481188	91
-0.00846552164925996	-2.17345846368951	229
-0.08514539993861	-1.80980598308878	229
0.09782690899767	-1.2485111222471	625
0.0877057324410902	-0.712283622833883	192
0.000181924428880098	-1.60356641545177	625
-0.0882133608332198	-1.81246293195353	116
0.0780968418894799	-1.856667164269	116
-0.0536433592248402	-2.19616770505067	823
0.0850445875753598	-2.43916759266106	109
0.0476710104373699	-2.01710688929918	667
-0.0206904167823301	-2.21349494577591	667
-0.0528911258643401	-2.23428081710978	667
0.09445714804396	-1.8733256448442	365
-0.0720036676601898	-1.26133859440388	365
-0.0623151132272701	-0.843233892630511	365
0.0154130407890301	-1.49907792091227	365
-0.0739269856223399	-0.234902491269355	91
-0.06098120441218	0.237480632351448	91
-0.04736007007204	-2.21161576754364	91
-0.11491253625572	-1.901319104072	611
-0.05499789034931	-1.31546588535772	625
0.0371736536098499	-1.02578275165606	625
-0.03486824825471	0.473793121356838	625
0.11907669274761	-1.17613849468856	625
0.10316095636086	-2.46829447350059	27
0.0917562959265901	-2.47599276350551	27
-0.0239491266598	-2.19153614368292	716
-0.00455325387604999	-2.23534876677198	324
0.0887958301817799	-1.85165069505939	324
0.0844203141220201	-1.87086123341468	324
0.0832883179450001	-1.95258462423929	324
0.0565842140157198	-2.4922349707534	324
0.08505436733387	-1.90030340612735	583
-0.0783090126685799	-1.85543168275668	227
0.10173106568462	-2.42903545917119	227
-0.0932763065059601	-0.84403537469087	109
-0.12154863250402	-1.418050029038	295
-0.10936852734255	-1.86782413537579	295
0.11716513489271	-1.20833781949789	365
-0.0610840357299298	-0.802877163210104	365
0.0220219929724501	-1.47944622530874	365
0.0598411405606401	-2.49196329806861	91
-0.0979151671371499	-1.43804754894299	91
0.10511946874037	-1.82221970142844	91
0.11640347010724	-1.89050166281369	91
0.0410110870351001	-1.51251847041073	611
-0.02864257510715	-0.126473675568632	611
0.11798659353804	-1.13340895133632	229
-0.0199889899165999	1.67672589590107	192
-0.02014942884297	-1.0831913430713	625
0.0835629309558401	-2.49017475978069	625
0.0915352262278399	1.12937803440255	625
-0.0779621869226901	1.41611041735425	625
-0.0606293123291901	-1.84963835255617	169
-0.0109768944458	-2.17379691777973	27
-0.0482869173181202	-0.686888074002102	27
0.11739981266957	-1.8004335424283	27
0.0938242741810198	-2.4719517321878	223
0.0915289874432501	-1.91595116211928	780
0.0886433409844201	-1.90759079960254	324
-0.10162534865093	-1.8900832053891	324
0.02201658389331	-1.54435712403815	583
0.0856832148156399	-2.44046585085981	583
0.05844155099338	-0.142494540365436	227
0.0647914777457501	-1.9241268997866	250
-0.0432971713250501	-1.26274405030558	89
-0.12152263406995	1.64970650651059	89
0.11200297084141	-1.81727243572044	667
0.10862341660244	-1.89556713166056	365
-0.11095728933354	-0.932212007149712	365
0.0742781191657702	-2.49160330720838	667
0.11968852694752	0.0283015609386057	365
0.0259507019236702	-0.439002858632431	365
0.0509441429925901	-0.160481225174438	365
-0.0845669507817601	-1.86717123007832	91
-0.0923745080706402	-2.35448540689578	91
0.0865279682182498	-2.47832253878317	91
0.0872446225124701	-2.48958691623366	229
-0.0381887774114298	-2.1877683736437	625
-0.0590278438484799	-2.25200923128161	229
0.11593912645735	-1.19932260524262	625
0.0750872489345902	-0.763584982246112	625
-0.0743103969012102	0.216089564248009	625
-0.0114165187688799	0.581585980515369	625
-0.11061804133304	0.0249161450282651	625
0.12270847295309	0.793486195647063	625
0.0838826916687401	-2.47815517295772	169
0.08167507486439	-2.48400539712017	27
0.0898151818946098	-2.48647572579016	716
-0.00524370292718013	-1.62454035167579	324
0.0850445875753598	-2.43916759266106	324
-0.11888369493606	-1.44856611995836	116
0.10803532283162	-1.20964994390979	116
-0.0267193206613499	-1.68119877526524	583
0.0942253812732901	-2.49022073055988	583
0.12251895794127	-1.78707230162686	823
-0.04318258175446	-2.16274942949349	109
-0.11907508163736	0.109005700669705	212
0.00563861924700992	-1.57720550703885	295
0.10417661677808	-1.86920042413078	667
-0.09449379144956	-0.797930528103909	667
0.00191396399563004	-1.63698658727858	667
-0.0495228078949999	1.11748244444648	365
0.03163533961059	-1.45682675512966	365
0.05056196274675	0.388418146804306	91
0.0831100451798701	1.26290273919176	365
0.0717320408812099	-0.78889998993248	91
0.0874713929764801	-1.83398434738455	91
0.08913054769303	-2.49977227380164	91
0.0526944067624999	-1.42907459502326	91
0.0281492583096101	-1.52649229978498	91
0.0839988306958799	-0.739460085366063	91
-0.0463288386396199	-2.1618949727536	611
0.10647284319172	-1.22234040964735	611
-0.0408431696173999	-2.14641473857299	611
0.10315061319657	-1.80275954213413	229
-0.0320973538542999	-2.16367064604504	229
0.0626069056727401	-0.766295930539394	625
-0.000287835151500104	-1.07559447971376	625
0.0257748323456202	0.255755864855607	625
-0.00297517522598012	-1.03422464490965	625
0.0314618117988599	1.30961046783722	625
-0.0127158724544798	0.471595401511194	625
-0.10462671702529	-0.476482037477331	625
0.0958372769954399	-2.47587132595781	625
-0.0750457403560398	-0.355243614976471	169
-0.0706858087228999	0.249714132642568	169
0.0962624671005701	-2.4952774468421	169
-0.10986025848064	-0.541848127720261	27
0.11905149602115	0.0619751917572771	716
-0.0703746277256099	-1.84616039513647	324
0.0941857093493699	-0.687061473637624	61
0.0723882955083099	-2.49527763950546	324
-0.05040052679928	-2.18020199323023	324
0.0330340606308899	-1.50438869567578	324
0.10173106568462	-2.42903545917119	324
0.03272147991472	-1.53717426654148	116
0.0180105448828298	-1.5624489394282	116
-0.0723408075774001	-2.27516208847511	583
0.0917562959265901	-2.47599276350551	243
0.12146079539118	-1.16686945806734	325
0.00299036557558008	-0.504530834828731	109
-0.0366163062217102	0.0205088181913409	212
0.0719394698694402	-1.93686964985295	295
0.0441065151286599	-0.809815282757588	295
0.12069489653864	-1.13430459013043	667
-0.00318443358922016	-1.56090362586969	667
0.12278700097768	-0.555915162570058	365
-0.11580353385998	-1.05098727044735	365
0.0158646606976101	0.890319384975801	91
-0.0107561856006102	0.723277699812997	91
-0.11413071936816	-1.06624204127944	91
-0.0393576040322001	-2.20598842557475	91
-0.08987300830798	-0.874868062568939	91
0.10369891021517	-1.85564021384722	91
-0.0289645842075399	-1.09990767452771	91
-0.0319357150212198	-2.21237496235089	91
0.0103701707737698	-1.57530037843701	611
-0.0501469268211099	-2.19935602926806	611
0.0806054255521298	-2.48967114480814	229
-0.03663707520866	-2.20494153712646	229
-0.0314089452297699	-2.25831996306028	229
-0.0586558395557399	-0.825500451478006	625
0.0271623708204101	1.5400673979928	192
-0.0454168055611199	-2.24388281879807	625
-0.0707777213090202	0.953111153524435	625
0.0894561331065602	-0.0486847407947595	625
-0.0443138766455302	-2.1464975003793	169
0.0923621614869301	-2.43268647530737	27
0.01272823137512	-2.18928284560019	716
-0.0528841630463002	-1.85760420590503	223
-0.0433239904575	-2.22714764087136	780
-0.11511231173972	-1.46655826608368	324
-0.0722003959433999	-0.794405163229647	116
0.0504231438170701	0.424236696372081	116
-0.0306625841868202	-2.19643729270172	583
0.0399240427419798	0.926750936006219	823
0.11999560994917	-0.132376031611733	227
0.0810603692204199	-2.47568748510244	325
0.0786970356397498	-1.86952756851203	109
0.0897728300121701	-1.84529560342271	109
-0.02005728667694	-1.17345328735911	250
-0.0591213013538199	-0.163031884261259	122
-0.0688417266558901	0.415207954879782	212
-0.07536158831812	-2.40499400098661	295
-0.0799198107032701	-2.33508088813057	667
0.0797334044204501	-2.45149111175744	667
0.00684592388140004	0.626385218774693	365
-0.0816032865349499	-1.84240181852952	365
0.0546220045490502	-0.737551126897557	91
-0.0748057403238298	-1.76533587277504	91
0.07857506236153	-1.86976321671546	625
0.0552067837425598	0.891382865553789	192
0.0323254237457302	-1.54143297728612	169
-0.07609198903172	-1.82064164812821	116
-0.0690388322255302	-1.77264835777765	116
-0.0519879260321199	-2.25923846956687	250
0.0363638072001899	2.48191207098419	212
-0.1034750175414	-1.82618721829478	667
0.06256066255547	-0.783207050276196	667
-0.0105030753330499	-1.59249837849593	365
-0.0338654495286601	-1.07380858504137	365
0.10850809603855	-1.17143422513773	365
-0.11917807877326	-1.38987799041274	365
0.0265013595836399	-1.4889573742633	91
-0.02588475873748	-2.15912924554286	91
-0.11504487761063	-1.88470905727094	91
0.0299811266794698	-1.47116347278334	611
0.10464532225951	-1.80523630638893	611
-0.00591163649289994	0.196936885751732	192
-0.07544086017587	-1.77824506573985	169
-0.07390175573012	-1.81401061198353	169
0.0905314960448602	-2.47493308986661	169
0.09834473223109	-2.44679442561551	169
-0.07450677826629	-1.81593241171515	27
-0.0581126011015698	-2.27700750265677	324
0.0751116852148299	-2.48718294085976	823
0.0445474521896601	-0.800631294415704	823
-0.02882633624926	-1.07967951113516	227
0.12187429169284	-1.82269395915207	89
-0.0613704677041298	-2.22573781557708	295
0.0890569881636498	-2.43573290843904	667
-0.0700834777622998	-2.24610109493388	667
0.0130183612506101	-1.56185366923459	365
0.10687157414005	-1.88400938238608	91
-0.0373610984622901	-2.20909271456818	91
-0.10833138127549	-1.48910280822098	91
-0.0409861992463498	-2.16906503118027	91
0.10370030522083	-2.49228483257968	611
0.0118806439217898	-1.56951299194297	625
-0.0292075021547098	-2.19869382147633	169
0.0792335116729102	-1.87282865837904	324
0.10512017849244	-2.44233126929451	324
-0.0392581681853499	-2.20796875949321	250
-0.0794208042465501	-0.80181723397892	667
-0.0478802888090901	-1.23787416860388	667
-0.07282563446749	-0.741020521427974	365
0.0165518199362098	-1.5669471272663	365
-0.10340018870035	-1.94251686438213	91
0.01507458372022	-1.06328564017108	91
-0.09985858465939	-1.83551120775821	91
0.0381778368386798	-1.51209796906547	91
0.00769255844733996	-0.604010458538541	91
0.0797046164043902	-0.709283455808686	91
0.0303324146527202	-1.46813452429652	611
-0.02574693432617	-2.20787336360836	611
0.0863221642677399	-2.45554468575081	625
0.0123568175600002	-1.50925826675289	625
0.0812399822557399	-2.49026193274092	625
-0.10728078219263	-0.849493783373513	169
0.08371955999471	-2.48765268842386	716
0.12028869646492	-1.81032322904107	822
0.0857420263688602	-2.49246834776867	823
0.0505440761874301	-0.905911122301282	823
-0.03628490262196	-2.15698876092958	250
0.10926473981193	-1.24770936723	122
0.08777749471595	0.652476812547402	327
-0.08375877235602	-2.34678360443706	295
-0.0525255617357998	-2.21273398477189	295
0.00329449347404998	-1.58597594481061	667
0.0125476753672	-1.56678975743294	365
0.0730665041257201	-0.806498698550135	91
-0.0427202939311999	-2.19866155023024	91
0.08197629720561	-1.85100047213308	91
-0.0299205884136602	-2.14977996452936	91
-0.0109222566087599	-1.09367805911606	611
-0.0342771168785401	-2.16092228232154	611
0.10539327657138	-1.82599839868106	611
-0.0347227963403398	-2.17412052512837	625
0.12416078438597	-1.85069938193027	625
-0.0306522523370898	-2.13889492968865	324
-0.0834340036383399	-1.86432297331872	823
0.0950736641882899	-2.46976216640367	227
0.0980240814268298	-0.1312876561059	89
0.0681735971375099	-1.88897447564703	667
0.0805235363737999	-2.49673808938542	365
0.0403338296372899	-1.48239572498068	365
-0.04344642692792	-2.18394424861114	91
0.0950294993971901	-2.43282968817119	91
-0.0173320328621398	-2.14526002254813	91
0.0772499907136002	-2.48853356425544	324
0.0905314960448602	-2.47493308986661	583
-0.03663707520866	-2.20494153712646	823
0.00863848000029988	-1.51556704131743	667
0.0730865899656599	-2.45761583877298	91
-0.09213418487152	-1.83814171197527	91
0.0961203441366099	-1.91817244159912	91
-0.0316283914958402	-1.13882927178348	317
-0.0248116750019198	-2.15920950510931	229
0.0376319421739701	0.760992620438539	192
0.0367464280838101	-1.40778091141344	625
0.11688170787278	-1.84596299474334	169
-0.0732689198630601	-0.856913507064891	169
-0.0657385840029798	-0.707897203012474	169
-0.10048338903273	-1.9333226912344	169
-0.05731364228944	-2.26748309772693	324
-0.0528706236089498	-2.20858697456135	324
0.12421038181754	-1.21260997729215	250
0.10027809749568	-1.86099331938322	250
-0.0750649791909002	-1.87291837156561	89
0.0242183951586701	-0.884572105777906	122
-0.0907462034545401	-0.399567843837668	212
-0.0587245181021601	0.427678274668271	327
-0.0731387620690902	-1.84154022006164	365
-0.0903039648136699	-1.82019638288881	229
0.12308645578512	-1.20324268338989	625
0.0123568175600002	-1.50925826675289	169
0.07385775493595	-1.95511968013236	169
0.09445714804396	-1.8733256448442	683
-0.02682354643167	-2.14625162754996	823
0.0743561263419301	-0.742864912467966	89
-0.12119306335522	-1.03368832108533	122
0.0830725459342299	1.12494844777559	212
0.0917890625116899	-1.88836234944539	295
0.0850445875753598	-2.43916759266106	365
0.0930685729627601	-2.48856547432796	611
-0.0411669106744701	-2.17015549574678	611
-0.0300860925178799	-2.1427737346912	317
-0.0547955584453201	-2.22937919269411	169
-0.0460383591501699	-2.22102510810447	169
0.10849283591152	-2.48855038028487	169
0.10272612209734	-1.78999810049648	324
-0.0274041698384901	-2.18665396676359	823
0.0784817195140199	-0.694286370571869	227
0.00595422662357992	-1.50084030494831	89
0.0832466433397601	-2.48551371399824	365
0.0488663282994	-1.54018021348524	365
0.0778477858789	-0.116612297392604	365
0.0805339651425201	-1.86558444649051	91
-0.1078974664316	-1.39005519028371	611
-0.02837839606683	-2.22173327631517	317
-0.12033138930806	-1.53271964847879	296
0.11417883287338	-1.78919035452077	625
0.0891758149940798	-2.49026026366167	169
-0.0564960753972699	-2.17755136705579	324
0.11040541493142	-1.2786233027296	823
0.0938848422385199	-1.81506554697348	227
-0.0446035344748199	0.179280307278529	227
0.04253460240685	0.950329246820859	212
-0.09191973993275	0.700480444388094	212
-0.11115688005792	0.0800932105833061	212
0.0730865899656599	-2.45761583877298	365
-0.0897122225768099	-1.80141534889473	683
0.0149755614654299	-0.411467851156012	327
0.09834473223109	-2.44679442561551	365
-0.0349564561737998	-2.17651970427093	365
0.0089187963932198	-1.57719513275874	91
-0.06509626811664	-2.27297362755493	611
0.04301522392019	-1.5866988952023	625
-0.0787430559894902	-1.88229739865082	625
0.11900299533444	-1.83952973946591	169
0.0958208435962802	-1.83836594503224	169
0.0718228177329299	-2.48830737833419	324
-0.0994424910809402	-1.87826995073844	683
0.0126254031744399	-1.08481247045033	823
0.0263118548953201	-1.54943083042363	89
0.0372577601989801	-1.52693600028443	89
0.0806054255521298	-2.48967114480814	89
0.0674691511921299	-0.889898201545052	89
0.0206328261908499	0.190061669612209	122
-0.0988759445918199	1.39909288572992	212
0.10582559852792	-2.47333521757369	667
0.06322371882244	-1.98720481241934	91
-0.09939041435184	-0.34524058472368	611
0.0806054255521298	-2.48967114480814	296
-0.03035821747515	-0.612065432686408	625
0.0883441856327298	-2.4476702476166	169
-0.0446449276198599	-2.21404640995572	27
0.0871658340110502	-2.4795590915426	27
0.0816075408170298	-2.49953288808564	324
-0.0585358805942899	-2.25610187999739	822
0.0236997911728798	-1.48011768695382	822
0.1063901820473	-1.8195578210821	683
0.0886433409844201	-1.90759079960254	823
0.08036903944063	-2.48279453925019	89
-0.0350818391118399	-1.18757855938738	89
0.0302354610202999	1.62861977136027	212
0.0812399822557399	-2.49026193274092	365
0.0889846386573598	-2.45452834032447	91
0.00154107244726021	-1.15641765424003	296
0.0331250842631299	-1.52863279918999	625
-0.10571804348361	-1.90413543235579	324
0.0725134690440901	-1.93408419588102	583
-0.0317349680753698	-2.24850208050599	89
-0.02969779645119	-2.22906430793911	385
0.0751050479939401	-0.753801678269472	769
-0.0199815419604201	-1.07265427860045	769
0.0512439337720201	2.45124159130836	212
-0.0933593409547901	0.855716576235153	212
0.00863083996267999	1.18134565904604	212
-0.08664894522461	-0.304258687961367	212
-0.120804724208	-0.383324465939016	212
-0.0276936364206901	-2.16036528456315	625
-0.0553057483252202	-2.28765466979553	116
-0.11088968413204	-1.88661269318798	122
0.0187182433269801	-1.01442954897008	122
0.0596163047335399	-0.165435221074786	122
-0.0870786962565999	1.91316503433371	212
0.0989218387956399	1.97463301040335	327
0.0910786064594902	-2.44420375256046	67
0.10706705081052	-2.49755328177484	91
0.0790436383495901	-2.48479713251621	317
0.0898921490196001	-2.48226994246331	324
0.0515342795816398	-1.42138891318698	116
-0.0570301444579799	-2.21291148729689	250
0.0607120191497099	-1.99221201678186	89
-0.12022386081932	-1.98020081409739	89
-0.0110340149722399	-1.05916781044642	212
-0.0224777278221402	-0.0757577828798279	212
-0.0402633094430702	-2.15580398496369	365
0.0909440068027201	-1.88568447818625	365
-0.0138749445860502	-2.13689932316526	192
0.0979486018773899	-1.90676761514155	169
0.11644054269962	-1.87493029243386	250
0.0274957971057299	-1.48363724315515	667
-0.0796829809291202	-2.2732779394994	667
-0.0621393651472699	-0.829848810699101	365
-0.0572656593820899	0.371008535790914	365
0.0680483062670301	-0.890218688139217	365
0.10947381645252	-1.86494200597705	365
-0.08422411401141	-0.845047451761467	365
-0.0262408954779998	-1.05326630696156	365
-0.00932844340931993	-1.02834725156195	365
-0.08460430977139	-1.81662122813204	91
0.0351215376775098	-1.51982883684017	91
0.0741076660943598	-0.872486964715426	611
0.10185726366212	-1.86832869545897	229
0.0878040218609302	-2.494082888995	229
0.0691803717823101	-2.49250356218031	296
-0.0561242315738602	-2.23802907037742	296
-0.0221297468117099	-1.19325537193014	192
-0.0712865530590299	-0.27828071394091	169
0.0801775901408401	-1.95345636265353	169
-0.0264637048637701	-2.16995896557603	169
-0.12465385318798	-1.48424233284592	169
0.10295244624503	-1.86027293039314	27
-0.01723008919907	-2.12877352623206	27
0.10166594000483	-2.48280413727592	716
0.06963413660936	-2.49727434169197	324
0.0953699379205402	-1.83246507424088	324
-0.00979109405160994	-2.20239799820443	324
0.0883795970132102	-2.46922712879491	324
0.11224956633312	-1.82314616577195	324
-0.0368166958899598	-2.1855980342949	324
0.0519403209623901	-0.311318175971032	116
0.06560456808847	-1.89891154227285	116
-0.10608093007237	-1.83765472508906	116
-0.12038445934048	-1.98945946038273	683
0.0768304497046901	-1.94364255525778	683
0.0654388167751501	-0.816102412822731	583
0.0984120687671699	-2.43214058454363	583
-0.08860221931615	-1.84386854885716	243
-0.03663707520866	-2.20494153712646	243
-0.0737626049470501	-2.27606328548765	325
-0.0587672125363201	2.2339148186199	212
-0.0966512476239401	0.213548993250019	212
-0.0054262313282698	0.713240848721064	212
0.10978302326348	0.80257223118168	327
0.08895128827292	-1.85125800402478	365
-0.0292075021547098	-2.19869382147633	91
-0.0132412182925701	-2.13899375158227	91
-0.0577488534910202	-2.2440254300111	611
0.10760233074669	-1.8572018035119	611
0.09709752638113	-2.46927165196542	683
0.0234973449514402	-1.48542238730441	683
-0.0530221179054702	-1.29128440115013	823
0.0878824688372801	-2.49016236725721	109
0.10690244787582	-1.27054430251913	250
-0.0348343559822002	-2.20312873366613	250
-0.0833857105926499	-0.810316515630701	212
0.0191915919915999	2.25151581312596	212
0.0984120687671699	-2.43214058454363	667
0.0821008068279401	-1.9357608618473	667
0.10966222839323	-1.26109038810862	365
-0.0688616392670598	-2.27387258491373	365
-0.12443230268277	-1.5208322089003	365
-0.0554097674678999	-2.24692562108877	91
-0.0466961949210498	-2.21203402299802	611
0.0991382379779102	-2.48389227128482	229
0.0803562047661299	-2.48906514833269	229
0.0871658340110502	-2.4795590915426	296
-0.0624199865437101	-0.986836819278606	625
0.0851194518277798	-2.48195711104938	116
0.0931398293935399	-1.81026095462982	683
0.0286865059156001	-1.49092320152689	109
-0.0872106345304999	-1.86184332266999	89
-0.0351062055719602	-1.1082792818721	122
-0.1154718317661	0.0567543608902499	212
0.0757497384039501	-2.48777973023154	667
0.0457059622028799	-1.51865525000486	667
-0.0207518458542202	-2.246991905432	667
-0.0987874761658301	-1.84394967989081	365
0.11319461334278	-1.90889627011987	365
-0.04894489273387	-2.33156774361999	365
0.0823108167478202	-2.48809405924621	365
-0.05383422549999	-2.21764252531052	611
0.08174757172528	-1.91631092131658	229
-0.08230103589873	-1.86777402708832	169
0.11050079781922	-1.78925740115083	27
0.11560999905096	-1.81171994539005	324
-0.0353593810645099	-1.1483902612043	324
0.0874713929764801	-1.83398434738455	227
-0.11495110431056	-1.44140665872175	250
0.0746135802125099	-2.49627358912943	295
0.0118358561312899	-1.50853112313354	667
0.11344336429031	-1.85801154938627	365
0.0164273447138901	-1.65597740369568	365
-0.0301809713758998	-1.18707858359339	365
0.07396837682938	-1.90071909165701	91
-0.12391581114182	-1.41965048836651	91
-0.04956024051409	-2.31408159261305	91
-0.0375471958209999	-2.22832716822752	611
0.1046969488307	-1.80361360186531	296
-0.0202245294763501	-1.15452105496567	296
0.0971229766401702	-2.47869435104335	169
0.0863221642677399	-2.45554468575081	27
0.0777501015909001	-2.46957312303049	324
0.10253103492178	-1.87395858079956	324
0.09267200940667	-1.80737161744991	250
-0.0624936071048698	-2.21248139038697	250
-0.1246522983575	-1.90647539930552	250
0.0506975943566599	1.6142688719591	89
-0.0718395201502098	-2.26218021260162	122
-0.0975657270352599	1.80255924245679	212
-0.05983687725772	-2.24431804865798	365
-0.03809237224971	-2.21261604939366	365
-0.0496559711792299	-2.26894766037377	365
0.10568433467845	-1.21104908756696	365
-0.0752312912736999	-1.7722581475341	91
0.11900131717508	-0.737098495199985	91
-0.00165130946828018	-1.02267003322747	611
0.0870905124205801	-2.48041644800057	296
0.01677333127701	-1.48507946811081	169
0.0997204705774202	-1.8179994899606	169
0.1245332046524	-1.86199964269151	27
-0.0657270920461701	-2.21799405777782	324
0.0356257795556001	-1.50790878890469	324
-0.0785032827060102	-1.80315053229444	822
0.0792355903227602	0.524761527360448	212
-0.0361625422081699	2.48093111141191	212
-0.0420337724599298	-1.18649522550341	667
-0.0546573177680298	-2.20840704863322	667
0.0919459731686199	-1.22544026878338	365
-0.0652172805850499	-2.36006305135581	365
-0.0590716344678	-2.1989917424147	91
0.10375985366992	-1.27109688059366	611
-0.0297508483698099	-2.27585741569869	296
0.12463326840654	-0.662228189505579	192
0.0767561859952401	-1.87438928911493	169
0.11957078672162	-1.84142665616325	324
0.0366561944313402	-0.486834451056546	116
-0.0660933811484599	-2.29560278343259	89
0.00321367872217992	0.866895987983823	769
0.10950412424085	1.50647180806159	122
-0.0383109965388302	-2.1515637638091	365
0.0353756640837601	-1.44929031254988	91
-0.0763344416298102	-1.80652703707143	611
0.0977663161422599	-2.4969341584336	169
-0.0158136405642502	-0.582456568515539	625
0.0340605470018498	-1.46150673459087	169
-0.0563110614155402	-2.21329297358785	169
0.0155444888975498	-1.56021364767989	169
0.10784375760816	-2.49860871185605	27
0.0950128007514901	-2.4932118784443	324
-0.10062617774136	-1.91059508026616	324
0.0488144336323302	-0.774078502205624	116
0.1215444700882	0.674671741941057	89
0.0111164954483298	-0.422184730516866	89
0.06371849964389	1.22903831274567	212
0.06781066346355	0.952835134132346	212
-0.0324616371080699	-2.2276252984401	365
-0.10540426435482	-1.80191735598098	365
-0.0746900802470298	-1.79842085469551	365
0.08895128827292	-1.85125800402478	365
-0.0375578072614098	-2.24916050470305	91
-0.0585499676465302	-2.24372725124552	91
-0.09138618774712	-1.84963157873145	611
-0.0199838176065401	-2.13943325801603	611
0.0357839130579101	-1.46850072478527	296
0.00657709624378011	0.00102127702130606	192
-0.0760750342629	-1.33943248022054	192
-0.0258458514951601	-2.19012977703007	169
0.0870351197463299	-2.48139238200193	169
-0.0441974389233901	-0.7125645964765	169
-0.0723531176064398	-1.81992845382931	169
0.0936701565919602	-1.84401800488451	169
-0.11607999927318	-1.49917998777635	27
-0.0254993398187402	-2.1730614498719	324
-0.0554611265400999	-2.22034247645184	293
-0.0265325448343998	-1.23354358586452	365
-0.1175868461893	-1.48198804613522	365
-0.11173646849005	1.05131527204957	365
-0.09777402138001	-1.48223117256218	365
-0.0253633107239399	-2.16215051958032	91
0.03526470583521	-1.49251124047151	611
-0.11233272214745	-1.14823110969409	611
-0.03326121737028	-2.17645227405475	611
0.11316915255799	-1.94289474109785	229
-0.0814648494047399	-1.80808908775083	229
0.11464788029888	-1.80100339687136	296
-0.04503999789118	-2.15988995065658	296
-0.0286631447584602	-2.22324674180787	296
0.0882254217510199	-2.49576153877729	169
-0.06228913973727	-0.791390665769408	169
0.11310572192373	-1.99823775893923	169
-0.10212521224455	-1.88131563072208	27
-0.0473575744380601	-2.22286835892135	27
0.0810603692204199	-2.47568748510244	324
-0.0563588488607598	-2.18974101017723	822
0.1145504119627	-2.49402946991584	634
0.0910466581196401	-2.46929405939458	243
0.0878824688372801	-2.49016236725721	109
-0.02081407817963	-2.16511659720676	250
0.0857226950739598	-1.94179445444906	250
-0.0788430469009702	0.335754416595504	122
0.08676586569179	-1.85510094697975	365
0.10808503826591	-1.81573186885668	365
-0.0889579213797198	-1.8502378723718	365
0.0844290731728901	-2.4796392748657	365
0.11794505075714	-1.78657677862068	611
0.07472036905116	-0.737426229809469	611
0.0254425775793501	-1.50648232931478	611
-0.0865864881668701	-1.45176844406521	611
-0.0437312688782798	-0.779809267364078	192
0.07049634389357	-0.838838440648166	169
0.0587062739721098	-2.02328057463697	324
0.0689028277436101	-1.88939543195216	822
-0.0230117474542602	-2.21380334737016	683
0.0309772669851101	-1.60518406335102	227
-0.0373373707284101	-0.135193564980187	769
-0.03245871986105	1.1037116167393	212
-0.12429755466565	1.70159258728343	212
-0.01151247558612	-0.599345009366378	365
-0.03189215130267	-2.20124577184755	365
-0.0775507546602698	-1.79386688021121	91
-0.11241103422149	-1.86758010977196	611
-0.0514809249652699	-2.25402966632209	611
-0.0456369670401302	-2.23606736183211	296
-0.12487616021983	-1.48061915584322	169
0.0802463881721001	-1.98144399201804	169
0.0670082237577501	-0.797403262775319	169
-0.04552047419191	-2.18724131754275	169
-0.0345357624317502	-2.20667955608924	169
-0.0657270920461701	-2.21799405777782	822
-0.0388163963088601	-2.17184685294846	227
0.11397836660368	-1.19182198795417	250
-0.09988063010218	-1.39066760119573	212
0.0897728300121701	-1.84529560342271	667
-0.02321320177631	-2.14000778488046	667
-0.0098879127751399	-2.1538635457006	667
-0.06621466637292	-2.25174843992046	365
-0.0751404556787798	-1.80355740206441	365
-0.0935485506068301	-1.83705311817986	91
-0.11301136777433	-1.95853845214324	91
0.0566993839575298	-0.74045556812013	611
0.0473818590224702	0.736653371703777	611
0.1171172477282	-1.78827441642842	296
0.0983114304187001	-1.91384094317115	192
-0.11272392417832	-1.41191431480399	169
0.0872446225124701	-2.48958691623366	27
0.0923400926729498	-2.49432599420919	27
-0.0219464445001498	-2.1625931828876	716
-0.00885244077614988	-2.20523336737914	716
0.10787424421466	-1.87258021662384	324
0.0923621614869301	-2.43268647530737	243
0.0958372769954399	-2.47587132595781	634
-0.0122701809057499	-1.68126749865945	89
0.0863963447239899	-2.45149830328875	667
-0.0940038874145501	-1.40088230089626	667
-0.0435171049665701	-2.21831765873865	365
-0.01769730966191	-2.20566185029165	365
0.10417661677808	-1.86920042413078	91
0.119816919624	-1.78361550561173	611
-0.0757488691987902	-1.8449398150411	611
0.0717417613531199	-2.49537391245338	192
-0.0574969128139999	-0.163331151544174	296
-0.0938959189548498	-1.40938645690407	169
0.12349321097202	-1.85269492873725	169
0.0256918069074499	-1.49303231165215	169
0.0871658340110502	-2.4795590915426	27
0.00239585120462982	-1.54115027285833	116
-0.07788067540795	-2.38985444853149	683
0.12278739541747	-1.16248614457174	227
0.0893825032697899	-1.95003697451943	243
0.0772499907136002	-2.48853356425544	325
-0.01143195092199	1.98557658514252	212
-0.11102929949343	0.142555902471655	212
-0.0447650441343002	-2.2474334544547	667
-0.0639028977817602	-2.27035421103031	365
0.10054538628163	-1.88583651694618	365
-0.0346485429126502	-1.29829669713232	365
0.0936701565919602	-1.84401800488451	365
-0.11489917708085	-1.44634992061238	611
-0.0117521486052499	-2.20699175723891	611
0.10464532225951	-1.80523630638893	192
-0.0224873519668498	-2.19376514802354	296
-0.10650681488583	-1.8506500483374	169
0.0910466581196401	-2.46929405939458	169
-0.0565902895327701	-2.19104132098977	169
-0.0686843247684199	-1.86965097965722	169
0.0992102189020101	-2.48361107190343	716
0.0923621614869301	-2.43268647530737	27
-0.02588475873748	-2.15912924554286	324
0.0162721793348202	-1.56407937807076	116
0.0481436920376801	-1.50671598686028	116
0.0113440666503299	-1.5336277257386	227
-0.0994283627678199	-1.86513990054494	250
0.0836788754532498	-1.87046097314778	89
0.00874251524908987	-0.548538781046696	89
-0.0454402208463902	0.440620117495788	327
-0.0474492867371201	-1.28348956427948	667
0.03001603270679	-1.4988555026315	667
-0.0473764571673701	-2.22774506739995	667
-0.01828384234729	-2.21942323776834	667
-0.0846048856467201	0.670765948207857	365
0.0647055590944801	-0.831164902971613	667
-0.0491734864647899	-1.2454265784368	365
-0.11516699109235	0.0791772076896482	365
-0.0761707643732201	-1.75447952982048	365
0.0823122235437199	-2.49067948415425	365
0.0448519048620701	0.322851904218873	365
-0.0442446467370901	-2.19864637803863	91
0.0751116852148299	-2.48718294085976	91
0.0806054255521298	-2.48967114480814	91
-0.0347227963403398	-2.17412052512837	296
-0.0231033871374802	-1.11750857235163	192
-0.10740320605743	-1.42883488751791	296
-0.0386813016304699	-1.1528963065466	296
0.0571341903979801	-0.779972475275961	169
-0.0144425000299599	-2.16457661091456	27
-0.05062274652837	-2.24350003682255	324
0.0856339257333998	-2.48503923991115	324
-0.10874029407905	-1.87040238973001	324
0.0763883635851999	-1.91433926324828	324
0.10517804800341	-2.48073371516024	293
0.0904548721823399	-2.49307386261423	293
-0.03667872995082	-0.145214776885945	116
-0.00187581062444009	-1.04416344963364	683
0.06372757189102	-0.736857514646362	683
-0.0518452958711699	-1.22953500200786	227
-0.11051682498246	-1.90881726943018	243
-0.0684310557390302	-2.24903939231899	243
-0.0516916337990998	-2.20043217011111	243
0.10511713215648	-2.47855719651087	243
0.10453082769448	-2.49919502166101	325
0.12234049574984	-1.81766000869372	325
-0.11837969958238	-1.88760911083252	250
-0.06974186812442	-2.27709661278732	667
0.10322849177576	-1.83413322359858	667
-0.0732269255286702	0.80968402660585	667
-0.0265329213239598	1.11127099765066	667
0.0870487292316899	-0.110414846035855	365
0.11946564610771	-1.77130512161853	365
-0.0747254698459501	2.02899731992219	229
-0.0752786700274801	-0.78862884062764	229
0.0823877047069899	-2.43896340583532	229
-0.10723228252247	-1.39723449051316	229
-0.00939256305127012	0.108351911616079	296
-0.0386347013839901	-2.22039465824492	296
-0.0309655677091998	-0.691590892334418	296
0.0644631129793001	-0.326055370305136	296
0.0676117619505798	-2.49775656991476	169
0.0117394309697998	-0.385799357469993	169
-0.0468588927890798	-2.27585686194267	716
0.10031141945057	0.6180970798935	324
0.10077714523553	-1.79269678883932	324
0.0226409571905601	-0.437742306183368	324
-0.0523131137606598	-2.25096256921189	324
-0.0879741005165999	-0.948354043579053	293
-0.03611026457216	-2.20605170388261	822
0.07049634389357	-0.838838440648166	822
-0.00539727929009004	-2.21947273935437	822
0.0990595535755099	2.42453630856408	822
0.0931562606547698	-1.31235826401145	683
-0.0945235331910199	-0.884111590800387	683
-0.04276853707103	-0.0947481533103858	683
-0.0582376177538801	-2.24264966009749	683
-0.0940995052156901	-1.93545797324055	293
-0.0871743814905299	-1.824709236803	293
0.1124170084993	-0.569030903591495	293
-0.09478569322	-0.952410306909151	227
0.02810310931855	2.00216127648265	227
0.10369891021517	-1.85564021384722	227
-0.0476244209912502	-2.19657070787647	243
0.0370765623671101	-0.460297723103046	243
0.0850445875753598	-2.43916759266106	634
-0.0564450271100498	-2.27725619878806	325
0.0439771678145902	0.322997228063874	325
-0.1200563495865	-1.94451846971722	139
-0.0747684499280701	-2.31470010068518	109
-0.000216088739169784	0.0873666913562223	853
0.02045060622177	-1.60952938960212	89
-0.0788199400495699	-1.77045128603394	667
-0.12074416879647	-0.512518703060315	365
-0.04423642383487	-2.1829818942743	365
-0.0562400095075302	-2.27238560582044	285
-0.0245232338047101	-1.12809930511488	229
-0.0897677898015501	-1.86679926615696	229
-0.0510310274253798	1.68562819787708	296
-0.11208937311235	0.0310207322951621	169
-0.0433239904575	-2.22714764087136	27
0.0943735618199102	-0.118784770684878	324
-0.11426057684756	-0.515264941071088	324
-0.0787081765234201	-0.782967434581227	324
0.0796987733485399	1.97774643806762	324
0.0855142590407998	-0.0648264498606315	324
0.0887140106327302	0.694955193133269	324
0.02742897983816	-1.46944884085738	324
-0.0218137981348798	-0.628747526121684	293
-0.0580210605521998	-2.23552645264804	822
-0.0764930628082898	-2.32242714516758	822
-0.0671012809898302	-2.27449376798739	116
-0.0687926442426501	0.99474026929888	683
0.0183571228924602	-1.48725503453194	293
0.0392687112124301	-1.5443343289744	293
0.0590106387542702	-1.92271152336864	293
0.0587952535723999	1.14193204724691	227
0.0247155185459	2.17330363012583	227
-0.10837853915008	1.82944698171642	227
-0.0774953862563801	-0.175671671577128	227
-0.0141390083911301	-0.040584074589157	325
-0.0480533267329002	-1.20075151219849	325
-0.0335866108637699	-2.14892850899097	139
0.0320286407917001	-1.46370282456786	109
0.00432845527110981	-1.53356535127259	109
0.0974387568080899	-1.25313892490237	250
-0.02314933061179	-1.17047225844458	926
0.0961132758253598	-1.81561457356539	667
0.0818461402288402	-1.90714496642816	667
-0.0777489440358701	0.730538510217216	667
0.06582705918759	-2.4698052428152	365
0.03389267257301	-0.373637433051901	365
0.0592155795876099	-2.49133263934049	91
-0.0912110976655298	-1.82082038142378	229
-0.0912588345141701	0.819391654595273	192
0.0709610731426298	1.23970310503591	192
0.07790163025558	-0.149807699783289	192
0.0906277852541799	-0.712852763923787	192
0.03448955141711	-1.43317186011851	296
0.12287295732166	1.44581707719994	296
-0.0240199561960401	1.80592659968	296
-0.0286135032759201	1.02573727144054	296
0.0673197067920701	1.04404477384883	169
0.0103864829130602	-0.383872334815992	27
-0.04946776148229	-2.2210765623925	27
-0.01712391117097	-2.14274988018977	27
0.0295701105836899	-1.55163779547633	27
0.0352863660508498	1.55688107224812	324
-0.0141014205237799	1.19594674075653	324
0.0976888373703502	0.630174319046989	324
0.11603194073502	-1.24900980753745	324
-0.00351190292274017	-1.62261466577974	324
0.0448884665622198	-1.51315538124701	324
0.09267200940667	-1.80737161744991	61
0.0878387244711698	-1.8617018511694	822
0.0847983279846201	-0.00581750391406999	822
-0.0588277492703702	-1.17977014037008	822
-0.05324719207796	-2.19016184797197	822
0.0784037630618002	-2.47556149459638	293
0.09405717060582	-1.81458537505591	293
-0.0740915343213402	0.947885887873801	683
0.00402223169141003	0.0895628382318234	683
-0.0916239322839401	1.4567682507146	683
-0.10984587797701	-1.86077271545911	293
-0.11477878334616	-1.39324492013804	293
0.0153232417239102	1.49984125231989	227
-0.10860988974889	1.31239901914021	227
-0.11943544720617	-1.85827254466273	227
0.11412449242774	1.98457815794044	227
0.04177448917308	-0.952240682866941	243
0.12039515955478	-1.83231515709145	634
0.0832466433397601	-2.48551371399824	634
0.0797128303139201	-2.48782982721447	243
-0.0660679629370899	-0.102933850307398	325
-0.11046968193452	-1.92122068785616	109
-0.07059927061924	1.5146927904376	250
0.11279510927404	-1.26060597202596	926
-0.10877773678213	0.197343747876236	327
0.0868883995960501	-1.90381669242513	245
0.0916932107536299	-2.47597374015919	667
-0.00825621582576996	0.50939349668368	365
-0.0602901526106501	-1.79593896533209	229
-0.09523974184276	-1.39555870469033	192
0.04402516767927	-0.906986919274524	192
0.0570271405714999	0.431828504805395	192
-0.0886423416381601	-0.575679101419425	296
0.10046572570511	-1.80344253775474	27
-0.0508087540933899	-2.25430454525886	324
-0.12474440907662	-1.01626317953455	324
0.09737940197031	-1.87043884337341	324
-0.1034750175414	-1.82618721829478	324
-0.00279561844745979	-1.08491174828203	324
-0.06982407614325	-2.30862699303981	822
0.04395299434657	-1.50266553474552	822
-0.0523992854822599	1.71141130993199	822
0.0739822930373899	-2.4956737265217	116
-0.000245014639780106	-1.156180678212	293
-0.0374164582323702	1.84019836219996	683
0.0269334694707899	1.51976170364991	683
0.10938491607082	0.0833457462428218	683
0.08344976084694	1.28392570053128	227
-0.11189891700688	-1.37591280718856	227
-0.10959864091793	2.25587943154001	227
0.0640590893649899	-0.0875582097771295	227
0.0481919307802201	0.258712475679923	227
-0.0402633094430702	-2.15580398496369	634
-0.0603713669687602	-0.119079363397975	325
-0.00793371167070012	-0.601703233309954	325
-0.0356018786674102	-1.12628294082219	325
0.0893597434434601	-2.00162785101156	325
0.0813372614179699	-1.94144948467384	853
0.06399394919911	-0.276399933382243	250
-0.0590377742338299	-1.8877422342382	89
-0.0517050794400999	-1.13744062857486	66
0.1051930368885	-1.88250021090801	667
-0.0171082249166798	-0.591203295666887	667
-0.0204999605113798	-2.197064790219	667
0.0463309407011501	-0.826461004837912	229
0.0990573417035101	-2.43340832988201	229
0.00584415651643999	-0.522210272431207	296
0.0782550006993299	-0.0267059378238441	192
-0.0256193169401202	-1.13967398155034	192
0.0899059787757999	-0.080283687071848	296
0.12403393117823	-1.79012987095759	716
0.1108409838236	-1.83028866756447	716
0.12081842601342	-1.84777441463542	27
0.12122109911106	-2.46227138216537	324
0.0662297998943102	-1.56348528050151	324
0.0778830781319302	-2.49769646651277	759
0.0663530233013101	-0.856561141440746	759
0.11003852950834	-1.1499028000943	822
0.00393664170682984	-0.426189352598012	822
-0.07381858569221	1.57100434260753	683
-0.0970739899578801	1.34188054450188	683
-0.0521680910926898	0.321158292450978	293
0.11118802704721	1.91355758264912	227
-0.06803623579526	1.54191242806278	227
-0.10640842104612	0.765664395699274	227
0.0784902068859901	-1.90848418852818	634
0.0877348910497502	-2.46798576985419	325
-0.0200543447372801	-2.22497290650704	139
0.0553693591644402	-1.97519069948897	853
0.10337377448201	-1.27310970659345	853
0.0230702391027902	-0.454919579201323	853
0.10417398702589	-1.29581508923438	853
-0.05161449474932	-0.159454353032635	250
-0.0264313403879002	1.21075921537886	250
0.0555212665220499	-0.812326227460177	250
-0.0771510995631699	-0.874139509326869	250
-0.0510217702261802	0.408528052759547	250
-0.0594356240503902	-0.0957656181491462	250
-0.10750853145238	0.0449732303750059	817
-0.10351024015794	-1.84413556892126	179
-0.0641886800125402	-2.25543971823359	667
-0.0627658976368601	-2.26359696131332	365
-0.0437250686022601	-2.18494200801424	365
-0.0876451407247698	-1.88861386412833	229
-0.0383077104498599	-1.24819295631687	229
-0.11300376084315	-0.4114428484395	229
-0.02094396520988	-2.2183204353595	229
-0.0927394287441299	-1.82797540754481	296
-0.0662099099906399	-0.77036902343311	296
-0.0833119849537298	-0.770488873818644	296
0.0453905715434702	-0.903278944639269	296
0.0337388150305298	-1.51919682102432	296
-0.12296572136445	0.119195067511275	296
-0.0622022578622001	0.349583033066735	296
-0.0528385280438499	1.0305464606858	169
-0.0308141879694599	-2.1470947620431	716
-0.0630848385557501	-0.782636716660579	324
0.04719460638796	0.385184471092585	324
-0.0553931162782302	-2.27760931653392	324
-0.0961262071448399	-1.8624165960701	293
0.10343024006147	-1.87755265756835	293
0.0717517170855002	-2.48605808524397	293
0.0684799313087199	-0.840464156466541	759
0.10905764416221	-1.87639473057575	759
0.0550003413511702	-0.151359416634373	822
-0.01686108242715	-1.11666334617863	822
0.10846122931799	-0.645948237917082	822
-0.10960737155398	-1.39871445650119	293
0.0956416577971999	-1.89466462109115	293
-0.0281979963579002	-0.597986447316832	293
0.04930422990043	-1.01159283795199	293
-0.0296579138004498	1.87211494763389	293
-0.1137325822293	1.29726549873176	227
-0.07615633077301	0.254775065278861	227
0.0955436431937202	-1.8319834860748	634
-0.10270124245215	-1.83596511178776	634
-0.03673834233431	-1.18740205276795	325
-0.0359972836814602	-2.20442099917575	109
-0.12452048966453	0.0584919798691281	853
-0.0580334514763701	0.195197631675225	250
0.0729163574028502	-0.801753156687227	250
-0.0614325043219401	-1.28289423264408	250
-0.10497563965986	-1.86841128726937	250
0.0191496666020399	-1.50902823827762	250
-0.01482546836445	-0.540433807849515	250
0.10897433981833	-0.0796623687426132	250
0.0980648361624201	1.35600736310828	250
0.0945528192419798	1.37872980032362	250
-0.0509435165658401	-0.20330531593903	250
0.1073681623156	0.667375916596773	250
-0.0410415991866802	1.70423600501163	250
0.0333762792863399	-1.55283803993594	926
0.10574116882687	-0.0974356347649437	678
-0.0460383591501699	-2.22102510810447	667
-0.0111171162862802	-1.0719089844775	667
-0.0344758328010202	-2.22805671085487	667
-0.01446978635003	1.30926225305154	365
0.09445714804396	-1.8733256448442	365
-0.0239491266598	-2.19153614368292	229
0.12352317496418	-1.85282357598719	229
-0.0589165759724799	-2.3005394888748	229
-0.10915949906439	-1.88482518938606	229
-0.0260193417175199	-2.16001697964208	229
0.0964482783693201	-2.48520304949793	229
0.10026184274187	-0.816406116877131	296
0.10975031553506	-1.79406503325507	296
-0.09711519189081	0.661822871860484	296
0.0905314960448602	-2.47493308986661	27
-0.0312091097654901	-2.25152373939616	27
-0.03775484006671	-0.694716256319018	27
-0.0200948022436398	-1.22700512029517	27
0.06472053161658	1.56333427805584	324
-0.0954949089170598	-1.88193378727021	324
-0.10954449532805	-1.96316790809707	324
0.0863963447239899	-2.45149830328875	324
0.0361018509403901	-1.4456792019269	324
0.0364321133111698	-1.43044580818526	759
0.06380660655307	0.372054947970433	293
-0.11058903980232	-0.443829884306794	822
0.0674309029525402	0.526467143534391	293
0.05560158727726	-0.876115855802845	293
0.10437200230706	-1.8121245863646	293
0.0329844795490302	-1.55723815021868	293
0.0676217403320498	1.09665155347026	227
-0.0164733306734002	0.645032766977216	227
0.0567912199784999	-0.874764055097629	634
0.03912048598808	-1.4651080744698	634
-0.0541082131803199	-0.0823356269955573	325
-0.11133243878058	-0.938676494751503	325
0.0931283022942302	0.653320392619122	853
0.0228094108543901	1.44394512585879	250
-0.0382253774553298	0.62460729282577	250
0.0156627965717799	-1.55456229852555	250
-0.08147179171897	0.814764421639525	250
0.0080858489217599	0.0415768635142797	250
-0.10719781259131	-1.85723082041761	926
-0.0421592025037301	-0.194343418682103	122
0.0282364522240202	-1.48110278833244	667
-0.0359853492228899	-2.19638919332615	229
0.0911711663547199	-2.48406242528817	296
-0.12372262175854	-1.14354060697279	296
0.03485680860206	-1.47365119156393	296
-0.0915441395522798	-0.913321150776865	296
-0.0993646771948602	-1.4994975194131	716
0.0898921490196001	-2.48226994246331	324
0.0211581111800099	-1.48581767983039	293
-0.0931689366206401	-1.8346689797954	759
0.0612343288551398	-0.917274924424128	822
-0.0863499525479501	-1.77619371546537	293
-0.09985858465939	-1.83551120775821	293
-0.0164516106954	0.0974206141208347	293
0.0596367872604402	-0.875795708683345	293
0.0978982500551999	0.680725156358984	683
0.12192195357369	1.52842159791295	683
0.11082187176881	1.26630424876899	243
0.0938242741810198	-2.4719517321878	243
-0.0729928645717601	-1.8655953133743	243
-0.0717584229393302	-2.2393118256142	109
-0.0240368617492299	-0.177487244185173	109
-0.0301463726065299	-1.08736869978235	250
-0.000551997507010071	0.0530961287112532	250
0.1084765116462	-0.564750114100683	250
0.10927342980859	-1.24927822341118	250
-0.04761014630818	-0.123012256258495	250
-0.0863181671317101	0.223453557858557	250
-0.0154287686208101	-0.468496322921986	250
-0.0333191027367401	-1.15351825867991	250
-0.0226565596996302	-1.12240169722912	250
0.0487655404862601	0.428977608645124	250
0.0138079257202	-1.57816721137267	926
0.0110568101866	0.15073754056321	380
0.05504523159368	-0.724223104274998	380
-0.0259513279498602	-2.19644615616091	122
0.00358070220435014	-0.356749125282669	122
0.0836622837754999	-2.48523604977828	229
-0.0727881070652301	-2.29168763472115	169
0.0850719395980399	-2.47226328894183	27
-0.0867271990514702	-1.8523580578549	27
0.0755735427964801	-0.76831035777912	324
0.10344088865229	-1.82756559548164	324
-0.11652833786402	-1.43929225836783	324
0.10878443713742	-1.86975731098639	324
0.0979632651531301	-1.81333361369973	324
-0.0830768918654599	-1.80046962095388	61
-0.0289859205296001	-2.16848518281963	293
0.0765250522332202	-0.854734151251159	822
-0.0934061685221099	-1.92917943862802	822
-0.10869717254021	-1.91044238435232	822
-0.10773485361335	-1.90670787528165	293
0.12383849225991	-1.19250122242728	293
0.0867320332306201	-1.84840405990266	293
-0.03899487792276	-2.17292594649083	243
-0.0381824067643302	-1.19166655196645	243
-0.10836350620856	2.08908361075643	243
-0.0427964511666001	-2.210658086833	325
-0.0427654646642499	-2.18165144631465	109
-0.11733593216082	-1.37905396765757	109
-0.0775025748103699	-1.80014540309978	853
0.0579037341789501	0.392527230209963	250
0.0747654943520102	0.407251997150919	250
-0.10618175282253	-0.493450727139949	250
-0.0563084717821498	-2.27348608524521	250
0.0890547994804498	-2.48522822584728	380
0.10113257972232	-2.47826442945299	678
0.0684066641594199	-0.744210829418815	229
0.0806301957980602	-1.91947267536755	296
-0.1238214272899	-1.51730114472644	324
-0.11858265650466	-2.02127912425454	61
0.10375907913121	-2.44195082478277	293
-0.11404744362856	-1.00480499993095	822
0.11222432809741	2.22230498145285	293
-0.08514914255472	1.42377330773144	293
0.0567667861072101	1.79483619482526	227
-0.04853818752381	-1.31202218795943	243
-0.08386863248198	-1.85591419920443	139
0.0413201213054899	-0.93264622515785	853
-0.0310400625796401	-1.19517872575958	250
0.11635659846368	0.70362003579112	250
0.0101447478566898	0.61732209271569	250
-0.0668457831215901	-0.785531955848286	250
0.11316214321277	-1.21964372898033	250
0.0847892280546101	-1.8351607836969	250
-0.103621683612	-1.40098765712705	380
-0.05840343864597	-2.25600025127727	678
0.0124643097197898	-1.56812011094056	67
0.030779067873	-0.909620270328141	91
0.000713448199909816	-1.63988361686405	229
-0.00487491828608988	-0.434014754818465	229
0.0730865899656599	-2.45761583877298	229
0.0805449673236498	0.31481219038527	296
0.08764633206812	-1.89694767378548	296
-0.0035543125521702	-2.16740094786994	716
-0.0789673070112	-0.776410342353139	27
-0.03857625853201	-1.31682284244148	27
-0.0179680809548999	-2.12739413842782	324
-0.0140838784164998	-1.01935424579988	293
0.0229885702110999	-0.409023263079559	293
0.11945509306048	-1.19522275773807	822
-0.00837638347495995	0.182621806648616	822
-0.0368478905965799	0.644222043529314	822
-0.10737460619308	0.616737502205045	293
-0.0992706661937799	1.82099639729559	293
-0.0877425855399601	-0.763090627015787	243
0.0479366214354	-0.773147483836395	243
-0.0198064550121599	-1.13402065870156	325
-0.0646525217726399	-1.39449677707265	109
-0.0582950601580299	-2.29107816095368	109
0.0437396021772001	-1.46888182035384	853
-0.0561096980370599	-1.32931958341783	250
-0.10849907316554	0.593774045318546	250
0.01858939200301	-1.45637612050511	250
0.10733557557765	-1.80403568170828	250
-0.12353797306421	0.0365210349536866	250
0.0682520818648	2.29140977006262	250
-0.0165751431218699	-1.13856048515791	853
-0.0566455950083702	-1.21669171989164	250
-0.0213608302189701	-0.0973631288955099	380
0.0548759157480099	0.465727838579349	380
0.11301333127765	0.136724364647447	667
0.00204324674272005	-0.48363757926085	229
0.07934589570749	-0.658586845413917	229
0.0931830977369601	-2.47072312821822	27
-0.0208594776729001	-1.17915152368836	27
0.11296724688094	-1.84633652041112	61
-0.1010307238545	-1.86819780552711	293
-0.07052487662498	-1.80890927444295	634
0.0836327358265998	-2.47602532866454	243
0.0591154266863101	-0.227862129016905	109
0.12344824162885	-1.27845259567565	109
0.0562751950723701	1.79892699565021	250
0.0400050137061401	-0.886535455775173	250
-0.01875833456308	1.13232060777877	250
0.0786752420219701	-0.203377841649115	250
-0.11362780464329	-1.36217449411422	250
0.0123568175600002	-1.50925826675289	250
-0.10421153101847	-1.84139509177091	250
-0.12136992572706	-1.4696434195336	250
-0.11565536449114	-0.357074130225643	380
-0.05559443589889	-2.25103501420291	678
-0.11935787872595	-1.96479404342675	91
-0.0339138310093099	-2.21610424134356	296
-0.10214904470652	-1.39624799068878	229
0.0977663161422599	-2.4969341584336	296
0.10779877763415	-2.43986686494735	27
-0.0469480235231599	-2.25770366872035	27
0.0750400705290701	-2.49427364736094	61
0.11450687108925	-0.651786400810485	61
0.0739822930373899	-2.4956737265217	759
-0.0888790881183099	-1.8720562543373	293
-0.03673099331521	-2.17572725869156	243
0.0765603953891101	-1.915122341573	243
-0.0978839816238102	-2.41668541780641	243
-0.0320104427299901	-2.18198234336202	243
-0.10449557281395	-1.48468210627284	853
0.10615436551451	0.548334497699495	250
-0.0228332130881599	1.05198080288146	250
-0.10634535782313	-0.000731922902397209	250
0.000923746539629899	1.46952755625415	250
-0.0761774787301999	-2.31559467643404	250
-0.1244443218516	-1.49421943488431	250
0.0581138047749699	0.364591418745132	250
0.10508140901475	1.8600295473193	250
0.00990222626829018	-0.410218438819968	380
-0.10564519718339	-1.85917055275062	288
0.00148561430652983	-1.58099111322977	288
0.00199508565439999	-1.56520276773018	667
-0.0545804000956198	-2.21041499710411	296
0.0421841657789601	-1.48342626391097	324
-0.0220276619742101	-2.17278746228784	324
0.0739822930373899	-2.4956737265217	293
0.11664548838524	-1.7945385063971	293
-0.0363448856896702	-0.0393579296474904	243
0.09836812472075	-1.29450764842906	243
-0.11172357808351	-1.45566006698369	250
-0.0903623204700099	-0.84179133569604	250
0.11815454338558	-1.81549538933402	250
-0.00841474752306004	-1.10530253030755	250
-0.0968118431126399	-1.82789976262818	380
-0.10464464582743	-0.413434329942967	380
0.0866917622568502	-0.0832657236784842	380
0.0131192755552099	-0.402695582016668	380
0.07797440093877	-1.91270748807696	667
-0.0613431139554201	-2.30703722483385	91
0.09570264677409	-2.47290573509587	229
-0.0379730633989199	-2.20597506484052	27
0.12226221907883	-1.84467973003063	324
0.11780082270982	-1.24706919037991	293
0.0806054255521298	-2.48967114480814	759
0.0798889609934301	-2.49550990678286	759
0.0812927380300499	1.24576562898595	293
0.0784060248208802	-0.12282369516886	293
-0.11249069819169	0.611080517704561	250
-0.1023164130818	-0.495440749150065	250
0.0556670405245598	0.991932343991328	250
-0.12357632436861	-1.40390559340637	250
-0.11873051769806	0.711740008183671	853
0.05605587592534	-1.40198418517589	250
0.0274270182858398	-1.52152250061341	250
-0.0190958022068601	-1.09440075966546	380
-0.10078838137035	-1.53945912068663	380
0.04246962371333	-1.47293153393647	385
-0.00747778384365994	-1.11714200703562	380
-0.0888392882763598	-0.81306092996924	288
0.10394438417185	-1.78711288353263	245
-0.0321228915599998	-2.19515131579108	667
-0.08942610151187	-1.8180277765262	229
-0.06662464895718	-1.82175431504642	296
0.10795566635586	-1.86565980248946	324
-0.0133701398185999	0.0384619588036248	243
-0.08838284734856	-0.836548956648778	243
0.0881105657879	-1.89933342404446	250
-0.02750938765739	2.42349952328086	250
-0.0563084717821498	-2.27348608524521	250
-0.04339914438818	-2.24716897716799	250
-0.0829125167515299	0.21473035929835	250
-0.05705833406582	-0.778614171684033	250
0.05817218716594	-0.137851492438273	380
-0.11722162429049	-1.37455957212672	380
0.04680973807154	-1.39997443892408	380
-0.0293865634206201	-1.10144427102434	678
0.0753209314051002	-1.92250330681441	229
-0.0269633477901099	-2.14716859979444	229
-0.0105084488926899	-2.13832691714122	229
0.0904100215727799	-2.4880654575074	759
-0.0596525665380301	-0.766538852738887	293
-0.0581408904492999	-1.83325322085228	822
-0.0960960937098099	-0.473781222785304	822
-0.10634635662836	-1.88670110743606	822
-0.07955910702993	-0.896943237715599	293
0.10173451317627	2.19715353542422	243
-0.08673379091573	-1.77325375400387	853
0.10909942254417	-2.44272579534208	853
0.10613039960182	0.550387090651137	250
0.00661688655690007	0.788744684208267	250
0.0832175415762699	-0.863285189807732	250
0.0765603953891101	-1.915122341573	250
-0.0244070297171501	-1.73049382937283	250
0.0449020080446898	-1.50062027384127	250
-0.0240734488207002	1.25152084875297	250
0.11613289404872	-1.79655048455361	250
-0.11599711479059	-1.37181262122242	250
-0.02094396520988	-2.2183204353595	250
-0.0406154793192002	-1.10126242776758	926
0.02968066748323	0.238828150953198	380
-0.07993300947799	-0.758799029272584	380
-0.03930418030866	1.1705149721278	380
0.10394438417185	-1.78711288353263	678
0.0776972456323999	-2.49686168672823	667
-0.00724721541322992	-2.14778325967933	229
0.11911890361998	-1.24858452941099	229
0.11856154942374	-1.84855497020496	61
-0.0737764077313701	-2.29290468713754	759
0.11742089065307	0.0143988331007128	293
0.0399615008706302	0.912020339976057	293
0.0346967271352798	-1.54624690085037	822
0.0139567047447899	0.0486687644104897	853
-0.0304712685543702	-1.24600979389181	853
0.0412801035322499	-1.44333498824884	250
0.10840507396124	-1.87699855460501	250
0.0594306332322798	-2.03203485682683	250
0.0872446225124701	-2.48958691623366	250
-0.11573730984221	0.0531567708580001	250
-0.02671649873013	-0.837709105309601	817
-0.0141502130466402	-1.63636608146055	380
-0.11554578532162	-1.40852306810173	678
0.10369801746218	-1.8298999281704	678
0.11523382209468	-1.21039371751595	67
0.0357839130579101	-1.46850072478527	667
-0.0726823483669401	0.352390716313966	194
0.0933145267631499	-1.82911462017491	61
0.07644785654416	-2.46653536193763	759
-0.0583828791030601	-0.11637019210904	293
0.0320503172159801	-1.56934997929931	293
-0.0463601377125902	-1.15835282402887	293
-0.0730518896318202	-2.25329181475211	243
-0.0360828641827	-2.16250228606346	243
0.04839568411664	0.991255001290872	250
-0.0738207474402199	0.904217042381915	250
-0.0560512727895901	-1.23230743248268	250
0.05708206614583	-0.751565027898966	250
0.0133893092081498	0.722338311847388	250
-0.12232030827403	0.589830113895757	250
0.09982783407514	-1.88408479857567	250
0.11439554125978	-1.18611093725825	926
-0.00804661265111006	-0.487191020765492	380
0.0646826575499202	0.419558723797794	380
0.107692815464	-2.49248240639313	229
0.0770816835891899	-2.48895542865682	716
-0.0451968442586401	-0.699618781591282	293
0.07405432310903	-0.0382685982358293	243
-0.0595382113635199	-2.24660853650118	139
-0.0384263692654701	-2.17813959220222	109
0.0483899043573199	0.292500744998767	853
-0.0842025805619899	-0.82474125855094	250
-0.0717762920048002	-0.286392063962668	250
-0.06803379531955	-0.90667704251431	926
-0.0835189678585602	-1.40560182819898	678
0.11788401006883	-1.84910855676579	667
0.0889846386573598	-2.45452834032447	229
0.0766172209287599	-2.49586930731753	324
-0.03630650655928	-2.27330461238845	324
0.0282927798114301	-1.46356141473438	293
-0.0208184230772801	-0.548266635212855	293
0.11811069628991	-1.79468629769116	243
-0.00955969868461981	-0.627672705643461	243
-0.06369371030662	-2.28332012884842	139
-0.0945348158838502	-1.89087303138429	853
-0.12260475562714	-0.505789697668494	250
-0.117342450366	-1.44921430589531	250
0.03957990012211	-1.43822144417529	250
0.03066327474634	0.334291862023783	250
-0.11730072537062	0.0238255106932579	250
-0.0280430754183798	-2.16922944437404	853
0.0343373367776598	-1.45860294646709	380
-0.11507898682144	-0.439801529954437	380
-0.0927134198762101	-1.77852907121998	667
0.10577075839534	-2.49658064347781	229
-0.10457067083874	0.0176446059951543	27
0.10511946874037	-1.82221970142844	759
-0.02335462755038	-1.10679238074289	293
0.08271240017576	-1.88521886035374	293
-0.0921105702841398	1.89378411160143	243
-0.0058965650868501	-0.480712614106394	243
0.11967583581188	-0.00549579218620178	109
-0.0964639209192502	-1.86189328644462	109
-0.0353869888117302	-1.14702240824828	250
-0.05253486594864	-0.732821062494656	250
0.05292144710267	-0.832594531112026	250
0.0762892440862002	-1.88799961802553	250
-0.0451185812967099	-1.19010737008814	250
0.03490104518279	-0.910703390149552	853
0.04591678713961	-0.793674565454474	817
-0.00188434351249001	-0.398610879443501	380
-0.0279676317678299	-1.14649947038783	380
-0.0445343232475199	-1.11634112641551	229
0.09419483701619	-1.89227828436313	229
-0.0184007770172498	-2.17134489542418	229
0.11617377792458	-1.83999888387455	229
0.0746135802125099	-2.49627358912943	324
0.1015282869254	-1.81370218903542	293
-0.04793355548912	1.00436136304675	293
0.0212945942896501	-1.46319658465453	61
-0.10050448242401	-1.48101280055537	139
0.0501476123604299	-0.90520540632488	250
-0.0957279055539901	0.0593198740365484	250
-0.0866261794110601	-0.34050884287083	250
-0.0636968840944001	-2.22547496836273	678
-0.0338194573413801	-1.13541338174491	288
-0.03564792209316	-1.115623560886	229
-0.0664028814569901	0.388290984974199	293
-0.0299215653206	-1.12421697270924	243
0.0337388150305298	-1.51919682102432	243
0.06241184969794	-0.112464686026877	243
-0.02233381116138	-1.07893542330672	250
-0.0707303571168998	-1.87816822314405	250
0.0548479446711698	0.429697589196609	380
-0.01924213261952	0.00945156079310827	380
0.0500768481745602	-1.48796228166578	122
-0.03225576649726	-2.16465946471793	678
-0.0388163963088601	-2.17184685294846	229
-0.0285424787815001	1.06781333021699	229
-0.0206904167823301	-2.21349494577591	27
-0.06050808550023	0.419433578301307	27
-0.10277075517915	-1.83465859849589	293
-0.04171723118839	-1.27087840889083	293
-0.0293104711468502	-1.12838108942221	822
0.12380094843014	0.656793382363354	822
-0.12335804326177	1.18817620792826	822
-0.0586714422040302	-1.24129581176474	243
0.01815233461237	-1.50184451694717	139
0.0688089776335801	-1.94437676752646	250
-0.11119542827404	0.72812762257364	250
-0.0128243123798399	-1.05232627649079	380
0.10879000592488	0.665291651459167	380
-0.06320512715316	-2.23579735732148	678
-0.0651679539032202	-0.757509378325598	678
-0.0942443550993701	1.35349669845782	667
-0.03898117506222	-2.22026662703394	716
0.0958372769954399	-2.47587132595781	27
0.0243239286424699	-1.54129658343082	61
-0.0501469268211099	-2.19935602926806	759
-0.0753290149071502	-0.873456802592667	250
0.0447585179930798	-1.51434233674679	853
-0.0112309428544202	-1.02328036583857	380
0.0751050479939401	-0.753801678269472	380
0.06867996253902	0.562799270159581	380
0.0670552087231999	1.19903673566315	380
0.10178399971415	-2.47944821217726	229
-0.0288714388126698	-2.14986432536824	716
-0.0219538050303201	-2.1990072257288	716
0.0815720347423898	-0.0952031167628498	27
0.0778830781319302	-2.49769646651277	27
0.10647347956828	-2.47492195429463	759
0.0107171625603799	0.195052899072945	293
0.05999207756533	0.392986960400756	293
-0.0641208321064801	-0.822159957331951	822
-0.0581126011015698	-2.27700750265677	293
-0.0211543364747699	-0.585961020301763	293
-0.09766245526288	1.91537076403566	61
-0.0856467151862002	-1.86374751836897	243
-0.0918460845685098	-0.790299735567673	243
-0.08230103589873	-1.86777402708832	243
0.10887173211374	-1.1901201242597	139
-0.0000510175818098091	0.0722882797194302	853
0.0223635779135001	-1.50841200103082	853
-0.0721312653739399	-1.80453429699566	250
-0.0395524988172098	-2.22520488372508	250
-0.0729600210474199	-0.800936854876285	250
-0.0675213608800602	0.405378309401574	768
-0.0275197362043298	-1.137549963729	817
-0.0222765616811098	0.00695873645839917	817
-0.08220788954756	0.363159813478339	380
-0.04762173662695	-0.72359404412054	380
0.0499344826220001	-1.45487716562157	380
0.12468265935312	-0.622170047826801	380
-0.0500232205070801	-0.113479012093765	380
-0.0749862963456001	-0.736078441070577	380
0.11781047489401	1.44395887331822	380
-0.0909235959609598	-1.7921254583707	380
0.10770151724342	-1.20984859057931	678
0.10302564098061	-2.45474475040597	667
0.0565842140157198	-2.4922349707534	667
0.11479671868566	-1.80364071789721	667
-0.10915949906439	-1.88482518938606	229
0.0660683212580899	-1.98169072943852	229
0.0837682985726	-2.49175666570525	716
-0.0657270920461701	-2.21799405777782	27
0.0890569881636498	-2.43573290843904	27
-0.0511182585685499	-2.21711744826824	61
-0.0140551072899999	-1.05255687428859	293
0.10583785413104	-1.8116170222336	293
0.08917506926446	-1.85913802107328	293
0.0587626498613001	-0.855371179799574	293
0.0804193139940002	-2.4881132356616	243
-0.0564960753972699	-2.17755136705579	243
-0.0265786474050098	-2.17153928096398	243
0.0708848565371798	-0.765501431800558	250
0.0877057324410902	-0.712283622833883	926
-0.11508737147875	-1.44493109501565	926
0.0984443669153401	2.05631896497191	768
-0.11452687452569	-0.413970424772478	380
-0.0347047564264198	-1.15678205099149	380
0.00420594493115001	-1.4879322021667	678
-0.0437078070362502	-1.12753733677854	179
0.0603671749017298	-0.160492827101683	67
-0.0452368910005299	-1.24025881384877	667
0.0784037630618002	-2.47556149459638	667
0.0419886626129702	-1.41306733465924	667
0.0739822930373899	-2.4956737265217	91
0.0636055781848199	-1.52508436883512	27
-0.0608998575409099	-2.27771428963515	759
0.0872664613443002	-1.87243960113658	293
0.10295244624503	-1.86027293039314	822
-0.08857447796687	-1.80230301586519	243
-0.0950554912119701	-1.86864782332804	243
0.0137619665862201	-1.68172267397738	139
0.00193231469327992	-1.54304155870135	853
-0.11425637720377	0.0494532337225202	250
-0.000648246873570013	-1.50194310162253	250
-0.10785528897032	-1.03832853975499	250
0.10637710412031	-1.86003853235446	670
0.0675984731511301	-0.784483791060127	817
0.072271847059	1.09343306477029	380
0.0484136652670499	-0.854873912378659	678
-0.0124350204094998	-1.1593096507402	667
0.0885652409546101	-0.656063911913685	667
-0.02122071759575	-2.13330918125706	285
0.0623102558149302	-1.9751412198028	91
-0.0461180979887099	-1.12290601647111	229
-0.0538633505469801	-2.19741188123981	229
-0.0252217645358201	-2.21074463421608	759
0.0719394698694402	-1.93686964985295	853
-0.0830081900821402	-0.351157411198699	250
-0.0650468617417599	0.357797510395076	853
0.0530343146186398	-1.52733794149997	853
0.11790937783395	-1.23133858615525	853
0.07229242449031	-1.89739807144999	250
-0.0986405427586599	-1.88538403688971	250
-0.00439464426920022	-0.517056972649171	853
-0.10864918215182	-0.397222771398231	817
-0.0767859682549301	0.880975149337507	380
0.0163952652789199	1.42864201688187	380
-0.0489413638284999	0.441717026933861	380
0.0369392131066002	0.319227789290894	380
0.0657001159808299	-0.099225583951374	380
-0.1199194365132	-1.9359486753829	667
-0.11906213702042	-1.89857779733563	667
-0.03579847654819	-1.1532569889117	229
-0.0489639439920002	-2.18161966593927	229
-0.0386347013839901	-2.22039465824492	229
0.00150810782964017	-1.55275145296025	229
-0.0630204353581099	-2.2161736543509	95
-0.06436595209275	-2.22080551919841	27
0.0739822930373899	-2.4956737265217	61
-0.0576796422822601	-2.24847557214185	759
0.0984120687671699	-2.43214058454363	293
-0.0721312653739399	-1.80453429699566	293
0.00504760111365021	-1.05154138394577	293
-0.0175252874737502	-1.16568309905814	293
-0.06593395482165	-0.781809986664127	853
0.08559427818262	-0.733742540503348	250
-0.0681303665439099	-0.139116938976881	250
0.0923765738120901	-0.708530032989295	380
0.0418739140268198	1.68129711013437	380
0.10273596812127	0.0439548148796698	380
-0.11722518395627	-0.130250329911503	380
0.07895725024638	-1.86646850387127	678
-0.0309113620927199	-1.11938165007364	678
0.09527256337467	-1.83582599283276	667
-0.05448634612336	-2.17131833761385	667
-0.08128819882198	-1.42603629739059	285
-0.10951246099839	-1.8653565193266	229
0.051682180327	-0.845789561536822	27
0.0355924975203101	-1.4856477568928	27
0.06560456808847	-1.89891154227285	61
-0.0230117474542602	-2.21380334737016	293
0.0906277852541799	-0.712852763923787	293
0.0580029976645902	1.62960290134094	243
-0.11350043258592	-1.92120777355701	243
-0.0859467266352301	-1.76406963448586	243
0.0368617563128999	-1.50708694756517	243
-0.10203528468046	-1.51209305103599	139
-0.0867538984771099	-0.332364507079363	853
-0.0289984005378301	-1.16133804093469	853
-0.0673965661417402	-1.29707607275621	853
0.00123367711116984	-1.59725487793657	250
0.10037233053094	-0.703036608755967	853
-0.11787217958403	-1.44145782314463	853
-0.000187033804599945	1.35763809692475	380
-0.10872935442578	1.28698485254943	380
-0.0480966921612902	-2.25806640848832	678
0.0766172209287599	-2.49586930731753	667
0.00885879791310984	-0.395908054653933	91
-0.0279878124394499	-2.2023378308917	229
-0.0098879127751399	-2.1538635457006	229
-0.04292644960984	-2.20395951957048	27
0.0964799636903	-2.47206031564754	716
0.0930044264573202	-2.44775436220775	759
0.10315061319657	-1.80275954213413	243
0.104445773632	-1.86259681406584	139
0.0114717287183299	-0.516136588411432	139
-0.06575662130694	0.348023409134926	139
0.0793975021412199	-0.722398706115924	853
-0.11306906670945	-1.87341986672973	853
-0.11532223853707	-1.43958291414933	853
-0.10986936635791	2.22833592236366	380
-0.0333716178527599	-2.14000506361124	667
-0.11482483066818	-1.8821978950428	229
0.0472502945809299	-1.40339202152406	229
-0.0437125141191101	-2.16955452918276	194
-0.0226173485201802	-2.14454032963604	759
0.00271612898717999	-1.57888624935445	243
-0.0716785056335598	-0.178828978596441	243
-0.00773463293971988	-1.00701500153163	139
0.1121575904308	0.707609536241594	139
0.0533223952284598	0.9847132158086	853
-0.0974708246917002	0.0884592079779178	853
0.0885329843133902	-1.84096707357404	853
0.07867151964544	-0.196523630809133	380
0.0954146494102601	0.350646488707611	380
0.0332819899708898	-0.878940925694384	667
-0.03697572573894	-2.15684265348429	667
0.11628761188014	-1.80061294897639	91
-0.11136052192323	-1.36979146894083	91
-0.0528621455029601	-1.21371076806561	229
-0.04032771054155	-2.14765802567478	27
-0.0602504635783099	-2.27700192201194	61
0.0893040683151298	-1.89924487632338	293
0.0843859635626099	-1.88808013900686	293
-0.0196155746469202	-1.04318333016226	243
0.12472033629783	-1.0904631735965	139
0.10803532283162	-1.20964994390979	139
-0.10320420380671	-1.8916422079031	853
-0.09787890244167	-0.886245135193829	926
0.0778830781319302	-2.49769646651277	853
-0.10013331263753	-1.81781815767558	853
0.08858409579859	2.00661262281813	817
0.0448036488751802	2.26322190716525	380
0.0405554585488699	0.431543875454289	385
-0.0476304400681	-2.25498570082168	667
-0.0326195656728898	-2.17950608745984	285
0.0883441856327298	-2.4476702476166	229
0.10517804800341	-2.48073371516024	95
0.09692007460285	-1.9334307414297	95
0.0946271925382902	-1.81612232808671	229
-0.0956840426249399	-0.410774126136758	194
0.0990573417035101	-2.43340832988201	716
0.0964799636903	-2.47206031564754	27
0.0931830977369601	-2.47072312821822	293
0.0910077493827099	-2.47852355315543	293
-0.0359126726021399	-2.21135841403978	293
0.0946271925382902	-1.81612232808671	293
0.0433685221163	1.08942836748138	61
-0.0161187360649899	-0.523804539645218	61
0.0780119835943398	-0.775822444952788	243
0.0445638160521198	0.330903701473202	243
0.0400986233368501	-1.45646470343863	243
-0.0993478502488001	-0.470204242613617	243
-0.0549237109206202	-1.21322452557796	18
0.0664558518585099	-2.47044431513026	243
0.0879045709873201	-1.89204176313266	250
-0.0772401310691602	-0.747411284975891	853
-0.07100207431714	1.6624956458232	380
0.11815454338558	-1.81549538933402	407
-0.0427654646642499	-2.18165144631465	27
0.10517804800341	-2.48073371516024	716
-0.0253633107239399	-2.16215051958032	27
0.12025002799318	-1.19648437801374	61
-0.04610427150195	-1.20700212644144	61
0.1097919884761	-2.49192222786668	293
-0.0885219035903702	-0.769655188786671	293
0.0705958479873501	-0.714680589353982	61
-0.0366841262308002	-2.19509505470279	243
0.0662876697824499	1.17463242871276	380
-0.09967705740906	0.735319516747031	380
-0.0652294773268398	1.00688832985717	380
0.0739822930373899	-2.4956737265217	91
0.0554134700728901	-1.47702163932737	91
-0.0490967747308901	-0.719808132425348	229
-0.0151494388956599	-1.08794467294107	229
0.1236949206788	0.784584678223555	229
0.0282927798114301	-1.46356141473438	138
-0.0615242637516502	-2.28154683586003	716
-0.0531179747140502	-2.18593289091116	61
-0.08485712660468	-1.80025337454031	293
-0.0375578072614098	-2.24916050470305	293
-0.12092473994158	-1.46464472648659	293
-0.00454467273014014	-1.09306951183826	293
0.0951949162621202	-2.49176401661108	243
0.0446089530687699	-0.830335025564824	853
-0.0758500821906898	-0.75552501894146	926
0.10523817133275	2.00010722087668	380
-0.0228049524731899	1.05527131299323	380
-0.0374600769796198	-2.17474393659773	678
-0.07404922130431	-0.786727426046531	678
0.06498976378158	-0.86358129456498	678
0.0843624481840601	-2.48385224137401	667
0.0811111107486	-1.90676096728434	667
-0.12236307484899	0.0788505883981161	285
0.0971229766401702	-2.47869435104335	91
-0.0496559711792299	-2.26894766037377	91
-0.10239935952333	-1.88928571937561	285
0.0950777911504401	-1.88552041868935	229
0.0750400705290701	-2.49427364736094	229
-0.0174361869997202	-1.07684775150301	95
0.0966307784468801	-1.85910460938751	95
0.0936884898827302	-0.767703674860991	229
-0.0503485743174301	-2.2057304134466	27
-0.0667087588848099	-0.738250035763409	716
0.03469937974219	-1.49585282641267	27
0.0227190755976801	-1.53415866366936	61
0.0729331486756402	-2.49683883245432	61
0.0830248337975199	-2.44849921616953	61
0.0288225121882002	0.258860158396203	61
-0.0428944570077201	-2.24610365238581	243
-0.0670662442396299	-0.155424233368455	243
0.0931830977369601	-2.47072312821822	243
0.0584719781061902	-0.797254574006313	243
-0.0558614031022402	-1.32082962915286	853
0.0917919465921901	-2.48800635594627	667
-0.11931212413918	-1.51451578550787	91
-0.04404470528522	-2.23125164765519	673
-0.0205763553062801	-2.32359901217313	716
-0.0453187596587701	-2.23535675883777	293
-0.08029969595386	0.274662446544767	293
0.10505604638166	-2.43595520032256	243
-0.0226173485201802	-2.14454032963604	243
0.0525172023474698	-0.240048782368627	853
0.0397933980744898	-1.42588329271968	926
-0.10707181816212	0.0908200731769657	853
0.0984573322023499	1.29331835265167	853
-0.11930119662104	0.0246380114244875	678
0.00831496278844979	-1.53333750154292	667
-0.0314820651641798	-2.18620441933205	229
0.0565933373716501	-1.50567649839383	27
0.0850719395980399	-2.47226328894183	716
0.11531176144033	-1.33313948358315	716
-0.0326619389462599	-2.19798412830929	27
0.0838826916687401	-2.47815517295772	243
-0.0109768944458	-2.17379691777973	243
0.03668671321544	-0.879282693957228	926
0.0930685729627601	-2.48856547432796	667
-0.0160764193584702	-2.18268876564053	673
-0.0791216680629301	-1.52183529683647	95
-0.0312802534239802	-2.17397751661212	716
0.11296724688094	-1.84633652041112	27
0.10457036392902	-1.81152134863517	61
0.0950294993971901	-2.43282968817119	243
0.0132292275750499	-1.49880566358489	243
0.0835707854123098	-2.49420246872436	243
-0.0629810766612802	-2.22585935907659	853
0.0254425775793501	-1.50648232931478	502
0.0850445875753598	-2.43916759266106	194
0.0766172209287599	-2.49586930731753	285
0.0931830977369601	-2.47072312821822	27
-0.02489282304031	-2.15588066328055	27
0.0997827666578002	-2.48548084952385	139
-0.0514809249652699	-2.25402966632209	243
0.11045149644081	-1.15036143878551	243
-0.0713501049268701	-1.764355161093	285
-0.0771466180542801	-1.82197161337282	502
-0.0849937244678598	-1.87491278876854	27
0.0871658340110502	-2.4795590915426	243
0.10419374643749	-1.82856965892605	926
0.0741243646381	-1.93408024289022	95
0.10295244624503	-1.86027293039314	27
0.0797334044204501	-2.45149111175744	926
-0.0408493065900899	-2.22498211536132	95
-0.0194469711704599	-0.69506849182352	27
-0.10592401316428	-1.86638475518027	229
-0.03753277789315	-2.16009637670329	27
0.0630911345436802	-1.44424876250694	27
0.0717517170855002	-2.48605808524397	243
0.0871500860785801	-1.96983957653604	139
0.10516836769262	-1.84945616339648	229
-0.0480319118299102	-2.26546422115531	95
-0.0386699041979801	-2.19761066132283	138
0.10122282892322	-1.82117984672129	138
0.12353665897202	-1.78333478099664	27
0.0971116589810701	-2.49999637477881	27
0.0810382468850701	-2.48782379709183	61
-0.0027818115048599	-2.16418482692109	285
-0.0191349014542399	-2.14938439236656	285
0.10166594000483	-2.48280413727592	61
-0.0838606346495601	-1.80942357022096	285
-0.0289651456726601	-2.18667833566146	285
0.10983136871266	-2.48110052501489	229
-0.0479292497101	-2.19763512051175	95
0.0213953660742798	-1.61033829453759	27
-0.1064101160679	-1.39849818469253	61
0.0802543509363098	-2.48071490527723	61
-0.04044327774705	-2.15690151789347	323
0.0702711605142699	-2.48991639016919	243
-0.0306625841868202	-2.19643729270172	243
-0.0259397715803402	-2.1542371784439	926
-0.0364954620131401	-1.09155886821563	229
-0.11590317096399	-1.51708844032703	229
0.09036611355446	-2.48598811621719	27
-0.0818611385842498	-1.81007910632909	27
0.10347837408321	-1.79144861774853	27
0.11900504793033	-1.81541342176754	243
0.0763684117930898	-2.4591369448698	243
-0.0408431696173999	-2.14641473857299	139
-0.05566850973646	-1.18720513755069	285
-0.0972121109536199	-1.86016158551858	285
-0.10153588029298	-1.43950876625324	229
0.11376264279513	-1.82549574583929	138
0.0659617445049001	-1.00748452642585	138
-0.0898166927194901	-1.85215900079338	27
0.08969742079515	-2.44521758258924	27
0.07288852504474	-0.250841490747989	27
-0.09984211851441	-1.89987942460335	27
0.0302885418951901	-1.52514834932731	61
-0.07363138743984	-0.192005117991577	61
0.0805235363737999	-2.49673808938542	323
0.0850445875753598	-2.43916759266106	243
-0.11725913775423	-1.88248333603765	139
0.0653889028027899	-1.41242371994174	407
0.0038064646776399	-1.48974203739715	407
0.01815233461237	-1.50184451694717	95
-0.0335509100703	-2.14765544164627	95
0.0192868277610798	-1.43531392870719	95
-0.11727607986172	-1.85718701878797	27
0.06646323871247	-0.106608858879897	27
-0.0289315863382602	-2.23988796941523	27
-0.0856459767055302	-1.80170072330421	61
-0.0523346053664802	-1.84245571389358	61
-0.0275611632204802	-1.0674665052435	61
-0.0339921993760699	-2.16987217368696	61
0.0805235363737999	-2.49673808938542	323
0.10492339272301	-1.87886483907581	323
0.0913695606581801	-1.82111713640097	323
-0.0233491761588001	-2.13785314657728	243
0.0551071729213302	-1.9513713410628	243
-0.0360828641827	-2.16250228606346	243
-0.0681537249330999	-2.29530235016314	243
-0.000343942132059905	-2.19876560592081	243
0.0838826916687401	-2.47815517295772	283
0.0818461402288402	-1.90714496642816	926
0.00705218618550996	-1.60444450861361	926
-0.0185893408757201	-2.15630803473898	95
0.0251909071596899	-1.57355870552156	285
0.09358083725698	-2.48365243793962	27
-0.0353573377095699	-2.18146535465763	61
0.047309074113	-0.930731112738012	61
0.0132292275750499	-1.49880566358489	61
-0.05978499225523	-2.19858749424642	323
0.02557505700686	-1.41898562321953	323
0.0739822930373899	-2.4956737265217	252
-0.08642830684285	-1.80653282206793	243
0.0136239011506398	-1.51678596852864	243
0.08167507486439	-2.48400539712017	650
-0.0871743814905299	-1.824709236803	139
0.0463529755781402	-0.77496541642027	138
0.0449030474648602	-1.45434294577976	27
-0.03663707520866	-2.20494153712646	61
-0.0799404285013199	-2.23890065165835	323
0.0938242741810198	-2.4719517321878	650
-0.0424600677650999	-2.17209557134337	285
0.0929620623131902	-2.48638568259843	61
0.0905314960448602	-2.47493308986661	926
0.0763883635851999	-1.91433926324828	407
0.0888249898062301	-1.36688563718496	138
0.0521926283532301	-0.830858414398548	138
-0.11281236979502	-1.36330963545653	27
0.0922919959709998	-2.49067095522557	61
-0.0295044932203701	-2.1504394862613	407
-0.11828844835496	-1.11613362767024	95
-0.00213650342961014	-1.62988951253417	95
0.00495383366108015	-1.07860749056052	61
0.0321636809884298	-1.41083010409749	61
-0.0661705263343899	-2.26503906552567	243
0.0516483802919199	-0.826209314506871	95
-0.0887706030382098	-1.88809181801218	95
0.0925422459128402	-2.48308555755389	138
0.07419097202694	-1.96264818670435	138
-0.11814385711329	-1.96660300789911	27
0.0753209314051002	-1.92250330681441	27
0.11214454832869	-1.15668598263003	27
-0.0295306378307099	-2.26467073834513	27
-0.0561018704877498	-2.25001650694006	243
-0.10206946677531	-1.85608873925704	139
-0.0456782096275301	-2.24246480408254	926
-0.0703488292568699	-2.24426571467943	95
-0.02541707879627	-2.13596084781819	95
0.11028361483397	-1.84709767341317	95
-0.11506322143262	-1.83444090288807	285
0.07845604949545	-1.92524676136932	27
-0.0260232300846899	-2.22085995626041	27
0.0853832140641901	-1.84564542185541	407
-0.0359126726021399	-2.21135841403978	229
0.1065419208621	-2.4810519509651	27
-0.05431214083666	-2.20721906331866	27
-0.0229588157285701	-2.16707467863114	27
0.0801287496532699	-1.9396148484648	407
0.0763035422276701	-2.48676242942598	95
-0.0242088647834402	-2.1430405881226	138
-0.02807473258386	-2.15513537750393	138
0.0911711663547199	-2.48406242528817	27
0.0690975227306399	-2.46952067411271	243
0.0730865899656599	-2.45761583877298	407
-0.0688616392670598	-2.27387258491373	407
-0.05324719207796	-2.19016184797197	95
0.10563720341404	-1.82428669723169	138
-0.10062407518789	-1.88488525961949	138
0.0345750646715399	-1.45462455220826	407
-0.0636968840944001	-2.22547496836273	138
0.0830248337975199	-2.44849921616953	138
0.11664548838524	-1.7945385063971	138
0.0870642499197598	-2.4679421065001	138
-0.0244736537007402	-2.21099795037695	194
0.06318942369575	-2.47771627262798	61
0.11187831759966	-2.4828948409126	323
-0.0424664242666699	-2.19899343741022	285
-0.0523360284519101	-2.22921338166053	407
-0.0848444673883	-2.34909033858116	285
0.11317699039048	-2.49397845021736	95
0.10453082769448	-2.49919502166101	138
0.0298880568523598	-1.46571079832174	95
-0.04437744596189	-2.23454000894604	138
-0.0246828425277599	-2.12771873120771	776
-0.11133868820196	-1.89062379999774	61
0.0757345660568198	-2.4496178344152	243
-0.0172328451596702	-2.1435199672531	407
-0.0851592339046499	-1.76531725010498	95
-0.0401185214672299	-2.23912480336725	95
0.1091422461	-2.48652997223563	95
0.0767271078557901	-1.91352227337009	138
-0.0715984359469202	-1.8543145319983	138
-0.0239010855701101	-1.1077263611065	194
-0.07876492042401	-1.75580343747855	243
0.0929366198081398	-2.48743912586792	139
0.0717517170855002	-2.48605808524397	139
0.0890569881636498	-2.43573290843904	926
0.11296724688094	-1.84633652041112	288
0.0978496828288198	-1.85079575602194	285
0.0977671234885098	-2.44485928347808	95
-0.0979472486884099	-1.89599565922282	138
0.10297027557419	-1.83886655254647	138
0.0951949162621202	-2.49176401661108	138
0.0724545457486201	-2.456978484269	138
-0.04962619772285	-2.20610161654323	138
0.08170174890502	-2.47693675561169	776
0.0873370557876498	-0.0406957741469975	95
0.00777229924237011	-1.52540329084637	194
-0.05314592910287	-2.19841602810536	194
-0.0357899000220998	-2.22729089551788	926
-0.0435171049665701	-2.21831765873865	926
-0.0657024558516599	1.62376931539996	302
0.03656995013375	-1.49477689541454	138
0.0863963447239899	-2.45149830328875	27
0.0970544708455101	-2.45276337204229	94
0.12371609086806	-1.81728022444005	61
0.0684672552885699	-2.47703165868018	139
0.0850719395980399	-2.47226328894183	194
0.11470020675419	-1.80168737873204	194
0.0783851173199901	-2.4568840489005	194
0.0397187436158601	-1.44865571955301	95
-0.0466361253393202	-2.22381916994442	138
0.10121137858271	-1.80449440493512	138
0.10878443713742	-1.86975731098639	194
0.0872446225124701	-2.48958691623366	243
0.12152396279936	-1.22235767908703	243
0.1117157605905	-1.83656580332072	95
0.0906284067513399	-1.82982938026527	95
-0.0328449261818	-2.16579998931799	138
0.11169637298967	-1.85212251899616	27
0.10783796951602	-2.49636773559185	194
-0.0992765734050902	-1.84828417297387	95
0.0905314960448602	-2.47493308986661	95
-0.0521752423317801	-2.23464403767878	95
-0.11848586160868	-1.45356067077144	138
-0.0703423044137801	-1.78960702234258	138
-0.0659698937443798	-2.30776725576757	138
-0.0307519397427898	-2.1732454544588	27
0.0757345660568198	-2.4496178344152	139
0.0978496828288198	-1.85079575602194	407
-0.0239482169810499	-2.1291214033677	285
-0.0111543785735102	-2.14011912578597	95
-0.0588255906550801	-2.24697475113395	95
0.10253103492178	-1.87395858079956	138
0.0790980886830699	-2.45086308687895	138
0.0987223356207898	-0.70560104564094	138
-0.0395524988172098	-2.22520488372508	27
0.0723882955083099	-2.49527763950546	94
0.0797128303139201	-2.48782982721447	61
0.11447060416432	-2.44340395533886	61
-0.0557758726815298	-2.2092354831826	407
0.00363044361701981	-1.10484096855346	95
-0.0359972836814602	-2.20442099917575	194
0.0964088664651501	-2.49886479278432	61
0.07488476976852	-1.85502242894557	95
0.09445714804396	-1.8733256448442	95
-0.0935224881336798	-1.82713906946588	95
0.0883441856327298	-2.4476702476166	95
0.0931989268728999	-1.84510843027929	138
0.0343565673492599	-1.50465992466084	138
0.0879045709873201	-1.89204176313266	905
0.0746135802125099	-2.49627358912943	61
0.0565842140157198	-2.4922349707534	61
0.02596345219116	-1.44306539477956	61
0.10030302525616	-2.47971929269772	243
0.08170174890502	-2.47693675561169	139
-0.00602342138124978	-1.62423027554148	926
-0.0622811124213198	-1.25766156811709	285
-0.04705383804263	-2.1524405235839	95
0.0983495531920999	-1.88077055421616	138
0.08526322907856	-1.86242686281574	138
-0.0232598810401798	-2.23794196178436	138
-0.0242705530102501	-1.11034022843543	94
-0.12082092850623	-1.94426510114357	61
0.08145451711626	-1.83368033878816	139
0.0839084401462502	-1.84417396929799	926
-0.0593552840110898	-2.28933896973831	852
-0.06436595209275	-2.22080551919841	407
0.0197920347991101	0.0461659264685679	668
0.05516934236209	-0.8017498878155	138
-0.08921279599222	-0.775408994398384	138
0.0673219350254501	-0.72103311402652	138
0.0663240528209901	-0.871115069447598	194
0.08451906044324	-2.48733332953245	61
0.10381088486038	-2.475801470144	926
0.11490041039299	-1.86653579709802	138
-0.08441432249561	-1.80370289547285	138
0.0970544708455101	-2.45276337204229	27
0.0739822930373899	-2.4956737265217	61
0.0831011785301201	-2.46900432185272	243
0.0723630947877099	-1.92921380303247	243
-0.0547955584453201	-2.22937919269411	138
-0.0308586918752498	-2.1367570000694	27
0.10026735943934	-1.93114054114889	61
0.0308401633322002	-1.4416892043858	61
-0.0945535374181299	-1.82082886689914	243
0.0684672552885699	-2.47703165868018	139
-0.00707796009066009	-2.19586792681782	95
0.0558434347276502	-0.717643398851187	95
0.0523348057613799	-1.4226313030593	138
0.00816524241702998	-1.16547871555914	138
-0.07495620708869	-1.84946418224429	138
0.06855322651667	-0.743879943095462	61
0.11028361483397	-1.84709767341317	668
-0.0246795334709602	-2.19951026665061	138
0.0691040114994501	-2.49388332471933	138
0.10030302525616	-2.47971929269772	138
-0.1030737829283	-1.92989108161616	243
-0.10808157558708	-0.354859756764665	407
0.0676057579484599	-0.742954842327576	95
0.09682427093778	-1.86620209594273	668
-0.05970115071114	-1.19049644945237	95
0.0832466433397601	-2.48551371399824	285
0.11253802035038	-1.82457381299406	95
0.0917202215853798	-2.43139632136004	138
0.0773629079213198	-1.86526350704967	138
0.11611721014906	0.102826389772109	138
0.0160284493016798	-1.51436377977923	138
0.0903997624804198	-0.705164080545835	138
0.0339861740993102	-1.44123364321261	61
-0.12398656280109	-1.55702471074322	243
0.0812399822557399	-2.49026193274092	243
0.0704022786851799	-2.49815454933227	139
-0.05321727685567	-0.209095639464665	926
0.0503359260607099	-1.40481100986279	95
-0.0422267869831701	-1.22679780263763	95
0.0192614347704398	-1.5442945507474	95
-0.0927134198762101	-1.77852907121998	95
0.00348193274522979	-1.58753414646168	95
0.0451996523094	-1.41743485589317	95
0.0837246117806498	-2.48441690626191	138
-0.11320457288534	-1.43335524299504	138
0.0773393315225999	-1.9291856846329	138
0.0301038916917298	-1.55813180406899	27
-0.0333877819087798	-2.19703406146201	61
-0.0359126726021399	-2.21135841403978	243
0.0872446225124701	-2.48958691623366	243
-0.0583579076904499	-2.23026030864379	139
-0.0368080107885298	-2.15579929586589	852
-0.0287971815033701	-2.23000815970536	407
-0.0252502543384399	-2.19654162642667	668
-0.0433087612917298	-0.0281596009038125	668
-0.0736994230843502	-2.32051089612601	668
0.10219743872063	-1.32591704087556	95
-0.11129074573499	-1.87615308108333	95
0.0434249700680098	-1.60760666860235	95
-0.0960895702323099	-1.87503462798202	138
-0.0913613664082802	-1.48279770551454	194
0.10784375760816	-2.49860871185605	61
0.0938242741810198	-2.4719517321878	243
-0.0467575837046201	-2.22006482865848	243
-0.0468588927890798	-2.27585686194267	243
0.10531852097369	-1.82161676594605	407
-0.0420709232964298	-2.20410441321439	95
-0.0245982550332502	-2.16437273288074	27
-0.12164550091241	-1.90876588960691	139
0.0843624481840601	-2.48385224137401	139
-0.0446449276198599	-2.21404640995572	926
-0.0720983264842698	0.785689192192021	288
-0.0162793771815699	-2.19714819916315	95
0.0971229766401702	-2.47869435104335	95
0.0337774443593299	-0.829727491092163	138
0.00435705940504016	-1.04933348660727	27
-0.0653851096032398	-1.80556908605526	27
0.0976060874728599	-1.87104634703105	27
0.0730865899656599	-2.45761583877298	27
-0.0393576040322001	-2.20598842557475	464
-0.0474764336816702	-2.23275439564438	243
-0.04552047419191	-2.18724131754275	139
0.11546368015985	0.117656169755404	407
0.0340344618687101	-1.49559893440407	95
-0.0941413104859401	-1.83471565435952	138
-0.11055348864674	-1.43045446707822	138
0.0892222297237502	-0.0544334035977556	138
-0.0707028682888899	-1.80650945843444	194
0.0964045485586098	-2.47759188769982	27
-0.10538814617073	-1.92483595789029	464
-0.03589795145695	-2.21746515023246	61
-0.0300214284548401	-2.17421422296416	95
-0.0528911258643401	-2.23428081710978	138
-0.03870726669739	-2.20211099272614	27
0.0620177033377201	-1.98469725278668	61
0.0983495531920999	-1.88077055421616	243
0.0878387244711698	-1.8617018511694	452
0.0838826916687401	-2.47815517295772	139
0.1038977679323	-1.79795975453467	852
-0.10251947452578	-1.47385462008999	517
-0.0766292513114801	-0.792261506601888	95
-0.0858728152683002	-1.85629381843708	95
0.07902045214529	-2.45817310902829	668
0.0948002092869999	-1.81563983855532	95
0.0806054255521298	-2.48967114480814	95
-0.0355235636162301	-2.18248394608494	138
-0.0431461798839101	-0.707326340293253	194
0.0984120687671699	-2.43214058454363	27
0.0195240979136702	-0.371790622352337	464
-0.0618555458574202	-2.29166310206171	61
-0.0276936364206901	-2.16036528456315	243
0.11522357952964	-1.88197224965313	852
0.09072713660309	-1.80376189280157	407
-0.11603287019791	-1.44907675760563	95
0.09963630585646	-2.47919238724415	95
0.0833138628969201	-1.88405379734292	95
0.0255159838800898	-1.53300689626731	95
-0.0373610984622901	-2.20909271456818	138
-0.03644618174595	-1.10239600520563	138
0.12161471041593	-1.83993378756536	27
0.0144135343100098	-1.51714289497121	194
0.0838826916687401	-2.47815517295772	27
0.12188897615339	-1.27121368797724	194
-0.0991199896397599	-1.95913477234867	194
0.0964799636903	-2.47206031564754	194
-0.03898117506222	-2.22026662703394	194
0.0832466433397601	-2.48551371399824	27
0.1141479970919	-1.88992074253419	464
-0.0198686380872801	-2.13861962521641	323
-0.0631306180507001	-1.79909945098923	61
-0.04027458435427	-2.25552635060332	243
-0.09533128521183	-1.81997122717159	139
0.0266526295210201	-1.41451491660628	95
-0.09559814907553	-0.786460023033188	668
-0.0538396303076199	-1.22642852721311	668
-0.12436900541423	-1.97003297123169	95
0.11688170787278	-1.84596299474334	138
0.0852418983213399	-1.9019149927648	138
0.11665944458622	0.74491807511552	138
0.0899816224445198	-1.80268524129903	194
-0.0890984791487202	-1.86824005275038	27
0.0631284141162598	-1.94849562676846	464
-0.0386347013839901	-2.22039465824492	243
0.08878202693636	-1.86038934938533	139
-0.02335124559117	-1.11387857041815	95
0.05529699776408	-1.39834427803646	95
0.01643251380069	-0.404128876344262	95
-0.0287476276896701	-2.20066506684017	138
-0.05360663795968	-2.26477823851935	138
0.0898151818946098	-2.48647572579016	138
0.10316095636086	-2.46829447350059	194
-0.0462408148731099	-2.17230261010823	194
-0.00240672317988011	-1.60727770033833	27
-0.1034750175414	-1.82618721829478	61
-0.0907790433709001	-1.83497070597821	139
-0.06815970359101	-1.86609205232781	139
0.0905695783556602	-1.89883460446361	139
-0.0548684415379199	-1.18333822849313	852
-0.0980603405761902	-1.87816495291921	852
0.0797287620940401	-0.691516656253949	852
0.11051927335691	-0.0490744856896432	288
0.0772411509756399	-1.9209854167411	668
-0.0861783736153599	-1.88042942027657	138
-0.0442284617554698	-0.732622742788347	138
-0.10316198677398	-1.93761948874225	138
-0.0477784585254302	-2.1604670793592	27
0.0772499907136002	-2.48853356425544	61
0.07694386216613	-2.47938079770129	323
0.0823877047069899	-2.43896340583532	243
-0.0172328451596702	-2.1435199672531	139
0.0810603692204199	-2.47568748510244	926
-0.0683296494291699	-2.33766133213592	852
-0.0408022758804698	-2.21778988149324	852
0.0938242741810198	-2.4719517321878	926
-0.07687968311261	-0.278272768205173	668
0.00959614569417999	-1.55554706726901	668
-0.0703294935262799	-0.212840580368587	668
0.10920882158862	-2.47864649102215	95
0.08275707571614	-0.732575379743496	27
-0.12392262152119	-1.85974304524733	27
0.0359355040048599	-1.41813688561355	61
0.0801261619929901	-0.102192827605593	243
-0.0476803713436702	-2.18446307615753	926
0.07797440093877	-1.91270748807696	926
-0.0374309378373101	-1.10544590921265	517
0.0863074466291001	-2.47172320289416	95
0.11809602470453	-1.16754758264914	668
-0.0442975274852899	-1.31868180241392	138
-0.00927941772948015	-1.69216762281371	194
0.10197427384364	-1.79909849230648	61
-0.0421317251309699	-2.22167458824834	61
0.0805235363737999	-2.49673808938542	61
0.10121137858271	-1.80449440493512	243
-0.0796829809291202	-2.2732779394994	87
-0.0815468579151402	-0.865495774590531	407
-0.04946776148229	-2.2210765623925	95
0.11650878983623	-2.48733769823765	95
0.05001724506011	-1.43675195340679	95
-0.11574209895875	-1.91133714371898	95
-0.0662632889881101	-1.86565434092073	95
-0.0664239689370398	-0.191792232725244	95
-0.0347995202978901	-2.17554488587511	95
0.0230476846087302	-1.46093038483316	95
-0.10822468502862	-1.46649995961257	138
-0.0491651825435899	-0.704009107365519	933
0.06151794925781	-0.154108694746874	138
0.0140189378566999	-1.49971975239828	138
0.10157362493542	-1.84142787526555	272
-0.0245982550332502	-2.16437273288074	27
-0.0385112054291801	-1.1379414918016	27
-0.0328449261818	-2.16579998931799	61
-0.0756045020335598	-0.9085382208752	61
-0.10796926024821	-1.85637996797999	243
0.11640645263426	-1.8520095838808	139
0.0971229766401702	-2.47869435104335	452
-0.07787760689863	-1.80655538005183	95
0.0458477760047602	-0.791379635665179	95
0.10835101295103	-1.87282857930446	95
0.02477492895982	-1.42443551383084	138
0.07228191908052	0.467913009104239	138
0.11329485635294	-1.83034845120724	194
-0.0698998329587202	-1.83390608099252	269
-0.0437125141191101	-2.16955452918276	269
-0.09560106646164	-1.43581589814768	194
-0.0748191185593798	-0.866302371536224	269
-0.12463605081108	-1.44680635939241	243
0.1065419208621	-2.4810519509651	139
-0.0441721793673402	-2.18295220150543	139
-0.0634767383706598	-2.27107580030032	139
0.0850719395980399	-2.47226328894183	926
-0.0346314310023601	-2.22483774498469	926
0.09181721922916	-1.96988015260002	95
-0.0693231960430598	-0.735170712952194	95
-0.12420566376442	-2.02995469496324	95
-0.0498938918594001	-2.17349807968302	95
-0.01250537841966	-2.14966910614733	95
-0.10421153101847	-1.84139509177091	95
-0.04865299505401	-2.22237450247784	95
0.0905695783556602	-1.89883460446361	95
-0.04417802018326	-2.23827643354285	933
-0.0103247554907999	-2.18683451266894	138
-0.11350043258592	-1.92120777355701	138
0.0818958901721101	-0.158661429979477	194
-0.0117955046834402	-2.19989575619406	272
-0.0298187162876999	-2.18588221956734	27
-0.05314592910287	-2.19841602810536	194
0.10780112927505	-2.47422779775631	27
0.08346285523591	-0.749570211334173	464
-0.0453725387559998	-2.21309003397211	323
-0.04946776148229	-2.2210765623925	323
0.11318049223281	-2.47711181513506	252
0.10580268838931	-1.88080969845003	139
-0.0377012371435499	-2.16113963213256	852
-0.11025380681274	-1.50564605733828	95
-0.0697106041142899	-1.80988260980147	95
-0.0305496780684198	-2.17532947517622	95
0.10891066309996	-1.85305918087288	933
-0.0557758726815298	-2.2092354831826	933
-0.03555981914602	-2.1663058423294	933
-0.11703344627299	-1.46127840480331	138
-0.0295637378931199	-2.15830715548861	194
-0.0837202246464299	-1.8626725150428	27
-0.0773047595259602	-0.278631909122301	27
-0.0545388188195499	-1.17030579336959	243
0.0890569881636498	-2.43573290843904	243
-0.0634767383706598	-2.27107580030032	452
0.01142295068757	-1.48561819452052	933
0.00516633701947011	-0.435201967350332	933
0.09358083725698	-2.48365243793962	194
0.0776972456323999	-2.49686168672823	27
0.0757497384039501	-2.48777973023154	27
-0.01606984640391	-2.22624821784357	323
-0.0710395383201701	-2.30716502888625	852
0.0334766949006999	-1.01630528726287	95
0.0486505300751201	-0.870724688036191	668
-0.0312832719504699	-1.07515270160605	95
0.0778830781319302	-2.49769646651277	95
0.0844290731728901	-2.4796392748657	95
0.0737189506653802	-2.48897804787624	95
0.0812399822557399	-2.49026193274092	95
-0.0815081280505701	-1.8128616951026	933
0.0805235363737999	-2.49673808938542	933
0.07176313029654	-0.672147498539102	933
-0.0469480235231599	-2.25770366872035	933
0.08197629720561	-1.85100047213308	933
0.00679965121805015	-1.03684052548817	933
-0.0251957615089	-2.16030687912385	933
-0.0816854474346802	-2.29707614389314	138
0.0970544708455101	-2.45276337204229	194
-0.10319601372497	-1.85464505291819	194
-0.0461418620426999	-2.26271321547254	27
-0.06017420947685	-2.27031162134407	243
0.0136523653688601	0.246874130205181	243
-0.0623695239731901	-2.28364578142559	243
0.0723738238826002	-2.49661728961341	139
-0.0927134198762101	-1.77852907121998	926
0.0854984325011601	-0.132136996867815	926
-0.0455100694410802	-2.22758833204065	852
0.02549218459834	0.985844756533303	288
-0.0547683519074398	-0.153912991568556	517
-0.0511182585685499	-2.21711744826824	67
-0.03555981914602	-2.1663058423294	668
0.11097420022648	-1.81657594788881	668
0.0933145267631499	-1.82911462017491	668
0.0750400705290701	-2.49427364736094	933
0.0889847650048399	-2.4768113116258	138
0.0690975227306399	-2.46952067411271	269
-0.0510312559955799	-2.16224964026969	464
-0.0883488509700201	-1.79829082841	464
0.0257506771228	-1.46923359296487	243
-0.0515392156360299	-2.26665865686198	407
-0.10581866510884	-1.58131847723948	95
0.0930044264573202	-2.44775436220775	95
-0.0651536901346099	-0.744707632549252	95
-0.0876556853117299	-1.45532893593084	933
-0.0268446666953799	-1.18483338235519	933
-0.10145044128034	-0.55611869623698	138
-0.04597080178416	-0.2660526520414	138
0.10254748287695	-1.22860171485311	464
-0.10571804348361	-1.90413543235579	464
0.0667178502336299	-1.92524929387151	243
0.0414008016246501	-1.46393328190943	243
0.0763684117930898	-2.4591369448698	243
-0.0460549932516399	-2.29105100728702	87
0.0968371350378301	-1.90852245109387	852
0.00125924798643995	-0.405035245569649	852
0.0698106213969001	-2.46939973422518	95
0.0971229766401702	-2.47869435104335	95
-0.0424600677650999	-2.17209557134337	138
-0.00369818926257004	-2.14436124206743	138
-0.0217856570483899	-2.2538157304878	464
0.0812399822557399	-2.49026193274092	464
0.0750400705290701	-2.49427364736094	464
-0.0508217541493998	-2.23163821505908	535
0.0682845212880801	-1.98169230320646	95
0.10733280828491	-1.82079777626088	95
0.0400603850893702	0.257758781582889	668
0.0664558518585099	-2.47044431513026	668
-0.0531179747140502	-2.18593289091116	95
0.0325748971795199	-1.41895666514656	138
-0.0960394968441798	-1.83365675344128	272
-0.00722278451367986	-2.2154211948659	194
0.11296724688094	-1.84633652041112	27
-0.0402633094430702	-2.15580398496369	464
-0.10107242041996	-1.9065577646158	243
0.0815323046229901	-2.49920269379576	243
0.09154485334866	-2.49802894839218	243
0.0914728245770702	-1.84971128248351	852
-0.10283883568392	-1.80610546708748	95
0.10251492944618	-2.47210060681665	933
0.06733220032483	-1.89577134913574	138
0.08074626522134	-0.833439910181571	27
0.09536475803313	-1.82460879381021	27
-0.0154463981339799	-2.16555563883032	95
0.0118806439217898	-1.56951299194297	95
-0.0900226016177399	-1.81923937970342	668
-0.0242142641532999	-1.04940437748366	933
0.05334457834077	-0.336938631439385	933
0.0532234427280298	-1.44741740659343	138
0.0830797468663098	-2.49171845230052	272
0.0351387871835001	-1.40553596402611	27
0.10102306054344	-1.86197620586004	27
0.09267200940667	-1.80737161744991	464
0.10173135769017	-2.48926397493561	243
0.0968121958049601	-1.84411544315151	852
-0.0698339602573599	-0.742575887903637	517
0.11025184056211	-1.81620387234494	95
0.0635333920507599	-0.880156400074151	95
-0.12095572012598	-1.97695375738823	95
0.12154509937579	0.777592336085961	668
0.11187831759966	-2.4828948409126	95
0.0997029425932401	-2.448346270503	95
-0.0191528737303699	-1.02014935352531	933
-0.116805773476	-1.5130203516492	933
-0.0167856213853299	-1.10192340286174	933
-0.03611026457216	-2.20605170388261	194
0.11002819149355	-1.8169236922681	27
-0.0688689459718499	-0.322267642258325	243
0.0742809102475599	-0.782858011764045	852
-0.0447650441343002	-2.2474334544547	407
-0.0931007558265802	-1.85793521095759	668
0.0647177491231501	-0.213320504078869	668
-0.04242638258967	-2.20466734572493	95
-0.0597316351794199	-1.2385589312885	95
-0.11250539817496	-1.83856018102069	95
-0.0205744822399301	-1.1847000476186	933
-0.0326619389462599	-2.19798412830929	933
0.0252507570748701	-1.5433467896189	933
0.04644848586865	-1.40211678579505	933
-0.10140560777844	-1.88409416698109	272
-0.0542088068952	-2.24683077789672	194
0.0148925628868901	-1.49746408638861	269
-0.0131256364256398	-1.60805065138655	269
0.11125168278878	-1.79652305105504	243
-0.0537650292027498	-2.16331511021586	87
0.0901605029411399	-0.11354840569985	852
0.1002582583252	-1.84216307086505	95
0.0753480852086002	-1.46817616216377	95
-0.10608093007237	-1.83765472508906	933
0.08970303344864	-2.48143999840892	138
-0.10723228252247	-1.39723449051316	138
0.0751116852148299	-2.48718294085976	27
-0.0326349867245899	-2.16861403188908	27
0.0997204705774202	-1.8179994899606	852
-0.0238777206652201	-2.22387350840936	95
-0.0379114204342601	-2.25956167366509	95
-0.0501934371307402	-2.2210073440417	933
-0.0712876924843799	-2.24081677430241	464
-0.03870726669739	-2.20211099272614	852
-0.0956476436107199	1.37715762177902	302
-0.09526620367093	-1.79839046823695	407
0.11394740240719	-1.78995571656063	95
0.0795418945929902	-0.719488952179438	668
0.0810603692204199	-2.47568748510244	668
0.1249962126009	-1.22740140177556	95
0.0287320526164798	-1.49055746330975	95
-0.00675780967107986	-1.05714871702241	95
-0.0180080669328202	-2.22859976813842	95
-0.12246521476282	-1.44831716159921	933
0.0299811266794698	-1.47116347278334	933
-0.12024943008341	-1.51319578982923	138
0.09536475803313	-1.82460879381021	269
0.0137450802107799	-1.59212896602074	27
-0.10880639786324	-1.37950992602355	464
0.0890569881636498	-2.43573290843904	464
-0.0575348605144801	-2.24872262030829	139
-0.08408677125336	0.777062243388468	302
-0.0293958797594498	-2.15283918514002	95
-0.11169308682578	-1.87160243596459	95
0.0797334044204501	-2.45149111175744	95
-0.10048131804362	-1.83768208212383	95
-0.06041131785733	-2.26200915140271	95
0.0753556729769702	-1.88288995614988	95
0.01834800612545	-1.5227189917251	95
-0.11599711479059	-1.37181262122242	933
-0.11604957412841	-1.89075855845536	138
-0.00536118829933008	-1.51637547922007	272
-0.0493451284442501	-2.23930613115961	27
-0.0462292336850498	-2.22723277949046	464
0.10779877763415	-2.43986686494735	464
-0.01354000707753	-1.05531241110286	95
0.0838826916687401	-2.47815517295772	95
-0.12266769692826	-1.90644399005188	95
-0.02882633624926	-1.07967951113516	95
-0.0726795899981498	-0.765980091762639	95
0.11741002006008	0.00655811290297681	95
-0.11582403249337	-1.42093244790951	95
-0.0987874761658301	-1.84394967989081	95
-0.0769629013823998	-1.75749512901968	95
0.0832059763687498	-1.86440288293086	933
-0.0186812843401301	-1.07161667240287	138
-0.0143228425237298	-1.11733698900139	138
-0.0710570425166099	-2.29097855647576	272
-0.04736007007204	-2.21161576754364	464
0.0857420263688602	-2.49246834776867	464
-0.0516916337990998	-2.20043217011111	95
-0.0507546185138699	-2.26025779422643	95
0.00639939051223992	-1.53455095126002	138
0.11347458309758	-1.8574845448415	138
0.0690975227306399	-2.46952067411271	272
-0.0437125141191101	-2.16955452918276	194
0.0717517170855002	-2.48605808524397	464
0.0164829343366302	-1.51532535416083	95
0.0950990356877002	-2.44727434672328	95
0.0626549100656102	-1.51035154702637	95
-0.0285034905681001	-2.19719063831311	933
-0.0222917519812298	0.0762289253998256	138
0.09661444089534	-0.795848058451216	138
0.0627994883309002	-0.812157058215054	138
-0.0423003242010398	-0.762681259499771	194
-0.0767358654038399	-1.84789147077713	272
-0.10936852734255	-1.86782413537579	27
0.0884448927760699	-2.49312209275996	27
-0.11877864089667	-1.86527806025742	464
0.0841385936997701	-1.82331388473782	464
-0.0397393746625401	-2.17683907722484	243
-0.0804539163695899	-1.8078633226128	452
0.0864282063266599	-1.90492123416628	452
0.0690975227306399	-2.46952067411271	852
-0.10540597314946	-1.85093637788514	852
0.0157135549434702	2.25751477098941	302
-0.12061482581052	1.1942704383813	517
-0.0513474149136699	-2.22921841561236	95
-0.12017375665117	-1.86091204628393	95
0.0772499907136002	-2.48853356425544	933
0.0404762265308198	-1.44664711756402	933
-0.0906016537351801	-1.84674956013354	138
0.11811120652312	-1.8935339219164	138
0.0210798416787301	-1.47657783957792	138
0.0931428866343502	-1.82958922849002	138
0.0690975227306399	-2.46952067411271	269
0.0891758149940798	-2.49026026366167	269
-0.11951842074472	-1.45968326648135	27
-0.0335866108637699	-2.14892850899097	464
0.0863963447239899	-2.45149830328875	243
0.0772499907136002	-2.48853356425544	243
0.0898921490196001	-2.48226994246331	87
-0.0467965820786298	-2.24725505970101	87
0.0766172209287599	-2.49586930731753	926
0.00412243077482	-1.61051289921666	407
-0.0355235636162301	-2.18248394608494	95
-0.0258740357157201	-2.19472297445106	95
-0.0737764077313701	-2.29290468713754	95
0.11119691256658	-2.4977307137339	933
0.0902631272554002	-0.725404496487381	138
0.0911711663547199	-2.48406242528817	272
0.05891593883335	-0.77755978450143	27
0.0917202215853798	-2.43139632136004	27
0.0757345660568198	-2.4496178344152	243
0.10294655366149	-1.82889336922044	139
0.0905314960448602	-2.47493308986661	452
-0.0231854533840399	0.0451330610524403	288
-0.0441721793673402	-2.18295220150543	407
0.0898921490196001	-2.48226994246331	407
-0.0113336544216698	-1.61423206420397	95
0.0305870974197799	-1.52006865253333	95
-0.0273110552526199	-2.16498612445146	95
0.0613731185803199	-0.864788084535618	138
-0.0813573582204099	-1.76690401195784	138
0.0238425165769298	-1.45558401197922	138
-0.0435873750614801	-2.14753682985053	138
0.0904004344701299	-2.47312143037691	272
0.08246438941624	-2.49180635115911	452
-0.0299205884136602	-2.14977996452936	95
0.10570502631871	-2.4467604139362	95
0.0723882955083099	-2.49527763950546	933
-0.0902025850662498	-1.87299759328017	138
-0.05240135234523	-2.18633425008938	138
-0.07677061664219	-0.816926565100319	138
-0.10038809570106	-0.93367347970263	138
0.0872446225124701	-2.48958691623366	194
0.0910786064594902	-2.44420375256046	194
-0.0372436160995799	-2.22032402684896	194
0.0870351197463299	-2.48139238200193	269
0.11000528211102	-1.2202027832956	27
0.06582705918759	-2.4698052428152	464
-0.0211525349315198	-2.20689128401041	464
-0.0277817989747402	-2.24066967836538	464
-0.0622648978276401	-2.25651320023466	926
-0.01795435982116	-2.21058997378512	926
-0.0772682040374	1.52574477791955	302
0.11441994035631	-1.80174797823864	407
0.0817508962160201	-2.44658111534611	407
0.0829268007673001	-2.48757844303129	407
0.0953699379205402	-1.83246507424088	95
-0.11662693817914	-1.39786189234997	95
-0.0431877583744198	-2.2221036174023	138
-0.0604626694670398	-2.252924129585	138
0.0964098315011701	-2.47183474862379	138
0.09366775711749	-2.47342742710522	194
0.10323160696746	-2.49793412902634	194
-0.0482450922377899	-2.21850443004925	194
0.0812399822557399	-2.49026193274092	464
0.0911100948792298	-2.48330387778189	61
-0.0429911186878198	-2.16160533588996	243
0.0746135802125099	-2.49627358912943	926
-0.07174439474228	-2.26013733981014	852
-0.0921425504616602	-1.40652287954525	407
-0.09654066013902	-1.85487334618878	407
-0.0371817710364599	-2.16597679925768	95
0.0934013804506901	-1.90656167747517	95
-0.0996921815724598	-0.974007130056976	95
0.0326854515911799	-1.43804958488426	138
-0.0782564035882398	0.232087466701944	138
0.0822350837503398	-1.88079570012383	138
-0.0715268077672002	-1.80445321194022	138
0.12301880510618	-1.8419330268131	269
-0.10607992577927	-1.85479006246849	27
-0.0549452382644899	-2.24727964317336	27
0.12403393117823	-1.79012987095759	243
-0.0957345208829099	-1.83629965618898	243
-0.10013581851876	-1.82016949470839	407
0.0739579162719699	-0.116755459953115	95
-0.0780490128753399	-0.781080033768586	95
-0.0258740357157201	-2.19472297445106	95
-0.04736007007204	-2.21161576754364	138
0.03485680860206	-1.47365119156393	138
0.0478216658302002	-0.789161936102873	138
0.10760233074669	-1.8572018035119	138
0.12314129725666	-1.15327006776482	138
0.0812399822557399	-2.49026193274092	138
0.000152403359889863	-1.09287927022914	138
-0.0931689366206401	-1.8346689797954	194
0.0903515982721701	-2.48805011070301	194
-0.034229440347	-2.1684480681027	27
0.0548911413673099	-0.23104593068527	27
0.00471247317276013	-0.419140062731603	464
-0.0590608575010201	-2.2534995638996	464
-0.0840736319595501	-1.79540399521946	61
-0.11805594919212	-0.487956723100579	243
-0.0435279695716799	-1.15243843154839	243
0.0971229766401702	-2.47869435104335	139
-0.0950675073624301	-1.8757818978227	926
-0.05701062077011	-0.268839166833263	852
-0.0158845878753202	-0.560120100102311	407
0.0204347855337499	-1.54960113285179	95
-0.11025107205055	-0.395229293125038	95
-0.00427116684991002	-0.00318543398838944	668
-0.12165604526497	-1.10437091621869	95
-0.08548519206211	-1.83972352661013	138
0.0974177421923299	-1.90912428759618	138
0.00603070969533981	-2.22326347552804	27
0.0698106213969001	-2.46939973422518	464
-0.0622871514660899	-2.28481775332717	464
0.10532533201368	-1.20512792044445	61
0.12223139973685	0.789008726678776	407
0.11364422212162	-1.39701683110628	407
-0.0152031208921501	-1.03667393590753	95
-0.0848939857253601	-0.821083889211158	95
-0.10796798773066	-1.80888816804199	95
0.0668888781582702	1.2290440603903	138
0.02214103330896	-1.59803303512253	138
0.00213076193873984	-1.62140964218195	138
0.00148520596588986	-0.42207197927	138
-0.0255614466318801	-0.617145173020062	27
0.0977471059976298	-2.46544897064939	464
-0.0284504857587602	-1.2114122146937	61
-0.0751867418020602	-1.88754230664136	243
-0.0620352795327501	-0.197985866097113	243
0.09366775711749	-2.47342742710522	450
0.0936701565919602	-1.84401800488451	87
0.08451906044324	-2.48733332953245	926
-0.0974878941640198	-1.7849783422228	852
-0.0804006670878099	-0.734134665850048	407
0.07897037804663	-2.49186901288429	95
-0.10342196297488	-1.85469748508426	95
-0.05761592983789	-1.86851114688262	668
-0.01884731133392	-2.21783183722991	668
0.11125202663792	-1.85939363155495	95
-0.03753277789315	-2.16009637670329	95
0.0763197730749199	-1.96941378693549	95
0.0830797468663098	-2.49171845230052	95
0.0361767040237999	-1.45675641743683	138
-0.0267202951211898	-2.24227231671407	138
0.0122163105897899	-1.46530677302884	138
-0.1063181274035	1.28989455558163	138
0.07298560231995	-0.76038917028819	138
-0.11948919484082	0.155627724676982	138
-0.0421012495455999	-2.24279131633715	272
-0.0698479886622798	-2.24992917527043	27
0.09719645317807	-2.4786966310628	27
0.02318285067091	-1.51030541932656	464
-0.0257924161877798	-0.162297550210766	464
0.0289910373509699	-1.55216918058745	61
-0.0528911258643401	-2.23428081710978	459
-0.0799782974788998	-1.78616660521123	668
-0.01505004200876	-2.22188187344107	95
-0.11691050137312	-1.47922205420387	95
0.1046969488307	-1.80361360186531	95
0.00953714355993007	1.37630936283768	138
0.0389903603065598	-1.4246207597738	138
-0.0635831848643198	-0.733812045544629	138
0.05000835784602	-0.834736576619527	138
0.08549925506109	-1.973719035826	27
0.09033817715782	-2.48179164223554	27
-0.1191917064221	-0.934964253510453	464
0.0508681079277902	0.91934780592252	464
-0.04865423988509	-2.23390703364339	895
0.09170668655198	-1.86809268724024	61
-0.0741619478412399	-1.80199173810703	243
-0.0367274649684299	-2.22079756406828	243
0.0805339651425201	-1.86558444649051	459
-0.0286264516692798	-1.20043822606139	459
-0.03569887492774	-1.2298614855396	87
0.0227342062946199	-1.57313179807593	87
0.0553679022971201	-0.812745038167958	95
0.07644785654416	-2.46653536193763	95
0.0964799636903	-2.47206031564754	138
0.07883116310837	-1.86672263590993	138
-0.12073308645127	-1.42392092920579	272
0.0944377681129498	-0.111704927396321	27
-0.04962619772285	-2.20610161654323	464
-0.10561816009395	-1.43489261269213	464
-0.0920001173997802	1.90410749700124	459
-0.00268140072948997	1.40301590935618	459
0.0096982962009502	0.234927134325957	450
0.0916932107536299	-2.47597374015919	87
0.0824115770098	-2.48762288211759	87
-0.0426615787020599	-2.20012237313344	139
0.0102225435398999	-1.53333669493787	926
-0.0555179725863901	-2.23699767537419	926
0.0883441856327298	-2.4476702476166	407
-0.0034587623166602	-1.54898824547684	407
0.0867320332306201	-1.84840405990266	95
-0.0428604927714802	-2.16271155834673	95
0.0284284435334601	-1.49920434986871	138
0.10377367479301	-1.29074555651777	138
-0.11386133185791	-1.40977716717786	269
-0.01531086921403	-1.08739767011642	269
0.0931830977369601	-2.47072312821822	27
0.10053790737663	-1.8353880388458	464
0.11355994860769	-1.81691448076073	464
0.0830556089238601	-1.93396843056082	61
0.11848614127889	-1.12672578467871	61
0.0193140041651199	-1.65566263180418	61
0.0845813631913499	-1.91116826360942	243
0.0300175796904401	-1.41435831626683	926
-0.08388295309362	-1.82607148696503	95
0.06509447117906	-0.795934767832462	138
-0.0746211294060002	-0.755306678245901	272
-0.0586585448693602	-0.06703338730048	269
-0.0496824220602101	-2.17227245346595	464
-0.0810696272451299	-1.7945494223179	61
-0.11197310860392	-1.49263634409473	61
-0.0522760924194801	-1.20315890534662	243
0.10150152449584	-1.89307625033048	450
-0.0319357150212198	-2.21237496235089	87
0.0236997911728798	-1.48011768695382	926
-0.1083447674843	-1.85024302347199	95
0.0950736641882899	-2.46976216640367	272
-0.0868174494349598	-1.81717051887848	27
0.1203136160467	-1.11454270405649	27
-0.0939271177966998	-1.88558941467568	27
0.0746135802125099	-2.49627358912943	464
0.0288480083672602	-1.52864849178496	464
0.10883490279475	-1.83969985134702	464
0.12226221907883	-1.84467973003063	61
-0.11772646758008	-1.49648817511723	61
-0.0340732498020002	-2.16747064565015	61
0.00531705233450985	-1.5322238438001	450
-0.10796926024821	-1.85637996797999	926
0.0360817305531702	-1.46559706271085	926
-0.0878658764291802	-1.80376291705158	204
0.0968630179171499	-1.87943024782128	272
-0.0154901134974299	-1.18304804375823	269
-0.03763910784442	-0.740574668579817	269
0.0449030474648602	-1.45434294577976	27
-0.11482916208752	-1.5306936797838	464
-0.0219017528847898	-1.10621980650104	464
-0.0919565135588201	-1.79710671587227	243
0.09686219424756	-1.81704814071648	243
0.02909019957906	-1.45823497163649	450
-0.0723408075774001	-2.27516208847511	341
0.0986257756488	-1.19356311475273	87
0.00332888452998992	-1.56932007208525	87
-0.0373610984622901	-2.20909271456818	87
-0.11731101718051	-1.54713403984674	926
-0.00208281354476014	-1.64619376065365	926
-0.07266388603996	-1.81934309804769	926
-0.0856459767055302	-1.80170072330421	926
0.10251492944618	-2.47210060681665	138
0.00417559177400007	0.153728924212519	269
-0.0588255906550801	-2.24697475113395	464
0.0673522618236402	-1.97668037275748	464
-0.12210948156765	-1.90491199948449	464
0.0931428866343502	-1.82958922849002	464
-0.0864368018743802	-0.840266492027651	464
0.0259865364515202	-1.46634449679633	61
0.0880563733892399	-1.83542618326677	243
0.0335465992357298	-1.4143304102663	926
-0.0824409522092502	-1.91837075741331	95
-0.0890507471477102	-1.82854117147488	138
0.01882478035964	-0.521414259019942	269
-0.0715602219622098	-2.27354751137733	464
0.0913098350722001	-1.90566544906156	61
0.10760233074669	-1.8572018035119	61
0.10733557557765	-1.80403568170828	459
0.0944657755380498	-2.48646451351438	87
-0.08326777267076	-1.82502350200645	926
0.12429504640665	-1.78922630373778	269
-0.0602677276677701	-2.21671681431048	464
0.11650502431569	-2.46372815834817	175
0.0832466433397601	-2.48551371399824	407
0.0535051070457699	-1.43067051850517	464
-0.0481025627019802	-2.2188112983457	459
0.10251492944618	-2.47210060681665	87
-0.0504659694965102	-2.20046164746122	179
0.0669762290949501	-2.49715500014796	407
0.0865279682182498	-2.47832253878317	407
-0.0664276129523498	-2.21696309091122	407
-0.0368517107464101	-2.13919718568353	407
-0.0324616371080699	-2.2276252984401	95
-0.0851592339046499	-1.76531725010498	269
0.0937154859832798	-1.87233783516045	269
0.0664558518585099	-2.47044431513026	269
-0.0949307454888202	-1.78794159175294	269
0.11844414265552	-1.27666096744475	27
-0.0333877819087798	-2.19703406146201	27
-0.0335627959987299	-1.17564179151278	464
0.0745891505035101	-1.92211891845126	464
-0.03483263481544	-2.1375645956501	272
-0.0584124180868302	-1.86749073873169	269
-0.08259909138402	-1.85578594944219	27
-0.06163936386625	-2.21158989664045	27
-0.1219039160357	-1.92984911381379	27
-0.10725009797908	-1.36167294207418	464
0.10564779771143	-1.28409862274236	175
-0.03673099331521	-2.17572725869156	407
0.10034887173357	-2.48830921901232	194
-0.10921270638992	-1.38014694281301	269
0.0600482838679	-0.728615927042889	269
0.0228426454770201	-1.56516314410604	27
-0.0320973538542999	-2.16367064604504	464
0.0727077814800401	-1.94662817318558	464
0.08451906044324	-2.48733332953245	243
-0.0388080083737301	-2.26697305190781	341
0.0950990356877002	-2.44727434672328	341
0.0863963447239899	-2.45149830328875	87
-0.01009302214851	-2.22611524378699	175
0.12340762102119	-1.77625302967559	175
-0.11165095906924	-2.02347042161973	926
0.0766172209287599	-2.49586930731753	27
-0.0453991448346698	-1.30639669285132	464
-0.0572522943096501	-1.8530043010105	243
0.08167507486439	-2.48400539712017	175
0.0910786064594902	-2.44420375256046	926
-0.0482277149338701	-2.18336423574841	258
-0.11129074573499	-1.87615308108333	407
0.11328142564418	-1.77547509558432	407
-0.03225576649726	-2.16465946471793	269
0.0223140210899402	-1.47258656490659	269
0.0832466433397601	-2.48551371399824	269
0.06684341368475	-0.784061070072854	27
-0.0311332324987501	-0.0797721316250044	464
0.01848987429711	-1.44073508616875	464
0.10072196530601	-1.9067584037807	464
0.08988095866028	-1.91427406487058	464
0.09366775711749	-2.47342742710522	765
-0.0368472964481401	-1.23173949393606	243
-0.0300860925178799	-2.1427737346912	87
-0.02823210767236	-2.16996184320101	87
0.0655188684097401	-1.89897722987983	926
0.0843624481840601	-2.48385224137401	926
-0.02269311910554	-2.21457885115613	926
0.0896567827891399	-0.777914732600789	288
0.0724545457486201	-2.456978484269	269
0.0898876458673299	-1.87019384289827	269
0.11103380729405	-1.85404381062423	27
0.10649179972893	-2.48003189212749	27
-0.11052001373538	-1.85792446974614	27
0.00443943104078004	-1.48284385764887	464
-0.0525658377227001	-1.42618110241763	464
-0.0688119562638101	-2.28945464981169	243
0.0698106213969001	-2.46939973422518	87
0.0272594167348301	0.297061919163451	258
-0.00530313069497002	-1.1745243844211	407
-0.0882066898020399	-1.88261780283204	407
0.1091422461	-2.48652997223563	407
0.0872446225124701	-2.48958691623366	95
-0.0260211035040201	-1.20032008501835	194
0.0963491219097401	-1.96298532215042	95
-0.0117176322550701	-2.17224120066068	269
-0.0462408148731099	-2.17230261010823	27
-0.0254387228366202	-1.05448424381996	464
-0.0216889182098199	-0.604507122629713	464
-0.0370120476277598	-1.16587529667076	464
0.0664558518585099	-2.47044431513026	765
-0.08724711550849	-2.33394550074284	407
-0.10575229390754	-1.86813496080206	407
-0.0132412182925701	-2.13899375158227	95
-0.02239532043366	-2.19781016930101	272
-0.01978811616525	-2.18541760221733	27
-0.10538123162632	-1.91749956751696	27
0.10380731242849	-2.47489389264438	27
-0.09980562264266	-1.83805082067344	464
0.0357813448448998	-1.4393885165309	464
0.11565322877402	-1.85474512329865	27
-0.10592401316428	-1.86638475518027	464
-0.0330569151912501	-1.23136663249796	464
-0.10498431234563	-1.8499252134316	464
0.0837246117806498	-2.48441690626191	87
-0.0435171049665701	-2.21831765873865	87
0.0997827666578002	-2.48548084952385	175
-0.0882185916728799	-1.79609039190788	175
0.04396495399808	-1.44650242113154	926
0.04295780900997	-1.56150018072627	926
0.0751116852148299	-2.48718294085976	926
0.0568620768794101	-1.3986238415684	288
-0.0310194178940102	-2.20279209766919	407
-0.0395548701390398	-2.18620553245818	194
0.0876103088628	-1.91548436456174	464
-0.11704006078519	-1.39555684112354	464
0.0262648179480101	0.182219518321837	464
0.11674876797644	-1.16934757325199	464
-0.0401946268247202	-2.18399759868005	464
0.0699124233171999	-2.02435332630512	464
0.0260997458385899	-1.50389178718724	464
0.11419498066112	-1.85896006604301	243
0.0890547994804498	-2.48522822584728	459
0.0905314960448602	-2.47493308986661	87
-0.0769489333564901	-1.82789093241183	450
0.0804193139940002	-2.4881132356616	175
0.09445714804396	-1.8733256448442	175
-0.0368080107885298	-2.15579929586589	407
-0.0707028682888899	-1.80650945843444	269
0.0990573417035101	-2.43340832988201	27
-0.0333465983830799	-2.16884366042042	27
-0.0995402798167602	-1.92227146113269	464
-0.0312802534239802	-2.17397751661212	464
-0.09575831838163	-2.39801713515872	174
0.11946564610771	-1.77130512161853	407
-0.0411669106744701	-2.17015549574678	407
-0.0250169212274201	-2.22894536268767	407
0.0772499907136002	-2.48853356425544	407
0.0898151818946098	-2.48647572579016	194
-0.0837151600717001	-1.83068443340786	194
0.10042315439059	-2.47047701508919	269
-0.0577557080436701	-2.305643258421	464
-0.0282260376913901	-1.19564396798058	464
-0.01271818932578	-2.17390068304478	464
0.0869529236770199	-2.47295888226066	243
-0.0252040287414101	-2.22159622979966	926
0.0910786064594902	-2.44420375256046	926
-0.0908748045899901	0.256473703603908	288
0.07694386216613	-2.47938079770129	407
-0.05821326724246	-0.668461382133591	269
-0.0692068059125099	-0.743373758119208	27
0.0756207761413701	-2.49145799245648	459
0.0871658340110502	-2.4795590915426	341
-0.0227440992907102	-2.14540138811083	341
-0.11725369477367	-1.91891588618875	926
-0.11825685356916	-1.41830949522682	407
-0.07858630863532	-0.722560136287264	407
0.0565820298200301	-1.46640671733786	407
0.0923704359172302	-2.48453287047147	407
-0.00215554138656993	-1.59011817709986	194
-0.0503080692584499	-2.16328722908575	269
0.0930044264573202	-2.44775436220775	269
-0.0373610984622901	-2.20909271456818	27
-0.0909825597196399	-1.88157980271697	27
-0.0693846851448501	-1.85568926905879	27
-0.10993892830598	-1.88401649054496	464
0.0957424658671502	-2.43974804268925	921
0.10382260640153	-1.82020005515368	921
0.0684437599602599	-0.716855115838881	139
0.0763092898264302	1.77266406854943	288
0.00237399665259019	-1.54313173885032	407
0.0620688669598599	-1.99219028639238	407
-0.0489639439920002	-2.18161966593927	95
0.0757345660568198	-2.4496178344152	95
0.0953818036321299	-1.85252189346523	464
-0.0304438562587102	-2.16715049078568	464
-0.1071550192626	-1.92607899102182	464
0.0331422938770198	-0.423653241525023	288
0.0845739725435299	-1.8680871920026	95
-0.0157907486730999	-2.22049144774748	420
-0.0789751307877902	-2.29493234055627	87
0.0810603692204199	-2.47568748510244	175
0.11371895322399	-1.84767593811037	269
0.0896167382698101	-2.49470518202191	27
0.07431178231686	-1.88572578341249	27
-0.0489386657314199	-2.24656142729333	194
-0.0391075720465199	-1.19135812122781	464
0.0970303054411201	-2.4852912387929	87
-0.0690213879348498	-2.24650587108693	407
0.10453082769448	-2.49919502166101	407
-0.04644007112765	-2.17347422139295	194
-0.09379248180303	-1.80540487433136	269
0.10563720341404	-1.82428669723169	272
-0.0242088647834402	-2.1430405881226	194
0.10246736161025	-2.48779645413907	139
-0.0785367015212599	-1.80804700054213	464
0.0996554635573199	-2.48350163070549	464
-0.0219468471901201	-2.21375742605408	464
-0.0483995878521601	-2.22487296953447	61
0.0481537232595901	-1.44033413243779	139
-0.0333716178527599	-2.14000506361124	87
-0.01303616554585	-2.18748938784787	175
-0.0419239474766702	-2.25773724454064	443
-0.06401682753935	-2.2784681710593	194
-0.0128137877418801	-1.01662620477013	269
0.11660471624585	-1.89231330574601	464
0.0853832140641901	-1.84564542185541	464
-0.01975020573764	-2.1880186717438	139
0.0716487376082902	-0.121395980943452	175
0.0447759737861202	-1.50147833574363	272
-0.1065288433908	-1.93801260931884	269
0.0986150719287999	-1.89886930983731	269
0.0904004344701299	-2.47312143037691	27
-0.10805401160865	-1.40434848420636	27
-0.0900115765866598	-1.81970856332742	27
-0.1158236837419	-1.93040255292389	464
-0.0395400419185199	-2.15682863370156	464
-0.06386810885824	-0.861238976332979	464
-0.00475968674271998	-1.55033757731933	464
-0.0433850613896101	-2.23337869292729	464
0.0717517170855002	-2.48605808524397	243
-0.10806701777852	-1.83588377317435	87
0.0823877047069899	-2.43896340583532	87
0.11281190890118	-1.12687499340507	87
0.11650878983623	-2.48733769823765	87
-0.11548333979967	-1.43030557973306	194
0.11427142541275	-1.83423497537256	194
-0.0217904265115201	-2.24880702024434	95
-0.0372206222486202	-2.24649414876558	194
-0.0745710136883	-1.86279509466686	272
-0.00209730180265	-0.428612789995925	27
0.00783321145866012	-1.04781651243318	27
-0.0360828641827	-2.16250228606346	464
-0.0919793486075502	-1.87572438871354	459
0.0890170778335402	-2.49166904872802	450
-0.11220967437634	-1.91633222296101	87
0.0943860481062999	-2.43676702244761	87
-0.12280335328547	-1.42404162691561	407
-0.07970236763554	-1.832372313718	407
0.0803562047661299	-2.48906514833269	272
-0.05207170393835	-2.22826322713987	269
0.0816909891175999	-1.89433274440041	269
0.10578571965971	-2.49988760469768	27
0.0266937068412001	-1.47994568332876	464
-0.0198686380872801	-2.13861962521641	464
-0.10680930637972	-1.84547621019434	464
0.0697183808564899	-0.749764173727733	464
0.0968630179171499	-1.87943024782128	243
-0.0198686380872801	-2.13861962521641	87
-0.0573011629073901	-2.27367808258081	87
-0.03673099331521	-2.17572725869156	175
-0.0435873750614801	-2.14753682985053	175
0.0921111079722698	-1.83129237840846	175
0.0889846386573598	-2.45452834032447	175
-0.10111351272476	-1.93081466909031	407
-0.0382783550079102	-2.20151709192895	407
-0.07779756192026	-1.03037138309419	464
-0.0641566039910901	-0.868663536348688	464
0.0783851173199901	-2.4568840489005	464
-0.0521752423317801	-2.23464403767878	175
-0.00288411008826017	-2.19824804654021	175
0.0928999940413	-1.84552363904711	407
-0.0980603405761902	-1.87816495291921	407
0.0775086529640499	-0.767597761829663	27
0.0898921490196001	-2.48226994246331	464
-0.03967225377539	-2.21379080122211	464
-0.0678575103061498	-2.21555432001688	139
0.08373828814333	-2.49120241734587	139
-0.03463935661456	-2.22388607982459	87
-0.0298790523672201	-2.20531726632222	175
0.0824903007814002	-0.0912679753219363	258
0.11043979415403	-1.8244990344788	174
-0.0231380152753702	-2.16535903214382	194
0.0832466433397601	-2.48551371399824	27
-0.0401177896873701	-2.28588873215904	27
-0.0664060557135602	-2.23917091464864	27
0.00561473032538995	-0.405955600759966	464
0.10582559852792	-2.47333521757369	61
0.0963530006481901	-2.46908955422074	175
0.0998543988625	-2.47133263745381	269
-0.10421153101847	-1.84139509177091	269
0.0625431083760502	-0.73856167277421	269
-0.01009302214851	-2.22611524378699	27
0.0958372769954399	-2.47587132595781	464
-0.08475487615102	-1.40857178233356	464
-0.0636548933513899	-2.2742333595562	464
-0.0508693661863799	-2.1983653960828	464
0.10784375760816	-2.49860871185605	98
0.0836327358265998	-2.47602532866454	459
0.10658651433067	-1.80261053698533	174
0.11383208003506	-2.48740922973683	27
0.0911740239283199	-1.85650302473485	27
0.0234520149105499	-1.53266544165926	27
0.0898151818946098	-2.48647572579016	27
-0.11296240407335	-1.92135870408008	464
0.0766172209287599	-2.49586930731753	175
0.0790436383495901	-2.48479713251621	175
-0.0300860925178799	-2.1427737346912	174
0.0717517170855002	-2.48605808524397	407
0.0770553805285101	-2.48772377843635	27
-0.0407138292946501	-2.18281610664916	27
-0.0274533525157801	-1.15815680475751	27
-0.0214043139475399	-1.10324893200658	464
-0.0177740768093999	-1.080709570853	464
-0.0751184905117901	-1.77663330408441	464
0.0990408664575102	-2.47407076120688	459
-0.10384925302614	-1.81885456673473	459
-0.10225387957996	-1.43628347684308	87
-0.0528118331520702	-0.728576542835061	175
-0.0952128872692501	-1.37006299661091	926
0.0484184109302999	-1.45972884877864	175
0.1002582583252	-1.84216307086505	175
0.0806071768382499	-0.0760900379821754	258
0.02225328682779	-1.48112711154146	407
-0.0233491761588001	-2.13785314657728	194
-0.04503999789118	-2.15988995065658	269
0.0823434533405298	-2.49154999850451	87
-0.05127123935099	-2.29768901147474	175
0.10699050078108	-1.87609673602185	407
-0.0956776973365199	-1.87706641873877	194
0.0822831423712001	-2.4913721710956	194
-0.0834574863003201	-1.82660422712848	269
0.0877940031715201	-1.84054541220676	27
0.0838826916687401	-2.47815517295772	464
-0.0506127369466798	-2.18142401016405	464
0.0870642499197598	-2.4679421065001	464
0.0744602822043801	-1.89936341206321	464
-0.01210029385962	-2.23164058441981	139
-0.0480461638247198	-2.28466174427598	459
0.0984120687671699	-2.43214058454363	87
0.0902673832436398	-1.91504103287167	175
0.10247544355213	-1.92180576148305	269
-0.07848889284924	-1.78062075413029	27
-0.06832416566218	-1.79397495041421	27
0.0830177550161699	-2.49589084217127	27
-0.0239491266598	-2.19153614368292	175
0.10244046618063	-1.8007360315368	175
0.0933372539771402	-1.9088098432988	175
-0.0684310557390302	-2.24903939231899	175
-0.10494584063998	-1.89590389229572	269
-0.06443487180842	-1.84505751530147	269
0.0879627227707598	-1.8529213418131	269
0.0877040561506299	-2.45157974867692	464
-0.04819490944059	-2.27161962211918	322
-0.08768421062021	0.758146690541595	258
0.0846456319820499	-1.83550124609239	27
0.0903091105382701	-1.88700550249741	27
0.0453460200180902	-1.45785848663343	464
-0.0143447432411201	-0.49563443240053	464
-0.0659898803885701	-2.21940720545773	194
0.03198701287578	-0.868256010671669	269
-0.10393757482396	-1.85636430257793	269
0.08451906044324	-2.48733332953245	269
-0.0803459049267699	-1.76376155423251	27
-0.10618268547742	-1.85009045846482	464
-0.0506531795461198	-1.14407191471016	258
0.0138641605974299	-1.56101320815293	443
-0.0577552649583599	-2.26784673567559	194
-0.0239482169810499	-2.1291214033677	269
-0.0895303703171599	-1.43563532553924	194
0.0805235363737999	-2.49673808938542	464
-0.0183121366058399	-1.0843039209239	322
0.0898921490196001	-2.48226994246331	450
0.11716008237818	-1.85764153182648	87
0.0766172209287599	-2.49586930731753	355
0.0951949162621202	-2.49176401661108	355
0.09719645317807	-2.4786966310628	194
0.1063901820473	-1.8195578210821	194
-0.10792630295959	-1.91123285092835	269
-0.06968371543674	-1.79561813722694	269
0.0730865899656599	-2.45761583877298	27
-0.0834048598133399	-2.29952259663549	27
0.07803355516138	-1.83912158831783	175
-0.03697572573894	-2.15684265348429	175
-0.03808474272908	-2.22545902849929	175
-0.0558327188143499	-2.20330900125506	87
-0.0631424175045998	-1.85474937828763	87
0.0838826916687401	-2.47815517295772	194
0.11329485635294	-1.83034845120724	464
0.0883441856327298	-2.4476702476166	175
0.11318998515304	-1.19084164450173	269
-0.0377012371435499	-2.16113963213256	269
-0.00777322635885014	-2.14616129629378	194
-0.0397192669511401	-2.1579222808604	464
-0.0698479886622798	-2.24992917527043	175
-0.0647381805317999	0.427848629732824	443
0.12266378543877	-1.14561712298653	269
-0.0125018048718499	-2.2159324131312	269
-0.11082966519685	0.11267708065248	27
-0.0804539163695899	-1.8078633226128	27
0.0654378572263301	-0.731018743022791	27
0.05119190333546	-1.52730699836026	464
-0.02748120302534	-2.14788307465687	27
-0.0443138766455302	-2.1464975003793	322
0.0724226540866302	-2.01534254072675	243
-0.0578998855436899	-1.82435992708974	459
0.07455790372375	-1.89678451519964	450
-0.04647813288718	-2.19897936699106	87
-0.0231571699555899	-2.20229758544954	87
-0.0562935647278202	-2.20336634670701	175
0.11254793919369	-1.85093817695561	407
-0.10165627324767	-1.83458520021606	194
0.11344336429031	-1.85801154938627	269
0.0832466433397601	-2.48551371399824	27
0.05586465880809	0.455094631338103	27
-0.11550112690986	-1.41204645479065	464
-0.0431877583744198	-2.2221036174023	322
0.0751010381070301	-2.4572114678167	450
-0.0191487647447901	-2.19287327591358	175
0.03835336523899	-1.43743821170266	175
-0.0919793486075502	-1.87572438871354	926
0.0195535078951301	-1.54900995634614	87
0.0987601441005901	-1.82143711309435	87
0.0865154753889401	-1.89050161695551	194
0.0717417613531199	-2.49537391245338	194
-0.0202008465155998	-2.1528742610924	407
-0.0306075951479401	-2.20003816054218	194
0.0856832148156399	-2.44046585085981	355
0.0969435234819702	-1.88897595201437	27
0.0810603692204199	-2.47568748510244	659
0.01677333127701	-1.48507946811081	269
0.0870953995687001	-1.85173074654049	27
0.0856832148156399	-2.44046585085981	27
0.0664558518585099	-2.47044431513026	27
-0.11795362466771	-1.4104523065205	27
0.0537427905366799	-1.4527398752413	464
-0.0353573377095699	-2.18146535465763	174
0.12263531420496	-1.26089167727626	224
0.10967108655067	-1.24885535890626	269
0.08899263292468	-1.90133465524345	27
-0.0284148398937698	-1.12106359328531	464
0.0724545457486201	-2.456978484269	322
0.0238222948883502	-1.44883480072754	87
0.0717517170855002	-2.48605808524397	87
-0.0333465983830799	-2.16884366042042	175
0.0255165078308099	-1.49452433690577	693
-0.013988979494	-2.23045188420449	204
0.0890246306076099	-2.48383024811396	194
0.0286472921483898	-1.48671395119614	269
0.10630353997874	-1.87367487095685	194
-0.0965162297736999	-1.82949783605868	464
0.0250741771913199	-1.47136102082945	464
0.0676057579484599	-0.742954842327576	464
0.10685404962016	-1.85623213741998	450
-0.0972763580862801	-1.80454006258648	175
0.0917890625116899	-1.88836234944539	175
-0.0435171049665701	-2.21831765873865	175
0.1091422461	-2.48652997223563	114
0.0655787146582099	-1.91901299660622	194
-0.1074906317799	-1.91460985364543	194
-0.0491570032428199	-2.19882777827047	269
-0.0778520908665898	0.358395362873871	269
0.0810603692204199	-2.47568748510244	27
0.0247805204448501	-0.393917713973641	194
-0.0268814797111401	-2.15696698339999	27
-0.05863402405177	-0.753911855109357	27
0.10415789367184	-1.87577128937288	464
0.0708809269287798	-0.805141743541087	322
-0.0589854464897099	-1.80899374463089	139
0.0766293608276101	-1.90512294171382	175
0.0946266917565599	-1.85095174087433	194
0.0846079256736299	-1.82894653150344	194
0.06217993052796	-1.93937075713698	269
-0.0353865951860199	-1.19949166620772	269
0.0805478477092301	-0.754783112078727	269
-0.0615242637516502	-2.28154683586003	194
-0.04845508090493	-2.21968466477701	322
0.0655241502541499	-1.95191498245364	450
0.0115636838033901	-1.51851485199304	175
0.0738813200275299	-1.88375676326587	175
-0.0567953975003701	-2.27302502932579	87
-0.00996311901297009	-1.15039980880075	270
-0.0303781068165998	-2.19451117768967	194
0.0806054255521298	-2.48967114480814	269
-0.0299352343659902	-2.19226320053088	464
0.0720403352211401	-1.88167672475312	464
0.0927290968194798	-1.88760036434819	87
0.10801855493577	-1.79905885248596	175
0.0681772784176098	-1.97505565527782	175
0.0978394453304201	-2.48771594319833	269
-0.00933667540050021	0.70517254419268	258
-0.10494581219109	-1.90276450924964	355
-0.03809237224971	-2.21261604939366	194
-0.0184007770172498	-2.17134489542418	269
-0.0427654646642499	-2.18165144631465	269
0.0768681517944301	-0.130029330226458	194
0.10996978571625	-1.79335617282916	27
0.10380731242849	-2.47489389264438	27
0.0453846673368199	-0.905410606656253	464
-0.10836371053886	-1.90678610834036	459
0.1031582631908	-2.49153882962739	87
0.0856099366343099	-1.89989928707374	175
-0.0731069476089199	-1.85598050845195	269
-0.0472038808325199	-2.18982656772935	269
-0.0938216403260101	-1.82096697844977	27
0.10043780763111	-2.44938105257623	464
-0.0501851263573299	-2.22871730233718	322
-0.0956776973365199	-1.87706641873877	87
-0.0272058071914199	-2.1962474652231	87
0.10102306054344	-1.86197620586004	175
-0.10369175327629	-1.94253761416682	175
-0.01828384234729	-2.21942323776834	175
0.10989740296662	1.32669716773441	288
0.0467323954350798	-0.956669927349033	270
-0.0451791904262202	-2.1969697357346	407
-0.0599389695992199	-0.805305780241135	224
-0.10206946677531	-1.85608873925704	194
0.0425002495995699	-1.45101695427645	269
-0.0614244252224601	-1.84442449610414	269
-0.0247643996987099	-2.16504161034846	269
0.07411649465663	-0.838775275694074	194
0.0175523143688401	-1.61702456658929	27
0.0729331486756402	-2.49683883245432	322
0.10589439229634	-2.49315030775833	322
-0.04530193949115	-1.15529416772773	243
-0.11448807687231	-1.40606803396046	87
0.0917562959265901	-2.47599276350551	114
-0.10951091449625	-1.91290837561058	368
0.11289916098722	-1.87840432073775	269
0.0823728670930799	-2.4996525041428	224
-0.0876037669184502	-1.81599127055802	114
-0.0556436465051502	-2.19902286320772	269
0.0925422459128402	-2.48308555755389	175
0.06318942369575	-2.47771627262798	87
-0.0374600769796198	-2.17474393659773	194
-0.0406200311945102	-2.20763379045048	269
-0.0648415952565502	-2.3048984374456	269
0.0941664369345299	-1.80988794101004	194
0.10453082769448	-2.49919502166101	194
0.09190378932488	-1.87990641958966	175
-0.11083861589128	-1.41989509158591	224
0.0724545457486201	-2.456978484269	269
-0.0945982321586398	-0.883260374119641	269
-0.0535915701066201	-2.19943166000391	424
-0.04351496693041	-2.17873451693715	139
0.0862478658457402	-1.88532319760601	87
0.11988671403983	-1.27697652944364	204
0.0831753659562402	-1.9059583638548	194
0.0170837202030798	-1.51269333128803	194
0.10177484859795	-1.8785458665134	194
0.1142312320736	-1.86711345132526	114
0.10165750092633	-1.86892470175329	368
0.0977671234885098	-2.44485928347808	194
-0.12131906221532	-1.1057896346128	27
0.00359923474416002	-1.51967920783894	339
0.0770553805285101	-2.48772377843635	87
0.0176460547050099	-0.432395256418683	224
0.0833637221468599	-1.93678403893113	735
0.0282364522240202	-1.48110278833244	735
-0.0394670526245902	-2.19312298836088	735
0.0884168789719202	-2.44332764132859	194
-0.03864232967973	-1.21237656184503	368
-0.0639027518139499	-2.18995836843005	368
0.0770553805285101	-2.48772377843635	194
-0.11980205900368	-1.40906733124563	424
0.0538410304708501	-0.79861953122335	27
0.0892365056228801	-1.81736571940693	27
0.11517265408148	-1.81791491792787	464
0.0977831897274202	-1.81385037412108	87
0.0990573417035101	-2.43340832988201	87
-0.03326121737028	-2.17645227405475	87
0.07902045214529	-2.45817310902829	87
0.0805235363737999	-2.49673808938542	87
0.0929742184748998	-1.88630321687666	194
0.0917202215853798	-2.43139632136004	194
-0.0580672571405301	-0.704571454482416	269
-0.0982999577838499	-1.89502636409809	424
-0.0173306483215598	-1.04974530739319	424
-0.11736680464082	-1.92204775511295	27
-0.0657293368293801	-1.8059464041916	27
-0.0482511194564199	-2.23216625046565	339
-0.0289859205296001	-2.16848518281963	339
0.10975024365661	-2.46131021633133	322
0.0963738551909201	-1.89608454056845	243
-0.11506322143262	-1.83444090288807	87
0.0812399822557399	-2.49026193274092	87
0.0812740017762299	-1.87552417998535	87
-0.0501469268211099	-2.19935602926806	87
-0.0990747216749401	-1.42620934209979	224
-0.0429911186878198	-2.16160533588996	194
0.0730865899656599	-2.45761583877298	368
0.0990895755100101	-0.756641273459382	339
-0.0254578042555602	-2.17423329508502	627
-0.0909444820616598	0.771185353031644	270
-0.10258397614861	-1.38666012054756	224
-0.0444249353275601	-2.18409740958181	194
-0.0292467703888302	-1.10424551274957	368
0.0929366198081398	-2.48743912586792	194
0.0990814535164799	-2.48254894889984	269
-0.10409836450654	-1.49922978112575	27
0.0815323046229901	-2.49920269379576	322
0.0970544708455101	-2.45276337204229	87
0.0501589672964	-1.4718155148868	87
0.01846915722466	-1.5434452736611	735
-0.0383437026825599	-2.24140490247565	194
-0.0333758322012101	-1.13283993980701	194
0.01594369205809	-1.44213369631243	194
0.10380731242849	-2.47489389264438	114
-0.0276143198345098	-1.1445496493249	368
0.0284212892673401	-1.50726936722825	368
0.0637261917972198	-0.934254117823719	194
0.0897402517949102	-0.858807004634836	269
-0.0771541259649702	-0.862275373230267	269
-0.10758086220451	-1.87918732751961	269
0.10049083135017	-1.84674758302125	27
-0.03095285518302	-2.24617880381449	27
-0.0583679486472599	-2.24616843125592	27
0.0739822930373899	-2.4956737265217	339
-0.02041175536535	-2.17509485091366	339
0.0930685729627601	-2.48856547432796	87
-0.0525255617357998	-2.21273398477189	87
0.1004276232404	-2.49586601259833	87
-0.0441721793673402	-2.18295220150543	87
-0.10417322251743	-1.90517697170484	87
-0.0462025301590199	-1.15343375139197	270
0.0839475006959902	-1.86542269242579	735
0.09570264677409	-2.47290573509587	735
0.10929409395243	-1.31336456649499	194
-0.0570301444579799	-2.21291148729689	368
-0.03799268358186	-2.27838385588799	194
-0.0150173510074199	-2.21452617048822	194
-0.0513474149136699	-2.22921841561236	269
-0.09750350346811	-1.80401299356574	27
-0.0251539985150799	-2.18107653772717	27
-0.03526671629447	-2.2002644206801	243
0.08575773736534	-2.45088625839236	450
0.10927761970737	-1.81971708267339	87
-0.0402633094430702	-2.15580398496369	87
-0.0607423322738701	-2.23150663131893	735
-0.0446449276198599	-2.21404640995572	368
0.0931001235833899	-2.49541962856722	269
-0.11044084539179	-1.35719864595908	424
-0.0104978428568598	-2.13904095250394	194
-0.0307519397427898	-2.1732454544588	339
0.000843036048470136	-1.59469629762027	459
-0.07647611320085	-2.26993070899122	87
0.0211581111800099	-1.48581767983039	87
0.0856832148156399	-2.44046585085981	87
-0.10241795986903	-1.8461589082277	174
-0.0145644411144001	-1.08751528634443	735
0.0878040218609302	-2.494082888995	735
-0.0737811625889	-2.2759892119213	339
-0.0279346677013201	-2.20410450633548	87
-0.0326619389462599	-2.19798412830929	87
-0.0501469268211099	-2.19935602926806	604
-0.03700960677459	-2.16492218125444	735
-0.11070040870026	-1.47158040738511	424
-0.0292075021547098	-2.19869382147633	224
0.10244046618063	-1.8007360315368	735
-0.0207263348484501	-1.04139949049355	735
-0.0395400419185199	-2.15682863370156	735
-0.000793756392349909	-1.57966606034355	368
-0.0210064900431002	-2.24202562888934	339
-0.0652786673219201	-2.25037172976795	224
0.0408688583770802	-1.45242846237716	224
0.101391485009	-1.19144682992789	368
0.0739822930373899	-2.4956737265217	424
-0.00836570836424988	-1.19185750382568	194
0.0739822930373899	-2.4956737265217	459
0.01144052191724	-1.57587457454413	87
0.0851161885161802	-1.91337396405512	87
0.0417905116110999	-1.51091725047406	224
-0.0462408148731099	-2.17230261010823	224
-0.03378644181059	-2.23124061293517	735
0.0664558518585099	-2.47044431513026	194
-0.0365184638488798	-1.21571475570527	194
0.0758203829865298	-1.91474220205114	194
-0.0986221255112798	-1.40849661956889	339
0.0898921490196001	-2.48226994246331	87
-0.09711470278741	-1.8403406142079	83
-0.0754968562638201	-1.8139067271079	114
-0.0625106232055499	-2.28375997134042	194
-0.0219621047502101	-2.22329336557857	194
-0.11453486554473	-1.44409824643958	194
0.0776490269953198	-0.0803984161550613	424
-0.0923893052860301	-0.775384069790957	27
0.11824425457394	-1.82748700036804	339
-0.10796926024821	-1.85637996797999	87
0.0833326060236601	-1.86432062962257	87
-0.08232612790761	-0.841841720485271	87
0.11421592180682	-1.23535394782922	83
0.10844571853998	-1.85201184092983	224
-0.0961086132703701	-1.83418923456479	224
-0.10595569931721	0.779751555239802	114
-0.0624936071048698	-2.21248139038697	114
0.0690975227306399	-2.46952067411271	654
-0.0311121944412198	-1.08493491459065	339
-0.03555981914602	-2.1663058423294	222
0.10849283591152	-2.48855038028487	87
-0.00395390735396006	-1.18649697273689	87
-0.12131133667611	-0.385214332054073	224
-0.0574418829313399	-0.664844182682603	224
-0.0839570443152402	-0.744794860322601	224
0.0481003384855101	-0.279945051420205	224
0.10909942254417	-2.44272579534208	735
-0.0517158418882699	-0.130687611847594	735
0.09292392520867	-1.85257457887605	114
-0.0214920145329498	-1.20169974176547	368
-0.0386347013839901	-2.22039465824492	368
0.07111545895141	-2.49343203936824	654
0.0969085291229099	-2.49684410405105	875
-0.0919565135588201	-1.79710671587227	194
-0.10317295374991	-1.9029264551559	424
0.0689357028302302	-0.105161276178322	87
0.0359440431581599	-0.884957671986743	83
0.10291158566077	-1.93482710779704	224
0.06582705918759	-2.4698052428152	735
-0.1094676284177	-1.92395779654579	114
0.10322849177576	-1.83413322359858	194
-0.0565902895327701	-2.19104132098977	339
0.0948687722298001	-1.94234131626332	87
-0.00265678190256979	-1.55963436928157	87
0.11002819149355	-1.8169236922681	87
0.04936271633103	-1.49272080994897	87
-0.0937255033831401	-0.764083290485048	270
0.12443988883186	-1.15601084730109	224
0.0554035589936901	-0.768914873981659	735
-0.05040052679928	-2.18020199323023	735
-0.1128606081117	-0.511763618848806	114
-0.0759247054534602	-0.857560137004612	368
0.12210329586571	-0.553256882626682	368
0.0931989268728999	-1.84510843027929	194
0.0984946879164701	-1.86332567981445	424
-0.0778623439465198	-0.730459863391384	424
0.0869529236770199	-2.47295888226066	339
-0.0792961859085799	-2.29452393929139	339
0.0879940870612601	0.54569282181176	450
-0.0882133608332198	-1.81246293195353	87
-0.0569834952511901	0.227540835184306	604
0.10011497801089	1.35445775033741	224
-0.0460383591501699	-2.22102510810447	735
-0.0610440380788502	-0.736172500247491	194
-0.09431184876675	-0.860639465831552	368
-0.08140489464457	-1.79044366217528	368
-0.10589828885213	-1.93059225939827	368
-0.00583707446982995	0.0440070753471327	368
-0.0554097674678999	-2.24692562108877	368
0.0802543509363098	-2.48071490527723	654
0.0898151818946098	-2.48647572579016	194
-0.0362509199907701	-2.23999593035178	194
-0.01474110944346	-0.447337596626911	194
0.0958372769954399	-2.47587132595781	87
-0.10491505752304	-1.50145347931103	224
-0.0447420692972802	-1.23978510474461	224
0.0292445823773502	-1.55401691054126	224
-0.08974275968861	-1.84074490088616	735
-0.0472111381479201	-1.19103828696641	735
0.10295244624503	-1.86027293039314	735
0.0919313682779799	-0.700596640395313	114
-0.11744078969504	-1.39038017257125	114
-0.00112180964271991	0.100162914575649	368
0.0898921490196001	-2.48226994246331	194
-0.12400646542469	-1.46139825054918	339
-0.11008699470061	-2.03314429489064	339
0.0257506771228	-1.46923359296487	243
0.0796122021845198	-2.47947138298651	243
0.07396837682938	-1.90071909165701	243
0.00987858834918987	-1.50565689496373	243
0.0164888254898301	-1.60457317001581	87
-0.0759969609671698	-0.289768719454538	87
0.02933595662084	-1.49252741390406	604
-0.0393203540920002	-1.18291319140643	270
0.0565479231834898	-0.813389986552333	224
0.11911941679203	-1.25401326818469	224
-0.0353545380393698	-2.16449342150178	224
-0.11760653094425	-1.88789124435159	735
-0.0400801287431198	-2.20502711532889	735
-0.0326531214296302	-1.08467610012914	735
-0.0462828840164899	-1.18278555469497	735
0.1107209604717	-1.78854446638487	368
0.0275792831405899	-1.45155044608469	368
-0.0852883957812001	-1.8181808481486	368
0.00863848000029988	-1.51556704131743	368
-0.0462625483471402	-1.20594677378024	368
0.03053645810897	-1.54940602880299	194
0.0958063166113501	-1.86971473520681	194
-0.10439412526872	-1.8975617278712	339
0.12403393117823	-1.79012987095759	243
-0.0437125141191101	-2.16955452918276	243
0.0810603692204199	-2.47568748510244	87
-0.04942410991959	-2.21399434284434	87
0.07767429491496	-0.787242855408431	87
-0.12373755252202	-1.57449540687462	87
-0.0969045835889601	2.0319448144716	604
-0.0140380155653901	-1.59827144591463	224
0.0629336324506999	-0.806563384086608	735
0.0814988985749099	-1.86481270607486	735
-0.0514589870073698	-2.26477474044817	114
0.12400974208666	-1.2161486707508	114
-0.0976739950377601	-1.86729521860758	114
0.11050792904483	-2.48137368421081	114
-0.0808336975846702	-1.91092143671006	368
0.0943860481062999	-2.43676702244761	368
-0.05985184491563	-0.157371336784796	368
0.0916932107536299	-2.47597374015919	654
0.0805235363737999	-2.49673808938542	875
0.08549925506109	-1.973719035826	339
0.1107209604717	-1.78854446638487	339
-0.11661601938392	-1.94189961272329	243
0.0838826916687401	-2.47815517295772	450
0.04057950598306	-1.55922365319941	419
-0.10583528245262	-1.4275148760472	87
0.0877629560608599	-1.84866168426568	87
-0.0592243983446101	-2.21737446748263	87
0.07897037804663	-2.49186901288429	87
-0.04114201976657	-0.697099576381326	224
-0.0441281435084799	-2.23357798599214	735
0.0611700591714399	-0.865234736902726	368
0.0966578595483001	-1.24831732819577	368
0.0795107047050498	-2.01212758653597	368
0.10237818852783	-2.4358958544015	339
-0.0189807254786198	-1.05518434946904	339
0.09861096218801	-1.88684804862922	450
0.0978496828288198	-1.85079575602194	419
-0.12472929113712	-1.38920625505528	224
-0.0508788001009202	-0.137895538228759	735
-0.0800361193610701	-1.79071489218281	735
-0.10576682176148	-1.46219291119775	735
-0.0489475650992199	-1.27186755307712	735
0.0786732688692702	-1.93873551286114	114
-0.0614736893384	-2.24645742050567	114
0.0112596748383198	-1.4791423185279	114
-0.0359572250778002	-0.0407398963689474	368
-0.08136856218196	0.314935716209431	368
0.10107459839049	-2.47208035482012	875
0.0381434105099099	-1.44752891630758	424
0.0831011785301201	-2.46900432185272	339
-0.05642981856092	-1.2424735277487	339
-0.0145101442881899	-0.45691005046732	243
-0.02711947675833	-2.21990115194714	3
0.0565842140157198	-2.4922349707534	87
-0.11667318451431	-1.53421370055366	87
-0.0622354150120699	-2.26001675382214	87
-0.0393833302521802	1.81543628237804	604
-0.0119820002198798	-2.15186795695865	224
0.0245614051240199	-1.48847093889394	224
-0.08039407640074	-1.93220162690668	735
-0.06877912529368	-0.708160836919887	735
0.0145989926537502	-1.48966558196048	735
-0.0240588711282999	-1.14271270857563	735
-0.10056918076806	-1.50529305838242	735
-0.0605243381935501	-0.254606521445709	368
0.06560456808847	-1.89891154227285	368
0.0460590584965002	-0.895751408193279	368
-0.11394413671464	-1.43094205869136	339
0.1107209604717	-1.78854446638487	339
0.0757345660568198	-2.4496178344152	339
0.10381088486038	-2.475801470144	3
-0.0341013883666199	-2.13320657199239	87
-0.0535915701066201	-2.19943166000391	87
0.05800721251001	-0.809015511313029	224
-0.12351018068918	0.161556673221138	735
0.08086986158267	-0.838669065038939	735
0.10464532225951	-1.80523630638893	735
-0.0639027518139499	-2.18995836843005	368
-0.0873911046542202	-0.142457128521879	368
-0.0524069288189599	-1.22731566394766	368
-0.0210070124095298	-1.11154630936067	368
-0.07222406867165	-0.744721320423328	368
-0.0212307047543701	-2.25792249549592	243
0.0868254027224502	-1.91468883455736	87
0.0113227925707702	1.51904900776754	604
0.0303190641483799	1.50869011770104	604
0.0179242170319198	-1.51092440502647	224
-0.0246764768716701	-1.03211159425202	735
0.0749138434535102	-0.0843022718656554	735
-0.0502162082638402	-0.0950664315235707	735
0.1109152370349	-1.23453112677687	368
-0.0890369259054902	-0.882598719414593	368
0.0568746967137899	1.22049261053706	368
0.07928966374921	-0.852368827134355	368
-0.10606609098546	-1.90488489385766	368
0.0622577123725501	-1.91227162810054	243
-0.0960895702323099	-1.87503462798202	243
0.0971011486374498	-1.83474889251831	243
0.0438176465195199	-1.43744135461067	87
-0.0889888822121701	-2.37054442840017	419
-0.04959118257656	-2.26811001492337	87
0.000742752862520124	-1.18330129257467	224
0.00732814699405981	0.75825312405751	735
-0.03012458358632	-1.24031304727702	735
-0.10945703340421	-1.45057648303974	735
-0.06121634129887	-0.771294192465011	114
0.05348756039277	-0.858393549908419	114
-0.02321320177631	-2.14000778488046	114
0.0818461402288402	-1.90714496642816	368
0.11640645263426	-1.8520095838808	194
-0.03935973005348	-1.09552502300523	87
-0.04644007112765	-2.17347422139295	735
-0.08845929229259	-2.32944207587765	114
0.107059981284	-1.79868013787371	368
-0.00427270822327008	-2.13954862476261	368
0.09719645317807	-2.4786966310628	368
0.0162241002396999	-0.36507961518715	368
-0.02460141741162	-2.1623924877834	339
-0.10915949906439	-1.88482518938606	243
0.0806054255521298	-2.48967114480814	87
0.07111545895141	-2.49343203936824	87
0.07644785654416	-2.46653536193763	735
0.0950736641882899	-2.46976216640367	735
0.0956732770995301	-2.43972625783296	735
-0.0862323476365901	-1.84600488174571	735
-0.12024943008341	-1.51319578982923	735
-0.03825716586277	-2.1771057458871	114
-0.07108353365276	-2.30565953462405	114
-0.0328243225179401	-2.14866849420058	114
-0.0664372030548202	-2.21759287719512	368
0.0890246306076099	-2.48383024811396	654
0.0778830781319302	-2.49769646651277	194
-0.09907870633895	-1.83635608822594	424
-0.02386433313771	-2.16571737179901	339
-0.1034750175414	-1.82618721829478	339
0.0970394314194101	-1.82255820942649	224
-0.0737811625889	-2.2759892119213	224
-0.0504856002789902	-1.2327881275221	735
0.10835101295103	-1.87282857930446	114
0.01344128699699	-1.49611179974944	368
-0.0930698798553902	-1.94569288217615	368
0.0522067985854902	-1.4701501614811	654
0.11739981266957	-1.8004335424283	194
-0.0372436160995799	-2.22032402684896	424
0.06846924328539	-2.4932774389664	3
0.0563093379069701	-2.0087687519143	3
0.0663330206867099	-1.92319999882718	3
0.104445773632	-1.86259681406584	424
0.0122163105897899	-1.46530677302884	680
0.0303932102398301	-1.47899466523387	339
-0.0353645018131399	-2.24284869210883	87
-0.0299215653206	-1.12421697270924	224
-0.0232184320392501	-2.18736371435805	224
-0.12359122156158	-1.49637216396694	224
0.0844290731728901	-2.4796392748657	224
-0.0482277149338701	-2.18336423574841	114
0.0941063457356401	-1.84287718357452	194
-0.0189992279618401	-1.1195068154334	194
-0.0961086132703701	-1.83418923456479	424
-0.0217558860656002	-2.21195910427008	339
0.12371609086806	-1.81728022444005	339
-0.00825378143791999	-1.0625484733436	604
-0.0523576277826101	-1.19850680605279	224
0.0452065957008001	-1.40544057610738	735
0.0746135802125099	-2.49627358912943	735
0.0249550994288801	-1.48479124169432	735
0.0883680918004401	-2.49889232002479	114
0.0837246117806498	-2.48441690626191	368
-0.0342042998529299	-2.19285935209753	424
0.1124360600407	-2.44902849143079	339
0.1025466040413	-1.20698476295151	87
0.09419483701619	-1.89227828436313	368
0.11441994035631	-1.80174797823864	424
-0.0737626049470501	-2.27606328548765	424
0.10315061319657	-1.80275954213413	243
-0.11351813159976	-1.83564662171937	224
-0.0605772863559202	-1.78924637854107	224
0.0923400926729498	-2.49432599420919	194
-0.0145033355015198	-2.15878066662425	424
0.0796561063528798	-2.47312215027564	3
-0.0264765628571002	-2.19755429511265	3
-0.0568325289601499	-2.22392668611154	87
0.0496101527352502	-0.749891854440397	224
0.0322910460044401	-1.4296227648933	114
0.10195742960122	-1.82086128094829	424
-0.11271504583747	-1.37947650885818	339
-0.0305496780684198	-2.17532947517622	329
-0.07097358867279	-2.33826022213153	3
-0.0513312089164901	-2.21831133226641	87
0.0895005776419802	-1.89953625219693	87
-0.0409218192226599	-2.19179324847826	224
-0.113291445594	-1.46963036439106	224
-0.0395400419185199	-2.15682863370156	194
0.0746135802125099	-2.49627358912943	424
0.0857226950739598	-1.94179445444906	87
0.000727214703520218	-1.04293165316069	194
-0.0634767383706598	-2.27107580030032	194
-0.0879538377154501	-2.38728604198745	194
0.0784037630618002	-2.47556149459638	424
0.03117476874688	-1.44884440735491	680
-0.0299352343659902	-2.19226320053088	316
0.09560528184296	-1.84802397375761	44
0.0318860432484902	-1.44800371794944	44
0.0691040114994501	-2.49388332471933	87
-0.0488680033567999	-2.22623116279884	224
-0.08007475939359	-1.80113729425398	194
-0.0968082799963299	-1.84245531258825	194
0.12459060660056	-1.16839510588648	424
-0.0408431696173999	-2.14641473857299	339
0.0863963447239899	-2.45149830328875	900
0.0890569881636498	-2.43573290843904	3
-0.0888056904126402	-1.41104273546492	87
-0.05431214083666	-2.20721906331866	224
0.0303761921963401	-1.45419518584501	316
0.10708634003025	-2.45010103932275	243
-0.0599325421294199	-2.22709129361204	224
0.0917108743342698	-1.90193233676097	224
-0.0132062704394	-2.21141060976536	573
-0.0115917125231699	-1.55439895368443	194
0.0842023212266798	-2.49139168205101	316
-0.0519475678019501	-1.32885446019905	316
0.0910077493827099	-2.47852355315543	3
-0.0510705739144801	-2.23682097415562	3
0.0878040218609302	-2.494082888995	680
0.0883846269730699	-1.89732659937929	316
-0.01828384234729	-2.21942323776834	339
-0.10564519718339	-1.85917055275062	339
0.0744019968035898	-2.49303301680553	3
0.11050792904483	-2.48137368421081	459
-0.11571379456957	-1.44033622448135	270
-0.0845689481386298	-2.34268534784061	735
-0.0389170949831299	-2.22764611907702	573
-0.0406527646167398	-0.800886732262953	194
-0.03523411940315	-2.25938093715206	194
-0.10286036206639	-1.44586250507814	424
0.0422382403279098	-1.56624575537325	316
-0.0332244904308601	-2.20751968799461	459
0.0766172209287599	-2.49586930731753	3
0.11636342068828	-1.79306782021297	83
0.00472288131508991	-0.353893557916248	735
0.0823877047069899	-2.43896340583532	735
0.11344336429031	-1.85801154938627	573
-0.0627992829799799	-1.79864286456314	194
0.0976994376569298	-2.44513152835341	243
0.0844062822575902	-2.4519705763129	900
0.0853748250188602	-1.96768518806094	87
0.12263604210253	-1.82429636510002	87
-0.0970976954673901	-1.08542559689608	224
-0.10362611246652	-1.8540795705643	224
-0.0975469242237899	-1.84068516021115	224
0.0950990356877002	-2.44727434672328	424
0.1107209604717	-1.78854446638487	424
-0.0359354228255402	-2.28464368691171	316
-0.0448671282164299	-2.21488389786778	339
-0.0557243988098399	-2.2354042508263	243
0.0348377899205601	-0.945752473475798	243
-0.0119323812211598	-2.1817061985308	3
0.10604955153229	-1.81094991208416	224
-0.0521129591263798	-2.23286046487715	735
0.0794807869796999	-1.9038009275797	194
0.10643649281474	-2.46051297079928	573
0.0525878241952098	-1.49607805744019	194
0.0958372769954399	-2.47587132595781	357
0.10679890354858	-1.80193814775603	424
-0.11828648649346	-1.94272089704215	424
-0.0909867925905998	-1.84821909038621	424
0.09719645317807	-2.4786966310628	83
0.10178343910969	-2.49505889529463	735
0.0708848565371798	-0.765501431800558	224
-0.0267504646194201	-2.14926351078312	424
0.09115559533199	-1.88449696493345	194
-0.07283338585875	-2.26491113923446	194
-0.07941351117455	-1.85533647141725	573
-0.04344642692792	-2.18394424861114	573
-0.10462696845263	-1.80281823339709	194
0.10876862039567	-1.81536905598309	194
0.0812399822557399	-2.49026193274092	194
0.10375479314686	-2.48371562201054	83
0.10272612209734	-1.78999810049648	424
0.0843624481840601	-2.48385224137401	194
-0.01597153668834	-2.14835080684672	194
-0.0548800299605401	-2.27257434898881	424
0.0857151320107201	-2.48145021622951	194
0.10582559852792	-2.47333521757369	424
0.11448084305529	-1.84713105550774	194
0.0817702186717502	-2.48704153967841	194
-0.0518080750024099	-2.24610048811889	288
-0.0704627251529799	-2.39946718509758	224
-0.0218830256902902	-2.17218419529916	573
-0.04462648071511	-2.20765243343775	424
0.0746135802125099	-2.49627358912943	680
0.0266853720169098	-1.47929240184924	194
0.0196573836293901	-1.58576697338424	424
0.0951992050436199	-1.88898557462031	419
0.11359090672863	-1.22905528138184	419
0.0263920806932001	-1.46016913888682	114
-0.06441232048198	-2.25648006604663	424
0.12450473737268	-1.80259681122651	424
0.0772499907136002	-2.48853356425544	316
0.0844290731728901	-2.4796392748657	316
-0.09588148373741	-1.45479941958581	194
0.11707040302132	-1.83579561523643	194
0.0345750646715399	-1.45462455220826	357
-0.07084585109645	-2.2739070365873	424
0.00468574835374991	-1.62473674900992	316
-0.0650618171836102	-2.25088120440866	662
0.0805339651425201	-1.86558444649051	114
-0.0160604386307499	-1.08492461419267	424
0.09051765040922	-1.84632050031477	680
0.0737604783778698	-2.49924531193292	316
0.12110860315711	-1.09725970726079	288
0.0772499907136002	-2.48853356425544	194
0.08174743077937	-0.831467119820019	357
0.0878040218609302	-2.494082888995	316
0.0963530151070602	-1.83372884488759	316
0.09709752638113	-2.46927165196542	243
0.11491493149182	0.0664344636419729	288
0.0870351197463299	-2.48139238200193	114
0.0766172209287599	-2.49586930731753	419
0.0607962418452201	-0.758945139512253	194
0.0912077403989699	-1.82154602200383	424
0.0778830781319302	-2.49769646651277	316
0.09560528184296	-1.84802397375761	316
0.10844893397094	-2.43597236323804	316
-0.04151458883468	-2.17859350185405	316
0.0950294993971901	-2.43282968817119	224
0.11249660071253	-2.47252375574929	224
0.0505157903987001	-1.48632736772728	357
-0.00201379773255983	-2.22450933382386	194
-0.11075865033491	-1.39954820253236	194
0.0944256114986302	-2.46854239962158	424
0.0923499377044599	-2.48546008352426	424
0.0904548721823399	-2.49307386261423	459
0.0975599639675901	-1.83353431787333	288
0.0977671234885098	-2.44485928347808	224
-0.0876037669184502	-1.81599127055802	114
0.0950294993971901	-2.43282968817119	357
0.0884448927760699	-2.49312209275996	194
-0.0219621047502101	-2.22329336557857	814
-0.0217710814407099	-2.2055661674298	270
0.0790436383495901	-2.48479713251621	103
0.0680196453211401	-1.45170761427851	662
0.0856832148156399	-2.44046585085981	573
0.0427442268082601	-1.42824306525651	424
0.0438176465195199	-1.43744135461067	316
-0.1218842199009	-0.981607000722027	288
-0.0330277201460101	-2.18028886144352	288
-0.0845124476625401	-1.86190995716138	194
-0.0681537249330999	-2.29530235016314	316
0.08170174890502	-2.47693675561169	316
-0.0964308339605999	-1.93571249424424	459
-0.0227440992907102	-2.14540138811083	44
-0.0964047009750599	-1.8261438313864	114
0.0805235363737999	-2.49673808938542	424
0.0770025756000399	-2.49578956323402	424
0.11221594454531	-1.85504408296289	316
0.0978496828288198	-1.85079575602194	679
0.10589439229634	-2.49315030775833	44
-0.0479292497101	-2.19763512051175	224
0.07797440093877	-1.91270748807696	224
-0.0630204353581099	-2.2161736543509	224
0.11583702869152	-2.46915881420866	424
-0.0535915701066201	-2.19943166000391	424
-0.02461410765159	-1.21682919316374	424
-0.0768992682636198	-1.79674872979429	424
-0.0938216403260101	-1.82096697844977	316
0.11050079781922	-1.78925740115083	316
-0.0440351405081501	-2.27250254180115	459
-0.11802264878021	-1.52898265661053	316
0.0951949162621202	-2.49176401661108	316
0.0817702186717502	-2.48704153967841	419
0.0923621614869301	-2.43268647530737	419
-0.0555973481793299	-1.19989646283696	114
0.10048149290093	-2.49042987347605	114
-0.0992498813542699	-1.39843699627875	194
0.11342573952986	-1.78776865723394	114
0.10157362493542	-1.84142787526555	424
-0.0967701000655601	-1.86044969880998	316
0.04250064602213	-1.45849228863611	316
0.0976781873997199	-1.8706781550757	316
0.00443001407602006	-1.64510973464543	316
0.0823122235437199	-2.49067948415425	339
0.0851194518277798	-2.48195711104938	44
-0.047160778241	-2.17245496413447	518
0.0750400705290701	-2.49427364736094	194
0.0413167178762701	-1.47045946216517	424
-0.0697597922857498	-1.74889712599563	424
-0.0641886800125402	-2.25543971823359	419
-0.05159688637641	-2.21894091372923	662
-0.11345097019586	-1.47329186463933	114
0.10492105461696	-1.8399571378846	316
0.0655188684097401	-1.89897722987983	316
0.0758143471874599	-2.48954211222708	419
0.08392186205552	-1.91554025755314	44
-0.0293576145265999	-2.14949172575089	224
-0.00212046216218997	-1.05836977835239	424
0.11028361483397	-1.84709767341317	316
-0.0418814314193101	-2.25148664087088	459
0.0730865899656599	-2.45761583877298	419
0.10109373983102	-0.755366982145969	22
-0.0460383591501699	-2.22102510810447	357
-0.0411669106744701	-2.17015549574678	424
-0.0138312292988299	-1.02852760532145	194
0.0857420263688602	-2.49246834776867	424
0.10102306054344	-1.86197620586004	316
-0.0820662354939001	-1.91320672265311	316
0.0875842252208998	-2.48672103962847	316
0.0325888607704798	-1.62290422016982	525
-0.0474205098940899	-2.20554719269446	424
-0.1106423980479	-1.83186806972889	424
-0.07652194305523	-2.23744313155948	419
0.10027809749568	-1.86099331938322	224
-0.08154666430721	-1.84009935423363	114
0.0219562461227101	-1.48671258708426	114
-0.10692924684758	-1.85183299737381	114
0.0804193139940002	-2.4881132356616	424
0.0609797425485801	-1.97139585580284	662
-0.00686370308830986	-1.7199933012814	114
-0.0387177104591099	-2.19759229229142	114
-0.04207542120071	-2.21962460717082	424
-0.11353074270415	-1.39334295713548	424
-0.0321144208456801	-2.14571127849092	424
0.0900539727235801	-1.90605455725823	424
0.0871658340110502	-2.4795590915426	459
0.10517804800341	-2.48073371516024	459
0.1038977679323	-1.79795975453467	3
0.0983889803302902	-2.48149186541894	3
0.0704411859152998	-2.49193177574322	44
0.0832466433397601	-2.48551371399824	525
0.10962306689503	-1.81729881125481	114
0.09719645317807	-2.4786966310628	357
-0.0556705324811002	-2.25976724068445	424
0.04462304565237	-1.44489578522912	424
0.10234198632631	-2.49195659448699	424
-0.03459518514877	-2.2121648077741	424
0.00713422878581982	-1.46832392549236	316
-0.0327402463614899	-2.20150814939228	3
-0.0326619389462599	-2.19798412830929	44
-0.00369400620080018	-1.08794427222714	357
0.0838657952503299	-1.8285142801229	459
-0.0826452467105798	-1.80924575648817	662
-0.0489386657314199	-2.24656142729333	662
-0.0886483177586799	-1.8207505887066	662
0.0260997458385899	-1.50389178718724	224
-0.10951246099839	-1.8653565193266	114
0.0871658340110502	-2.4795590915426	424
-0.00588262333757017	-1.71111112029658	424
0.0124900947801399	-0.359253287231596	424
0.09682427093778	-1.86620209594273	424
-0.01681485950435	-2.19199711894534	316
0.06582705918759	-2.4698052428152	459
0.0646650228825099	-1.91465464904823	459
0.0983495531920999	-1.88077055421616	424
-0.0228951002875499	-1.05708819235981	316
-0.0397192669511401	-2.1579222808604	679
0.0878824688372801	-2.49016236725721	3
0.12030021624661	-1.14024046862133	459
-0.0353645018131399	-2.24284869210883	419
-0.0143038098245598	-2.2065814652937	525
-0.0571919004728199	-2.2251449363114	518
0.0655188684097401	-1.89897722987983	424
-0.10344489127595	-1.94841837711918	424
-0.0978572200795602	-1.81798870431057	316
0.0848812048742502	-1.83972711864901	316
0.0736392993351802	-2.491010782163	316
0.0884168789719202	-2.44332764132859	679
-0.0365137833874001	-2.25934982815336	459
0.0790980886830699	-2.45086308687895	459
-0.0443138766455302	-2.1464975003793	419
0.0162597749903899	-0.38614972673111	316
0.11671980066064	-1.18193305737094	316
-0.0206206842754799	-2.16799076295167	316
0.11744644118341	-1.80995944131641	424
-0.0306522523370898	-2.13889492968865	194
0.0239776894208998	-1.51150788218268	525
-0.12357680366755	-1.5411818283939	114
-0.09342859521333	-1.88096091592591	114
-0.0288822491054099	-2.26150657866494	316
-0.0199838176065401	-2.13943325801603	339
0.04422644692721	-1.43797185914851	459
-0.0232184320392501	-2.18736371435805	525
0.10517804800341	-2.48073371516024	525
-0.0502069970602301	-2.22321839571448	525
-0.10781956231309	-1.44737788014089	559
-0.0887921908407998	-1.99314366489148	114
-0.000967960206589957	-2.14744257735355	114
0.0491599851113702	-0.301871792217001	114
0.0028962150124201	-0.441933888554929	22
0.0140189378566999	-1.49971975239828	424
0.10114374158154	-2.48692913584436	424
0.0792335116729102	-1.87282865837904	424
0.0530056441604998	-1.4750894539071	316
0.0748950963269701	-0.17704695938352	316
0.10517804800341	-2.48073371516024	316
0.0253570625056798	-1.47870539395515	679
0.0877040561506299	-2.45157974867692	459
0.0959416573693499	-1.93174010169167	594
-0.0307519397427898	-2.1732454544588	594
-0.0801168512141901	1.51872013860602	525
0.00555319791534004	0.226400322154617	525
0.0814404338958701	-0.230618513499482	525
-0.09111068363547	0.897641437912496	525
-0.07671563088075	-1.79117951265618	270
-0.11372314322197	-1.43868006473143	224
-0.10094822436387	0.0205224733599074	559
0.0751116852148299	-2.48718294085976	114
-0.03714021767049	-2.20741223357092	114
-0.0746578183864499	-0.300975748220712	114
0.0161647105018501	0.248473125317314	114
0.1049840908498	-1.82753321437131	22
-0.0925577641264401	-1.85278958774034	424
-0.0180262061799299	-2.22118007384891	424
0.10542820898994	-1.80726568319908	424
-0.0408431696173999	-2.14641473857299	680
0.0258698876624801	-1.48352766833969	316
-0.0523510500503099	-0.161771693791971	316
0.0191885514994099	0.821886122486024	316
-0.10418535001847	-1.46865383603235	316
-0.03825716586277	-2.1771057458871	316
-0.0937920194261199	0.273406366107444	316
0.0701215968715401	-0.154644737564262	316
-0.04365213779122	-2.20360042932158	316
-0.0669009644517198	-2.28994483222381	525
0.11729760161806	0.814151438144797	525
-0.0491940222285101	-1.36321470826418	525
0.11192076534158	-1.81875515590114	525
-0.07515334548297	-1.81738118400521	224
0.0184367317539098	-1.07676706696876	224
-0.0334737694100098	-2.18511182065645	114
-0.06220038785293	-0.226699943886476	22
-0.0513276705604802	-0.0892458153444382	22
-0.0359126726021399	-2.21135841403978	424
0.0537490633182198	-1.46296991901047	424
0.0992760694492998	-1.79017471540482	316
0.00474092767030987	0.0913432198712822	316
0.0294544408537099	-0.353219698041802	316
-0.0171389237530399	-1.16516958008305	679
0.0839737829487	-0.837630017351759	679
0.0361400284276598	-1.48630381531325	679
-0.0422693469433999	-2.1709620746605	679
-0.0467575837046201	-2.22006482865848	459
0.0910786064594902	-2.44420375256046	459
0.0832466433397601	-2.48551371399824	459
-0.0602677276677701	-2.21671681431048	594
0.0605015912739599	-0.798729561195566	525
-0.11173167066432	-1.82419171552678	224
0.0585313589143	-0.237661761307003	224
-0.0840775536092502	-1.79301919749145	224
-0.0469607804704602	-2.17127940446763	559
-0.0814914326967902	0.31859830982514	114
-0.0672093593621002	-0.751584018957205	773
0.11674876797644	-1.16934757325199	22
-0.0211001852361101	-1.10736858251952	22
-0.08671564512079	-0.282189883038463	22
0.01265651815307	-0.534762712966248	424
0.1183290168254	-1.22695936046643	424
-0.0380716501676002	-2.1703333972221	424
-0.0192214892562501	-1.14384494943781	424
0.0207667069283501	-1.49518527565407	424
0.0840540679667399	-0.217154662942903	424
-0.0330626772873601	-1.17791974474891	316
-0.0214937763163698	-1.12140838511402	316
0.0305870974197799	-1.52006865253333	316
-0.11705006657795	-1.45569838746887	316
-0.11498302440849	-1.94083707294126	316
0.0750400705290701	-2.49427364736094	316
0.00191396399563004	-1.63698658727858	316
-0.0934489135469199	-1.8296193982415	316
-0.0596508389519599	-0.217166471285838	316
0.0472878838961499	-1.46860203077844	679
-0.0607423322738701	-2.23150663131893	679
0.0913098350722001	-1.90566544906156	679
0.0957825406958701	-0.154537581966015	679
0.0956732770995301	-2.43972625783296	679
0.0729688190153199	-0.731118351473048	525
-0.10407595256842	-1.51295065065478	525
0.1040996028956	-1.79733610745327	525
-0.0469480235231599	-2.25770366872035	559
-0.0625106232055499	-2.28375997134042	114
0.11715621597278	-1.16782674079435	22
0.0965046837264398	-1.89148006803578	22
-0.02442599983031	1.7083477853966	22
0.12006603545439	-1.78276387231711	424
0.0823108167478202	-2.48809405924621	424
0.12163034016751	-1.20661385611761	424
0.0218063959220598	-0.396657760055257	424
-0.0555044829362399	-0.946617709954492	316
-0.03508216445602	-1.15250412573893	316
-0.0207709000099401	-2.1686116518231	316
-0.10438250327131	-1.88334253577368	316
0.1065419208621	-2.4810519509651	316
0.11836660881079	-1.25050575526278	679
0.10129083413837	-1.89691023428711	679
-0.0300214284548401	-2.17421422296416	3
0.0963530151070602	-1.83372884488759	459
0.0179701901802298	-1.61863845927682	44
-0.0612535295904602	-0.766351934663298	525
-0.0107444998154498	-1.61444233880055	525
-0.0609545532098998	-2.25944510892395	525
-0.0550430792903298	-0.0562017950489189	224
0.07897037804663	-2.49186901288429	114
-0.0668964368984102	-2.32954803312622	114
0.0906485248418001	0.432982216874744	114
0.03409216130532	0.911842071087691	114
0.0611133354045101	-0.871819150918146	22
0.0153339229837002	-1.60882266038826	22
-0.0109571231565302	1.02579590101072	22
-0.11777786961486	0.691896134850992	22
0.04439040639084	-1.46556435497187	424
-0.09920955490252	-1.85022420687908	424
-0.0299352343659902	-2.19226320053088	424
-0.00357696407954	-1.52304061022465	316
-0.0723880728516702	-1.86024459200431	316
-0.0917409652661201	-1.84024822535765	316
0.08991278351909	-1.89849309663558	316
-0.0541035487231798	-1.20670180793845	679
-0.0288353245401298	-2.16753467001568	679
0.0322910460044401	-1.4296227648933	679
0.10505604638166	-2.43595520032256	44
0.0575488383985698	-0.883884724728969	525
-0.0618253182335899	-1.80228890536956	525
-0.000091688140329893	-0.453107155981035	224
-0.0856467151862002	-1.86374751836897	559
0.02973301903981	-1.4314181378382	114
-0.11847465165365	-1.97028858839102	114
-0.0861953482901599	0.0897571442783667	114
-0.0830562107447799	0.745002388048523	22
-0.0316028526561301	-0.765032777935216	424
-0.0455962461648398	-2.21393180791808	424
0.0392542654248902	-1.44382989283694	316
-0.09957994493235	-1.97735916960481	316
-0.0424096772339202	-2.23812123643759	316
-0.0964391928700401	1.39861176699068	316
0.0710262835909501	-0.861153655002584	491
-0.0657270920461701	-2.21799405777782	316
0.10430441510234	-1.85394122467743	316
-0.0617631015805999	-0.760751425807371	679
0.0751010381070301	-2.4572114678167	459
-0.12046706724499	-1.44969840049838	459
0.0526965200399001	0.422488498744771	525
0.10106225413205	-1.18634511087401	525
-0.0692519346643201	0.13887944351152	525
-0.0276549387649001	-1.14713515625789	525
0.0502022547369898	-0.835710796416749	525
-0.09533128521183	-1.81997122717159	525
0.0820913283871301	-0.739707972473185	103
0.10172637597623	-2.48255428605259	114
-0.03452413675247	1.75688107441938	114
-0.0242898319339999	1.21501434868383	114
-0.0448341282957099	-0.187773778924544	114
-0.0794590820299499	1.82702085114779	773
0.0624643757427301	0.306467290218051	22
-0.0528902862063601	-0.732180094377878	22
0.03509314526903	1.48001700464651	22
-0.10324212845909	-1.89597315008163	424
-0.0380993925031001	-0.748711215720981	424
-0.11316075726383	-1.47872626590702	424
-0.0232720355260199	0.0510852433661793	424
-0.11942928617324	-1.87647650643346	424
-0.0503390901551799	-1.27439586679446	424
0.0675872564923301	-0.730966016316706	424
0.0277004933351601	0.213574228665786	316
-0.0976119626538301	-1.39260309282383	339
0.11324372092052	-1.91242201329817	679
-0.11494970255683	-1.48204740891591	679
-0.07948880108381	-0.80131416837014	21
0.0842023212266798	-2.49139168205101	679
0.0817508962160201	-2.44658111534611	3
0.0798889609934301	-2.49550990678286	459
0.00910466225812012	0.0842270156238119	459
0.0698106213969001	-2.46939973422518	3
0.0236160678314001	0.788448667805709	525
-0.03484572171668	1.42296463691466	525
-0.0450700534721098	0.436806689581017	559
-0.11304631834233	0.119364850183284	559
0.0340020281502098	0.232153945943885	559
-0.0282115573078201	-2.15603455921072	114
-0.0389411074677999	-2.22338762926368	114
-0.0333716178527599	-2.14000506361124	114
0.10295244624503	-1.86027293039314	114
0.0806370082355898	-1.88480608052238	114
0.0535747568310301	0.420893651714049	114
0.10501705867528	-0.704998071282959	773
-0.0449743550669601	-0.711000459782616	773
0.10626236732917	0.710761889619821	22
0.0318970521273401	0.374587683166552	22
-0.0476724031590998	-0.0341126023864904	22
0.0403618345477201	1.48557208449021	22
0.10637710412031	-1.86003853235446	424
0.05221838316336	-1.49762679908072	316
-0.0630841401107798	-2.30891794603079	491
0.09634699061264	-1.85651194261588	491
-0.0148457504519	-1.06496626616715	491
-0.00879203540758988	-1.08503595800021	491
0.0378562528997599	-0.827638655699237	491
-0.0929277811082998	-1.89744346553661	491
0.0831753659562402	-1.9059583638548	491
0.07072705363381	-1.95065571851398	525
-0.0308141879694599	-2.1470947620431	525
-0.09581787885435	-0.894496833497461	525
0.0777642108984802	-2.48295892800962	20
-0.0709710302814899	-0.853379597496448	20
-0.0201305278572899	-0.526781303883239	559
0.0997878647869599	-1.82825989764475	559
-0.0391990930172601	-2.17831284944112	559
-0.0677213089380002	-1.78502854378745	559
-0.0755251813762801	-1.80652540048371	114
-0.0939520566126202	-1.83349277716856	114
0.0637421703910999	-0.75435849404956	773
0.0959962180502298	-0.00219133379927605	773
-0.0914074449548399	1.91069581446945	22
0.04884433488541	1.15182152789864	22
-0.09266539207312	-0.468271427725313	22
-0.0420709232964298	-2.20410441321439	22
-0.01969736834966	0.603279730097158	22
-0.0722188398475598	-1.76756033929991	22
-0.01420427403131	-1.25211031290801	424
0.08950325955397	-1.37166804048922	424
-0.0276772502212102	0.0431778668084961	424
0.0931398293935399	-1.81026095462982	424
-0.0883896562045901	-1.82487999832251	316
0.07364348271149	1.9432464199025	316
-0.10922348122129	-0.881200293714775	491
-0.0207174755988602	-1.61076079825039	491
-0.03526671629447	-2.2002644206801	459
0.0990934154635901	-1.91946470139502	594
-0.0810441774681401	-0.908063619700552	20
-0.0833409508913099	-1.8424418006794	20
-0.11182358258237	-1.96111706648102	559
0.07723340942331	-1.94264721565295	559
-0.0887543069263699	-0.77058782027905	559
0.12357311736555	0.180708245065353	559
0.0711992312708598	0.478125623312941	559
0.0663623992167302	-0.804540285610144	559
-0.0533416416495398	-2.18720057851363	559
0.0790436383495901	-2.48479713251621	114
-0.1165890486984	-1.39492477175642	114
0.000129104517510026	-0.48666976071095	22
-0.12234391668698	1.51820210276802	22
0.10803493874779	1.35944081090034	22
-0.0127042663749002	-0.0301347430070367	22
-0.10338599705207	-1.45646756735847	903
0.020349217028	-1.43092744213579	424
0.08969742079515	-2.44521758258924	316
0.0686533937042499	-1.92563043919689	316
0.0177395140263901	-1.50309672746339	491
-0.0934345740018698	-0.0270148402398425	491
0.08589042419334	-2.49068087092725	491
0.0773393315225999	-1.9291856846329	679
-0.11260428632626	0.189447613628414	679
-0.0427964511666001	-2.210658086833	679
-0.09686631777994	-1.88873576093231	20
0.0864468125535001	-0.662683723504769	20
-0.0923562776342401	-1.78631641102922	559
-0.00353896920044017	-0.472965665578555	559
0.0103345149120502	0.218328923578374	559
-0.05739843692889	-2.21416198591402	559
-0.0312321849934301	-2.21094378657635	559
-0.0593131760024401	0.272802713682867	773
-0.0570301444579799	-2.21291148729689	22
-0.00130759603726016	-2.23479056180616	22
-0.0573393622079599	-0.719459796264813	22
-0.07961049110635	-1.7589431004383	424
-0.0226173485201802	-2.14454032963604	316
-0.11350043258592	-1.92120777355701	316
-0.10163334171488	-0.43038309413185	316
0.0465189910252302	0.45222660171034	606
-0.0598531743994202	-1.24522454487446	491
-0.0703278195415602	-2.27024040097204	491
0.10200742199162	-1.84908551885704	679
-0.0352690652321801	-1.17776986436788	679
-0.10603390514926	-1.49032774243992	525
0.0924084513614698	-0.193714549634099	20
0.11394820739517	-1.18049982776829	224
0.0856099366343099	-1.89989928707374	559
-0.0686113550198	-2.29308579170981	559
-0.0250706692733802	-1.09720709382368	559
-0.0206335789082601	-1.12356631949047	559
0.0096652397135002	0.198798968305902	559
-0.11133347840972	0.174770329329737	559
0.11371895322399	-1.84767593811037	114
0.0435230398654198	0.978134619202313	773
0.11720728310145	-1.15446670869965	22
0.12030152624149	2.19649914103081	22
0.0599463286379902	-0.831667713220913	424
-0.05431214083666	-2.20721906331866	424
-0.0330662585813601	-1.0819818513018	424
0.0561270541274199	1.81853012360894	491
0.0898297149707301	-1.9033790368944	525
0.1051930368885	-1.88250021090801	525
-0.10652852937945	-1.90123230723036	525
-0.08548519206211	-1.83972352661013	559
-0.0220111375393102	-2.16434367554161	559
-0.11701522020401	-1.46162564731539	559
0.0966283374047299	-0.780545604106585	773
-0.0604510063600499	0.326676960045975	22
-0.12433009392963	1.54451246332105	22
-0.00960935377898986	-1.19160273953064	22
-0.0704744261590999	-0.841534107927408	22
-0.12338619491205	-1.395990581742	22
-0.11001945424692	-1.04493148429105	22
-0.0687933179742801	-1.87897221754524	22
-0.07939859989549	-1.79758661867976	424
-0.0254035002148898	0.0644465049743888	491
0.0950128007514901	-2.4932118784443	679
0.0224937322124599	-1.44185280532472	679
0.0837682985726	-2.49175666570525	679
0.0880563733892399	-1.83542618326677	525
-0.04423642383487	-2.1829818942743	559
-0.0503485743174301	-2.2057304134466	559
0.00231684330299009	-1.09873745994933	559
0.11253802035038	-1.82457381299406	114
-0.0585317829052499	0.779713942863524	22
-0.00251229754324989	0.701485834060408	22
0.11798843006984	-1.18024285940942	22
0.0563477656170499	-0.757329470602194	22
0.0408520789311999	0.229367953048445	22
-0.00167293276697	-0.66590375403722	22
0.03402559022779	-1.51314017162614	22
0.0784037630618002	-2.47556149459638	424
0.0893040683151298	-1.89924487632338	491
-0.09349664032051	-1.79310456683549	21
0.11931994632271	-0.157270590029399	679
-0.11334916960366	-1.54669740637048	679
0.11790937783395	-1.23133858615525	525
0.0195503201818199	0.760719351790951	20
0.0646609166910399	0.515831592354489	20
0.0253653723974399	-0.309690126415704	559
0.0983791433505399	-2.48763932132845	103
-0.08920078650466	1.90862667473154	773
0.0927281429598099	-1.22591445968263	22
-0.0340732498020002	-2.16747064565015	424
0.04965588812918	-0.813241375442488	424
-0.10777819193707	-1.43927683316522	491
-0.0455827479187101	-1.19666751640867	21
0.0588367856002701	-0.879132724018921	679
0.07659613581224	-1.9196342391985	525
0.10812172522749	0.635738007458652	20
0.0558996963374998	-0.18317480431952	20
0.0647914777457501	-1.9241268997866	518
0.0584095162529601	-0.789346906250485	559
0.0143853708489998	0.931296748718688	773
-0.0932597975103699	0.0197975143287303	22
-0.00248322583144001	-0.576748673645557	22
-0.02176218159028	-2.23761313404568	424
-0.11394413671464	-1.43094205869136	606
-0.07003872933225	0.291738405432841	491
-0.0279534471741401	-2.2510879253372	525
0.0563848641099498	-0.765936071461032	525
-0.10503006060437	-1.90889206315455	20
0.0724545457486201	-2.456978484269	28
0.09554531912796	-0.132797423548862	559
-0.0319018168010299	-2.16997804762112	103
-0.0498938918594001	-2.17349807968302	559
-0.08214664015469	-1.7598485694352	559
-0.04287865596755	2.17620742442797	773
0.00216210566035979	2.04114374816732	773
0.0539317261494499	1.77842161751536	22
0.0979341744012401	0.387676717133639	22
-0.0459191529346699	-2.18034768654718	22
0.0174456567800201	-1.50672082476754	22
-0.0631772568892099	-1.84372140788866	424
0.10784375760816	-2.49860871185605	424
-0.07515334548297	-1.81738118400521	424
-0.0743522235406302	-1.82673061293928	424
0.0626447226646598	-1.93374229270045	606
0.06731962975533	1.21024862063643	21
0.10589352311463	-1.78135172879109	3
-0.0259513279498602	-2.19644615616091	525
0.0125476753672	-1.56678975743294	20
-0.10505383877537	-1.86757152788796	20
-0.0390161693608202	-2.17722008147455	20
0.06846924328539	-2.4932774389664	224
0.0983889803302902	-2.48149186541894	114
0.11296724688094	-1.84633652041112	114
0.11471822516454	1.44191504609913	773
0.000575281677349881	0.474844234634509	773
0.00508384331671996	-0.407310120912745	22
-0.0694385262994	0.218051262064047	22
0.0240138419098801	-0.45810615904589	22
-0.0683634879166299	0.394019603225186	21
0.07644785654416	-2.46653536193763	525
-0.11049052334314	-1.52691810375087	525
-0.00369798700809998	0.0960450779385615	20
0.0647094091618201	-1.9778452125828	559
0.05286613266657	-1.43599438053906	103
-0.0603088018477398	-0.723811934681304	773
0.0494721834284801	-0.301464018154062	22
-0.09379248180303	-1.80540487433136	22
0.0182415448784199	-1.49151203608632	22
-0.03752784620553	-1.15097434671786	22
-0.06163936386625	-2.21158989664045	491
0.1124026296093	-0.198014724932183	491
-0.0884508479407198	-1.84243341105999	525
-0.04807864852053	-2.23554121923291	559
0.0878040218609302	-2.494082888995	559
-0.0929451869468898	-0.804311633902969	559
-0.0247679317016001	-2.21680574359704	559
0.0472546524767501	-1.51253084700295	559
-0.03330212763949	-1.13738105207085	773
0.09520867472725	-0.0945777060736495	773
0.00930857289166998	-1.59379506144643	22
0.0353353005102299	-1.52174342151107	424
-0.0108558546330602	0.0509428933089398	606
0.10740282820102	-1.26852650285896	491
-0.0937062388024401	-0.855478709782044	679
-0.00178195723847985	1.37918111581739	21
0.0133438620100801	-1.55186059561519	21
-0.05141582622434	-0.161868954936368	20
-0.0266732703224499	-2.13507621610477	559
-0.0654254289150602	-2.29673853995298	559
-0.0819821654160702	-1.90825302270517	559
0.0661695112687402	-1.44243080331963	114
0.0674451599607102	-0.130060965637619	773
0.0583025319900998	1.6465138892857	22
0.07517424886667	-0.815133565317917	22
-0.0634467194533701	-1.86281013516469	22
-0.12053590962864	0.0108345935731826	22
-0.0807145154283302	-0.790437773437208	22
0.0229525561447699	0.233828830606647	22
-0.11503885341753	-1.87240520000561	424
0.06126755200714	1.11228226368582	491
0.10185393316163	-1.19784829692967	491
-0.10361728782464	-0.0634553415786749	20
0.0137328528226099	-0.00250992976034681	559
0.000528068554709993	0.193456641427123	559
0.0833830710241199	1.33392993277868	773
-0.10227099363819	-0.401136357811819	22
0.0361243177969999	1.61740665327612	22
-0.0119182947050298	1.23990467413415	22
0.12153026164226	-0.675797489911068	22
0.0670075082297599	-0.776743393858477	424
-0.0856014418995801	-1.84097728961875	424
0.0857151320107201	-2.48145021622951	903
-0.07501634088888	0.375148664438549	606
0.0811111107486	-1.90676096728434	131
0.0503857834072199	1.09897699573787	21
0.0159417401846902	-1.55482555125224	525
0.0736392993351802	-2.491010782163	20
0.0617256511060802	-0.881571781032834	20
0.0469615824697498	-1.45502288004953	224
0.11921498878033	-1.18566367548356	559
-0.04998579859098	-1.25918332992758	559
-0.0469607804704602	-2.17127940446763	559
-0.1131964433919	0.184986258465899	559
-0.11984749967756	-1.47744102896686	114
-0.0640117880411002	2.19927444073153	22
-0.03910441770718	0.386740840176836	22
0.10726889084375	-1.79802295370346	22
-0.0103247554907999	-2.18683451266894	424
-0.0734904558259699	-0.761486101874227	606
-0.0451777827974502	-1.12560211951926	491
0.0823536862025098	0.490839431653495	491
0.0600208482631399	-0.134597169353127	491
-0.04157970587478	-2.22405535498443	220
-0.10850965594267	-1.9120070466807	525
-0.0605546679111999	-2.2621271937044	559
-0.0550751481920102	-0.686317297227427	559
0.12450473737268	-1.80259681122651	559
-0.0533912683961999	-2.25569050625672	559
0.0708750333744002	-0.136080757303283	22
-0.03753277789315	-2.16009637670329	22
0.0726705741342801	-0.775754691863947	22
-0.0313700037110398	-2.20442063891596	22
-0.0945073088294701	-0.861495126310817	22
0.1071489532314	-2.45607653341759	491
0.0331250842631299	-1.52863279918999	525
0.0868276379011701	-0.745988500122085	20
0.05403242764769	-0.341325667190374	559
-0.01712391117097	-2.14274988018977	103
0.00182690831092014	-0.548749704063947	559
-0.12225190072285	-1.4378932703696	114
-0.11427026137728	-1.88777643516373	114
-0.0344627278659702	-2.27123900941797	22
-0.11165510051334	-1.8877137662091	22
0.03083806203019	0.159796425390921	22
-0.05008493122111	-0.188100946902204	22
-0.0210070124095298	-1.11154630936067	606
-0.0570249535219598	1.03964959494574	491
-0.09807623596177	-2.46398020491172	131
-0.0874495950046499	-0.848071322889075	21
-0.0804823243072299	-2.34422045422234	525
-0.0191841243626798	-0.0617309409363722	20
0.02439814746438	0.116146279033611	20
-0.05860004580523	-2.23157019722273	559
-0.07315243622496	-1.75299492275747	559
0.0770750627266201	-0.0753653493123165	559
-0.0667211070424298	-0.312974468343701	559
-0.11869106123628	-1.44374044479369	559
0.0818212761372701	-0.708211936184982	559
-0.0807231061602201	-1.83603405286581	559
0.0264349785935401	2.26496627915831	773
-0.10312716881199	-1.41530595148368	22
-0.0211001852361101	-1.10736858251952	22
-0.02121502002284	-2.1945907738647	22
-0.0890146845669899	-0.327111619998606	22
0.0865737225476999	-1.91880434517344	424
-0.11095525434498	1.38324513142051	491
-0.0661009587683701	0.428884397617161	21
0.11210777001008	0.798203489012709	21
0.0931830977369601	-2.47072312821822	3
-0.04497294465786	-2.19828246971615	525
0.00882622359178997	-0.406379306699584	20
0.0984940369037699	-2.4912670376899	559
0.0101210182096101	1.28713573164602	773
0.000428520407599997	0.101255184747461	773
0.10927761970737	-1.81971708267339	22
-0.0572324821355301	-0.21692687290288	22
-0.00173790430179999	0.164638126931972	22
-0.10358455257695	-1.40265707939674	22
-0.12208848304061	-1.99531690333869	424
0.0108010606470001	-0.38151299207205	424
0.1241235043771	-0.59317780707369	606
0.0721777549446698	-1.95967161635474	491
0.0678665478570499	-0.0833994344241207	21
-0.10728078219263	-0.849493783373513	525
-0.0787755481532799	0.169459417660764	20
-0.07054875458455	-0.722799464777723	559
0.0838826916687401	-2.47815517295772	559
-0.0606297490384202	-1.78677100890637	559
0.0842766981824199	-2.48518696296369	559
-0.0106514232756698	-1.05193541195658	22
0.1098075231598	-1.87368669421978	22
0.0784232281882198	0.379031522495413	22
-0.0795449177469401	-0.917373759902071	22
-0.00812542807758021	0.0205205311703534	20
-0.12189580621654	0.110102014340734	20
0.08170174890502	-2.47693675561169	20
0.0510322388347202	0.466224693180338	559
-0.0935035446451802	-0.401216430317836	559
-0.02441806503015	-0.120368666598009	559
0.04395299434657	-1.50266553474552	559
0.0296457242863899	-1.54958847846233	114
-0.09832464765458	-1.55495127497617	22
0.000747433383000207	-0.461742805784249	22
0.0766172209287599	-2.49586930731753	424
0.10491376065116	-1.85777794991946	606
0.0296140869754802	-0.439141171014721	606
0.11267734547235	0.817972581349149	491
0.0317478958079001	-0.978581913489966	491
0.00738068518016988	-1.52714856718967	131
-0.02073920064888	-1.65604826387519	131
-0.0641886800125402	-2.25543971823359	525
0.0637715499006202	-0.891136468648279	525
-0.08534951219842	1.95446620800506	559
-0.0632393230966901	0.396749484494536	559
-0.0673515343089099	-0.253882369162228	559
-0.0312505843295701	-1.13177385097358	559
-0.11607116360689	1.89589380509405	22
-0.12328292792574	2.15424918819938	773
-0.0777506281590301	0.812434536374812	773
-0.0522096237598499	-2.21191537264191	22
-0.02459576156259	1.88819656297958	22
-0.0164012296274301	1.88799437238374	424
-0.0442446467370901	-2.19864637803863	566
-0.07494049603666	-2.34564186157962	491
-0.0158573887158502	0.0229559894432487	491
-0.0668838010782902	-0.449396069973455	131
0.0705088395099098	-0.743162414582662	131
-0.0669421020779302	0.358635926553279	131
-0.0156989402816099	1.25673478101039	21
0.01695927851926	2.09305140953899	21
-0.0379080090391502	-1.15426074404397	474
-0.0835477287197999	1.3573833454422	474
-0.05448634612336	-2.17131833761385	474
-0.0728941266219998	-1.78694294178187	459
-0.1245244076637	1.23098173889454	525
0.0574450827828499	0.955141233434239	525
-0.12196322433271	2.44833039615472	20
-0.05496234258821	0.338065878817399	20
0.00670143330914996	0.0320312237458156	28
-0.0831388737832999	0.320677913953701	559
0.0823122235437199	-2.49067948415425	559
-0.0661780005946802	-1.7911293635718	22
-0.02313002173126	-2.1762712208802	22
-0.0312091097654901	-2.25152373939616	22
-0.0368080107885298	-2.15579929586589	424
-0.0980164964169399	-1.83593976504636	424
-0.0697758469138101	-1.84363103157704	316
0.10535435693071	-1.89387021673222	316
-0.000810260252300132	-0.428545306566026	491
-0.00999662598868012	-1.10539262776221	131
0.12416963360463	-0.573442310366924	131
0.0257853780209301	-0.3985377421943	131
-0.10467154023111	1.86951909056973	131
0.0624646916747298	-1.92120685398683	131
0.0921599975929102	1.3602487634793	131
-0.0225419006697698	1.88757629451889	474
-0.11226759845545	0.0845449363247042	474
-0.11508598764992	-1.41345720218955	3
-0.0808310173812701	0.748591817225077	3
-0.0771123371832601	0.933842116146296	525
0.0489323088089102	-0.384620464467682	525
0.0230231391326599	-1.43122527414356	224
0.0901934064494201	-1.84420255605575	559
-0.12370570142129	0.611035488946254	559
0.0132292275750499	-1.49880566358489	559
0.0202049512483402	-1.56134999757931	22
-0.07334587897402	2.08982957149163	22
-0.11293574719246	-2.01752418848116	22
-0.00658145957953016	-1.1511776134338	22
0.0502242653601002	1.70625239404551	22
-0.0161183165758598	1.76390866467993	22
0.0931830977369601	-2.47072312821822	424
0.0905314960448602	-2.47493308986661	424
0.05394657674029	-1.41704823154036	424
0.10463347496202	-1.88119773045921	424
-0.0485027004530401	-2.19781950070191	316
0.0114857123359999	-1.51680546573983	606
0.07296189610561	-0.702099339211705	491
-0.0933466649966599	1.9662405273074	21
-0.10361711197963	-1.82469439349242	474
0.01129036620237	0.860065293278458	3
0.09722685213766	1.83787401423044	3
0.0773629079213198	-1.86526350704967	525
-0.12385178622149	-0.576415163132753	525
-0.0229414956351501	-0.498770204134864	525
-0.02587039112829	-1.09602907022201	20
0.09560528184296	-1.84802397375761	559
-0.0321743078756001	-2.2183639592374	559
0.0629328920576802	2.47424880713539	559
0.0667346509471298	-0.777133900154129	22
-0.0842002322176199	2.09453192583918	22
-0.10791870940613	-0.414801184969061	22
0.0134336829927801	0.77295160752923	22
0.0238081033478101	1.54952547424179	22
-0.01849835555136	2.49128055654434	22
0.0889847650048399	-2.4768113116258	638
0.0795407142948199	-0.0597193420698403	22
0.10166594000483	-2.48280413727592	316
-0.04562254404332	-2.23585196082256	316
0.07507879597987	-0.817100406242565	131
-0.0849980466893201	-1.91179571619927	131
-0.000392707327559805	1.50650934145759	474
-0.0300911172445102	-1.17595825428107	474
-0.11371953502411	-0.357634724865258	3
-0.11350194134882	-1.88860753347718	525
-0.0446449276198599	-2.21404640995572	559
0.06724815487352	-0.777028555054336	559
-0.0485683183558701	-0.802557913205511	559
0.107059981284	-1.79868013787371	559
0.104445773632	-1.86259681406584	559
0.00244011170401981	-1.11471915458988	559
0.0836327358265998	-2.47602532866454	559
-0.0547955584453201	-2.22937919269411	22
0.07910885967675	0.582280606974425	773
0.0942175040668398	1.17439869060991	22
0.12310214996675	-1.81899775895613	424
-0.0420709232964298	-2.20410441321439	424
-0.0679824457404998	-0.873806671314634	424
0.0890569881636498	-2.43573290843904	424
-0.1177113078246	-0.379483848608145	424
-0.10771794234992	-1.09281746489113	316
0.04106858870967	1.56820308972268	606
0.0825051709070301	1.95847816379113	606
0.12232149485378	-1.23337447433415	131
-0.0562233733779198	0.966849783291686	131
-0.0403788766713702	-0.154792831600242	21
0.10186923138598	-2.48794295720034	3
0.07440051461995	-2.49983309312735	459
-0.0772488140957202	-0.238936795681171	525
-0.07636223539309	0.312160906233864	525
0.10576765396186	0.782417320886525	525
-0.03401619704958	1.07718262500629	525
0.0698660848759598	0.397224363036948	525
0.0957461345430199	0.598561982117956	224
-0.11492642382835	0.552669286971682	559
-0.11687222842586	-1.83862351819745	559
-0.0387021256596598	-2.20502429760488	559
-0.0799158059841298	-1.8065320355956	22
0.0870764300823401	-1.919642615878	22
0.1140241127685	-1.17921889263508	22
-0.0742649107508	-2.28240927882068	424
0.0729805732986399	-0.776081818766031	424
-0.05094909099242	-1.20907507368617	424
0.0174773863320898	-1.16284050725949	424
0.0855274960249699	-1.84530368930442	316
0.0442805956901999	0.986698300809812	316
0.0194836993046699	0.224337225223271	606
0.0473082809514098	-1.48390343276552	131
-0.0916014194062398	-1.86855280823534	131
0.10038134808913	-0.671937224426253	21
-0.0991085269668601	-0.87641742428609	21
0.0559096763045202	-1.47201899353253	474
0.0766172209287599	-2.49586930731753	3
0.10049890632381	-2.4725398092831	459
0.0751010381070301	-2.4572114678167	3
-0.00526371336670017	-1.56011888010782	525
0.0450321076802198	-1.43919843203961	525
0.02744765897631	-0.353289023611333	224
0.07962180913476	-0.273124415499533	224
0.0252507570748701	-1.5433467896189	559
0.11535287536647	0.673024597833981	559
0.1002679428321	-1.8269757461014	559
0.11907669274761	-1.17613849468856	22
-0.0424600677650999	-2.17209557134337	424
-0.0129636924488201	-2.18338780509472	424
-0.04789316740335	-2.24153748794641	424
0.0890246306076099	-2.48383024811396	424
-0.0190712982494801	-0.619910967692191	424
0.0810603692204199	-2.47568748510244	424
0.11291572549523	-1.81515520220589	424
-0.0688616392670598	-2.27387258491373	316
-0.0979203659379402	-1.40017711726879	316
-0.0379241235925099	-0.165534222480122	316
-0.0135475517204902	0.128684693112953	316
-0.0259887149074101	-2.22090234498523	131
-0.0418281477621898	-0.662421347967533	131
0.0670849875645798	-1.99719267523361	203
0.10685404962016	-1.85623213741998	203
0.05256728875078	-0.826571387535831	21
-0.0293576145265999	-2.14949172575089	474
-0.09533128521183	-1.81997122717159	474
0.03158703509061	-1.47326774770558	3
0.000822662287499831	-1.07014824329066	559
0.10884001430065	-0.749249217205334	559
-0.06272752284853	-0.79617536063236	114
-0.11505576082132	-0.397389958875833	22
0.0601369300321402	-2.00286717477068	22
-0.03838960924246	1.00930502217253	22
0.0870642499197598	-2.4679421065001	424
0.0150733316078799	0.115532818020331	424
-0.0424772431576801	-0.0886076828099496	424
0.02728724796297	-1.53616319512681	424
-0.0156569277676502	-2.16201622696359	424
-0.0299968684956902	-1.11568497431053	424
-0.11595248961947	-1.39333770275593	316
-0.0789538083388699	1.39233896724168	316
-0.0364751963541901	0.529943553747733	316
0.09405347477994	0.66832553479413	491
-0.04151458883468	-2.17859350185405	203
0.10909968994879	-0.0871714833751378	21
0.0460028887303601	-1.44255135315839	459
-0.0422702629332399	-1.10252507958165	44
0.11394740240719	-1.78995571656063	44
0.0801728954204299	-0.683328036865205	224
0.1228831418826	-1.84375599742872	224
-0.07337935438035	-1.85189439363093	559
-0.0706457037266399	-0.784206263295327	114
-0.0403560294740002	-1.12850774446898	22
0.10042315439059	-2.47047701508919	424
-0.0466716679060499	-2.26021191905055	424
0.0770553805285101	-2.48772377843635	424
-0.0274093031101201	-2.20822160605091	424
0.0792317062419898	-1.90015393371516	424
-0.07891719139909	-1.79009037180174	424
0.0395200350937501	0.964927630571608	316
-0.11129074573499	-1.87615308108333	491
-0.11207776200936	-1.86265657215648	131
0.05373052128231	1.7915032843966	131
-0.0609970841443599	-0.842479417505888	21
0.0870642499197598	-2.4679421065001	474
-0.0410998632948898	-1.19142045154935	571
0.0570451396968101	0.271658532705975	525
-0.1204257201751	-1.48331682125934	559
0.0910466581196401	-2.46929405939458	559
0.0127143526740601	-1.04720806745367	22
0.0280392931859899	0.168583284433128	22
-0.0911324392089301	0.222322908749922	22
0.01625920314912	0.253656472319928	22
0.0896167382698101	-2.49470518202191	22
-0.08143761274818	-0.791150978920936	424
-0.0263530362220998	-1.18694993596693	316
-0.0737548608525902	-0.841798006358675	316
0.09514384458768	-0.105148267914911	316
0.0616797079895202	-0.771225567260446	491
0.04302895006902	-1.45910726068241	131
-0.0151264455535198	-2.16634256774041	131
0.0990472612537601	-2.49036990737935	203
0.1117677666789	-1.79917255307203	21
-0.11746502087607	-0.992655412263966	474
0.0865279682182498	-2.47832253878317	474
0.09358083725698	-2.48365243793962	3
-0.10373741809782	-1.95293202228432	44
0.0572298534385101	-1.39892694332212	20
-0.0872799545715099	-0.852000104087646	20
-0.0445987848702498	-2.274311837703	20
0.0991420136844599	-0.686798547079602	20
0.0959896110007898	-1.93388503801214	559
0.0923717980296699	-1.87883139984343	559
0.0690975227306399	-2.46952067411271	559
-0.09319844820461	-2.31591945226082	559
-0.11669409260195	0.0632268614857328	22
0.12028646807167	-1.86209010766292	22
-0.11231009318107	-1.41267895633331	22
0.0223003681184202	0.924142879177275	22
0.0446852094826098	-1.5549275162385	424
0.0970544708455101	-2.45276337204229	424
-0.0562641192347702	-0.822174327712168	491
-0.11939759466394	-1.97306380306909	131
0.0956732770995301	-2.43972625783296	3
-0.0469721949014601	-2.27815796477471	459
0.0977831897274202	-1.81385037412108	525
-0.11182015166906	0.0778821273600423	20
-0.0905532540512901	-1.92929046835246	559
-0.0544358862044998	-1.34232949687886	22
-0.0749286938956399	-1.80617915098346	22
0.0274351359158902	-1.48021940118082	424
-0.10134018271072	-1.88281455095981	424
0.0653656529834299	-2.05824147712175	424
0.0413815859033999	-1.51246676632073	424
-0.0799876447066801	-1.43191506022835	424
0.07143055138999	-0.192779460407655	424
-0.08126146104996	-0.738449783400625	491
0.10884568671309	-1.98130842169081	491
0.0171150985501001	0.19380319890585	131
-0.0721312653739399	-1.80453429699566	131
-0.0397393746625401	-2.17683907722484	474
-0.04229880301502	-2.16792999033239	525
-0.0722723599352899	-0.389000298768182	20
0.0153664351290002	-1.54440532031168	20
-0.0619991893068401	0.856392298110351	20
-0.0174367601486001	1.94247933193935	20
0.05634078739025	0.493737594314252	20
0.0355196567558198	0.938489272792822	20
-0.07401282627128	-1.75618798995855	20
0.0668603370709699	-1.88461248302242	224
0.0745891505035101	-1.92211891845126	559
0.0818450140577802	-1.89800520346327	559
0.0459752290362001	-1.45012481407068	559
0.03837549427264	-0.410311390017756	22
0.0395304873418199	-1.45700466153277	22
0.0749063260513099	1.15849035123333	22
-0.03971731790763	-0.704970024604434	22
0.0997878647869599	-1.82825989764475	424
0.0829268007673001	-2.48757844303129	424
-0.10771186022382	-1.39799280650215	424
0.07644785654416	-2.46653536193763	131
0.06531780184587	-1.91877150264342	131
-0.0455962461648398	-2.21393180791808	131
-0.0656392598703	-2.29875434852881	21
-0.0378664738203698	-2.21156500202074	21
0.0503650709163801	0.330985678036837	474
0.1123848689406	-1.19966533368295	44
-0.0963414155482298	-1.82515921336608	20
-0.000222891810380155	0.103057407894815	20
0.01773395989103	-1.5888109831996	559
0.0614456037123001	1.72800379476903	559
0.0742103571961801	-0.920599159333881	22
0.0543796098493199	-0.852309609715441	22
0.08744946514387	-0.0923891118308697	22
-0.0036301800672498	-0.487630759909124	22
-0.00341772860052991	-0.42926396908064	22
-0.0061497042580001	2.46470294732533	22
0.02533456199171	0.274068627568077	22
-0.1073655689723	0.769819441673694	22
-0.0972537758540502	-1.84882848835491	424
0.0465010283254701	-1.49703019198389	424
-0.0401147799053301	-2.15319130091496	424
-0.0185893408757201	-2.15630803473898	424
-0.12332854945985	-1.49275783142206	424
-0.10612894552125	-1.85392059395911	316
-0.12225190072285	-1.4378932703696	316
0.08843977139732	0.583660440068351	491
0.11953781276723	-1.12201733498316	491
-0.0199819409461401	0.0405104083257584	491
0.1245332046524	-1.86199964269151	131
0.0458321609229402	-0.391142177891549	131
-0.0233491761588001	-2.13785314657728	131
0.11516743628449	-1.85686231409246	21
-0.11752053223878	-1.93462019973902	474
-0.0919559439650302	-1.84350348924798	68
-0.0509152198103902	-1.25724891673293	20
0.07028644077795	1.89118708085958	20
0.0150769761297198	-0.435434404989555	20
-0.0771336374749398	-0.766183235881477	20
0.00161832489293978	-0.47040377552169	20
-0.0140512370357802	-0.458130109201843	559
0.11028361483397	-1.84709767341317	559
-0.0368080107885298	-2.15579929586589	559
-0.10010667560569	-1.8510528696547	22
-0.06487641961307	-0.743089127971892	22
-0.10910239743134	0.602532416444065	22
0.02307030312262	0.216342494658261	22
0.0722044961725801	-0.6835549713854	22
-0.11702619080019	1.78675036127605	22
-0.0481444459175799	-2.2097254216756	424
0.0419398521359602	-1.43361811255422	424
0.0457907093584802	-0.816685280471816	424
0.0751010381070301	-2.4572114678167	424
-0.10480703580905	-1.90339851682955	424
0.11050079781922	-1.78925740115083	424
0.1105175932071	0.574328861129994	491
-0.03330212763949	-1.13738105207085	131
-0.0731172878497501	-2.31280750218999	131
-0.0184327390558798	0.110170892228258	131
0.0217954516446901	-1.48224554641793	131
0.00781783564314997	-0.588901186054278	21
0.00527997050446993	0.0242536175151482	20
0.08912331357533	-1.93018137974203	559
-0.10108172472143	-1.98522337182134	559
0.0698106213969001	-2.46939973422518	559
-0.1187758595971	-1.37253201382749	559
0.0903515982721701	-2.48805011070301	559
0.0228657699748598	-1.51409457955734	22
-0.0136374759028399	-0.516197572194571	22
0.0187483147966399	-1.48487298355806	22
-0.0368517107464101	-2.13919718568353	22
0.11850704580695	2.2236075741235	22
-0.0238012092058102	-1.67308110588822	316
0.0917890625116899	-1.88836234944539	316
0.09004644844822	-1.90771562707678	44
0.0679814179100999	-0.763877435250881	20
0.00718589224281985	-1.52192059649204	559
-0.02356704228976	-1.15586630803994	559
-0.00168737974987998	-0.487277116859711	559
-0.0863103676987902	-1.78768592206554	559
0.0433004163339499	-1.45697937994388	559
0.0332343147916401	-1.4702691481365	22
0.0341454728244601	0.932033819982228	22
0.0132292275750499	-1.49880566358489	22
0.12019135504282	-1.17296033091033	22
0.0243799035166599	2.23638295959528	22
-0.0181685013139199	-0.566082866741625	22
0.09348112063208	-1.8885567687228	22
0.0433948600119498	-1.57993094135857	424
-0.0563110614155402	-2.21329297358785	424
0.10838703089536	-2.45362769148233	424
0.0897728300121701	-1.84529560342271	424
-0.00834801218717018	-2.19959702805136	424
-0.0240916755794398	0.687759286042378	491
0.0700801460150902	-0.777245789540465	131
-0.0503517243321201	-2.24673364408403	131
0.00967445149345991	-1.46069306084924	3
0.0692500871912301	-0.166273582728037	20
-0.00594289592815001	-1.00979523860137	44
0.03829679079176	-0.8487440184534	20
-0.0509021184076399	-2.26421804469563	559
-0.0779793511019098	-0.732146734805646	559
0.0592848858139301	-0.874822665849283	114
-0.0381610956613301	-0.204969936020785	22
0.11394740240719	-1.78995571656063	384
0.10380566061105	-1.30525566396847	384
0.12336906921941	0.746657773275106	22
0.0890547994804498	-2.48522822584728	22
0.10848329139054	0.746432215940907	22
-0.10751695138889	0.71383612969785	22
-0.0240290701539201	-2.16638227589879	424
0.00396394102543018	-0.495618086172212	316
-0.06424058745093	-1.87882551679453	316
-0.11589700116196	-1.41236887034098	491
-0.0331879246298499	-2.21740082507958	131
0.0997827666578002	-2.48548084952385	3
-0.11778928804685	-0.489696713421829	44
0.10924582198926	-1.30119612681593	20
-0.0856365592095001	-1.39981980045988	20
0.11957078672162	-1.84142665616325	20
-0.0333877819087798	-2.19703406146201	559
0.10246736161025	-2.48779645413907	559
-0.0390161693608202	-2.17722008147455	559
-0.0608933844625699	-1.80150949034241	114
0.10408535572409	-0.0781751733012106	22
-0.00100108265829979	0.662112182930057	22
0.10108427215191	-2.43296749573041	22
-0.0991232774578998	0.0506385036428281	22
-0.0124579744996001	-2.17757918743973	424
0.0605411794778501	0.418087687073306	424
-0.0559425676021901	-0.219644926129056	491
0.0948568743542202	-0.710681599131608	491
0.0975759001372798	-0.0932541258422432	131
0.11925122307943	-0.629632445443855	131
-0.0157529269922398	-2.16161141751587	131
0.0664532331452401	-0.109402529566727	21
-0.12106880776028	-0.462495384371874	21
0.11839795119752	-1.81468530173051	44
-0.0953866209402201	0.299015396408638	44
-0.00194556242988009	-0.00554891432814575	44
-0.0286359618071601	-1.05851634482348	20
-0.0481824147887799	-0.816172918545151	20
-0.0688104066702402	-0.778194846669193	20
0.0756657725379899	-1.92185585386927	20
0.0569466718760801	0.380861847109149	20
0.00301771479248991	-1.52697751315957	224
0.11646798927987	0.710626294185326	559
0.0240752656708101	-1.47028360576016	559
-0.09569013414949	-1.78283175111815	559
-0.0990993160167402	-1.83864865012851	559
0.10790628744	0.0204119862837286	559
0.11713615514267	-1.21561415992509	22
0.11512450310085	-2.4489838934461	22
-0.0290372028113599	2.21133228126915	22
0.0233366906751402	0.874649514308859	384
0.07339370557197	1.15601827812782	384
0.0725186855681499	1.23511427924851	384
0.0869084284783699	-1.93014079882673	22
0.0264124662441101	1.53432595311772	22
0.08372444056016	2.0186580834613	22
-0.01492285248225	-2.18619847153466	424
-0.0360828641827	-2.16250228606346	491
-0.0574662053486601	-2.23330136504088	131
0.0642426667941298	-0.783473174088147	21
0.0243239286424699	-1.54129658343082	474
-0.10831570656846	-1.87075724763765	3
-0.07155008087036	-2.30801437698612	571
0.0126268862899299	-1.57825554141363	44
0.0204112582059199	-1.54120614484935	20
0.00967445149345991	-1.46069306084924	20
-0.0654253347620402	-1.88486414339117	559
-0.10974014735265	-0.492936854416103	559
0.08638840846046	-2.48016493754193	559
0.12429504640665	-1.78922630373778	559
-0.03663707520866	-2.20494153712646	559
-0.01644662689228	-1.1070465092279	559
-0.0649152581991999	-0.808456338713553	559
-0.0521752423317801	-2.23464403767878	22
-0.1241935588426	-1.43023293416189	22
-0.0852020857047999	-1.77990578105609	22
-0.01011287488266	-1.12942663808468	22
0.10748621306281	0.527690655561264	22
-0.0457162093663301	-2.17916708444503	384
0.0911663427192599	-0.138999294698844	22
0.08729786662821	1.24089532351663	384
0.00510131465392005	1.33553971695426	384
0.00893494979586018	-0.441400376816278	22
0.0883441856327298	-2.4476702476166	22
0.09629689225891	1.17814397534977	22
-0.0233491761588001	-2.13785314657728	424
-0.0233491761588001	-2.13785314657728	424
0.0325487830813001	-1.45100631793236	424
0.11470020675419	-1.80168737873204	424
-0.0342042998529299	-2.19285935209753	491
0.0772499907136002	-2.48853356425544	491
0.12301880510618	-1.8419330268131	131
-0.0915585569639199	-1.82532373529506	131
0.0552710840263901	-1.45441149324058	131
-0.0490190577077798	-2.19096619046232	44
0.0704355793981	-0.801030911003577	20
0.12037789577753	-1.14749338077923	224
-0.10243044670379	-1.84873982981596	559
-0.0538633505469801	-2.19741188123981	114
-0.10993150173815	-1.42417257862148	114
0.03163533961059	-1.45682675512966	22
0.0723794962519899	-0.263533967342341	384
-0.00601538008563018	0.101135580282229	22
0.0956416577971999	-1.89466462109115	22
0.0620341827103501	0.747252977384338	22
0.10626236732917	0.710761889619821	22
0.0675360040745998	-0.772647000448188	22
0.0408605169047398	0.245128928150264	22
-0.0333016259910002	0.551643798264279	22
0.07052376856798	-0.796457804834077	424
0.12278039901661	-1.87309199517806	491
0.0716811850417001	-0.154917748471023	491
-0.0881417993122602	-1.80256254660692	491
-0.02682354643167	-2.14625162754996	131
-0.0372242462058701	-1.22696063002607	203
0.10097912793442	-1.18161691835593	21
-0.0462408148731099	-2.17230261010823	20
0.12349321097202	-1.85269492873725	20
-0.0188110324247401	-1.04458848291127	20
-0.07001707956635	-1.90275839673045	44
0.01917179137503	-0.445400901410781	559
0.0538668357079102	1.08255766769644	559
0.05382468868225	-0.756329354612743	559
-0.00492331699033022	-0.462488660356703	559
-0.0444745343498099	-0.0971743248754233	559
0.0259865364515202	-1.46634449679633	114
-0.0891436230907901	2.05866785753987	384
-0.02147137093568	1.78036330257161	384
0.0399595749853998	0.391689505405141	384
0.0203558382314499	2.2329381108077	384
0.05377820834258	1.71556102479616	22
-0.12314958405166	1.16867710587845	22
0.03672047139727	1.90515015081233	22
0.0976175998317399	-2.48403423326257	22
0.01172522896425	0.683679540820288	22
-0.07421908865834	-0.865871734707926	22
0.10592143795072	-1.84670431113958	424
-0.0185268107256098	-2.21324693124227	424
0.0286970085098002	-1.49349052222884	43
0.00485349851201988	-1.55143852026014	43
0.0946927161971902	-0.053375452382566	424
0.0977671234885098	-2.44485928347808	424
-0.11905253613085	-0.583758353738472	424
-0.0714974968711299	-1.80104227275252	491
-0.0751404556787798	-1.80355740206441	491
-0.10907711297978	-1.42531320555439	491
0.0980079203428899	-1.82617865884141	491
0.0838826916687401	-2.47815517295772	491
0.0299811266794698	-1.47116347278334	491
0.12028869646492	-1.81032322904107	21
0.0725134690440901	-1.93408419588102	474
0.0913098350722001	-1.90566544906156	474
-0.0473764571673701	-2.22774506739995	44
-0.03569192249283	0.593769006006979	20
0.00887891490798021	-1.11332969825728	559
0.0717517170855002	-2.48605808524397	559
-0.10606640534682	-1.87850077969541	559
-0.0761593573970401	-0.862097522791998	559
-0.0699417596169698	0.96502625545424	384
0.0507590276852401	0.418238573210274	384
0.0312408986539201	1.46932983068563	384
0.0146873509535301	-0.425174811529329	22
-0.0369107469793102	0.41959500298529	22
0.01355725894597	0.119521533149269	22
-0.0344295884966002	-0.135109653466045	22
-0.0532259612317398	1.0516614834232	22
-0.00102219083251986	-0.562210882559998	22
-0.10674997760392	-0.508033507843123	22
0.10093193587943	-1.82873652961683	424
0.0730865899656599	-2.45761583877298	491
-0.00819850450361992	-1.05841058501174	491
-0.11027607641175	-1.47658131696014	491
0.0910466581196401	-2.46929405939458	491
-0.0189811173947301	-1.1062931899124	21
0.02192062713597	-0.355824005644785	21
-0.10869717254021	-1.91044238435232	20
0.11028361483397	-1.84709767341317	20
0.12146968252807	-1.19751352406372	20
0.00846454155582999	-0.444770521856749	559
0.0753257511110701	1.12950295621961	559
-0.12264731614669	-0.530315126669287	559
0.0739335090405899	-0.768169190846066	559
0.07856561918797	-0.776743848574014	559
0.11342573952986	-1.78776865723394	114
0.08969742079515	-2.44521758258924	114
0.1095534674359	-1.83074553500922	114
-0.0979370192037399	-0.395791775392643	114
0.0882748760093	-0.698526333451421	114
0.0785841860502998	0.532734454894899	22
0.11579663431958	2.11900029227634	384
0.0664858251211702	1.85339394419814	384
-0.0155125360277402	1.94348475199729	384
0.04674434215024	-0.423616358495492	384
0.08201402529963	1.22003026157041	22
0.05601054282804	0.983727608031934	22
0.02030813361826	0.914910743730633	22
-0.10837964807137	-1.89994780739411	424
-0.0688616392670598	-2.27387258491373	491
0.0740580865724301	-0.742357115150124	838
0.11992910573583	-1.78273709686566	491
0.0929366198081398	-2.48743912586792	491
-0.0426582034237399	-2.21706470106858	131
0.0675401899975499	-1.92286615249925	131
0.0917202215853798	-2.43139632136004	131
0.0865279682182498	-2.47832253878317	131
0.0252993208875401	-1.48223930531708	131
0.0502016014015601	-0.887821050084801	21
0.11634855885515	-0.0536081842564125	21
0.01694805658693	-1.49251739176051	20
-0.0400801287431198	-2.20502711532889	20
0.06339677067401	-0.122030617356811	20
-0.01012760924218	-0.502456417628217	20
0.0120340169806301	-0.0807408240305696	44
0.0509175661669201	0.387072266196384	20
0.01778865861551	-0.505671544716424	20
-0.0350140862542099	-1.17603267481154	224
0.0491661291217902	1.43790028263402	559
-0.10583528245262	-1.4275148760472	559
-0.0531998481534699	-0.676821438614084	559
-0.0273451254000201	-2.1469816603843	114
-0.0525124686459502	0.999766373600296	384
-0.0836486502542302	-1.81968093882729	424
-0.0563590741696198	0.459505197776355	424
0.00333515427711983	-0.643042259204844	491
0.0868147591035999	-0.70999370730695	21
0.0691803717823101	-2.49250356218031	571
0.0905314960448602	-2.47493308986661	3
0.0554008915508599	-0.774728731801516	20
-0.00316147155003987	-1.55569742076939	20
-0.0469480235231599	-2.25770366872035	20
0.0977663161422599	-2.4969341584336	44
-0.08233993715801	-2.3556800005288	20
-0.0293576145265999	-2.14949172575089	224
-0.0268847766466598	-1.17819452221247	224
0.09956555941696	-0.656932081466194	224
-0.11442258633823	-1.4921845382675	559
-0.11980205900368	-1.40906733124563	559
0.01181467678501	-1.60039034249461	559
0.0105468304272902	-1.54874697780576	559
-0.0702110971839201	-1.45074440574069	114
-0.0631100795595301	-0.71297097104666	22
-0.00593850136294005	1.86192579244649	22
0.1023851150832	-2.48724126697827	424
-0.0683062180587801	-0.903928627444763	838
-0.0224873519668498	-2.19376514802354	838
-0.0110821455323098	0.170742254724407	491
-0.0454302600608898	-1.10648870438261	491
-0.0531293784930198	-0.206215881309215	491
-0.0396870089187602	-1.18680496513747	21
-0.11567999763002	-1.87757033898756	21
0.05105162883897	-0.392864724155602	21
0.0804193139940002	-2.4881132356616	571
0.0363204148251399	-0.854880853162253	20
0.10889350185379	-1.18363080647348	20
0.0783933723057699	-0.854290154991187	20
-0.0278386021900299	-2.18666263851579	559
0.0537938173110799	0.401235727767428	559
0.0731303052895802	-0.758809956029425	559
-0.0532348379498502	-0.716988749457217	559
0.08542055936441	-0.0348918161790737	559
0.09580278993728	1.30009684102834	384
0.0631543849717202	-0.0930201231466299	384
0.01955168219965	-1.43635969025969	22
0.0607963376135201	-1.91313287915619	22
0.0556254747645499	2.31079797266391	22
0.05192052307717	0.458607091699374	22
0.0433455141651402	-1.49288875173308	22
-0.00451025708674013	-2.14743762337646	424
0.0877940031715201	-1.84054541220676	316
-0.10453132383845	0.0750398762724451	838
0.0398676932797701	0.37820358548042	491
-0.0500779064202801	-2.25521860887036	131
0.0958372769954399	-2.47587132595781	131
-0.0479080085725201	-0.0642960350076329	21
-0.0679350359503399	-1.78627405600041	21
0.07902045214529	-2.45817310902829	571
-0.12280335328547	-1.42404162691561	559
-0.00299449682926989	-1.00092975427584	559
-0.0791593793446901	-1.78595390640829	114
-0.10601784403064	1.94818134010947	384
-0.08359704204288	0.82547987120349	22
0.0540000672980199	-1.3902443968759	424
0.10801855493577	-1.79905885248596	424
0.11899460465366	0.0168730821630927	838
-0.0213165128012198	0.616990841517814	21
0.11683891082044	0.089639769084588	21
-0.0297150796475401	-2.15926697934719	571
0.0818652441650198	1.15078415488698	20
-0.0919906700453499	-1.8139584534047	20
-0.0239550056900901	-1.18593977477504	559
-0.02435316986189	-1.15443214513123	559
-0.11108235578439	-1.38190118462786	559
-0.0889950796976402	-0.00436161097135734	559
0.06582705918759	-2.4698052428152	114
-0.0117488920299702	-1.07226701925346	22
0.0682573967039901	-0.803953597669453	22
-0.05387265723577	-0.701178961000632	22
-0.0541577741210002	-0.712500430225785	22
0.0839084401462502	-1.84417396929799	424
0.0800611008951502	-1.92273492433587	491
-0.0183938591719102	1.28200723471934	21
-0.0770605670457099	-0.740858931768503	559
-0.02460141741162	-2.1623924877834	559
0.0680007254744299	-0.768333689299335	559
-0.10196378006183	-1.90673911440118	559
-0.05448634612336	-2.17131833761385	114
-0.06530044901189	-1.77890993977057	74
-0.03344474814643	1.82298267005377	384
0.07094234054702	1.106968355819	384
0.0171132045062699	-0.388549464488673	22
-0.0661816071437502	-0.823394377362344	22
0.09560528184296	-1.84802397375761	22
-0.00084681864968017	-0.430208148025296	22
0.0844062822575902	-2.4519705763129	424
-0.0821940189684201	-1.76999561912647	838
0.10766145778977	-1.24949151089273	838
0.0355386280521102	-1.15344858274458	838
0.11780697575839	-1.82768488279487	21
0.0938242741810198	-2.4719517321878	20
0.05500098650921	-1.91173678217425	384
-0.03298348034135	-2.14967091062568	22
-0.0806484326271901	-1.92066810587125	22
0.0730865899656599	-2.45761583877298	559
-0.08140489464457	-1.79044366217528	21
0.0838826916687401	-2.47815517295772	20
0.0771516778058601	-0.87709493519238	384
-0.11404585024736	-1.9195997738409	384
0.0315624032052302	-1.472374359595	22
0.0206443393325002	-1.50970299934751	22
0.0284289742127299	-1.43828895214645	424
0.0909851327196298	-2.48873230247875	491
0.0797128303139201	-2.48782982721447	21
0.09834473223109	-2.44679442561551	20
0.0905314960448602	-2.47493308986661	20
0.0565842140157198	-2.4922349707534	224
-0.04946776148229	-2.2210765623925	384
-0.0221719008555201	-1.2005741402439	384
-0.04835642823695	-2.23222903323342	384
-0.0631862009811699	-2.19037108126579	22
0.0991382379779102	-2.48389227128482	22
0.0338333908638	-1.52911671388153	22
0.0766172209287599	-2.49586930731753	44
0.0697071218971801	-0.747354130661521	224
-0.0281267767514302	-1.14291910482422	224
-0.12159821934695	-1.48318187413652	224
-0.10020081364935	-1.3718473979141	559
-0.08340871473222	-1.77254893362963	402
-0.0122402066485301	-1.1164717406027	559
-0.0952128872692501	-1.37006299661091	559
-0.11711080554084	-0.436571592252981	559
0.0488598134915002	-1.39773650325249	559
-0.00547928528978003	0.196875774533352	384
0.12270336761105	1.50423937044815	384
-0.0828668093722098	-0.795291618132094	22
-0.00699958727265981	-1.09328879561077	22
0.0938999331450301	-2.49568774827157	22
0.00528635661834009	-2.22165541078997	424
-0.10490710965003	-1.48585295941356	424
0.11517265408148	-1.81791491792787	424
0.0220579950560502	-1.49318168757019	424
0.11989525461169	-1.16254544189752	838
0.0691040114994501	-2.49388332471933	491
0.0792035203825199	-2.01368931836234	491
0.0985011466333199	-1.85840245998684	21
-0.0469005484673399	-2.18876076369694	44
-0.0431580181452902	-1.01490700135486	20
-0.0443138766455302	-2.1464975003793	20
-0.0536433592248402	-2.19616770505067	224
0.0175777301573499	-0.377120821355164	559
-0.09511548358764	-1.3976994541065	559
-0.02593228865583	-2.1589501862326	559
0.0333564285578598	0.218706149072783	384
0.10097503830803	-1.86304033422375	22
-0.06966721795999	-2.26312329521304	424
0.0956732770995301	-2.43972625783296	838
0.0038064646776399	-1.48974203739715	838
0.0845739725435299	-1.8680871920026	491
0.10163449203705	-1.89910936637545	491
0.0654388167751501	-0.816102412822731	21
0.07902045214529	-2.45817310902829	44
0.0838826916687401	-2.47815517295772	44
0.0816380195593802	-1.87461885212402	20
0.0576372206109501	-0.793623602548024	559
0.0789046459092599	-1.90743634502094	559
0.08969742079515	-2.44521758258924	559
-0.0886474381393798	-1.80255317665	22
-0.0342771168785401	-2.16092228232154	22
-0.0359126726021399	-2.21135841403978	424
-0.0493451284442501	-2.23930613115961	424
0.0778830781319302	-2.49769646651277	838
-0.0202008465155998	-2.1528742610924	21
0.0808968245949102	-2.49528936420283	44
-0.0601650501370101	-0.77462852559977	20
0.10077714523553	-1.79269678883932	20
-0.0822399924725099	-1.83835222535781	224
0.0433975008253298	-2.01322023700553	559
-0.0522718734193202	-2.31522580960577	402
-0.0199582693801399	-2.20091448684789	402
0.12100561978491	-1.82370383276752	559
-0.03832550696099	-1.15010385998405	559
-0.07113246469385	-1.79854042464598	22
0.10199265347604	1.30807737653407	384
-0.0229492990760001	-1.10276008946425	384
0.0910466581196401	-2.46929405939458	22
0.0942902721035401	-2.49025236513338	22
0.0803185024700701	-2.49080471544045	424
0.0931830977369601	-2.47072312821822	838
-0.0786880513306101	-2.33786050247417	838
0.0160332464010402	-1.50469621523281	838
-0.0785524969861102	-1.86620483800748	21
0.0701522786997502	0.334090511210211	559
-0.00311521574788021	-0.642180886894168	559
-0.0498597095856899	-0.17179785363284	559
0.0521587796741398	1.79338718179238	559
-0.0827822873903301	-1.85558772859341	114
0.000774226156070146	-0.47116376411288	22
0.12272995172107	0.119482019190618	384
0.07043462947028	1.20667883475765	22
-0.12066047913811	-0.0222611924495029	22
-0.11061563645959	-1.38118781823333	22
0.10358568519978	-1.88020227506553	424
0.0111020770631698	-1.50699098936436	424
0.0121415884854499	-1.6160107692958	424
-0.0861024067260399	-2.30138714892661	316
-0.12336981087836	-1.51969872346902	491
0.0976060874728599	-1.87104634703105	491
-0.11346267756287	-1.45095650468788	21
0.0897679317704898	-1.89819873427738	20
-0.0817653108215102	-0.79833960819357	559
-0.0551995615897298	1.06671715764882	559
-0.0592933080278599	0.850798819653376	559
-0.00979178747209009	1.36196166495356	559
0.0472912092995799	-1.45273545693905	559
0.00501176796423009	0.0300556170945985	559
-0.0207392143412499	1.23998711662081	559
-0.0546719512311702	-0.136074955379292	559
-0.04157970587478	-2.22405535498443	559
-0.0661519467270999	-0.881060549192033	559
-0.107307149792	-0.404994014910882	22
0.0478658166521999	1.64003424804664	384
0.09370544148732	-0.245269383756362	384
-0.0611336201575901	-2.26166904044083	22
0.0711450565131999	-1.48649637866021	22
0.0950736641882899	-2.46976216640367	424
0.0608391276520601	-0.874128989194661	838
-0.0895455726013998	-0.413134287538993	491
-0.10618268547742	-1.85009045846482	491
-0.0595382113635199	-2.24660853650118	21
0.01095976493127	-0.447051650423393	44
0.0212701517829998	-0.392563383096961	559
0.0746103654188901	-0.0953078995216226	559
-0.11823171046575	0.0365352345287926	559
0.03550673535586	0.163172797053639	559
0.0813567079514899	-0.746400985726199	559
-0.05950533800242	-2.24748124007953	114
-0.0156401452516501	-1.11721019897594	114
-0.10989702456613	-0.401007671421015	114
-0.0396026879585101	-0.687609440024162	114
0.0796122021845198	-2.47947138298651	22
-0.00961595089392997	0.117654744060241	22
-0.10553795904968	-1.42061745734588	22
0.0965264811273099	1.99975984069894	22
-0.0789944025188798	-0.902346602103152	22
0.00232307613492999	-1.07549956543768	424
0.0284128883086301	-1.42317286355446	424
-0.0921636454660999	-0.288497270563808	838
-0.00799760919906012	-1.07031583227543	491
0.0108364387007498	-1.5560393889581	491
0.0778830781319302	-2.49769646651277	491
-0.0273451254000201	-2.1469816603843	44
-0.04807864852053	-2.23554121923291	20
0.0402928719269302	-0.834228172957585	559
0.11023561352388	0.801628896231279	559
-0.0815081280505701	-1.8128616951026	559
-0.0814910801192701	-1.82998215156605	114
0.0933587256988999	-1.85144114026317	114
0.0975723154964099	-1.86657928376203	114
-0.10576934141626	-1.84856418063026	22
0.0689248678525201	2.36644375224412	384
-0.12291689663055	-1.45341329879091	384
-0.0124303331184499	-0.496117284210659	22
0.06423760239604	-0.813660366304108	22
-0.10348556334285	-1.45259880536118	22
-0.0718228589363701	-0.173368157229578	22
0.0911691217094499	-0.0518047670912125	22
0.12263604210253	-1.82429636510002	424
0.0287744471651901	-0.445626299366898	424
0.0210703521381102	-1.49877142690628	424
0.0104668469254898	-1.46165428131692	838
0.10509896223585	-1.85469404816466	21
-0.12070885508712	-1.41533542750208	21
-0.0624692786022001	-2.22194757976064	44
-0.05695304488549	-2.27612146556405	20
0.0211181901542301	0.215777414764978	20
0.10464532225951	-1.80523630638893	20
0.0155084621677899	1.27285375877333	559
-0.03670994703731	-0.0772733363876954	559
0.0313205406648498	-1.47379537734551	114
0.10942461918852	-1.86521970418778	22
-0.0463089908056	1.13458026162628	384
0.0259330304038001	0.962497254242844	384
-0.11928751640021	1.7990007922031	384
0.11306288130881	-0.014882345991432	22
-0.0413707852047702	-2.24406124158141	22
-0.0929270807010698	-0.446043899997546	22
-0.11491463366433	-0.996054480768436	22
0.0883795970132102	-2.46922712879491	424
-0.0931716911000602	-0.849375659227357	424
-0.0306522523370898	-2.13889492968865	424
0.0310714855070899	-1.41535922730917	838
-0.0957705416182102	-0.323109309387707	21
0.07144257041573	0.419058908650395	21
0.09607836238651	-1.92207238182828	651
-0.01472296612872	-1.66210962692733	20
-0.04597150063264	-2.23040908948108	101
-0.1041301338501	-0.985612297324502	559
-0.0912580258757298	-1.3966684305918	402
0.10940873532747	-1.86758960473556	559
0.103286954125	-1.89924987434289	559
-0.0919906700453499	-1.8139584534047	559
-0.11942090601909	-1.02473161520584	559
0.0956416577971999	-1.89466462109115	114
-0.00956345627532995	-1.57523565205425	114
0.0120564191974601	0.873732197956889	384
-0.0207263348484501	-1.04139949049355	22
-0.0454344091433399	-1.95426731446225	424
0.10833020947778	-1.82765492076462	424
-0.0571258231013601	-1.96609627467778	424
0.0784669550855801	-0.850503371936106	838
-0.0629324316708502	-0.43239924971819	838
-0.0448975516168701	-2.19597203116093	21
0.0750400705290701	-2.49427364736094	21
0.0530069000894402	-0.888391100816734	559
-0.11475313637128	1.30419349651265	559
-0.0272058071914199	-2.1962474652231	559
-0.0563445106235698	-0.0726601843300605	384
-0.0268446666953799	-1.18483338235519	384
-0.0673224019143	-1.81391748285901	384
-0.02585322664806	1.28070709084528	22
-0.0829425342528101	-0.92244712054677	22
-0.09648991050428	1.28581793125233	22
-0.0485215242010599	0.981808798437051	22
-0.10031399908235	-1.44880089355753	22
0.10844893397094	-2.43597236323804	424
0.0583330010241299	0.448340970938371	838
-0.0707268394912202	-0.257879161410896	21
0.0865279682182498	-2.47832253878317	20
-0.0571919004728199	-2.2251449363114	44
0.0404762265308198	-1.44664711756402	20
0.0163753465140202	0.0917010811835537	559
-0.0240190229875101	-1.11208070825137	559
-0.07961049110635	-1.7589431004383	559
-0.12280721853792	-0.48045941935887	559
0.0244455963000401	-0.345201664761564	559
-0.0834289291101902	-1.82341341426444	114
-0.00343367014097007	1.61998443327027	384
0.0154973412257702	-1.49402278243317	22
0.09950870763209	-1.85068709248288	22
-0.0935977858645098	-1.41295676894649	424
-0.05243105392013	-1.15852220317819	838
0.05443871340659	-1.41043208269179	491
0.05084570995216	-0.748943092747514	21
0.0164651273766401	-1.50466078538465	21
0.0932131172341699	-1.88908630813882	21
0.0112383390445898	-1.5635000427732	21
-0.0411669106744701	-2.17015549574678	651
0.08912331357533	-1.93018137974203	20
0.07644785654416	-2.46653536193763	20
0.0249303243943402	-0.497142247470002	559
-0.1064101160679	-1.39849818469253	402
-0.08129337021288	-1.43416513663437	559
-0.0114107550233902	-1.08347658197936	559
0.0739822930373899	-2.4956737265217	559
0.0225549654119099	0.209046177413581	559
-0.0159008208372202	0.655914121114681	384
0.06317268186777	1.17037418028143	384
-0.0134089277553602	0.388858765085765	384
0.0852633334216302	1.11874339329359	384
-0.11520207348013	-1.91212379407802	424
0.0653408628481902	-0.158989977619268	21
0.10615283940711	-1.82289008320939	21
0.11047998773414	-2.44430164916083	559
-0.0854329139659802	-0.768063890156225	22
-0.00419878206716007	-0.647798290399065	384
-0.0281673775739399	1.22553024520238	384
0.0670625941671701	1.20545910230405	384
0.0146487711507199	0.832905241530848	22
-0.06252880851057	-0.81994965857306	22
-0.0721065569747998	-1.4331864175371	491
0.0293929049437098	-1.6020171636093	491
0.0455280728641498	-1.53236004954481	21
0.0768549843675102	-0.162913580022048	21
-0.0604979814042999	-2.2301870820629	559
-0.11551699893334	1.14781833297704	559
0.0152538989955899	2.01351872122629	384
-0.10343833428911	-1.85106624134494	384
-0.1163062509999	-1.40594770665516	22
0.0856832148156399	-2.44046585085981	22
0.0471181898432702	0.974181305080125	22
0.0581160694188299	0.493704462768541	22
-0.0732916435662498	-1.79965622782257	22
-0.10851445080651	-1.41193647282482	424
0.0684444627170699	-0.873803357260639	424
-0.0657583398213602	-0.140709343667305	838
-0.0727876746076102	0.387526616544991	491
-0.0247242169023498	-0.564096108410338	21
-0.08176030058319	-0.74962284289803	20
0.12111055154882	-1.22956994700284	559
-0.12281298355433	-0.456550572720435	559
0.01010661021532	2.09302561815003	559
0.0805235363737999	-2.49673808938542	402
-0.0309615437540902	0.479201711379426	559
-0.0347409362940101	-2.21511607561542	114
-0.0710433064305001	-2.23969809619518	114
-0.05833479850968	0.968512947951184	22
0.0840763036511598	1.71520347571199	22
0.0519250290756701	2.34815201833414	384
-0.0441619936307802	1.60991194526173	384
0.0122256959412499	2.06375325353169	384
0.0638453809675998	1.18538144624566	384
-0.0530035331492198	-1.80829647947342	384
-0.11999594397383	0.0124669309712848	22
0.00106485908899012	0.216071371637427	22
0.10953382491516	-1.85173812626035	491
0.0917202215853798	-2.43139632136004	220
0.0268747613578899	1.59222207015168	559
0.10640051577506	0.748347391772925	559
0.0764718885205302	1.21274592771811	559
-0.0745277374883	-0.785648254826115	402
-0.0990648523308399	-1.78701212426999	114
0.12425050535137	0.761862023228286	22
-0.0805451091627001	0.744555624859999	22
0.0466168217111398	2.47705931640519	384
0.0138830556551199	1.97196541988493	384
0.11050792904483	-2.48137368421081	22
-0.12165971972546	0.643269052653463	22
0.0431851864763502	0.44447411143245	22
-0.0313706042396	-1.09517550044558	22
0.0790503051326299	-0.0869070748476659	424
0.0166094110463102	0.243829054552762	491
0.0593270349970698	-0.202542853533136	21
-0.111516204468	-1.43650110819115	21
0.0965537871770601	-2.48596880516904	220
-0.0417087116916499	-2.2097019457813	20
0.12302643565284	-1.15255091672452	20
-0.0743057764031101	1.02496862314271	20
0.0501132832174598	-1.46722489401914	402
-0.09491042353803	0.122099503042571	402
-0.11691806857231	-0.492565016256502	559
0.0240267424830698	0.901619579142546	559
0.0963530151070602	-1.83372884488759	22
0.0708534947115802	-0.792208654668849	22
0.0535176497636698	1.72288420148766	384
-0.0725914750230299	0.837208289178327	22
0.11026996232612	-1.86328054567183	424
0.10049890632381	-2.4725398092831	424
-0.0612909036040898	-1.82950541831418	424
0.11319500261357	-1.78853213242424	424
0.10357949625149	-1.93165235890215	316
0.0499668819610699	-0.844971918091596	491
0.03537261822781	-0.82829030040905	838
0.0258088881466598	0.345156057959168	838
-0.12192228830848	0.486034747494784	838
0.0943860481062999	-2.43676702244761	491
0.0533674101838	-0.344802573856224	21
0.0528814043774299	-1.98937279153638	20
0.0976175998317399	-2.48403423326257	559
0.0302483419079498	0.155648038503745	559
0.00448045869682012	-1.14797187351066	559
0.0987491627718402	-0.777696209031314	22
0.0354060850029501	-1.52658412667712	22
-0.0703423044137801	-1.78960702234258	22
-0.0669783795376402	-0.800535529258079	22
-0.0833237790694299	-0.228103781430337	22
-0.0523799558612699	-1.80591607666723	424
-0.08419704149774	-1.77554007017478	424
-0.00404321417672016	-0.482699925049583	838
0.0770553805285101	-2.48772377843635	491
-0.10589506315532	-1.95566989720365	491
-0.10341920286293	0.77729662360076	21
0.0727857524450699	-0.15982539533902	20
-0.0230702726462599	-0.580319733706779	20
0.0875987285128699	-2.48752378643967	74
-0.0475700675763902	-2.1697026245649	22
-0.12183714914575	-1.42872007217735	22
0.12377464493003	1.9900562434852	22
0.0670069901963499	-1.42124562239427	22
0.0697290934839701	0.387891400716564	22
0.0973285174904901	-1.85521769629732	119
0.10375907913121	-2.44195082478277	424
-0.0319109210508799	-2.20320244350265	424
0.0856622970723202	-2.4841262065114	424
0.0923400926729498	-2.49432599420919	424
-0.11704139848271	-1.91911219015951	491
-0.0185143133668402	-1.10420014914999	491
-0.0280619751979798	-1.11758227913517	491
-0.10317295374991	-1.9029264551559	838
-0.00591784555679009	-1.07788785210573	838
-0.0673532287915801	-2.24418192261135	491
-0.0626478801461601	-1.83784861062218	143
-0.10386646965349	-1.84719367224608	224
0.10570502631871	-2.4467604139362	898
0.0536336770244601	-1.40919203735465	559
0.0167947215880901	-0.37105234071499	22
-0.08718673872455	-0.789394314909645	22
-0.03483263481544	-2.1375645956501	491
0.0890611207157801	-0.665467333938925	491
0.0654361193709301	-1.95366500571003	491
0.11147253805786	-1.79581012956806	491
0.0550773804320799	-0.830638167922569	491
0.10172578614365	-1.84159446989326	44
-0.0289859205296001	-2.16848518281963	559
-0.05310813952357	-0.714957660817519	559
-0.09145909832008	-1.42290302316165	559
-0.0280430754183798	-2.16922944437404	402
-0.0687479266031801	-1.80654686083009	114
0.0783851173199901	-2.4568840489005	114
0.11827023933963	-1.80824089991088	22
-0.0489014956032401	-0.697620188861347	22
-0.0995014689228499	-0.876560240190939	22
0.07806930821156	-0.726866952486076	22
-0.1175369597678	-1.02679697150117	22
-0.0541932451363101	-0.281562583724043	22
0.0890569881636498	-2.43573290843904	424
0.09842831678937	-2.48990865994542	491
0.0122163105897899	-1.46530677302884	491
0.11552854611876	-1.79894435056753	20
0.10484784825392	-1.80461228843009	20
-0.0767351997229602	-0.740416680683216	898
-0.0153439630502201	-1.27515871200497	559
-0.11558302020829	-1.40440320478059	402
0.0206283009596202	-1.49455369529726	74
-0.0290693992542401	0.591036014529389	22
-0.0140573481344899	-1.6510147190632	22
-0.0626524152749299	-1.85442892093318	22
-0.02156422754266	-1.0688130615663	22
0.0753533695357702	-0.863543880785198	22
-0.0895421073857401	-0.36943385270841	22
-0.10803134359056	-0.451952569979569	22
-0.0658726048007501	-0.168739399951027	22
0.0185519670612302	0.245319918834888	22
0.0110152242838302	-1.57981476599963	142
0.07803355516138	-1.83912158831783	491
-0.0535915701066201	-2.19943166000391	491
0.11642609979229	-1.86301060992691	491
0.0957424658671502	-2.43974804268925	491
-0.0935485506068301	-1.83705311817986	491
0.0676117619505798	-2.49775656991476	491
-0.0585447628276699	-2.24490327494742	21
0.0923735487609001	-2.49315862750876	44
0.0670808277156798	-0.253147436928252	20
-0.0671427466183499	-2.20772574505135	898
-0.03697572573894	-2.15684265348429	559
0.0903515982721701	-2.48805011070301	559
-0.0509860918946798	0.330008573507289	402
-0.04947227490059	0.958309369698493	402
0.0662364572224399	-0.163940458465244	74
0.0480861696041202	0.346625983747378	22
-0.0548914972826702	1.35669072965336	22
-0.0254360884865799	1.7514842568571	22
-0.05592333462821	0.439636033240482	22
0.0565512732459101	1.60755427172342	22
0.0234282374573001	1.2420277754583	22
0.0280884997755999	0.886146453249014	22
-0.11194490760143	-0.505004094736884	22
0.10073673115886	0.340839881849641	22
-0.12408473692112	0.0467872841555552	22
0.00774199482175009	0.186153590578616	424
-0.0649081225280801	-0.810964045317288	424
0.09903822431817	-1.83298074787503	424
0.0654361193709301	-1.95366500571003	424
-0.0521752423317801	-2.23464403767878	142
-0.11977382695533	-0.438893455310956	491
-0.0703758340599401	-0.781816610614767	491
0.0864304779566298	-1.93240512923357	21
-0.0998448934225098	-1.80158413735424	21
0.0840513504721798	-1.84383723109865	328
0.0936460761819302	-2.49747057296874	3
-0.12246521476282	-1.44831716159921	20
0.000070989045009906	0.609529900224992	20
-0.0593602068119199	-0.766508055559352	20
-0.0955850895257999	-1.86443327725221	114
0.03883614416924	-0.357092797114616	22
-0.08230103589873	-1.86777402708832	22
-0.0650930232760101	-0.784874193380339	119
0.05438819595981	-1.45192322825703	119
-0.11434779084455	-1.4290078480816	424
-0.03086175820046	-1.16390832408418	491
-0.0918613220992199	-1.45752189994373	21
-0.0441721793673402	-2.18295220150543	21
-0.0424497062498701	-1.14588653100711	328
-0.0482307976232699	-0.0781691978805492	20
0.05535809573048	1.37290412295697	20
-0.10504118622863	-1.42740614654348	20
-0.0326619389462599	-2.19798412830929	559
0.10053790737663	-1.8353880388458	559
-0.01555193731329	1.90496131292817	559
-0.0680841337606499	-0.730251850980681	559
0.0664566806134102	0.524140687212668	559
-0.0416460154215201	0.401558456847726	22
-0.0726410865051501	2.06652348504521	22
-0.0244821700074001	2.29523704859547	22
0.0877622845653501	2.04799788943856	22
0.0247084179138599	1.50836383079181	22
0.12131743311196	1.96115694790823	22
-0.10084270878509	0.0120175495163997	22
-0.04730077050325	-0.285643806983889	22
-0.0647608657152698	-0.66756882386702	22
0.0453068175996698	-1.41899556242642	424
0.0748402472246301	-1.94475573554576	424
-0.12359698566928	-1.59225519491113	424
0.10908358133513	-2.49390333979164	491
-0.0229556609922001	-1.16892114480063	491
0.0549927330083699	-0.852201977850917	491
-0.0211818858434301	-1.15167012403047	21
-0.0404900946237099	-1.15977761653965	20
-0.0319591578387799	-2.23513332158315	20
-0.0713150576428201	-1.78894579660412	20
0.11892672228231	1.99738482025845	20
0.0699662999983799	-0.125690615994095	20
0.11515460093107	0.782433933769155	559
-0.06961969265129	0.763605203690353	559
-0.10896957894195	-1.97750264585437	402
-0.0649299401011998	-2.29752005829228	114
-0.10612801036724	1.41209680400302	22
0.0118659362423799	0.133977193147015	22
-0.0395993864598299	-2.15707341144384	119
-0.0314390535978801	-2.21425403090616	424
-0.10682095658606	-1.44065392701351	424
0.0159820824989598	-1.50508485095577	491
-0.0837703092775399	-0.878038027958833	491
0.08089441362586	-2.49011511461549	491
0.0690975227306399	-2.46952067411271	491
0.11305905867907	-0.0637467625524035	21
-0.00983228171896	0.0371770593185934	21
0.0835229146210699	-0.165005402710283	21
-0.10587669936152	-0.550943827827389	20
-0.0262057764171901	-1.11537493534626	559
-0.0899321685607801	-1.87341292686333	559
-0.0630204353581099	-2.2161736543509	114
0.0744131210413701	0.502840945216144	22
0.0166036957652	1.51491863777194	22
-0.0755724250151699	0.830697857671916	22
0.0208426765153802	0.0761844617803948	22
-0.11007093510741	-0.417813751878078	22
-0.04851888435297	0.973675827139677	22
0.10174297044609	-0.00480745763888457	22
-0.10873976387648	-1.44696828667184	22
-0.0911868913116698	-1.37570474120977	424
-0.10140074863518	-1.95452389858834	142
-0.03526671629447	-2.2002644206801	20
0.11997001837961	-1.1649080363616	20
-0.0429373513267799	-1.14811050629619	559
0.0716694871847801	-0.75351479584714	22
0.0557654577130502	-0.288694506627257	22
-0.0401185214672299	-2.23912480336725	22
0.0305398820146698	-1.48107096370674	491
-0.0308586918752498	-2.1367570000694	21
-0.01903642045865	-2.28739332459368	21
-0.0960895702323099	-1.87503462798202	20
0.11178440269133	-1.87393522140412	559
-0.08467114913543	-1.41429288209521	559
-0.0802076252952499	-0.792577873541181	559
-0.0341132442758201	-2.20980265033642	402
-0.0865514240105201	-0.433164556025536	559
0.02079063902349	-0.319580504636487	559
0.0794969029442298	-0.78045972780696	559
0.04053107792571	0.83608343212456	22
-0.0900852627741999	-1.49317347434317	22
-0.1029115925287	0.210571343012709	22
-0.0351955285062902	-0.583714154020121	22
-0.04495750461346	-2.19979568000413	22
0.0563769100021299	-0.798196423805553	22
-0.0893471916761301	-1.39444466521931	22
0.11079919170765	-1.8204103318865	22
0.09170668655198	-1.86809268724024	22
0.09591085554132	-1.88267879112784	424
0.02902012111204	-1.57154139018325	424
-0.04946776148229	-2.2210765623925	142
-0.0975889891569302	-1.83268937720448	491
-0.0298476371872098	-1.15675876066953	20
0.00529203035711978	-1.1596846005751	20
0.11113167812139	-2.43670379273619	20
-0.07460553201738	0.970675150952784	559
0.0279780822764799	-1.50110202536245	559
-0.10257465255681	-0.346358592116486	114
-0.0541035487231798	-1.20670180793845	114
0.0163354475861501	-1.56727685693305	22
-0.1247681513581	2.32095117547477	22
-0.10244195557927	2.40330881245634	22
-0.0619014916349698	2.088267476666	22
0.11700780804681	1.44406245258856	22
0.09445714804396	-1.8733256448442	22
0.0321001749109602	0.628934840192516	22
0.0654241421804702	-1.41605875765199	119
0.0192285343896699	-1.59737424672172	424
-0.11778175477311	-1.45421956732657	424
0.0924561475349499	1.38269697900531	424
0.0196366549298999	-1.58440782530023	142
-0.0749862963456001	-0.736078441070577	142
0.0440661911902702	0.462992552503436	491
-0.02859035839387	-1.06656956192409	491
0.0248700795228798	-0.443975172606659	21
0.0919051822655099	0.974133922447358	20
-0.11272392417832	-1.41191431480399	20
-0.12219098365583	-1.09092003657879	559
-0.0204575262631601	1.29037715210498	559
-0.00457567593368013	1.89092012825929	22
-0.0178745378778302	1.91914936915617	22
-0.0606059957324101	1.09773776155414	22
-0.0807465813588202	1.82150341378944	22
-0.0396357935992002	0.321060431054307	22
-0.10962383807745	-1.36325876562747	424
0.0688919457190398	-0.849054117605622	491
-0.00753981932628012	-1.03108634364877	491
-0.06968040960406	-0.166625285396162	491
-0.0152372161740701	-2.16710762668859	21
-0.0448138613009998	-2.2319304263588	3
0.0804960535037198	1.79081690176919	20
-0.0895070802096099	-0.85854014013928	20
-0.0160622967296198	-1.11465847320652	559
0.0848864486008698	-0.766180751258206	559
-0.0771466180542801	-1.82197161337282	559
-0.05168435803879	-2.21770690494741	559
0.0606533168516199	1.80531687324215	22
0.04591338892422	0.911883357614284	22
-0.0413647097543102	-0.124285569191132	22
-0.10533943369157	-1.39197170638419	22
-0.10170629553011	-1.81573990408445	424
0.12187429169284	-1.82269395915207	491
-0.0736776719805099	-1.82794731376146	21
-0.02121502002284	-2.1945907738647	44
-0.0249904574672	-1.18590325189494	20
0.11537713463852	0.564363148209352	20
-0.0231120128939901	-1.03884965468449	114
-0.11720514170127	0.0980522624786682	22
-0.0121376719698998	2.02576030719467	22
-0.00356468713387992	1.37300967041394	22
-0.10387305251561	0.63783290671479	22
-0.0426134661565598	-0.745250447152796	22
-0.10741004885553	-1.45702632281824	22
0.11415994062479	0.636054527127488	22
-0.06563027200776	0.280985813046241	22
-0.0520842768580998	-1.85902407211451	292
0.080838402995	1.29292747171982	142
0.0936809001650598	0.515174770790309	142
0.09314786039449	-0.725885268760109	491
0.0889846386573598	-2.45452834032447	491
0.02481726181469	-0.410826592910275	491
-0.10719135672296	-0.989562077806901	491
0.0999914329202301	-1.82790900600997	491
0.08392186205552	-1.91554025755314	491
0.0896908579770099	-2.48697669728234	142
0.0962735640804699	-1.23996113044497	142
0.10387225737685	-1.83593017275591	21
-0.00362345276453979	-2.19312514728211	21
0.11513805750344	-1.80961576792336	20
0.10855194896456	-1.85520390378335	20
0.0663166365415102	-0.147641115460719	20
0.0550459281803502	0.452269744875923	20
0.0902498275555002	-0.22706646827185	559
-0.0648892936459	-0.796655029271787	402
0.04863989361874	-0.491906608010595	22
-0.0724859720496198	-0.881234676118554	22
-0.10965062974368	2.17148955875029	22
-0.10408471234547	-1.50333694710545	22
-0.00710884066980011	-0.0181947885607787	22
0.0213875878523502	1.54646423087304	22
0.10049890632381	-2.4725398092831	119
0.12368654874797	-0.193309513686114	424
-0.12095799368574	-1.47886575548295	21
0.0978711236355601	-1.87907276185605	21
0.10113257972232	-2.47826442945299	377
-0.04958766110021	-0.694906737503945	20
0.0921780922475901	-1.89215959798404	20
0.00223354082198002	-0.506530296728323	20
-0.0668881840063502	-0.199219096835604	20
-0.11824890645147	0.156857870086681	559
-0.00977196969291017	-0.47803771211535	114
-0.11012785971077	-1.49350959977055	22
-0.0138312292988299	-1.02852760532145	292
-0.0408431696173999	-2.14641473857299	43
0.11050792904483	-2.48137368421081	142
0.0155493895327599	0.272232833162036	142
0.0559542313885801	-1.48443031588025	21
-0.0637127548526899	-1.79893209461828	3
0.0938848422385199	-1.81506554697348	3
0.0591292940531401	1.04357619713966	20
0.10983432840131	-1.84468241547238	20
0.0672291589299201	-0.79605944796922	20
-0.07771690259028	-1.82305748900016	402
0.10935238791622	-1.77572890003684	559
-0.0206525784000799	-0.588211698907911	74
0.0842023212266798	-2.49139168205101	22
-0.0137961960534598	-2.19403061516537	22
-0.12396230674952	-0.416841987030922	22
0.02596345219116	-1.44306539477956	21
-0.11128966204646	-1.86640460031352	20
-0.06994486745115	-1.83383521565758	559
-0.12039287573889	-1.52294664976916	559
-0.01464225254513	0.721370809762891	22
0.0894613847516999	-0.819734417922758	119
0.0917202215853798	-2.43139632136004	119
0.09791913561553	-0.0550886449618071	424
0.09386920877381	-1.92712611620152	142
0.0330181160540799	0.866526915073106	142
0.0897693906313601	-0.791594174488924	3
-0.0312091097654901	-2.25152373939616	3
-0.0710570425166099	-2.29097855647576	413
-0.0931440618319201	0.174688685295447	44
0.0987970147035999	-1.8428532079975	20
0.12371609086806	-1.81728022444005	525
-0.1139302590344	-1.52036232674071	559
-0.0811847342042298	-0.783844311970624	74
-0.0477784585254302	-2.1604670793592	114
-0.0249406692743199	-2.16007051568805	114
0.0830177550161699	-2.49589084217127	22
0.0936188676697101	-1.87032173424433	22
0.0222133780725899	-1.49282126622533	142
0.0200393678482298	-0.392885136369578	142
-0.10193902358008	-1.86520209463438	142
-0.0313895519868401	-2.21286832155819	142
0.10014658790482	0.75079569256432	142
-0.0441721793673402	-2.18295220150543	377
-0.11759387694892	-1.88877935165636	377
-0.0143038098245598	-2.2065814652937	3
-0.11483223277096	-0.615142669891977	3
0.0831339225429102	-0.122764206555165	44
-0.0395400419185199	-2.15682863370156	20
-0.0703488292568699	-2.24426571467943	119
0.0202770644127299	-1.48166927836878	142
-0.10573131742027	-1.51088374147344	142
0.0400587084166602	-2.03903590507781	44
0.04089763461231	-1.46856763218691	44
0.0450040004494698	0.186659996451208	74
0.0815084177568699	-1.90590334444325	114
-0.0845659028951098	-0.25990273602824	142
-0.0194753286142202	-2.23571465451411	21
0.11783546902101	-1.83228173573442	413
-0.10676406465919	-1.40032128467198	142
0.10649179972893	-2.48003189212749	3
0.0332343147916401	-1.4702691481365	44
-0.0393576040322001	-2.20598842557475	44
-0.0320635329158501	-2.21318171815001	402
-0.12325249408224	-1.05268499129812	74
-0.0273451254000201	-2.1469816603843	114
-0.0360015260473801	-2.1904329001991	114
-0.12266769692826	-1.90644399005188	114
0.12010179051458	-1.81318311974938	292
0.0699974269189001	-1.98837474939086	292
-0.03663707520866	-2.20494153712646	142
0.0901827222042	-0.741434854818424	142
-0.0226334687160499	-2.20231352899386	142
-0.0424930163426902	-1.18683121832072	44
0.0892365056228801	-1.81736571940693	74
-0.0204410464904998	-1.23672118138009	114
-0.0497910651517901	-2.17026038399372	142
-0.0198686380872801	-2.13861962521641	142
-0.07495620708869	-1.84946418224429	142
-0.0749286938956399	-1.80617915098346	142
-0.0483995878521601	-2.22487296953447	413
0.0095188800805901	-1.62559602221946	74
-0.0834340036383399	-1.86432297331872	292
0.0763684117930898	-2.4591369448698	292
-0.0787168052700098	-1.88158657652756	424
0.0977831897274202	-1.81385037412108	142
-0.0702743069916201	-1.82869250585247	142
0.0823877047069899	-2.43896340583532	68
-0.11097370369288	-1.87852497984022	44
0.0255821499800399	-1.51922043522787	114
0.10049329098215	-1.79968754789851	142
0.0865279682182498	-2.47832253878317	142
0.07902045214529	-2.45817310902829	377
0.09051765040922	-1.84632050031477	402
-0.09519727603685	-1.84905266873825	142
-0.12147694400275	-2.01474908596884	142
0.0783851173199901	-2.4568840489005	142
0.10838766916042	-1.8522349683259	44
-0.0667007272453599	-2.21900963711714	402
0.0321636809884298	-1.41083010409749	114
-0.00294307418338002	-1.55650597682406	114
-0.05149219750896	-2.25192355945401	142
-0.0335020434488298	-2.16981715210112	68
0.0757345660568198	-2.4496178344152	114
-0.0199608406668501	-2.13821753203422	292
-0.0372436160995799	-2.22032402684896	424
0.0797334044204501	-2.45149111175744	142
-0.0974634429166299	-0.87177120630885	142
0.11909630741559	-1.86826953015362	44
-0.10796926024821	-1.85637996797999	74
-0.10027170253821	-1.82277217834136	424
0.10322849177576	-1.83413322359858	142
-0.0405804815670598	-2.2027090303299	74
-0.1012204575558	-1.89497756072724	74
-0.0712349209313299	-1.45789570313763	597
0.0397933980744898	-1.42588329271968	424
0.0823877047069899	-2.43896340583532	142
-0.04946776148229	-2.2210765623925	142
-0.0295044932203701	-2.1504394862613	142
-0.0313294587252102	-1.12437361058867	424
-0.10085092071421	-1.9050673933265	142
-0.11507979943627	-1.87152866355477	142
0.0998543988625	-2.47133263745381	413
0.11221594454531	-1.85504408296289	44
0.0883795970132102	-2.46922712879491	44
0.0581047022803101	-0.812423664071137	142
-0.11879495898629	-1.90302126950004	44
0.0914730484892599	-1.82029651911724	424
0.1111579811922	-2.49928583164967	142
0.0777642108984802	-2.48295892800962	142
-0.0421012495455999	-2.24279131633715	44
0.0956732770995301	-2.43972625783296	11
0.0723882955083099	-2.49527763950546	142
-0.0645068192225802	-1.78444326887827	142
0.0977671234885098	-2.44485928347808	142
0.0474152295867301	-0.842301059034697	142
-0.10204937641647	-1.80321789723467	44
-0.0437125141191101	-2.16955452918276	142
-0.0455100694410802	-2.22758833204065	142
-0.0614736893384	-2.24645742050567	142
-0.0321743078756001	-2.2183639592374	142
0.0842766981824199	-2.48518696296369	142
0.0471248592287101	-1.4665041572186	44
-0.00775882455116994	-1.02018926698778	11
-0.03314076760108	-1.18873607085536	629
0.0038064646776399	-1.48974203739715	424
0.0992760694492998	-1.79017471540482	142
0.06318942369575	-2.47771627262798	3
0.0951949162621202	-2.49176401661108	44
0.0957424658671502	-2.43974804268925	3
-0.0409861992463498	-2.16906503118027	44
-0.05040052679928	-2.18020199323023	142
0.03995015597275	-1.41399462873056	44
0.0930754603334498	-2.4579119504992	142
-0.00457643951330988	-1.52702299393571	142
-0.04705383804263	-2.1524405235839	142
-0.0409861992463498	-2.16906503118027	142
-0.03922783949566	-2.22403094866721	142
-0.0228275886870999	-2.16620897998	44
-0.10718651529406	-1.90499920859114	44
-0.0287748859570498	-2.16944631329297	44
-0.0960600653313901	-1.39787400152002	74
0.12394322452712	-1.16124598833112	142
-0.1156835424748	-1.45140435142652	142
-0.0488742962225501	-1.30793238666562	44
0.0757497384039501	-2.48777973023154	44
0.09358083725698	-2.48365243793962	262
0.0858403537682202	-1.89283396870731	142
0.10779877763415	-2.43986686494735	142
-0.12422926655181	-1.46371508202738	101
0.0364584877124301	-1.46036469743886	198
0.0240918923517799	-1.42681196850196	74
0.0700302191594102	-1.94012455310608	44
-0.07266388603996	-1.81934309804769	44
0.0729331486756402	-2.49683883245432	11
-0.0718395201502098	-2.26218021260162	142
-0.0623303942960201	-1.8061346892245	142
-0.0306522523370898	-2.13889492968865	142
-0.0563588488607598	-2.18974101017723	142
0.0902591182673	-2.48244168679329	74
-0.04413762757205	-2.22923000554509	101
-0.0500462600990899	-2.2565955864686	142
0.03803341907942	-1.52553841026839	44
0.0999914329202301	-1.82790900600997	44
0.0580242840466099	-1.96769867543196	142
0.0877040561506299	-2.45157974867692	44
-0.02463261625328	-2.20266316562424	74
0.12308163215936	-1.16926339599882	142
-0.0225102336879002	-2.20035769049937	142
-0.0630204353581099	-2.2161736543509	142
-0.0293921393973	-2.16384209749754	142
-0.00512435536957012	-1.60605946739531	142
0.0213599812659302	-1.54634228200683	142
0.00262158345285002	-1.04828813110352	44
0.0811144080372799	-2.48297743839254	596
0.0704411859152998	-2.49193177574322	44
-0.03683422532171	-2.21369675136163	44
-0.0308477373872802	-1.18719342247128	43
-0.0696118317583698	0.357468758778388	142
0.0659626168199599	0.481639325537034	142
0.0475016312030698	-0.842639320444484	3
-0.1008816830203	-1.83544388174633	44
-0.0862132990456299	-0.846081342439036	292
-0.12194705979917	-0.499017145263565	142
-0.11757881664094	-1.02239530785418	44
0.0925296285659298	-1.92709362083978	142
0.10511946874037	-1.82221970142844	596
0.1150487169284	-1.88318930431404	68
-0.04379757107951	-2.16778918810386	44
-0.0801227297747298	-1.82302001875344	142
0.0849324896739101	-0.103684788899152	44
0.00973682269092979	-1.53430561681155	43
-0.11508737147875	-1.44493109501565	596
0.01677333127701	-1.48507946811081	3
-0.0313357552074001	-2.20244642052885	3
0.0810603692204199	-2.47568748510244	3
-0.0488282876347999	-2.22644950894544	142
-0.0170980307428601	-1.17745483086244	596
0.11523353405037	-1.7798522931272	596
0.0857292144725901	0.670213147833848	142
0.0636910161537099	-0.139442418369027	142
0.06419067692147	-0.808547276689868	142
-0.0866497711425902	-1.815648879859	3
0.0697281051716998	-2.47893784694946	44
0.0857151320107201	-2.48145021622951	292
-0.0321144208456801	-2.14571127849092	142
-0.0293104711468502	-1.12838108942221	142
-0.12232579863163	-1.94682316366732	142
-0.0374213250285398	-1.12662757712229	142
0.0883441856327298	-2.4476702476166	142
0.10440739741944	-2.43429392716031	3
-0.0489778143380901	-2.24472456912361	142
-0.0868174494349598	-1.81717051887848	596
-0.0960895702323099	-1.87503462798202	142
-0.0489014956032401	-0.697620188861347	142
0.08373828814333	-2.49120241734587	3
0.0704022786851799	-2.49815454933227	3
0.0870905124205801	-2.48041644800057	3
0.11512450310085	-2.4489838934461	43
-0.0495359107732099	-1.15736256267282	142
0.0353756640837601	-1.44929031254988	142
-0.0662495127413001	-2.268807027785	292
0.0882451551801999	-1.90000431656832	142
0.0853879193723799	0.504986837273115	596
-0.10522350685529	-1.90865309547654	110
0.0709848044814199	-0.852061749046811	44
-0.0486193383145301	-2.23521448544602	44
0.09091960285541	-1.90419657526408	596
0.09709752638113	-2.46927165196542	596
-0.05360663795968	-2.26477823851935	110
0.11473166729595	-1.80671410435472	44
-0.0112215972731402	-1.13090214110422	44
-0.0828058408703498	-0.743536152028257	44
0.0904548721823399	-2.49307386261423	596
-0.0501851263573299	-2.22871730233718	828
0.0784037630618002	-2.47556149459638	43
-0.05881359356873	-1.31038457036493	142
-0.05040052679928	-2.18020199323023	596
0.0379875515019799	-1.4655081042408	596
0.10464532225951	-1.80523630638893	596
-0.0814982290211801	-1.78602675176914	142
-0.00631259748451019	-0.0345484683921313	44
0.000575212226119781	-0.468363053347597	44
0.0156473828404202	-1.48543702220833	828
-0.0340193172059	-1.20510837175479	142
0.0766172209287599	-2.49586930731753	44
0.10718977983519	-2.48222350883828	44
0.12377580016188	-1.84756113227597	44
-0.12460938572895	-1.94426006331018	596
-0.07216255091708	-0.266618911732778	44
-0.0563110614155402	-2.21329297358785	43
-0.0674112082401202	-2.25031084541437	596
0.11874353551078	-1.11014594364808	142
-0.0799782974788998	-1.78616660521123	110
-0.0751610010343202	-1.88089060279675	44
0.0332647006882301	-1.46026204659301	596
-0.0424600677650999	-2.17209557134337	110
-0.08443107817856	-1.82769599282909	74
0.02370663597942	-1.43682346931945	596
0.0972197032692299	-0.0712344376833283	596
-0.0248099254956502	-2.33911547841062	110
-0.02572975177441	-2.19422592258762	110
0.10808503826591	-1.81573186885668	44
-0.0921900474605	0.306397012150034	828
0.0727504412415398	-0.839527616491808	142
0.10191286498942	-1.29642794042187	110
0.0775845053842299	-2.48859063758807	110
0.0890246306076099	-2.48383024811396	44
0.05640620137576	-0.806863035164886	596
0.0142311428622999	-1.4805103610106	596
0.0963173815106799	-2.45865565927434	110
0.07041540749369	-0.15330280591686	596
-0.0344377646180298	-2.16192219950438	596
0.10372523328332	-1.86250885889758	44
0.0697701915357598	-0.76534685391377	44
-0.10692924684758	-1.85183299737381	44
0.0089614455967002	-1.5158245841873	596
-0.11508598764992	-1.41345720218955	44
0.0723882955083099	-2.49527763950546	44
-0.0246794362004401	-2.20792966519264	292
-0.12090985407824	-1.90749745629395	43
-0.0636471938397798	-2.25161479087167	43
0.0797334044204501	-2.45149111175744	828
-0.0644540336771602	-0.698382885087296	142
0.11114446453126	-2.48448010195733	257
-0.0362498346852398	-2.16353769248399	142
-0.12124837589842	-1.43255127211814	445
-0.0945708099693499	-1.80453195915147	101
-0.0341014371313402	-1.14810041858053	206
-0.10907507596113	-1.85226553729999	596
-0.0662652949252598	-0.17223277398711	44
0.1176488458849	-1.82914493185561	828
0.12146975470189	-1.22293556785329	596
0.11122787796546	-1.29731219944908	44
0.00445820065197999	-1.52611102263889	596
-0.03148378553619	-2.17475077535737	44
-0.05606782835163	-2.20461141660037	596
0.0878387244711698	-1.8617018511694	596
0.000183438380600087	-1.17692546223727	596
0.06846924328539	-2.4932774389664	110
0.0790980886830699	-2.45086308687895	44
0.10927761970737	-1.81971708267339	44
0.11394740240719	-1.78995571656063	596
0.0864140894577501	-1.93952478484485	596
-0.0128675887485699	-0.555163199122761	44
0.0966640962593202	-1.88952299580381	44
-0.0268814797111401	-2.15696698339999	596
-0.0614736893384	-2.24645742050567	110
0.0832466433397601	-2.48551371399824	888
-0.0889996708835801	-1.81045467409248	28
-0.11520207348013	-1.91212379407802	596
-0.0756634053894798	-1.81392149026845	206
-0.0247779230223202	-1.70667142040326	206
0.11741413037252	0.648836339965677	44
-0.0965923923297001	-2.32126941918791	11
-0.11128966204646	-1.86640460031352	445
0.00508136958716987	0.195171963817493	28
-0.02874211290615	-0.599827905686323	445
0.09719645317807	-2.4786966310628	206
-0.0227029247888999	-1.11703314166847	110
0.0974916745039498	-1.81443244369023	110
-0.0212893003123198	-1.11830165725884	445
0.0697281051716998	-2.47893784694946	44
-0.0471556444997301	-2.21045457515371	44
-0.05606782835163	-2.20461141660037	445
-0.08928179807066	-0.764116625475481	899
-0.0537650292027498	-2.16331511021586	121
-0.0360828641827	-2.16250228606346	44
-0.0333877819087798	-2.19703406146201	445
-0.0668533778388198	0.330234867152006	110
0.0730865899656599	-2.45761583877298	206
-0.0872782367995399	1.30991147192841	121
-0.11129074573499	-1.87615308108333	110
-0.03010570963714	-1.16903459975554	44
-0.0158620302686199	-2.14757582779207	445
-0.0600286056841899	-2.19993331254773	206
0.0259865364515202	-1.46634449679633	44
-0.0247800816121302	-1.08494291241155	44
-0.06106249660029	-1.85717023603588	110
-0.0325003958626602	-1.17705746746095	44
0.0409271563104499	1.6435627035815	445
-0.0240190229875101	-1.11208070825137	44
-0.0657671193633198	-0.117401073992937	445
0.0931830977369601	-2.47072312821822	11
0.10760233074669	-1.8572018035119	44
-0.00807187615479021	-1.58206806040519	826
-0.1038457762741	-1.79995586286655	826
0.0934013804506901	-1.90656167747517	445
-0.11892658040597	-1.45857652991653	826
0.00639885053199985	-0.505447706705797	206
0.0904004344701299	-2.47312143037691	110
0.0763035422276701	-2.48676242942598	206
-0.11832745590028	-1.94289695809599	113
-0.0451921006524598	-2.2769896849429	121
0.0600956138705802	-0.920329542417258	44
0.10221743728657	-1.25212794725203	110
-0.0334264345897202	-2.23733835491232	110
0.10387761235042	-2.49077693327009	11
0.0342257563002502	-0.911367757363067	11
-0.03903153497934	1.17225010150643	445
0.0751010381070301	-2.4572114678167	826
-0.04736433681762	-2.25403981719453	826
-0.0457162093663301	-2.17916708444503	206
-0.0971789535168499	0.102712205089382	113
-0.0159042058780399	-1.07495103660667	113
0.0667999933102199	-0.853998764537367	11
0.0438645185925499	0.416134680397593	11
-0.00958879401493995	-2.19203648620144	113
0.0978711236355601	-1.87907276185605	113
0.0581855712628299	-1.49753156715115	11
0.0835629309558401	-2.49017475978069	11
-0.03394992349673	-1.21929244846634	11
0.10453082769448	-2.49919502166101	11
0.0854437731418698	-2.01135192227351	11
0.0778830781319302	-2.49769646651277	11
0.0828472526286199	-1.87759517142581	11
0.0582444755746798	-0.259567121629411	239
0.0950294993971901	-2.43282968817119	616
0.0721441563065	-1.88152647427691	129
0.0971229766401702	-2.47869435104335	11
-0.0563580856989301	-2.35622051823705	129
0.0739822930373899	-2.4956737265217	11
-0.0347227963403398	-2.17412052512837	11
0.10464532225951	-1.80523630638893	11
0.0964098315011701	-2.47183474862379	239
0.0137197744767601	0.110119976754528	484
0.0783851173199901	-2.4568840489005	11
-0.0224873519668498	-2.19376514802354	11
0.0751010381070301	-2.4572114678167	11
-0.0559587539829201	-0.686613426083842	239
-0.0239997031742498	-2.25054157981998	11
0.03630954654682	-0.827379673292279	616
-0.0651995291258198	-2.25143453488609	616
0.0950294993971901	-2.43282968817119	239
-0.0766885518304901	-2.32262676215274	129
-0.0624692786022001	-2.22194757976064	616
0.08197629720561	-1.85100047213308	239
-0.0616251243208699	-2.31205882189304	239
-0.05040052679928	-2.18020199323023	11
-0.0523131137606598	-2.25096256921189	616
0.0812399822557399	-2.49026193274092	616
0.0916990918338199	-2.48425946583311	616
-0.11961542779063	-1.45312775999891	616
0.0782527984395398	-0.109404967863513	239
-0.0293167082381598	-0.595668248852868	11
0.0961132758253598	-1.81561457356539	11
-0.0176079181782001	-1.18661757075119	484
-0.11965805322452	-1.44427935552648	13
0.08167507486439	-2.48400539712017	239
0.0174355451630701	-0.334846000457405	484
0.0862817418701001	-2.49945275830287	11
-0.0571919004728199	-2.2251449363114	129
0.0865279682182498	-2.47832253878317	11
0.0844062822575902	-2.4519705763129	129
0.09919580055276	-1.98863923286633	259
-0.0978484327158502	1.16116382978032	132
0.10493322073889	-1.21796905067881	132
-0.0552072874902598	-2.20859559174746	239
-0.0488615793768399	-1.18148412625644	132
-0.06810734280096	0.994978980559608	132
-0.0805676457704299	-1.78738300129226	132
-0.0936395925082101	-0.37694374642961	132
0.0938242741810198	-2.4719517321878	129
0.10808796967235	1.40987616960354	132
0.0947297358500201	0.590826387900199	132
-0.0982440311230599	-0.934226657695248	132
-0.10899254996116	-1.44278019162695	531
0.1171172477282	-1.78827441642842	11
-0.0632946500077201	-1.87490880895446	198
-0.0463695403314302	-2.21282096752846	129
-0.0638204771120101	-2.28652701604426	129
-0.11873012992151	-1.88578473381929	129
-0.0179664531719799	-2.14599947359951	738
-0.04291506554046	-2.25048027434522	11
-0.07544086017587	-1.77824506573985	531
-0.0381548343537199	-1.09220162756735	531
-0.0835666078000501	-1.85719244973659	697
-0.10436008732941	-1.43876830132335	132
-0.0732893235957799	-2.21844265064216	531
-0.0674798161982899	-2.34262109991705	13
-0.11837808302345	-1.89061771493753	697
-0.03480595521438	-1.14480166054638	132
-0.00236074614968018	-0.379627434964274	13
0.0951949162621202	-2.49176401661108	663
0.0812399822557399	-2.49026193274092	663
-0.0681537249330999	-2.29530235016314	11
-0.00797750546266007	0.0194038573367905	132
0.0248706745796601	-1.46496507607009	697
0.0874713929764801	-1.83398434738455	11
0.0838826916687401	-2.47815517295772	239
-0.05978499225523	-2.19858749424642	129
0.0763035422276701	-2.48676242942598	663
0.10176089780152	-1.26731782016747	129
0.11111458910902	-1.87630064802599	11
-0.0522081020434801	-2.25807632988475	239
-0.0604626694670398	-2.252924129585	11
0.00303726487124978	-1.55530429573521	531
-0.0374600769796198	-2.17474393659773	259
-0.0516916337990998	-2.20043217011111	239
0.02454832852704	0.206372429983091	531
-0.0742816118566299	-1.83534030171061	13
0.0685384996582501	-1.95281091134339	11
0.0843059033378801	-1.9335391639438	239
-0.05075504000127	-2.20873353346865	239
-0.05695304488549	-2.27612146556405	11
0.0644008570058898	-0.720919767843788	531
0.08451906044324	-2.48733332953245	30
-0.0722212370092898	-2.32483713533834	13
0.0840513504721798	-1.84383723109865	13
0.11386725257439	1.49298464180935	132
0.0449127290973599	-1.45726543614688	13
0.0963844169588302	-1.87675307224071	663
-0.0606215948286502	-0.74563685660964	239
0.04483647807678	0.358676892513475	132
-0.10498749572477	-1.85533019551509	11
0.0790436383495901	-2.48479713251621	239
0.11002819149355	-1.8169236922681	531
-0.0624027636587301	-0.244431511689216	30
0.0763035422276701	-2.48676242942598	13
0.0842023212266798	-2.49139168205101	415
-0.0842171029564001	-1.87797786233661	11
0.0498966178717999	-1.52186746667274	837
0.0904004344701299	-2.47312143037691	228
0.0412801035322499	-1.44333498824884	415
-0.10641577374223	-1.8586925261139	185
-0.0543588678061	-2.23930950373787	488
0.0833963771984299	-1.82224285085412	185
-0.0299205884136602	-2.14977996452936	837
-0.04207542120071	-2.21962460717082	239
-0.0938403571225401	-2.39540226898142	239
0.08601997829635	-1.84507187099693	415
0.0808989737065899	-1.86347926748677	239
-0.08756280192351	-1.77631572548806	185
0.0836327358265998	-2.47602532866454	415
-0.00357538108481004	-0.45215142583305	13
0.0758533354470901	-1.92787153326903	837
-0.03116932351434	-0.771867694955833	837
-0.00971204196943987	-1.57614990489736	11
-0.10393683382002	-1.86276294355565	228
0.0692474821684699	-0.700406052738482	185
0.0976175998317399	-2.48403423326257	259
0.0590782477615099	-1.92272869939883	415
0.0454163022731202	-0.7648489401559	259
0.07621357407869	-1.91376185942881	415
0.11511019258969	-0.150298935169189	239
-0.07562709154793	0.323382970793169	415
0.0156875309387901	-1.49836363709625	239
-0.0467575837046201	-2.22006482865848	228
-0.11128966204646	-1.86640460031352	228
-0.0280225938732301	-2.21476553365214	228
0.0228162475673801	-1.47415151589495	756
0.0860014138028502	-1.88688947105574	756
-0.0776960705027099	-2.29584541627043	11
0.11630383009476	-1.18573719617411	758
0.12327623997172	-1.78423863849343	185
0.0942902721035401	-2.49025236513338	208
0.08266661046052	-1.91375187203087	228
-0.0354637520633401	-2.22922531607052	129
0.07748762655471	-1.86501445845952	11
0.0895697238503401	-1.92577557372515	185
-0.0805061072112001	-1.80863015907851	11
-0.0395400419185199	-2.15682863370156	913
-0.0661705263343899	-2.26503906552567	761
-0.0554058186778801	-1.82464711505774	185
-0.0503080692584499	-2.16328722908575	11
0.0964799636903	-2.47206031564754	756
-0.0496824220602101	-2.17227245346595	11
-0.0420509540138698	-2.28324197693277	185
0.11419057418737	-1.84413199284529	11
-0.0400801287431198	-2.20502711532889	372
-0.0286359618071601	-1.05851634482348	758
0.10464532225951	-1.80523630638893	186
-0.0625376282555599	-1.75830025061418	11
0.0910786064594902	-2.44420375256046	833
0.0751010381070301	-2.4572114678167	186
-0.11118410123833	-0.95822485004552	11
0.0812740017762299	-1.87552417998535	11
-0.0791683892093098	-2.2788277965416	228
-0.0406849384432002	-2.25068330110429	11
-0.0671427466183499	-2.20772574505135	718
0.06744474904953	-1.92297758674012	833
-0.00199004186519991	-1.60455137325659	372
-0.0927698208848202	-1.81877192833566	11
-0.0761790746288198	-0.252691712351257	847
-0.10505383877537	-1.86757152788796	186
0.0831011785301201	-2.46900432185272	758
0.0206713601578299	-1.51169458359584	11
0.0351351605853099	-0.913498331907675	228
0.0048396561092301	-0.358469534284036	348
-0.0272517076966401	-2.22046773634604	743
-0.1009109878476	-1.81929564067973	186
0.0889846386573598	-2.45452834032447	645
0.11022405478187	-1.2566314702418	186
0.0828664947175399	-1.85883787156992	372
0.0937429229332198	-2.45323359856642	746
-0.05306797448889	-2.29466865592766	746
-0.0607089332013802	-0.776039478949696	326
-0.0524764978710799	-2.21637046419925	231
-0.0227921234841699	1.27371931234529	326
0.07902045214529	-2.45817310902829	140
0.0847327218957599	-0.0704803327377954	326
0.0774729590379999	-1.96809343161952	236
-0.11263444934763	-0.490227226003953	140
-0.0539490528441999	-1.27345683092944	236
-0.03629502054955	-1.15546794475069	140
0.0691803717823101	-2.49250356218031	236
0.0230476846087302	-1.46093038483316	374
-0.0789345080456201	-1.81121956101154	140
-0.0607541933662299	-2.25531912479592	140
-0.0146948709517698	-0.587975982162969	33
0.07902045214529	-2.45817310902829	140
-0.1176193411771	-1.84131984361667	140
-0.0809596734115199	0.0703916972926848	33
0.0775845053842299	-2.48859063758807	140
-0.0212604210811702	-2.21404508310315	140
-0.0305950810063398	-1.66219873461653	140
0.0717247909998799	-0.724901510128311	140
-0.0318966316286899	-1.11212560369381	40
0.02477492895982	-1.42443551383084	140
-0.10725009797908	-1.36167294207418	375
0.0426164599590502	-1.47135202353072	140
0.11599209495021	-1.7707272968032	54
-0.0944813630849999	-0.84505414451439	173
-0.0660356194078	-1.80781012899689	244
0.0914046260313799	-1.86504518784376	173
0.0245064559249699	-1.4493027602539	173
-0.10462365547334	-1.79905435561583	40
0.10024413263765	-1.27970189725702	173
0.0950990356877002	-2.44727434672328	118
-0.04620191243247	0.541151365528375	40
0.0757345660568198	-2.4496178344152	205
-0.0922167561629501	1.34304226679757	40
0.01528443712039	0.891431042706095	118
0.0797334044204501	-2.45149111175744	2
-0.0534703865434798	1.65383610919226	118
-0.0459191529346699	-2.18034768654718	135
0.0390952625427699	-1.46915631740602	205
-0.05040052679928	-2.18020199323023	118
0.0831753659562402	-1.9059583638548	135
-0.12329635530624	-1.44967902553402	40
0.0955436431937202	-1.8319834860748	135
0.0264627970899398	-1.49427901291835	40
-0.0126000181926602	0.752552926263856	282
-0.1137845141732	2.46044449645483	282
0.0784037630618002	-2.47556149459638	2
-0.0039694023891399	0.113617357755885	40
-0.00229296342582996	2.18569717844533	282
-0.07207693554634	-1.79605591106641	354
-0.08195248867318	-0.775796995019165	40
0.0504840973188201	-0.154080566315502	354
0.0206783982109	1.31274727967871	282
0.1234880467069	-1.21167190574392	354
-0.0814982290211801	-1.78602675176914	354
-0.0339219490334601	-0.101573537795762	40
-0.00841267446278016	-0.559746969099797	354
0.0785346767602801	-0.705270736259268	40
-0.11488679776005	0.14070552320564	354
0.01228281639824	-1.52298877930703	40
0.0548077236660398	1.1771380487291	354
-0.0578249692497002	-0.761335718985294	354
-0.01052659884559	-2.20649389942175	40
-0.0120295759805802	-1.08773458139112	40
0.11989525461169	-1.16254544189752	354
-0.0324520520663301	-2.26258878011082	354
0.0772499907136002	-2.48853356425544	354
-0.10328103841421	2.48396443213912	354
-0.11426790075697	-1.45665775061971	354
-0.09449379144956	-0.797930528103909	354
-0.0287304331635601	0.526405736507751	354
0.10237101378083	0.548885833691354	354
-0.0434688634340699	-1.14764499071812	375
0.0253474567712702	1.58786620301177	354
0.07538891228615	-0.123919356688276	354
-0.0255219023327999	0.497938547974035	354
0.0754329193228598	-1.86680529239499	40
0.03787772245779	-1.47500551124374	40
-0.0528527865442299	-1.20617284709259	40
-0.0302110600279799	1.56481180588215	354
0.0339222074908099	0.86874909410749	354
0.0958208435962802	-1.83836594503224	375
-0.0399438175642	-2.24771936930614	354
-0.0253317877975601	-2.17239281921814	354
-0.0476803713436702	-2.18446307615753	167
-0.0609251685908898	-2.27223705089013	501
0.0955436431937202	-1.8319834860748	354
-0.0963854828555899	-1.82470208112821	453
-0.10399556144811	0.0536836782909473	354
-0.10698070532565	1.81127707447529	354
0.1107209604717	-1.78854446638487	354
0.0379645810775	2.06862739256685	354
0.03809265042453	0.738255004222724	354
-0.09277008107681	0.784101226864125	354
-0.0753544298908202	2.10708662335442	730
-0.0355628130839998	-0.554658195133606	354
0.0762657569391001	0.43121856107326	354
0.0153698486785401	-1.50650101517873	354
-0.08942218760847	-1.87411437465014	354
0.11616309963385	0.733693387741075	40
-0.10270124245215	-1.83596511178776	197
-0.11579497094616	-0.440858079036413	354
0.0653973903209701	-0.804330423552208	40
0.00692803481988991	0.241062085462779	354
0.0904548721823399	-2.49307386261423	427
-0.0740253518526299	2.38789220585355	354
-0.0197835140597999	-1.11008039444362	588
0.0255840464962098	-1.45725128709098	883
0.0889846386573598	-2.45452834032447	883
0.0751010381070301	-2.4572114678167	883
-0.0852147793798399	-1.81857614361389	883
0.04020754318051	-1.47311182123697	588
-0.02452940703526	-1.11659688551998	883
-0.0536976705122298	0.445951573081191	883
0.12353665897202	-1.78333478099664	32
-0.0570632683547898	0.942958661947668	883
-0.0524369885462099	0.852201631927169	883
-0.0732011660013798	2.17812685278871	152
0.0863631376610998	-0.768163689682433	145
-0.0880013332677998	2.1468648065305	32
-0.06338004938871	-0.709407508540551	152
-0.0711745125600798	1.60083155806485	152
-0.0416039599584801	2.45070484626474	32
-0.00967340592936017	1.78575215291524	152
-0.1079850438212	1.95100646927429	152
0.0104315462934599	2.20952999945957	152
-0.0130785572514101	0.491219696250737	32
0.10644823225796	0.752588202692251	32
0.0581585513721801	0.336444927067195	622
0.0357061983429499	2.33242469653067	32
-0.05606787293797	-0.750239600573542	622
0.02837631060458	-1.46887160795966	32
-0.06206978229695	0.868732094756886	32
0.02733942911521	0.95763781405233	32
-0.00790990302680994	1.34199999381734	32
0.10028840589328	0.696157989913171	32
0.0476153264462398	0.444210007991213	32
-0.0197994969170301	0.0596108795016193	32
-0.0862268476444998	1.56216964838198	32
0.0475921543223201	1.57231776193417	152
-0.11912785734351	0.480933737015482	32
-0.0305705459811101	-1.08549278301766	32
-0.0409266547091001	1.0187078546431	152
0.0974177421923299	-1.90912428759618	32
0.05914132511655	-1.51447001688972	145
0.0823877047069899	-2.43896340583532	32
-0.0619479546228599	0.388299740946469	154
0.0701677135288001	-0.359013624289537	167
-0.00939539360319985	-1.13180118809942	32
-0.06353777319385	0.388466896026658	32
0.11752778953723	0.702199350301709	409
-0.0664068990887499	0.278434610707167	32
-0.11681098142287	-1.37743323858653	32
0.0000943276350300337	0.209715033723291	32
-0.06827280983733	0.834155037832644	32
-0.10276844763235	0.126112573014663	32
-0.0015655549662501	-1.06043756886751	32
-0.0532128145812898	-2.20976610330452	145
-0.00384059312517993	-0.423401700813858	32
-0.0721014652374801	-1.90444265493212	25
0.06745686712862	1.88482000716182	358
0.0949629445342901	-0.0591833496428826	409
-0.0576796422822601	-2.24847557214185	534
0.11647137509573	2.10289385189841	358
0.0751010381070301	-2.4572114678167	154
-0.0552003806020598	0.392189750080504	358
-0.0621438073568599	1.60689491968803	358
-0.10179180917717	1.88503550502894	358
0.00229922747148015	-1.05774209396656	358
0.0592916210089101	-0.20060737273117	358
-0.00887697298640999	1.86232408571043	358
-0.0443022483090401	1.45831333228513	358
-0.0805294399003298	2.00080176695526	358
-0.06348778416038	0.849908916572033	358
0.09842380727348	-1.87759886665967	154
-0.0253522121195	-0.0507368898814837	358
-0.0630787291581001	-2.25549766372117	25
-0.0368517107464101	-2.13919718568353	660
-0.11623536348706	0.657110124233877	358
-0.11154165708299	1.26244225767212	358
-0.0856592371985001	-1.88921897522725	25
0.0990573417035101	-2.43340832988201	25
0.10429173503789	-1.84046803488838	25
0.0717517170855002	-2.48605808524397	630
0.0938999331450301	-2.49568774827157	630
0.0219585281532502	-0.401040755864783	630
-0.0330277201460101	-2.18028886144352	630
-0.0147135977590098	-2.14881101565415	150
-0.04877994060474	1.03794329914118	726
-0.0122940355690702	-1.02582363628542	726
-0.0168955378375202	0.554762410950864	726
-0.11108235578439	-1.38190118462786	618
-0.10211361309509	-0.442114320438339	618
-0.11205889829959	-1.90518838579261	802
0.0790550696371799	-1.91357376589332	802
-0.0772995798602199	-0.758943758336952	618
-0.10979864981637	-1.84288543014941	618
0.0925422459128402	-2.48308555755389	689
-0.0557148699668102	2.11791909060387	689
-0.0457404987421199	-0.723368028587562	618
-0.0633591409968801	-0.105827977354597	618
-0.0288672488278299	-1.07773248869328	618
-0.0623908260970598	-1.90030479385588	618
-0.0211525349315198	-2.20689128401041	618
-0.02435011261284	-0.171565597551216	342
0.0830248337975199	-2.44849921616953	53
-0.02945576085133	-1.15650070140372	102
-0.0878637187153699	-1.83035123686417	342
-0.0374600769796198	-2.17474393659773	342
-0.0589711568490201	-0.737875400917502	342
-0.02680339474569	-1.03817874586933	102
0.0099096828044698	1.19869677354717	342
-0.0431981539105299	-1.16767407963665	342
0.0669463858617601	-0.155089480706081	342
0.11639982714328	-1.11332249511618	342
0.0412223026204499	-0.802337539003844	342
-0.0489502964100401	-0.671255951285405	342
-0.00938298285326011	-0.45255361644125	342
-0.0715444455463801	-0.818659641433427	342
-0.0288039561653402	-2.17503084031933	342
0.11490857624918	-0.0242409422937548	342
-0.00851420322761998	-1.061366240143	342
-0.0575596592385299	0.326749049708641	342
-0.0239749567667	-1.70107111606032	342
-0.11541185207544	-0.380960647397706	102
-0.11660489647475	0.0921660583807311	171
-0.10126988636951	-0.798263196955173	53
0.000383980550580088	2.02656796374373	792
0.00630067104521004	-1.13712011955635	53
-0.11254207146283	0.710563213181074	516
-0.0640045090360699	0.0804976825206518	516
-0.12136401866001	2.45009344361162	516
-0.10876162927837	-0.47354716175021	171
-0.0927394287441299	-1.82797540754481	652
0.1214692679524	1.95023040212665	516
-0.0366684920504001	-2.24352075348896	792
0.07695844842313	1.21823370966503	516
0.10214941308918	-1.82029137036889	792
0.0293746194099001	-1.53803182429873	652
-0.11689117317074	1.81321076533877	516
-0.0146283038366599	0.0258943625074881	53
-0.11660299243216	0.0964205165330627	516
-0.0900025374891	1.34802315237581	516
-0.0152339282657201	0.0233921017759995	652
-0.0940015224883002	1.36673839335969	792
-0.0697674827166601	1.9474985510197	516
-0.0981318639850199	1.843734022532	516
0.00181993897396993	2.03714716371563	792
-0.12136557881338	-1.95043968069771	792
0.0650178553846201	0.552569765387865	343
-0.0422669149590602	2.22085724537902	516
0.0143164404035101	-1.53428559998746	652
-0.03723624993266	1.2754098682794	516
0.0126054314271999	-1.46382937211167	887
0.0855954168486801	-0.212021585994426	171
0.08687494297607	-2.49814192863547	887
-0.02345018525725	-1.06699446953738	171
0.0731395183707	1.27448787193996	887
-0.0863008573559099	-1.86320637998738	171
-0.0800405886631599	-1.88161353744974	171
-0.11581694527176	-1.88178533213051	171
-0.07918752558375	-1.78761239497585	448
0.0910466581196401	-2.46929405939458	887
-0.0319018168010299	-2.16997804762112	53
0.0850445875753598	-2.43916759266106	53
-0.10719208981022	-1.81883112589629	171
0.0704411859152998	-2.49193177574322	171
0.10148331106854	-1.84087875752802	171
0.0297413648993401	-1.47511365680631	171
-0.12134085193094	-1.89658055927066	171
-0.00813761742004004	-1.57736201864072	171
0.0571719493996001	-0.809442779072562	171
0.0206283009596202	-1.49455369529726	171
-0.0297625919487099	-1.08848475196359	171
-0.0242865231853902	-2.27258146308631	448
0.0162703683295802	1.53129050905844	417
-0.01712391117097	-2.14274988018977	171
-0.0955850895257999	-1.86443327725221	171
0.03163533961059	-1.45682675512966	171
0.0329896301484101	-1.53782253839987	171
0.0245614051240199	-1.48847093889394	171
-0.0376576267861499	0.284001732383215	171
0.0290239150278899	-1.48284434173408	448
-0.0582182057329801	0.437919987121289	681
0.0772947037793501	-1.8386842329837	681
0.0175826801917101	-0.351958062492978	448
-0.0365956412439799	0.489078400420804	830
0.12251431056962	2.33037302120765	830
-0.0991085269668601	-0.87641742428609	448
-0.10963939212336	0.150741789108046	448
-0.0426088978548398	2.30704554622482	830
-0.06944772241485	0.87812110394717	255
-0.0297150796475401	-2.15926697934719	448
0.0693609505110802	0.487883183049938	448
-0.12014981638737	-0.480097401567664	393
0.1096726315215	-1.16041577639942	393
-0.12468658700915	-1.90863740628758	393
-0.00198954551808006	-0.378986260820434	393
-0.0192239808319701	-2.15718487830056	393
-0.0677559620019999	-0.758423817908842	393
0.10736242198564	-1.24234163561946	393
0.0181876477059002	-1.56618599936717	393
-0.05520062096282	0.163770380556031	190
