x	y
0.857139571147431	0.593612093444154
0.52401829253756	0.361524384227539
0.850207569223317	0.68341347479918
1.31058874900208	1.1144390258498
1.28627446284661	0.852204210733674
1.66131594848692	1.34945828276441
0.974619224396019	0.67750046932969
0.877419802474431	0.504670134059546
0.658284265711642	0.508807693033518
0.536131252512252	0.319913404828503
1.10678550264272	0.790011042629806
0.0418188968115299	0.0198290387324382
0.626759610730015	0.445134468447963
0.0477264242426439	0.0209613905461971
1.49672107944677	1.61886312259652
0.701108623671393	0.507638861541572
1.04648346510825	1.18505747018577
1.88758453715201	2.09855584154112
0.928823343916442	1.08907674139767
1.89197337309191	2.09857291980615
1.36393574988191	1.57416040360251
1.44189089069828	1.35289457304518
0.808131145677801	0.605627296453244
0.863408401967897	0.878070126547776
0.221665569370987	0.140206584885929
0.521859611698608	0.534986467010212
0.449247822531451	0.282164957602937
0.933535701881354	0.87634851840106
1.86111860677484	2.20094199361341
-0.559345984316832	0.313253144704271
0.779172969000594	0.538862998491668
1.60830675754105	1.67000799365609
1.17078670332615	0.895920636699898
1.10412517848808	0.996344249461781
0.528078581531609	0.389139485447813
0.41051085286492	0.31555445174934
0.970043311221679	1.20976513519211
1.2724749778248	0.925708874848633
1.60479963035187	1.87690631887015
2.96034691693224	4.06526167874218
1.09906558595757	1.13630103903575
1.19028064516919	1.05190354122193
1.45594422821387	1.3620795340561
1.04759779862022	1.12275838881255
0.632970739036907	0.586181856923853
1.07135498147186	0.896249309628852
1.4760458086037	1.51305734863871
1.89130653657733	1.91483212567275
0.799196609458072	0.898676391573584
0.69029017395356	0.500832839901063
2.09546790784262	3.41416339878486
0.7526337079422	0.786910678293221
2.02435804376846	2.40417500610809
0.738204832061218	0.741686489426655
0.817819638254871	0.944538809224439
0.709387906338391	0.599160057164694
0.741447915287116	0.884415283365111
0.575970043089091	0.477339292878912
0.81172819453843	0.69974111507106
0.859003961282127	0.926059842431686
0.882818546034704	1.03367625779588
1.27666899129999	1.78150383627864
0.555861997799505	0.499902224087315
1.48966231788751	2.48652762367478
0.940632521549632	0.724809355334433
0.778597537933728	0.744334893042114
1.11198829422682	1.36891717192769
1.01860667521166	1.06806062215858
0.664369248853118	0.667569133254113
1.13458087546537	1.39060803878102
0.918836987545785	1.07151834340326
0.191600906479569	0.138326325550734
1.32911830450806	1.3238102380729
0.62204367199226	0.690292750314004
0.206526430214668	0.194715400383795
0.549291992639262	0.439726854487592
0.787214444037048	1.12548778889086
1.5502753276731	2.73986430658159
1.34910635286294	2.03372706468452
0.9149399753595	1.05795418291681
1.12818643865635	1.35698580589866
0.719865590749938	0.702551620709113
0.784031964527244	0.663939275124782
0.337361942676078	0.272457739139159
1.86364886556358	3.28993293830855
-0.0807611278965324	0.0614247198314921
0.659448885812265	0.73084262857375
0.821603781277964	1.06173608825034
0.654475368750346	0.659010530536332
0.956729547283905	0.775264107670609
1.78239791048719	3.33491902638967
1.21956783450389	1.3495351985596
1.4952145531923	2.11023018277695
1.7283776083243	1.91041714267459
-0.0976794469967995	0.0526130152011613
1.22343947573617	1.50645292523197
0.200496352548475	0.139092169295724
1.04213330369755	1.43552075824844
0.44672826980402	0.358094106213852
1.34265594077642	1.92416079916863
1.02537299645522	1.06570544594442
0.505588503702044	0.52305102082442
1.01517343939404	0.947173730124637
0.730533075677335	0.572027150016387
1.46500578347378	1.68987371709401
1.47825433302616	1.71101466046881
1.04868195763605	1.5167068688128
0.59618181201217	0.509995889344726
1.32896497620262	1.50320955872774
1.33598413384934	1.57760577660439
0.674839422208696	0.712309985779958
0.86171962211931	1.0907846529399
1.79039804355999	2.16427537768819
1.55385370235276	2.31713218954896
0.594509078183982	0.623882194110477
1.17455166276215	1.61425796429673
1.67742268644691	2.06066234575686
0.0809666316817457	0.052100714342015
1.05137605048749	1.34259252004543
1.22219998057096	1.19629825560085
1.12752364999553	1.23041286453116
1.25498273050296	1.30192338034842
0.550143548611269	0.481881229984083
0.462742470818612	0.378159491528709
0.970826380565122	1.1336926812728
1.08165675386064	1.21505781043454
0.892756976319821	0.650120348144143
1.32306276326672	1.58412518109204
0.528702551250538	0.366071931328982
0.701016223730634	0.544505099577437
1.6362926378221	2.13796373941881
1.44026070820001	1.42876815804075
3.39242509352103	3.94255932502405
0.975557493180446	0.847160327413634
1.47604091051717	1.4095009427442
0.615635311076743	0.406780308139225
1.20981635444113	1.1090373961022
1.41783081302254	1.89436699196597
1.7390606914428	2.24204964250431
0.917160868204197	0.579694162479396
1.32117603474266	1.23153779302162
0.625442488010063	0.508994439635388
1.45513748731332	1.3343431785421
0.926354895531167	0.871926326062659
1.55663366552378	1.90538403125142
1.78224548703397	2.34887267138975
1.76672678627732	1.85390003451381
0.195285080781254	0.114232406549902
-0.122887656774469	0.0670893778326202
-0.45061689817272	0.321212144133577
-0.0344083863773114	0.0145654980561513
1.04182169707784	1.11641751022157
0.531855534484127	0.448819278334355
1.6297404075464	1.55548530414995
1.65413515640407	2.16742134660921
1.74790779955218	1.93193552248557
0.767454572667075	0.475348217185133
0.0672914113967519	0.0296518168256453
1.65973134502038	1.36407055775866
1.18806588838048	1.02593943692487
1.26351318459917	0.982143532932283
1.08146110647164	0.936207234525143
1.03345257773574	0.98615634011692
0.636680305102772	0.424126197613896
0.741295617817094	0.494193691342121
1.05120383909243	1.20899279195513
0.931960530895375	0.87126619119245
0.161204343785208	0.0661957527964105
0.752412045457134	0.504034397247942
0.556255617019842	0.296000471059499
0.147562075837578	0.0900542881095132
0.143541474064857	0.0704937912096573
1.16408647534303	1.20998587959682
1.43456232237853	1.227697952924
1.24379877330217	1.48139513847041
1.92485068676452	1.97749617290901
1.72932410022717	1.92781054178075
0.0158108584985407	0.00616212295981705
0.500868707129919	0.342338397295489
0.938377219829254	0.93494860069676
-0.46821853850407	0.243206497360133
0.667798304948454	0.647499565808675
0.790261399306549	0.719279569932969
1.77739261605566	2.39043680314879
0.737883935253897	0.580929905182683
0.998279969107579	0.892140049283228
0.955428002593563	1.02097059257196
1.19353352332087	1.09866412078003
0.866331614846746	1.0155260838196
1.13732570669851	1.22248751155198
0.712307701213671	0.541704404427308
1.75279248861802	1.93439053230179
1.5128943111438	2.06385433927815
-0.106071510502652	0.0499300978614918
0.438605350233049	0.315334131292911
0.612341096243001	0.531933227095037
0.422938842664261	0.246254806400917
0.917716200095639	0.847152219222149
1.92359342338222	1.57839449501126
2.33711170458433	3.6953488966967
0.969897722664527	1.06662789267382
1.2533676248443	1.49722392468533
1.62024527181003	2.32387734840629
1.57981548065967	1.6155176460618
-0.476313895055818	0.253741332397132
2.62875162410158	3.56744872788186
1.17310069679935	0.979300456430868
0.507364188865099	0.441247443600503
1.05279470213296	1.35026494684281
1.03844841618693	1.08069458381654
0.824069607141244	0.749354104558042
0.501613644744319	0.333383365273375
1.08665910796817	0.969540846384385
-0.105887772313088	0.0492560062980306
1.34264112630127	1.70972867923885
1.03006485327219	0.99252576380913
1.72618082102285	1.8689433248668
1.42583687476906	1.89031045442404
-0.244524575949497	0.10830340493889
1.13334893716572	0.536553903166971
0.827445765256746	0.651621048503798
0.60058214873509	0.452617039838818
1.82331191018589	2.67076089322567
1.35046919370767	1.35250503556237
1.46002353793625	1.17016217922713
0.718197212693203	0.713462852748474
0.660522612883479	0.554912910913224
0.873428642182378	1.02811903804244
1.37622520289414	1.38949019815871
2.07367114581346	3.01510686426152
1.25740549355738	0.914577834788081
1.14127169065222	1.16849520540773
0.809407650215815	0.688324982756939
0.506843729676558	0.397443331539813
1.42919757380918	1.39595722505055
-0.405800953690464	0.203621095235764
1.89789129106727	2.47736162778956
1.08070882400555	0.927434808965055
0.860434491411613	0.696230354868006
0.690414965366448	0.495073859546522
0.692280616493376	0.390350066859256
1.14344259823178	1.33004671778318
0.537132853128384	0.349885184863839
2.14476614567383	2.1661618712198
0.906121341177545	0.794051064768448
0.926901429191302	0.858516253455973
1.26546960369467	0.902827009878472
1.30464127962771	0.847401852312059
1.73338296458123	1.91513410715243
-1.05411778949912	0.57951993662274
1.06306635948373	1.0879901072059
1.23289774852601	1.50653706289133
0.767083281535735	0.691354484344871
0.58307893120096	0.429789402917627
0.891387119208694	0.76467362160374
0.896424136875932	0.88835909978309
1.32275783420097	1.22375232355816
1.2465335846797	1.36488569793028
1.6402073533893	2.2359375421398
0.905828692337942	0.688080697524365
0.431380215797806	0.247411635953018
0.266158023295336	0.157056684142714
0.957717180933212	0.771295146615622
0.696516080031585	0.539690513136014
0.413194749376372	0.216313421278038
1.09942844720831	0.977413914251243
0.536393342282333	0.348037983723348
1.50487882778769	2.14087404651177
0.713573887611218	0.509661814174558
0.998378673310131	1.34181654781758
1.12913259449364	1.23580016255728
1.14038083251094	1.24597433383825
1.04986949582051	1.08097213976715
0.540695168908404	0.294628976037748
1.34452338797761	1.34380460688135
1.13063748790165	1.23010568123655
1.22868153044688	1.54957996834399
1.36908489503488	2.20167826416678
1.86926394037056	2.85886787663022
1.90675074117181	2.12957372678575
3.1332344484874	2.31510190223926
1.89001892321251	2.08002945098941
0.174598415058122	0.113455694773173
1.21599041359945	1.16215598260554
1.06560313334553	1.04854062555507
0.789556465273471	0.752765200757343
0.892755684978837	0.786120172152467
0.936873533463126	0.923351897644237
0.441279256455266	0.231056547286949
0.178001750064765	0.0785944650073516
0.786947179040501	0.811442814055362
1.0851513184658	0.945672916554577
0.725662584075517	0.485273862033436
0.635935183182067	0.42194745972181
0.945612569948493	0.771048187858783
-0.729724281191203	0.468383977076596
-0.452011677204849	0.207487468881576
1.1733253314861	0.988392021814516
0.803240287080331	0.363576517994381
1.64631904878652	1.02053921227075
0.219745935257184	0.110580008621994
1.74494382695874	1.31639480866734
1.21920038230916	1.29026978092129
1.43407415423832	1.61981273390119
1.7349565997486	1.76020229950593
0.689706918011622	0.377586980427243
0.304475199379298	0.138735039265722
1.50951089561352	1.01645244380733
-0.231596589034637	0.103005251643924
0.689574449016003	0.386326606342966
0.299925173163617	0.136283672775539
1.06310540899071	0.617792614123772
1.40178880950641	0.777843006356019
0.427163059291228	0.248670188499362
1.70915528774935	1.27836072174449
2.96939454434935	2.05336509769268
1.6432954224456	1.31989006056429
1.07912416804454	0.747406545711549
1.74549507745186	1.90507063759953
1.45081567266333	1.44434956804418
1.02313564703011	0.905392747313351
1.74404266077657	1.80363255565844
2.88808866934231	3.87215812233077
0.76050817512223	0.541520313078738
-1.22678327102005	0.750385746248511
0.917321530070765	0.576280018255406
1.36338666086986	1.55844265651381
1.13755397925631	0.556369233907148
1.02916464959991	0.971431316672075
2.23671486596368	2.20205137293827
0.80718010615456	0.688654932556199
1.38510406942578	1.93761610019153
1.13877743409299	1.19339030951418
1.11017229655546	1.06410520815051
0.87509930892623	0.754634018191747
0.147433482683047	0.0600367659449957
-0.465449927297686	0.212108928750017
0.849132763839785	0.679394171280322
1.04553544416342	0.610400106794845
0.317301671748635	0.135561844878324
1.0741814721668	0.631143354764866
0.506041568964977	0.200122115724529
0.486489590383901	0.189169388920749
0.839355187771618	0.47420519880745
1.3051914956561	0.948135983688632
0.045090568635185	0.0214282802487049
0.485467649421495	0.191334793513749
1.90118745360099	2.54526209093525
2.07165991868024	2.31686185215355
-1.21448891689399	0.724938274087648
1.26452581820001	0.827588529479635
2.98108700077892	3.48255981750824
1.79537539958091	1.75352982909207
0.880226300220462	0.718217989440502
0.86604786405115	0.492430444458483
-0.00309238675132207	0.000781143231849697
0.689565474408907	0.379552850533553
1.12631363509548	0.793146454660468
0.793230673933721	0.589273445447044
1.78371236285641	1.69779649763424
1.20779753374788	1.11160939157314
1.45755825645988	1.33344261005275
0.265584298680048	0.146077187821986
0.0721783554565053	0.0315766757234986
0.726573673890846	0.479827319757135
2.30538639616994	2.94405599516177
0.82860144541098	0.431068102065718
-0.0928844151154701	0.0383003099828216
-0.146520604471312	0.0497594338461274
-0.931471701426374	0.57654971776066
0.00972345887938228	0.00356790853520914
-0.438569932429949	0.200091328955716
1.32109664780345	0.797962699505833
-0.155749676462371	0.0601597616468745
0.553460662209728	0.244351954905606
1.53202290357466	1.02559790890546
1.90163470617775	1.55371446939803
0.842103049873481	1.04301656446423
1.82063839991067	1.60825926798445
-0.569034754620779	0.242713949158945
0.325170471179845	0.150173386397638
-1.07111573014693	0.597027412477727
1.24843748361062	0.807416406459955
0.0671701470443287	0.0297472766612689
1.45184372216955	1.15278466659842
1.47271809469235	1.3838180395468
1.46124318718494	1.1648705903858
1.99859486013598	1.91785742389844
2.08805134458155	2.61569430352868
2.50554251379354	3.61216286918793
0.945735748074782	0.924627293897075
0.887508984862674	0.670390089962903
0.689925190792568	0.492008022958433
0.514349553373383	0.302687334094653
0.665752412834885	0.366145023890273
0.82616934901212	0.429350117087986
0.220528274176392	0.083090977105574
0.22069732245784	0.0813857380616459
0.523081336110195	0.282457129880704
1.464770573214	1.29415921108413
-0.042483180739235	0.018602708966118
1.80587355883669	1.72613941703154
0.819812466715119	0.336751398045193
1.30764268562918	0.558571353299748
1.76739647450052	1.80039785002542
0.319277892415612	0.164167718890629
1.91095812352284	2.5100071536388
0.992147141663601	1.37538438876542
0.524596432421688	0.535331960771728
1.18033312712562	1.61180559109215
1.40129076319929	0.766697222768503
1.31360349783985	0.786815634537093
0.69591060171859	0.383343387107555
1.46758421490803	1.5943255657497
0.906380939048941	0.574193410372608
0.00108381306953268	0.000760039895783273
-0.129533484387816	0.0543067361386214
0.980821091122157	0.727912622321572
1.2985836952994	1.011818406599
2.98742232366202	2.06466134552072
1.37873688306534	1.87516160860198
1.59397892956419	1.75201986616309
1.45389075443568	2.12475165874143
1.09372037173738	1.16529511960189
1.79052901074729	2.93809141735475
0.91729733707706	0.956787659458375
1.05157366633213	0.66788572606291
1.73326442033605	1.30504643463862
-0.729393222907744	0.336185403327844
-0.00082646647324307	0.0000510959096804192
2.29931315281949	1.18977247319073
2.00419579402799	0.889934312545052
-1.24455918108261	0.60238727998227
0.805817385698924	0.416871318534586
0.287831575612082	0.183784966897092
-0.367484236974265	0.139353667843198
2.50073575812852	2.73377362510441
2.02522331297916	1.47223836975978
-0.887495864750651	0.364956628695402
1.46579303374579	1.57559235534535
0.69159101604413	0.646345997121829
0.470319900458286	0.406158506631559
1.30356577697435	1.51124413749859
0.846803449347971	0.778846705311011
1.31745425853517	1.66375566079856
0.784048371521712	0.352671255700461
3.06190782775183	1.28672322621522
0.326676410291955	0.136748665174208
-0.715029399014339	0.321407758690956
1.60722534812274	0.806482076002563
0.161571654019118	0.0651666132696087
1.06718173281083	0.570199617362808
0.914575168839461	0.803873053046364
1.01123730297106	0.910368727810901
0.740243647899214	0.446514882376807
0.158226525735514	0.0639263705961701
1.98687650580172	1.9155622392112
-0.307904990769834	0.130450597063952
-0.890081833036885	0.366996366378456
-0.450431144676356	0.204239992400652
0.0133262876517144	0.00513281598175328
1.30320488823411	0.789820198359116
-0.387606223574219	0.149664431649142
1.15499106296025	0.357626976076535
0.84186014406286	0.482322726201261
0.792581318892517	0.366023463734231
0.698139753086494	0.386370625237917
-0.0114147254863663	0.00530266495551838
-1.45641507196522	0.571159867497038
0.0266991243527296	0.00889396011239621
1.29635621007193	0.932070612156591
1.24415519154968	0.884775887003347
1.02715273051361	1.36753664867481
1.25469114009193	1.8632149703423
0.958332862593309	1.06174162272748
0.982753937460794	0.658780924899527
0.848885523620343	0.484697130150166
3.31156961228017	2.64024758867923
1.54218238949366	1.05076373336655
0.837021934791956	0.343178084015911
0.63732399146811	0.418541217729243
-0.214910678041756	0.0972987851026956
0.804593952098483	0.372044162846282
0.159701323982897	0.0643603795799218
0.945406403009458	0.337586240202851
1.91638504801295	1.58384530652102
0.815361569009748	0.877632071717921
0.831560533624442	0.937242523133509
1.46699804710221	2.06827489922729
0.993528455763867	1.11052829159471
2.63871033795354	3.13359539968648
0.933941600485076	0.750372895405126
1.46725351997243	1.19356603634154
0.836870738884349	0.47791064201024
1.59150532581461	1.4898797799855
0.496818135507969	0.196263067547303
0.242050125034417	0.0892809975816243
0.877856328170875	0.599512274113848
1.63316712122693	0.622177018385784
1.36582408401062	1.43884373234385
-1.24866060319212	0.592973050615363
3.1753740870027	2.37808760114645
1.47380903939793	1.07250130083616
1.30724084067362	0.788812046859604
-0.16638893785089	0.0571656889168969
-1.14900097262482	0.664472908094245
-0.163815686067696	0.0642384641766796
1.65573449443888	2.1747647695009
0.319067847365949	0.301648006318447
1.47978981910235	2.08455751863441
0.840214190319393	0.770933007879751
1.24156204216248	1.46791995078313
-1.00590959424045	0.652261238380529
1.0601477198163	0.885734599559333
1.23310390272339	1.37184364839501
3.74194744404181	1.96312025935539
1.3357662999287	1.30328143398749
0.572920790652797	0.307616408082611
2.46921219496869	1.85689759211325
1.65300280158422	1.33244166923551
0.534048301985388	0.285895437645841
1.05890984214483	0.548811187366604
1.81768709353011	1.60751121151098
1.72914400233575	1.25111105338287
1.63836599755027	1.46555457937572
1.71629848615408	1.27790338924791
1.63933646736477	1.44479614527252
1.27629104988995	0.919079348657733
0.277650611062946	0.1689358148932
0.437648719430309	0.255655715806181
2.72125788709385	4.40017209431368
1.35247504912853	1.35131251963828
0.436993164015649	0.229790794612538
1.18465392156705	0.98853860024323
1.10949348394421	0.787187107788352
0.771968415591565	0.47284335872641
0.718081741067811	0.475944141309369
0.766421733600559	0.474381420926565
-0.148674587020053	0.0502586130395712
0.222921028347365	0.0823156024679047
0.631499011040572	0.419391195555013
1.4522417792026	1.16531328098824
1.04630718932528	0.871457888341734
0.121846216029362	0.0594595386629759
0.820032902697201	0.380247782243557
0.541629367952035	0.239954570210253
3.14720115950537	2.37127727656345
1.81967879464106	1.72148442390324
1.45776618006634	1.04617642148838
1.81013811288185	1.58119560145134
0.998532333995045	1.33544337492537
0.391330837335365	0.324801591844189
1.64867143448427	1.99185376228332
0.68800333995583	0.757778384393173
0.42631708547725	0.350010325471947
1.47936794030971	1.48626920299143
1.94673901975182	2.49200389330918
1.00787700488412	0.760323176765762
1.4646899950164	1.17873359988296
0.991475641346614	0.73031073521059
0.964403846570035	0.668326539941847
0.681948043251868	0.48308598551327
1.27950974675958	1.01670690688687
1.18136547449767	1.00720585828758
1.44831831799	1.27199438309951
-0.0325350347416493	0.014222313177505
1.98816764558052	1.92384416334024
1.48024811423565	1.37788022420045
1.83634806777254	1.61842911069452
1.80757714095815	1.57841071200782
2.0408246221518	2.2779569559561
0.698170608940283	0.500282331685517
0.832174204614961	0.568351397528263
1.05103427996337	0.665774124695015
1.2149955477996	1.48991145978678
0.993221766419604	1.2413414452517
1.34244038698512	1.60809509519178
1.45657132579109	1.67232319418966
1.46523978432417	2.44244784476986
2.14709614489191	3.3463298782501
0.912384793889587	0.68389486499581
1.24798584467885	1.22741443762572
1.31846704971591	1.13244372225081
1.50538032607321	1.00241063655045
2.72871069968768	3.88169834274116
0.706340735050137	0.390889254519904
1.28580998410826	0.935445659372462
0.766084490438059	0.48001768537147
0.28521004389554	0.158087903488627
-0.30898307702089	0.145710702656775
0.907234357275036	0.684617896358165
2.21892356658698	1.84639056079074
0.355082776394924	0.148713350242479
0.847209812778419	0.586878981920069
0.825202947304804	0.41554038054217
1.64151195415382	1.46972415519162
0.66551622234377	1.02636565023859
0.749767935446679	1.15790683524467
1.53645183879965	3.47054926928568
0.654430522207775	0.755337873578897
0.974825525976439	1.03134309008029
0.951017583486989	1.17788034343586
0.949634671174063	1.19400547832849
1.64230721128126	2.4187011444825
0.97617170129449	0.850555564501832
1.47751582567135	1.50241884891753
0.74557772149856	0.667022468127408
0.550825911572439	0.440501893469067
1.94288023661818	2.88696874192982
0.78006708473467	0.558415229213673
1.66369538286628	1.33958348909037
2.03218100531451	2.42676905657062
2.1552304385032	2.77687029198708
2.69393217164837	2.79538858339963
1.63774868471889	1.30661798923269
1.43395986607627	1.5217530043975
3.1119079675963	3.13118087128397
1.6933610265414	2.00334066847864
2.51126523589926	3.62716669861307
2.04787473750222	2.26204329735237
0.915703711746663	0.569750658142453
0.648646187741621	0.464945264484591
1.34109356605621	2.65880967541568
1.54234060899983	1.90101342542902
0.834460507289993	0.764513477528703
1.15070897020807	1.4197628837381
1.03557484811382	0.987394423991369
1.25708994570918	1.71290707369335
-0.442699029993441	0.256565445853946
0.853686429752572	0.683794049578081
0.909758382991477	0.569032908365163
0.0536278141425498	0.0251229457115168
0.9828890225754	0.66763529049534
2.07506574279528	2.35053285311295
1.65763714383193	1.46710054402742
1.26157670674872	0.828362585103897
0.950833140351992	0.662403316137263
1.11590458570258	0.787206465857568
1.42856354150881	1.70216968235697
0.543344406251308	0.324111175031591
1.52093200987471	1.00812359643382
1.64974316546165	1.45212360837007
1.48900824560319	1.09196775817348
2.35962115100929	3.37142657789396
1.04389308189089	1.77337907676398
1.01103904884752	1.90577751759172
1.22965725123021	1.85002914394417
1.20082302268163	1.61424812440085
0.216061957569083	0.137352517051275
1.04779271269119	1.07156136698155
0.924041723887436	0.89698241705383
0.762520293418316	0.599810846566902
1.91181064637747	2.1124569064933
-0.711215803861467	0.32674213115554
2.24109349343694	2.16147099650441
0.892606530231173	0.657067285772614
1.48048352035506	1.10883697660503
0.474595867941779	0.161600379205674
0.00896313124815203	0.00330593668383506
1.5441703567076	1.05107965300327
1.17167630070574	0.997557387607748
2.28502363638991	1.58841649450902
2.06638908186055	1.55882295153894
1.07091340850024	0.693171090805244
0.538781292153873	0.234728381029906
0.695089068548584	0.37815982442314
1.29369613112017	1.02226014613764
-0.432119082744848	0.193577375775779
1.06656073246567	0.630638644580323
0.806253273924753	0.597640045204723
0.628655830248187	0.404672635854023
0.725510858790158	0.893448801215546
1.12349057811664	1.29918800235505
1.06562895771187	0.890496920205381
0.110370350560668	0.0531118512853001
1.04358979347394	0.857985370385199
2.04975757778692	2.78148477361358
0.539077381845276	0.321539856675329
-0.470972214165408	0.213436873419448
0.423869575887513	0.203735302251066
0.533389104667231	0.316886871342575
1.38145194199662	0.739940653670518
1.31025783309965	0.570150073146488
-0.130012364618757	0.0662531197915724
0.810054059991783	0.372072464578598
0.856807460306167	0.494261256534159
0.94237896883999	0.767984459894584
0.852072086915844	0.479938439877657
1.90787330324722	1.53785833383847
-0.219094576328948	0.0993735895750345
2.24788005968536	1.86905201274697
1.16719768255925	2.27766718846394
1.13816832953914	1.67012706748476
0.260138348328665	0.216154793738018
1.33653829725873	2.30317835278703
0.601691837581603	0.512649477014923
0.935589080588956	0.909490753581333
0.804758096172173	0.591168750642975
0.610992421631177	0.392406590462929
2.11388640161155	1.89478923003661
0.435759070406613	0.226685764081066
1.29703905468352	1.01807354109122
-0.475471051767795	0.253966919032652
-0.0224803639255798	0.00667019887072759
1.01231147760463	0.742318418872015
1.78216839759698	1.69723786316924
0.112884907146623	0.0362699341022027
2.30472472594129	1.1794437176518
2.99723179657858	2.90223574049363
1.98237517650543	1.87308445464427
1.28407385245	0.843431636632273
0.87583432244393	0.488642121249249
0.839258192373989	0.473096896199045
0.836237659769257	0.468934492818976
-0.72672367052034	0.336076283099291
0.43133814751654	0.268916901182531
0.364625947562044	0.22599619771753
-0.564288711159882	0.512327335016707
0.112383027898251	0.0640337269698924
-0.0292022586208332	0.0134552962492562
0.969873929165119	0.800886457385693
1.06878053678211	1.33674133582383
0.529977787210141	0.234512705312746
-0.176597452042925	0.0682880727454026
0.34461689872534	0.148525993276195
0.78609770566296	0.389983515541632
0.547281026728194	0.247367524262942
1.6506196120274	1.03871416395875
0.790786202198183	0.365292569770457
1.08839949420133	0.636169889015443
-0.161378293926955	0.0632767826025757
0.45873672520069	0.220031968148937
4.08460050578833	4.45416305697755
-1.27567415582688	0.591644701861216
0.238224004287189	0.0889688765259384
3.08158902571449	1.29153111501543
0.61706181788142	0.962983900028761
1.0416980151747	2.73342301743353
0.757171750970092	1.01719228538193
0.348934292311763	0.384336520115235
-0.818731597687651	0.937900862442389
0.583657182650094	0.582635334292379
0.615031186684876	0.653875778480686
0.844696968962262	0.670614917474529
0.501778417368686	0.365599100482636
0.904399930413076	0.677987586214503
0.510172635960435	0.290432574516771
1.24551842541102	1.2299097298237
0.979399300407561	0.684519727523241
0.586268828305996	0.284716441181756
0.682130739288271	0.381308608066573
1.85002979626735	1.66366592146806
-0.442329117755789	0.202262041113949
1.03284314255613	0.792768407027943
0.500177179788878	0.31333218670302
1.3605420510968	1.3562152137195
0.636201819265354	0.380016712177818
-0.0517362360512304	0.0247169092029948
0.630944264164399	0.378676623607868
0.149150613087962	0.0605286029453694
1.34135183138796	1.3403503979004
0.510681237382707	0.39685002812684
-0.325542199367264	0.281513961775888
0.943802247288447	1.05894729661765
0.899510364400866	1.27826526182573
0.193312309051831	0.117660056852568
1.11277849541951	1.32471120710368
1.34996588534506	1.4402932121591
0.153249710173273	0.0744151745029808
0.694305784770177	0.501001038930049
0.163235659120861	0.0731622027046956
0.80848532731802	0.376683894021831
1.29622714694263	1.02634293143963
1.8998197894596	1.54031705065445
-0.297433709197012	0.124712002159189
0.906950805988676	0.66166371968557
0.83462514177753	0.805515955338386
-1.29041422249391	0.806245501375494
-0.10363280397775	0.0426227226952687
1.08728604699325	0.586540469224673
-0.653314289806026	0.335501766844171
1.48402244887763	1.08925264955155
1.03073675505147	2.52638447824373
0.801485601568982	1.53126339177904
0.913829989111022	1.6481174411215
1.19225089613564	1.81612242134112
-0.384920866377218	0.347839818836201
-0.246034502497739	0.227039779777356
0.200840006010321	0.179504113800503
0.916594538636685	0.845437127554079
-0.0651375784581946	0.0384062821465287
1.19668199752909	1.50910692274762
2.1379361495325	2.22856854784847
0.789696261412423	0.558253139057648
0.786545552966104	0.572541350701975
0.558004602763412	0.304126262741244
1.10890127398305	1.06797444132302
1.4819172027383	1.49142206901778
-0.120552716096242	0.0502057129956516
0.0459874548872599	0.0216756908075103
1.85339098571076	1.26440818860024
-0.302926213358424	0.152677681945537
0.78279089382976	0.483853297567571
1.58502722135923	1.74182273679297
1.03550966633932	0.798786377169161
-1.20386598286746	0.718514324418689
-0.975363791298397	0.489207596457744
0.824555434618346	0.652038261234345
0.518977778236259	0.382057433612689
-0.599358559942404	0.588859356399483
0.409898871975723	0.356858997847812
-0.560228743172912	0.442079499701115
1.49262992887108	1.94399739529294
0.1632057895877	0.10597658192931
-1.23706159909771	0.752625127141485
-0.720796156317728	0.381275786287309
1.50912361421938	0.99572416729338
-0.720423090530979	0.394046264516846
0.686571348066972	0.387150760949377
-0.113907917435077	0.053520899565742
0.231346781581939	0.0865594918682114
1.45332525590953	1.25892808909993
0.905467833898758	0.573055206223416
0.452779695992961	0.215863583696504
0.751294981811719	0.592478181244703
2.16788140083778	2.26121744013093
1.72151304485135	1.30631831380471
1.49639980850653	1.25523403593779
0.713930379897446	0.523786865980458
0.689689933829943	0.496818357957939
0.95477584952861	0.789901688099776
1.07824219800531	3.21269374300604
1.3258848708971	4.96620096877957
0.73066616097755	1.32162260382742
0.733903626974764	1.53061025339815
0.506666397359921	0.773194345471312
0.0144422150721631	0.0137353808230506
0.0152060920042027	0.0119737896459758
0.692361402493238	0.957277073493585
0.188574792695695	0.156100109416269
0.0708368515751808	0.0477763575192317
0.750832786139731	0.59696239496634
-0.12734584565478	0.0648375694953736
-1.14940691400845	0.676449702409998
0.415125394459521	0.217765685342258
1.48451219688089	1.6121211028072
1.18707125171495	0.998131627508716
3.30042888776745	3.58712506577079
0.679098738897928	0.377833924253374
0.223726379953722	0.110834481545921
0.814118752794937	0.525811399790628
0.417202383755083	0.198690252620183
1.03968341538414	0.792135845495283
1.28081304789797	0.942091111254575
0.235524724432777	0.126323045364903
0.908236780776789	0.575555626727359
0.42172199936958	0.283856753629083
-0.849071390954058	0.421824742796952
0.206424616646272	0.104097068247507
0.215053166613745	0.179951952734631
0.00760372574162653	0.00466073170544767
0.114744608379352	0.0921372229293131
1.3245643516366	1.55783456015729
0.669041419298049	0.651448315630854
0.913012088070326	0.936567913616568
1.11008761960237	1.24882684461681
-0.408470755907751	0.208126067459527
-0.72680617109397	0.333905334830367
0.819191894415764	0.421855157169882
-0.15281021362546	0.0587921603667891
2.71661221809122	2.80296593853799
1.32750713806481	0.797425261690315
1.12729278996465	0.87033871329279
0.0853893041147183	0.0372727890476518
1.07135448335908	0.672820387297288
-0.124684789710991	0.0580139606877618
0.281223621985077	0.139871837895989
-0.0275616124359281	0.00792257020973791
1.14241452776583	1.21659868517957
0.617623730977408	0.404467980717008
1.16989642689455	3.28853772827786
0.3790342697006	0.659524010101554
0.39617278140513	0.673470483193035
0.517056216447544	0.686089692069338
0.110298057200689	0.104185489983492
0.000280292230235612	0.000244814839875569
0.777964626917916	1.3250442100774
1.74874162200078	3.17138466601996
0.356161393155853	0.254003179189221
0.683925930411888	0.722187601270805
0.617718884282055	0.472372074238285
0.415312142533143	0.315721119768491
-0.137682696955205	0.0831650686506698
0.799421919734264	0.596440553333994
0.1404399905849	0.06844649989265
1.11455482903255	0.79488835068208
1.29679540465947	1.02198297124793
0.00584648335393767	0.00237821417860108
-0.550545440700866	0.310400391912588
0.420804031391127	0.223809436844227
2.23338504009653	2.58701588967455
0.451766016736866	0.217685860435871
-0.224801739387771	0.101035507627286
0.287501824200578	0.195421796104378
1.0465679598113	1.13094595516449
0.237134024444731	0.175887891158181
0.527538206708327	0.474942514702455
-0.68760706321813	0.646615199810562
0.137663967679905	0.122599845137341
0.624099634606491	0.710506380064695
1.22582651574067	1.52796839594047
0.943520502443008	1.12544564438853
1.42207612071513	2.05105685222281
-0.557000597354866	0.401389909175447
1.14106861634951	0.881381676671869
0.627950707399508	0.518122719482098
0.689406653219614	0.379042010019541
-0.0876959330853502	0.0365666576454808
0.152571196862783	0.0619792410147594
0.0283720198921632	0.00957013605965669
1.32701558927319	1.11851515371043
2.180344357722	2.59189026137247
1.58552523304124	1.61169494611801
1.31804684944399	1.6159496282163
0.504961448938652	0.200811289948294
-0.333094270544631	0.141589500678895
1.33430008174684	1.23391474308129
0.826665494141217	0.531420351091844
1.05739626172714	2.66000776933868
0.624183189335087	1.09535794770402
0.218540240066441	0.318209432211392
0.622522942683827	0.94585015197727
-0.119875318531997	0.10730746038896
1.81591744536446	4.2979675545875
-0.0754850403666666	0.0653013104860976
0.320361686983084	0.320527804258814
-0.117206546995195	0.0651613916401699
1.120114120986	1.51251584730812
0.562663075442788	0.47651216268753
1.44835898193006	1.55454501901492
0.893492297674281	0.971708848736846
0.852956501955124	0.785762291966911
0.228287800210456	0.143224370749084
1.11295561929351	0.796334412818103
0.993424236727042	0.868278922856025
0.265600973182917	0.154148590758065
0.635029364582493	0.450913850413722
0.54658745157786	0.43577106450737
1.20763241350819	1.32697120063479
1.19178620172813	1.01000794265631
1.47167177070629	2.08696531770962
-1.09128419967691	0.911204235001582
-0.278923834706632	0.175303429531064
0.821670735282852	0.750284650001472
0.179562256731832	0.143847432890386
0.0414522775652886	0.032667901426343
0.655748141600375	0.749841666036697
0.198637307008864	0.1554646001851
-0.270213554006198	0.170225757626749
1.10957843663396	1.38199474630903
0.156888320449741	0.130778452558284
0.843827625038813	0.57855750131239
1.58164338467986	1.85591280869159
1.45453264594177	1.65004102274233
0.42276597057388	0.223094155983294
0.94879807634074	0.649348920124278
1.29808290727605	1.02217011579867
0.695267250106334	0.388848294567256
-0.212675915659341	0.105107945389206
0.795132769899656	0.831577074427673
0.31023334184726	0.15933713931814
0.981226165973958	0.858994755806767
0.340185012034046	0.144727462774085
1.46870007734549	1.17935011427691
0.782788474842076	0.484054633944974
1.14584688743165	0.887656187676804
0.735497919623345	0.859707001606062
0.583978454848247	1.14601635699284
1.33959021739448	3.79427697853613
1.35532181479612	3.77641757235934
0.828142050141618	2.02405980999566
0.524634415831377	0.798310088408194
1.58012577266883	3.19231821072195
0.00494909264143858	0.00469469345517716
0.40245787751323	0.55213305393093
0.405104364681523	0.413796403710818
0.707213030324883	0.797709253734731
1.73851079653464	2.37766544869417
1.25217746628552	1.84877757560663
2.30187217283712	3.30276628374625
0.745539795025915	0.659200407661086
0.5927057298503	0.447900685149788
1.34741770468026	1.23086930367656
1.29152524686332	0.758941242667004
0.124350744988347	0.0612250928439974
-0.0636323549685012	0.0365192039401108
1.90055561696307	2.97732832743966
2.0405391691409	2.6980716412491
1.24458359748069	1.36295226670406
1.46532425904863	1.38555241751723
1.45300255740557	1.89749429046021
1.05081403317956	1.29360670816335
1.43456544295589	1.92615351729235
1.70563275628437	1.82727731630991
0.590045364407096	0.548772868489959
0.701349332891137	0.798366088816034
1.20014846966591	1.99808750208868
-0.0575781087229576	0.0374422627170536
0.563513148390404	0.416798479476191
0.949405180126202	1.18143759122852
1.62957358081287	2.26841954479724
-0.295491703203842	0.153822892282794
0.805330157903053	0.690084032159846
1.66325472241136	1.34112574552902
1.117907465209	0.85580559724505
1.31157523547619	1.03841814868499
0.960902262896275	0.776739311780746
-0.406180051312399	0.204871948066341
0.133767886150516	0.0761992197065778
1.44129630487775	1.6397704550374
0.171272980612004	0.0691411430466724
0.443927885578944	0.303547133453014
2.10277502187827	1.84761462637854
1.71411772240427	1.2954404440858
1.71270151515862	2.525858750139
0.785880655345249	0.574647895741206
0.745160675771231	0.655714836737857
1.3537763892919	2.65398683465294
0.990044636309128	1.45275892675216
0.580869771825609	0.735165445246911
0.693721723207996	1.13497975730982
0.936209095269923	1.74775564533524
0.954482159934688	1.0505981603105
0.896227817913477	1.49448883303155
1.1917865545286	1.98777577928305
1.02657425501401	1.50714838588529
1.61177425518967	3.34340678563321
1.21457812439605	2.18136857063297
0.528196582911417	0.967979297271799
0.78426535582794	1.4720546930201
1.11827678015417	2.10540427291499
0.13284434846616	0.130807562654961
-0.160154319960684	0.173953249388533
0.689810134885206	1.15444178898196
1.21185277715945	1.91723560439871
1.35023304988739	3.09422727624858
0.834060111940718	1.06228479642059
1.08897339456382	1.87323140326084
0.885393610595599	1.22408992787446
1.42128543572307	2.75212791331578
1.49656196069135	2.38015537650393
2.0815288139948	3.40853565907533
1.35609524543036	1.99987996344786
2.21906489744644	3.00404334584049
1.37581026061325	1.89524031571272
1.09482795020107	0.711013927310112
1.39288867310971	1.73789094430281
1.57145326985624	1.81248169211121
2.53253397263782	5.08700800805588
1.667630790535	2.75275090634694
1.79876107830019	2.65816570733338
0.942147874031006	0.652527533134536
0.693444801835133	0.67636552387538
0.27775931760956	0.180333382696161
1.42132935817506	1.8174332993463
2.11569016038839	3.2266415984053
1.11551320825586	1.53817181315137
0.946917137979203	1.42134463872341
0.124955098834602	0.108441969638998
0.338613257269652	0.26446159701185
0.627230210187327	0.675016368918963
1.10246272895501	1.5827711199864
0.897558621554655	1.20001062226266
1.3212838626731	1.23540727799571
1.54573182691613	1.9091633229377
1.01489808089431	1.22003307810982
1.70593893690978	2.03063431644561
0.311851571424309	0.144832824750916
0.605843349388456	0.460075602229273
1.08623476661022	0.765021623195883
1.14126980851666	1.19107822031812
0.770303936335494	0.614121139446152
0.292445037654845	0.189155493291058
1.95146366313946	2.4370506837864
2.15444053725925	2.22801238328611
2.73413796973138	2.85242417220793
0.826992579892767	0.565319568307909
1.72105137880866	1.98051070476998
0.888267345499453	0.91146787784127
0.625079174220364	0.572447450585098
0.512955093515341	0.489135837615365
1.00373446250036	1.2145315690225
1.35069605305677	2.16068320144033
0.86730500912011	1.46370458606173
1.5996253995599	3.95969673130139
1.15319501148964	2.22364958944992
0.63763201723667	0.948975171027845
0.68148899143019	1.09296849936916
1.1872516003205	2.41717479072323
1.13883420605816	1.97761070613627
1.35382085911463	2.59872831483341
0.854136159262814	1.2356636001121
1.59988008557337	3.95246753269974
1.18411375565739	2.16436548857607
1.05460861254863	1.72392415085903
0.673454371608245	1.28015434515696
1.3411303998379	3.60630200219218
0.616259659261202	1.00270666746955
0.622114796594063	0.884184974098184
0.625177522575009	0.986146372897801
0.877821067362193	1.31462353036205
1.30606485769047	2.34198601601752
1.02934579643087	1.71511166197156
0.0933029102148533	0.074150704075521
1.03809824000086	2.12560400359873
0.792477700402844	1.10392409865885
1.57786207669593	2.56817816062941
1.23948218474185	1.90196507318006
0.773938267563552	0.854258594379088
0.774159923548458	0.909101514292763
0.914758299389104	1.38354232879227
0.0742271739178712	0.0464821451168596
0.780686690294385	0.564734325648136
2.92929307463938	6.16847281857577
1.95092967526382	2.93123012848615
1.47754059366562	1.56098441010557
2.56135653870461	4.3086669561714
1.12410747626138	1.08472512467095
1.44871640709407	1.77255230033307
2.1498415158021	3.10228516703867
0.589936247918321	0.490735998630592
2.90435696597608	6.02893368892877
1.65145157032105	2.7719369687886
1.5380659641462	2.20136793754276
0.865767423473018	0.918866649370037
0.977436059994298	1.71154478466217
1.37828874149417	2.36952669029379
0.731230353722477	0.729949265691495
0.158371787225286	0.112780111581499
0.422750585279938	0.356628003101252
0.928051500395893	1.30080885089942
1.12782733907935	1.10089479874656
0.826274322308192	0.753034015981583
-0.548280578207683	0.312378943330226
1.65805804281979	2.19700849279399
0.855831330378752	0.646379532819658
1.13183368281185	1.09409855677666
1.2671054323445	0.847298711084538
1.02718707076132	1.09411148507714
1.23126906605209	1.28245613127717
0.95333549956563	0.656342217798053
0.59767132096409	0.528632564444419
1.12024839771995	0.799436082472314
0.815477291800164	0.551941548973031
1.31691954919385	1.52709378872783
0.908157273576066	0.826650246562855
1.42997952870745	1.95040826483681
0.665962582610339	0.7585762291045
1.03954340273592	1.48208117979171
1.32040879693891	2.28362862801865
0.962082142787913	1.34622477215014
0.852445211258561	1.54293898867278
0.572642153598783	0.802348615513976
0.792777551418712	1.40242150879182
0.87144417355851	1.26656528814299
1.21705895593637	2.32174677069351
1.40608841927283	3.13961866594777
1.86265759955843	4.60984589199143
0.612124245663671	0.942528792530968
0.573504923031094	1.01014572078515
1.07419938224432	2.10245907925861
0.730473422179927	1.73448170940988
1.42953479591454	3.46995116458569
0.936519503387543	1.76409523394449
0.649053690078898	1.1910933461371
1.08190057108271	2.41841458506201
1.2970136158204	2.93829658051221
0.784149660766546	1.21254740203116
1.00351773011901	2.11940280962293
0.835485850465089	1.53476460965255
1.19018859496983	2.29711447573437
1.42666968449631	2.31730673691521
1.33500021802926	2.42108456276623
1.82143879555926	4.01276912478615
1.6351095938651	2.91475708367312
1.54820283785922	2.66941398062407
1.5750566362362	2.32829204071397
1.53146270799919	1.94682150632379
1.00700085551517	0.773304524537746
1.5094236794882	2.0490670880234
2.20382723646392	4.27583625753468
2.06507916111247	3.04967057824821
2.02970144986814	2.68276651050253
1.28792985015009	2.14836170302088
1.5783560895933	2.75464445985228
1.49235544830223	2.62713306247722
0.949838803319099	1.16376414956858
1.43581475520121	2.40323880889019
1.00856131844836	1.4311159868493
0.405710055677567	0.307194484716502
0.435948990190028	0.475995453992393
0.334902053625985	0.357685123493261
1.02929944111015	1.65606505261749
1.20843536098895	1.55683143816418
1.44184749765067	2.72519599227162
0.537506702194713	0.6015680446369
0.23831961299561	0.130641985638026
1.03260581960056	1.50757493594677
1.98725689104264	2.84009036334357
1.10184010045712	0.770352208369365
1.28733503585761	1.72903041852802
1.45385560376653	1.45571920244253
1.46277634386391	1.59795899971179
0.581436392771111	0.550316458994119
1.12468613701193	1.67614281893079
1.33616891983024	1.49618251762405
2.44053515153155	5.36172711163448
1.58895664174013	1.72220552018877
2.04323079257841	2.39770601546872
1.22872898651626	1.5681026063612
0.831402121608442	1.00986033516251
1.65402289337057	2.29882690945972
1.32785901729554	1.31745183823833
1.13154592205048	2.33971850106326
0.786241308116723	1.29602541928817
0.58319351883967	0.837097851854055
0.492491616852223	0.651154266133824
0.604234934834725	1.03641167008539
0.974793574020777	2.0929953089805
-0.170710069599832	0.187630031418916
0.763892425619232	1.28383431194751
0.149703561721788	0.164748165424863
0.849929598052958	2.14130465450283
0.802141100312623	1.43932935951032
0.170449520402598	0.189239821584801
1.08865822187756	2.15674283665714
1.1394935450183	2.42881229590785
1.44533714665536	3.13972139078688
0.762160604018161	1.20082376905222
1.51585371650557	3.49505689069492
1.22837271598408	2.76606330751913
0.868686482454986	1.35210377209077
1.29231643682497	2.63139408312949
0.706974350537302	1.05738141443056
0.86493148052815	1.39248943345362
0.570459866164591	0.736965339067708
1.50245026277835	2.79655027654189
1.01701126640938	1.28200637934461
2.15573191042647	3.43442091877177
1.52637323465572	2.49964584796516
1.34384968188664	2.00072358330713
1.71856287180533	2.74796127324115
2.369508740567	5.14739384101905
1.16797570135996	1.66958073895372
0.960342680877786	1.11977811674478
1.54650416661121	2.41586985962463
0.836792766450795	1.02293797909674
1.57032662642752	2.69529113716243
1.45927620040448	2.88327383854588
1.32670194023689	1.67416179664666
0.9708438487126	1.27576642521228
0.618580465458965	0.686126760371543
0.909408146412599	1.33377759950194
1.13138303686342	1.50102523093266
0.466141811618218	0.380686937599279
0.672754346001728	0.713729502374683
0.406719622093138	0.392049579812453
0.348525519565354	0.284017645371597
0.573627994150327	0.461633554600548
1.2800118426723	1.76228273403715
1.63625856894698	1.43971320883216
1.38872329272468	1.81940412151308
1.11426785273112	1.08874871794445
1.46609241660328	1.39455880525409
1.35266300501746	1.45488033568745
0.273927386267745	0.198639661808508
0.940672651030783	1.12494624694611
0.440483928421182	0.292316644980745
1.64704534419458	2.37558429431909
1.64354275058959	1.01781606327869
0.891492582631272	0.878668249287036
1.1507175929801	1.19106828137389
0.889514526377566	1.05816338826688
0.781323866167627	1.40356693082519
0.722820212363653	1.21917624822739
0.178504034961644	0.198564897413743
0.84038849776163	1.65649098033198
0.889049951240188	1.61588995559855
0.869252142226684	1.59598690338144
-0.0227032348800117	0.021332757713911
0.561953017634905	0.959913283837313
0.524215927457446	0.912696255106587
0.370370286500188	0.495702341066823
1.10572840542874	2.57417433029249
1.12758058035724	3.04334999009639
1.8859964199933	5.11203772952366
0.318283996623211	0.336467337229582
1.24586617130026	2.12573258218501
0.837994206128769	1.54564951421997
0.29070195347117	0.346862424880233
1.23639772513127	2.57557831144271
0.835388393774525	1.12746373106911
1.30879024625977	2.59023180184346
1.10468140845276	1.89494211307407
0.695234974469954	0.905239687261906
0.715533934435954	1.00320330592493
1.26059848839898	2.02275667462522
1.20492403482159	1.62878466506036
2.79092715631045	6.6435627035815
1.82837865554021	3.57579836425376
0.552017087440174	0.501189935604034
1.96269048234594	2.88916751851224
1.08460924160789	0.981206067096852
1.28947967478108	1.9995705672355
2.02284544482927	3.19964690023748
1.35543816150415	1.69486419463789
1.7332283441421	3.31981238627439
1.38382980587557	1.92471586510756
0.16317259018711	0.128173869925436
0.549668739855152	0.593882038744431
1.98008543652968	4.29291449753652
1.07326574185618	1.43633133107684
1.64846418705108	3.14103705959485
0.530646681289754	0.717937254727292
0.441808577210501	0.475639967006202
0.11587554471527	0.0643312252771565
0.283388734824934	0.237503309026936
0.819425239640385	0.93503390432521
0.303198597457511	0.259975804676647
0.829241663623292	1.10803398367084
1.65196892375372	3.05730057946908
0.00881385970507495	0.00464053346431316
1.23195095300594	1.51808009305236
0.962116833890126	0.79387561953815
1.35712622453462	1.48506013552428
0.122667841661994	0.0691859792135346
1.12172032205703	1.32051389150847
1.50685704951006	2.31843553216643
1.40281682659048	1.79101900821461
0.843622203412358	0.824093319202942
0.152984004547561	0.0821023364433023
0.627422922273691	0.378350563005637
1.42247682629112	1.91671891051926
2.40773050853755	4.94686528896084
1.62464740144546	3.32634235327836
0.587664392236128	0.971259744174095
0.436944949131361	0.677371491843307
0.418574004364446	0.574193567094774
1.09243419220881	2.73069984333736
0.849770143704359	1.61668264884784
0.788464963464639	1.4667722623679
0.713590646586986	1.39863091088778
0.716918107723624	1.05682101439468
0.499653187994607	0.693570664542312
0.888139822623387	1.94148577860518
0.865642401267471	1.85625707717374
1.89896701595256	6.35584550330716
1.76070305631831	4.89753999193344
1.24443870226225	3.55743216359896
0.856329962634451	1.23097940507399
0.710148334489873	1.06200575151926
1.11030969191812	2.5378682249371
0.454673995570681	0.635462090524308
1.07691319357567	2.16014594464601
0.639094708665256	0.917977179505645
0.957959693048473	1.52730541361385
1.40424088166452	3.16797104297097
1.18747436606635	2.04181804261487
1.31872348701287	2.68601898093979
0.600879244875093	0.806166144524346
1.46062341103471	3.09753990435087
0.832824994434635	1.35387394758896
1.64623434547639	3.28211991266026
1.10933377841324	1.54188566567422
2.29307634338538	4.5122985942787
1.25019569778113	1.72005312406187
0.815434585093262	0.89456211196065
2.01377056306179	4.52586586365092
1.36105481728434	1.94106140210355
1.775991561761	2.71249592949858
0.867795172084272	0.979338073539189
1.7449043125841	2.62881438901678
1.02462452747399	1.44876190937954
0.612121113065374	0.726526461252239
1.24711617559628	1.71706905310907
0.601001966409551	0.589414340969723
0.982480510636841	1.49617524552826
1.61963152321825	3.06650981323941
0.79285904016655	1.25264284520635
0.995974320606597	1.40986947786625
0.933990655679342	1.15985907738549
0.79574854307944	1.03210256760543
0.867671490728992	1.23272887341145
0.543049722428905	0.350462338806514
2.12903588335967	3.93095907515136
0.733231418214234	0.776195041896225
1.05302653295498	0.871399071977756
2.00200368901153	2.31346417080364
0.529632769969183	0.52816768002893
1.41504078953876	1.82977311123369
1.02849727240491	0.832916644688932
1.20166886779187	1.69925936508049
1.19698090187379	1.61846722275823
1.52434844475558	2.04844123389196
0.234785815548794	0.15732706195598
2.49638402184611	3.14723768741841
2.20223613426397	3.92605906524903
0.561881913899025	0.872177166209314
0.437539880804616	0.66048103956655
0.419121967159062	0.688826679665871
0.142129176836908	0.125774020370267
1.9288864855101	5.90461957334793
1.03386917360573	1.92846407772308
1.1453488155456	2.11597129207436
1.3841467560106	3.51613679647654
1.23421303064431	2.66134502254599
0.821949583082357	1.52979333507566
0.505939503900604	0.87152770409541
1.25636403801311	2.82603103782525
0.513608436743906	0.857630823563126
0.71079371610772	1.23862680744602
1.38479258417041	3.20808699011738
0.128125128031716	0.124968421215035
0.459366579841892	0.610348597646664
0.135193950900553	0.124425859196976
0.954207601497075	1.6109376078562
0.856161786569837	1.23690780839423
0.911732409907425	1.53633154070907
1.24967156661871	1.94377585293622
1.03145583376637	1.47185012476313
-0.362784801081777	0.362894574361766
1.27308165913708	1.73455640385129
2.19709012056752	3.90718499170344
1.12795906114122	2.28283073999971
1.72482829819808	2.53014290745922
1.58620817610776	1.94062781867386
0.992248198053787	0.998810607188871
2.3077926443073	4.67523436111105
2.68423288063668	4.88259892600706
2.09825139932328	3.47733688473789
1.84903712518323	3.19464829643787
1.3022919786709	2.10677446754476
0.610230507277136	0.578726682068529
1.17812169084111	1.56222972383745
0.352881028446676	0.323545744406586
1.54002941372091	2.55294262774995
0.843065113318232	0.86327014791564
0.982721789749843	1.43011037233157
0.72512467872947	0.738819055758851
0.602637098831302	0.660508458808753
0.649743281307043	0.623787934282365
1.072838003004	1.75239800361131
1.98680508387974	4.62733471649368
1.01597648470153	1.55174134831319
1.2779787986573	1.8688061955906
0.572240518179659	0.483344639349775
1.56598952423711	1.8266621860115
1.10908915681727	1.082064467511
0.584924078164839	0.436617611305512
1.82045667519584	2.68440598812171
0.751468811175215	0.595527858037022
1.31864943488675	1.13950918953402
1.40906250309269	1.78035128932431
1.55534215073507	1.68340847321947
1.21356346307514	1.59107727032616
1.4486792811668	1.55559337922553
1.36005848616371	1.60159769671191
1.89906908124412	2.95052366731206
0.599979881813555	0.839490365057675
0.395855534225443	0.60312685054834
0.787050627638398	1.43900387741298
0.533200413295415	0.817085674109992
1.11856837616911	2.34922124668894
1.03646164595149	1.70526717117102
0.913614181082627	1.48348268616826
0.667057552928967	0.912109201922527
1.11250712197586	2.05533112816826
1.49271002731075	3.21048478470639
1.24164819566691	2.58164254531731
0.161195737222153	0.202631851661045
0.328744581814895	0.481872746806216
0.479182290727507	0.823028314888318
0.585156363114725	1.05713155491997
0.60924826552461	0.866304786003616
0.424143667883141	0.569575451293234
-0.509897157066014	0.651630342611061
1.1570602594577	2.31770182991546
0.845769856847122	1.44081297113132
0.688074144502825	1.09865301239022
-0.194632184135809	0.184530009224396
0.510135536899815	0.584079362946836
1.72541024785919	3.8042879017719
1.24707545752888	2.16702434064195
0.967168971606061	1.37348064714349
1.16886849337452	1.83850637436714
1.63992257389485	2.84884584528405
1.92778787741762	3.05404242393749
1.53202116543994	2.21707544631182
1.70637325826311	2.20428786384969
1.99158721593437	2.8566509823925
1.83505785949908	2.13981199918223
0.73752976868808	0.573317837321894
3.05246338093863	5.2997801821188
1.11608199494817	1.77454653829907
1.10538026497052	1.27950318102887
0.750315769175636	0.629447930115845
1.7456749109529	2.71911447003076
1.3746268314377	1.88856528249539
0.693734012440825	0.492848849573677
1.02253755412695	1.34220544292917
1.00125519408926	1.49001754518963
0.32932890712841	0.316134687535653
1.12738751495777	1.67821494903382
0.137804558738301	0.103469023293909
0.0768242780655471	0.0579314322181095
1.29151394008474	1.86282581692892
0.189548744627542	0.138385107283184
1.18338782153187	1.34533103314533
2.25859456327332	2.16859928752708
1.9363068821293	2.89551390962408
1.23205398900324	1.22876691640962
1.35652543342034	1.55189145305023
-0.0995069421026035	0.0417461448109751
0.523316028495741	0.433010896893411
0.871627235766706	0.927154308771369
1.60192795853259	1.39259761083746
0.595756741861385	0.589333691850307
1.94165748122111	2.46382133880751
1.89946724078795	3.19468397315885
1.41157989960602	1.95465899605668
1.89951327895601	3.19946876576355
0.571074268364726	0.761285066455764
1.00247203370021	2.07311479965956
0.440355452343263	0.569468725094595
0.645414632871212	0.797270058578271
1.14892451524865	1.99434297540339
0.511438407226731	0.735556439712468
0.544753815185483	0.667199012339626
1.23591919854764	2.1632421528199
1.1709969226995	2.26352166908916
0.346242663881478	0.418020825989701
0.682623923719878	0.87437540735071
0.843077930413357	1.31562656811021
0.340523218065944	0.485800247232389
1.07192626336135	1.95933653855979
0.611603613799914	1.02368529599398
0.853579702022908	1.52000598917574
0.746687181053456	1.15962100884099
1.10427160043095	2.29593866381542
0.399928376965028	0.609715908203281
1.03435891856525	1.43436705444652
1.34923942585353	1.9608023930003
0.785873144287176	1.09525865172719
0.93293243120173	1.57899237984063
0.919658944807661	1.2147029316769
0.71896602152541	0.707419247203778
0.609640892535831	0.724886255182839
1.23579595573448	2.05187603240633
1.21314297243964	1.62999247824697
0.71200379350329	0.666312117660075
0.715243706507733	0.675101400200958
1.4553095024337	1.57795465246553
2.61392238392416	3.95482428935698
0.332390983377578	0.240322727122993
1.01406221082772	1.00568430689824
2.43961908324589	4.14158326484948
2.01863619395969	2.83893598343941
1.08874444244172	1.45493514539997
0.69721567078276	0.549714106799714
0.366171433687186	0.319416262920273
1.60268057327543	2.14952112002566
0.847896534760311	0.679111320146404
0.536288323316787	0.413850682901346
0.340159577374077	0.238669004320055
0.71545987466912	0.699438912583556
0.103813034807292	0.0723665216562653
0.166804804470409	0.123278787538624
1.43893999238645	2.31340994468934
0.343838185783921	0.299921304506783
0.497098825331903	0.487922786576372
0.994949677293227	0.918616393125326
0.982197204293015	1.26776541753136
1.69244087060925	1.9816251015028
1.42996142250832	1.32069317809875
1.44325480874797	1.43567108727137
0.980558504023651	0.685017558711664
-0.552433287230167	0.271678983221499
0.155954275115715	0.0940915960749687
1.44734359849752	1.36204519061512
1.24218791319745	1.44255354597914
1.41354545594772	2.18447223092884
2.02332879655496	3.07874606387564
1.45781487847318	1.44942212872677
0.609479367163379	1.13716095037355
0.581791027262006	0.901939599763814
0.45540239435809	0.680741841854381
0.596025149399894	0.84325581194365
0.723525994561113	1.25337137184547
0.423393013429682	0.590464196467823
0.22257364249182	0.293094515948667
1.15628856465804	2.6346552756032
0.688184842976904	1.1994604134301
0.964181822113847	2.14885755250678
0.431975931772486	0.622176347136964
0.817064617046747	1.52947390511559
0.495361242765567	0.696739628487039
-0.047315131167476	0.0494611827811426
1.43102676798806	3.18412923664961
0.975664194201398	1.42704170347178
0.813298706726992	1.43449020616478
0.510495377419484	0.620953623283878
1.44490698852526	2.18292053309942
1.01044646974152	1.33601681277827
0.330263422212996	0.324750721175089
1.19445842592556	2.05965043230529
0.704718507837878	0.884887077011087
0.961864682466202	1.44544895830956
0.367406947034477	0.348059882885584
0.131585706978662	0.0953866060661783
0.237735310084044	0.210039956911209
0.128940595211261	0.0950719224392427
0.161005739594833	0.119626869638281
0.528204029909676	0.489961924271337
1.72656237133322	3.27273724635742
1.43543944205489	1.90641194457622
0.897811869043277	1.09916907200301
0.284612277381466	0.182296745819036
1.64733584167505	2.50167359736151
0.702376607770496	0.851208728711919
-0.00407550469578344	0.00232157661148557
0.60113681556927	0.565518575360771
1.06100277561829	1.48432005958764
0.22903851205297	0.172849322229766
0.00872243743585373	0.0054885028330876
-0.655670730105168	0.503757208817546
0.00988923116076033	0.00627510761203984
0.61203068354064	0.637074091237404
0.927969337570884	1.29727711189001
0.0569718718518539	0.0383573009950188
0.634758924762172	0.759774621316333
1.81927571481463	3.70523684072364
-0.0320093006081033	0.0197577908093086
1.41085711186112	2.50145800660801
1.46779292357028	1.69470358657693
1.70683500558902	1.98559010673569
1.12722945471901	1.35899404699376
1.31870070313947	1.82434082423003
0.602169019533597	0.447294458849195
0.347010173215313	0.281825695791413
1.04468362028173	1.06121424028567
1.33848606145793	1.47562527059401
1.85361200545886	3.48140420272789
1.47620538674999	1.39092630631447
1.60971077541686	2.68536595170844
0.485798388441433	0.791542228743685
0.823346753113121	1.51824491841024
0.842315539315295	1.36572228738261
0.831305104892143	1.4016048323224
1.27068704347913	2.53205361224561
0.145919946855769	0.142333555467592
0.580987916183861	0.807603029973946
0.377783403638007	0.476939412745438
0.60047931005163	0.722759934790679
1.20321880769173	1.92862634047201
1.60154846685398	3.29101818315855
0.19033099533812	0.179909285312808
0.367903954776036	0.41727708653559
0.0535745505516023	0.0445082242325595
0.375036633194234	0.344745939337963
0.858215054985433	1.41211212552784
1.10167453034017	1.55851593961741
1.03093259820604	1.31060843482055
0.241976509437834	0.174903010086417
0.593099801146537	0.579717829565658
0.948053333601502	1.2124666665694
0.718025486643505	0.707431043758613
1.73011352326603	2.9184836609789
0.343304967567288	0.209282749109118
0.701855573819394	0.674889707317835
2.52110975771967	4.58146974309717
2.0282335284686	3.46573254503947
1.06194614230725	1.18024647840686
0.976321204003863	1.21980531957053
0.332880220559089	0.229778740367068
0.0720871094003031	0.0510984669408105
0.132484632032858	0.090929549736972
0.0669946884893031	0.0461714921973476
0.482533656127034	0.470600507331553
0.41104549391113	0.358301337662484
0.377900206208445	0.235330098540553
0.350525798581587	0.268878142549663
0.762519468272948	0.84130518641253
1.21842333040807	1.54269721146691
1.24841634206223	1.80758614767889
0.988323281577788	1.18751825387571
-0.0338815507593266	0.0240982645541445
0.677952238944996	0.909795403406157
0.840866249609565	0.815668430635544
0.971877290621012	1.03415888325728
-0.2214341921127	0.111943917175592
1.25143056927636	1.50429146554411
1.39804650156853	1.86075774313638
1.24126995121147	1.38061855061504
-0.566824817776325	0.240480168749619
0.365121223613074	0.226517684376494
0.905787763962801	1.29606271595522
1.8698083682208	2.95418850233526
0.918158251238487	0.865320317148815
1.70115642931387	2.44339674951316
0.441948966507706	0.758629509509279
0.535334698360648	0.952820214067438
0.451529160222053	0.763145096377703
0.442738787420349	0.579713910847936
0.776316419498026	1.50439992442545
0.251872264708009	0.330405277140609
0.336224073224369	0.353706515996128
0.603294319614942	0.892366672299281
1.0540025552835	2.6227247626311
0.650341689763229	1.1341645449631
0.750635555390878	1.47018183588639
1.12931611463434	2.53625411818263
0.996915671978031	2.10718504852839
0.548697633352066	0.759360290497455
0.688516375693402	0.99012451288038
0.983373229965467	1.75852244873544
0.358666232852363	0.429120842786281
0.530608369687582	0.599860481411833
0.0733427690741656	0.0546729490803791
0.680897031322148	0.82663506310758
1.02104535558312	1.78933629984452
0.0829988261558744	0.0693300704488745
1.13056144005488	1.78482182436397
0.542827735654964	0.53769539498226
0.474336920350705	0.500635457893854
1.46510888336131	2.26612218200091
0.264840933705139	0.261335650127866
-0.0681553415216758	0.0506075365518378
1.10492734158789	1.69319121457023
0.937097848037156	1.57729566420916
2.02609150440164	4.00290196725469
0.352286075578985	0.337359173295281
0.169069272098039	0.149811468948881
1.59039502237545	2.65972844094519
1.54588348863338	2.8606739247942
0.542492178001611	0.612277617595772
0.316015640316594	0.309930307960893
0.945356164510863	1.16812012249178
0.173395050908259	0.134253235653901
1.00350595215955	1.5329023817632
0.525421419454731	0.537911798667067
0.734023320889588	0.906092561247147
1.66940522394577	2.55551859218947
0.660769773529581	0.811949788546193
0.774969111231919	1.1841454613419
0.602850507090846	0.849809872258956
1.05874686214144	1.61634433024806
-0.457072867083187	0.381569669032946
1.77036983004813	3.49791215973711
0.940571413008136	0.968278342387422
1.08051725551201	1.48321221222832
1.55628982217849	2.27810233223269
1.33756824124538	2.10306912825125
1.14807815921761	1.26315424693145
0.528193766033912	0.618135446178366
1.61732355929708	2.51117455272838
1.16223233312068	1.87454230111418
0.459633230769022	0.781316302341419
0.205583495505062	0.238414898178552
0.746771401772753	1.5283969237924
0.140351841955413	0.16391656158303
1.36383594362015	3.3376738159097
0.846312990732939	1.54323337044762
0.671676373038902	1.20979521808489
1.70881023573327	4.13658513566349
0.535582467087418	0.847309676304958
0.721512666013603	1.30558288554674
0.198905756736707	0.223097441615812
0.198999073618586	0.230184041190368
1.23893919589333	2.19244668915469
0.629869521632636	0.979318486071206
0.457537239178887	0.56685993061839
0.467854115533332	0.563476820116733
0.442569791952715	0.550703202465279
0.136888778620826	0.122692347702799
1.0485997608747	1.28458953764949
0.513436523329177	0.587176440100012
0.474836884548813	0.454494054290378
0.363233461800583	0.42301760683976
0.104364198879587	0.0821851215031841
1.05908781337807	1.53434619803935
0.692433991104696	0.830963833775908
0.540159349391328	0.549855269756817
1.50313204635384	2.03492167228061
0.970505563632632	1.12603547471529
1.13606062846896	1.36681261684543
0.297134905227601	0.224676951815221
0.355499147714875	0.303100023686728
0.803665862728275	0.912995681054341
1.82421874608004	2.62992752302825
1.04247515365454	1.28420932713546
1.43613883967064	2.05936919639733
1.45948737380239	2.29241450249199
0.459185000521685	0.447621726541197
0.93917970621887	1.27360758624014
0.892661870042961	1.2702720539881
1.15490464375435	1.82789686020407
-0.365969905661249	0.280370976506057
0.959789230234457	1.07106087951378
0.050464380958772	0.0399730180301005
0.981629997802634	1.14897173906339
0.298831322035468	0.225106013075538
0.083701203894691	0.0601631974057064
1.65853817377085	3.14747194083767
0.434567046373883	0.434218657646511
0.728959252956212	0.687430443502839
0.927012345871539	1.05768796284718
1.15242248375458	1.19605841340766
0.277437395293612	0.199386144785736
0.755425607117703	0.603084982789312
1.58112317550373	2.57677301487861
0.605909477586097	0.428761913947203
1.26191153232502	1.7894335341665
1.07725115852428	1.64251047043267
1.47573182377928	2.02952401629296
0.990368420455153	1.53004367544528
0.49660393000607	0.772031503145481
0.403636726977083	0.608350281902908
0.733652745662881	1.28407694356785
0.443880404424755	0.761287432833806
0.475525076305187	0.725285737707275
0.529515234855833	0.740562529364092
0.184052202402678	0.175547698237622
0.173187627139071	0.217888058255057
0.189744607001632	0.20248967334688
0.332476880857907	0.407005227496182
0.580981600747031	0.824965753430482
0.48358392398783	0.643621167141828
0.269729489854338	0.331770100149041
1.08615757079442	1.83975081079884
0.372069653463335	0.401314101280703
0.847355795928258	1.43340195044319
0.635176328315975	0.95100995774045
0.823305289426364	1.18726461798248
0.258442794414697	0.250620422531848
0.315587803586308	0.337484585444518
0.655297511629794	0.77874226154427
0.165140550445151	0.118588286657684
0.429784153244518	0.378272460930107
0.896528695974057	0.932863663190637
0.0586086225544892	0.047879068357451
0.705091509726088	0.817624693669726
0.130322697323171	0.0986967190633549
-0.104232722086989	0.0569809609709461
0.959671048346243	1.02396182471673
-0.130247228756148	0.0969673011265766
0.52489810888732	0.442514423069411
0.724963766617831	0.779808163471534
1.12341050792307	1.50553258423144
1.6465875160621	2.96605710963187
1.3489009798693	1.94560130071775
1.1218395327975	1.14642229797496
0.591069069125378	0.75382236006086
0.236517504522585	0.212112238290559
-0.000204910158188923	0.00000971210663875567
0.29942046592231	0.237005654466672
-0.25477852178305	0.179017128162018
0.22856036223616	0.194934850998209
0.31943837645866	0.296172393457083
0.985492066091209	1.38088014754302
0.716660274488917	0.680202618617787
0.96906422005417	1.49653726407398
1.01748587022369	1.33775932927682
0.264200359807862	0.190367025991787
0.30223371371185	0.258066610702739
1.10011918109828	1.05016816439003
0.168885548637386	0.124327777157848
1.7932270230434	2.56317261237447
1.02798966693354	1.31155844471192
2.84340138045069	3.09343832252483
1.12982813485331	1.43078532159943
1.36008417665468	1.60205148289577
1.36379798616424	1.55584073677455
0.602139229393505	0.880441018275597
1.04290347929657	1.85605855519538
0.63642556044343	1.09608081696868
0.99490654444137	1.62726020583544
0.295560252946092	0.370870194492739
0.224382833563934	0.267875086273511
0.508646688906444	0.776953910735242
0.532594313805266	0.890872093344322
0.555513801436353	0.723697778883018
0.654667811056064	1.18667657003407
0.54294922919156	0.722233243246938
1.20969201908619	1.78184476119457
-0.0951868151476197	0.085303573644631
0.712585499002453	1.22031041170617
0.112273933571518	0.0926756785113428
0.527718654219927	0.528145807494621
0.439749158270894	0.387923019921683
-0.269450128452939	0.213270298625916
1.35518638879285	2.13332722925699
0.817563544860746	0.867021253606726
0.620937384058075	0.625363126268734
0.7481109345247	0.803262714677428
0.363351352921523	0.27772612844852
0.161068009386638	0.108989159993525
0.411705248563675	0.357407453184387
0.0775216218104064	0.0427993716740064
0.640742706791738	0.579793207613905
1.32632270559739	1.39922578607832
0.643333352402174	0.644137128245297
0.925181786076911	0.863172645074907
0.604504529250339	0.621419360260732
0.789178485268665	1.03834183942652
0.815237435731407	0.780709057746492
0.766924079839114	0.777095925348866
0.413027683500591	0.317570526753731
0.228506236486474	0.167295910896925
0.292228969704068	0.200067332438499
0.732985483546015	0.88044549001592
0.432752036353426	0.406567663433126
-0.15910367833959	0.109100731812496
0.228307583830955	0.169219258603362
0.742936458390435	1.01844443395268
0.121282563670521	0.0847909261867298
0.463537611037697	0.554979897262066
0.908954508489443	0.798875438650634
0.838405073184578	0.939103294570298
0.773978888007202	0.961047156241793
0.0479330699331778	0.0238646198233256
0.573855928657142	0.427936856906621
1.17189804473209	1.59161897341674
0.786426250804532	0.701067666783709
-0.0483758072277903	0.0317273861970058
1.19812216732113	1.0245733194864
0.406356134216647	0.458101094522823
0.414962288162164	0.485138647234108
0.512490379219206	0.725087777270574
0.792440867808174	1.21613936828868
0.731838435086524	1.14691680291359
0.111597608359469	0.104067532133036
0.650924310124655	0.94914741243726
0.823255876939822	1.27707175444389
0.663613994809044	0.891241670835508
1.09998528084162	1.90109411799907
1.21338788529065	2.23710218028399
-0.153287039043654	0.14530690709956
0.358919779058548	0.425885274283009
0.474021538601719	0.629874433383282
1.38429293518759	3.21027817691556
0.90075806857359	1.95137755996658
1.33688262422364	3.35389042526412
0.416524103817567	0.491999000132373
0.983622041653635	1.74222051917585
0.57131808204826	0.846543796842785
0.818020062768156	1.45769710356234
1.08669981885222	1.74770442382576
0.0800623774785313	0.060666881656485
0.271498786172575	0.234250033577849
0.894253886353514	1.13127274231535
0.363031375583006	0.309592582631441
1.35047585252345	1.44609075278258
1.12159075671612	1.49352388941047
-0.0409704659390425	0.021811422553725
0.187988755505848	0.107128742704377
0.40937379687029	0.310925241389302
0.764557969803044	0.609517587855332
-0.29963456252548	0.20079060240208
1.81014283888917	2.28007619906019
0.469420997856784	0.372785760651993
1.03695905796624	1.11168391276728
0.740850811080129	0.573964287994455
0.330910566312109	0.245487898167284
-0.366139913314064	0.192275406480886
1.06561687429539	1.4753893435065
0.822092015190627	0.748625070650785
1.66455937148056	2.51573140023474
1.83448907519631	2.34822936721085
0.182362866912565	0.099023773499769
0.868564539845859	1.02424303340166
0.191721431745463	0.148510112989745
0.352635733784762	0.29517663531537
-0.306627602911382	0.208661141712142
0.992600898850315	1.16579208629202
0.857091194367106	0.847635300134637
0.9168354984991	0.85018339331506
0.659695913301058	0.508943090572354
1.32218384203698	1.58142789437399
0.5178703152089	0.330743808116544
0.121165051613046	0.0640667026687284
0.502898286575556	0.34495518021576
0.760006144904869	0.475321774487287
1.22166432635005	1.20131150039363
1.14065345685017	1.26949054198887
1.92464018374496	2.57893172398545
0.818081883076327	1.93053750324405
0.930889562853895	2.25623941044699
0.735134839077493	1.79637910083427
0.785313924507712	1.42797035249221
0.892090639259208	2.30355549507269
0.983374360486976	2.37360360262021
0.357425621114018	0.513640996280556
0.677574372306452	1.3867116753205
1.09894709950247	2.36843532657157
0.978537343849835	1.73873030662785
0.968041154307267	1.70284296431274
1.40061327015603	2.7313080209791
1.53424410837853	3.84194003141733
0.773974150043687	1.15012121084075
0.410002783149055	0.684677939461551
0.693631660273668	1.49115197881011
0.585877629441438	1.24511844887024
0.301018257508529	0.459466711691421
1.44569191027968	3.95215340764206
0.340094694031432	0.533754529366507
0.359874523720936	0.571991901311431
0.984225419907791	2.0973938984584
0.224567635448321	0.235625386276086
0.663006236861978	1.18906139679118
0.453372772959095	0.57424062193312
0.295720137215857	0.321656467681643
0.639313550596846	0.725090039509831
0.577473551900502	0.711268737738731
0.874740205399665	1.2421218753696
0.879810705556208	0.958566625286124
1.17482476642302	1.77202169812962
1.71054759374816	2.50725380208131
1.23899388602859	1.2929812063098
0.198656082704038	0.11696522537373
1.36129943673299	1.9345713175346
1.22710371229519	1.36228823065029
2.00369296366696	3.56919929919304
0.854836745690931	0.789156691112679
1.90255235008666	3.12692177468431
-0.343596497131381	0.20586360612986
1.56074135384776	2.81064835827128
1.38327386903183	2.00415044872537
0.97611082772146	1.11301377962006
0.227384558426882	0.168358492483486
-0.127489090869625	0.101594462252333
0.873738919960121	1.35022995925959
0.187658769482517	0.175321759637401
0.920846438352073	1.21873861142921
0.305284432240588	0.262431112132141
0.979801740392832	1.63836916701467
1.23883859177514	2.18088461004347
1.38014118614795	2.18933294233858
1.08009492967683	1.27984605794445
-0.0615611769330078	0.0352081362975724
2.492545470017	4.02065049508884
2.22513581070565	2.14868400447481
1.33182512844856	1.42314475414546
0.137948611225546	0.0668879453230254
0.163904439365716	0.100578838972474
1.05634058021415	1.2468440461138
1.5916230126653	1.94023812558758
2.02704397121181	2.63695136705436
1.26428742146497	0.814752277261981
0.965105100665975	2.78842502799429
0.977319684688201	5.34028665748914
0.450602338310703	0.777567938674109
0.477073405026095	0.818062816545434
0.631172471956916	1.29185149939939
0.663499617530323	1.35560800686771
0.998530096322587	2.5880794669486
1.03748525105198	1.95404531451022
0.848776274168927	1.51644897292829
1.1545778121337	2.4695702275959
0.554593109093295	0.835729433842587
0.663268932152711	1.14331075319061
0.0695467274349932	0.0671035982807335
0.318910497682135	0.497587748651063
0.509749734279446	0.880214179056959
0.804276287513095	2.10320389643607
0.783066257548549	2.46934397639075
1.56578314473561	6.52419226829305
0.729348970531911	2.00803133566092
0.886596899908278	2.66893030326132
0.816456233438628	2.18166477263059
1.02639604299444	2.35027379535998
-0.10990211422623	0.124020944278599
0.317027165776887	0.392422046887292
0.841439995635613	1.3829278117755
0.821919091247611	1.34906397202609
0.259548826572739	0.237614128384615
1.48428973542475	2.33146063267952
0.960077364998848	1.11983495934682
0.815094485940662	1.11842376841033
0.886345041452489	0.955336368974687
0.448676324476521	0.372986270328112
0.923418786524515	0.904629674341698
1.46876985101873	1.6990943291436
-0.0808072795417214	0.0497392361318889
0.503922667119848	0.369536389908149
1.37729018802073	1.98656353487718
1.12407818176851	1.76434854767633
1.31847097356318	1.18718916748575
1.04741227622964	1.30623315589304
0.561386827576883	0.514975734798509
1.05993480635324	1.36625746155183
-0.310282017904912	0.24404236026849
0.325153380599348	0.28586719790737
0.408257507331355	0.447859122187389
0.435438651943384	0.546312206597069
1.07067299984737	1.81379582909285
0.981132757888749	1.14076141333183
0.533267475926412	0.647754433355066
0.927372119535382	1.25326462390327
0.0853422094386717	0.0560755790865745
0.549450658364042	0.402961608698184
1.57730559260249	1.8518987412971
0.871102723389337	0.85768836476108
1.82707740265251	2.30545277763543
1.10420249983531	1.2700291517678
0.755238698424408	0.599589955233811
1.04162634573421	0.999700240643098
1.760031568403	2.33187261403065
1.72619649327519	2.37832470086553
0.415117614712513	0.31856895707682
1.43747862299846	1.53914810929302
1.86179452845461	1.27914158659693
2.16667651856254	4.05450466152049
1.27932104449647	5.60153350116451
0.935799283008905	4.02713953024446
1.11613004588505	4.27902374308494
1.25294466585844	4.41410092719772
1.53908734698866	7.12289990208626
1.38114940867219	4.71704929369152
0.863615972458155	2.48392762146446
1.07243273833726	3.12494599866733
0.698516361222462	1.59412451507859
0.855227682353344	2.67744045138494
1.18824577062721	4.8271980637921
0.564257849210864	1.86521162430023
0.936123081697343	5.11892818537393
0.867081940797859	3.35825004568943
0.505417238638774	1.08682295664501
0.350929854893734	0.583109045849035
0.937387799117599	1.96513656025944
0.710438629658127	1.42964818120263
0.534012846885247	1.00973700588646
1.1252854829089	3.41672726251724
1.08265772208311	2.70506115224395
0.934039867127263	1.92139108490168
0.46931048195012	0.712643468227054
0.539067423027607	0.910799728410369
0.829360913110205	1.39757430829948
0.545155738978755	0.746647793560506
0.984394251013203	1.53303629016566
1.5866773963366	4.56191826438168
1.09558936819763	1.92207907597402
0.801770984157379	1.43989790214778
0.806232236016627	1.50778160099479
0.688416009704471	1.06750735426692
-0.0445041343709718	0.0554091695046176
0.1877739279121	0.256681461879904
1.49443756998383	5.67122678793982
1.03411822708583	3.42101109177586
1.37412962294748	6.3819555136997
0.410174326366355	0.802387838987772
0.860062657982982	2.86891596776058
1.10491627693579	3.26191016678431
0.615800117999419	1.11869316534536
0.630160479810614	1.15997942854254
-0.222956445778991	0.25475558108841
0.393138416030512	0.614438976390279
1.01555458436745	1.65594948303658
0.844120356678495	1.24310276519879
1.30960058613611	1.60193813255859
0.907653939554967	0.942489848621074
0.896189031510435	0.934263901835972
0.890308548309899	0.963809484044758
0.880392718393775	0.871681949079625
0.148272060452409	0.0845770659148737
0.0254520848266953	0.0132474887324955
1.49165887712892	2.11233778687648
1.3342279365658	1.4387947019836
1.94261927599518	2.02022629394189
0.962725396867428	1.11162321500667
0.869201930789891	0.698689909265804
0.772778580608272	0.614075616509991
1.46761025629532	2.71709860191913
0.834988389716702	0.76634934713335
0.775580316147275	0.553071340282862
0.276344258645056	0.207952852615064
-0.579307630252883	0.671514514084563
0.876252638940522	1.63315881710109
1.44693916865059	2.94895044623017
1.05272082090108	1.26217317439418
0.629552043819324	0.648223590818071
1.02034943612086	1.68489446997858
0.609740917974118	0.467167673404556
1.21366891127454	1.46672181429854
1.25113026227459	1.32878965927859
0.735178171607404	0.617365467228092
0.271813313762643	0.164169242918317
0.738257599651278	0.550784665248058
2.32686900013076	1.16063335520105
-0.463261883532956	0.23067077369634
2.1612215971949	3.38889228825767
1.65539254583049	1.35109828180886
0.973528410103285	1.00512575946163
0.928294924563332	0.704964900277355
1.11885266994367	5.23771916895534
1.28762275791019	5.29039570515625
1.31055919999313	5.84342545188199
0.869460804476316	4.47114290465272
1.18832556557733	5.95746972782009
0.847063217739561	3.09661562657901
1.14319055584501	5.10571988612288
0.866677439921031	3.50301886535169
0.834705972379004	3.81825608377504
0.664782503907837	3.02024834075666
0.457734736614515	1.95281112377096
0.571577109771024	2.41797064654605
0.53037099877303	1.23915488167182
0.690819240872954	1.62507622705277
1.3160865354706	4.79575321116418
1.1256304459714	2.9161930311179
0.559625985077838	1.28321908197345
0.896694153384081	2.50900738693069
1.47945706368903	5.54075602105251
0.975000012705201	2.4470817772866
1.24716189642226	3.40124711129508
1.01206696647586	2.3623993449058
0.683988582619077	1.15443394486688
0.897203193065509	2.13369928313941
0.39758613442392	0.634949577032746
1.02045428899497	2.12564218193337
0.500455763794324	0.628218107937986
0.392191282761706	0.579986449916208
0.88389975086154	2.00031617460132
1.630287149012	4.74984555752272
1.95442242598893	5.15447965786417
1.51537096428328	3.13831093532863
1.34475506880848	3.22108486178371
1.10933762027298	3.22859561740364
0.249521720249546	0.447779271810317
0.656936609296341	1.39387693940459
1.25267736916676	5.80794272898738
0.816271396489592	2.96415945044602
1.48202988608693	7.72734305264139
0.710633178174802	1.96303536795145
0.525863519659205	1.3960389382698
0.41998069174533	0.799606779023306
0.617090664625397	1.10759566742756
0.60644964213599	1.18719490229342
0.942492599137063	2.06983438911734
1.10229497578593	2.20331570049094
0.761174651716701	1.23017264992086
1.63128535932352	3.05791927343133
0.868495508533471	0.931422579195189
1.37476594594684	2.3001493126439
0.95095112599571	1.10368869685618
-0.621028973277143	0.457386047287003
1.31221665929889	2.16380117207137
1.24068046643774	1.96625562986705
1.45334569803354	1.66955323811721
2.31275496202868	2.93800022415418
0.686815321470328	0.481275742418402
1.34825507394391	1.45093358351414
0.792440551540218	0.890989568129858
1.76696374091699	2.93162381332893
1.52448108671795	2.47042384026708
0.528593571317516	0.567563281468735
1.5579033797469	2.257485682604
1.32704875272129	1.75936345680544
1.02897007777925	1.37864144415548
0.745983641072024	1.04104257585472
0.527221189301498	0.727482405394584
0.673656276996971	1.1254134598836
0.640865940991053	0.795774748742682
1.20787720254845	1.94728612096195
0.949893747210305	1.31762259700459
1.02338341749095	1.18423520568007
0.254397278293723	0.179999279663485
1.03305608780263	0.990842346104405
-0.244768270942232	0.140194596745655
0.836483421173308	0.765549905522032
0.783116110585029	0.740909378452909
0.613549765925789	0.427672130838541
1.1586962426041	1.2605082636694
1.03270887335472	0.987710216202797
1.2413294146808	1.28930206951339
1.34696715734224	1.36300263514303
1.54310176472375	1.02939122663811
0.972183798589814	0.685935110220359
2.12586031559501	3.00355989192401
1.13229009792576	5.41683436545545
1.07700481688425	4.52048797337884
1.57399978156677	10.4227721481979
1.27206527715659	6.90509528369156
0.614955999880752	2.66470840777038
0.893909130948032	3.64436929775905
0.962193989884575	2.6937648593289
0.965350200475031	2.63080936787672
1.78439325234044	5.97567171175216
1.20429606102116	3.50541991608002
0.978614302740529	2.95376728794991
1.95219924097426	9.38641432641327
1.16833113921362	4.15037337360963
1.20805392027407	3.65036087563866
0.549488399852796	0.989091750498902
1.30284310552646	3.37954315668912
0.694887604209196	1.37722844049315
1.12113752493769	2.95883246268848
0.85268248236484	1.97565432163811
0.289186607902934	0.370579505554511
1.09874041826008	2.8468446120724
1.19451301444613	2.99132937366711
1.03541936352796	2.3912247021079
1.11446366074549	2.16641236745299
1.4353699477381	3.44469531063062
0.632772298726437	1.15454945814569
0.631483150262193	1.12415384561809
1.68667081766931	4.50844538125482
1.69207595077101	4.84463881113941
1.1585914212499	2.53912643871674
1.61425309685492	4.96717242495229
1.1434015638457	2.72967541334344
0.325546636024363	0.603396849141538
1.47072814046503	6.43300621821429
0.903719945731536	2.76878420254727
0.761811174679835	2.02690822630544
1.03250048840776	2.88305676933553
0.198623663925625	0.310852984803877
0.54520504101458	1.28883748739067
0.716655600963036	1.33146205845546
0.516344135693584	0.746773591360531
0.282029503204723	0.351342305847731
0.658197626817984	1.1050759385257
0.588939291380698	0.850523429030502
0.24063581300291	0.2526409766455
0.940354597848027	1.24490588343194
3.29173935975596	6.48243133087798
0.818344056019087	0.921669101136098
1.28839949246192	2.35147573233826
2.04788174974694	2.7712127872527
1.95462585091957	2.49037275490631
2.39933834433225	3.94290618030389
0.704953631379258	0.586072354841829
0.63113018709905	0.369867523968068
1.77392594695228	2.70194574162614
2.38054011253928	3.11512213229904
1.0528797107261	1.24770715756525
2.11690956345435	2.71452859831239
0.630820608578227	0.546092260533491
1.44048519495302	2.49534647560024
1.16844217535768	1.5373351796122
2.05934035745786	2.29482735268946
0.389303298763166	0.36056603881042
0.40972632786687	0.409397863834744
-0.200447100277125	0.134494104951795
1.00552517210655	1.42308794967913
1.12533681426026	1.36078276437974
0.759637850005733	1.09804880303947
1.79116555113708	4.19496859648219
0.457863315629685	0.35544283036057
1.15231217501774	1.32893326489629
0.440422928802655	0.231080070746327
1.60597889569241	2.19124061477687
1.45480098219518	1.56900278173529
0.466143209751253	0.357100220809378
1.77502739411188	1.7112856208988
0.635334325649446	0.451432213391804
0.165020498429701	0.0885962852759848
1.44620355985347	1.3712071722054
1.27272106272188	1.43087872735102
1.46834751584063	1.25159861367472
2.23103579958151	1.84077200176978
1.81165099569308	2.41696223723726
0.979994530917446	1.03356551497282
1.1653775041609	5.50045320152955
0.932122595990752	4.15318317589921
1.07131297471885	5.59269773414478
1.34305415267414	6.51450467788595
1.14117215070588	5.06541876338293
1.15992885028768	5.82109302796107
0.923668809567791	4.50026786136562
0.605219217542867	2.6316302340748
0.68221126241845	3.10270405373515
0.944476088013574	4.34672254236401
0.665024075213674	2.12235790863236
1.06947263112072	4.11912869512582
1.22354136377873	4.61289338429419
1.27615856290556	5.93171460864781
1.06331295436887	3.17056313631046
1.26568405237942	5.38163271319214
1.26689991859096	4.84846280708777
1.6485100034146	8.52071716477316
0.730634621326433	1.89069189823398
0.263208516188721	0.407439708652686
0.675933047706179	1.40349883798698
0.51388856562664	0.936188867163527
1.37911601291832	4.33157885846758
0.333109756855831	0.55786706830799
1.78684497698855	5.30025488798998
0.153239176536935	0.232995923579446
1.03838574684822	3.02800681825893
0.492213427163982	0.926527567102434
1.05285073353947	2.9249930869656
0.745966900652876	1.65013015187341
0.803078475861835	2.03287065062243
0.950556267128536	2.43916976312357
1.0110809714816	2.55362054788372
1.82858453806494	5.92432802235229
1.28373318709524	4.03637145682375
1.52266370377774	4.77351185261241
1.03486895921072	3.17455876252501
0.962425562029682	2.98759932793427
1.23587883301914	4.66913474596276
1.60385064566036	7.2682513078341
0.318981297847709	0.53425971204152
0.56947131309716	1.04851626735934
0.637612480869549	1.54250921152496
-0.523023323088017	0.986836313131705
0.909983876169289	1.83948547548536
1.17357470217436	2.49451923161413
0.212464604840676	0.264868672407862
0.613682914150698	0.947332998505669
0.596482056160827	0.991875708101737
0.739341660650905	1.19347027225779
1.14788498633641	2.34992917188773
0.804550593152735	1.27791640531887
1.26505053211568	2.1972510535092
1.27545807886963	2.23746466274163
0.600833052875164	0.592806405673039
1.30081133030617	1.97099492862919
2.17573881441819	5.20414531859279
1.28045615403272	1.925664800653
2.59967520336508	6.02186117338352
1.32988468486533	1.81959757662164
2.39291082465251	3.52157854692503
1.00471386146177	1.75357748608556
1.08533821898245	1.303041947078
0.687746916222294	0.738392301084437
0.933126351820089	1.41231646515086
2.4024642986	4.37857680259561
0.652393119175619	0.824551277141782
0.961364370182973	1.52149919659237
0.234495530633865	0.239490032225327
-0.32961564896947	0.376964918083033
0.115954015329497	0.101856580727687
0.640078099444781	0.729304312274975
0.801035709961078	1.3076393621651
0.946592318947451	1.84968472747274
0.370731023470382	0.363894356128325
1.26201665924639	2.04632369408398
0.937870652524904	0.939580413552544
1.71122855569639	1.84810203195384
1.66838145837963	2.48591625962037
1.49177159267033	2.0205061903415
1.19122423812288	1.37585588253372
1.26138811661346	1.75994448053649
0.967770952586085	1.02107513756496
1.58279076960297	1.90210668971429
2.55941381200037	5.80877996746286
1.71060572473276	1.99123435208626
0.893355497280459	0.665111531712264
1.20813195334889	1.8655782820797
0.917013586920617	0.793340787723919
1.34671398061069	2.11958650800292
0.994637167356084	1.6367505321968
1.17746490769855	5.86245581376423
1.00431072833733	4.68068187762384
1.2818856695671	6.06116094693722
1.31986010258817	5.57820568506281
1.15710254592816	5.07751062055434
1.15272853729666	5.3782843255726
0.955877017724951	3.80146361877998
1.12536002368153	4.61050437190238
0.94782113851184	4.1082723719558
0.830397208872088	3.80482667978884
0.926432225946242	4.67481717405681
0.891286847311368	4.2859087830012
0.749844464791014	2.51023122647732
0.566767495902433	1.51650577564965
0.571509363353711	1.48774927537702
0.521074367874879	1.15987032155253
1.25843095221657	4.81727096533346
1.65089806483327	6.7902459303221
0.544720761901589	1.23273753025411
0.952113778177968	2.75342896601538
1.46556165111907	6.35639223658019
1.48436037863327	3.73190381343044
0.302218505867535	0.40609835657224
0.677979213440172	1.36072435285803
0.924897264958597	2.21831444967121
0.512075952436402	1.08976650511708
0.340775075546174	0.533299435809515
0.560449262442548	1.07349820192635
0.52352284657278	1.13853798427357
0.880595855486191	2.27574623178013
0.818993847381547	1.5709313404399
0.572368264775009	1.0409789494836
1.12333017836271	2.64132718344579
0.912167270468856	2.07273830813687
0.850475993949241	1.86210429291546
0.838941100578845	2.12554774218725
1.07955177501928	2.47155211840551
0.826302971397697	2.03141871315061
1.11820916644888	2.90426230285206
0.799193264173889	1.62787886211443
0.241745251833601	0.375384850312994
0.542700818587167	1.06254744489746
0.649492813392238	1.65875436427467
0.755548028096394	1.60965830653476
0.685913358917949	1.37867537211147
0.14203844488633	0.193931872785512
0.560649566466252	1.2324615321556
0.215945010426142	0.268826371587106
0.521429677469228	0.776320213127044
0.594619064767294	1.24495275098797
0.971060816560044	1.99829032180226
0.521099771862578	0.725915073165488
0.772948795310584	1.04477960968425
1.26882744355352	2.21918269187847
0.255760296668367	0.212422889482437
1.15044576640996	1.70898796730991
0.471588220566658	0.449822887968942
1.13895064834011	1.31908714350348
2.01433349696226	3.3768676152604
1.44178135217393	2.0936306581949
1.52519537451866	2.21839728846526
1.81506540614082	2.99469423669446
1.33465298426175	1.69132440488244
2.49693452887629	3.45831889629235
0.27611927362659	0.226123325179442
1.3453227334567	2.36577885839304
1.09502612264348	1.42189636243053
1.1450992781165	1.69987130159314
1.69646767340273	3.47527602946348
0.857420610721891	1.10758809383401
0.6269281568487	0.721537918727971
0.309080174342891	0.277103864762049
0.38418540362222	0.327756136578268
0.386075371127001	0.459273240365292
0.964220075332023	1.36257861166054
2.29995101666059	5.17126859599879
0.578091591667346	0.81536573854442
1.05303081975731	1.21360145794515
0.727527232370957	0.663161281580956
1.17468736554728	0.988131420521058
0.681929751631102	0.776568506143912
1.11384788540307	1.02018180344347
1.71748745344539	2.90012186693496
0.343231438398839	0.195012487915803
1.00979204807545	1.18503320615994
1.10764443345405	1.63526482853195
0.767688312662123	0.693942683553291
0.665427320165311	0.681843271299412
2.22720801378765	2.96593309871778
0.70709889479491	0.50803285710697
0.932986543075103	0.861438288014405
1.73052136650214	1.9237545653202
1.31414282733207	2.09444278380648
1.43640695891217	9.02957100083644
1.93131960437482	10.4441662811228
1.27165054294421	6.0198054131154
1.23297370846632	7.50501785798302
1.1509625321289	4.95989312442593
0.934493857723244	3.48315550258342
1.43697333556874	7.50848060186799
0.924279779137437	4.52880762337136
1.00018826521675	5.60080058585909
0.669961439959175	2.72726477321475
0.821975078635143	3.26368330388038
1.14758428590753	3.87340299518049
0.809931463035579	2.3253679522281
0.981831039135385	2.88220590975639
0.683206863737679	1.75145204196112
1.27610192752037	3.91566138914284
0.91926735424964	2.71971457251123
1.22938830284804	4.82046616141074
1.61420478407739	6.01996702414281
0.891561383153271	1.93887500525785
0.0872455813484477	0.0921761319736558
0.736542832965674	1.49132052087615
0.569698394585563	1.07042086225581
0.718254427231641	1.58344344136731
0.140218667460057	0.180285266235427
1.07709671233815	2.40225756538968
0.509728217388482	0.883019656050316
0.32704623309246	0.493601823826776
0.759229249732627	1.65715520853144
0.774692736638884	1.42314163225579
1.30089602918958	3.07206608694882
0.518885962779053	0.930552418192735
1.30151850118033	3.81537833922491
1.70007729904169	5.5076105767318
1.44404118978455	4.03183091671987
2.4049447353715	6.98405615167214
2.09310765282919	6.71673084753228
0.851905318012444	1.92310000210277
1.12957619039908	3.58639042792897
0.615591254080724	1.24421435575554
1.16010350361484	4.36523330649958
0.582245229753779	1.2958522031195
0.918433948927784	2.35187536810959
0.5040941948001	1.06233325024963
-0.00271246715657112	0.00249865756493358
0.387037604338647	0.558222283301922
1.08396042709421	2.30095934204869
1.03881562635925	1.85222338838802
-0.264541833169069	0.293287936992662
0.749410415424052	1.30683957186205
0.356069133402996	0.387332967622802
0.724950830633238	0.80694549375584
-0.0414106704223298	0.0284254148094061
1.76871438645622	2.88283950874254
0.781001452341276	1.0527418471236
1.12316468368643	1.15803469916489
1.1771392582027	1.48026939054137
2.0978047738178	3.47245467548297
1.15137358653729	1.24938898700856
1.03996913229246	1.17736270131681
1.86431535788307	2.07217571706169
1.65077994736292	1.33180280960883
0.945816745313152	1.39204959578069
1.61795691346193	2.41177982486959
0.830682646106311	0.816728031867845
1.37322509911302	1.9052297115664
1.39831930822451	2.32593258966651
1.28593214262034	2.08468303372505
0.10956131401741	0.0775203292080276
0.580553884274549	0.709177572526951
-0.351819849533394	0.331402223118562
0.612094140587193	0.633245959010039
0.673600072238673	0.779276451612815
1.6908099502451	2.95817062105361
0.600333735957041	0.696839821457565
1.46245486560327	1.52776010911891
2.07390557794966	3.07247849075736
0.956191744725425	0.952792991860217
0.337230107124081	0.192283625955393
0.680121444762644	0.594803455254518
0.258215200085979	0.150166457393064
0.25605817181089	0.141763480095042
0.958801143822025	1.00794333696874
1.60318893090913	1.76731675643744
1.38524043620863	1.96694907733684
-0.119250034281788	0.0494866110420464
1.28041805561715	0.927554069078284
1.22037112983606	1.10967130752051
0.613354745989218	0.426925375125756
2.05214570783225	2.92073654478969
1.55599625340296	13.5918203714204
1.57596386942218	13.3041965684097
1.92228983606409	15.2715364204223
1.7986148559078	13.1984569768891
1.09500398086874	4.98715828953046
0.980952765209226	4.66037342481463
0.630720536824964	1.88827865205848
0.621913240568634	1.81380280253806
0.770890564018335	2.79787872022168
1.30869993068385	5.34683105042335
0.862689211656878	2.73034637060836
1.11712532685652	4.97027632688176
1.60369801240067	7.55288655985954
1.5206888661202	8.52504259880818
1.07434738027417	3.32943209638292
0.314813396727757	0.493583071446022
0.679369122706514	1.43626337173146
0.717334122673702	1.53560843342904
0.791236600074542	1.94578374472507
0.290934108063703	0.475894485382252
1.23462542782109	3.44255135850952
0.589166756321876	1.45950390751738
1.14488648410308	3.58912948634026
0.859394680235702	2.25290632946574
1.46275576781132	4.2438601204683
1.45067699834395	4.69161430587658
0.817473806621396	2.23165101743318
0.874581635895402	2.14109928845131
0.944750288348193	2.37998231227239
1.36508516082612	4.03329254249603
1.37629336935328	4.22669957986014
0.879923589621537	2.25230412306166
0.735459554015654	1.8597244322115
1.00867115829794	3.44872056047051
1.29374573602946	5.60216667205491
1.23157182318896	6.50749140348904
0.94019306920082	3.27814306609238
0.74431460714864	1.9183106914622
0.209454434338469	0.367496073692829
0.140803765212768	0.221487811325402
1.06036354219737	2.74610325046023
0.740534864848498	1.458009498499
0.550548848242439	1.00035020269509
0.407728925281802	0.523442158430381
0.294535369622739	0.353236584323946
1.23708813382373	2.12622437800039
0.904666297451752	1.30339909645105
1.16373970428314	1.47736804007399
2.71096846502066	6.17225010150643
1.51747975869409	2.84006254061362
0.172164489414636	0.13147528980127
0.148687638230237	0.0961431227042979
1.16380973258727	1.37319516147354
1.7941762564594	2.80554288109945
1.69529433439114	2.60711884425354
0.572625726831549	0.625841360857538
1.43601858637299	1.85330897223875
1.20821543084323	1.9613249688952
1.04967659068706	1.00759095700542
-0.0350549912894905	0.0242178202851604
2.03465308308147	3.5798801685242
1.1993374620938	1.58329046043071
0.780030857987776	0.813126592734486
1.26005520166615	1.97246978228267
0.520696152181146	0.625656047015434
0.282178146073513	0.308619957455049
0.990271992693086	1.49494045173971
0.760664716001491	0.990044704086559
0.494264112089507	0.582719553104739
1.19906661556415	2.1232816108171
0.750557216739939	0.820249762769367
0.950440474280067	1.052283683147
1.35054791963349	1.61962776266944
1.60143527836213	1.50551986521513
1.47349559244055	1.60359117149703
1.30766467633267	1.13137243196489
1.57244139590814	2.80253154850131
1.08383999650402	1.30174405658497
0.818542932629166	0.744605006355172
1.10508861207681	1.48031351493007
0.530999326175042	0.341702988225311
0.308968121438144	0.142349241103729
0.552926920323857	0.572056406410423
1.65655121783154	2.6586338372399
0.785817262190999	3.66932462229496
1.26220442107515	7.77390139995663
1.06066911873462	5.12053847134983
1.39868124911499	8.47109234576865
1.45275402580814	8.06351275356171
1.14254925403903	6.51965292389777
1.3833168926905	8.68019591234388
1.72189677874024	12.8395824984273
1.07252548637651	4.35998099184045
1.0391668342173	4.27539321405112
0.992949441413385	3.38810843017156
0.902846161907075	3.02568794475726
0.515919221064017	1.28725207557669
0.101272288983728	0.146533183846876
1.0178334012386	2.72603760728053
0.712382976225223	1.91062764033634
-0.0170673807965304	0.0225006459069088
0.910365518820551	2.89765996690505
1.42088721401038	5.35835933744281
1.45389884825489	5.09059865314785
0.892034415178552	2.88392456956264
1.59842786161049	7.90172930410501
1.38135553906249	5.50450422113374
1.8961814903834	8.05587770775836
0.902169160304196	3.21278544236432
1.30606593684823	4.84836370433685
1.23650701189181	5.10278269299411
0.522086497467455	1.57267103978472
1.51896415713049	9.15589009910856
1.46755914853197	9.95417242922445
0.866639069106919	3.63540956633243
0.285539227216397	0.567656531575435
0.466453833528332	1.20827886016279
0.395681315821123	0.920416313676509
0.217357466393806	0.318523356087307
0.598167196343725	1.27184811734899
0.243161372525246	0.305577734785769
0.223852538715131	0.251171604429862
0.70391954144671	1.19919964428375
0.383110332191145	0.468788523123114
1.55549277994352	3.65789776981452
1.22268446607355	2.49904528708982
0.735329397233273	0.830140344677076
1.00586490678981	1.27210294142458
0.564336637211783	0.618969915728417
1.99055626747301	3.86242637650411
1.13314781029321	1.99595675523247
1.92634326654767	3.3325561338199
1.4478845345271	1.76369813776503
0.89883170670372	1.34910169496631
1.75214971141661	2.42114558828424
0.777847863545463	1.07407214100019
1.56455425184422	3.40879775742011
1.31632167137342	2.70902830691726
0.6616192812351	0.834609208723146
0.710073607975196	1.01019123342159
0.761788526245782	1.293617185004
1.32055198771187	1.64721862197471
1.05111005160894	1.30529077890725
1.17075301034393	0.918192205941289
0.878654682378604	1.10242069051651
0.714873139394695	0.938173099596593
1.5257013450115	2.09781297568866
1.34370634120818	2.14337895571095
0.976110904057417	0.978980086122383
0.814682963985012	0.435002389826301
1.29422568786249	2.05573099520038
0.773456991459604	4.08907953975005
0.938893346774119	4.80119477829427
0.55306347652328	1.7537515285657
1.20040892388745	6.05187496739414
0.999874263042598	4.30461137784849
0.82249538095216	3.53506936490175
1.39266610503752	9.4291718419911
1.48223242586411	9.8850949511781
0.79728351183402	2.92488724125122
0.866625324401111	2.83950946007521
0.721191135840182	2.2038193803693
0.416918205361392	0.973658210183556
0.138373908157183	0.22437856271133
0.155607858378508	0.26522960110163
0.354730793892597	0.675183093745662
0.706100894764939	1.94844439217874
0.753923326905175	2.36207220784535
0.671477385313991	1.79060370414919
0.373285531847566	0.749319861999615
0.909908165881198	2.43480011268752
0.211361991518643	0.341501357590006
0.735004820631359	2.19644146699778
0.899696988942214	2.95501242383929
1.32308764820937	4.52772871326413
1.54065193617281	7.18370315445339
1.42792605686977	5.52353256613927
0.88338159187462	3.25647712286648
0.831640765541881	3.54491613645972
0.82647104321751	2.96940107398508
0.53273919863148	1.92489452087676
0.211534880251783	0.388998695293478
-0.0241275176758466	0.0256500334038691
-0.018434787043019	0.0191964253732515
0.0841571681676037	0.0936097234913436
-0.104740673914766	0.0938356728619789
-0.184701458482882	0.178777619908447
0.795329926168634	1.03297769363459
0.568075121931016	0.80104196805948
0.203201911724703	0.178294276099608
0.450521986703881	0.378401549863901
1.11449987544999	1.46872623115404
1.62051081596199	3.22354077426474
1.15962239227405	1.5715612643681
1.42440535491671	2.40832756491403
0.82519593092755	0.829764966113077
0.39641786418028	0.388132413516014
0.623745532250166	0.74766134735633
0.938819566604644	1.38616884076298
1.07002867002925	1.93133604808057
1.69203233548656	2.58570445823673
0.904434109093248	0.780993263140854
1.34175938049311	2.213173017911
1.40456436146967	2.19171986896439
1.13193484342986	1.35186067078259
0.346400574427634	0.97776830959216
0.335818378623748	0.954806316208337
0.580316047287827	2.13776558691397
0.758548688015367	3.05167666341295
1.12833223437031	5.45340548533119
0.619405579782747	2.2163985099001
0.830211250315298	3.70148751078297
1.05858038355739	5.50098929891088
0.566178853046191	1.72068640217448
-0.0440462566119711	0.0643509926483664
0.314211293381249	0.584118566012639
0.113795768648725	0.167051534508496
0.728742462387555	2.12135619548941
-0.0397884687227823	0.0582691769104727
-0.28431207934535	0.499086899442452
0.327401270013945	0.722401681409848
0.465950755644068	1.12564120860271
0.231605030299816	0.402854555093261
0.74194552541089	1.90276159227579
0.257246796584914	0.421127049338899
-0.0443828844718324	0.0630549652825914
0.347620712027614	0.709637863106538
1.30134306892487	5.72306799612951
1.10606469834084	3.40502268777124
0.581227773937364	1.49328686168339
0.520319921855992	1.25230178870631
0.311357683840597	0.599020025633021
0.611760422493793	2.0099173694898
0.635337928793269	2.04812381946202
0.290380299102449	0.58245894453834
0.251436187345191	0.375231857521183
0.367197005049677	0.514178110163525
0.178394203579488	0.213148138944055
0.159114133402201	0.159992336845317
0.646451243841799	0.762629210141828
1.22647796154659	1.82826174184346
0.253633760860472	0.234432768929039
0.58005205612053	0.684971562330028
0.749716743723045	0.896124367739886
0.601186688855706	0.460883219532212
0.585970986425086	0.712435521031613
0.484999050134187	0.521032459428527
0.676224363984975	3.20680095996871
0.5821802888377	2.11845517170666
0.53248982139738	1.87977857776322
0.563965215583109	2.07871257712761
0.293470327360709	0.7425727605098
0.827723089192473	3.64987125636998
0.532340185859165	1.78989421645726
0.735393619788911	3.30882328078529
0.905402297857868	4.04984057232823
0.61910130222647	1.70526645069396
0.152952536629211	0.261728803437518
0.641082711860811	1.53328338760982
-0.00442859799534036	0.00582695786571364
0.714171501165764	2.10263010262587
0.50628081174866	1.23027994927899
-0.0791850197844124	0.110669120056019
0.430415333641677	1.10691731991649
0.0963759534816341	0.157604981218053
0.382699817008148	0.842508916324105
0.196240215455165	0.300515120122847
0.61754041516807	1.66718393949509
0.317162471530246	0.718084000224923
0.3923082978161	0.934688517466368
0.439000994091344	1.00619250952216
0.918375934648961	2.83254436162897
0.311029786043278	0.575563603033368
0.407962690250683	0.821548584506181
0.216584740152026	0.404501096474077
0.0932092218007604	0.154274219546418
0.355838368694249	0.693757408851187
0.137968452816589	0.222490259088668
-0.223900682520242	0.33984252361443
0.649548305907493	1.10799676624365
0.425462166789417	0.49794867605478
0.578266093775513	0.702221228072089
0.418295205078498	0.404837459120564
0.665479891057249	0.946858920748007
0.960903906529732	1.53820913788122
0.360217407950031	0.361712879915222
0.382701808090057	0.447361747150699
1.37032840368915	2.31149972971815
0.310934675667524	0.831839386609337
0.54652503440584	1.72830659142636
0.496616651684879	1.52584025448608
0.655390210124183	2.09479336824215
0.735642673050967	2.73098988404775
0.947686616073733	3.40676946504624
0.496767167728421	1.41521396576702
0.584967178991124	1.93968965493873
0.78308501607809	2.7324276637479
0.189831792157286	0.29613216348821
0.396291821375565	0.74906148776399
-0.145063873115356	0.191011139765421
0.133297198397622	0.196150416308299
0.220367372423086	0.354164463294909
0.692230465772821	1.52882283845558
0.632701616699671	1.48695975974772
0.517978024805402	1.21196674390954
0.564887366391506	1.41364250992973
0.600113041610083	1.3943563093878
0.515133955845625	1.02345495882272
0.367058130288724	0.751135044324135
0.23519968917656	0.449869588252751
0.388794744450489	0.716489470810731
0.198046182496971	0.321013760796453
0.893004271738938	2.21931805288765
0.437241533753179	0.949880318100291
0.34617164220389	0.642130357962944
0.219947575633324	0.352806227802307
1.08615725315091	3.512660284196
0.626010831577776	1.35610759718341
0.942128764888794	3.16633573159139
0.445953139471001	0.623418357191429
0.102522606065631	0.105153020014091
0.884540251448228	0.870680574051214
0.586787525790659	0.699117227399544
0.241615584598815	0.217304017643412
0.380329686312746	0.344040955855969
0.577653522079032	0.515519522531934
0.235331849300528	0.267890479092161
1.7581730116555	2.6274341005328
0.803275709325595	3.7017580641853
0.652526740446494	2.37335824023524
0.874125495986484	3.85425131268003
0.650985046392433	2.06142955814609
0.362610863687322	1.02781778002216
0.460435419230416	1.28082919447555
0.353066510782973	0.906842435945278
0.236510653270858	0.598882898695628
0.59435614517786	1.83227276632969
0.248612413601893	0.453364233849037
0.423473553798493	1.01771397482705
0.455592561399461	0.941394866198992
0.178792206360382	0.284256794558817
0.430672686752173	0.863616208616275
0.223754665343329	0.367149876390792
0.419514927309566	0.855933439737389
0.650214565231937	1.94614129346135
0.0433926844333524	0.0608667656854816
0.494804429083194	1.12055764031722
0.320096727608075	0.565516185486933
0.167665996660928	0.238782072839537
0.398014721670236	0.817216151235617
0.497740892786822	1.11938087895048
0.361584704755317	0.689681770861851
0.546645602830285	1.22845359613879
0.674704475719025	1.64785603747764
0.0896232865432224	0.130097258719272
0.577421933557342	1.43243178484101
0.275493791189748	0.498162524241617
0.551096063151969	1.27828790244842
0.821394559845557	2.07013081130386
0.793967830233112	1.59316531574188
0.496790001013863	0.798737246047485
0.29033246022907	0.270048579954604
0.819762747044839	3.63718905749049
0.605453655786778	2.06816564994335
0.400079203762959	1.09988496880733
0.389527078400187	1.05624795162791
0.658982298495847	2.53161726931001
0.926694743464366	3.92023514949197
0.618733554231617	2.38491764701757
0.483185863434715	1.56285664606901
0.89805871886559	3.55321336589877
0.686525090911427	1.68790418192977
0.237478828238823	0.408366058160131
0.558785559829596	1.38312839892922
0.0219264786447055	0.0286704672005868
0.907715658246587	2.71454540821293
0.781407196064167	2.34735284782465
0.492130023750481	1.00739533220465
0.324794277078316	0.601482801699997
0.833406401873173	2.41781869096961
0.491939567176149	1.18731228625284
0.519687054363819	1.25297770545819
0.885000333041478	2.46235049100339
0.452664972747763	1.0233074900752
0.871579325768184	3.01257661378719
0.281172035973193	0.525326498933927
0.339142688641592	0.730602237058312
0.261505228935818	0.446686180808626
0.349280584064861	0.62910163068159
0.868962453409903	2.43093432941811
0.762877585010452	1.78007747061264
0.931612552293894	3.06072971946976
0.808698886715579	1.70722751396234
1.27123134917384	2.54063678201859
0.528339352700325	0.762540038406356
0.733632083493301	1.07335890814582
0.473671090233925	0.608336503441346
0.907870035388978	4.12727018468427
0.662573613481455	2.43418062948802
0.618412763177782	2.02901239518824
0.683911651618551	2.32696698021843
0.705780474433187	2.76588551673241
0.773480447380256	3.24136197394837
0.897252647495965	3.51921406407802
0.748010501452666	1.94757245519116
0.218567904234316	0.397043431902623
0.308702869717396	0.563667614341745
0.763508384236159	2.12209571620302
0.717672164001905	2.02555255688123
0.526729081471535	1.32164828015727
0.713630496692511	1.82099573614709
0.410398826142821	1.00326165679036
0.564732253191682	1.46942643137585
0.615333099637714	1.55003201407182
0.903514089364068	2.81321340822342
0.303116672875932	0.547799798851954
0.569695674807457	1.50585702877167
0.407690517818829	0.851706502095699
0.474300980054857	0.965443985417039
0.229735931639021	0.421964580359671
0.251842074773424	0.488507914455248
0.372996028900917	0.736612666429344
0.496829341827784	1.13646531567134
0.599300529288257	1.20228076771942
1.08313689275197	3.51232885382704
0.407803214356058	0.471097078925175
0.361502605321222	0.466461971068352
0.725667606754813	1.26414601320714
0.315850608846211	0.383549640613713
0.737364504618239	1.00536750205221
0.59347172686983	0.755594493925127
0.406230390586076	0.424475542433267
0.973863337977967	4.31408303209813
0.648133401973622	2.24803420575883
0.718271677150391	2.47152583075459
0.374241287800763	0.758290364818284
0.185511428660623	0.305280242969345
0.509828308311257	1.09967098486636
0.292625064072671	0.463811650416079
0.512455670621121	1.11534837164325
0.409655321667153	0.853087383255674
0.960219307460853	2.5453527843621
0.436262373526309	0.991233456702097
0.629293873162781	1.67440191253902
0.14780659704061	0.252449260267047
0.506114833290967	1.24681192079137
0.513664433485361	1.28427087265816
0.833297885437193	2.57816899911477
0.486651979578216	1.04329802895945
0.363396054696289	0.727787816483135
0.76404335013743	2.0894427754446
1.02067192733479	2.632893052101
1.38092151802297	5.22238260750608
1.52211685282658	3.23613056596831
0.580449377534693	0.905906219958499
0.711814323279712	1.07913018084762
0.618682144930718	0.980167078497147
0.895710120037903	1.66083291933483
0.857911391962704	1.35632646137992
0.444348509589747	0.639169782898194
0.535568067318998	0.68581728894638
1.65472033897312	3.41468646274766
1.24600903616452	6.95536226321192
0.686131892982536	2.66895970641669
0.834033425707685	3.28141275593596
0.395143832121892	0.99501688104626
0.639669318110341	1.55371252878653
-0.144289683132188	0.218584614031145
0.343869214867193	0.664133733906849
0.327683983025472	0.531618966807979
0.177132336141108	0.260492048462236
0.431228696044192	0.868294862888498
0.472572681743588	1.01192945273878
0.536163795562745	1.28291400837383
0.500301043389111	1.14196847896619
0.764200147606157	1.91422587617456
0.208249321640965	0.241119694901711
0.730773407773248	1.09189995224542
0.644426168223957	1.00600294555607
0.945065037921035	1.37465625646538
1.06155591772258	5.01721163484285
0.614334487965886	1.96474100857543
0.308174452557616	0.557518433963115
-0.302517472466011	0.618960217909625
0.231607969025278	0.407095713590795
0.533763260347179	1.17342625599724
0.522076945763855	1.06920808085148
1.41996051532754	6.01620905857738
1.01155586703949	2.90801342076495
0.652096411593912	1.6112686011899
0.441081626203687	0.633182053877686
0.770947552843662	1.09348384658832
0.637478017943444	0.944149895853995
0.541914170934637	1.60297133021937
0.672537779399464	2.24735677681291
0.191611521350882	0.281345464377981
0.0774939156386884	0.105461841072428
0.722630337672754	1.93268518318628
0.308851000151896	0.50773919655702
0.365843939305893	0.665190540750111
1.13493752291006	2.15044967024289
0.914386250582308	1.4549780797851
1.19620252764014	2.48774060693923
0.904489231709147	1.29466347813801
0.769187416981488	3.46593494440458
0.539187748691861	1.97773431796132
0.588088423037885	1.73393962895839
0.402766857251216	1.10325284424902
0.357048378997705	0.814580338391261
0.698539703745955	2.24331337505542
0.327216163674116	0.762193247523678
0.328759665797515	0.644141232892874
0.702908006315595	1.92054141869639
0.477419099006916	0.828876037858669
0.232783375589934	0.307093193943431
0.301482896343492	0.448047368112903
0.243606401583744	0.299329554698062
0.489949590215248	2.02458354099176
0.391716208775513	1.6175606944677
0.490152053597068	1.78686336892006
0.702561270538453	2.5820184222946
0.0974214689672405	0.186284824524669
0.191291346026791	0.310159726562136
0.428675047993502	0.785664182369984
-0.117627934276545	0.169105357268411
0.256872772758617	0.460976192010856
0.751431808941013	6.35601363610391
0.803623830232397	4.65410180721679
0.424415223639901	1.67864106529425
0.795252783995391	3.27064075552424
0.833599394298904	3.20350148736516
0.65397748426925	2.48266363090301
0.97358836178726	2.96901641064082
0.314277208623546	0.519387649041417
0.588603810570196	1.33206957690956
0.521613982332803	1.01994400704426
0.484205800017018	0.73447504824109
0.71459034658657	4.97672330914931
0.779089158472513	6.50838294879539
1.1466267584162	8.54544709169747
0.573283038412746	2.46032063715163
0.936267991818174	4.11390840209049
0.87847641425639	3.57616902542836
0.958805379851346	2.82347257182362
0.581681810227521	1.00595917571275
0.389263106020373	0.710726396283682
0.492701807482273	0.866045227952498
-0.068878640801829	0.0798976174627612
-0.00172635638568889	0.00194509056364671
0.772639818845982	5.82186078944847
0.813026541041108	7.22063152353143
0.994760266038065	6.73990190265384
0.404423113105566	1.59658587670695
0.987740024418523	4.26897800177609
0.893182476932127	3.74730226773079
0.588160894838351	1.18895108649456
0.427911374684239	0.777130827513797
0.362570839128733	0.682614865775605
0.0847189237759487	0.104652400180778
0.917566683680582	8.22627371358064
1.09226245651429	10.2923901107348
1.3257197959997	11.2633810379325
1.07414500639755	6.89768417769089
0.447500210289069	1.60201369871162
0.894633057407335	3.15152063912477
0.868290458550374	3.03031996268073
0.254863204833472	0.337574245489685
0.974455123811217	2.44649291040931
0.0718178124460151	0.0771662647117907
0.573688394684087	1.15754759197988
0.508284923674506	0.754354741347324
0.628996335071084	1.07064897361399
0.0939179341255738	0.108111800922795
0.33723540447484	0.518131932514383
0.0452347105326188	0.0441109354173684
0.288725397991428	0.385794803761258
0.62881196423522	3.28951562292088
0.710636350433216	3.90065943038108
1.29403972490574	8.15144437484754
0.625026029197734	2.43528429108345
0.565583104323689	1.66963391296209
0.284884405335821	0.583588195251773
0.0852676148201503	0.136789193249222
0.955620020924674	3.23670232588469
1.18369926873484	3.87917492891825
0.701584145031166	1.77528999319843
1.14703149074313	2.51895464060283
0.821609546680924	1.0932827799134
0.788280636761903	1.39726624797951
0.830108229269927	1.35330814645175
0.3959192199181	0.441281334782564
0.440052346017958	0.559503578112499
0.0506140418537281	0.0516808349035476
-0.257390511543518	0.277457847452205
0.0788965928791591	0.062845289881102
-0.166695278865523	0.15535427336411
0.532491388011816	0.854526924269422
0.920582090436812	5.74570109945901
1.48146401045004	7.93165410370009
0.779930411930696	2.72791500979645
0.410865689153407	1.01289020441818
0.188110281377528	0.310546915835515
-0.000274257889506213	0.000474819293754134
0.0402254950994411	0.0507018286196865
1.07766113829928	3.44577286951013
0.729274157425955	1.44638676450631
1.43276595884536	5.37447608820891
0.748638100097286	1.20520097450181
1.17405128877967	1.73279036549882
0.571355094212599	0.654837233074689
0.547592802024735	0.828959430318269
0.857036806701722	1.23791536372371
0.67739161345021	0.880515057290757
-0.123990176804094	0.110867078298755
-0.346763178819971	0.350816873580866
0.444073856881884	0.573250579105425
0.303194064644446	0.29032030049612
0.467772810950532	0.604494165736903
0.964448069005414	4.58776534769856
0.659114465990081	2.33536563841218
0.495696918867993	1.0332070640698
0.218045845030444	0.397079269767737
0.33833741818198	0.644621421661911
0.221169859715199	0.411600260831557
0.405550523450018	0.745147430721297
0.288947037333885	0.494847789848979
0.273808564924121	0.393584711652806
0.494912404591894	0.665779477095579
0.600224293106149	1.09491159581176
0.0151227416598021	0.0138476672038408
0.21892115485982	0.234759033758698
0.733106753437547	1.04825057536046
-0.124161995390069	0.114994026106959
-0.130806035515701	0.141731572146189
0.187495399913351	0.196036078329251
0.787942321677971	4.75828953225287
0.680398596202	2.75079639804105
0.512735337510169	1.54305324021342
0.340806099055441	0.619075475230229
0.22185867979604	0.397240261045048
0.147040362439835	0.231148593260185
0.236338342246885	0.406948552078538
0.605393873840206	1.40572598164101
0.476885764693894	0.773374908338827
0.851080683913264	1.37349909946463
-0.192903213855301	0.203815754303301
0.395779197212596	0.510486573968215
-0.183522687364853	0.169882084787523
-0.134727774148218	0.113612397567584
0.504035520982801	0.640779539729033
0.0527951474777819	0.045555642563779
0.00848657937114675	0.0109861285392444
0.0896370495147372	0.111506003367096
0.171733285155917	0.293669378809595
0.354181886883626	0.676627498147702
0.0842959862430689	0.12386316650542
-0.0353151224179931	0.0398709824411195
0.786355897418093	1.48936044182218
-0.28482128288121	0.447289138212394
-0.183572112492473	0.216840558655596
-0.0759195037367173	0.0724980771008564
-0.0427316720204433	0.0609241467769317
0.285363391831766	0.541480659754314
0.606505734025094	1.44988362928023
0.572281500752177	1.3497464456908
0.535797674731411	1.12577427222915
0.244155983617532	0.327138746918783
0.365170662778244	0.590037670711948
0.0559910894652245	0.0586947820436237
-0.0802986242910202	0.0845672806993528
0.357701945890272	0.669004513396333
0.338192554757067	0.625693244176106
0.0983795801667574	0.116776397835266
0.435865423726146	0.551732492335316
0.0655036578035843	0.0758827756705164
0.107354543972585	0.122743441160572
-0.0150165776580273	0.0119934468622714
0.215288708747673	0.327952160615811
-0.82239059143201	1.47004834558984
-0.574567567913978	0.866479329818843
-0.0821311063902	0.0850574330040081
0.719618358902477	1.40098638440238
0.313069886203897	0.489955915764151
-0.0369799556687694	0.0501636681149492
0.220724284976524	0.340261910468663
0.0727298504325889	0.0890012784914085
0.0227062333562826	0.0220320404912491
0.0840005237391417	0.0877745459714987
0.303504709501984	0.528917605316298
0.219423954125995	0.385118380216532
0.00123916599351236	0.00171783692776546
0.150107825312188	0.234133195973312
-0.174354487218079	0.23584196681013
0.311515392373585	0.412768833770192
0.0469412906871163	0.0596196924415977
0.168741542479126	0.244060943809293
0.179340709212966	0.279548179893051
0.132994299127624	0.177021670057095
0.666074937873646	1.33604632352586
-0.0693186670336621	0.0667021315315064
0.379576732616387	0.571957748405218
0.157502198999994	0.169209847655146
0.287301559185522	0.519202178172431
-0.0509733377684864	0.0586286712697188
0.104522158277046	0.126178491510073
0.331092967068445	0.442232699525829
-0.0924578578921599	0.0833417077920035
-0.0852357883262005	0.0866802300986134
0.309499783727606	0.576633732738751
0.0734202159368998	0.107364692147689
0.195056229526675	0.309549952527501
-0.274080234830079	0.470936023752625
-0.31801002151826	0.443933721745292
0.315467276958314	0.400445554179808
-0.0450102500581424	0.0463097962222129
0.230170451187975	0.383971234850636
-0.226044715818004	0.37494409421235
0.33164219340578	0.573893535252399
-0.628225388197057	1.28495596903826
-0.488184980960008	0.721954663047554
-0.0600768724264613	0.0729493373375807
0.352406985827462	0.661892002984647
0.220153961703773	0.403742996794627
0.0518664534334789	0.0527618920534818
0.406736134107625	0.532773262627804
0.754321659868167	1.77970242731452
0.497815824714947	1.14839539974227
1.09541591270827	2.54403061705398
0.242731125746016	0.280680801485169
0.383280048915969	0.544365283467003
0.828384836977499	1.95017161305081
0.307028534031841	0.47934502257833
0.559806770616332	0.773287868822718
1.02231494774696	1.76645023139761
0.219183046357394	0.224746963440311
0.284734476939534	0.311944439811274
0.380467796428301	0.41858457107119
0.501776139449054	0.868638030737542
0.683679129667709	1.31540995578815
0.723916266600674	1.18554373897194
1.00379900528885	1.68132631900508
1.51244107084249	3.20530976823337
1.50005426775661	3.09423369157711
0.244495340957861	0.203939532166357
1.43196106968348	2.42509204410721
1.38447828264665	2.35221117414966
0.884108708658574	1.122144923621
0.629623991113515	1.37842321663167
0.781999522860978	1.40420812382975
0.971725079876828	1.80382265542698
0.600940710250391	1.18459060096521
0.71295657154838	1.02976983619577
0.505535643229378	0.711353258605664
