x	y
2.83089441362586	2.50988488538451
2.21959136724317	2.90862624238427
2.98956267279208	2.07818087342825
3.40070896496973	4.94760700754212
2.60044006524202	3.93228632764509
1.9941534946851	0.892604853591944
2.58836176820769	2.47193876174406
1.85140566113113	1.04129190863198
1.76146521753617	1.93325937486526
1.88740207057161	2.12518104971061
2.61539178428522	3.43864471882293
1.64638980143735	1.00619556214874
2.15865294015284	2.45697099309796
2.22997694529608	1.80934427639944
1.83558442172691	2.14802468781993
2.00701443012022	1.92327503186591
1.90583756370188	1.52706060568396
2.69690935374886	2.15392242309356
1.46414672215045	1.34557684763325
2.2947037876342	1.59468192681755
2.28726969954008	1.5746747443422
1.63418802647146	1.42529870823103
2.21106017734371	2.10018974968297
2.63833837419104	2.13360272058267
3.98988195073213	2.31325466312312
3.34550691147692	5.60974403985958
0.338687968240665	0.142303541705843
1.86800097754078	1.28189182915297
0.693909748376713	0.381889043110472
1.13667660727793	0.544455901955875
1.31619661348334	1.05133374712756
2.99080068636054	4.27209473593274
1.83335128981614	1.63950074396331
2.052654562806	2.212782262349
2.66057110906395	2.19209615715066
2.2308485120722	2.13033504053956
2.02632123894676	0.915777749502837
1.59331598921323	0.79297232742095
2.00578852996833	0.903803680087074
2.05266509338725	2.28934049046753
2.96120897803715	3.45542638002708
3.75338993416309	5.06677735106275
1.32487675365024	0.798064599708382
2.73400498481929	3.87829395756366
1.99361153851849	2.39811309299421
2.77842844353346	3.50079565013129
2.6366370155158	2.16096939549869
2.47290826272417	1.85413907944452
1.74969901701535	2.29552037735231
3.43138577272834	1.63403113588099
1.81045946197748	0.578570674290805
1.65032514099311	0.618715942293314
3.97925328168873	2.30998663039654
2.22113597662575	2.96285292516202
1.8390359989052	2.15919609033673
1.64512028697895	1.01041123804119
2.5989911112331	3.50136534248564
2.74988255903092	5.20080723869964
2.83519322356948	4.26126082228231
2.08039626503898	1.84360228781998
1.65853833720109	1.34640736163898
2.10294645819047	1.89209231860197
1.87636574099723	1.27762432821873
2.55917028286865	1.47785885007858
2.39223883842531	2.11804414996292
3.75195383463898	8.00153153905949
2.55240119507321	4.25655237522894
2.57757744392236	0.957433505286922
1.14995929943828	0.359644120216764
2.29088048668851	2.83744623242142
0.766395477694064	0.471507103295712
1.6250678066517	0.964628904155647
2.8872745119631	3.79235276775169
1.92539795320997	1.97898216397109
2.83891999755364	6.08384440410364
1.66195757244176	1.34819346060008
2.09475017292677	1.33056554021312
1.45223143966843	1.12395010481433
2.6911679649038	2.73828722142671
2.00598621304406	0.914412291031552
2.0354085010673	1.53787291052708
2.41053788149206	2.49454642816505
4.04546262961462	6.15775280520534
2.02161493594405	1.49537601696792
2.27417320504115	1.56753541370516
2.70991987125688	2.79497288467111
1.80457013553958	1.72121392923895
2.89167487943445	5.16652996700666
3.75286815251359	5.03455997438087
2.3265088001755	1.18937090698941
2.01113205441839	0.917539301536541
2.07765975300309	1.30171693518026
2.5778136971617	0.957067152435729
2.54027351095092	2.41992621574234
2.53141448679383	2.83281671378934
2.42444149855325	3.63465001074976
2.72673896549611	2.83380746066326
3.65372816402127	4.71454760821974
2.87977442231553	3.83480055117786
2.8648360313685	3.83289460089847
2.63392000072682	3.50082001222365
0.82560904487098	0.425742614800925
1.46011985482238	1.35621338203118
2.31644400799118	1.19464091523016
3.92052669145733	4.08683209836163
2.67185193363118	3.17434885114166
4.55110590223395	3.29164181539212
2.48801861665659	1.86270977204454
2.59756454771517	3.39294241836538
3.155331613537	2.38438249261709
2.92101584748816	4.58914696554142
1.53842694558481	1.0164910914157
1.95701108242837	1.97436485813191
2.66953500992112	4.72311396279065
2.52496597729932	3.51084797050041
1.54356157849678	1.74735121086262
1.2939702501286	0.558185767177898
2.5778136971617	0.957067152435729
2.5847753763123	0.951434056294316
2.70973669055693	2.84419601503631
2.97211159388861	2.0751151141498
2.28379207048474	1.55247763040859
3.98675399205376	2.29074180934224
2.31142312457521	1.59324106068244
1.27895028718603	0.925561940750081
1.07600606737047	0.583157399354419
2.6664801224121	2.20724451065589
1.7210082095109	1.85323331542002
1.73184853892378	1.29876295196617
1.13502620718873	0.543629120473664
2.15618316654895	2.22873773717836
2.96713979417773	2.04840327263081
2.00032619806454	0.899743023662988
1.86941710128494	1.07160604184406
2.08280426876134	1.34007772150229
3.16728107516987	4.93241911197567
2.3057162539298	2.56516710743636
1.63305417328527	0.987930022948115
2.25401058711738	2.46546378152437
2.0573202897471	1.52805968342764
4.9981166324238	4.20288861987598
4.56169460321953	3.24113216966184
3.50896988871485	3.04282280532987
1.86649647708863	1.0706962245746
2.22033700660919	3.50160889586836
2.83124058306798	3.14942631797977
2.1881002205809	2.59095737131586
3.98129682801048	2.29234900534901
3.06892463579121	1.30354025392078
2.58246518877188	0.954808913265067
2.90182840392176	3.90182884910285
2.05390156626653	1.56603045661866
2.19972975513153	1.74644265433949
2.18307346750915	2.60350853506407
4.84952206219719	7.70555441080355
4.85966611318909	3.95189820466669
0.808857846469682	0.3774894047891
1.16787957063763	0.985026119566386
2.90055823905488	4.61119541650514
1.30778484483926	0.797842807987504
2.04811733389867	2.28537662513125
2.48922883371038	3.1214002952154
2.76422261713098	3.39546424491337
0.858185993639698	0.35666931264704
2.77259641934035	3.51685905408496
1.31831192809856	0.77885614713823
1.48081479551958	1.18771376011774
1.52433044821582	1.03324311345569
2.06442724838227	2.30381712021546
3.76747044560916	3.67909170853724
3.27376883176355	3.56456571863269
2.30459626601005	2.96581028062948
1.06865942444518	0.563358649997842
2.3668562877416	2.48047927494343
2.71945032193158	2.82467052482378
1.59003879162046	1.42984567760216
2.38608685756641	3.17468002037053
1.62002404760414	1.51887673445089
2.38998289033638	2.8536660398943
4.68485887457472	3.5066862008506
2.41078255177607	3.56240589952028
1.4862471735685	1.06604729820214
1.59042996919255	0.788623841285076
3.06892463579121	1.30354025392078
3.44371153517053	1.67619063326831
2.5510832941741	1.47510558560549
2.31142312457521	1.59324106068244
3.06892463579121	1.30354025392078
2.78468592982756	1.76190632052241
3.07191541302791	1.30060988602716
2.98635063212264	2.08237705036747
2.77988805685236	3.53428920167826
1.97810615169676	1.9117858527572
3.5116645464765	3.05086454696057
2.58769136766806	3.77237907441879
3.57085411887696	8.13844995765403
3.28652459844352	3.49740513204986
3.04915771025555	4.4052442670752
4.18403884169101	7.01559177164102
1.32572261764866	1.19955948291248
0.414361731683014	0.216964912670267
2.49434240225988	3.07547155232696
2.15782983532047	3.37209306031551
2.54288475622084	2.40281025319628
1.28860196442984	0.84541260961655
1.27490686493781	0.980376654364378
2.1855585773133	2.59246052283223
1.14410405228853	0.550738968792726
0.154634749890387	0.0622820914351371
0.82062065956224	0.42079106792426
2.05766539594274	1.56414012270184
3.39910059485922	3.88812058576413
3.10399808436694	4.52150404288077
2.26015824459383	2.20449491786857
3.6652955286692	4.61037549794125
2.7742334745067	3.53405974356918
1.83262983937991	1.25363927110596
1.87264507950857	1.29629045961096
2.05836276154084	1.8482160355268
2.51003146662208	2.7968770323377
2.28014711089064	1.57319925654311
2.23339784207447	1.7953842513928
0.931655204826759	0.583751987580026
1.92481349617277	2.8179232080682
1.93268153798623	1.98820736418104
2.83303237918234	3.06081356293412
2.34327113641963	3.70640483826707
1.97231369979156	3.68501256410405
2.56193694791243	4.67239287819814
1.15224186187344	0.358935209934184
-1.41861533435082	0.392208760255697
2.07640509490423	1.28177947813208
2.01616843045719	0.916690493912292
3.06689999323772	1.30696449185998
1.61062329174893	0.798931387417613
1.15224186187344	0.358935209934184
2.77302313913266	3.56877472585644
2.67131501549444	2.16671717693128
1.51450466153889	1.01212760347174
2.1403767913287	2.67565354233706
2.56407929681084	4.30328745151451
2.20400592075557	2.8735918483403
2.96793187025442	4.06140752145001
2.43244141618197	3.2919739774352
2.31377739528582	1.60521976723737
5.72573100529811	6.59242268283604
3.48646494861816	5.31896978963364
3.47589083579798	6.44366628273449
2.07520275486572	2.33283889486697
0.812207522462792	0.421323526298638
2.94861689892765	4.0990507067054
2.07353555612891	1.77632212037071
2.55707065345952	1.47584755434052
2.98270866599792	2.85618500366717
2.52140793687177	2.85130731107023
1.0764406908422	0.688324187714529
0.535584717910265	0.23490740490346
0.815856188998033	0.414396628765065
2.2827921526948	1.58854043567869
0.329177812136995	0.141767839659299
2.50624651347013	3.09997476262466
1.6432225637032	1.33052373702628
2.02608059674085	1.48089104915611
3.15264489722874	2.33864253434205
1.47423769941253	1.1718076663992
2.21440659889237	1.83274826608026
0.616873794599124	0.302032805403974
1.55911407371826	1.67513227469788
2.13351607668843	2.18924585337767
2.67249742518963	3.19985459690022
3.88556207883356	7.3192808012553
2.87468532651911	3.90059325320997
3.40868779544632	6.13849168706042
2.47376423024331	4.76883508673591
3.97756573866962	2.30667897883758
2.67467017184288	2.18984051006214
-0.031648209808821	0.00878795276388616
-2.11457542201993	0.632270703085136
2.80152184682228	1.76914236754964
2.68815391985729	2.73728566607764
2.29225923542673	1.57852209698208
2.24008812601514	3.04931649672687
1.96539113327796	1.86902983505985
2.80369829018033	2.469161281782
2.29916138924008	1.62592456810548
1.82720702738963	2.33114945107949
2.00883913683645	2.42861755110511
2.94534338819002	3.40930550965355
2.50698374933447	3.16110734631
2.14358916227889	3.3193393305326
3.6186094838572	4.52609173497039
1.8349538449371	2.15833063081729
3.50657441586286	5.40480892704281
2.62386400903368	3.51854343061293
3.31460219169323	2.67758712479285
1.07889308876684	0.575722948064248
1.28744848642843	0.854423435755643
1.26616904243979	0.83335654176127
2.29515686468072	1.17676795335893
1.83373242406175	1.24955647354581
1.61380032238757	0.812931003394543
3.13890131709592	2.31902693521215
2.29174243967841	1.60245615883565
1.72663595468494	2.01453519698493
2.04195076869378	1.54969932776056
1.0676889952994	0.560837578485707
2.8415549882414	3.02961489450744
2.56231542344525	1.50156499544493
4.38466479220362	2.97330030604497
0.956214544461799	0.668634563415242
1.93798408213305	2.37110229843678
2.22265846485838	1.82329830175779
0.981628210243577	0.729343734192914
1.61114492108268	1.41668176684364
2.16267419314395	2.24571916914189
2.75701233696026	5.8073567494377
1.41151917890944	1.54035232953346
3.17415334467364	5.80993466701799
3.09815378756452	4.52356482277137
2.2225701847457	3.02397211960786
2.01080419021524	0.917878163437858
-0.0288626870649497	0.00820000466987386
0.460695513500032	0.154633169983258
2.55421229831816	1.47965447556991
1.81045946197748	0.578570674290805
1.61591583568806	0.823032535434358
3.06919540525571	1.3027545160526
2.00419579402799	0.889934312545052
3.31514666064041	2.65173569757792
3.91914895365318	4.03673461885446
1.14996928148472	0.357563393391782
2.5323878830817	2.42847379454979
3.0345713617449	4.17621326256805
2.96217377471427	2.80686043988818
2.48435158187271	4.43018671904688
3.51591308552353	4.26662264198989
1.0833873987397	0.961996273397103
2.21579996219228	1.82173547567191
3.12188405380372	3.89670438966011
2.62087048512156	4.46844567273151
1.59343115377118	1.61633906282721
2.84631738151068	2.54134434072566
2.13441239420049	2.20321468961689
1.28663866481368	1.01586061972885
2.84991038418917	3.18256364649905
1.30765497760471	0.777123798298852
3.5710121298654	5.73859727922885
1.07289586814004	0.566267385581337
3.51143602343062	5.35732379758852
2.75156454396405	3.40927999548412
2.55472812836108	2.49607805212259
3.31192518664058	2.62566674899589
0.83342221686092	0.348064152761504
1.31744222579796	0.792198803738562
1.77764829553985	2.34566253174809
2.97575824140214	2.00839234937615
4.72838225061835	3.60690403611532
-0.158922706439919	0.0621051249212333
2.02473518714349	1.52007022750635
3.13697748134542	2.33608829333015
0.643888272289155	0.384972677790297
1.46622380241917	1.37615921609075
2.30902781685422	2.95143546862878
1.60627716256169	1.64423793359891
0.870445626984566	0.943571976540905
2.41491896115394	4.00942965950708
1.81252465345308	2.27387692141704
1.15727261407567	0.35899800278529
-2.12405038734904	0.637549783253442
3.43422193480066	1.63669384166705
1.40215550805573	0.77506606923
3.44139163272599	1.65421730138556
3.07191541302791	1.30060988602716
2.77355553368831	1.74135916114039
4.40381165889329	5.6289820897143
1.26581695089252	0.829494060192561
-1.17174817938425	0.404422952036286
2.54861505378794	1.47297572192773
1.92458168641594	1.97356435244992
2.24404150342432	2.17786020999042
3.39891677017012	3.96078060385913
2.42168557042628	2.15421138222383
4.7184742512847	3.61582391023231
2.78222312682249	3.40551531608833
2.23723005951582	2.17270994778396
2.56199914360902	2.41976003564026
3.4066699607562	3.88961293867619
1.46587390585015	1.26417384456994
1.53243113026216	1.02733741486709
1.87917665588306	2.11278581647861
0.605312421021687	0.300941034396581
1.60244241419108	1.6136351520381
2.70707355039016	2.79604048042952
3.14227026810723	2.30755346328676
2.53958641817754	2.4202934457939
1.81840555216015	1.58467950129617
0.50626674581185	0.198829242151314
1.85322506093116	1.28920769730458
1.29197201845385	0.772466369229304
1.3284257756252	0.810293716204414
2.78175926271241	1.72225155910202
2.06909394663634	1.5432914042635
2.4009586975358	2.8603374911946
2.09576478331769	1.31213239627246
3.80322745590696	3.75529435426169
1.93995913452582	1.57895590983131
1.60435800458475	0.817838126462223
2.70053223851771	2.7789234376075
3.14514074484496	4.78972378958219
2.96136869719392	2.04347348147509
2.23648176250906	1.83101284877595
2.85631140956036	3.18679686572867
1.14249805072437	0.890909924074591
2.9152888070399	4.67084763661041
3.08267271804659	3.90204966297226
2.48923067458141	3.93868581977645
1.45208203650532	1.65871804103328
3.33304119142808	4.72861386452612
3.73016083045583	1.99020875135088
0.381939954112183	0.0885630978825824
1.61062329174893	0.798931387417613
2.28818336486286	1.16170385811228
1.81045946197748	0.578570674290805
2.7075399322349	2.82790442865663
2.01316604350963	0.917368522828072
2.27144804461312	1.54249856618265
1.82888054780221	1.217326819639
3.32688346270339	2.69242803982437
2.64814753166409	2.20046154651165
1.88576524429385	2.10906134700285
2.57678214063315	2.47170954940396
3.90090321810725	4.02781810055504
2.96488671673182	2.01750288176387
3.1389624715981	2.33919417920458
3.12930851898835	3.18610775469355
2.77140610827329	1.77973211485229
3.5000572644466	3.02724207956837
2.03500937812223	1.50800925333971
2.07447603557324	2.7177880543003
2.73797042401942	3.91226541860888
2.2228729545595	2.9792444928418
3.48357418024811	7.68381882681433
3.20993003756362	4.2845104154922
3.10964871599586	3.92922364698335
2.7351542495481	3.93503373383285
2.99331011070911	4.2791884368661
4.54804619953757	3.25065798180717
2.05590834020079	2.29002860145193
2.39633461480558	3.20849219410368
2.65366206363871	3.12076526672048
3.18314028250949	4.92715444523927
1.44120924789834	1.1323851445066
2.28042719492943	2.86851615090713
2.28064063352794	2.49575028269811
1.63522489495355	1.01556656274718
0.321131094432478	0.135719503607858
0.428641319188051	0.123631933533232
1.0989213195453	0.76618915067735
1.89877009703814	1.95178496981212
1.59662349823633	1.50405934921722
2.65407487716968	2.17706928666735
2.28891585316613	1.59759627848658
1.65511168350679	1.34128763393747
2.65461683057574	2.2176990059689
2.18784223056242	2.61123556847191
3.3183752401758	2.65172527397043
2.61577256955869	3.03515950907878
0.344654906975582	0.144659870760321
1.8657155518921	1.30238147198051
3.52500531134084	4.26620347748252
1.29884451771071	1.18711024693856
1.60772011043978	1.6003842335452
2.25181224909741	2.50999538074331
2.3493717361084	4.129871154353
2.15566481195132	3.96702248012971
2.21304529076456	4.47652578807376
2.0134947482036	0.901527174354077
1.63489476929393	0.621404558242662
2.3157313171078	1.19576831627677
4.17818736306159	2.57656582897955
3.73285043233658	1.98116726691183
3.74594816942165	1.94050498464307
2.57757744392236	0.957433505286922
2.66643219439073	2.16381631668682
1.88631302913947	2.10250972192996
1.61948635979013	0.810622558898794
1.30103099940899	0.765755447319474
2.57551660914786	0.96051052751055
1.1400403013668	0.353386655811455
4.70982170771223	3.6038680267478
2.84089715303637	3.15787170545896
-0.380841264699724	0.123517522888366
2.24371445699053	2.15156115941453
2.4985855939471	3.17373379769969
2.08517592031018	1.80827983861634
2.29325130257144	1.59838741865874
3.20527226689909	4.24527182296521
2.50661687102497	2.78766046049104
3.43038960695359	3.94079725844734
1.75729750666383	1.81427280534942
4.55110590223395	3.29164181539212
3.17796772254916	5.96025372693875
2.6581397151429	5.9054070707415
2.93609736293709	4.47733449973987
4.26291976771224	7.3787871486899
3.06407241837401	5.17546775243266
2.71309212724059	6.13499089038014
1.92766046807874	2.02350920316735
2.9899585233013	2.85126529347301
2.62975056991659	3.48680421017077
3.00363228908664	4.82566972948366
3.3396176800387	5.73552150462628
0.539938296112485	0.284956937886741
2.06663762305095	2.32596365364878
1.47463229036835	1.3803136112117
3.10789769174767	7.01167091059308
4.31099954477043	5.2191713068101
1.08067633709117	0.577613439747996
1.48317523338967	1.30099299994809
1.64184015076848	0.99048006105823
1.14229949305265	0.557991750544767
1.32198144787821	0.807244461253525
1.61859599061753	0.819391455322061
1.91552074263636	1.96993007706367
2.99128565220582	2.88685730901386
3.13140691401147	3.91649387426258
1.71602353040791	1.28609936120282
2.99492505671486	2.84694657988937
4.19599888002108	2.61530651258708
1.73977435175114	1.30830093915424
1.13790011506819	0.549353550637414
2.24734609157907	2.410551576912
1.45067958356823	1.04621774470946
3.77387962811224	3.69421360540079
3.63715650735964	4.67700411596115
4.30105754090068	5.30341517425056
1.66478641886788	1.48088978791172
2.97385631454096	4.8658648751935
1.71743694036305	2.48876425063524
1.80951173994347	2.64006649799211
1.96983132232389	4.00206931242311
2.21480786570832	3.86429148937792
2.75526081246017	1.71937661870384
1.81275735644485	0.578334100363068
1.80577814402211	0.579897169515412
2.29056575773901	1.17751874621644
2.57066000659288	0.949369245848186
2.38524570793903	2.08068570702543
3.00493092719437	6.48685636469834
3.96876597421897	2.30544013526435
3.66379008596666	3.40589431738151
2.31443796719416	1.17952728914709
4.54804619953757	3.25065798180717
4.87414073873301	3.95462293929239
1.90079268818506	1.52096293987725
4.70666114798979	3.60902064036377
3.40371049549951	4.89281910967828
1.17401991481941	0.885865198413208
3.41777761532141	3.93129686849174
2.83295678354921	2.5028407297346
2.39130299576938	2.45683743600016
2.97907111722151	3.48860913153778
3.00085598278334	2.84374894829978
1.90538865515573	1.58623941634274
1.93078215358303	1.99953976465872
2.07827105523961	2.31478070557823
3.34801276296161	4.70034447220443
2.77676358004625	3.46052906217573
1.45573160767607	1.62750765556737
3.75828401242873	6.52318437287679
2.23218485764987	3.32771643077572
2.95949357215961	3.52583000694718
1.62320596314096	1.41926822630014
2.55724962722147	2.39657213174802
1.63442698877901	2.09455731101576
1.46145459242747	1.16975009653048
2.07061571521201	1.85842986691563
3.07884207695301	4.50090431151415
2.13218333414815	2.62672166933514
2.88595367437926	4.49466909312367
1.44841062783236	1.15102118732511
2.50259598331901	3.16204983976644
2.87500718219195	3.83808525472168
3.09625925263025	3.91743002867333
1.14305958921904	0.554242025153156
3.33343574555291	2.68037759973069
2.29522228831439	1.56706235760992
2.99682963133865	2.86559076791675
3.15214399552773	2.34886029856078
3.50239651141036	6.50912718170016
1.42284801363059	0.779438905439273
3.2736436370746	3.60025877381739
3.09726550470279	4.62118642484422
2.53834610195639	2.36500060399752
1.49300243781075	0.962758193758599
3.09914937949225	6.40162614657978
2.70693429854048	3.88026370554576
2.99966818832455	3.49427692009591
0.983707993728374	0.844998129250072
2.65135451712219	3.11128554843197
2.27901978338829	2.84480371802466
2.47914907135064	4.78132834234355
3.13611325268602	5.68231534673715
2.39516166040184	5.2169439330625
2.68356818450127	4.19700437533338
2.1359320232723	3.03036313076463
2.08839424755765	1.3315185199245
3.06892463579121	1.30354025392078
3.07598371730536	1.29177815049463
2.01412961239258	0.90045959750674
1.85936901937319	1.27894298805131
2.8736880645941	5.11731223302498
1.63610231599339	1.01018108031976
2.93988294792916	3.3529259458849
2.38412385624706	2.45909479927118
2.38253686393666	2.39950368330015
1.60452933548956	1.35336803416763
-0.7315167943008	0.334391871826642
3.00089850680959	2.80776135270457
1.60284825417425	1.88009165290022
2.07283120594071	2.3093339343145
3.19883548284503	4.12335492999188
2.6745274636778	2.22350715423687
2.79378645447588	3.48878085288961
2.31880911267797	3.29090449418299
2.37764348529963	2.8095056634277
1.84054492018831	1.28437270239123
3.26626682099201	3.53575732425903
1.30042406122877	1.02073604610991
2.08623890254924	2.5226922801344
2.68344045174396	4.81945607294851
0.980858086849836	0.996185578368768
2.83761196439505	7.05448310628255
4.86526254178651	7.768366259999
4.05318716321272	6.25871367615945
2.5291851611435	2.79088769943232
1.51392842175327	1.0213004553022
2.86481956106832	5.80237480452788
2.05917273178915	2.26235215691334
3.10805500660553	3.85387785104018
2.47037927045934	3.8907206280012
2.79915748574535	5.33120798246358
1.99268877300004	2.7493660767196
3.56822766031563	5.53283421821207
3.39637419219331	3.80892072518162
1.09151226773514	0.9931708655893
2.32061307174472	3.36938467903819
1.40513711331102	0.78030935125638
1.93104795907402	2.02432065482127
2.3839698913497	2.10068449284463
2.07624326174382	3.09935239979666
3.12006400448286	3.12423893709657
3.31140598164449	6.53015196262205
2.68973227233223	2.78328318568952
1.05151163447805	0.588008226620003
3.23078540163793	4.24333743138891
2.56324709231811	2.49683328919759
1.94715363950037	2.01505183647442
2.37630262398215	2.50601293109058
1.13675139829456	0.890624520048658
3.08934711259415	4.58439589514763
2.3809368937087	2.86488349092539
3.62324551912726	4.59335444989161
1.90127804948379	2.11113964803369
3.34012772961347	5.62972537100398
2.14321544213737	2.20216186373487
2.75681038017059	5.05177330146996
2.97262332158882	5.55606613686403
3.24119123444128	6.2312058345065
3.81720506431069	3.75632876949081
1.14995929943828	0.359644120216764
0.125731459006118	0.0407044661707118
1.14048615214597	0.550487863390052
3.07191541302791	1.30060988602716
3.97621411812397	2.3079922179444
3.72813331289338	1.95640430315638
1.30060862216191	0.569542795047425
1.81508889496852	1.61374404784114
3.11558516374294	3.83942288907504
2.98724001399977	2.052043609617
2.47195435323651	1.85519658717656
1.93396111759899	1.56222500135155
2.09652658163967	1.86994070492353
1.31076874722217	0.791141851961999
2.30250524093415	3.26332592888997
2.47639321434012	1.85962265677469
2.74839257788487	3.91343110054907
2.478109191167	3.82923010005868
1.67495247140315	2.040132034696
2.3282219870316	3.332981151651
2.01746631509753	2.82273737323788
3.29541511376235	4.51033261668574
3.49708449758866	5.40447315383514
2.39394861710649	2.12489573458508
2.09593836758036	1.29558437326124
2.79891075446816	1.76627448492499
1.64840506164919	1.0079515874254
1.76626889258583	1.8408499686249
2.31323255949575	2.48482127888042
4.07584283726226	4.50963477649527
3.21629954315131	4.27094879655289
2.53311619918299	2.84729381421985
3.17440691234429	2.37233817255511
2.62897115882847	3.57019161460407
2.8166472854647	4.25276847129325
1.35338305995072	1.25717060893213
3.06399604562035	4.51108529034273
2.41512102740395	3.23481858217025
2.22045137082598	3.84989888786024
2.13836773535011	2.22236313204198
3.27558792831532	3.59219766090883
1.72240612534367	1.29236118349007
2.51508801445962	3.20027238024307
2.5774473900014	4.68146116675657
3.81408326946347	6.96842504496436
2.40899946317871	2.13959083687387
3.06039513088662	4.53336137040847
2.40725814418052	3.57898308736995
2.82516642722722	4.79940674885312
1.58981429768318	1.72868619983674
2.39241475333802	2.1033316267504
2.80668618970978	4.23897640085465
3.40187192917187	6.04676336855844
3.80713758154787	3.75424822508077
2.98869468344798	3.56835736152132
3.12728860337264	3.14164630826221
2.18843943396567	2.58641246258261
2.67523155007193	2.68529989931482
1.89703001712458	2.9596397158974
2.22265321168886	1.81768409124079
1.91056049655311	1.52996622271592
2.59140056987818	4.34415906905066
2.64686932696011	3.14439837421357
1.87240698752248	1.96257570976364
2.09335193109634	2.08551496935181
3.67688773126882	3.38509039559908
2.96588199960014	3.48029657738292
0.739415122777582	0.481567278915085
2.61000423153754	4.01024735081756
2.24169464861047	2.94651754752158
2.2228729545595	2.9792444928418
2.37876861536081	2.84405803880536
2.73700139265342	3.88042572156841
2.98644097873659	4.94088226086393
2.38367757445238	3.5671441501725
2.08294755524198	1.30035113895439
3.43108543808854	1.63475119955058
1.41872931894336	0.787812456711597
0.804264264679199	0.403363981994915
2.00768130073925	0.913173903964439
2.09576478331769	1.31213239627246
1.86348232156215	1.07054643718606
2.57551660914786	0.96051052751055
2.57757744392236	0.957433505286922
2.29913178004905	1.18284764464605
1.76711763213337	1.82530772663699
3.78697264481716	6.86811762417291
1.38521701660597	0.73831115616131
2.52586903112133	2.81732570898391
2.04185550150392	1.51747906632191
1.82786080552569	1.61092802160134
2.65316849051827	4.0857014196327
2.87203984966129	3.78875625923477
3.33978610254494	2.65485826049366
2.39930511725069	2.11991216897121
2.59471921682335	3.40967369200563
0.722960221202003	0.481967424308278
2.57869357989783	4.20257673666338
2.29561783245337	3.17908377847566
2.22957939189981	2.08943886477079
2.58575595612776	3.84858508827753
2.20080275086659	3.62779779315715
2.86103380729405	3.14595618937577
2.30850744815963	1.19924213664799
2.05731424386504	1.56796949062654
1.85991691908979	1.28987563637359
2.77974282795856	1.78478163746822
3.7228276196854	1.9623996577694
1.99206536587682	1.93175478471257
3.33648410551905	2.6943350477839
3.24763302408375	3.466633350049
4.1739596243108	4.87054819481987
2.96961682916526	2.0439170746341
2.80783646072416	2.97064477615111
2.49813924453986	3.55411918559121
1.92590489742197	1.56939879479479
3.31346948419221	3.46980131408583
2.85810761330102	5.68657812515312
1.74397470177878	1.29424541174386
2.76037247041086	4.48263252818526
2.63350545830212	3.56052237905773
2.99762468809401	3.53679746246389
2.97529828361733	2.82397484359085
2.51314126014918	2.80282546603386
1.83268996152038	2.16528373074153
2.38729379953732	2.11848361320688
2.07351219602692	2.70406071858095
2.75913554721716	3.50313267100857
2.88764992043925	4.43870497274684
2.09979746741756	2.666120048614
0.299046382525268	0.137832047902177
2.89200033812907	3.8305905183806
2.23499841271458	3.16309839551571
3.59116780003973	7.06690028638815
-0.160203007491388	0.0542179391253053
1.45218953659099	1.13809954121389
1.46326795811133	1.05496382095947
3.12211794263241	3.12827907314914
1.77160314936859	1.84512717348515
1.74581574030967	1.924917024787
1.64235407839334	1.00798927502249
1.61370869514637	0.974903765664356
3.31076282985678	4.57498972867724
1.64541881821104	1.30820987976194
0.890475515947122	0.555664961353674
1.84359272666528	1.23088973080523
2.65662198260919	2.18615248911191
3.98200822752626	2.33564603127287
0.912909804147745	0.57336344894625
3.18191777004722	4.16695439480373
2.49322245293289	2.69259799508383
3.62295845992852	7.17543424722514
1.77805244790494	2.29033242269722
2.4366500589015	4.14550979521724
3.61977686642298	7.00964606928354
3.74042663612565	6.36754001848241
2.01853983959565	0.928593142144826
2.01616843045719	0.916690493912292
1.86973142039484	1.05858039916493
0.481994972568043	0.163296581694503
1.81256361946551	0.57834251056048
2.57066000659288	0.949369245848186
1.81256361946551	0.57834251056048
2.57551660914786	0.96051052751055
0.442856347300599	0.127861063358963
-2.11457542201993	0.632270703085136
2.48889057196787	1.86866382655783
1.81045946197748	0.578570674290805
3.43108543808854	1.63475119955058
1.66537544018714	0.982069164311753
2.83413859369977	3.17668611526218
2.07135959077032	1.796310624192
1.63097898698083	1.01519054284257
2.81079633761352	3.08686712084381
1.26708965644702	0.821930019973529
2.84046727380784	3.1697458772095
2.50777712512038	3.12873890364223
2.97848965699497	2.78877866984416
4.01894753635747	6.18063387888225
2.29096093097676	3.15468015407849
2.76150528809849	3.54258563342717
1.76350936780896	2.30407590170596
0.768274684706916	0.472573172025302
0.919488437726154	0.583627754404462
1.32638347448843	1.14975226203233
3.94549291880615	5.76069135741386
1.95640794894373	3.09550979311897
2.76096691181491	1.73097006899876
2.84124865373995	2.48502320435675
5.51320274338414	5.83228173356486
3.48930611822352	5.26103376535797
2.97872692942644	3.4671907662715
3.11965337234285	3.13229617661274
4.99466944782168	4.27567400035711
5.75351024839724	6.72703574875987
1.50381423621359	1.09141583769213
0.869845774123445	0.499358068130497
1.60170877166951	1.50305254906896
1.89555035662809	1.53585057824202
2.21392580420116	1.82582851888249
1.83180834411952	1.26120639728869
3.01241961301071	2.86329536297705
2.87768631676293	5.02908584002828
1.2093777490634	1.08568300689981
1.77901588815573	1.81743475070419
1.94689270711139	2.42213849971988
2.38115774310935	3.57446593117126
3.39672181270249	4.88161596975831
3.39782366131627	3.86325151709075
2.38250782289858	2.46859105190059
2.13587219976767	3.05516937109391
2.38711658275232	2.11650691125401
3.23322179240652	4.26827877189611
2.67369852907748	3.13142022696294
2.60955508876324	4.451500956668
0.949936100588101	0.652939357726585
2.95555192229182	4.04707813694734
3.64807968043266	5.95372258723906
1.82856839325529	2.11634704923201
1.98792519567587	1.92803322477152
4.83706287096702	7.64296544767879
1.31597986378046	1.20177359139768
0.839457441020748	0.462823109978753
2.40463168634462	2.17993092283253
1.84166922713769	3.14182429343229
2.46474163713046	1.87043941259034
3.8570930938801	5.53186582069299
2.45887285406861	3.75941058371635
2.19636149543755	2.90401912313925
2.65468759692616	3.12416916746119
2.59878920470476	4.33403286654581
2.43025114649482	3.17548669420795
2.50202971371642	3.08528669436589
0.44541130106345	0.211017730338624
2.81301501999928	4.08886230039557
2.40651199925304	4.47653537785917
3.31460219169323	2.67758712479285
4.4242235506687	5.71518192322246
1.64760830013285	2.50722198518313
2.87512340811746	3.82657768487547
1.91068257424791	2.58111636985477
2.96661177691765	2.04384955787563
0.102855298352891	0.0335266388398251
2.78873695158777	1.77888244788449
4.16247405506259	2.52298253995899
1.64000549784903	0.618943794636741
4.36432342224832	2.88538039399383
0.437688456191057	0.125580008034337
4.5537848207633	3.24772016525612
1.65290264190884	1.03843364813681
3.07598371730536	1.29177815049463
3.43652865568349	1.6582101694691
-1.41151445005737	0.392781075624489
1.32714417152371	0.575860116379347
2.83652796821825	2.52167746121683
2.03095636943768	3.0749337692714
3.78676394047934	3.72740876016552
4.1872259499492	4.89912063316168
2.30251920977895	1.59855483119191
2.31366056412988	1.19398564468062
3.41968689824547	3.94033541714121
2.66687856426538	4.07062808957455
3.07068651646388	4.57557022802373
4.04132056423049	8.09818754741423
3.57842375540807	5.68241132585399
3.23413511812229	5.12039337237934
2.43140755469329	4.48679445450377
2.2059686616626	2.59268890187444
5.284579300711	5.04759409916875
2.69436756778822	3.7772428399661
3.86588948301435	5.48362280513566
2.14128374389535	3.29557214272829
3.17107192349596	2.38503144240353
3.07488636325975	4.54208413327053
3.3373323655306	4.63101024843416
1.75855367352866	1.80125417309655
2.53568871165353	2.4038518008813
3.2357200173229	3.38685920751443
2.14464265813514	2.69421472395478
2.09733091626429	1.84470569054196
1.67072918639898	1.37709002193784
2.53971557265988	1.45261907369392
2.81150070324858	2.45021570942997
0.33405851815603	0.141499777662598
1.41901341174317	0.788633428720966
1.09076931089692	0.759398980597528
1.67094017610578	1.34394540846504
4.06721477165384	4.49589243613412
1.61661378906089	1.51528397385452
0.758669575295642	0.470753178732298
0.90894302294588	0.573790053888085
0.299870937181375	0.136429994667701
3.56719159595081	4.40181055986299
1.58256798392625	1.4896891473018
0.123154290037716	0.0398741874002629
1.22300671964659	1.34976080560258
2.5434429334143	2.75549513469629
2.76777816209853	1.74164342306101
0.822068847960752	0.418448733811206
2.425849160188	2.94104654282968
1.74419216526504	1.88579937064912
3.6777181311329	6.22740755931141
2.24748885383697	2.44075786769004
3.19656870813121	4.15297999693953
3.11529695854182	6.19426575980851
3.40844156943961	5.02936807505713
3.8791368250068	7.09456091224529
4.6141996071286	6.54775021907901
4.10709999266869	6.70805322765578
2.22077524730474	3.02780195692914
2.65887498646435	3.10070072045959
2.01650951125435	2.76788633629517
4.35205642175421	7.88708411872394
2.92373603965588	6.01490426309475
2.19777198300884	2.92327956043244
2.97522940316079	3.52153644488923
3.04413698393829	8.64397437465139
2.10789769879292	3.41970641967149
2.23964602722676	2.17380861536337
1.70099663537904	2.01705254847805
5.0335084536811	8.74404561631315
2.89163438217609	5.24550975304763
3.57147843892049	5.71096779156178
2.75413497081492	3.42619032252551
1.95251523326304	2.05055479233602
1.99626675321519	1.94918737745175
2.53098265006035	3.56816551330943
0.501080982734942	0.192969061168424
3.96100553358635	2.26745552927793
2.01887032465644	0.912360476103855
2.74883154250764	1.69876540603247
3.44169544984981	1.65349226807068
2.57551660914786	0.96051052751055
2.31299336831842	1.19592723591125
4.86772209622162	3.97189959768289
3.73016083045583	1.99020875135088
3.44860455672847	1.62825073830644
-2.11457542201993	0.632270703085136
3.07394835948079	1.31896016410163
1.50574508707317	1.11380970371253
1.93781170915658	2.90384262324107
2.38335968081835	2.45586468657703
3.089258812754	4.58022347921052
2.77275481941926	3.49630317854456
2.30532997836879	3.58205960691957
1.97401984637598	1.87067882144852
2.31534129547993	3.46278306588365
1.74729616725362	1.29868417758619
1.83444266935065	2.16526620121667
3.59858110228208	5.68677308312606
2.30090181454771	2.91951621415312
1.85463815120225	2.16126732294073
2.14511262911671	2.97275245209709
2.28473563442011	2.55223866729179
1.53973352606471	1.84728198611841
4.33730045152458	5.33002408010267
2.30840442342638	2.92737869110309
2.43026827300964	3.5609859755357
2.69909788159236	2.73578195530437
3.50604024604723	3.02302686183228
3.26391526180315	6.2994140110666
1.46064733051309	1.16298216151821
1.91924035941351	1.56148240883734
0.976241134160621	0.807238304564647
3.31156961228017	2.64024758867923
1.83692899312435	2.18130573228186
3.14948479198776	3.26257038215807
4.86772209622162	3.97189959768289
2.07017249340961	1.54879232369259
3.72044723819006	6.38793917094708
0.548461651426294	0.297403894841195
2.38237074879927	3.50452155728841
1.60305789673721	1.37946525230687
0.423955447035087	0.243294019496775
2.31803414259871	3.27015607104349
2.49835773546579	3.83559933483159
1.21092914492933	1.12522524762698
3.50579754958814	4.24787841164406
2.50518939452952	3.15762773978221
1.01975085564345	1.0506781360705
0.572792783773148	0.307236522795616
2.16240118898664	3.11805384478062
2.30872972607906	3.26701746456401
2.30947290651277	3.32630764098015
2.61307944127991	5.03451156000553
3.62643464462676	5.77310897624885
2.62340166449375	5.06308192856023
3.09766115385969	7.18570448061975
3.40592714316664	3.87907828929279
2.37652618804076	5.16548284766063
2.39845106535955	2.85212274161826
2.45310840850481	3.74309251095231
4.37718363080718	8.08074004177816
2.45175476033469	4.16663191072908
3.34024938003934	4.64653339173255
4.06221248984613	4.47085286661554
3.25792938935443	7.36719713905861
2.91190811752022	4.62388192519553
3.2993410746689	6.56968490771156
5.4839851210733	12.0827428610923
3.69095855467912	6.21582913483434
1.62099594637851	2.17245135168965
2.75472912492308	4.56462718065969
2.18416786480567	2.92850993277762
2.84482165678934	5.59983531762198
3.13313309505281	5.69370412642443
3.08186829118624	3.84638252576634
2.34180301526568	3.36016191022987
2.59132167440173	5.46343073269335
3.5355283647366	5.24486929971326
2.38711658275232	2.11650691125401
3.17936038051017	2.33522862171705
0.938062948222777	0.340428430013029
2.30266841014004	1.19642351923203
3.07394835948079	1.31896016410163
1.85003092450322	1.26752097194921
3.16825185157512	2.37345992752745
-1.41258048711295	0.392583212481328
4.17031098975898	2.56753508657039
1.14359097696905	0.354465121810182
4.19329343533331	2.62340064532429
2.57551660914786	0.96051052751055
2.00578852996833	0.903803680087074
2.67428336982453	3.16993592229992
2.20918346113419	3.65695468562388
2.69776473997351	2.7901364120366
5.79495520557054	6.98584827793976
3.43012975065436	5.08300689967695
3.57947785361524	5.55737190558853
2.81766992244741	4.93862568336883
2.39729331045766	2.83100323250554
2.80920547885094	2.48638007526213
0.841476696617341	0.578335383302554
2.75784709633008	3.46910767566808
2.68031959039594	4.83337471460384
1.96532960179619	3.14685733023911
2.26421437297659	2.48953074484569
2.7407594709875	5.13316750864494
2.98862756184553	6.45578483132162
2.59472429855251	4.26986999353708
2.99679619595907	2.8298771688609
2.52966991393435	2.83836897217
3.10786343830809	3.0893669603639
2.07599448970449	1.86081254886654
3.44036137203784	4.98599296098326
3.27500012946379	3.55429707709443
2.62308947092537	3.8148661836862
1.83016006606978	1.61204010634085
2.18041268202867	1.74819302403333
5.69663458062148	6.44591800302364
3.74398040283763	5.04470993924737
2.8679261313529	3.80558838192732
2.39427533559819	2.17134898829135
1.56808490058543	1.61884694986597
1.33945346270455	1.24435933472679
1.16423336388012	0.956089615854603
1.86079659961455	2.60012228618626
1.45498459805056	1.13709420232396
0.0558895031863865	0.0239861894967226
2.15012421763413	2.21221786504514
2.04017885209782	2.69667505327632
1.91878874054905	1.57076369081361
2.54412409147252	2.8422283015065
2.0485100417293	1.55548174039166
1.08094599820514	0.631385300430984
2.26631545500724	2.51493012686628
1.59225615903471	1.4853174149382
4.30181731906028	5.24072852810318
4.51796169465772	6.13842796761593
2.70383700356006	3.85435823828775
2.40408879546419	3.1747563960332
3.08157697994383	4.63818409997362
4.37920793506311	8.22721411823862
4.86462337625377	3.94452766337543
3.35123137230433	5.73198106638313
1.85334821647433	1.26321315436384
3.4218212005493	7.14549959927069
1.58151692500344	1.73376912616982
3.13632545580437	5.66359812157769
3.42441665595572	5.08452924319571
4.83225846180873	7.58324662404961
3.18151480786677	5.80271322372025
2.38467269668966	2.11082659110082
3.51315702770393	6.68557742493119
4.73340848343558	10.5372957040612
4.46243331544295	8.48995586850371
3.28899981928252	6.40041481350677
3.73011274172787	6.4226259057899
4.77839045527921	7.34022664002335
3.93222403872585	7.57045919966494
3.73563039358819	7.99137684010188
2.39234521233159	3.23494743854749
2.04363090072618	2.23526435582607
1.89705267839841	2.14601704700414
1.83073334517413	2.93857688538705
2.82335132190975	2.47409891071803
2.99283795225182	2.08497193330371
2.28880117958217	1.57222048785641
2.5687512733702	1.48043284310214
0.438994815557414	0.125095952267076
3.72752615202171	1.95450332694679
3.98369876203407	2.29482968575478
3.07653005489351	1.29030396946406
2.57296311484479	1.48625552662854
2.15469652468513	2.25135577397873
2.50241594759398	1.90226377980408
2.21748867909375	2.09549688177239
1.42720747310664	1.30026609312569
3.21416733609938	4.94473960159759
2.29281426496499	2.91446057012653
2.46818724341269	4.20299668921925
2.27829019444317	2.55423975015921
2.24365663458322	2.18018359408507
1.88160149409844	2.23783901775978
2.21292524343346	3.99246374315774
1.05350108154169	1.06799585908827
2.98430999846983	4.99229103277134
3.75341995070587	5.10482251374364
1.97594655713239	1.89191597801283
3.24542866073776	6.27579716660175
3.07015180080655	4.43594811875939
4.37696211817068	2.96504922654106
4.54850278775973	3.28579104366787
1.83841754155316	1.65087618685168
1.92405462237455	2.43255527229639
2.51234031242105	3.15285974104381
2.02267376703686	1.49191752617638
2.39065230589281	2.1199049991401
2.14366950827749	2.25201674676756
2.2084969580796	1.79111258423312
3.07716744791046	3.85500986516625
1.8719708693672	2.05349163956386
2.38268810898199	2.10897741875827
1.28173250892901	1.00262018284214
2.35348902766957	4.20206595515545
3.82015989861527	8.57194026558914
3.55399665852174	4.33349757695596
1.60472507390193	2.473430299939
1.45032142311196	1.57341346932076
2.6740349310678	4.82390748892817
2.89944982519298	4.54026707786224
2.87674139947009	3.20539873572639
4.39808600981956	5.58658061486251
2.06750651262446	1.81954877288496
2.59528430281549	3.80246634119638
3.36935332933568	4.73676096712935
1.90878868943421	1.57064335491897
2.27240532204272	2.7773068876341
2.34512897651347	4.79464719469138
3.05701358841668	6.00261767169079
3.42862823900524	4.97756463334445
1.82431242515799	1.57053628796063
3.01047324489798	4.20303209897721
2.51432431948444	2.8025674982331
3.4083270505041	3.88427199970904
2.39033659651324	2.48580703704686
4.09380429593701	4.51844003804045
2.96874160345829	2.80638897880942
4.04551419705712	4.45389226661217
2.98471412565455	4.85971395245065
2.07735316982793	1.29762754726023
1.31323797223646	0.778838816811349
3.24530128104341	5.22727896218042
2.83238770470699	2.56103659416468
1.79644534653296	1.73496515067854
2.83440628225759	2.5480294236871
1.5124977328721	1.91545440217182
3.80550856610256	3.7467647444546
2.25550985517985	1.84515408335254
3.07079708659758	5.25877352466552
1.92067949590012	2.79168196315931
2.95803412087731	4.1035045775001
2.47315978510953	5.62616541877837
1.53122986291655	2.95828933004479
1.35601922313888	2.5047269768684
2.32122434549456	4.91683291065382
4.70350404380335	3.54074598544413
3.96135400725738	2.26752368350372
2.98081719717541	2.0826939456203
3.67361874863509	3.39930559950944
3.72813331289338	1.95640430315638
1.2855954155808	0.835345312683557
2.81846924328539	2.5067225610336
2.83451906044324	2.51266667046755
2.67583200391877	3.15340498927817
1.31929433716315	1.21789854565832
3.06593546448124	3.7376780350708
4.17716968068136	6.90572545597581
3.74478046771898	4.94140761329673
1.70953430566293	1.85830719545422
2.55233172121873	5.13777957339444
2.12931900023312	2.72557756738553
2.04853413009013	1.57111365568285
3.49777921212279	5.29163321726237
2.67852111220079	4.15200623863107
2.35493036586665	4.20990645619718
3.92454704927997	4.07735582920899
2.09722396463369	1.35235075131212
3.22068549968731	5.96911438401566
2.01902174218644	4.24387924664675
1.86111545871309	1.94847538000839
2.56528846300775	2.51050024748294
2.56384513556828	2.87461890346463
2.50250540718896	1.8633096250547
1.66397677180041	1.33822920878843
2.11104507767968	1.32282544593831
2.24211125046419	1.84860062365127
2.21590082353497	1.81361396013374
2.06642357491881	1.56155839513845
2.88189225177342	3.84536479161614
3.11265502405965	9.09814087959917
2.60046133108774	8.68195688838015
2.36642827237117	3.52238322996931
1.83462686566033	2.18214684168005
2.19412999117891	3.8353164475064
3.05653748091228	6.13874766262425
2.42196553002334	3.95045165389994
2.91706739682524	4.54191782851126
4.04623795661851	6.21281112836049
2.81055650833092	4.21398589914134
2.15322919414158	2.20990301273469
3.90787086398847	9.38333616485141
3.07392208360907	4.50238779874385
1.76813875446325	1.80712124069023
3.67893788306682	6.08472683381186
4.36993845134354	10.8010402836619
2.22362376446973	2.1088018066617
2.27578514872279	2.52929479045856
1.1382109494871	0.818040894351454
2.03282027044063	1.55350867042802
0.455835342449194	0.154209124540759
3.18218001765957	2.38456053495702
2.55659647845729	2.43123019804538
0.0908716597980398	0.0297482053032448
2.39338316327399	2.47073324651044
2.74426749570828	4.56310002896108
1.6590338415461	1.02663646272201
2.67849908635735	2.19623814256979
1.60644195653241	1.51777139312562
1.97860511934471	1.87252682139179
2.96714174191016	2.0419520056728
1.34297146170145	1.21138148684953
2.98998250831102	3.48344714853812
1.65067813250278	1.02404928326162
2.7072035488334	2.789341913167
4.03263482737592	6.36735887039484
2.42977165423919	3.31606253373197
2.40716009101456	2.87972428875474
3.64254396894616	10.4060245007304
2.11728297480713	7.84758648486371
2.45362316050754	8.2050135309274
2.64153670409416	7.61281046321137
3.07625684166309	1.31471095169835
3.32917780228582	2.69113709993165
2.39612784548992	3.19527586313515
2.26382729951802	2.12664732072963
2.31029846419656	1.18739377872858
1.8803736236464	1.07511913768525
1.9229230456519	1.55288597857212
-0.165942067158368	0.0633922162867709
1.73209311992175	1.30765413260279
1.32785862345821	0.801768764709912
1.84965923858265	1.04820873691689
2.94085792019072	4.50990113807518
1.8336025664357	2.17019840721589
3.46105354837655	7.26847572001527
2.41382539139642	3.32913575683294
2.39396570125189	4.3890193863036
2.19184476797686	2.63695189839506
2.06381682938997	1.55907362918974
2.79350847222009	1.78951797761964
2.52017606386908	3.25755324879142
3.31874180875858	4.67573568608165
1.90938963663381	2.76491155610967
2.39293698836154	2.52179564815159
2.24399135110218	2.19171156653616
2.97582316052908	2.08024111666947
1.6811635275641	2.04024782940228
3.13795727395263	3.13263477049629
1.30323869326137	0.783392394018281
1.97159937651782	1.85849707976784
3.64801746970956	4.60958512102764
1.65620602265738	1.03876072453228
3.00985231762965	5.90343891936243
2.69274966802494	5.39992402456272
3.24362632470453	5.13503184621381
1.94895356164114	2.0175653631604
1.20194888932675	1.08203496094709
2.21986547866647	3.35610318636593
4.05452626172515	6.20809948296661
3.63754516465718	4.6922912223433
2.22896381037619	1.86126223559717
1.41392879267031	0.769349408606687
2.33919217898746	4.44245548838897
1.88407642439403	2.09140153348079
2.26762093262538	2.15583310114268
1.70702498219569	2.00680384288241
2.66571872441832	5.29146532160332
3.04848038163588	5.98504817207148
2.72404867205014	2.80355384383909
2.47195435323651	1.85519658717656
3.79699283653519	3.72179484733642
2.23156218112489	2.13012671203091
1.30711681740938	0.574815634179781
2.28890018806182	1.5987770450392
0.127732131378794	0.0404357980107572
0.828548970931037	0.383647888150369
3.0030647565752	2.85186412076071
3.42984319369712	5.1188822907812
3.7345529618008	1.9840170302838
1.30857027442624	0.925245307751724
2.82971462396966	3.07673414886542
2.31816119057749	1.21061446075152
0.828505469323132	0.345028232430195
1.63761957730697	1.46598842025026
2.38248860766667	2.82802673679936
2.05436919614599	1.51533335552992
1.63194553682487	1.44924015050487
1.99389767864095	1.89902901991406
1.58368090768034	1.85473101023742
2.87105066439093	3.76914459652713
3.65721458351104	6.11981835464098
3.07306060650353	7.94669877187319
1.97672360459381	4.79398852258289
2.09381590001681	4.4658872288596
4.39952032649203	2.9173868954294
2.53477090894454	2.84512541901192
0.246158327437128	0.0905913218532892
2.30850744815963	1.19924213664799
2.28263704318505	1.5901727348674
2.84318309773696	2.52927687178178
2.79184353919641	3.58903594114966
5.41531158765929	5.48762200546237
2.05605531657544	1.5270447944917
2.67430734595935	4.72908265427827
2.18447423164463	2.55899362832497
1.47746221108278	1.29104428580136
3.43366148192882	5.08642450147774
2.96706991658441	2.01237889771945
2.37073227202081	2.08706540133448
4.38215677378364	2.97870816395327
2.2725837616627	1.54270134598523
2.53958641817754	2.4202934457939
3.44843278091754	2.87905728575961
2.82897037804663	2.50813098711571
2.08595824274399	1.32480443299272
2.32614872498826	1.19722770624278
1.30826605819421	1.01030886230695
2.95172007365735	2.74445813341875
2.22208962169486	2.09269293079146
2.20763581234438	1.77363718146896
2.39327929491815	2.11942913942169
2.37864934577379	2.4568055026072
1.15812307708081	0.557048853310311
2.27940022257883	2.53472277615493
2.29214781298072	2.83998330491801
1.6111353881069	0.814917406421252
0.557978980130202	0.24707849745359
1.73842048416092	1.9272622457008
2.41548805888226	3.26170109049754
0.897165159863437	0.78240094612488
2.12521048485022	2.66183512946806
3.1624136174523	2.35400474879112
1.87711991635497	1.06098854272816
3.15949674361404	4.90915851912006
1.92127078795897	1.57836609532999
1.79302267207249	1.72458283259254
1.25289815542807	1.23221300124262
2.19891261603479	2.8423674905789
2.47692878543072	3.0736783644492
2.25340964895725	3.07512029819006
2.49646458014346	3.50779530440419
2.94800134578118	3.44968598365244
4.54635931055273	3.23793347980614
0.726184931506877	0.476559731158633
2.086415629004	1.30883166852143
2.08595824274399	1.32480443299272
0.0151915656279414	0.00594495672446819
1.76854221011436	1.67189658244255
4.21009455854132	2.49604869879459
3.13274409708352	2.3142585237256
3.4342761037063	4.83454566339523
3.15914197575432	2.35363717567151
2.54203440732715	1.45620603764747
3.4106220417079	3.80355083121607
2.29894166660501	2.5269327629358
2.00439988516137	1.91297033274049
1.83669150144548	1.2631914644103
2.57681455610168	2.49378897863373
1.83332551465527	2.49507167291798
1.62128164709829	1.5170079128566
1.57850677734971	1.56091834265675
3.26429807188086	5.30522605661863
2.20473314256149	2.98719157802936
1.62469634988824	1.55760720124499
2.58039599621734	0.941752296283537
3.06689999323772	1.30696449185998
2.40097007671225	2.14685828431052
3.52581647656036	5.36411946418113
2.77140610827329	1.77973211485229
2.23964602722676	2.17380861536337
2.23670722926102	2.15742137141833
0.848585127920829	0.472881326555763
1.88981866061582	2.07618325594081
2.4067086966344	2.52161338610698
2.28890018806182	1.5987770450392
2.18321869686768	3.41589646943306
2.39099328274725	3.62350592867108
0.869064482818675	0.595678819682416
1.08454875384358	0.886659685376549
3.22167863817942	4.16298953460704
2.30310278426277	2.50170496064292
2.55005635117451	2.79558439615123
1.93498724038521	1.58952758770991
2.3109262473615	1.19487152641038
1.87345296144208	2.08654195674769
2.0025174292302	2.36873152792972
2.28812612517586	1.6188899744783
4.38862543969949	2.92600559348694
3.63337463562618	3.31704053490845
3.29086433022937	3.5400345864834
4.18572350600616	2.61781818698671
2.2091404195734	2.64434813907175
2.62961554065952	3.01054053961727
4.12311989575299	4.42695428874827
0.701499998819263	0.388172867543103
1.20157417457935	1.00871130107802
0.844153808926372	0.47249662945363
1.83669150144548	1.2631914644103
1.64923419212429	1.30069452326332
0.870929594931816	0.494591744476365
0.604544651377739	0.298539452519076
1.91756110477407	1.58207042386624
1.446079416876	1.23795534323058
2.7367937295606	2.78858939023464
2.17091403644244	3.34196055340044
1.30523815192671	1.00075467355277
2.51163187692901	3.85371872216191
1.6244202211614	1.42352584108189
1.12053527666366	1.0950473282039
1.29470970335783	1.00055150755488
2.09952629246437	1.34554170433605
2.07294877274533	1.8509411441101
2.23220725522839	3.40546953861205
2.82931633217859	4.2118426672481
2.98786117972281	2.83854621220874
4.87469901650174	3.89058300608266
1.98778775146674	1.87911190774756
2.28776692062513	1.57395206528726
2.28825143806984	2.880406998825
2.29515686468072	1.17676795335893
2.10020395448641	1.85261886703981
2.92467104871607	3.92187968521513
2.49446804515981	1.87678387451558
2.03534839206182	1.51295145357221
2.34138000322818	3.36764842852954
1.13575453112966	0.79608382404251
2.87902782759411	3.81359727440019
2.24649882897278	2.17553058030669
1.46344191861114	1.18140314277875
2.97624731543018	2.80514960893576
3.40134206464632	3.88570764702212
2.48831037555243	1.92179853219217
1.10879823527366	0.994493385258491
0.710892163377153	0.474559418341223
-0.2725593078741	0.139624839415738
1.47754334911699	1.09494831138442
1.45544291285617	1.44604816478317
2.08556481033924	1.88748342083307
2.64946743350623	2.14549094361083
2.5687512733702	1.48043284310214
3.0028698990668	2.86277077481103
1.92473791533744	2.00547148833721
2.90269280283863	3.84146711329115
2.85512017849244	2.55766873070549
1.13479807863986	0.887327200657129
1.81531315148665	1.6142331126938
1.46056063987401	1.12342579271908
2.61366112843835	3.99073030443824
1.49003060141261	1.37871550047112
2.59436498981076	3.82353169534452
0.478577139597236	0.343630212915877
2.90629251106203	3.84999706169787
2.01000925996679	2.41051288677513
2.83507193959804	2.52773671105817
4.86772209622162	3.97189959768289
4.06270643900658	4.50854618656689
1.40935496421777	0.776833527779334
1.86392597485946	1.27342427632578
3.15042028657165	2.33527037215776
2.08466796676666	1.29796735033501
3.19507990160071	4.15217818255817
3.52043389002014	3.02851649747373
1.90040035608325	1.5794695224736
2.55980964430222	2.4896866235555
1.32653195290465	0.797617743170556
1.44400855094951	1.13772639040391
2.26818618325331	3.75102774748546
2.67191507719807	2.17001859174413
3.29520647227643	4.54604352064271
2.00931305693389	2.37666615233364
2.41841988475002	3.25729292577482
5.17252971642448	4.58636861220797
2.97918539006111	3.47953486153688
0.737047316634307	0.48956928511059
0.528823943867466	0.309865033593963
1.07972721527663	0.702615278055643
1.45008169159307	1.14433873327198
4.17142516743375	4.81887579929344
2.75228991190165	3.37368500029062
2.91524480924624	4.59510772746704
1.82889400020048	2.06635888832148
2.42539789201565	2.89246788057578
3.00922755782182	2.872774142761
2.06269048147332	2.29042323667933
1.74464859929151	1.28293316445808
0.54688101635778	0.290380326187088
2.5708472030314	1.46935470384009
3.64339375056256	3.37968244558502
2.85463347496202	3.11880226954079
2.82859983688783	2.47357676326071
0.852478336663205	0.583368399666356
0.971092849033239	0.662775718301329
1.47138338194016	1.26426108552882
2.31816119057749	1.21061446075152
1.84954440373005	1.25752335690309
3.27057474164611	5.31011770450436
2.4273219364486	2.47620484516176
1.2333450134272	1.32949500848893
2.08717406395616	3.67203045149331
1.83005492609256	2.94821006576449
3.96876597421897	2.30544013526435
4.54323166915574	3.24287749500881
2.69226628067536	2.81254891572619
2.52629221758442	2.77877023833353
2.41534081420175	2.14472181224025
2.52013749503537	2.82515417261966
3.15118978925762	3.15010122819213
1.74616039459843	1.76982808293484
2.21165043050316	2.96985080627862
2.0651303433223	2.28864279961982
1.93326202474185	1.59982875891127
0.227408319186648	0.118886670934025
2.97120965272091	2.03664910491617
2.29966677922076	1.61826098568377
2.07720682187796	1.30129285824046
1.58571867464853	1.56914258620675
2.0612468421311	1.55122293062368
3.48993129369636	3.01205354193796
-1.06365781829293	0.59732702932603
0.225330995072572	0.083517228566475
1.26529508436164	0.834834592580154
0.621342861160014	0.365784569145391
2.51584848080328	1.85943767740405
2.2140343250074	2.63909241975576
1.89073468057481	1.5561017272178
1.78876592575549	1.68756702902284
2.51589835674604	2.76612669600056
2.38711658275232	2.11650691125401
1.97095217939831	2.44539829115048
1.64454424527324	1.03344399251751
3.07365470544456	4.57440821627462
0.897661671076361	0.540840508569803
0.808765446408171	0.375964480044948
4.1883660368385	6.920264753757
2.05783298380012	2.23660641974492
1.46895606398101	1.26868723359682
2.03551671042872	2.22955020984607
2.26931976704383	2.57593889816891
2.0441934106127	2.678697750301
2.39164248284268	2.45758364941566
2.98180997568381	2.07634498559889
2.08328512473102	2.3204558792727
1.41669880876907	0.786380838657698
2.09488767136218	1.33093720039555
1.46597734427459	1.53529822064736
1.52068308792875	1.02901130006481
0.933178720044943	0.586582536725803
1.4387404866726	1.13448085799028
1.87818354485953	1.07266282374
1.40513711331102	0.78030935125638
2.98689748158666	4.14853865779048
2.40193862352577	2.46577346742534
2.41066608922983	2.51216789699505
2.09209309479015	1.8650952265672
1.90267161318771	1.57270351451259
2.4228519271697	2.83185941396491
1.80131743440778	1.68978490760574
4.20438895648288	2.65391113051484
1.43877374903493	1.12918702834782
2.05338102369318	1.77359657480163
-0.14899133482272	0.0505331092438469
1.17736209690035	0.964296485942444
1.46136124440917	1.1665596663372
1.29763781693203	1.00419175220579
2.87696918868519	3.79592120658726
3.11869895844792	5.53733945808675
2.21521147898904	1.79676991948464
1.31749118209246	0.560892201402231
2.20645415652732	1.78693588383107
1.87489725888657	1.26578475682783
2.08384826204823	1.29021225606379
5.25047344278222	4.98883892141399
2.31334878315064	1.17051070527872
1.27479104704343	0.916460052743735
1.27370012343267	0.827689649125987
2.79611937341806	2.39814913913145
0.12073133532592	0.0388479715742952
2.13301051940079	2.25073981641058
2.98647817756023	3.49495528907401
0.484441967858216	0.165686129366764
3.5839849010527	4.28394265666089
2.68544980409217	2.65927154460966
2.38131263705377	2.81861021650116
2.30017241703229	1.58975017161078
2.66692310813454	3.19953037904612
1.28237459100071	0.927610639715379
2.99790333150535	2.90662563232609
0.0571293548216951	0.0248374040066473
1.48927212640215	1.57423183588011
1.09624756176949	0.585591740259593
2.54971107168914	3.55943806391583
1.33301497214586	1.1339134234992
2.30976875450838	2.88108842175106
0.870098922137368	0.487598231439843
1.0790313520658	0.680983667189724
2.5808332897598	2.46933057032154
2.66876933221025	2.19416580094602
2.29314398524508	1.60321357632801
1.91211607832308	1.57877708510289
2.51687116931805	2.84658892847246
3.1563365063945	2.34928517912217
1.35214467952137	0.786906171240319
1.60244007571753	1.70512461416908
1.33084764119774	0.801805656155742
1.63005968792864	1.0035834607971
1.53988653758535	1.87406389826904
1.10490521338692	0.784409954788781
1.75260891078222	1.31675201514061
2.6304742478551	4.48622440411331
2.21507316361605	3.02703283383488
4.0632735543367	4.46874077267541
1.07320609804772	0.635746457741094
1.15947449073344	0.905129498016179
3.44572997674484	1.64515659806724
2.56314543442344	2.46400661750789
1.45307346618893	1.17219816711448
1.82516071462819	1.59537373437324
3.77691414107415	5.0947050456292
1.94502267817379	2.44155820369411
1.86574290163449	2.06623305109333
2.40540434871382	3.64279447822333
3.41959399530777	3.96188341282385
2.98694320368043	3.4826993307588
3.14808344949031	2.35183196923315
1.88079572431718	1.074377501566
1.86570066304935	1.28164750742823
1.47418971367189	1.3748405722741
2.27343710286717	1.57892897787874
2.36771264905245	2.46086881087542
1.27506034473879	0.914809579763712
1.91083351163892	1.56848079414486
3.15806601448327	2.38224077019
0.464926506575083	0.156778335790063
0.593925135317525	0.292389365666617
2.80171813844272	2.44820514811733
0.84667217147535	0.347899889766123
0.888313423727276	0.66129674269704
1.6625139930982	1.36956056123541
2.13155089044767	2.25025588507628
1.2966444221813	0.932624309085115
1.32243584381143	0.798376254895767
0.843091780938852	0.346361005482139
3.00241856187907	2.86005419404085
0.27625008015083	0.128460439191778
0.567018012864474	0.249262838074355
2.40531489839464	2.15397933066888
2.27689934760639	2.49919698827166
2.07539021615748	2.31372145780477
1.47402369432559	1.1840976913018
2.11882453819501	2.12561898412272
2.11245690048207	1.31956330821205
1.81158734236842	1.56304800382638
2.83507193959804	2.52773671105817
2.37037018474068	2.46479918397839
2.27823800798709	1.56458329409817
2.24672866543958	1.86277795949975
2.557728695413	1.45269564214102
2.0976890328838	1.35155767981607
1.91489353811445	1.92770433135865
2.30815386597796	1.19935534798675
0.799601099627474	0.398927736261865
1.98144282744895	1.88041914336548
2.42069635223959	2.15126372211194
2.86870514267956	3.22583397371561
2.21679706592179	2.15776255684167
3.34990062625938	2.66141113830575
1.65340218996341	1.45203677194305
2.4850373307628	1.8903566927118
1.47853228523792	1.07004937356502
2.7956854066425	1.77956358080194
1.3583023589655	1.4106241936426
4.39427659234492	2.91044453467505
2.2822849371277	1.57179157760513
2.1026507156367	1.33028603529919
1.47375175617612	1.2959310619091
2.99661504336238	3.56316113225668
2.68178394023154	2.20992936027505
2.7417173938411	3.98022257427351
2.23935129623942	1.83812867409411
2.56156751529169	1.44917845957638
1.41129784033732	0.770974917221602
2.9701781670915	2.055706057885
2.293751570283	1.59763819745876
3.98675399205376	2.29074180934224
3.99122023287866	2.26890808561497
1.46730403133603	1.15140144950313
0.788188289394634	0.364160031095656
1.53037988219441	1.04411040886803
4.55110590223395	3.29164181539212
0.145435703930489	0.0636539415313699
1.53192702296879	1.02768297192132
2.07542372154505	1.30623687306335
1.07868892836308	0.88371541915509
1.67471126150132	1.3630066267449
2.41131490582418	2.18778203376124
0.833600242316275	0.562780580184176
1.94172726860086	1.59339332366485
1.85732973118006	1.6384024205298
1.88402857361624	2.07904185622086
1.66991086073007	1.33814304070223
1.48612688046294	1.10095678070046
1.08046727793064	0.637422877690285
1.08336638450823	0.618284105204162
1.77710959046993	1.83924938025038
3.97925328168873	2.30998663039654
1.09923302756152	0.757375154455054
0.563708595380245	0.246050685047235
2.41990250298253	2.54169156113176
1.13459286828462	0.541662881919574
0.543259117396495	0.296638902231786
1.63894933117569	1.53974597882281
3.06689999323772	1.30696449185998
-0.558953536551619	0.234589847227073
0.783576825768597	0.476683462172508
1.86357584654975	1.06731868312244
0.949205425894075	0.342140036316259
0.352654521224502	0.148123785962554
2.81712525536985	2.45747909952058
3.97621411812397	2.3079922179444
2.20534817877834	2.6776003827911
3.01881660043323	2.85405510253128
1.09149494082693	0.761830497013645
5.3035984813632	5.06633630873434
3.13537329826329	3.23193832453137
1.65802293389468	0.996334594239949
1.31799536704177	0.788541939397767
1.78876592575549	1.68756702902284
4.06510655219464	4.48799650217485
2.87714165610065	3.86365571810754
3.07876324021306	3.78653232091113
2.24822912416082	1.8178387695847
2.31608760129162	1.21400243950159
1.28236615350561	0.837114974648026
2.54082462893104	2.41576925377646
2.06125896037866	1.57591683826837
2.26297566330327	1.54315199893676
1.84596278532734	1.66713850757099
1.51211340182253	1.26009105419496
2.51769834683014	3.20525228842856
0.498184784650351	0.193919262086125
0.21883582852833	0.107694721903989
0.564664236713512	0.245581163045784
2.09211902127591	1.33262483086036
1.74605011045747	1.86772649005262
2.03138492320902	2.2003276771281
2.09405489924577	1.87935300848835
0.966745111332074	0.673882169309426
1.59032571748855	1.61238819897533
2.23268391515047	1.84798351155181
3.96830457626147	5.8762703074962
3.14073298519581	3.2043514162741
3.51105908227533	3.03578082267048
2.57459488209692	2.46214379509107
2.24479997959662	1.84234858578122
2.39628996491031	2.11717072448529
2.5213409324102	2.76331829458317
1.19055213655825	0.995429484904957
1.28163768076951	0.851007595705821
1.53166174461142	0.973218620171407
3.00087181213387	2.83849376002412
2.09475017292677	1.33056554021312
1.46147515227644	1.06698853136857
2.21382182877901	1.79705841952442
2.54142244974343	1.4352253916568
2.57009975962278	2.34601457677429
2.0134947482036	0.901527174354077
0.841654079939216	0.3538837494916
2.15155007572551	2.20303005791911
-0.674723042453171	0.245088269077787
0.126792585846923	0.0398987452032415
0.555699377051254	0.246738005449301
-0.013158882722548	0.00557659229344224
2.28299279844077	1.58617393643917
1.80969618470605	1.69479722992759
1.32986672106577	1.24613991145082
2.68293706415942	3.13884356025308
2.7470726762534	3.86703294310998
1.61515478064426	1.67278030672375
1.70166203774521	1.36279290982581
4.66500254768902	6.41615641238347
2.54875494193217	2.87311227119477
2.62021954591319	3.50704580854574
0.560348056020515	0.299448382245988
2.03900621382794	1.55496030141722
3.65423494258929	4.69495290017475
1.92888756151863	2.58938813663971
1.88736674656669	1.51972482693008
2.51171603450597	1.89791512961995
4.68999755030803	3.5320389020386
2.07214615014517	1.53411298833662
2.07358472316003	1.55785672886304
1.69404161722442	1.99072058537225
2.98647984772931	2.82451250465257
2.38331107264256	2.08970578932505
3.10651250543933	3.91587694927311
2.07777766977657	1.3062327618159
0.693909748376713	0.381889043110472
0.231153197510336	0.0849815328214262
2.56021186521006	1.47855098181491
1.47846117610089	1.18551200291476
3.53646581938302	4.31925694531008
2.97644007715645	3.49816331179634
1.86103221326891	1.62028997286962
3.14992075559069	2.36909856067504
2.30201423931808	1.60597008426155
1.60901353264659	0.81660285829985
1.93058738688891	1.96877943626086
1.4808973281679	1.09615646711219
0.928951292617984	0.335943603021174
1.42181573294842	0.769417806595603
2.83716583401105	2.5204409084574
2.07405219892462	2.34766433139789
2.7756342669247	1.75355613691864
1.54339463371542	1.05039438825049
1.73312485800721	1.29775719268398
1.40673579485656	0.782502915774735
2.10609475196808	1.35296815559353
3.73957266722255	1.96234725257727
2.77140610827329	1.77973211485229
1.30776092853854	0.570863045784087
2.08870017424483	1.3113104890238
1.43516537564596	0.768463284850698
1.6230410398833	0.808007768923462
1.47639513278462	1.07664551214658
1.86190291666446	1.04642446088626
2.01312089866139	1.95493406165287
3.17694226605156	2.35418524387346
2.02804230441003	0.896378789519782
2.47580216736052	1.8244117262433
3.16866247245213	2.35099532700551
2.51041614313821	1.85419606430302
2.82669007413961	3.05574319734753
2.41377512173694	2.11014356972883
2.54715019056577	2.85481090447463
2.99572181038304	2.85536839477194
2.49758458777397	1.9291140406466
1.08568312628905	0.703083352632658
1.73578420603605	1.79536890031102
0.818148873908985	0.377620512531671
2.55982947537622	1.47837759015437
1.40768303789693	0.7609221445313
1.85302863180788	1.27672408718043
4.39534658701862	2.90985157352437
2.24771748611926	2.15782388147101
3.1757097762134	2.326969276939
3.11983682210235	3.15802467944968
3.53674262665176	4.38564850215536
4.84967325093104	3.8673595513734
1.88214273531746	1.28262923723705
1.6659801048723	1.33241762411777
2.22745049071082	2.1518888352864
2.56834729871335	1.47529543846742
1.9336094215225	1.59411864705497
1.60481675851446	1.73980473124383
1.62709538993928	1.40046234197923
1.27262425447356	0.828245323994802
2.6619845365463	2.19220402430764
2.37688499931146	2.07485053157459
1.43273028102712	0.777046993209596
2.65878890233447	3.17917961857622
2.83878202693636	3.13961065061467
0.856031213025202	0.488714786563524
2.98864100437754	2.89455271886788
2.18715085930083	2.59197267706411
1.46681926521838	1.06220045616769
2.20793265386983	2.08391487222156
1.54250168029532	1.03909078143176
2.49371152893147	1.9010733470271
1.85722737119886	1.05240434723355
1.41611975385819	0.773852289924222
-0.388587375539737	0.122428823219401
1.36104273505766	1.14971041857037
3.50588929519763	3.01337968811103
2.05365780269796	1.55592503762789
2.32664687995175	1.58956293329286
4.55110590223395	3.29164181539212
2.31366056412988	1.19398564468062
1.81045946197748	0.578570674290805
1.80577814402211	0.579897169515412
1.73043789931747	1.28125716464866
1.47988968535542	1.08613392008361
1.31704500353289	0.574153621318026
1.92532973622949	1.95147774258057
1.30868157287658	0.947780173670163
2.68350769253093	2.13893931179747
2.12620001445651	2.16812043514779
1.77190765477446	1.68453257081758
1.81912166136641	1.58458722633749
0.848585127920829	0.472881326555763
2.48269870706349	1.86637825625253
1.72919045424295	1.28787279729257
2.83855456561097	3.09621018453862
0.651846495530668	0.394610607857026
2.60711667938356	3.49082751863115
1.79838079189795	1.74577035065584
2.55256421502056	2.44836952179427
2.30193570898393	1.60423533362731
3.44340697884079	1.64697714754139
1.84831745835221	1.01928550204796
2.29650387601295	2.87979620294367
2.78668671321544	4.12071730604277
3.74799972558349	1.96462444989917
2.31021737511462	1.19601889706368
3.62862868051318	3.3232817072299
3.9765679923611	2.3060975503741
3.75500314587574	5.05114200535632
1.45498903081348	1.27207168776253
0.599642169398938	0.296341195936239
1.64005893425471	1.56449564945192
3.10335688588982	3.94868584870832
1.86535957489492	1.04676363638531
-0.694563947358783	0.314227551021228
1.48615934857068	1.07856834635474
3.3298027619597	2.70368490010792
3.48202392200957	2.95185451519812
2.70004730666377	2.79277759412396
2.99616653094213	3.53440218848029
1.6449028769274	1.03438237881304
1.72440494425177	1.27611655391927
2.49185433663071	1.86967410677458
4.56787564968088	3.26955998873193
2.30823175736543	1.16515122391368
1.14643448989947	0.544246587563651
2.00578852996833	0.903803680087074
1.14359097696905	0.354465121810182
3.61708056809691	4.57376512829475
3.44921730950001	1.62610415990411
3.44169544984981	1.65349226807068
1.85272412854661	1.03554799603266
1.27824219682982	0.844898580568038
2.09428850062842	1.33133041518765
2.66876933221025	2.19416580094602
3.07598371730536	1.29177815049463
1.42934248683689	0.760227300991428
3.47916525277226	2.92741476182906
4.39239906019971	2.96439288986538
2.4843291457736	1.85215583968911
0.827464747940013	0.421889489309524
1.61780457020251	1.39054041013036
3.50836558271926	3.05116214637373
1.72660099443459	1.28054614964441
1.64836428309064	1.30265355535086
2.01799912672619	1.92006900787228
1.15729147895589	0.557346641492327
2.46387571409822	1.81623588658666
2.25062609137626	1.87111973481203
2.2348336548521	2.12613656202534
1.75187270917679	1.76070236724653
2.81735500625293	3.05006974031459
2.39863977032609	2.16889307313787
0.981160855180045	0.689045092342022
2.82027116051427	2.51008360983081
2.38824298765707	2.12811678015035
2.58090977001506	2.50084597202756
2.70124997657362	2.76996566680963
1.32268648735568	1.54704705398735
2.10632955336575	2.35155701289225
2.15012421763413	2.21221786504514
1.65072693928569	1.35272843202613
1.15720068051034	0.891238742269242
2.84331452676315	3.17088537982509
3.66300367386323	4.70961434107633
1.26352279955664	0.819363449519867
1.07289586814004	0.566267385581337
1.41180026342999	0.784014581144396
2.57164477656247	1.46055326524492
1.67468247189093	1.34642634183727
5.00431667667433	4.30386881382606
3.14319325710728	3.199723191208
3.43108543808854	1.63475119955058
1.31983388874284	0.572079754885801
1.81045946197748	0.578570674290805
1.80577814402211	0.579897169515412
2.58453692416693	0.9378225742295
2.97653109101677	2.82655727844226
1.95432522149277	2.03478750615538
1.65902719583603	1.00502546317677
1.07348533067614	0.625986388607677
-0.711977167329217	0.313864170811828
1.99715814640741	1.91918564358718
0.824534288986893	0.379752353296921
0.51194275871808	0.201366614985817
2.46576928351179	1.84200161076052
1.78919169409361	1.79565006414163
1.58908551034979	1.60999577056708
1.57647134746937	1.66101176950052
0.900252048137285	0.563754502098009
2.27857246595132	1.54682346046718
1.86107127627097	1.28775659759055
2.77873606252208	1.76328940978545
1.97173296482382	3.19795297286165
2.54899528835498	2.43623296866871
3.92244604562178	4.0873716525064
2.5863201038894	2.47763299717068
3.5013605199005	3.03114120864652
2.67786093294484	3.19751965108072
0.89627899151521	0.564844126077254
2.96488671673182	2.01750288176387
2.43833778922368	2.51324793605564
0.818032372576856	0.370129476410887
3.63693612648389	3.31633308381297
2.95894934142595	2.0156962610104
2.79293990089006	3.52186641218258
2.78727489702017	1.78143272151952
2.10643701526871	1.3348471165724
2.24579983117756	2.18170458180542
1.86932956884551	1.0434284535272
2.39189779223993	2.46021517372342
2.69493474738925	2.75263700524402
2.36294282922641	2.47530735002477
1.14507221896457	0.35346817230404
1.81256361946551	0.57834251056048
1.81045946197748	0.578570674290805
1.40283918116338	0.7598480885825
2.31395542095123	1.62898121004504
2.02565529176159	0.896680455871815
1.0982817965592	0.709169025800135
2.3109262473615	1.19487152641038
2.08935505848502	1.31352516211658
1.85302863180788	1.27672408718043
2.0747978413893	1.52226386654992
0.923322582057915	0.577239464881186
1.27503865704457	1.00557719336455
0.925645925890315	0.697755755845242
2.49814416472158	1.92087204782718
1.44461403687905	1.52771494799516
1.6515297806451	1.43902674103117
2.06998480294613	1.52112867624135
2.02604723560283	1.50728286099307
2.54904900194637	2.48401397173291
2.88687443339924	3.1970126517462
2.54315818472548	2.85626506461469
2.13379987958587	2.14686522069311
2.78638914618604	3.56584615435557
0.625838877655819	0.307592128116611
1.47234716646572	1.59096798591882
1.10146505123226	0.774203785369414
2.65922600600263	2.15493216577953
2.40368677447944	2.13772246340314
2.76966668741424	3.90579013554407
2.68163729514299	3.20613328231502
2.29222934890447	2.59453422325531
1.66849597256633	1.35481729008212
3.28245127194966	3.60846949965366
1.65387749255181	0.624303921069819
2.5778136971617	0.957067152435729
-0.0342097368811425	0.00937089362924517
-0.445246395415761	0.200915584703346
1.84842270033142	1.65601911044724
1.64715243246245	0.638228599311507
0.113240573364456	0.0366213176856126
1.30854078954356	0.578826130306538
1.07043260176549	0.563160703578918
2.06412930356904	1.553737541958
0.512180566010017	0.294489345865673
2.28762705687968	1.60098362186901
4.38778464750062	2.97590268181663
2.06179004981459	1.83634506776036
-0.0112145002080064	0.00498507356501232
2.56272054290252	3.25175988572707
2.66513588153501	3.11707915182306
1.07093338126866	0.569973265937064
2.32095296952997	1.18470375149857
4.86187046458399	3.96169567151216
2.86311650317	2.47113059621525
1.69495063365699	1.37590208262011
3.52316969539194	4.27327375128135
2.08038969107197	1.28866226505266
1.29890782333444	0.854359934889866
0.535591682154046	0.289376628167837
1.85499731036209	1.06061624325535
2.30119169062823	1.19760543205678
2.68750639289513	2.78751860961303
3.14744603360892	3.20462351326862
2.87598217668288	3.20704562363613
3.48939029761039	3.02895337951569
2.26340977264567	2.16905218214417
2.54430392791607	2.85567865216076
2.83184614022884	3.09285503357184
3.72719788451597	1.98803617077715
3.06892463579121	1.30354025392078
1.42426955443795	0.77499154081106
1.08429578884813	0.638759460395867
0.4555195269905	0.150935560000471
0.150036545710428	0.0615767584789589
0.335617854494503	0.141814686146785
2.29699271146907	1.60298089731837
0.479905669158614	0.160240436002626
1.84352948366942	1.25559076770287
0.85740357906837	0.352924821051702
2.95889858549282	2.76948986765241
2.24609461281375	1.85731718551046
1.65623945311134	1.02128519268793
1.81097335706388	1.59227875625323
2.51810140747654	3.13544435923857
2.69014203939889	2.15440040500534
2.35692563295602	2.40651160666563
1.95510279457616	2.01068639894266
2.7941021434586	3.53887225603513
2.40397253523906	2.49613518115129
2.47346920635194	1.85436639389349
2.80723667356032	2.41445171787746
2.84567327709953	2.56027374216704
2.96697975667348	2.02907983396937
2.21838710551274	2.13413899620751
2.74618150653089	1.68188075232978
2.38530361002657	2.48668264284352
3.5136877816733	4.07998317046275
1.59926210211838	1.35063430948481
2.40931348616619	2.17573632508764
1.87636574099723	1.27762432821873
2.40663675818546	2.14285823012993
1.62981450769852	0.996631400914769
2.39930434828354	2.16847514090421
3.74194744404181	1.96312025935539
2.23926282265083	2.13180085006575
2.9866420501167	2.83867551612355
2.30302010441829	1.19630270244243
1.61024358324003	0.810994391306939
1.93597986781433	1.57058257486224
0.517002458096845	0.201350540844714
1.30890607766542	0.775320622986275
2.32216242536615	1.53238810499944
1.63214897067145	0.973713423392826
1.14562123448339	0.566529011420695
1.29957150183241	0.930151195750668
1.86867365227635	1.05881704818709
2.0481135244662	1.56208166736978
1.27049549450252	0.913715162128227
1.75581767751437	1.63628988666781
0.735228631366583	0.482248817446146
2.73602333205086	2.86236034786996
3.95764961621656	4.14230622005068
3.13132119986982	3.19650571196296
2.05048016532681	2.26812922095719
2.0886278402521	2.29401621198653
2.28578961121646	1.16085664090864
2.10460190472556	1.31299446474536
2.003439064311	0.904317302889556
2.98071865974648	2.85973793160088
1.8639066104761	1.05817719259993
3.13196455936581	3.24137429868873
3.66007780205495	4.66654504038651
2.99855335127261	2.90255191755795
1.03238085115476	0.774499575558671
1.08215296148557	0.634678658273626
2.65156106155905	2.14976411577921
1.87966737205975	1.08439474733127
2.30850744815963	1.19924213664799
1.3178501151722	0.572565456734137
1.67534187550716	1.32784028441886
3.17003308420789	2.38768760782727
1.80577814402211	0.579897169515412
3.73990509096128	2.00551060758524
1.28757152684715	0.85176408453926
3.97382382163932	2.30558199214761
2.04962623653488	1.531553769501
1.8774874610759	1.28388258664436
1.46832048477378	1.06499046310634
-0.320968214320357	0.0797036181189048
1.86043752777616	1.03442485778356
0.863156881909711	0.351638227013883
-0.549854929063037	0.231241331402027
-0.704044072302104	0.320891084780289
1.81275735644485	0.578334100363068
0.466192480383378	0.157458006189969
1.64200058293244	0.630315938547516
1.14965005629589	0.555076670006774
0.861166344715042	0.352047247881476
2.25032053450579	2.11611886501992
4.87580501333551	3.97400140533406
2.24692641880132	1.83527352402605
2.05886904984276	1.53159786892788
1.91303747154054	1.5826850062124
2.57362802951522	1.47750914191662
2.22202930979822	1.82372497727534
2.97536093079635	2.05694843381854
2.57002302158646	2.49841829675355
5.15733922880727	4.69512077868572
1.607908848501	0.807483065900878
3.28434710732345	3.54354296080498
2.99058348664028	4.14957715294976
0.812560366937976	0.407368522701924
1.28530807393189	0.841888924282142
2.63660666429422	2.13117030258463
2.40700940044225	2.13275211734438
2.30743504093632	1.59996973430349
4.54850278775973	3.28579104366787
2.50179300950656	3.09647939818059
4.37446530306221	2.97053747711016
2.03008611161266	1.50785658655694
3.08336106048288	1.28907279021901
3.07422077314251	1.3181512074564
2.96615385513481	2.04489148758227
3.12659626070285	3.15821636747954
2.293751570283	1.59763819745876
2.58453692416693	0.9378225742295
1.80577814402211	0.579897169515412
1.3106108999453	0.579073050182864
1.84712737638907	1.23192394065993
2.75976151829739	1.75162713601541
1.65948331395501	1.0104309378367
2.49668200658089	1.89308026311293
2.30851813899806	1.62347331242949
1.13810525701121	0.87951426074671
1.162943793637	0.555721655491286
1.74913808871072	1.31157808276131
0.8119732283074	0.371829005319228
0.00411813475717792	0.00173907244993365
1.1747261976446	0.973533004407487
2.02025271131488	0.893223853886869
2.30809515684641	1.62451199121361
1.86570066304935	1.28164750742823
2.7179026461457	2.83632935395496
2.52716683690521	2.84028970063179
2.9644081488619	3.51102136360585
2.43153707750573	2.1453244107851
2.24909884101442	2.18014231541377
1.31820917253515	0.57214753001107
2.41065978730693	2.13056711677497
2.47290826272417	1.85413907944452
3.07394835948079	1.31896016410163
2.96183473637825	2.04242469478281
3.19111298049459	2.33066838575413
3.29748442575289	4.50315361891176
3.51803495880664	4.13651408893958
1.81256361946551	0.57834251056048
2.00719998838068	0.904422183456058
2.79058323652823	1.76998070490232
1.05177367607503	0.536384210020246
1.71537919520755	1.27798163231629
1.86669165645964	1.06263111531526
2.57907124048412	1.43964151255816
1.32156028688205	0.572788874606842
2.56413914260333	1.46780950171667
1.98921574119421	1.89126446210905
2.96119661056967	2.04258013891427
2.40596065052198	2.14379554301657
1.78840635584822	1.731120965935
4.19676721241821	2.65961889293649
4.09260502854403	4.52230656942963
3.11582391532749	3.85487631526664
1.9543190261815	1.99410286380813
1.65575296811604	1.32162939634889
3.62549993606691	3.30891339229362
2.88459499616697	3.15883871939343
2.25557336070657	1.85376977949833
0.886988570953115	0.50151557402802
2.99847280573855	1.99529000861288
2.06266809879446	1.81251612439083
1.63256120991127	0.999243217655596
2.66743679002637	2.19595928678349
2.23137104635227	1.83263603937216
2.16376389194592	2.28661671980552
2.52282677811491	2.41116929644115
1.81256361946551	0.57834251056048
1.6380147533305	0.630239685678764
2.29968141441381	1.56653648251368
2.98781436773975	2.06453911009929
1.42809482924313	0.775643331786184
2.10027489413129	1.88562921834088
1.32469816957793	0.56869392912137
2.56816354351421	2.50790590111623
1.85636277389748	1.66071307716374
3.83100414995637	3.74215301688384
1.55149520089817	1.03163483102649
2.09805834552858	1.33342231402552
2.08654007480903	1.88106244591353
2.71229876285645	2.83886036786744
2.10607102387398	2.30506790445096
1.46798301626527	1.15866069785704
2.85794779855756	3.063401166286
1.07980281592062	0.573295214417056
1.83357397072274	2.33654832882981
2.86646578651328	3.76717351971169
3.32118130724753	2.68335302119637
1.89592173623962	2.09543462504675
2.48258744566681	1.91575509445173
2.73759494514995	2.85105938327154
1.44944718960817	1.23711496983499
2.57263345881761	2.47357396039449
2.8288219697815	3.07548313002458
2.5850139056114	0.9375104362967
1.81275735644485	0.578334100363068
1.65494252092978	0.627760779975998
1.81256361946551	0.57834251056048
1.81045946197748	0.578570674290805
1.81045946197748	0.578570674290805
1.15090865510945	0.349514078629439
1.28408452270754	0.935140018796905
1.86649647708863	1.0706962245746
1.64000549784903	0.618943794636741
2.71652623058999	2.81488817934355
3.16430079848652	2.39431378698732
3.14948479198776	3.26257038215807
1.64740436550263	1.29988795260111
1.68111840590157	1.36575761179701
2.55146240625485	1.45432507637551
1.47185792158319	1.09153940660822
0.559404160615588	0.300445295255163
2.67071076517008	3.20369385907157
3.28589203670765	3.60185894531512
3.64096730752148	3.36389513912413
3.74023762331473	2.0035974580432
1.82051634664823	1.61565651427474
2.07751627408504	2.32113151002358
1.17655992100341	0.55423051289117
1.14380258362296	0.545590511675069
3.00116097414841	2.06373060621125
2.6758701767363	2.20552372672451
2.32095296952997	1.18470375149857
1.65456523190516	1.01548454177602
2.56442081734112	1.49863630620331
1.87195297784302	1.07000596743462
3.63196940197237	3.3203817127744
2.62038447964653	3.44833208512311
2.66058639032462	2.18950837959242
3.06190782775183	1.28672322621522
3.07653005489351	1.29030396946406
2.11245690048207	1.31956330821205
3.44371153517053	1.67619063326831
1.8711847398214	1.08498217525104
1.48921207808679	1.10018034129505
2.05210507270665	1.57275360150902
1.72613383490267	2.06037657105433
2.06370675365074	1.56466663302912
0.452687638925565	0.153506259269692
-0.151417448318427	0.0587988258319865
0.812323510554847	0.374747536903197
3.30386798468511	3.57118420136981
3.2953344249857	3.56253851034385
2.40000511289059	2.47882469350797
3.155331613537	2.38438249261709
0.689452005256445	0.380800638146665
1.8549248211269	1.2565420195642
0.89065025546093	0.557166174225916
1.5380414122679	1.04359394051107
1.1636010915521	0.566689211723311
0.802176486566052	0.405994878415775
2.82461358021251	2.50372641087057
4.19085363041179	2.65560020831302
2.10054672121532	1.84101230476989
2.12059106233412	1.87389736638057
2.58453692416693	0.9378225742295
1.81256361946551	0.57834251056048
2.5778136971617	0.957067152435729
1.80577814402211	0.579897169515412
3.44572997674484	1.64515659806724
1.07477640475292	0.625037628524931
1.6392589264181	0.627523522545358
1.85865434726799	1.0488846452461
1.49341048511892	1.17318161174418
1.31616193600528	0.586796808071362
3.07394835948079	1.31896016410163
2.05830324077012	1.53510334477725
2.1016821253183	1.31240341451643
0.620494457296599	0.310858906882038
0.883190644932866	0.495826330206313
2.24135845389039	1.82083212035307
1.96780608415858	2.03589529365071
2.01820946220312	0.913449531834958
1.09686479105154	0.702847135476139
1.06453849536231	0.631242585843837
1.90912638885486	1.90209528078329
0.637297787206832	0.316698134221445
2.28239826712305	1.57743788136167
2.76210047172521	3.35674649798639
2.10366954940191	1.31324771809988
0.514800100929338	0.203414119342654
1.4950476440739	1.08849756664567
2.05093586366761	1.52807363765087
0.846921992328591	0.351762217209902
2.07631024511217	1.86448692642059
3.73990509096128	2.00551060758524
2.31057175053643	1.21438601153779
2.66996686369828	2.17950812719616
2.55923812997979	2.39297591834074
1.64669580914721	0.63396607368491
1.81045946197748	0.578570674290805
2.30083617917732	1.17972477152085
1.81256361946551	0.57834251056048
4.71703150749113	3.61188292139454
1.86711667122075	1.04856042563488
2.41197340253477	2.14086830160807
2.23180667475624	2.11210947665546
1.09686479105154	0.702847135476139
1.88049308172362	1.27544452523497
1.07425960731021	0.576881876824638
3.6520424703888	3.38287084854913
2.26743991355445	2.173673090284
1.07605192321755	0.572109580115478
1.854366518451	1.26841153536943
2.53230153004783	2.77229334632201
2.70641262493852	2.85246317014947
2.48017549989883	1.89146724794842
4.7262285411591	3.59925371471183
1.87451388971115	1.07347938949285
1.31580694910012	0.577645369801217
3.44658077322804	1.62685228459315
2.55630822031745	1.47679306157225
2.07449108904477	1.31636855648238
1.86028479503992	1.29220163059317
4.55685584054468	3.29498521470563
1.81256361946551	0.57834251056048
1.81045946197748	0.578570674290805
1.81045946197748	0.578570674290805
1.81045946197748	0.578570674290805
1.81275735644485	0.578334100363068
3.73016083045583	1.99020875135088
3.80611202062866	3.73039103576503
3.0813141475216	1.31594402364979
2.57180027463651	1.45761584927976
1.65433493911478	0.628354033763453
3.06190782775183	1.28672322621522
1.08911168414306	0.572219122545845
0.941412837282011	0.340660708964588
1.32191624921377	0.572374518696162
2.30877416015578	1.19399936413832
1.87274862972721	1.0604746684869
1.62480790799047	0.800947285542056
0.471165733369126	0.160581735569019
1.65573425526078	1.02627592556868
0.438994815557414	0.125095952267076
2.5510832941741	1.47510558560549
2.65076034077432	2.16876765491336
2.57551660914786	0.96051052751055
1.54248628423055	1.04695143958958
2.56136817593256	1.48884546733947
3.6520424703888	3.38287084854913
2.31192323140644	1.14085700584684
0.824829439347942	0.33572769730976
-0.323262123993069	0.0802314869089757
-2.59010690959944	0.863676284132476
4.57173635290726	3.22869002598945
1.65032514099311	0.618715942293314
2.99511809190372	2.08181792370885
2.32313702952357	1.18286371183381
2.77679863063652	1.74416078377178
2.08106832460285	1.31502689472447
1.81256361946551	0.57834251056048
3.07422077314251	1.3181512074564
1.81045946197748	0.578570674290805
1.81045946197748	0.578570674290805
1.81256361946551	0.57834251056048
0.381939954112183	0.0885630978825824
1.80577814402211	0.579897169515412
-1.41151445005737	0.392781075624489
1.81275735644485	0.578334100363068
3.43622658713387	1.65895261894807
2.01412961239258	0.90045959750674
2.11524011855089	1.2950596763049
2.97437102458942	2.04757525475927
2.55434357699775	1.45022011172175
3.07394835948079	1.31896016410163
3.15583393697798	2.383352918154
2.51611540945537	2.76973890854623
2.01573707045514	0.907722729493127
1.27345370017978	0.852089573369644
0.389091380780796	0.0893837858796829
2.01036789923916	0.896991825646934
1.40549748407737	0.76738377036237
1.87191211353778	1.06098173889791
2.85034887173357	2.51169078098768
0.855409933868943	0.349309148741465
1.71178608839968	1.24882375020111
2.30809515684641	1.62451199121361
0.628846825566523	0.309569003177171
3.07625684166309	1.31471095169835
1.88972958884054	1.03994360599221
3.97214139396321	2.31148558247758
0.135162582341758	0.042681029839074
2.76761955945842	1.7478452773406
4.19638297135427	2.66144867507993
3.66054234938923	3.40232544484679
2.99656781691883	2.02170714994438
2.31851839938804	1.20954950098339
4.19844625005781	2.64435108733641
3.73549595926684	1.97830280590037
2.7744008758448	1.74074991139183
2.80195100710037	1.76754027355949
2.46962657498803	1.86415398849124
2.09868017760688	1.32987506085859
1.81045946197748	0.578570674290805
0.946160588335457	0.33964074022882
3.73990509096128	2.00551060758524
3.74766454481472	1.97844083639306
1.81275735644485	0.578334100363068
2.57757744392236	0.957433505286922
2.29913178004905	1.18284764464605
2.01316604350963	0.917368522828072
1.64914996960997	0.626657759006669
3.06919540525571	1.3027545160526
2.77099113591411	1.75779269442633
1.91598141882256	1.57509018051868
2.28277919541577	1.57243320518411
3.00574691190564	2.83418769030544
0.120779405653191	0.039060616069566
0.472024456650267	0.18004364680278
2.83981518189461	2.51352427420984
3.65197961457263	3.34396086091065
1.30127866995184	0.854898648494916
2.99283795225182	2.08497193330371
1.71359409805048	1.25470341539802
1.87451388971115	1.07347938949285
2.56768465986349	1.43854474390198
1.31839174242751	0.801154052333428
1.63736679639411	0.95462816329056
1.62665033414627	1.00538096001913
2.49040434480514	1.86777289611502
2.39904276581065	2.10969973919543
2.5584946550892	1.47265083830725
2.58246518877188	0.954808913265067
3.98405531989639	2.30491088562674
2.57112413889521	1.44959824777186
2.55668936344375	1.49723334425118
0.361067530293182	0.152779437996563
0.94070627902179	0.347797326422389
1.28472655362114	0.92489647205001
2.56585130568685	1.47015701926702
1.93732745436457	1.53363351252335
2.11104507767968	1.32282544593831
1.86800097754078	1.28189182915297
1.85466836398801	1.65751513237325
4.20128371410681	2.61028572585752
2.50808778759022	1.8632107087888
1.65340825508055	1.03327129706858
1.84589493787306	1.6368431725715
1.9248502697782	1.59132462612046
2.84053149604486	2.52506691013339
2.39043418234732	2.11806696586715
1.64176938163975	1.03430661719322
-1.18169911714333	0.401376601981612
1.81275735644485	0.578334100363068
3.43138577272834	1.63403113588099
3.73488371986947	1.9821477033994
3.74594816942165	1.94050498464307
3.06892463579121	1.30354025392078
2.76500883638476	1.73542556969229
1.87651139582198	2.04720634943521
1.4149243254129	0.775854093311413
4.39239906019971	2.96439288986538
4.56816741613784	3.18558971516137
2.81764190557258	2.45810425156829
0.615529222771793	0.391882365040111
1.49031164977951	1.08683888029364
1.86463022296193	1.26218619966127
0.831886758031541	0.343619155444981
1.52008832999814	1.01833497232925
0.544464130183606	0.238370128038127
2.96461821797417	2.02589250936189
2.79350847222009	1.78951797761964
2.29412887076974	1.62290026659348
3.06892463579121	1.30354025392078
1.9411702489347	1.57833794766181
2.40493174244922	2.1661776427623
-0.181185996457829	0.0695114747054305
0.612427851739452	0.302745415041597
2.50704537889496	1.88489685340647
1.852845629438	1.26245398916259
3.44891088252907	1.65655944931031
-1.25051848116168	0.616247474143185
2.81183059676104	2.44686772422806
2.06763325396493	1.57493861484662
1.86086347893224	1.02119000971005
2.3090315899297	1.59404831658861
2.31057175053643	1.21438601153779
2.09539506128804	1.82467212642331
4.37863011498783	2.92429339235427
4.19470472741518	2.62131643557818
1.85222855279465	1.66158451932938
1.6380147533305	0.630239685678764
1.30854078954356	0.578826130306538
2.32095296952997	1.18470375149857
3.42397981700002	1.60913005792329
2.5778136971617	0.957067152435729
2.5847753763123	0.951434056294316
1.64001387550127	0.631392365244923
3.42908906027034	1.63600040380876
1.81045946197748	0.578570674290805
2.65662198260919	2.18615248911191
2.05375173102065	1.55046347980066
1.32382202091068	0.580891397607928
2.55421229831816	1.47965447556991
2.05070164786469	1.54548677153376
2.99739992579798	2.06708280027766
2.24209075428682	1.83890754142176
1.06800306800081	0.624073099160395
1.06574031694169	0.637259434681502
2.66305559150509	2.19257161112109
1.29499603807903	0.862314843402712
0.802505745216058	0.375370259302876
-0.16358589805749	0.0554958724533101
2.57066000659288	0.949369245848186
1.64200058293244	0.630315938547516
2.65409042235263	2.17958140749713
2.30743504093632	1.59996973430349
2.47414133096761	1.82523679017308
4.88648475950048	3.85781896738939
2.67535247611952	2.19334364192383
1.87024206531301	1.29135522724926
0.109163365306336	0.0353723384603719
0.541132494404365	0.240934108947064
0.506093361136336	0.201385678434185
1.98009136571276	1.86284749983008
1.85394794160313	1.29199809724466
2.27182196527186	1.55952421670089
2.32614872498826	1.19722770624278
1.29731584720575	1.10353790750654
2.29701041192887	1.5497180236474
2.29078031858832	1.56285396558098
2.78727489702017	1.78143272151952
1.74670397603041	1.27166542584085
2.29569731320146	1.18053200269932
2.01342824297593	0.902753596305442
3.98165246654708	2.33759141154984
3.14038280573449	3.17934541846958
2.05867128759133	1.54880589550516
0.794206081498999	0.36121136844781
4.17781056038421	2.61105714006141
0.0227735710240894	0.00767136719718509
3.14605519950342	3.26436451068072
1.62741188434839	0.622040440104626
3.0813141475216	1.31594402364979
3.73219049548292	1.98336590805057
1.81256361946551	0.57834251056048
2.5847753763123	0.951434056294316
2.5778136971617	0.957067152435729
2.31816119057749	1.21061446075152
0.381039818852264	0.0876463229858444
1.62693630118406	0.804517683859671
1.42560057754096	0.776616242758459
2.9705578046455	2.04123453578582
2.07817566904423	1.8352937486065
4.20193176415863	2.65080183528634
3.98405531989639	2.30491088562674
3.17003308420789	2.38768760782727
1.28337023452235	0.90554004266251
2.58192717495041	2.49631428785304
1.31983388874284	0.572079754885801
1.5594041383078	1.03319163046718
1.91151121238402	1.56931985157949
1.54423202592599	1.01804684105944
4.55854672927972	3.29135816856354
1.16663880534221	0.554907683031205
1.83976103983751	1.24556584162118
1.54067396625096	1.04886444968861
1.64371784808933	1.39775927270405
2.39863977032609	2.16889307313787
2.2567995506717	2.43909454636952
2.96940615688122	2.06280158514741
2.48555430064601	1.90743871946034
1.65066674516689	0.989492133635878
2.77974282795856	1.78478163746822
2.31299336831842	1.19592723591125
1.29733492177679	0.857709322860543
2.31156381875515	1.16878329434935
1.86649647708863	1.0706962245746
2.25147066444013	1.87711495536607
1.42981601990421	0.776234335803076
0.572618206900712	0.251390350302047
1.78916437962061	1.7124410066855
2.50838706824028	1.86792684324296
1.86315982954895	1.08220287162712
-0.658232178434299	0.242430706833563
0.813298441043888	0.421121845619716
0.151591341589611	0.0615783357273486
1.08702996941108	0.637251262699656
2.01316604350963	0.917368522828072
3.7345529618008	1.9840170302838
2.65682141209617	2.19466691848917
0.830614945770783	0.345529873559549
3.07191541302791	1.30060988602716
2.01127440925714	0.901185770645912
1.81045946197748	0.578570674290805
1.80577814402211	0.579897169515412
1.65263184144526	0.630012728055625
1.81275735644485	0.578334100363068
2.06404593527736	1.55373141405742
3.19442307293312	4.19947198768069
2.39927732169204	2.13605479606195
2.82641560359714	2.46153450477803
2.39984308264743	2.51149335410482
4.21530164032582	2.56210095138655
2.21585640790388	1.74656614310324
3.51931002986036	3.01720414847941
0.475913702856742	0.16226066935931
2.21506768105578	1.85162163023594
4.39926467777278	5.63793220427544
1.62997000025923	1.01419451567632
1.86109523055878	1.04035915108119
1.82520054382605	1.24581664017063
1.62892946786307	1.00807178013159
2.49204068829514	1.85387215782471
2.09814936393127	1.82392098951743
2.53290527185299	2.39764005172323
1.86924478226162	1.25877056138753
1.54419223103831	1.02753801613197
2.64834372675233	3.16541479978394
2.48778591504991	1.86846400036843
2.39690390529856	2.1600812234008
1.66127911362844	1.01560643294531
3.06892463579121	1.30354025392078
0.328238317232984	0.139568768444048
1.88223774459643	1.05664797347417
0.440550527350698	0.126238999466213
2.57551660914786	0.96051052751055
3.72813331289338	1.95640430315638
1.8511497158395	1.26819580304758
3.1389624715981	2.33919417920458
3.65730044685573	3.38332543407215
1.64579622416818	0.620043944066912
1.81275735644485	0.578334100363068
1.31612368763624	0.564890962221435
1.81275735644485	0.578334100363068
1.63831693084645	0.629915116837088
3.06689999323772	1.30696449185998
3.07191541302791	1.30060988602716
1.80577814402211	0.579897169515412
2.50816037283554	1.89011243109655
1.28975796358464	0.931851428302155
2.06283024470111	1.55588682408977
3.28543936110071	3.47997020325014
3.15310573098472	2.37833593863327
1.54062705908305	1.04739701370356
1.5441703567076	1.05107965300327
2.83071378923842	3.1765841486408
0.54396846165482	0.241274371258513
2.68466662722337	2.17902568673105
1.87195297784302	1.07000596743462
0.812755924568768	0.416919713621323
0.536513975793011	0.237413714064242
2.09741420531993	1.86164196944203
1.55310797417106	1.02478325257668
2.08162344002829	1.84473117311992
2.30266841014004	1.19642351923203
2.30325361239839	1.18066465971766
1.88180856498247	1.05005813728932
2.07607746060295	1.53363895248828
3.74766454481472	1.97844083639306
2.67367211680206	2.20549215783501
2.07358472316003	1.55785672886304
1.88625296981392	1.06592990897373
2.98770619447489	2.80057598840152
3.14830526783162	3.21695025248641
1.64034801394684	0.991315635866227
2.21865898883788	2.10764068949692
1.52386265814739	1.02138003565923
2.31816119057749	1.21061446075152
1.87371849321115	1.06384941968895
3.74766454481472	1.97844083639306
2.77865798058013	1.73313971755018
-1.41151445005737	0.392781075624489
0.441297125214957	0.126926364329448
1.14681573565414	0.348473398236408
3.73521458563386	1.93735847633579
2.58246518877188	0.954808913265067
3.08308555311473	1.25920116126588
3.43622658713387	1.65895261894807
1.80577814402211	0.579897169515412
2.58039599621734	0.941752296283537
1.64200058293244	0.630315938547516
2.05467769951016	1.57241751130724
1.83809691431706	1.26580154545619
0.708221900415169	0.389147419024139
1.15481040908374	0.558234682556366
3.30781461449694	3.5689149428433
-0.152170088174836	0.0509514048124294
0.51259959569833	0.200534954182712
1.72400230178361	1.26731838848496
3.82345503496455	3.63887711173319
1.04454405520933	0.60058217387067
2.65033765070965	2.18575522536914
4.55593393453783	3.24905701097495
2.10358294635472	1.32835911349642
2.27989108165717	1.59155904681126
3.68480764301111	3.36873386964283
5.00085974076336	4.24333611898212
1.53641147877464	1.01994904328217
3.07422077314251	1.3181512074564
0.251680103530688	0.0933491198681863
3.17244153146907	2.37976051455867
1.7452960039953	1.273141818469
1.61290031837313	0.818448265581659
1.64470270638588	0.635038415347163
2.08326207013436	1.3236044546313
2.30472472594129	1.1794437176518
1.16601353033685	0.557860495287182
1.49353590013824	1.09128738840018
2.76352103111753	1.75012145464247
1.07937505287412	0.581486134566566
-0.0632785856161491	0.016034337224447
3.44371153517053	1.67619063326831
1.86651431698222	1.26777390004251
0.432316457341244	0.12480155231866
0.444854208791125	0.127991221299979
3.7408531564622	1.9462377548029
2.58039599621734	0.941752296283537
1.30854078954356	0.578826130306538
1.81256361946551	0.57834251056048
1.81275735644485	0.578334100363068
1.81045946197748	0.578570674290805
4.56694152432424	3.29544697941077
2.02091505785162	0.912255878143907
0.547727913782193	0.241636263032581
1.91859213209585	2.13062679759718
2.57443181820548	1.4710108979326
0.847418684338332	0.338686981967335
3.74799972558349	1.96462444989917
0.44515396789369	0.128009718182639
1.31606402254914	0.795664811558636
3.43199963356784	3.9377562801659
1.12496903707458	0.784772328582917
2.86050792904483	2.51862631578919
1.17412354496357	0.553649872351027
2.54203440732715	1.45620603764747
1.83844753337022	1.23166696722063
0.342643669766959	0.145340649478056
1.8639066104761	1.05817719259993
3.06892463579121	1.30354025392078
3.47996147696259	2.97996171853437
2.50539892144104	1.89441159301417
4.30780238766256	5.21618046288764
3.14861457287572	3.20947955932753
2.57066000659288	0.949369245848186
3.92564213396473	4.07001320532307
1.86031998398572	1.26859715458685
-0.712603790906507	0.324112717200999
2.30017241703229	1.58975017161078
1.80012609118956	1.73749393649622
1.4191700040284	0.788911893149003
3.99229841775263	2.26180360424411
2.68117917697119	2.19868013156239
1.86469484405092	1.27475751307975
2.31021737511462	1.19601889706368
-0.350448482155601	0.0841629834626434
1.81256361946551	0.57834251056048
3.0813141475216	1.31594402364979
2.58453692416693	0.9378225742295
1.81045946197748	0.578570674290805
2.8624360600407	2.55097150856921
3.44603537524276	1.64364191375367
1.85466254145581	1.24747863487171
2.15258085760678	3.11631975219079
2.25519168277606	2.13376231830316
3.07899560381092	1.29851017680794
2.25343976027503	1.81206763230401
1.60641403382764	1.65965383439762
1.30534153614806	0.850791420760297
2.97873682052121	2.83991426905703
2.30249859662015	1.58429956198488
3.16618724498861	2.37139932510829
2.27092414482045	2.17353418446819
0.835361312918747	0.430206194667527
2.37762510906914	2.14581551492154
2.03422184034521	1.5230473908163
4.3800692246704	2.97251801637422
2.97731568294283	3.54022933160322
2.69907483818072	2.77264434687693
4.54635931055273	3.23793347980614
2.9641932029952	2.04565723487888
3.49635811039579	3.0483780536934
2.41480127962039	3.62282890591572
3.29925789307883	3.54594044209714
2.30989379762225	1.60455046231407
2.29857744426327	1.57237368735107
3.26774269328064	3.59609273284456
2.29720404792069	1.17773750266794
2.07871680687591	1.28816573542179
1.92091091155598	1.58197905497329
3.13815761685099	3.21067043437628
2.30325361239839	1.18066465971766
3.06689999323772	1.30696449185998
2.87111205669368	3.17845128503267
2.05539809748516	1.53362748547231
0.874705838303654	0.503595730343493
1.0990343881384	0.580728701038451
2.29439819851752	2.90124879843107
2.40464233915746	2.16164170975654
3.95881854510734	4.13828854222511
3.49755424943317	2.99267695655278
1.17172002550034	0.563992593288382
1.67495639665409	1.36715775224283
1.65675312255069	1.02160981860116
1.64462121017336	1.02214238046346
3.97214139396321	2.31148558247758
3.71955612444413	1.95697462182563
1.91816176093841	1.58323993070788
2.56518983583209	1.46864702335576
3.99501232405532	2.30930011440539
2.01905804870604	0.889454609121139
0.918363543731183	0.33007998227938
4.20024921495748	2.60538612108495
4.38257451590182	2.9769998460529
1.60962322805908	0.791571069740851
2.48313900214072	1.88892219567707
2.3182573018119	1.19298821163316
3.7345529618008	1.9840170302838
1.87202440622686	1.06406349528369
2.7956854066425	1.77956358080194
3.14568496674498	3.19347605404679
3.07926967573396	1.29774028538104
2.6883718101056	2.21955906019485
2.32614872498826	1.19722770624278
-0.0241868342818753	0.00714958363691553
3.16670481610659	2.38467497212459
2.09390895508381	1.33280485758356
2.31831798932988	1.56663886148983
1.86438982065054	1.01099690747606
1.77030339368337	1.28489496497902
2.08610283734697	1.3280743001611
2.00800901489845	0.912839221353983
1.87818354485953	1.07266282374
1.93373453791686	1.58564228209292
2.31644400799118	1.19464091523016
2.02091505785162	0.912255878143907
2.32035320267296	1.61678512228068
2.54867989119379	1.44895853580844
3.1757761120443	2.3409270690427
3.95363202227098	2.22851635534244
2.28983819196303	1.59469770203173
3.34692154291711	2.69733633694102
1.53295823780981	1.01666607956539
2.99475341071575	2.05971900340562
0.824052030561098	0.42604983632221
1.07937505287412	0.581486134566566
2.49095854361233	1.85562946963957
3.97621411812397	2.3079922179444
3.73786491162249	2.01245103597413
2.08006130676052	1.32493040590497
2.31021737511462	1.19601889706368
2.10690466432353	1.3341014281851
1.87704936476246	1.08660605537009
2.08880657574601	1.31363116172535
3.33217300462023	2.7110069839133
2.02058383053804	0.913020231521983
2.28107383994388	1.56932977184047
1.40699267411726	0.761358437174657
2.98081719717541	2.0826939456203
2.01853983959565	0.928593142144826
1.87448706719433	1.28547020670808
1.87014844721192	1.05879492510408
2.31031150708058	1.58342480138485
3.73753322921062	1.98046047232227
0.326451852371192	0.150836243538932
1.64000549784903	0.618943794636741
2.08754265714078	1.29743931358011
2.1979235892458	2.59032339185721
2.6733191626468	2.19886891537901
1.54615801692452	1.02726962471211
2.98355223280922	2.05359079441646
1.81914993791651	1.71524143777523
1.15197220708405	0.359022029649851
1.40675895943564	0.774729003697479
5.31607454623534	5.00685106351916
2.79956788849671	3.49012366530098
2.83339252966644	3.0845652205126
2.42960610363543	2.48333678323674
2.42056242661286	2.92744163567036
1.55816933524984	1.02976817917968
2.65333644468651	2.11506732746394
1.7271276672525	1.25284180426435
2.85589439229634	2.50684969224167
2.06884413570686	1.55751746330774
2.84635301510706	3.16627115511241
3.99501232405532	2.30930011440539
2.99283795225182	2.08497193330371
1.63395809700909	0.996959210325146
1.21368528357834	1.00558686833536
2.04298302237319	1.56178483059554
3.44371153517053	1.67619063326831
2.31727215107718	1.60786432862439
0.436097412031641	0.126050626741564
1.84849246637236	1.25100511533295
1.85807605148224	1.28420119533484
1.81429747296324	1.19996118080215
3.14992075559069	2.36909856067504
1.7210901097588	1.27525090269169
2.23604647817092	1.83571050551296
2.17690744379237	2.59327674401502
1.7256007226851	1.29312926429827
2.86178440269133	3.12606477859588
1.16842019060423	0.559247946780206
1.64206004219966	1.31029585426623
1.45029597911928	1.12220329545514
2.98716470764658	2.03962669087127
1.84596459942279	1.2725510946692
2.5850139056114	0.9375104362967
3.17445154556121	4.89809275074564
0.323319587378499	0.134348091908438
2.08323610495604	1.86066520606166
2.05168429231484	1.55424739038077
0.798552871640274	0.398394017030146
0.830027293274078	0.342815211055328
1.41745880711836	0.782180084965027
2.41425898547761	2.85322671966189
2.38335814247032	2.47798290976895
1.77756131419862	1.6867311198413
3.17432993136689	2.31715522282417
1.61948635979013	0.810622558898794
1.48211813362905	1.23613919563061
1.52223875569907	1.04279293824529
1.97302045453828	1.88047009915651
1.77756284850118	1.7755381756428
2.83589042419334	2.50931912907275
2.07371290643214	2.31368077081078
2.1486399270913	2.22896017482878
1.64773201546173	1.02610539682044
2.64705826315692	2.14843214497578
2.98040675333039	2.04270896491204
2.32823455383932	1.17459303975935
2.32241711108323	1.18517827761754
2.29078031858832	1.56285396558098
3.66246790436211	3.33037114556926
1.74223610549175	1.31152861692354
2.00565415509061	0.899686384113477
0.820029394372284	0.421725375488068
1.09800822968138	0.581620597200844
4.73988697707499	3.59823659312079
2.98681875034659	2.08969706741623
1.63090129897264	1.01503291421844
1.92398165161873	1.57404348711577
2.08658803207834	1.80923654178106
1.93259343372425	1.54115798438806
1.46961413151983	1.13361280690623
2.28988276570737	1.59416301066062
1.85046328912862	1.62630029482104
2.4850373307628	1.8903566927118
1.30447527434346	0.864857165748896
2.24814002846175	1.84319957318074
1.64235407839334	1.00798927502249
2.483936216249	1.86543855875967
3.71754361276202	1.95612799486888
2.5827029666934	0.95444482507333
1.81275735644485	0.578334100363068
1.81275735644485	0.578334100363068
2.73077156316987	2.84579739765124
1.48227217337343	1.18084080610405
2.24348695596539	1.81771544756048
2.66996138482495	2.20079626154835
0.569819942013805	0.252595470973649
0.972152471922419	0.672795257943275
5.41590737485682	5.47550428146455
2.31362825843615	1.58526748575239
0.547780226089428	0.244292611097167
2.24639933062718	2.18506072745211
0.83952863816635	0.349187850563596
3.4066699607562	3.88961293867619
4.06121845365282	6.25978102296783
1.31312886781566	0.793061987375492
2.05964075871656	1.55556715087053
1.87274862972721	1.0604746684869
3.1614651516267	2.38254925890551
5.16473228889983	4.68139861186965
1.29513545853696	1.07219989744768
2.22731673208207	1.81305864875188
4.7229566900869	3.62736792653484
3.07653005489351	1.29030396946406
1.81045946197748	0.578570674290805
3.07625684166309	1.31471095169835
2.07416654457044	1.76700079363413
3.33831222624935	2.70332987735762
2.10045936222746	1.34354216246543
2.49923544159998	1.89311986259794
1.91398254197237	1.554129608486
4.71796488870092	3.61729747496679
1.31704500353289	0.574153621318026
2.55982947537622	1.47837759015437
1.88079572431718	1.074377501566
2.79015762210559	1.77940352472172
1.48597405569875	1.09924171940946
3.14516961659147	2.34662351880712
5.3913936107895	5.44022524695164
1.25883687206765	0.816825574345922
1.8667224162833	1.27600115895656
1.55396966413028	1.03901883716949
3.66901002347419	3.37760655896787
1.8146382502711	1.73002579962116
1.00045677920176	0.693680278479408
1.74877615942894	1.3087390308148
3.32063160726901	2.68430550132097
4.2023182083235	2.6490100418794
0.452669338422884	0.12760574663291
2.71717567748206	2.85133150579942
2.41066257052525	2.16538083265309
2.84300442645732	2.55224563779225
1.87112321098161	1.28024986959674
3.9643614677728	2.27619493235249
2.42168557042628	2.15421138222383
2.60099916537016	3.51572867440449
3.155331613537	2.38438249261709
0.611881340110291	0.305026828221033
0.109611283299462	0.0342143499323472
2.55494092618046	2.40822572948194
2.60621048085012	2.4485581278579
1.53833266282571	1.02118226028117
2.86599209495021	3.2292727031968
2.57881946212648	2.47391332140349
2.57757744392236	0.957433505286922
2.5778136971617	0.957067152435729
3.44371153517053	1.67619063326831
2.29423642540817	1.57837496268945
3.18165434028475	2.38072355131478
2.26028142337068	2.16340293603659
3.92914755655707	4.03894622123109
2.57952629875974	2.47263442958921
3.67310805218812	4.71018793522606
3.82265044553642	3.70761330882843
3.64967332345906	3.28204234526735
2.01735031443579	1.93027470397673
3.17589655372832	2.38193577624335
1.10268106638183	0.781995576057754
1.99245343931034	1.93087199131353
2.5778136971617	0.957067152435729
4.19291043674974	2.61303847167994
1.61380032238757	0.812931003394543
2.3939649655543	2.14205712194368
2.22781138580302	1.85949541681689
2.72810380521396	2.80181843890089
2.86664548838524	3.2054614936029
3.33597621414332	2.70444866879727
2.95279952629878	2.0148242164181
2.11057492372359	1.29667061968104
1.66358637939179	1.00296251290575
1.61944455460559	0.802361007667958
3.43108543808854	1.63475119955058
1.47920094033537	1.03946219654257
2.08595824274399	1.32480443299272
1.66536185738124	1.35480458841559
2.41831278623006	3.33114168614354
2.97589727010696	2.81842949538697
1.84950437584795	1.26895870620837
2.31097435306597	1.62502863337541
2.23315840699158	1.86073047115083
3.78289140002878	3.70884552405057
2.65997056276319	2.20071127795272
2.10404939722576	1.30322087081766
1.84762829725528	1.28741931375519
3.50836558271926	3.05116214637373
1.65725719273459	0.612982129384369
2.05153053128817	1.54318338889876
3.3392287779097	2.6800576847802
2.42168332334023	2.11841140358801
3.74057026434324	1.9578984029178
2.56098365307588	1.48997693829259
2.30193570898393	1.60423533362731
1.87493338334949	1.07273022211675
2.06647861833743	1.8425530561506
2.32162491052609	1.19962003519038
1.8834121869547	1.06692710232058
3.14992075559069	2.36909856067504
4.19676721241821	2.65961889293649
2.57333693160285	2.4726428464339
2.07271079675763	1.29354414636404
2.03879143017451	1.54508347446425
1.91587203056435	1.56263462685894
4.20438895648288	2.65391113051484
4.37095498411373	2.92491481596657
2.78468592982756	1.76190632052241
5.02612297845314	4.3226665396319
2.57361083189697	1.43095832135265
2.30325361239839	1.18066465971766
3.32892877178765	2.6624698984489
2.57537183651516	2.4739191000127
4.19947838730117	2.60663744170398
2.09813210611913	1.30151588859333
1.52837374642386	1.03963260602087
1.41909123710019	0.781578327734153
2.99834833951434	2.06343689735716
2.06851404110963	1.29537747506845
2.29149838424585	1.58158960480045
2.1130093397795	1.32102937280373
3.16378467359295	2.38647510924436
1.9949991779052	1.94512586262224
3.67140289590243	4.66001864305116
2.79933855494235	1.77287408526635
2.08651190130283	1.32630555578408
2.67017143377056	2.19688285289868
3.50274737331787	3.0499368250961
2.77614369270259	1.76649910992419
3.97925328168873	2.30998663039654
2.78280207672823	1.73117655357339
3.96673752968538	2.30317454746481
2.5778136971617	0.957067152435729
3.06919540525571	1.3027545160526
1.30257175068484	0.570433159223239
2.54432408905209	3.29997826479563
1.8575939813273	1.04818074273759
3.15182734048023	2.35458035917019
1.86704140609963	1.26695552478472
3.09953532074652	3.89021098374602
1.75101189359386	1.29660799500971
3.16670481610659	2.38467497212459
0.837579001790999	0.345663088049779
2.28839871968215	1.59833268456678
2.65894512255941	2.17505871907116
4.5537134042029	3.27368196347263
2.06724449715201	1.53070109975027
2.41575318720941	2.10998741644993
2.1860336003292	2.65962725992792
2.39027150886784	2.13851921358377
2.77977695955068	1.75418553103217
3.16774072548907	2.36669947491092
3.73488371986947	1.9821477033994
2.98350419798334	2.80742895409702
2.69716951114557	3.12144103740568
2.78986807695415	1.76198366427652
1.60673909803989	0.819043463951337
3.43930950413805	3.93785611318882
0.815966342761595	0.330293535544534
3.16009990659329	2.32141954011169
2.99955600183136	2.85549729697173
2.99899691290082	2.03654415733163
0.841654079939216	0.3538837494916
2.65044722104298	3.48195754737176
2.1535758697245	2.21271436618898
1.64127013561797	1.02225556363389
2.58286086646088	2.47849570187086
1.5458052596491	1.03111547225437
3.31460219169323	2.67758712479285
3.15062497494138	3.1777807119023
3.97417678633059	2.33916593813363
1.61782769325316	0.820037874601173
-0.0388116394118026	0.0106099560293831
2.07993522861241	1.30416759523036
2.30142892647018	1.60548623994132
2.97766593750368	2.07146917258393
3.44860455672847	1.62825073830644
2.99003260471458	2.06269951538552
2.57066000659288	0.949369245848186
2.30507720749545	1.19731082121008
2.49217918455032	1.90878614729365
2.3157313171078	1.19576831627677
2.67608245391845	2.1985914234513
0.933690555930499	0.334954074263924
3.48173119500794	2.97866686238638
1.53512706617769	1.02711200382774
3.95764961621656	4.14230622005068
2.98257194342627	2.80560864817896
4.56162791767534	3.28459670408646
2.96924431164904	2.02602612222717
3.72484760623082	1.98748619153233
2.9811240543578	2.0206488766918
1.9961712128195	0.892433163338891
0.807083408572192	0.361204605573477
1.3178501151722	0.572565456734137
2.79308329735544	1.78273337554263
2.31644400799118	1.19464091523016
3.43883926978665	1.62626264110372
4.7229566900869	3.62736792653484
4.78978868133579	7.32864973897923
3.29950501833041	2.610192469703
1.46605411323576	1.25171153134509
5.28287691058616	5.05248018440496
1.68674354360788	1.37707208216341
3.16129402933233	5.63473724369702
3.97445073770483	7.68860320311129
2.84953353205364	3.12500957121812
2.14620458651741	2.20570252769327
2.14012556904746	3.02269520104044
2.16026035481294	2.23708792016508
2.79769206384013	5.35535736351824
2.97883612436952	3.54965687866285
2.17420285454077	4.43416327318715
2.64039262844602	3.60128554349881
2.67151110715076	3.21937924586971
1.92952614022377	2.01984242805187
3.87562899201334	5.51566807301024
3.00542054181844	3.58423250949679
3.42228091681894	4.72208137854329
3.19427965054244	5.96624223502698
2.77758194781341	1.76550976278697
1.62250112542893	0.993282118820722
1.94036521725527	2.0356505132885
2.8922162795512	3.867197014298
2.66613136751802	3.14408580079557
3.32813512513973	4.57061057475856
3.43363984709883	3.94481848991962
2.64013927967481	3.16726087956715
3.49020577266492	5.21393937286158
3.16850577713571	4.96239867209947
3.29355170398899	3.61256197813657
3.17949051977249	4.08239434115801
1.47982209273603	1.36195502935616
3.34070007443663	2.68800559670141
1.29958884981015	1.03288095826893
2.3870665365702	2.87169963685386
1.30147706427408	1.02366993286427
3.28589203670765	3.60185894531512
2.40302108354062	2.14528219517175
4.39282184873763	2.96185987710976
3.11456920568275	3.93271359433911
2.42038704328015	4.32667293036667
2.69059360936274	4.27130190595494
3.83490743630873	6.80136910474278
3.15002137949182	3.20661688670548
2.4197900545333	3.24817543570778
1.83890937880516	1.26431305669209
2.8419619411563	4.25840436433451
3.13357566264063	5.61020046444272
4.08230249133195	6.47472523574328
3.07897066680212	4.55073066525437
2.67873829737941	4.77182958262122
3.53769528816951	6.72961570515298
2.6849305668079	4.21080823902319
2.24254813185855	2.18200887534507
2.95852006899924	3.39267237389255
2.67714850079311	2.19741875477332
1.85539847592071	2.2070048679819
1.48048352035506	1.10883697660503
2.33398319732026	2.9904848324406
2.65894574181104	4.5340117532381
2.67985639681498	2.24196272045938
3.49053259306616	3.00079320625992
2.88411159186604	3.80889414940421
4.19393829070921	2.62262304806424
3.55836476371042	4.27026963228662
2.41769426355965	2.16383466189588
2.48778996357132	3.90572727896744
3.37794116496886	5.84764062314579
2.83268148467904	4.18001506675124
3.41864331844144	5.02762776331413
3.3340585534232	4.57928438677081
2.74414736937381	4.50654373874954
3.98521529606589	9.81077300256827
3.15602805771168	4.98230851373109
2.56016643917524	2.8679422424742
1.48614368119909	1.18919190037933
1.8721371074637	1.2964023042297
3.28501533843845	4.49821837804217
4.41393179250403	5.68880973372777
2.83313166763682	4.23735942250148
1.28512189005039	0.850048946175546
3.50196132247789	3.03572487492931
0.79053555003719	0.360577353601488
2.54426213792455	2.4036788959721
2.09207367302516	1.32339648319098
2.79015762210559	1.77940352472172
2.972018717671	2.8311011997743
3.26288678184437	4.25919497344889
2.91233049671168	3.91507124903607
3.27901657565097	3.6055747566022
2.5098517697555	1.88670457220304
3.27240283915395	5.24106997247156
2.42591594031656	2.84218042366551
2.56739042168606	2.45073921592244
1.68375770272821	1.35126013893501
2.50127790953643	1.865410797924
1.87485665282404	1.08409849393683
4.71306637320454	3.56817811409144
2.40302108354062	2.14528219517175
2.04217790233935	1.52302095251573
2.56179916067883	2.468848634466
2.28604857071545	2.4701792665896
1.87202440622686	1.06406349528369
1.8803736236464	1.07511913768525
3.42908906027034	1.63600040380876
3.45093778969944	1.64938658358838
3.44169544984981	1.65349226807068
1.72024556595681	1.28915667651992
2.53168715011706	4.87571936064057
2.38188224010228	3.89676954380431
2.08885477676872	1.34775526430465
0.958474467661455	0.660444837825874
0.881009621512536	0.491444797819437
0.890678338829929	0.653913879473523
3.11383829426563	3.94065282281017
1.7964601164465	1.67715957720315
0.837019021414098	0.423068999660199
1.79008811540436	1.70526707896237
1.47948206647665	1.27607017009557
4.39763445965372	2.94566286507625
3.30853451727087	3.53772770221633
4.55846904212529	6.11198225303634
1.31912368943691	0.572635205782319
3.1347869421851	3.17110451782653
2.68405207819859	2.19569491183906
2.40798744705117	2.16486306074103
2.5412355239082	2.41520379619351
1.63788092559738	1.27999294674842
1.48158496384923	1.08009286649901
1.52865440414084	1.01276383845459
1.61633070885551	1.512722303738
2.39594087163832	2.12936106033554
1.78289870521777	1.80651983025656
1.93729361261486	2.02032161692754
2.28199937419696	2.54505221779284
1.88006821625324	2.87436435146573
1.86286868868627	2.19695011301644
2.04974005889213	2.42234268990557
2.83430851499771	2.47947900260786
2.0403742668448	1.53470292736867
1.76098204176056	1.77838521840529
2.68937068767081	3.15036164744383
2.16231474372402	2.23786985908211
1.29978225582141	1.01425293697458
2.09213213986252	1.8823256039962
2.50830737606893	3.42209086163595
3.87958645443898	5.36474983323652
2.44703647582186	1.79227137245011
2.56043272690357	2.41444507071315
1.82435215093327	2.2305530318558
2.28680515502823	2.51172277649712
2.83388269166874	2.52184482704228
3.09994214972035	3.88266744849373
3.41042862896332	5.0144700519694
0.570022351098356	0.304508471494861
2.48831037555243	1.92179853219217
5.17437312706701	4.6639682992978
3.00050083296227	4.09939519471771
0.1598002691492	0.0656302509722275
2.20713434764055	1.76474391788446
3.31847675148476	2.61380720236313
2.52639790768654	2.85883524461736
2.21526623863013	1.81403577174412
1.42762990380304	0.789198036355685
3.09801229770199	3.66233090936485
2.55369925053563	5.57695819326767
2.67495425964396	4.64475638502353
3.17107192349596	2.38503144240353
1.4849171202268	1.07457006500148
2.6793141912771	5.24971413264257
1.94058255977226	2.02390358260185
2.04911009469391	1.5347345447673
1.29463605738129	0.85563200125617
2.96096106780316	5.58413388855222
1.05594276138198	1.0636787291446
0.426536897514315	0.223594432253105
1.933564073641	1.57379468983739
3.66965641580884	3.38032669582058
0.831045207420883	0.427737238872042
2.42741600703057	2.18396926176321
1.64549240566462	1.01944469133472
2.67925093084621	2.23032655939212
1.11488195484782	0.795336496912096
3.5002434820708	3.03212777604571
1.16660403202566	0.89932160030322
2.3941264437735	2.45825183279134
2.5244559039237	3.23925955896438
2.84626246710057	2.5047225531579
2.91624363096689	4.6334924962636
2.40328873510209	2.13966257329235
1.27798458469204	0.997535773676993
-0.221069565386793	0.0987600289831573
2.51357944751514	1.88140106102245
3.51478586434492	3.05339766590218
2.70568612335447	2.8535024996207
2.14198894848716	2.70298538671192
3.41074032495969	4.00292918997736
3.25128113182848	4.23283632269557
1.83328324901509	1.62321161347574
2.55354082040983	2.44886681355412
2.86657177175277	2.49950756059606
3.65076931044458	3.3853379581205
3.49984549085019	2.95344514775833
0.98732733361287	0.653767404094198
2.84840998249128	2.46182696733748
1.07287978656056	0.628697744565172
3.69816059977814	4.61386248376808
2.01551494831499	1.91767530634528
2.38490755340335	2.14613563583798
2.08843473224374	2.33470383175513
2.56585130568685	1.47015701926702
4.7125598658981	3.6179455782475
2.22942915894644	2.99210781551376
2.50970997670781	2.80120974218157
2.78232542374573	3.45856702271388
2.81737517569569	2.49185312354057
0.546287841307546	0.242694711588145
0.805621528715737	0.377544450138018
1.65967344626179	1.36953218173882
1.46593109220325	1.18560728590606
1.32382202091068	0.580891397607928
3.80228039658209	3.76159896212569
2.22984890352189	1.86005742946506
2.79774946196899	1.74809623165565
1.61629774882858	0.8106208547367
3.17003308420789	2.38768760782727
1.63105783675985	1.00351617807506
2.09964285225151	1.30330419964981
3.00802942948311	2.00203345898863
1.32959400684453	0.567092508391974
0.852810189987461	0.353694042596512
-0.019112171237002	0.00590721952268206
2.0134947482036	0.901527174354077
2.31288242721137	1.59294274225253
3.15521542390634	2.37049394406015
1.85823328986459	1.04866824488831
2.30526676901516	1.60890421115631
2.30618686501976	1.61351375675177
2.67455913982413	3.22175493426015
2.67609824426988	3.18598938801647
3.00149170837113	4.2323438704932
3.01689030120449	4.94867042414996
2.25247673730292	2.41633095708296
3.86543351853771	5.50664070445953
3.6260466458871	3.28325319970182
1.3165170447775	0.577068890321654
1.6388521228772	1.00809902193678
1.65067813250278	1.02404928326162
2.09952629246437	1.34554170433605
1.27580492160276	0.914531695488512
2.25800230234078	2.14841682694121
1.62010375634842	1.4322384365615
3.15814524503058	3.14097147279744
1.80393050668136	1.69728148215622
2.47730377370803	1.87690890370045
2.84053149604486	2.52506691013339
0.934573766617389	0.342610988823692
1.30463950814452	0.570689346074082
1.63454485746047	0.628731710084453
0.826230289521497	0.378817920339691
2.84834473223109	2.55320557438449
0.813778077916337	0.375118967426249
1.86800642762516	1.62924272773989
1.84849924345683	1.6183565935417
1.64494510262667	1.02687755845987
2.08410038626764	1.56472652485133
1.64899489037435	0.987797235627211
2.01412961239258	0.90045959750674
1.49905513788696	1.07489150424993
1.69483605350956	1.20937399014243
2.23683461862538	2.11542145937675
3.92854416861871	5.73779588495247
2.45630189029814	3.89436772899982
1.72440494425177	1.27611655391927
4.6956366274932	3.54609351065527
0.838067658925861	0.434734428400339
0.507280308898333	0.189897618740238
2.50304812901089	1.85590187571727
1.27351598308282	0.835670812321399
2.42907251763541	2.87711997117944
1.9470325813854	1.58810938804101
2.83697569877337	2.4629194750203
2.72079249784529	2.80130617852367
1.8670206210044	1.26054752955753
1.30529169939152	0.857150016247305
2.56442081734112	1.49863630620331
4.18087016840469	2.62073387155809
2.11240732898018	1.28091813737316
-0.3331330760095	0.0815412363084536
1.31360919909538	0.795087794350655
-0.79568953618047	0.234098917075123
2.31887573126939	1.18359931319103
1.32840978439432	0.801446738411467
2.9780867681281	2.08532702927787
2.57066000659288	0.949369245848186
2.55803569004961	2.47406286694251
5.77692041336661	6.54259763216078
2.68811826596012	2.19537013258231
2.29421750951533	3.97178144307922
3.79838640036006	3.75434243221116
0.29218642449209	0.137183265878198
2.98913604396183	3.42320966257813
2.39241475333802	2.1033316267504
1.87467921968724	1.25122326429251
2.30249859662015	1.58429956198488
3.65852056882971	3.36490474224924
2.65349985533746	2.15897234072283
2.64271921780737	4.15050621662649
4.22562610616058	4.90211020198947
1.29421926677725	0.99692225220825
1.15481040908374	0.558234682556366
2.49632928248752	1.88264511220208
-0.0491613582884237	0.0125396618733454
2.06884413570686	1.55751746330774
1.65853625531713	1.01334328904083
1.34799772790266	0.790861867153327
1.87747171456532	1.08583703413577
1.28828803889977	0.8380035850937
2.77060748017038	1.74987860684014
5.28155662989258	5.0750035481408
2.293751570283	1.59763819745876
1.42994536662476	0.788744662326503
2.23358329570341	2.17084410823914
5.94013426926913	7.57849272028839
3.51823862200281	5.35031296198059
3.81271891295667	3.73529969987042
5.27616412409019	5.03902814736478
3.78676394047934	3.72740876016552
2.30507720749545	1.19731082121008
2.58453692416693	0.9378225742295
2.40167730164642	2.10574737456516
1.46975999610243	1.07161408621969
0.55853074001433	0.250672158892244
1.30639056751073	0.556319253667049
2.65937031315761	2.1940007168915
3.33597621414332	2.70444866879727
2.56927093683563	2.83792429499924
3.74323155302746	1.98463369420543
1.71726070877477	1.23248637485821
0.543514855709418	0.236463927810647
2.80238035702039	1.75329127816774
2.77758194781341	1.76550976278697
2.56796160237858	1.49633400284811
3.99743692829853	2.28959645783844
4.20684997559332	2.63459002323363
-0.81167592729666	0.237617957305638
1.63197524306741	0.815254269464837
-1.41151445005737	0.392781075624489
2.11033155668251	2.65768567035148
1.46441607959216	1.04386097150038
2.43412798230808	3.24796925614963
1.70825062459201	1.24335110837915
5.52381306997736	5.89753299785319
4.33214445597737	7.7282249376538
3.14605519950342	3.26436451068072
2.3163947671471	1.17565968716479
0.127677675941509	0.0404244131931137
2.57046039920441	1.49801167502871
1.66182432552089	1.02913625027151
1.65664791667999	0.627065647997308
0.941412837282011	0.340660708964588
2.30423710071928	2.51256928522892
3.81956943038596	3.75896643192343
3.17296227859521	2.39305528874578
3.31170538260356	2.64454897627686
0.828508700556982	0.380778691762952
2.4109976149451	2.11084076083805
2.76819815851423	1.7630799900606
2.31780410476533	1.18602186413345
2.03644831101077	1.55433711770087
1.3106108999453	0.579073050182864
1.65472460303365	1.00463206437725
2.86688170787278	3.15403700525666
2.67673108013694	4.14308649293511
4.05535488099914	4.49238352322373
3.60090553939891	5.67374735894162
3.90349007388588	5.55958677638982
3.05209827464522	5.08552567242897
0.770962604808175	0.480468244559641
3.15260502716474	2.35371405509155
1.63285596854307	1.02272737898663
1.59858048712892	0.80598383827332
1.64199727941436	1.43911290790099
1.50471079039186	1.09035426764556
3.48240875007982	3.00578876108845
2.68426141599702	4.29210279698753
2.29038320676522	1.61821448328529
3.94798401319749	4.11151823680221
2.64951661096727	3.0666773087656
3.0081631033499	2.8625453767775
1.92803694110567	1.58408871235632
1.34421354930323	0.79783819537273
2.09880345398819	1.84213194711273
1.08173355587393	0.570677430758991
2.31334878315064	1.17051070527872
3.06190782775183	1.28672322621522
1.09728757360731	0.700030061029679
0.938062948222777	0.340428430013029
2.76235681756	3.49074173324711
2.82385775493595	3.04488031986764
5.62802434519241	6.28699975407268
2.08038969107197	1.28866226505266
0.437688456191057	0.125580008034337
3.72719788451597	1.98803617077715
2.05887521790963	1.53366732647949
2.30472472594129	1.1794437176518
0.833481842663497	0.42823196618569
1.13778865295543	0.783099679852021
3.29575670426372	3.56411995002898
4.19085363041179	2.65560020831302
2.56859261221053	1.45123345073409
3.44371153517053	1.67619063326831
2.31299336831842	1.19592723591125
2.56442081734112	1.49863630620331
2.66876933221025	2.19416580094602
1.30684540237885	0.575745262655125
3.47972212297521	2.96820949211865
-2.11625496161792	0.64084087948516
3.06689999323772	1.30696449185998
0.698361128095419	0.389880470744575
1.46252545334172	1.26668682893495
3.52000158658769	3.01905308135686
2.69520444155468	2.77062080730589
2.70396164084983	2.77897489189553
2.30743504093632	1.59996973430349
2.48778591504991	1.86846400036843
0.549664491959658	0.23967742056469
1.63305417328527	0.987930022948115
2.01080419021524	0.917878163437858
0.497554971336198	0.19678276701094
2.85849283591152	2.51144961971513
2.50113439700857	1.91363384992969
5.02210036890844	4.30358786700919
3.73549595926684	1.97830280590037
3.51227031312731	3.04924287894538
3.44658077322804	1.62685228459315
3.43823356696493	1.62843601559653
1.81275735644485	0.578334100363068
1.81275735644485	0.578334100363068
1.54508980807355	1.0396215793737
2.29018965202936	3.28252800705244
1.91720153488282	1.59509783147478
4.39680442972373	2.90019485144266
2.38740629596986	2.49069366297263
3.18202040239037	4.87948522215182
2.83917581499408	2.50973973633833
1.59871477647905	0.804488227161507
0.854061999957395	0.349407647980288
3.0813141475216	1.31594402364979
1.78635274867395	1.69842308851902
0.707849458987481	0.392475858971946
1.83376844098832	1.58568276735745
2.9785505617599	2.08424790162632
2.98096870661677	3.44665074200485
1.86390315174869	1.05611504934616
1.61463588707244	0.820202639412946
2.22440301043297	1.84449994453543
1.86088136641252	1.0542186793264
2.9785505617599	2.08424790162632
0.444854208791125	0.127991221299979
2.5778136971617	0.957067152435729
2.5827029666934	0.95444482507333
2.10035365639098	1.3368668321266
1.14996928148472	0.357563393391782
1.80577814402211	0.579897169515412
3.98129682801048	2.29234900534901
2.2779699276105	1.54286846807395
5.27147985884963	5.0348326246739
3.12944747096841	3.17699918098737
1.31947872816854	0.58154081144167
3.44603537524276	1.64364191375367
3.06689999323772	1.30696449185998
1.3154972328747	0.556717638267489
0.83341092829244	0.337153290501663
1.64715243246245	0.638228599311507
-4.13999286332847	2.16822465984471
2.57007374578076	1.49914613888324
2.31401604904763	1.19388560818143
2.30221040985379	1.53031638865113
2.32095296952997	1.18470375149857
2.02598821080934	0.916547038747042
0.433805550955191	0.125899356402515
-0.377994600753783	0.140559320401108
0.942420266311117	0.342341795936149
1.80577814402211	0.579897169515412
1.64230005514351	0.629994079538676
3.73990509096128	2.00551060758524
0.500162648693434	0.197508766552558
3.06919540525571	1.3027545160526
1.81045946197748	0.578570674290805
2.04550970078282	1.51932695865944
1.40867126152195	0.779901011118159
3.78182236091829	3.71679612208959
2.98521529853699	2.83727802506128
2.8078513526345	2.47448826623515
3.15806601448327	2.38224077019
1.85603726653051	1.64562232066988
0.44723714183476	0.125792305512435
0.919622668996446	0.329461159083839
0.241331862806991	0.0899106753643362
2.5847753763123	0.951434056294316
2.23200863234657	1.83540307241628
2.86900299533444	3.16047026053409
4.37054248822245	2.87937480380412
2.49416059680914	1.85728944674665
2.84582084359628	3.16163405496776
2.98180997568381	2.07634498559889
1.63831693084645	0.629915116837088
2.05706093554894	1.55919917493252
1.65695250422108	0.626785212871931
1.66410981558163	1.02482611018562
2.78190542849795	1.76607996296772
1.08961180534755	0.581555901248114
2.01887032465644	0.912360476103855
1.41538303735484	0.775390290976691
2.01113205441839	0.917539301536541
3.97621411812397	2.3079922179444
2.79015762210559	1.77940352472172
2.57757744392236	0.957433505286922
2.10404939722576	1.30322087081766
1.81256361946551	0.57834251056048
2.01113205441839	0.917539301536541
2.63436049097844	2.10226729330401
2.29149838424585	1.58158960480045
3.15575281062748	3.21431828775877
2.24868331215922	2.1543407007316
2.3870232183887	2.84494574752063
1.86173409698936	1.04245291806517
3.29950501833041	2.610192469703
0.51218510562655	0.200477738689466
2.03127341133489	1.50824723307643
1.29683916223577	0.751434635352815
1.31906330060018	0.796308543381896
1.94374799942656	1.59511245533299
3.17589655372832	2.38193577624335
2.4130083640667	2.15248355750777
2.55429090475547	1.44452204548953
2.83834418563273	2.5523297523834
4.19226163868993	2.61240207521829
2.26088651617417	1.84514988670191
-0.396521033200955	0.127797066282517
0.165183382279236	0.0739291754039998
0.0221912220521652	0.00746326189731452
1.52763858678036	0.991162262916307
2.01887032465644	0.912360476103855
1.61024358324003	0.810994391306939
0.381939954112183	0.0885630978825824
2.96435852568055	2.04066023852354
3.43622658713387	1.65895261894807
0.50653835974157	0.196581072479032
2.04074065153786	1.5319019668378
2.0717601077451	1.301669904312
1.85400107659606	1.2612780003582
1.53184337711596	1.01619696865659
5.15185987084191	4.6659997497654
3.21259151381131	4.28821421424991
2.30893265809257	1.57529111148557
0.782882457648478	0.357685681150535
2.31722656398985	1.18597928028275
2.23797819376861	1.8687775882822
-0.655978167265722	0.236388933534521
1.64397644597395	1.01949357549568
1.87152519948176	1.29773313543441
0.138102145865239	0.0437391504475944
0.176313446210964	0.0697658804765201
2.56968724266386	1.47176822617245
2.3157313171078	1.19576831627677
1.87754074165946	1.05503454855137
2.01316604350963	0.917368522828072
2.32406495526899	1.20040695768785
0.458887633151483	0.156375675856684
1.53951727977588	1.00813349248401
0.625910334788713	0.314499353035779
1.86973142039484	1.05858039916493
2.31550943275878	1.17713449949486
1.80577814402211	0.579897169515412
0.94378479794137	0.345154379632816
-1.41861533435082	0.392208760255697
3.07191541302791	1.30060988602716
1.59569470520405	0.801516917340079
3.16097883723213	2.35194454279979
2.96697975667348	2.02907983396937
2.79829176853072	1.75234968499278
2.08870017424483	1.3113104890238
4.71601354510364	3.53134403761797
2.5489930875806	1.47313229258585
3.51669487599653	3.03699334547756
0.839348066293475	0.42455260389196
3.43422193480066	1.63669384166705
1.15727261407567	0.35899800278529
1.07238312202282	0.560486007452491
3.3183752401758	2.65172527397043
2.01225247399042	0.892222393938206
-0.679220813289479	0.251933164163036
2.58246518877188	0.954808913265067
2.31057175053643	1.21438601153779
2.56368075078738	1.46564944310546
0.560795075962671	0.245933655938656
2.31228290443762	1.17287684324415
3.50419601874358	3.01011923642478
1.6092384764464	0.807745923494987
0.942039636076362	0.344206436287347
0.477530053736031	0.162556743473372
-0.0288626870649497	0.00820000466987386
1.80577814402211	0.579897169515412
2.58246518877188	0.954808913265067
2.01080419021524	0.917878163437858
2.02393635884699	0.919757114084648
2.0231778792574	0.911113877375011
1.61591583568806	0.823032535434358
2.57066000659288	0.949369245848186
3.72813331289338	1.95640430315638
4.54850278775973	3.28579104366787
1.80577814402211	0.579897169515412
0.85115207193108	0.356271658167454
2.57551660914786	0.96051052751055
1.15929717085138	0.358391556930121
2.51719921395878	3.52077910904421
2.14149675772987	2.22161158442949
2.24190046552197	2.17061790531253
1.87224586558605	1.06504116561478
2.03389266125741	1.53448838253182
3.32925044072001	2.70464532736417
1.45218953659099	1.13809954121389
3.74672008672996	5.08470781912424
2.96297749808013	2.03389295822081
0.936066970782149	0.340641495091394
0.450357276379642	0.128882961127995
1.07231247541341	0.572850885046534
2.30854768662347	1.60510211270775
-0.0934287497469054	0.0395161950012474
3.44688635376406	1.62617441218239
1.31165560207485	0.569097431850855
3.33890938451723	2.7057349112453
2.56021186521006	1.47855098181491
0.942420266311117	0.342341795936149
2.56403653148661	1.4710919407754
1.85881788992914	1.27945034205595
1.41538303735484	0.775390290976691
1.87274862972721	1.0604746684869
1.65263184144526	0.630012728055625
3.98200822752626	2.33564603127287
3.0813141475216	1.31594402364979
2.31608760129162	1.21400243950159
1.31824151194815	0.577782408180156
0.547248261601394	0.23961943487692
1.64669580914721	0.63396607368491
2.57066000659288	0.949369245848186
2.53196570677204	1.41600269257763
3.07191541302791	1.30060988602716
2.58246518877188	0.954808913265067
3.07394835948079	1.31896016410163
1.81045946197748	0.578570674290805
4.72571434664232	3.61029465995234
2.6759250223568	2.17968303227599
2.67455380686234	2.18560096821282
2.05725278644121	1.78038217666959
1.86390315174869	1.05611504934616
1.62981450769852	0.996631400914769
2.24321908388385	1.8669312380368
2.09957105508612	1.89036755630105
2.07689649649227	1.29719757863168
2.09540797582457	1.8808421885723
3.13978827220012	3.17828398929934
4.17235112433953	4.77175568633125
2.47769651722232	1.85289977757728
2.84794860187739	3.09323238485845
1.16073305180884	0.547676950437201
2.28890018806182	1.5987770450392
1.41433880534159	0.778117942766598
2.30418009921392	1.59917512627471
1.87421471917829	1.06595716694543
2.55878804979715	1.47897301748038
3.73422231136844	1.94171078200836
3.0813141475216	1.31594402364979
0.568238329317727	0.242957693441879
2.98320866090899	2.07122281597509
3.44603537524276	1.64364191375367
2.77209622277995	1.70273988496705
2.78016185134726	1.7539913146149
3.08308555311473	1.25920116126588
1.64745365950878	0.637896288405134
1.64001387550127	0.631392365244923
1.59537939481937	0.783587704957088
3.07926967573396	1.29774028538104
2.32126670253074	1.18201717984333
2.57257535044153	1.49519937857978
3.98711153078041	2.33565773639127
1.93019826682492	1.99346967587422
2.55513772940709	1.47760659153987
1.15700129687893	0.359084261243201
1.85729879645011	1.27029788906811
-1.41861533435082	0.392208760255697
2.02058383053804	0.913020231521983
2.28987150602693	3.95371631744729
1.0821498253172	0.585825455412949
2.48752702405996	4.2108928391935
3.21807817518366	4.20620542896023
2.67871344694097	4.72171928605909
3.13719085690801	5.53177650344232
2.83017759014084	3.04654363734647
2.16551503883339	2.20405594909775
2.40919541815154	2.55325301914056
2.99890240165583	2.85938139496825
2.57466723041324	2.45905337343398
3.17348328388182	2.39137452325786
1.95028385468943	1.98293995062151
3.16378467359295	2.38647510924436
2.24639933062718	2.18506072745211
2.27999531752516	2.52683135638158
1.52922809447222	1.02729178168591
2.72353629513623	2.83004103442397
0.834029509788546	0.428102132625647
3.44153512306036	3.93280062028381
4.19638297135427	2.66144867507993
1.74801050304105	1.2882257971442
3.80877325331241	3.75936969677616
1.29800569560292	0.935115440101919
1.68590634602427	1.35474816829312
2.59170286429435	2.46693387686846
1.92219646685174	1.49782978560614
3.06689999323772	1.30696449185998
2.50872388485045	1.90025941848151
2.31608760129162	1.21400243950159
2.62534614681202	3.51575766715408
1.0743229512487	0.567676992101199
3.13614018493356	3.19304188538774
2.96803359770175	2.77864367653982
1.58560530589375	0.76883002901296
2.57066000659288	0.949369245848186
2.01316604350963	0.917368522828072
0.929911103993733	0.336778422968623
1.29017756182671	0.836369706219503
2.01777812863276	0.907620344280977
3.07394835948079	1.31896016410163
2.02837608295513	0.900949915778934
2.5827029666934	0.95444482507333
3.06919540525571	1.3027545160526
2.02565529176159	0.896680455871815
3.66054234938923	3.40232544484679
3.31514666064041	2.65173569757792
2.87694617727872	3.15345206150916
2.41441407963731	2.52496493448794
3.31534333393279	5.60843652406053
3.29306387723812	3.58358374882367
3.29296423413748	3.56343949617274
2.00923609517584	0.916358594417167
0.831795708093156	0.370417705692403
3.31813255964981	2.65207034305466
1.86868911813886	1.04227234499885
3.99193889814941	2.2835522443539
2.32578877449518	1.19171322020389
3.17778780066849	2.34101670354893
1.86068201931467	1.05438865691141
1.65263184144526	0.630012728055625
3.08308555311473	1.25920116126588
2.29925029828771	1.60730960444538
-0.671815887648162	0.246483097283762
2.5847753763123	0.951434056294316
1.73997769155805	1.29434921569319
3.42397981700002	1.60913005792329
1.74926538734041	1.30989912063419
3.00881616141095	2.85960681001324
3.16387752277409	2.37305233030225
2.52630884990258	2.81578189080332
1.61527970283713	0.767605902123345
2.57551660914786	0.96051052751055
4.37696211817068	2.96504922654106
2.3109262473615	1.19487152641038
2.57757744392236	0.957433505286922
2.00061282340976	0.903458292152553
0.444854208791125	0.127991221299979
1.80577814402211	0.579897169515412
2.02804230441003	0.896378789519782
-1.41258048711295	0.392583212481328
2.31057175053643	1.21438601153779
2.99075112485352	4.19050398321868
2.56803204021265	2.50651721324434
1.84672376618933	1.62997823636032
3.00024499272626	2.83256684367556
3.0974609936557	3.89700974371852
1.99809936864002	1.92175112787968
2.77915938492571	1.75584590970342
2.50244123076801	1.9166093171614
3.92361266588382	4.06252781593843
1.6524495705127	1.01132962017113
2.08971174537808	1.31364163797415
0.808735534782288	0.370754709568083
1.43378160503893	0.783980520046796
4.1904717242452	2.60943292847499
2.09211902127591	1.33262483086036
2.48550656953359	1.87192322057205
2.30507720749545	1.19731082121008
2.22286381625665	1.83998864449153
1.27350713385587	0.850269520391239
3.90974142180565	3.99446425126668
4.72468673305793	3.57957277283103
2.086415629004	1.30883166852143
1.29704901941466	0.561460256129736
2.57551660914786	0.96051052751055
2.78232559444289	1.75670721857387
2.55070432761158	1.45523885482933
2.5847753763123	0.951434056294316
4.36680513427199	2.92502850051999
-1.41861533435082	0.392208760255697
2.66769896410127	3.13222597291168
2.24138358739389	1.84520264379608
3.6713185490079	3.34832628855241
2.99558223304327	4.31950982540773
1.40467469089593	0.780058727214095
3.1299882199941	5.72496694624867
5.54838746609867	5.83647594015973
2.08651190130283	1.32630555578408
2.79673037414326	1.76626361660703
2.76845018140268	1.74719372001359
1.60473671552621	0.817825535166193
3.73285043233658	1.98116726691183
1.15728241410937	0.352515563851567
2.31608760129162	1.21400243950159
2.32059483267966	1.19253828972351
1.29447827180795	0.856119908606131
3.31771392203381	2.65123182766968
2.56231542344525	1.50156499544493
1.98664430154882	2.37063517805188
3.16138399831549	2.38897850145517
2.84712297664017	2.52130564895665
2.00806219003838	1.45605371456318
4.04704009782215	6.16061036574025
3.07625684166309	1.31471095169835
4.1843145066294	2.57822484437044
1.6394135805953	1.01745776682434
2.30266841014004	1.19642351923203
2.5510832941741	1.47510558560549
3.07191541302791	1.30060988602716
2.98203234522643	2.88236844878965
3.44139163272599	1.65421730138556
0.2418168522539	0.0881988988416061
2.57551660914786	0.96051052751055
-0.318733942823603	0.0784860044620643
1.27680822829116	0.927374519528744
1.52725195600132	1.9750881815756
3.40101479116453	4.90079935789552
3.04683996419533	4.98520384775909
2.53358915123633	2.39727866908206
4.71703150749113	3.61188292139454
2.50856851685292	2.77751681233133
1.3109021956752	1.02296189735153
2.23871372570524	1.84502604657458
2.26977064373596	2.54924138901542
3.08392632705518	3.74485950977935
0.915733336184043	0.583757971577963
2.08903117038767	1.89976806079606
2.29515686468072	1.17676795335893
4.20089741722986	2.61281114296737
2.41833872462951	2.14368029866428
2.50338597174528	1.86970798418379
3.27962817857956	3.5770002786343
2.39964458961495	2.14710010360838
0.50454508657595	0.198020048103507
0.440109204524114	0.211548065520535
5.8386022384113	7.11810020237582
4.38048583097786	2.93703848337421
4.3773774997164	2.91660728751966
3.44603537524276	1.64364191375367
1.85182788949424	1.05002124495877
3.44688635376406	1.62617441218239
2.79393383391658	1.77998616645985
1.6078119723642	0.782192299753578
2.56529318049705	1.42650045080992
1.81275735644485	0.578334100363068
2.01080419021524	0.917878163437858
3.18753777441932	4.95642665153298
3.33204500395723	4.57897046775975
2.21392580420116	1.82582851888249
2.89065517888785	4.41965230612896
2.76677333127701	3.51492053188919
3.00551523912738	2.86778352780009
3.32688346270339	2.69242803982437
5.66213831305882	6.27151116961255
2.9628316719515	2.78333014726817
1.44880801278066	1.13953828294276
2.84972047057742	3.1820005100394
2.55573268854582	1.46940921769483
2.31335229907741	1.58542645583944
2.78769746602762	1.78825040842562
1.84472065088873	1.23512807850751
2.98414597326008	2.06851353812642
1.68396534698646	1.37871471795166
2.97982443958595	2.78686030190808
1.8813942410632	1.48943304502139
5.00431667667433	4.30386881382606
2.10088859886933	1.87910142823942
1.5501845417087	1.03803485859087
2.01003934477999	0.912671361854122
3.73252041030034	2.01562686262797
4.98667980159236	4.21106516860263
2.56396049324605	1.45942797186448
3.98236411101984	2.28806178045914
2.485001271112	1.91568650142379
-1.41861533435082	0.392208760255697
1.80577814402211	0.579897169515412
2.56652804806831	1.47331594963881
3.21550244418607	4.19976932487982
4.07511722619423	4.5261388778462
4.20667699423946	7.01911088377665
3.12899113291888	5.63029849847548
2.38621501397557	2.83215988903791
2.82675618599524	3.12561071088507
3.79058899967762	3.70008007605344
4.2417207213717	7.35699726097609
3.18339562520412	2.32757831415337
3.50136956469312	3.01064899870449
2.03899556116744	1.50226830175492
3.4124663962436	3.85350362233403
2.60370986516817	3.9084738663852
3.91182202134209	3.99331147490028
2.78510716474827	1.7915886071351
2.29463124242363	1.60495086645132
1.87160448161587	1.08420533088588
2.32406495526899	1.20040695768785
1.94134643596609	1.5499231886185
2.09488767136218	1.33093720039555
2.0236041875055	0.905052726321037
2.0134947482036	0.901527174354077
2.47331169477095	1.86395300502571
2.04391929665271	1.54546439836549
4.84801806999288	3.9102898099361
2.07111747187059	1.56127340449404
1.30675116810928	0.770396763138984
2.29720404792069	1.17773750266794
1.63088677759272	0.623536989564542
3.96638721052615	2.30310378549378
3.43652865568349	1.6582101694691
2.84776631614226	2.5030658415664
3.33017952533778	2.63606738438946
2.96759776031132	2.04907550165974
0.803509805632112	0.364217223885548
1.45117008784265	1.56998518088541
2.3997348670826	4.01644229302461
3.51329490867893	5.24323545053421
3.92681599001795	4.0184934734636
3.30039147660391	3.64713424092313
5.15607648679962	4.64849017409099
2.56860669441883	2.46518174336122
2.9099232418895	4.60929256737306
3.20861961245941	4.24778154703528
2.32766677068351	2.83301856723194
2.78406054700185	3.53849326540913
6.09114529745651	8.34922547996431
2.69368893858446	2.78670702641215
2.76554448889755	3.43978635232011
2.3095253492206	1.16278471303039
2.10035365639098	1.3368668321266
1.86681404865922	1.06990333714466
4.54850278775973	3.28579104366787
2.72415414850484	2.80987022296993
2.27422023153306	2.54454167398319
3.45190939750207	3.99889246071959
0.44515396789369	0.128009718182639
2.49646545107548	1.86980537569877
4.38382721386413	2.9085762658217
2.96072025861533	2.0529877618474
-0.0369699604589276	0.0100897792767604
1.08400049969159	0.57966864898158
3.98952336149582	2.32799170849379
2.30577319607481	1.60816575401244
2.83703511974633	2.51860761799807
2.00578852996833	0.903803680087074
1.87044767421151	1.28594992477695
1.95648353245358	1.98101709596012
3.12847202049816	3.13551462296885
4.13838109722532	6.69868232750087
3.10048697524936	6.32730434655516
3.490579518531	3.02640125818454
4.74202699008542	10.927404474779
2.70580256107661	4.2874354035235
3.27490691267626	3.542102718704
3.11374272913039	3.89347674925812
3.63598791828319	4.64923596788921
3.22642875466875	4.25373992038588
2.67764688239356	3.18007154617069
2.08673585236649	1.83948079647543
3.67810652750402	6.25014791963815
3.65484696378966	4.58780009522158
2.84367015659196	3.15598199511549
2.965085652703	2.04851310932263
2.31021737511462	1.19601889706368
1.93056158342943	1.59914376710494
2.06631070200684	2.21977675476746
3.93157829145677	4.09080359837385
4.376546918496	2.96675586069124
2.83822542175102	2.50423846122271
2.77679863063652	1.74416078377178
2.557728695413	1.45269564214102
0.842531476274027	0.347791598582168
3.49945760703759	3.04540407173053
5.14775109714118	4.59792140860643
1.43348284352007	0.790208312721337
3.17169750467952	2.35765910856961
-0.798989269292726	0.237086792656774
1.81256361946551	0.57834251056048
1.64914996960997	0.626657759006669
1.75004641787509	1.8089270217183
2.68771086026273	4.20860933423059
2.64446277223809	2.16825427091512
2.39319262258056	4.0050536032676
4.56867253958819	9.32806940203051
3.74135973756789	6.48482177613783
3.58683939425674	5.69520941208328
4.63237839996464	9.80114701821275
2.96355765209911	4.05069100551918
4.4446585711452	5.71400925327587
2.51061879102698	3.2337858410102
4.45234633128823	5.72095810038906
4.26288959371967	7.39284086149806
2.86310572192373	3.00176224106077
2.95000576973608	5.52412228845002
3.97567036661431	6.01546916205454
3.6396630285691	4.65073159968002
1.86143402869201	1.26019828315683
4.19329343533331	2.62340064532429
1.61213646455477	0.819107620729212
1.86084965016102	1.29322677990121
3.26031330081413	3.53436124490233
2.55724228301217	1.45299640537163
2.5778677589961	1.47938019151026
1.63660435145863	1.02194837494877
2.01540673585469	0.923787604582237
2.31299336831842	1.19592723591125
2.77421581089292	1.75552814484328
1.64002749416961	0.620755736230304
0.854511437151625	0.353633415859242
4.55593393453783	3.24905701097495
2.57066000659288	0.949369245848186
3.07598371730536	1.29177815049463
3.97214139396321	2.31148558247758
2.29366755164623	1.59664642913028
2.82049634389357	4.16116155935183
2.31057175053643	1.21438601153779
4.4148081877999	5.69680385212314
4.71928623031878	6.94914112886377
3.64982211541534	4.74407936700183
4.04252221895418	6.28222784825278
4.24583903384633	7.45227391933641
2.61279047091579	3.51368127721017
1.74417657300556	1.7836052030882
1.62514153080925	1.51603712522207
3.53266563684051	4.38331823784897
3.32608572964691	2.6675857105464
3.09569019468776	3.8978869221382
3.64669674738291	4.6967859631451
2.07668379028214	1.85661983950844
3.9322162380537	4.0884306011671
3.6520424703888	3.38287084854913
2.23530412553943	1.8324025513884
2.24656617813803	2.19259189015326
1.87499769520849	1.04035379963746
2.62512383978017	3.51938084415678
2.77854462731832	1.75613243556285
1.65725719273459	0.612982129384369
2.22923497672877	1.79484972338656
3.73252041030034	2.01562686262797
2.09551716889315	1.28420555897563
3.17055237536044	2.39548837525059
2.09245958351054	1.31626828987914
1.86651431698222	1.26777390004251
4.39577090672642	2.88200204399417
1.65232884439116	0.630327623928871
4.39595578708464	2.97015710190529
-1.41151445005737	0.392781075624489
-0.318733942823603	0.0784860044620643
2.8302463881721	3.01855600798196
3.83694232776482	5.42469604387664
1.16951513015756	0.56250310313533
2.81700822375775	4.20259673722468
3.40225786942429	3.79962252363072
2.70447952580809	2.81275868245725
4.07816373025353	6.4033589441937
3.38392627596072	5.94841115504025
3.77322513647008	3.66329870531251
2.71546423756825	2.79332044391077
3.71029608665764	6.38180898487978
3.28727207434772	3.56299070947403
2.40305076733135	2.53495825321927
3.40829265651203	3.92188101642947
2.40092022913742	2.13174421310921
3.29428078233621	3.62896854878471
4.87691215008321	3.94714965019179
2.08533500257712	1.26127835977374
0.847777793068351	0.350007773680301
4.40670862758605	2.91537775173581
2.05610344796279	1.56324054792085
2.96146907317111	2.04821805786473
2.57551660914786	0.96051052751055
1.33031181009735	0.55000734747396
2.66562897872714	2.19428451089524
2.56834729871335	1.47529543846742
1.32149164432041	0.796640966398133
2.3182573018119	1.19298821163316
2.30756545321288	1.18826106055597
2.5827029666934	0.95444482507333
3.97721168597421	2.30658432902081
2.22997694529608	1.80934427639944
2.6171051400124	3.56852796095906
3.97417678633059	2.33916593813363
2.98372384930097	4.97316379694942
2.51291698650297	3.54865462327859
3.36425303084474	6.88003701836009
3.40306517542328	5.99164812676304
5.41950079989294	11.6012036546524
3.84900374574595	5.34492138874795
3.95617899721239	5.71954221833693
6.34736953514838	9.98911845098987
6.24511413454382	9.2899736254615
2.63727607582168	3.58808568519601
5.14226628761441	4.61519668879742
3.29500411256022	5.21463197032502
3.83941753703955	5.3851527202829
1.26951713165648	0.838990673312247
2.08367676533035	1.31051719100786
2.38091385913664	2.44358709748405
2.30472472594129	1.1794437176518
1.31983388874284	0.572079754885801
3.72517503969138	1.98713699848761
2.28431218944752	1.55180229800221
2.32406495526899	1.20040695768785
1.60775629869942	0.809945943353373
0.505181011386259	0.197514565126965
2.02058383053804	0.913020231521983
0.484441967858216	0.165686129366764
2.5778136971617	0.957067152435729
-0.0410889634798265	0.0108552611157525
1.99323630891145	1.90819447196501
3.7764415052817	3.71109337090701
3.43571766012547	3.96396729484115
2.40050088340649	3.22253888555391
2.65610408104515	3.59061354309593
3.00145111118394	4.32953919823345
2.38781923972633	2.83894469225362
4.06564571919944	6.26495811886058
5.52088571064634	5.86980203916203
3.96180259790057	5.95253406793871
3.29507927878448	4.47355861605904
3.66475654971273	3.36536839598282
2.96969107850265	4.84766006606631
1.67607111814927	1.1715388351552
2.87349321097202	3.14730507126275
2.77569180690745	3.50696768834785
4.02850005195839	6.22912809322714
3.14815396786855	3.21936396731711
3.43652865568349	1.6582101694691
2.64349318511417	3.1493499516626
1.30117656598858	0.551304468778339
1.81045946197748	0.578570674290805
3.92235122267135	4.06062541956825
3.06689999323772	1.30696449185998
1.64715243246245	0.638228599311507
3.15264489722874	2.33864253434205
1.80577814402211	0.579897169515412
3.07625684166309	1.31471095169835
1.81256361946551	0.57834251056048
3.74594816942165	1.94050498464307
1.64134252998758	1.00606200620667
4.50832029700911	6.06091618843489
1.32711077371643	0.791706996537337
2.84104665811964	2.53070594060543
3.50314178596616	2.98571418146843
2.69340971046723	2.80895867901023
2.97358905417752	4.25182675272569
3.32384131078141	4.54516780530548
5.28355320793811	5.05151854870683
4.8515176838744	7.62403193476028
4.50173360952058	8.72322604046603
2.96106294746138	4.82258705644624
1.95584924968065	2.02738652646611
2.53637172158885	2.86638448026315
3.59928165167791	5.66630557038702
2.88019931871964	3.21650209006824
2.68131567523158	3.13034902034278
3.22210464572312	4.21385789633432
1.87443564023959	1.06993098044232
2.16293597114634	2.28360477076024
2.77873606252208	1.76328940978545
0.441297125214957	0.126926364329448
0.482349745171166	0.163302053458975
2.31816119057749	1.21061446075152
-1.41151445005737	0.392781075624489
2.31299336831842	1.19592723591125
3.42397981700002	1.60913005792329
1.65032514099311	0.618715942293314
2.98924252262807	3.5709652185433
3.11716167473381	3.90778775446005
4.39805965786859	2.96403987087132
2.55760860915392	2.44970653919477
2.07081852832376	2.27212960985148
4.52688629077555	6.11690089633301
4.61569031868584	6.5352316237223
4.77785745272426	7.2738407526731
3.55042521965207	6.77083121889288
6.07571256055421	8.37042415089701
2.53083564670243	2.86242046164475
2.80713419039798	4.22002752472404
3.18170246107689	5.67735308861656
2.8903981612607	3.82142394507005
4.39282184873763	2.96185987710976
2.81761176195058	2.50224343008524
1.30619107948372	0.563374678209593
-0.0390092315591206	0.0105214493978848
0.946120618380072	0.344668852346196
2.96985383897421	2.07672301996329
3.44371153517053	1.67619063326831
3.43853636873109	1.65697509457057
3.73219049548292	1.98336590805057
2.30850744815963	1.19924213664799
2.42637224693062	2.52391384776214
3.92153980786312	7.51300203930634
5.27380901578107	5.0541503597386
3.31955183901696	5.61024536029411
2.7617394309698	4.61420064253001
2.47795391135332	2.9923722249207
3.65492082448936	5.99975810564499
3.8653696960539	6.98606915495765
2.91606883566596	5.90102130841295
3.07695428244317	1.27333343981167
3.64159902475173	3.36227228810944
5.17676369399556	4.62600216865515
-0.326086336851824	0.0802709064148997
1.62605747385881	0.825367113561316
3.06919540525571	1.3027545160526
4.18291616718493	2.61604493459816
3.74323155302746	1.98463369420543
2.57757744392236	0.957433505286922
2.31919931771724	1.15774369955027
1.74095707139541	1.31253982587542
2.295462339516	3.21986508438664
3.97960812614647	2.34353774699792
2.5497418836102	2.47547271347434
2.88053078090944	3.85698678509955
2.91947550863276	4.53109800936254
1.57010181900403	1.82791092972397
2.63791062688765	5.03102073229516
2.50804584923626	4.4450076847789
2.55223993396264	1.47476032257162
2.54555453342024	1.46468317143084
1.99858482013502	0.903611930187647
2.28862543628987	1.60089358655992
2.29925029828771	1.60730960444538
1.86125713584159	1.05055900587387
4.17818736306159	2.57656582897955
2.39674076906346	3.24385724613433
2.54495068258319	3.22881172553092
1.87662719945986	1.06736735886679
3.54432088528145	4.33586030948909
4.08386447444215	8.43613060970353
2.81731970679207	6.04404477384883
2.15596393341647	2.21591071305142
3.24709719902049	5.20474071469025
3.73786491162249	2.01245103597413
2.32911137811245	1.58360908544817
2.5648052520912	1.49748988372418
2.5847753763123	0.951434056294316
2.31021737511462	1.19601889706368
3.44139163272599	1.65421730138556
3.35371294499787	2.70471410929785
3.64874706881775	3.36728680726064
1.17214230724622	0.563622862025642
2.98101115036572	4.26281013417839
3.00924241941	3.5548064458221
2.58453692416693	0.9378225742295
2.5850139056114	0.9375104362967
2.58246518877188	0.954808913265067
1.81256361946551	0.57834251056048
1.65263184144526	0.630012728055625
2.41666509486675	2.17109638889552
2.15579799661417	2.24694365601206
2.09475017292677	1.33056554021312
2.98962023005889	2.04588946004154
3.41780619497143	4.89095928188742
1.81045946197748	0.578570674290805
2.58046539453861	2.44534935054737
1.49917749900842	1.18850831146405
3.97960812614647	2.34353774699792
2.69716147195615	6.0305464606858
2.5827029666934	0.95444482507333
1.80577814402211	0.579897169515412
1.40385452860037	0.769151120862845
2.26497217003311	1.83397799499887
2.09610959209945	1.89009164952259
1.61199712290166	0.787001496661785
1.86450480872869	1.04452942259797
3.7381967022267	1.97829622589877
1.65433493911478	0.628354033763453
1.31100427022817	1.02135366315453
3.44371153517053	1.67619063326831
1.3059766207843	0.564869257501267
1.80577814402211	0.579897169515412
0.452334479714931	0.153496776198341
2.78769746602762	1.78825040842562
2.67721189293477	2.70831236527885
2.31608760129162	1.21400243950159
2.57757744392236	0.957433505286922
1.85734051301874	1.06547031749679
1.80577814402211	0.579897169515412
