x	y
-0.566602046024178	0.440579047155094
-1.35666165196932	0.898536780117545
-0.51905134579077	0.319952604664822
-0.876592507797565	1.23196826276091
-0.989822044153238	1.54056175534206
-1.41412116335971	1.75405084338025
-0.63695758890367	0.373554663397306
-0.10567495918288	0.0541142590578816
-1.14686948246679	0.987225271834476
-0.321658933016448	0.223604482927197
-0.821426338394091	1.29001900610702
-1.09472088397606	1.45089151562449
-0.321431693796798	0.321072212290791
-1.21082413670585	1.9774829148552
-1.18733119049253	1.69176989668536
-0.837304902249558	1.10057687675626
-1.82715764071263	3.27405795928433
-0.508667942573459	0.591063788793214
-0.936488635069231	1.30224596555299
-0.471241953619512	0.372471448680293
0.0800311675714503	0.0349957675924144
0.518948650359553	0.435541210437643
1.59358357633195	2.28785524055198
-0.631896541555684	0.600615007791131
-0.53809615081358	0.446941455423763
-0.43505335662851	0.333060529015333
-0.788390570876356	0.947852002273119
-0.985999206419952	0.961127588272898
-1.09852246667053	1.54068061086237
-0.770613284170186	1.08164484830997
-1.11159067057775	1.67729470604633
-0.361745364010493	0.308557068946154
-0.345690520311938	0.323540429143641
-0.663769430232701	0.728767747152747
-1.36177340520898	2.18763229572244
-0.576697485351992	0.368217078749999
0.155585630349353	0.10132973600719
-0.0113632101457232	0.00634085393390564
-0.580050336326732	0.533346576700063
-0.704237953946564	0.642687687855635
-1.40197517566854	1.83259336262504
-0.915621217747612	0.829036170654939
-0.927365101031612	1.17049240934906
-1.36262824867271	1.08816100133945
-0.912979130843008	1.34459706350468
-0.416551433229237	0.493889909573738
-1.18079875540612	1.95915115622689
-1.19955599752596	1.83760195616257
-0.692210480270454	0.795013994022178
-0.563680188119956	0.637228300642988
-1.01215332063236	1.55391245436127
-0.478550555400401	0.31868106991971
-0.343747928699085	0.259717005703925
-0.565318596761745	0.741202531160747
-0.627557726932481	0.691646662058311
-0.862997193591162	0.974163454797922
-1.8612331332314	2.01920163358375
-2.38476068958861	2.16526425346516
-1.6803878816863	2.79345738490349
-1.14413615354729	2.27401100370121
-0.823562045365979	1.23869801643255
-1.61634323824204	3.60364579357528
-1.49063761523172	2.5528020789527
-0.903247143363782	1.30988568615914
-0.949637762635692	1.42453968306243
-0.508957015683684	0.638972568042718
-1.18753034736318	2.76080597992797
-1.22821241403406	2.17626653754199
-0.479567948659851	0.29183189477966
-1.84727959507651	2.10089521493846
-1.04516769757347	1.06701581504546
-0.753076941251354	0.914162147716371
-0.957987851225913	1.52522925529397
-0.763905444023896	0.803286193437597
-0.678677016326734	0.907056377572653
0.229213527877716	0.223054217832876
-0.549358230713912	0.459361444890033
-1.08349250875811	0.893348802685958
-1.23043802217163	1.80244027137805
-0.761922482631791	1.0668151150782
-1.2266108726861	2.41936342148351
-0.784274434867279	1.42249502014193
-0.957134167740128	1.67069566541915
-1.60296865995305	2.96927971969075
-1.64325095125644	3.38456088873663
-0.806277885342818	0.530568898029388
-0.680095537806695	0.860246755768258
-1.27792922132112	2.59638665699256
-1.36516248184286	2.00688076602738
-0.53196267874228	0.590575637351916
-0.709910039991636	0.811908347055015
-0.906465078007402	1.31564343012115
-0.984549495855333	1.13531546523178
-0.96914690400831	1.47754889739128
-1.29557350201934	2.73019830387532
-1.6211080819789	2.29891707190227
-0.890674310520701	1.57615853461044
-0.848320714640483	0.822479773507649
-0.839595201342562	0.653857261573555
-0.872879083094103	0.927530139867265
-0.871884612474274	1.48337302123731
-1.55485559112528	2.4468643462914
-1.20091821878786	1.87983201330729
-0.906528522896257	0.982833208315083
-0.875017498881372	1.24210361076786
-0.886156854168549	1.34554567932606
-0.756862762689931	0.962699611716798
-1.47145516589424	1.96561521597697
-1.27589989844377	2.05256922038445
-0.798282057578815	0.806876267572041
0.720347886171563	0.583574336217153
-0.955955790209903	1.28748347738603
-1.41526495821741	1.62389704511705
-0.831676635664577	0.795241348780841
-1.06484997822006	1.38405487887371
-1.17857277022943	1.5598196077623
-1.69818361882335	2.54963582813919
-0.827759500222501	1.30739567368308
-1.20218624441332	1.84965936234583
-1.16816735065346	1.8626106056274
-0.848073714984991	1.01774093294153
-1.00128268091925	1.26248755910535
-1.02221836197783	1.58147789808116
-0.89537245615496	1.49627680304626
-0.878358884117123	1.18724643014563
-1.1914577136129	1.83184801832578
0.111259240885713	0.0802722397810898
-1.03376039722244	1.33711025991244
-0.546840110899951	0.492975766857787
-0.25082562114242	0.154315309142475
-0.613108989760364	0.571529098481175
-0.505129457510394	0.446350318255955
-1.15951080068131	1.89873104177866
-0.836114375866563	1.22701450776642
-0.905658143997235	1.58123367668711
-1.0167821539853	1.42115914541153
-0.587031469158536	0.565309985038377
-0.747358030450883	1.02387118986389
-1.11586939336844	1.88058850443928
-1.03696248496029	1.55476536049321
-0.924172998568006	0.9987305332364
-0.640717833390695	0.65685897018492
-1.78715191398555	2.3206900428645
-1.12063883877499	1.60760921793787
-1.35469005165268	1.69108158008828
-0.363260158753962	0.386657481646628
-1.03368692791784	1.09673546733026
-0.81467175715202	1.02566756825435
-0.851827666516869	0.936609786843011
-0.640624571086253	0.641535501977933
-0.826964055343904	1.21656431237867
-1.1866370021229	2.39826127968079
-0.833044826856039	1.02432475554649
-0.758033965392137	1.05158382090062
-0.755976169767968	1.06306536032474
-0.703534407741436	1.06892076985948
-1.62253919219529	3.58277999078052
-0.444830056177706	0.563246745687202
-0.96464803103206	1.532237292579
-0.825203746694012	0.899432175425025
-0.887866342660133	1.03355630618906
-0.462992435425425	0.402486917970294
-1.84927263971845	2.06981544827404
-0.631928327327281	0.607220216378521
-0.696926060814029	0.821674648562653
-0.538512783849154	0.480727648009526
-1.30107598884217	1.41092051666341
-0.456639203031036	0.331086939534912
-0.635766035154726	0.519410819755566
-0.320641889779477	0.254314296244453
-0.373378583508228	0.30580973159587
-1.07970224684806	1.23529125880053
-0.971731268388616	1.46904389566961
-0.827550029539891	0.845577946626082
-0.00910111984861678	0.00587633588616618
-0.556870162777274	0.392744337353046
-1.09070371282992	0.887159908566463
-0.711509997433537	0.761212021704935
-0.79453156330611	1.14256733163788
-0.940889295991022	1.41776793733779
-0.915322628921894	1.37384498197586
-0.764986740350478	1.20185999085624
-0.819589290183209	1.19717571168329
-1.09607343680331	2.09536753854686
-1.2335161420452	2.15100062571441
-0.821463239833114	1.52550229238333
-1.12800023095949	2.26783320329189
-0.977341673670402	1.98957154664996
-0.692955767389659	1.06812824939381
-0.789360727858688	1.13430120998176
-1.61303228804805	3.35870356758563
-0.743126931003454	0.924740020907622
-0.582093016728775	0.507477630540557
-1.37729412162555	1.77696783357731
-1.40764715919837	2.26028293796716
-1.39997848819365	2.31291095380004
-0.7681053627493	0.761927669977392
-0.884396068455755	1.14430855104861
-0.762848996387332	0.817678119354897
-0.351152248810487	0.322448592025345
-1.27712916147436	1.50600092857203
-2.04221517893978	3.08353937498223
-1.11948711365647	1.77997591499451
-1.11051207593138	1.68636760236995
-0.643561810921341	0.645726518785174
-0.284739327072584	0.189743944666924
0.0938702470353226	0.0632667737501043
-0.689806748558833	0.597994112814629
-0.659647692599104	0.709452446049095
-0.333917204780984	0.357965434745568
-1.39025621328763	2.28876834312202
-0.897623819825796	1.22144140842062
-0.492738168374966	0.583635387867693
-0.670057650711751	1.04293271172313
-0.654487885083386	0.897976407224363
-1.3707979207481	2.54681955398213
-2.12440592370013	5.374880146551
-0.901504757947684	1.55471043852043
-1.34240301005052	3.02403502669449
-1.10865973646218	2.29356696260379
-0.964028126956269	1.6885109758777
-0.768445418550028	1.16706560158753
-1.61214442879596	2.96879072233991
-0.742725014930115	0.989180064141368
-0.668337368477037	0.522306244059144
-0.704051386382148	0.558417460158
-0.411157719843427	0.301678005979227
-0.936528569030818	1.19713238618295
-1.03582170479829	1.89237500966443
-0.497674735179331	0.471734463822456
-1.15636038610102	1.44849386157663
-2.19869651085241	2.44572009041438
-0.453940103096838	0.492155837087501
-0.700038676168598	0.785621292639124
-0.685876805812159	0.715067595280611
-1.28124615844031	1.52757767587784
-0.138488065817654	0.128745322513567
-0.454613602798487	0.445203875724881
-1.64470949831236	3.08867823150461
-2.44321333169846	3.91092058488703
0.283600613690669	0.182387442119142
-0.557000597354866	0.401389909175447
-0.0861091011673408	0.0492917062461229
-0.852261834687916	0.753829104131239
-0.233907030216753	0.128966236348726
-1.25978093240645	1.16628135494787
-0.525525038457401	0.368631869487659
-1.49873403964643	1.83478759554571
-1.36026199407359	1.5211966919759
-1.14474980932926	1.85866724022982
-0.642099743228359	0.902770435274411
-0.943984487758161	1.31685887194754
-1.47966697368262	2.5489767900357
-0.562386014489813	0.609032173564592
-0.52908477889715	0.612195151170979
-1.76546650262093	4.11032324058612
-0.782321542049461	1.19769004944738
-2.04919625774609	4.88203925356762
-0.803951920807692	1.29561739554146
-1.98138608750528	5.42112864700895
-0.730660988692662	1.08351171886466
-0.671536882828127	0.821387742823949
-0.207330758252612	0.212801865258502
-1.55567112458354	3.55670088390875
-0.852763883519301	1.02253279515996
-2.53942071426443	2.56264920568987
-2.22018574552316	1.82236066946159
-0.503852703751581	0.370173776145109
-0.356105464899815	0.237904366409707
-0.979242787634308	1.34853778677356
-1.25772983141987	2.4323948939131
-1.66781542025383	2.03483856507517
-1.5694250781559	2.62672771574975
-1.39752952230848	1.93538572228218
-0.852063421390198	1.12050017016144
-0.820032590123329	1.227561452582
-0.73026905440874	0.602416410815938
-1.67426856798524	2.81473861756566
-0.457613166963629	0.479632479687618
-0.918421119060879	1.00116708643447
-1.06551160223415	1.65167544831417
-1.32923135746282	2.32569917926964
-1.12381884750777	1.04969541242078
-0.238419638878063	0.182678963333945
-1.25928523836813	1.46702519072567
-1.02336181578763	0.665762291052443
-0.547131241088962	0.350719714752379
-0.956379011767492	0.702853146443386
-0.308486072416111	0.184201090671201
0.925421139875145	0.869725232174708
-0.612020366042233	0.565120693531861
-0.975341467931495	0.741218692781418
-1.34192812150703	1.78940926059514
-1.62983554314005	3.41773332655704
-1.5724368466464	3.34452465394528
-0.966015395270413	1.38460716728683
-0.878435543173668	1.23418955785985
-0.917294943309548	1.47601772556972
-1.07164222560698	1.65920640005319
-0.883220011615061	1.45727469252795
-1.2705006910657	2.88973400213672
-0.909048530219349	1.14152967412706
-1.08773159622127	1.81192617348932
-1.20704915633938	1.71828233727004
-1.20110637513854	2.17572430937996
-0.523556386376332	0.717763716561642
-0.394345507911413	0.394021345893494
-0.618473441960013	0.74251260573273
-1.16110024957086	1.59674347087162
-0.701907277441068	0.868998954578644
-0.946248577920428	0.876630274882786
-1.47074858971809	1.29518263821597
-1.65612955761992	1.58179220040089
-1.42342630659631	0.964859871778736
-1.39297404347888	1.169349114379
-0.312555341801189	0.219483923155466
-0.104868622094859	0.0658250690933329
-1.08189397738698	1.02060704126102
-1.80003674386608	2.36024179822475
-0.7254295455533	0.688100847762054
-0.743014856690402	0.664512962724332
-0.725293672722631	0.690316157055663
-1.32664557644429	1.61802624752534
-1.48411570495296	1.95640889486543
-1.52310640244422	1.10757455185717
-1.09441120251346	1.25858006377045
-1.78619252330514	1.94133380594422
-2.29923754646984	3.34124941833523
-1.88865611873899	3.84693184432693
-2.07497768198568	2.63396635637372
-2.14062271941482	2.29842607517282
-0.508066450984668	0.452622678329785
-1.48519399723352	1.80658057737376
-0.444958368635449	0.318648650328763
-0.645417437591281	0.332455431830474
-1.96926034195955	1.35122808428859
-0.719214715304731	0.529068318181464
-0.780334801248572	0.587250067545241
-1.25275176129549	0.595266985867024
-0.463799857247388	0.279860212670352
-2.19489138165034	1.136438714126
-0.834543089825699	0.480794103969196
-2.04978722302741	1.52140492826873
-3.2709273533247	2.97417635627837
-0.959937957306308	0.818922180722757
-0.859130136123354	0.588284190432736
-1.75730372501674	2.51588279175445
-1.17401579766896	1.63418642876058
-1.38895909531037	1.94864995859853
-2.02638419688721	3.03705880834839
-2.58387015377498	4.32503380597133
-0.758073888328591	0.716220810106133
-1.04426741957105	1.24376714976982
-0.884890285342947	1.20569482525154
-2.2340794110795	3.13893352042008
-1.43226537045715	1.65822276025323
-0.547093117182717	0.590341517012094
-0.617175456254469	0.536314046326932
-0.611344427945856	0.671762750429684
-1.52179489476953	2.51537742370665
-1.55189681493656	1.92935368071403
-1.60263481515293	2.5775119899633
-0.896038761826086	1.23112164852374
-0.779467442960379	0.767128800834493
-2.07318234487881	2.65756846537729
-0.433448217756198	0.383319402965384
-0.685507738438469	0.698755503238788
-0.892705880690671	1.0857351088658
-1.24618243541236	1.74159599800249
-1.00915870516501	1.26032040353777
-1.36191454625626	2.0212229194701
-1.38177085303672	1.78708925830538
-2.13541532271834	2.90258166101704
-0.169753752474237	0.117538003386028
-1.97856145707617	2.90691332424009
-2.31620714900545	3.94317864959179
-1.35244722254684	1.50162609624868
-1.7302337608192	2.44361228279544
0.0827555710348019	0.0523472603119811
-1.24912128852502	1.29905002619609
-0.904206581679725	0.89567981512506
-6.15609755173174	7.25429385068704
-1.9793318539888	2.8540072754241
-1.5371966380296	1.92755509019702
-1.95664875286642	1.91719949703145
-1.68112853568171	2.27701102487852
-2.27663226511663	2.60160487653417
-1.67092114177631	1.66073164966302
-1.24299336582422	1.31973384742208
-1.54705013143457	1.72811019940775
-0.564994531502848	0.474891090071023
-1.12425649383796	0.947679138138502
-0.471430154425087	0.34718711498063
-0.51762935441722	0.322451712438708
-1.07498884242815	0.823115343404643
-0.859741194985976	0.840505218864926
-1.18853642375732	0.890455089248197
-0.716382206870383	0.57641089229959
-0.745821252293125	0.668320441877829
-0.514159893341654	0.405078871968942
-0.479587750428559	0.323104204545228
-0.748033222688692	0.547214293932223
-1.15398209876147	1.26781269514042
-2.20722118947225	2.50478124041539
-0.465862003030811	0.481170024923399
-1.70822610181215	1.73852866257321
-1.20491216529061	1.62116937540731
-1.68041707121584	2.2818874263752
-1.33675051979711	1.50530206027053
-2.10746299502206	2.25360066413244
-0.843969501021235	0.947479475419617
-1.2637365665283	1.42845090652209
-1.33850317955884	1.79920379891146
-1.63739461134708	2.12128125640172
-0.704681394293091	0.744481166419284
-1.12346614784141	1.19667795935373
-1.06037585429562	1.25814787506522
-1.15279310506327	1.4750590982882
-0.0763770225203668	0.044036691506598
-0.633689083622512	0.563884848324196
-1.84020194422897	2.40982740846055
-0.769857958919942	0.639016777779878
-1.50299577528212	1.57962980320762
-1.53516845340665	1.92571971463738
-0.824127056656295	0.91190885409004
-1.67762749949681	1.35939103378227
-0.633031550052084	0.474450740069042
-0.690472549937735	0.771890478425778
-0.397924619761417	0.29608703846246
-1.9769552028614	2.86903075278918
-1.02972832900618	1.22219488304302
-2.72353182112932	3.04895800306156
-0.294772695417092	0.189279113080866
-1.01575080507611	0.886762534923207
-1.44175368077931	1.26594918493205
-0.589675851775033	0.381576296823988
-0.0938975207652566	0.0479503664292731
0.176979125626286	0.0948440465753239
0.18160760791199	0.124320624353291
-1.11873915288301	0.797273055960109
-0.921221196248643	0.569058847440737
-1.81022064766001	1.61834622203953
-2.27291838162758	1.94370422836487
-1.56393473414714	1.45304202311684
-1.64553499694153	1.87262786842043
-1.95439377288194	1.86543576748297
-0.46753081990757	0.303777177582958
-1.54383225922042	1.71413120156046
-1.81777833740423	2.34673623250016
-1.47681882980768	1.78031823026402
-1.64386195577227	1.94272690020672
-0.129337206528998	0.0602079745385199
-1.48410086011777	1.29239221725793
-0.93084586047453	0.76960779927242
-1.24020362897581	0.93837936366652
-1.74304257637208	2.20326381551223
-1.08129351495432	0.847638976468387
-0.593023126131126	0.393380570230478
-1.14246698319098	1.11896799111638
-1.02537859415234	1.22810134615179
-1.17920827779672	1.15712991009237
-2.36121753501148	2.11914045237807
-2.40424760370548	2.22926475672894
-2.00710352820403	1.99212924688136
-1.24450865106814	1.45142681370298
-1.64455970885729	2.20408885892184
-0.948432005745689	0.909760497614448
-1.24503057383164	1.97029063002674
-1.30909643897286	1.26183288390273
-1.15637197600503	1.14105522478269
-0.720820688714065	0.577220335352894
-1.02642843502296	1.22430449171325
-2.26785431205401	1.93576265614665
-2.82349647145935	3.28955465495138
-2.51762018838061	2.46367342530188
1.05045946149235	0.987691517042309
-0.664606003627517	0.40939385026132
-1.91680182196316	2.21390988168824
-1.45959527651676	1.24811201425497
-0.402449500982458	0.280247706656691
-0.484652758228781	0.258912883656052
-1.68080725157602	2.25835792335883
-1.14653391857729	1.23466553947867
-0.647586186121077	0.626437795175105
-1.19124285860426	1.32784664993648
-1.42864968727975	1.65931998271547
-0.923811569067295	0.784641434410407
-0.602173894307221	0.587345883233271
-2.0990707231178	2.21407186240977
-0.372380515267033	0.250508801641516
-1.06470291339736	0.583169821100335
0.001182166692868	0.000990835419158135
-0.463275008672514	0.248774543184877
0.613020636036625	0.472547750396647
0.0522106834082914	0.0289139252336284
-1.29556322808916	0.813430245387854
1.02213375357934	0.78812006853611
0.20534214587188	0.118765012652341
-0.955628046995873	0.724252476402249
-0.8018227733112	0.453717381302087
0.13015269976935	0.0873286809833712
-3.2262001323605	2.84173794034587
-0.591296749203119	0.392519375181488
-1.78979639314716	2.35753266132136
-1.89572853118248	2.17549556333079
-1.42980440875452	1.40670960694195
-2.8458212958711	4.2444062398476
-2.75668462633735	3.01954702493783
-1.22383949684422	1.53789789188973
-0.83816779371447	0.663066528127295
-1.58990646242714	1.52306170057848
-0.425039273381797	0.299865725034489
-0.372812546856293	0.272444900262524
-0.230226445932127	0.159285885527875
-1.51876675299835	2.33705776805402
-1.42281460999264	1.87293693600597
-2.7752207757789	4.2398229024784
-1.99652965789391	1.97654576066851
-0.843873372496791	0.75677101346809
-1.49217052336883	1.817843978317
-1.03888465574718	1.15470546187213
-1.33855027263262	1.50336401520798
-1.60988756227785	1.87700786799149
-1.87220979001983	2.82183426032682
-1.23230411004886	1.53171192716161
-2.26961646193749	3.16348721960105
-0.195645047926966	0.124896899088578
-0.839872262897563	0.803866212406635
-1.51895036578513	1.88848574372032
-1.06182611881526	1.08664074617584
-1.85626531570733	1.64275611949053
-1.76863710567506	1.90045390660952
-0.341821661193938	0.225271709274761
0.106371766997196	0.0558913434644953
0.451143196727271	0.304982554937265
-0.277206197171107	0.174839510619275
-0.344759671239721	0.230666779458923
-0.804065441123944	0.530079507984225
-0.475260454623294	0.253701199296148
-0.918052687473098	0.752755799614622
-0.724956834495274	0.463691354027324
-1.07112639296245	0.988539935046038
-2.13196490719941	2.30256493957153
-0.839300960643232	0.875668019296611
-1.07487907697635	1.23471083531132
-1.25992404933721	1.17592248223807
-0.681777962869742	0.469439640642485
0.304404379526042	0.142391020544392
-0.702308261766317	0.511922987558013
-0.0261341913174566	0.0127722669956447
0.181388095524572	0.0972432443114542
0.888704205878233	0.663987761202168
-2.72046089631575	1.84347164942485
-0.813200483316937	0.548191051610764
-0.862751572935153	0.403959246660206
-0.688292067085721	0.477966593143651
-0.74612962669197	0.39898807082223
-0.727965454301606	0.460213178092245
-1.25768879480255	0.604365054089661
-1.27256416747304	0.987621292355714
-2.16688910053484	1.71651512318612
-2.3063755447426	2.02041672211672
-0.737441588073873	0.520018704816465
-1.89961844133569	2.1817583046155
-0.830460218083616	0.781694744964381
-0.945493719354442	0.88708563583978
-1.03763513540419	0.812330393357539
-2.03037870908369	2.03577218190196
-1.71196942306238	1.8052353984646
-0.952055019561279	0.697549814190914
-1.09293886493805	1.02602517538948
-1.00109841407545	1.00396606815441
-1.15132789643858	0.950931165836367
-1.58098038103446	1.19761538063502
-0.95729341366212	0.970813227407942
-1.35385040726812	1.45736329335863
-1.72326866867092	1.79927549185426
-1.6435913615789	1.61985572290858
-0.656576213864491	0.631052757360561
-1.02948189037259	0.90274098319602
-0.268657528225419	0.200622685239208
-2.64113338250945	3.81902695056841
-0.889808327244999	1.02032507716229
-1.85629514072602	1.63562741278109
-0.895269094449738	0.805711869948583
-0.0942727702150101	0.0646381703424159
-1.01000257511289	0.902022623678397
-2.31456942952827	2.03787833187468
-0.870627944308307	0.524920599454177
-1.08083280920451	0.721163281849416
-0.857007907062805	0.600473873885872
0.835426915994509	0.346906852523402
-0.624581082915457	0.369972955006621
-1.30599873451063	0.783024330493368
-0.108873158109235	0.0599670243352198
-0.653229303588084	0.342525795783563
-2.15819488348098	2.30438840284601
-1.28477290544632	1.53604870567066
-0.834392236790464	0.979437198039045
-0.969559391453195	1.30185554411244
-1.16999959404697	1.37802678756081
-2.01339018993766	2.50708125079097
-1.46891164010061	1.94673442668252
-0.686950756533903	0.807737090515053
-0.183043828184317	0.155488873936249
-0.688521695461426	0.760408095720834
-0.455189251461955	0.374187271476216
-1.95463979709202	1.91897521057073
-0.845372066554758	0.580012558649786
-0.474522178315089	0.322736870694762
0.449650659195232	0.300512649273004
-0.639308602797573	0.320938840853085
-2.17870061682507	1.76986626526667
-1.47562087051628	1.05009507710313
-0.114499277559582	0.068945143858138
-0.987259862831286	0.764230182651508
0.235017043734581	0.137414493701536
-2.71921263077815	1.81748211773245
-1.03901727396956	1.04499956671621
-2.52011852137552	1.52236690837104
-1.26604244270361	1.09174439734785
-0.148869103078949	0.0854017493910227
-1.75909861030776	1.88026939441964
-1.19085559567321	1.03922312493489
-2.35532703652481	3.34577524568156
-2.77494153308616	3.19537247492407
-1.75516211998612	2.45239113513366
-1.42346421507913	1.61116085642235
-1.85974040337631	2.12257437607725
-1.73106574425437	2.44685846942058
-1.12258383140017	1.28805025923743
-1.52219281086651	1.85942942627295
-3.2764049388244	2.99278898929334
-0.722966589328565	0.588165407523688
-0.286880337164041	0.179986854243853
-2.39214265656308	2.99220957903302
-1.56000686623371	2.79057571408256
-0.998917660243673	0.866947124634993
-1.26898621551524	1.48265498852803
-1.35984401767956	1.72218395759165
-1.10094052300047	1.37179483318913
-1.9118596518367	2.21702015025483
-5.15132676976951	3.65062032990095
-1.18010958096151	1.04925498818278
-3.53280232484355	3.65132106992973
-5.41409467316089	4.38820543729002
-0.441821995382393	0.35794996444102
-1.11634762270423	1.05335426592388
-1.19110468238498	1.05229681498591
-0.989446970098136	0.859466066318247
-1.36251528973815	1.35079164771303
0.212980849873049	0.1324448521486
-0.48694206133993	0.335554081360956
0.437918097772052	0.277408195435022
0.117350538646857	0.0572445917766902
-1.21451074504803	0.914443438618331
-0.801850481291063	0.457713353526776
-2.01703361412951	1.49632629568671
-1.22384021322785	1.07763819311065
-1.1397940563144	1.11102324746075
-2.03864863397052	2.57607894531942
-0.994746822943304	1.14887572680558
-0.844317599605695	0.801245203918353
-0.871173319071101	0.780962165611365
-0.478830694089023	0.322583534107175
-1.47583761610144	1.07181165886582
-2.01323483559246	1.45272115712634
-1.29011667613562	0.824644678260751
-0.267723232846181	0.139230340028095
-0.461687272543179	0.268778275677032
-0.732522863703516	0.401054614772946
-0.448630900096097	0.206820012207495
-0.454287247057196	0.205249993243488
0.878411260115292	0.547908898354286
-2.0673436883193	1.54115939470545
-2.84896354445166	2.014765484345
-0.312399081882319	0.149546983797874
-0.29536044346423	0.153497911016618
-0.484790088132516	0.28173699930853
-0.984905067916158	0.635427704077218
-1.78188605270637	1.5798617338548
-3.06420374640303	2.4385712361135
-1.40683185470951	1.43431260476185
-1.66768109826432	1.66128140937855
-5.15852599533877	3.77412925854755
-1.19369961989019	1.05150324690538
-1.08829956386157	1.13663493355439
-1.82302216983111	2.35979489973884
-0.981440177240078	1.05431715135502
-1.69903311370047	1.37424213579314
-2.35152987075571	2.85821743816854
-2.45180587940833	2.26245853773868
-0.95455409964335	0.891218798046311
-1.40233822984882	1.65517006553948
-1.7377042473513	1.79326570686809
-0.582494728763764	0.379005062079119
-0.238247044623367	0.147394024277772
-1.41932611147529	1.62776287716313
-1.6531772459443	1.64062547599431
-0.352574492738674	0.249513383818453
-0.0893948071429279	0.049333086587
-1.02841726107162	1.02665452925552
-0.273427306622701	0.144060829789775
-0.426368772835384	0.273949848886225
-1.04071676121853	0.943299887526697
-1.51837541100742	1.64831699921985
-0.489970649372925	0.328951413937996
-1.08437570250832	0.999672287387752
0.550535630727325	0.438881588389949
-0.315731485449687	0.150070450628652
-0.736727140123403	0.393070057639505
-0.824278311392705	0.547870765636336
-1.4876573171104	0.793145698326672
-0.717929933797227	0.631836589295562
-0.617105519292415	0.398751559378984
-1.52132370566409	1.92930712216915
-0.963659194592708	0.913133054527452
-1.36497274875663	1.83930522940177
-1.72325519133745	2.36866940511674
-0.945347279910092	1.13416654726167
-1.45013109465139	1.94200306638742
-0.367750710235179	0.316788449186084
-0.693917328882018	0.650114507586677
-1.20806383402602	1.24020664897283
-1.55350057169408	1.47922906225833
-0.206156741754202	0.123104609613581
-0.93040071396307	0.791223109039819
1.45086784307675	1.73980072032325
0.0806607023413185	0.0421212809474751
-0.401363122022675	0.203697265412243
-0.294511873752403	0.153721579604652
0.0142606052879008	0.0048832160202749
-0.109695580548165	0.0695496763579368
-0.0289038275620661	0.0126896475698459
-1.9530271752341	1.35952721524099
-0.559504676239039	0.314494145165466
-1.41919972420659	0.990479015167781
-1.07632190897389	0.837576596106585
-0.555568480836859	0.395836298053913
-0.535670540059995	0.299105312222381
-1.71909672345982	1.82137734916526
-1.50199349870285	1.35101425283305
-2.06896951228704	2.57849737363281
-0.997451238209333	0.647463830236375
-1.48151403708648	1.61954403489528
-1.03046443022976	1.36907667089426
-1.21361941127551	0.727968128636404
-1.23969860284001	1.40525577355328
-2.43375436581494	3.07934632060158
-1.20901147487624	1.21238749011005
-1.04493453837854	0.945728342939744
-1.16976717142415	1.30569871490912
-1.92892052405081	2.2907633345002
-0.521437103079822	0.527539311836941
-0.725927891421972	0.527416161523525
-0.797876489479177	0.533461281363214
-1.78992469674695	1.95982538844839
-0.500091988202115	0.450587471016268
-1.91190645388466	1.8031400295036
-1.63661983340529	2.31444011503664
-1.59960656977317	1.78042060405878
-1.33469920478778	1.28344439759478
-1.65916707829192	1.92760460654743
-0.613147717637654	0.497425501124694
-0.14410609763077	0.0874942844179098
0.0626516983119285	0.0351931336741986
-0.529096661049595	0.337655035318374
-0.265660166973605	0.137726691527618
-0.845665039136869	0.413444663012778
-0.740067279835662	0.399810036395494
-1.22825456151451	0.73456087480646
-0.816887219286734	0.465718232253723
-0.969572783303508	0.500666425920458
-1.11718180873799	1.19754925722338
-1.0339674767754	0.951609923372489
-1.04994618373005	1.24736443178928
-0.687414030084789	0.671231996459142
-1.57373552384738	1.51317597823416
-0.44434124709547	0.370393817577117
-0.648757614342098	0.498677337181645
-1.86257334054437	2.08384297635134
-0.38491865568452	0.24004763380188
-0.900980285320497	0.745111505359071
0.425159713885762	0.222532163889342
-1.08042421955011	0.889840257395114
-0.235343996681393	0.129729200462847
0.432635752082261	0.352120558319361
-1.34247482706359	0.842933584413197
0.509172219126791	0.296224727396566
-0.324312283297689	0.192294930711351
-0.381090162714432	0.297090656423998
-0.339079167944203	0.200754038166044
-0.616013199374819	0.539617910256365
-1.54372309459877	1.66509500818251
-0.944699318209485	0.806037680546742
-0.813926454599539	0.814551454393736
-1.67110572886147	1.972318237762
-1.84708985692209	1.64773905514854
-1.47112334089086	1.80880003794743
-1.85313037982256	2.50087958010912
-1.10215863445013	1.04655790051497
-1.73877791241122	1.86781320750242
-1.05558066666252	1.15522267815547
-1.07133666202206	1.21571423022256
-1.45910021955643	1.50783012372487
-1.64662000218927	1.9148046087006
-1.87153904364482	2.50289563073282
-1.65830195026617	1.95376588208451
-1.01774132561315	1.20711541422361
-1.04301691326627	1.21305325525552
-0.391232140886133	0.312064742634812
0.165402790801433	0.113824849060259
-0.598197128004922	0.552801509668691
-1.81757648871823	1.98783087707209
-1.84839238535941	3.11845534948245
-1.28606530598464	1.60708627054119
-1.12498671679407	1.07020426955401
-1.10285726794424	0.908957198839938
-0.931044418338426	0.880823907563599
-1.29664108879172	1.58866373575701
-1.86529249499875	2.81501532374458
-0.451115563775366	0.299621108702676
0.660363426079487	0.546400687376007
-0.707367659939686	0.509022709514394
-0.162103132985586	0.0864682144828543
-0.213732120210002	0.0951993817739111
-2.48894941698297	2.41517295619805
-1.07313733058934	1.0091917150667
-1.1313842900397	1.185311205814
-1.91870150269497	1.78543610039134
-0.909607549017502	1.12489810287648
-0.647232832091913	0.609002483911122
-0.111138910575981	0.0767099146166193
-0.307495341475158	0.245643898159511
-0.0718828604925725	0.0462889115453903
-0.684179010156438	0.47515216417256
-0.0307185873776147	0.0149140100298288
-1.13872277566901	0.792181028522725
-0.136347018707969	0.0826018563283981
0.0660466971572289	0.0287577665382905
0.023201674182684	0.0115439816961747
-0.668057425277212	0.412198615689165
0.200478829891882	0.118100971014916
-1.28034318241947	0.805201663784681
-0.469977356280487	0.288546084827165
0.651337068390412	0.390590344689876
0.0996849344498641	0.0527576583653967
-0.305231347204223	0.180143350763555
-1.33637504673382	1.61900221582131
0.205934660145114	0.137685786260179
-1.43467214944669	1.24186620929769
-2.45064599720408	2.29211812425348
-1.52659366979257	1.41770349492721
-1.22890927264559	1.27125050464867
-2.17556946071949	2.35345810033753
-1.1005314872912	1.17687816930572
-0.813711564618604	0.595756124124614
-2.38038800521486	2.95765533502481
-1.28378768160916	1.00515640859593
-1.37364742535432	1.16582775888066
-1.47335337460648	1.53890309166359
-0.651288771292264	0.495797072686057
-1.35496950497517	1.68598739206383
-1.24832332621933	1.13709534429091
-0.49487083733621	0.401060004718665
-0.901745123399414	0.992898606847318
-1.40727820608777	1.43835729224964
-1.24333920225136	1.14081348619138
-2.13921040006406	2.88326658574731
-2.10152918933992	2.75196211483042
-1.12199571574271	1.04359527683377
-2.22411953028209	2.5597783483315
-2.42795203444082	3.08666348342995
-1.31661921782489	1.39890397817878
-0.215501745636041	0.119367857627301
-0.259053075339783	0.146569540502018
-1.28932611424035	1.02733189047747
-0.748870932343041	0.675692261358903
-0.284292231908884	0.239257245791639
-1.29736411117256	0.813603867163304
-0.365514296726289	0.225393444188209
-0.758246155741805	0.789248046731269
-1.05645447010187	0.696655341023027
-1.81536624843733	2.01525754382416
-0.870389888555866	0.788709008160695
-0.0160101366047993	0.011051699259979
-1.3051766633219	1.59532427690435
-1.09254917901717	1.27525610476883
-0.982140932694701	0.861309918769814
-1.76385854161805	1.12552042285557
-2.3617407469698	2.08181544277385
-1.00652778076535	0.782603881996714
-1.49339591796049	0.807461707354163
-0.541423351115266	0.288421411054542
0.865714600551699	0.497368097835937
0.430457378164069	0.206703140798267
0.0519534344500045	0.0244204449177476
-0.0913985011568442	0.0464950322984845
-0.320067908571666	0.187738142554843
-0.74538794541856	0.481540750106381
-1.06035029439809	0.709525223668325
-1.16828843706078	0.656913017432471
0.186742862942825	0.0928652622835427
-2.31852852253182	2.0099504927021
-1.4634919486904	1.5235048290823
-1.62682822105168	1.27882508167362
-1.54029743502591	1.43413136048661
-0.710877583384391	0.570893422282889
0.330547961741051	0.187792975287054
-0.796921537974841	0.601573294984112
-0.549873346820693	0.394643765299125
-0.806909968288124	0.871007654846651
-0.732318842478105	0.47234172883856
-0.68428693814933	0.675024343968344
-1.28029535843807	0.96494205943499
-2.47030956567287	3.1554815719013
-0.41535676120253	0.309107043343415
-0.855889178493322	0.928851245686888
-1.17509702379197	1.19272519618928
-2.15782877771867	2.30332004305492
-1.02893761283145	0.915739257473629
-0.859583325144185	0.757648985116777
-0.597949652725134	0.447254406685979
-1.01750648355028	1.08466121462411
-1.20131369966289	1.04725414818899
-1.46425971044518	1.05177994859391
-1.09234572302975	0.679069746434831
-0.889619694148456	0.811196124014473
-1.12140505607919	0.951037670309528
-0.311738522992529	0.211675471239558
-0.0776320826640408	0.039355352451595
-1.45735851368156	1.01362013395187
-0.552191821619607	0.268716862120949
-1.13353902932842	0.804703755369977
-0.884881046197454	1.00305037279721
-0.644695969710178	0.624719573751233
-1.08231349931017	0.881971915615312
-0.794446031839516	0.715133825503123
-0.623846578783834	0.644191813572619
0.111180843951948	0.088317388564626
-0.0231092641046585	0.0137345788967216
0.375507288301372	0.325198681347742
-1.23171951904382	1.11715537411652
-0.121201293945487	0.0754661823040595
-0.401607320217733	0.225092044851648
-2.26878550720443	1.96102176305904
0.56868917855563	0.428866757323753
0.741274274305895	0.629961301475021
0.333744749869805	0.141934130818413
-2.35994928374791	2.08036441611679
-0.177984235876019	0.0959381370340765
0.329051021273023	0.167352567985844
-0.254329581052477	0.155279175235307
-1.14136662595801	0.639373075364434
-0.09947809806546	0.050842724337993
-1.36318085383133	0.908120268364844
-0.477646584990644	0.29033521004711
-1.21796601977163	1.09140791468933
-0.927767935524206	0.993911154900478
-0.907501258581569	0.747948964290456
-2.07136971778695	1.58086825832396
-0.350338181896903	0.247097954999379
-0.823682290015328	0.837869908153188
-1.60312878619716	1.84101356374765
-0.412522089566748	0.32688361521086
-1.57513385203885	1.99580071327659
-1.28467574714431	1.02323783104573
-0.843735106915108	0.879265950045203
-1.65863303384424	2.16815305946383
-2.04478164406408	2.5908718580297
-0.834983693073247	0.764521919752742
-1.11737126782675	1.39989050569021
-0.759291292049016	0.730903128123914
-1.08132094744497	0.967405407000301
-0.493534281529492	0.38867598977518
-1.78714586614159	2.26608421214927
-0.28742882000636	0.208031359209349
-1.55986997941257	2.21693221723737
-1.01428667227006	1.00575679352916
-0.687000784285436	0.478728851454061
-1.62608705978955	1.5391303772797
-1.38279936161733	1.15366011104926
-0.612494594996379	0.454847241792711
-0.870375843460214	0.792325439136114
-0.340197798018949	0.222262004028846
-0.911561377856081	0.671149143687641
-0.103516584958014	0.0673067054088687
-0.119013873065588	0.0496004067743303
-0.559709996257817	0.312888623540961
-2.256937675503	1.88718118894101
-1.23593082146196	1.29252579481957
-0.252497865159692	0.143895560053981
-1.0010147029241	1.2595505586697
-0.928819847245093	1.093936979766
-1.05200052249251	1.18941875525918
-0.921427656434835	1.09240130018305
-0.773147902777663	0.650469738318267
-0.884459276783531	0.983615115064201
-0.807536284003129	0.875705638983413
-1.04251977498922	1.30447140182508
-1.02526099851294	1.21799609285317
-0.120255154392265	0.0790739137505843
-0.668288648614072	0.644804472061967
-1.94567325426049	1.35718115114931
-4.96647122980976	3.36818086001422
-0.429729635381046	0.276878027128204
-0.0265178370946526	0.0164154747919185
-0.599842634494381	0.451207789706142
-0.887923234446932	0.531326103876687
0.429343352312826	0.247632578298038
-0.526455658146313	0.285454437263268
0.0310025639685296	0.0159937777142479
-0.222410746081865	0.144371948303227
0.169822165272951	0.0908894261940708
1.50319958536637	2.04287775319416
0.135022880410068	0.0823791233788462
-0.223311525772777	0.136392285451917
-0.414729637308922	0.237450640396053
-0.406464059597547	0.259355068684558
-0.125570699005941	0.0751980723243489
-0.879863475062314	0.727265290254491
-1.26823243057569	1.47087726400281
-2.53798693024593	3.24717466423986
-2.28065739397064	2.67448147658929
-0.806306577956923	0.718144938911902
-1.66533059902134	2.20220382743414
-0.945588691763958	0.784907251043472
-1.39034165467648	1.35373329344477
-1.98786727184759	3.60620126391586
-1.12550658828625	1.65732964880268
-1.37123134146446	1.51579198632105
-1.16492012274274	1.53159107425949
-0.881488679447435	1.18709261871416
-2.0877726068522	2.69669920263073
-1.61248820764799	1.59027112372695
-2.01420273223789	2.99855826168835
0.317376889817358	0.264815768736281
-1.03784596944443	1.2278632157783
-2.23539098711508	3.19234062835775
-0.103760543788708	0.0676180792279728
-1.09057436721008	1.03009287507868
-1.6163315820003	1.57585273132434
0.541919303149748	0.481810498193506
-0.568918868942805	0.443809904672271
-0.517917845470802	0.353110502183816
-1.04599826940572	0.904125469306033
0.415841628089516	0.318502437064746
0.185647965996256	0.100413517174927
0.227325532766674	0.123222908172288
-0.80657848923401	0.458272648344461
-0.383674184759722	0.193846604691398
-1.17242211682715	0.994220965723248
-0.635651043383658	0.484641294897442
-0.886117296726857	0.721365034220862
-1.29563565172148	0.823834980395101
-0.272751120354133	0.167381471752689
-0.43408155883414	0.376787341981709
-0.119405857852077	0.0715659840601756
0.274595964757342	0.165026978798714
-0.139349240911168	0.112866450952558
-0.704177808685022	0.505067640581836
-0.592439868486285	0.577138091707259
0.128951372081354	0.0738835981093672
0.0338511122458996	0.0193984445316236
-0.177001910936762	0.110522766576753
-0.653319623289139	0.337698756998723
-0.30746609850716	0.145455188495117
-0.466462523485054	0.242688214223432
-1.52061608154532	1.11184119468642
-1.34646001985829	1.10154934686066
-0.569884681145983	0.277999988922539
-0.397510361299093	0.19859617918705
0.959221113115677	0.904110676970897
-0.111411722078468	0.0511718228505857
-0.536964845828686	0.336800408506626
-1.07237873814096	0.72608850979339
-0.116222412359593	0.0542067607951341
-0.812947922375528	0.468222624003443
-0.133325979776989	0.0624861604089618
-1.39118328129219	1.15810614394302
-1.53908059299152	2.15767268771515
-2.43419433542614	2.25510845870851
-0.390365537761705	0.192764782766869
-1.47769889304658	1.9385947543046
0.546405868078035	0.410635534270636
-0.250858550680209	0.164125189833241
-0.879883221157596	0.847704404358131
-1.4972398024724	1.6047465016795
-1.31361351834153	1.58228775354225
-1.67724967817042	1.73141677390581
-0.709956122080912	0.64610630970136
-1.73621209986318	2.46776211787765
-2.03909724029355	2.48171853972896
-2.08979610349685	2.18113596560217
-0.527945297208808	0.40477027524504
-1.81034510031094	2.32441187833963
-1.24789533523401	1.16336304364683
-2.14229936501777	2.31949659021159
-1.9186325181363	1.76594100656548
-0.898809198052973	0.733580795548131
-0.626687748946961	0.579288869326673
-0.825994158106267	0.785096874855971
-0.401884329806642	0.317288473067514
-0.778998132405944	0.714198658351003
-1.46911456786029	1.52353353843476
-0.695683118966996	0.430545376624278
-0.425138830333424	0.301663838300045
-0.616507434644084	0.35594760704799
-0.660185634480669	0.335181110487875
2.48889057196787	1.86866382655783
0.550839394503245	0.324782806486747
-1.50687728784054	0.819133653449776
-0.60168677835221	0.354710641602895
0.291394111411077	0.188921058516563
-0.74678946415841	0.609156878792292
-1.33481736648259	1.09103876396545
-0.371011970191713	0.273959009026931
-0.463996361125434	0.393040605467381
-0.568688434006959	0.405440506688471
-0.959717043662456	0.724688467650002
-1.66101228209336	1.65959094639092
-0.700528874711686	0.656116488165584
-1.11795028746955	1.18324783119838
-1.29105640709554	1.63309628842757
0.239096181610613	0.182268287096265
0.148628680340868	0.0843228894800808
-1.68367187179441	1.37484653005094
-0.814996946023448	0.472791059114036
-0.571477281024221	0.268563057082914
-0.173555634186044	0.0848520064474787
0.750646688071226	0.457148218730236
0.313737709437903	0.162910354605727
0.570344260075602	0.43227651652812
-0.805670310048922	0.458514615812082
-0.325141365485831	0.138731420150449
0.822322470214983	0.610891094430609
-0.0295704546062622	0.0131533903950071
-2.00720214332762	1.46921582428075
-2.31804528826124	1.29544157247788
0.274109041570702	0.1593024100043
-0.314910184185741	0.18968289245447
-1.02571291290105	0.801592807191305
-1.57701049184196	1.20133670433166
-1.4115202624096	0.964124502094842
-0.651684548437176	0.495146247286935
-0.191677058336406	0.129532820717087
-1.30479450283971	1.21729382203528
-0.6119778355007	0.462036042086109
-1.03783552184787	0.930995324479105
-1.62159849829154	1.83570397186447
-0.966602746169082	0.838644207579893
-0.155996707983058	0.101717340903153
-1.55563443628652	1.72648744952382
-1.7318632642992	1.44652129048955
-0.683105104124175	0.626576548150501
0.170828976258897	0.102258149571862
-0.605482932329577	0.493078595739274
-1.17674998600545	0.871023137585059
-0.817310119308696	0.705085722740975
-0.414545503495052	0.288880547781655
-1.23791957968891	1.55327102112673
-1.47512935038224	1.31202070300383
-0.558627493838361	0.467706731113521
-1.82875548199711	1.64260793730713
-0.682334143667318	0.412385379364957
-1.44327210588694	0.988690526994378
-0.757656247732495	0.636364521997657
-1.76748194733289	1.096565613088
-1.35631367751797	0.896299130625915
-1.02667282204438	0.673690220766965
-0.362722108803611	0.194009436060631
-1.60311611460894	0.923197007379797
-1.25012753379083	0.60953819569614
-0.475586358907074	0.257112284131098
-0.482484647376981	0.387937012880108
-0.0376124801425172	0.0222972052225776
-1.3035783336939	1.96872805239719
0.143979661329627	0.0921265105709112
-0.581026150536533	0.500282720133502
-0.949196596175719	0.795562299943476
0.0816357279357453	0.0545582796996268
-0.248135284456789	0.182251786519977
-0.278745679687793	0.227952540344026
-1.01138412342756	1.58235575760334
-0.756464282378812	0.744175617263542
-1.33585163709773	1.62475290516645
-0.684269806808267	0.685246281391208
0.0198423224744152	0.0114003682823502
-0.154893068322184	0.0823655451040582
-0.591274720154017	0.391339301830751
-1.29282595900225	1.22823851016297
-0.335730302341921	0.201767424678686
0.591772668239718	0.438209145055612
-1.53705404845719	1.14153840657114
0.61085417958372	0.431270910665779
0.0633670328777813	0.0354820639053543
-0.462189089074617	0.276547817720277
-0.609239257101897	0.351586674935276
0.123243122840895	0.0782061309186851
-0.459520106503631	0.336704098211415
-0.277700655005642	0.146132986019079
-1.02253276511128	0.677497192014824
-3.0948021111989	2.54288823963056
-0.852210237849242	0.735608542276923
-1.60628755949277	1.56889913493899
-5.67687640416617	5.22979944012141
-0.980471157973715	0.932410839816921
-1.2839453855051	1.53367693145123
-1.21194662865384	1.37584028482604
-0.993594819026577	1.14308661629121
-1.85018110644748	2.48358840531814
-1.85247186314843	2.07862617837547
-0.460440937712466	0.374795287920126
-1.43905759803119	1.87409386173937
-1.71942864231509	2.06023111282148
-1.22169022940949	1.38279607489197
-0.148468279648969	0.104302579512854
-2.94022043366935	3.60379362865612
-1.90267265846894	2.15591305517306
-0.370011146735139	0.268491941678627
-1.19065796809325	1.30684435304404
-0.555338949500604	0.458941194675174
-0.652171745129736	0.697290163638516
-0.753086432879869	0.725875687595548
0.0845640401188679	0.0567234114121111
-1.24275559116746	1.13338185030807
-1.58408542608259	1.8475379350331
-1.24726782181661	1.15407420076539
-0.967590603821596	0.851001363251679
-1.06635919807662	0.723902195670602
-0.346140503840929	0.190074595863625
-1.29145826715314	0.831823416244816
0.36429688383986	0.225496979351768
-0.3421928070228	0.144619840160432
-0.466737938785908	0.212261529794074
-1.48281244367655	1.05787889294436
-2.06796224095759	2.05142445312957
-0.943457131642599	0.578647017873143
-0.11802141091266	0.0592865669194833
-1.14286511848563	1.0860811074316
-1.05492680518438	0.583577889307071
-1.06005072100871	0.580254998736368
-1.06251844068059	0.713067070807648
-0.619581942275996	0.467002674455738
-0.979105940843758	0.828746134538253
-0.499260436376051	0.33843880493963
-0.187263218035027	0.124659645494916
-0.796541331881072	0.678001150136099
-0.61986550574171	0.53224515272558
-0.421402225274628	0.275869447284596
-0.561595965564011	0.433542052212288
-0.4647910320713	0.445918877137897
-0.669824144924884	0.652595479570827
-0.509673250012228	0.348650956595772
-0.92038605694365	0.863695860899963
-0.521833561965415	0.458058399056303
0.411098242098057	0.368788374926784
-1.66957895480539	2.47864600281299
-2.06724994921234	2.09171222848144
-0.24013536916316	0.135505302884683
-0.40844103271703	0.235399482078152
0.117546512921817	0.0664686939584904
-0.949474859610649	0.603780741245054
0.278563945081404	0.168643881336824
0.235600449532551	0.150745967313491
-0.397269547072801	0.227940487721331
0.36304102513821	0.240463579385359
0.434634742344749	0.226939284828221
-1.41843909555468	0.941691974476245
-0.737388492915455	0.529579845659073
0.540759927528311	0.32366442837421
-1.05353941308338	0.577054500304695
-0.249099414302144	0.135110644264766
-1.07065595896336	0.692623837323948
0.192954346270279	0.133336808954515
-0.193510059396653	0.0963887429454807
-1.00053505121404	0.649560272967854
-0.842286505399174	0.752280988585055
-2.73895696004581	2.93229618424122
-1.20329372581462	1.2291814596408
-1.26910138392159	1.19123599129043
-0.381388723628328	0.2953219452127
-1.3433529206796	1.29691000214129
-1.4296725930149	1.87890250801235
-0.171118660528292	0.0895208516779792
-1.41384740353349	1.46239505982986
-1.06991597053848	1.09791914028602
0.276432496216609	0.188992159193373
-1.28978454440598	0.998052171955032
-2.89812590068365	3.45848598413112
-0.896840670968289	0.635045093561586
-0.125625370074547	0.0747706387638477
-0.0705604126560322	0.0439248012807614
-2.34580689391019	2.05163700404802
-1.98778243274164	1.37170268553273
-0.592430962894573	0.510750451743454
-0.583120786857026	0.453848520612844
-1.28294300848711	0.807240060040448
-1.43508153938124	1.47255359185046
-1.50986833922378	1.31155819842864
-0.193100171067825	0.1037493354185
-3.09420084078187	2.54797825912038
-1.73443484073714	1.42597545995851
-0.327387229702224	0.158150429952491
-0.220519641493066	0.0995076252078755
-1.0649470167129	0.707255650439745
-0.83776846534248	0.407803752909509
0.426901516826981	0.223253053840561
-0.647134515127214	0.327096974010749
-0.59246372590868	0.396131298212078
-1.65394482738656	1.306908231029
-1.21514969989954	0.895793991711975
-0.975796008315104	1.01824935888365
-0.904931825792591	0.664811916720779
1.03540608684666	0.976190945920776
-1.33497995496753	1.10649736193617
-1.17108653749993	0.851012885534962
-0.12220858291696	0.0674401725659675
-1.22250165591746	0.733892532636685
-0.340097688206585	0.185729000273253
0.693893115774339	0.789196226922033
-0.494363537919842	0.469390715531653
-1.01322488404166	0.778427737313092
-0.568401116987915	0.435940802458984
-1.61373261313868	2.15353422371688
-0.654562336049548	0.67460783182554
-0.771324144338337	0.682851014496933
-1.80002752891935	1.54233296556722
-0.46380028968453	0.339865903933234
-0.661972146370755	0.632480381627588
-0.780537013262473	0.658057645244066
-1.2695312639678	1.16418910896204
-0.327885406323298	0.284051649222419
-1.8286236467294	1.60349779579175
-0.951570876832091	0.863054515859118
-1.33628987215301	0.881547875890126
-0.913358118309318	0.673165886474213
-1.19917820390519	0.880482763562623
-0.265654594663365	0.150474993066126
-0.296689428025429	0.140911530388668
-0.222218858597857	0.133620647129829
-1.23421278090432	0.936551170534309
-0.669369522653076	0.517475285537207
-2.50266641449444	1.53586045500389
-1.7872521630895	1.58761754217014
-1.13121119551228	0.792350068936011
-1.2213254152228	1.24694515653906
-1.72002896354565	1.40948390788138
-0.176640832131747	0.122087084370116
-1.80493767119618	1.57789153382195
-2.10756696029766	2.18425630462878
-0.924510074814966	0.774179362725369
-0.359432563132091	0.273624804535014
-1.8940834934554	1.71483283804314
-1.79272120421293	1.56175583208022
-0.855355457422473	0.604603983949887
-0.483966963539843	0.359038689841845
-0.876479637406129	0.798227309284126
-1.28006965919459	1.15366977071118
-2.37884869296047	2.14459966958722
-1.27074222399757	1.15138622448971
-1.34756637558176	1.31768068390483
-0.653368543930348	0.451053218418593
-1.100464708214	1.01309855294719
-1.29761061452765	1.04542539243847
-1.18117456278678	1.1597876442807
-0.460417718343211	0.334738165526577
-1.54017626963139	1.71339770225865
0.147035937150116	0.0959570100262192
-1.6210997814886	2.15370930610782
-0.653300907364768	0.445516620591525
-0.290339541310632	0.186010779574124
-0.232551472624442	0.152846626878533
-1.94847503776074	1.8738871111102
-0.742200484082765	0.537120225373192
-0.465114873736529	0.278325096595641
0.55240672952511	0.302210683131725
-0.818202071630938	0.460706955049533
0.491948065434663	0.358354456044335
-2.66627014800329	1.7502279715038
-0.677122896874487	0.407122121492809
-0.557017696246136	0.270921828105133
-0.472978241186048	0.250069163266781
-0.854459607249017	0.601120486946092
0.50302881616133	0.314719094477152
-0.587368255102867	0.387964122247981
-1.57934634067387	1.19067393527755
-0.957503293808262	0.583143595737439
-1.25870469475089	1.16558133724076
-1.40473470988176	0.942855635674775
-0.487739526281761	0.290723927603429
0.585809896484483	0.606677263984677
-0.326375256631643	0.178747040733133
-0.361720769279576	0.259920772195416
-0.696010738460814	0.603647834866908
-0.187428036419766	0.137848721762998
0.0212691961265361	0.0110067280910003
-0.11449584076001	0.0671358560065459
-0.932675773928499	0.866697372893121
-0.643450483536093	0.430095426311328
-0.40984680394188	0.239909371761137
-0.687386358000036	0.477289957296315
-0.399891629618544	0.319690058387306
-0.0996211767083724	0.0584891204480162
-2.32393207499061	2.74491299375686
-0.273925069832527	0.226530566851186
-0.655681989893337	0.598239951723206
-0.673620240949115	0.657710243863052
-1.00098872108472	1.24151065051824
-0.264912063674722	0.18691937419644
-1.88789727019542	2.06165163800792
-0.418177231619561	0.294837258160817
0.359011284444042	0.248859875673221
0.190011847064965	0.122668238462318
-0.595841230905204	0.635616344061679
-0.399032030522304	0.364431219971126
-1.51136274123234	1.10920096178949
-0.298130669892365	0.191039240799116
-0.103367922741435	0.0531111733914498
-0.596178208207988	0.393871447027903
1.0241974030434	0.908294214833935
-1.75346428953878	1.07770215178944
-1.6022447684477	0.93817558088395
0.134933131740019	0.070404716765588
-1.07061611752762	0.711052326491413
0.0532302331785374	0.0248938560742995
-0.467671889064337	0.342683934960701
-0.332734269294514	0.196204430578225
0.0796179404097709	0.0344815485600511
0.0716381828660839	0.0314378498515457
0.462061032528343	0.316078774233816
-2.24043726266821	1.85680412322616
-1.37543793633473	1.34268385135481
-1.53584227709912	1.14278933871124
-1.47617576859821	1.49899005258733
-0.941804588304146	0.874847305978312
-0.785974257535814	0.58983737893142
-0.376627955220668	0.234552126753476
-1.27289021833572	1.16935532737834
-0.149743820590816	0.110012530356118
-0.826503286607735	0.651768262894533
-1.11798539683077	1.29201531435027
-2.05294038967207	2.57842775708923
-0.355772716931375	0.237994381362251
-0.552793753078788	0.453335279958934
-0.69963306039232	0.609737837769694
-1.20512616073459	1.33601813607361
-0.0416744026181864	0.0238552313171049
0.537543288388101	0.451717063926085
-1.17728845620255	1.1600476399067
-0.977408190919649	0.849148715536743
-0.437588482509684	0.374927224796169
-0.988693960931989	0.515763219105988
-1.18641313591321	1.44397528359741
-0.967861806718154	0.710773057293151
-1.47099062245338	1.58687595782326
-0.924864424999283	0.870323515016633
-0.887938973621452	0.805312793978778
-0.348193561444765	0.246517958935318
-0.051531942649674	0.029263938107684
-1.11523492158839	0.788269098837001
0.317709409354555	0.176267987137911
-0.461415166236227	0.24691401924822
-0.163559916884818	0.0871270387388289
0.122969540185729	0.0601799032979026
-0.330314553895841	0.138607496852034
-0.120447818712126	0.0507609835715799
1.05865643739589	0.871639420681659
1.03191084689494	0.969799876450556
0.515487726589932	0.302136129593042
0.168163339661186	0.0752989108937209
-0.549111899602725	0.313165507814348
-0.181389221597693	0.106107439465285
-0.441123025046382	0.200816163673573
-0.175593439200369	0.0857734661123734
0.962619157458852	0.77772881122716
-0.364862067402342	0.199773096268227
-1.08394239768187	0.885811021274393
-1.18103181009495	0.861158921469862
-0.897711966501685	0.740400980645191
-0.257263036713431	0.182241442898325
-0.575853963480409	0.489897729338171
0.00713894496322142	0.00452577176572079
-0.421715801692801	0.313169186825658
-0.299994636419268	0.140150245348289
-1.05400360722524	0.578218883420453
-0.554356349040223	0.523298079359898
-0.555851879270541	0.432469386624226
-1.11693857788413	1.04433355031734
-0.705702723349513	0.608939611798111
-0.884658903362935	1.18594740048881
0.0137176718305848	0.00692353173643804
-0.677693854487498	0.534810473567241
-1.04012575358737	1.13340225658964
-0.235158035272564	0.210027403314795
-0.451650064090078	0.344538273589452
-0.0240338675654089	0.0157191191166352
-0.547941447350539	0.519653904013919
-0.572846989627917	0.544462969096874
-1.56538537406932	1.9529693271101
-0.71320739736575	0.657011536489926
-0.722782454849768	0.81442663791192
-1.8424181736612	1.62765071170039
-0.0594663928243508	0.033850598525145
-0.723655699274762	0.525565344736607
-1.7637570599259	1.52220749265989
-0.442469085683238	0.286960873953359
0.0752394713315596	0.0395502854099621
-1.93859676446535	1.86782097215549
0.135368555007683	0.07812828613245
0.535281941941375	0.374982525675606
-0.00870189358742789	0.00447713652955472
-0.549992279141004	0.430374287371843
-2.19984936699766	2.50896777276127
-0.124457378072575	0.0748626461111509
-0.182314451256604	0.126131780310461
-1.44966122656831	1.28007444387456
-1.76319148195422	2.21545068364388
-1.88223965477526	2.50174509481163
-1.82621878277781	2.06741049484104
-1.87119606138252	2.16884165509887
-1.11980021433629	1.06086960911863
-2.67256759000729	2.83757371448406
-1.4363310189715	1.20485556787635
-1.27140942814113	1.34696692573698
-0.407375036655487	0.271600069420485
-1.67368914906551	1.72414550506846
-0.669356912046992	0.559449341836732
-1.15497505845317	0.983807373553806
-0.31201963470636	0.244720721614052
-0.663643594992413	0.510055631222592
-0.845377527348856	0.826215787120211
-1.34372977177217	1.45829406373847
-0.761920011776781	0.627251960397271
-1.41926861571763	1.46185104829178
-0.759736414538869	0.575272328255252
-0.0433951980356766	0.0270423191036627
-0.0421610591023381	0.0263402883271281
-1.15833104052803	1.10614242637125
-2.20844400717483	1.80690788395022
-1.73189334818535	2.08134347424894
-1.26090488539547	1.63653661550559
-1.8716203998606	2.11219417106458
0.274757790529275	0.165427529389485
-1.04696855218999	1.14767954036818
-0.726799808572372	0.688067491808401
0.361231490148111	0.254087680694091
-0.305354519429924	0.159983986268379
0.220967553827296	0.1391367191665
-0.552185766581085	0.308785215487072
0.13429989648077	0.0653657162855953
-0.427692233250622	0.238841023828901
-1.02281208160087	0.641694601616981
0.281857022045351	0.166221056732127
-0.423489905472612	0.299381479334284
0.0472578591621959	0.0263305950016474
-1.15086327653139	0.675638138734419
-0.641219478681687	0.37636180215805
-0.351241334042281	0.251543181986253
-0.195213635114997	0.123354215690314
-0.0504264124601032	0.0296615881106529
-0.22937535171329	0.137636009761268
-1.91819552132041	2.27340599143151
-0.922288648643758	0.86266321018356
-0.958401220875532	0.81093129237152
-0.294381405199301	0.214650003857207
-0.0455451697480207	0.032798640257522
-0.891908796560983	0.734570326905932
-0.771540523137003	0.585372115453233
-0.718674702593244	0.518809126851123
-0.982984643834684	0.74274268679851
-0.86198775003914	0.815221766858241
-0.647413532998513	0.546039205776948
-1.12658644877224	1.08031246096026
-0.865107574271286	0.832195931089144
-1.41736078328569	1.82052773352735
-1.37358797212512	1.37375377645864
-1.86083962386632	1.68544494582405
-1.01131577499833	1.33260066564921
-0.757167096658007	0.797266699014093
-0.124135399211085	0.0860174281104533
-0.493926580046693	0.48624110902792
-1.6811253182304	1.68622563369152
-0.336357579933239	0.252322414721257
-0.423887602367587	0.317349923574592
0.3394838852533	0.253418068145961
-0.712896001246746	0.510884237133376
-1.03446374416477	0.924480308586502
-0.372222660216903	0.250441272348834
-0.866289455320084	0.915185775739936
-0.589766985276013	0.434296228955389
-1.07081329444637	0.729180504584496
-1.05873056111342	0.722935701992517
-1.10373680799162	0.760530507956306
0.712001969742603	0.594746972434214
0.114578216532119	0.060772397730237
-1.0300468934117	1.04098068309775
-2.01471350102186	1.45564255966857
-1.14543766677146	0.806223600198622
-0.263336501696004	0.207888564641843
-0.84242068604331	0.745100625518901
-1.7223913858166	1.45185246206823
-0.755922598119632	0.695713006250949
-2.51073549722389	2.46876426624081
-1.01815324710551	1.01646561477468
-0.63816422836462	0.441865509392654
-1.18093213883937	1.40934206523082
-2.19273362307949	2.46137132362181
-1.07467026894108	0.868474030451855
0.121538175385423	0.0720672945465773
-0.597051369171429	0.557177723212705
-1.51431981088626	1.63159075205294
-1.33077523849156	1.46525870746723
-0.327994324076165	0.212879341103723
-0.767788890855082	0.630207043184452
-0.436048988678746	0.355506849791182
-0.813144830338975	0.778884466363562
-1.42334028767964	1.63695182630815
-1.07620150338845	0.733486488664167
-1.35635034478591	1.45964515182672
-1.61364865216177	1.85533546361949
-0.867724482927168	0.764479556964499
-1.47934372611995	1.34753800322224
-0.499755502481204	0.401377809175388
-0.862008455982905	0.691284218215624
-1.58953578603192	1.8319955808834
-0.591294682052787	0.43812898154479
-0.929901661854657	0.876228069558401
0.0556619410276775	0.0308493413673398
-1.67407466053419	1.37845293440261
-0.32559446114385	0.240799983154236
-0.15043330890639	0.0900173319574685
-0.61967151272848	0.404163033231538
-0.401702347571423	0.203350187985845
1.06050990961298	0.653882639152378
-0.295378292269223	0.174059339378603
-1.90113542685372	1.2828860703968
0.0385412380290397	0.0185329684210779
0.274597814347139	0.151153396958058
0.294157179573746	0.179291385307446
-0.0596514467791972	0.0343834002549675
-0.177488217580605	0.121583928176746
0.00970231937823892	0.00513759945012116
-0.565431317561106	0.312527025200398
-1.12074624215538	0.780369387049085
-0.869649109265596	0.613015664183369
-0.621728686475908	0.459054890784226
-0.532388110521786	0.336609672261424
-0.659103171780197	0.450681432060845
-1.46616074733211	1.26079175334532
-0.558774762977241	0.399138996521585
0.735057626850397	0.729862618213741
-0.997972250114267	0.858464708627161
-0.789964744128252	0.51664618761106
-0.257089850147414	0.181390290678293
-0.5836856532978	0.463988412175284
-1.63779868917585	1.62634477427576
-0.928472338685802	1.37239691094758
-0.954061724698574	1.05303182724023
0.711508102935744	0.51679406147608
-1.30805034627834	1.23219571083537
-0.264926661532532	0.217151337519438
-0.947199724990237	1.05358225940128
0.209327529588044	0.168754954681412
-0.726715250273081	0.834553444879189
-0.594649774625735	0.636276523890628
-0.695902162199455	0.482054078416109
-0.0391539419409913	0.0244542238452843
-2.00091925109515	1.98529927712323
0.381810533212125	0.24651729353801
0.202163690052737	0.125427972647066
-2.13391347455171	2.30643118352888
-0.598087239696993	0.394966290090087
0.282626265154988	0.222347293644305
-0.539864373608987	0.379548049038408
-1.41200992889071	0.964496989812819
0.483819678493006	0.398341040196829
1.13370080886642	1.20763849908512
0.206831218268613	0.144172951515563
-0.540459839739697	0.505746275086058
-0.00840823047473836	0.00433626503116116
-0.719349546963586	0.756254140188184
-0.915246814930603	0.913579567995713
-1.80061857544436	1.87640043405615
-1.30915813118182	1.88243429901663
-3.66622198045028	4.12775534451025
-0.420326606951095	0.321702895228491
-1.41523426977784	2.18202757523366
-1.68543221843316	2.01665401426392
-1.05982131871133	1.17610551171338
-1.14051919237022	1.56613662190565
-1.87896660954489	2.72947408817038
-1.52704441906945	2.34933636312958
-1.31774344828143	1.78040355612787
-0.621605733860953	0.497089480446475
-0.762671843974159	0.798896679366916
-0.921653850122519	1.02585682673208
-2.33918369051258	2.01502294593563
-1.50282392917412	1.79190923548967
0.128374612968548	0.0860611899445249
-0.479877178319145	0.424894973714669
-0.185268131683513	0.134941446253868
0.0464645783984673	0.0312845906286379
-1.09708089946115	1.13370116709714
-1.13358236515984	1.41657085544638
-1.02353622302758	1.18450593407085
-0.462006489213414	0.428929087549777
-0.214028630421597	0.145606382224383
-0.682303288639034	0.623653300315071
-0.00243021404889931	0.000996250362138029
-0.00446103819949229	0.00242550089741283
-0.55222171822754	0.428599416594909
-0.953607942180608	0.607689468379239
-0.359419656070929	0.196144073414601
-0.222122455991995	0.162093303925901
-0.305531033752699	0.24575129332897
-0.684086947313513	0.422582868569589
-0.694866604737409	0.80746326311726
-0.479139996464781	0.580755541418015
-0.142186134765827	0.101284915438812
0.167455652122134	0.102976542645238
-0.166260790755688	0.0890259594843593
-0.420373490141791	0.243470366391958
-0.337136422254133	0.266571405850329
-2.0126382883608	1.97396820029929
-0.17646515792638	0.143176433817411
-0.911810928746134	1.12736167934583
-0.920983328418772	1.37815795162251
-1.16829176041558	1.39543425253671
-0.457514053677008	0.393299124156388
-0.989470833595488	1.3154483690738
-1.15175210070861	1.35545552267163
0.23869287969429	0.215298694946023
-0.461762975772057	0.383972476506182
-0.172958440055036	0.106925546649562
0.606940216763553	0.561589389623997
-0.0840899903602437	0.0510007400468482
-0.224503894483684	0.138502234245483
0.0098281066522153	0.00620121148536547
0.488529670479102	0.379986256707361
0.52620781307689	0.364234482185349
0.235708203711045	0.146998903304801
0.714817591687156	0.598343317174681
0.130330942239312	0.0740628231591221
-0.456560881307609	0.422021601651283
0.962311075766238	0.785633051039167
-0.640367722657071	0.380114218186979
0.597880961730831	0.523189629133794
-0.468285851944211	0.34735210228438
0.0411516424606031	0.0208202977591932
-0.976586544534954	1.19510895488926
-1.50459197202374	1.61702878973578
-0.818028581444798	0.829032241174669
-1.39545458730921	1.91901943261145
-0.57402101428867	0.563089436340903
-0.772777026580999	0.893684854230846
-0.728072371025069	0.833841464342876
-0.57876104200527	0.493264760905156
-0.888878386878358	0.999194555990945
-0.510499574270968	0.521129940841616
-0.952234314233764	1.28566970292572
-1.47235056627916	2.66257497754568
-1.15179271021117	1.13370587805565
-0.603504113573212	0.589969478121052
-0.543146475411562	0.596037069937822
-1.66744227792616	2.03997962500466
-0.981673152646824	1.42043989861091
-1.18681074236934	1.58744537519785
-0.677955373989733	0.805581101771821
-0.301270516386918	0.282055582996747
-0.326976370443881	0.306460024581101
-1.11968144424477	1.48432317444258
-0.412791630184763	0.36998184518332
-1.20092519445694	1.61861477382685
0.0642269515029833	0.0499020872523513
0.399460509135973	0.314225200944676
-1.38152070416886	1.33618034755236
-0.445137343603495	0.34260564747654
-0.468919946003888	0.281879418054398
-1.31910673516148	1.61754720220453
-0.466534914792249	0.514494388505297
-0.347017020938422	0.290964971311419
-0.46796008439314	0.426417924227647
-0.119281337018977	0.0662461291306891
-0.0883764573618503	0.0480993824987919
-0.809447536097073	0.628793971574046
-0.0789936665995851	0.0539773210328314
-0.54984995069286	0.522430162576493
-0.932611273602168	0.959944594515954
-1.25885211630832	1.48631056618599
-0.393372530866911	0.312506084102008
-0.848134859822263	0.927448954435011
-0.593412236607406	0.605371799118677
-1.3263588454319	1.43477365793812
-1.02508968841082	1.1269259699551
0.199162775667063	0.161783091593311
-0.901354606804285	0.659939976683646
0.426023237726048	0.309313692324495
-0.549817244571539	0.413258482188338
0.186436774690498	0.0918237666860329
-1.18289353988774	0.867625554770388
1.14623327386088	1.10808182131354
0.197791611212815	0.0963219674609178
0.0137040455908338	0.00477863701469489
0.488299180916619	0.418137048876161
0.0936944991324536	0.0491270229167641
-0.412270032690089	0.237509054556864
-0.199421116120018	0.127221810367258
-0.695355025942628	0.477800248405676
-0.144228271680868	0.0756998568963829
-0.115263887518341	0.0760421950671772
-0.133556610474333	0.0852356660054929
-0.462114717484638	0.409030347624554
-0.957043327606745	1.01201073305761
-1.22728683774763	1.53263698133582
-0.847982932116635	1.01063307687694
-0.576608554165996	0.460577566986674
-1.52542096824448	1.65386543172286
-0.0893681611183206	0.048570883299396
-0.896215035668072	0.9041206417528
-0.389523073763422	0.405078533639117
-1.71553563409034	2.67957776176916
-1.34867787969877	1.50961235941565
-1.38730046431001	2.26836573000735
-0.12405460690128	0.0854294253903644
-0.948949862261506	1.1285823882381
-0.922031835637391	1.01679094411041
-2.95568405688419	3.58256176313201
-0.120450918216219	0.0905056009299119
-1.87775859034141	2.15613052729304
-1.09209450556459	1.18441805211539
-0.0381893855918823	0.024903759634115
-1.47748002846995	1.57325571186067
-2.23880851654207	2.51737105683045
-0.806797025422579	0.81401730267016
-1.9396810642481	1.88649252503716
0.245546310985255	0.155419780085956
-1.59473676211705	1.51909925775328
-0.672173723188633	0.615606895170527
-1.06249227330031	0.706846217679605
-0.189283496875094	0.111748897291246
-0.280042633296528	0.162093935544986
-0.0864857857323504	0.0429214592078747
-0.381407632795751	0.275530242062617
-0.399344129169683	0.327517434668249
-0.0431903487320737	0.0267900381763274
-0.626207584133032	0.524325144176072
-0.56433700408119	0.40860586943146
-0.758753033895985	0.690672689081083
-0.9868560128391	0.979807885394001
-0.876554900546233	0.855338566831576
-0.821993914440196	0.839748345604975
-1.39287446283254	2.08540675611793
-0.788960292736213	0.810419991856966
-0.467938692567122	0.384868262771543
-0.0619277731193065	0.045468755010276
-0.566733405195273	0.51001369763483
0.0663404807044805	0.0365998875906135
0.158400717271876	0.0971250648750651
0.432522370147555	0.314461885612697
0.230245007176819	0.176164535997368
-0.634403632847945	0.524132478823792
0.0959235747932538	0.057458835065035
-0.20435097070672	0.129766984175817
0.345127596499914	0.2429597530075
0.564496765864922	0.450675695935319
-0.708854322397766	0.615950219214597
-1.00806580964205	0.655446421203387
-0.730216992480441	0.646246159498475
-0.105854692444016	0.0590231790144422
-0.23458777565919	0.143564560257617
-0.415858957353488	0.239338406796897
-1.4815945658963	1.58223166071481
-0.123625117384681	0.0764152281916707
-1.54416601092183	1.69953704122358
-0.363861987174225	0.266035604776631
-0.88024639051545	0.708146522302794
-0.999359082736169	0.875015944277937
-0.428499518668268	0.330651327742448
-0.399756116547277	0.330580338568839
-0.898765381662728	0.813901491263016
-1.44990949285844	1.89551491755839
-0.802640033722257	0.833007729698575
-0.585484039330295	0.561055916062349
-1.37200566973092	1.84106081202108
-0.392567992286356	0.309937181508232
-0.856834880149055	0.829249006489602
-0.399838572405592	0.277317316755435
0.184185794586555	0.137547427832233
-1.53544148707694	1.89770222485613
-0.964123188759567	1.23090609788689
-1.04914824642951	1.27304071383744
0.0799357629528862	0.0538150094611001
0.0701197377522717	0.0510384918521182
-0.719405834040913	0.672822272569452
0.108649336524016	0.0713929679770788
-0.597268513514292	0.548685067405026
-1.59774747532646	1.97601904585712
0.0164439326723731	0.0102919815190538
0.0124400317439768	0.00782081415022334
-1.06221167875428	1.06155737976322
-0.50816290479305	0.436567778650924
-0.683282052818102	0.562465145051518
-0.194549264915164	0.175188853052167
-0.264750379299577	0.219396577301648
-0.761856519105901	0.689001993904366
-0.879400921228148	0.715274487112417
-1.41096521864354	2.36080694350234
-0.822208437487982	1.09709239192075
-0.635927416156006	0.531262486588013
-0.592882722050411	0.632051785506792
-0.358837414814462	0.318922758752939
-1.32364140842744	1.28449512487045
-1.37618833016205	1.37005669149141
0.643322608212518	0.526563338715114
-0.462979361731859	0.276951556284096
0.854392579467992	0.830633663131532
-0.272583450593039	0.142593929285108
1.21123434074562	1.11108877756953
0.5929489668389	0.445321905028097
-1.01309705411878	0.788010836705773
-0.108808467168997	0.0602961767817323
-0.805120192631849	0.463819615294797
-0.574071195077777	0.371187431217063
-1.52992712419871	1.13778679140075
-1.03682928224278	0.820997400138925
-0.187916919543393	0.0936713664349338
-0.432336295318541	0.411000637684544
-0.572217315447574	0.516036600624998
-0.539827037025401	0.507609263850051
-0.207986927799068	0.15641232129411
-0.722114090283122	0.782899929704801
-1.07877941016168	1.19638743455678
-1.12949684426127	1.30599135268636
-0.902295949066087	0.891194465264674
-1.15629901554812	1.38289587542861
-0.726115823564942	0.732042000225852
-1.17432177409343	1.66627774160931
-1.30083465971617	2.2460860632014
-2.56471766402182	4.30315422106013
-0.612093640651406	0.560581122697261
-1.34913780278329	2.29003825017372
-0.884174312048083	1.14736198656726
-0.541627087017781	0.474956024965327
-1.39340822300299	2.21279615961
-0.511465503111138	0.438601264024302
0.575441058645746	0.653574226211171
-2.09567855369694	2.93643099602049
-0.836541336682802	1.04188201700724
-0.428283167562734	0.345231720414195
-1.78768070189158	1.9413187928517
-0.43930054074315	0.357777193674819
-0.189249883357936	0.169856897330304
-1.04905240349983	0.783132451248633
0.199156892639659	0.166264077499517
-1.03793445296133	0.918240336081714
-0.687357663905154	0.639437783146209
-0.190589969388695	0.140793071482241
0.892456753656119	1.04908773763368
0.0507638555825173	0.0382699045745258
-0.289573047919584	0.218899762313657
-0.759971503103808	0.958027883738897
-3.12713110196406	2.62699358744674
-0.708304259681476	0.502006720844071
-0.945647013346881	0.895511648553435
-1.06584392061243	1.20811465730083
-0.955595203422419	1.13231576484717
-0.938629236634567	1.39575254107713
-0.406876381508758	0.373861483369491
-0.771456383324535	0.988309185124797
-1.08711861920466	1.12398393147154
0.245489421135454	0.164499323020073
-0.444071018765938	0.286180205188948
0.405946800245842	0.306922836863502
-0.287019668402238	0.208366878697664
-0.0510737480359828	0.031830922162496
-0.919440344013119	0.67710461872619
0.350994645049435	0.197241628591581
0.087031646589658	0.0484116429474797
0.529150916654344	0.398893411708753
0.113205666062838	0.0594162778526729
-0.261062285108995	0.161071165133296
-0.837368286483393	0.645874181880073
-0.733964471130464	0.399506645590998
0.024185205491912	0.0138415822301838
-0.636552934979207	0.324336670811022
-2.39223658631032	2.18425291333027
-1.16785521985935	1.29193715829989
-0.0484021412281669	0.0302725849524045
-0.543928893007673	0.442087693465203
-1.7212412058275	2.39172061641091
-0.578569558138762	0.526416480801722
-1.78266621547517	1.97253299413622
-0.709727608439715	0.70985853336572
-0.150068139445653	0.111104191655912
-1.07863931109458	1.11940562153505
-1.48056838848128	2.35245999422474
-1.35865147332945	1.89861901543115
-0.892139984641461	1.22999466775377
-1.70564230542162	2.59391179190029
-1.08566810211918	1.62210072134385
-1.76978211736413	2.77940575643156
-0.0819417820968507	0.0529659442244554
-0.639241527011315	0.573532203526151
-1.43328099652754	1.85437561635158
-0.470487071604467	0.480958280977883
-0.657209746581649	0.752944716629774
-0.558034216901045	0.498629099372004
-0.767613556945804	0.848728708818009
-0.759317580583098	0.73328203625132
-1.10825307438362	1.04759492528032
-0.670677210351824	0.530510869958205
0.174157186591634	0.128370179307638
0.363749677066597	0.253815182523188
-0.376387327493429	0.23439075720765
-0.655341045722924	0.549690297052082
-0.318093986238117	0.2397871816755
-0.170014416458969	0.0992314340674434
-0.925375761147867	1.15921932028019
-0.34741749806779	0.288310192763881
-0.327885406323298	0.284051649222419
-0.662280344662907	0.60216951032165
-0.238125694052275	0.133326339419819
-0.369639331275314	0.223406246603788
-0.649278297368421	0.522208293824236
-0.407537253520209	0.422264838144754
0.0378792645459276	0.0254689594669409
-0.786789987090895	0.711897106460044
-1.18560374052699	1.68075493988123
-0.347139133329944	0.225890794757589
0.0693459926852224	0.0449734668198902
-1.03152455101923	0.821109489259225
-0.241900188234059	0.147013505606528
-0.0025814169364983	0.00132117294041932
1.20609333214284	1.18289481334141
1.18195637365555	1.00692538678445
-0.111477236601675	0.0470040228773498
0.801042370937813	0.689629576647796
0.684063860029552	0.606726783478143
-0.112494268206211	0.0526056766972133
-0.454272177471956	0.296897521545996
0.0453750342333278	0.0275464775766169
0.542463209691877	0.316454062796007
-0.554694450574268	0.308763148023015
-0.52318746310163	0.330793372592294
-1.02363378593479	1.277673734194
-0.504524622319231	0.257598076797959
-0.754966875421151	0.684290908110228
-0.992136453668878	0.958361857730792
-0.417640066705418	0.284012440596542
0.43318143582603	0.348681829056758
-1.44165411526685	1.5041381218003
-0.529194245845144	0.489435595646512
-0.423448180634149	0.298764613267411
-0.226124532234524	0.183987260669955
-1.22483235602682	1.77019243344954
-0.529572460792236	0.484728390063476
-0.0329467252641804	0.0214886779135776
-0.294755942159761	0.226325135075559
0.217746784011694	0.188910099434319
-1.54557337692481	2.80307221917139
-0.812921358019622	0.693102938041017
-2.6159379340745	2.67522158283228
-1.40057705478388	1.75551559287658
-0.5304879541324	0.469596832344943
-2.70656609422662	2.86940987421913
-0.660900976957724	0.673032138803824
-0.67157395195103	0.411973755852108
-1.50712566355609	1.86309928107703
-0.575704525060745	0.41236489346258
-1.30797033207287	1.2305637640343
-0.211421063849003	0.135840460691937
-1.10921308649899	0.924217260301566
-0.898232290505518	0.533871032404446
-0.187585790883642	0.108051262196547
-0.417490298287354	0.403366171076365
-0.776224935968765	1.05562103181387
-0.333655355286123	0.245256096875378
-0.409230805196819	0.326634044835539
-0.702545589264137	0.553096399326935
-0.970078163204986	0.817898962385704
-0.644732521216161	0.331726343650942
-1.09043253987426	0.997474153172772
-0.478907635565327	0.399206724315283
-0.230023846948046	0.138022340083848
-0.0889842257460586	0.0643188636312304
0.497827907106413	0.482837688129716
0.267352778619246	0.199380828397884
-2.64398626222161	5.33517639512585
-0.110118415641498	0.0726476386099529
-1.3479320603232	0.847257369720183
0.402383234057395	0.22187333012338
-0.855906646936996	0.683600635491068
0.435528836712607	0.247392927696756
0.0435137619128398	0.0219590213875118
0.430204413492096	0.228117002080062
-0.585416755323708	0.38820894435387
0.199971811251	0.124246782145146
-0.975604919381549	0.729045985381971
-0.550397955600262	0.39326450538323
-1.33775126796937	1.10139920167738
0.367072752975354	0.229030696121258
-0.00490734861270037	0.00242497417130303
-0.741954878539742	0.656423141714045
-1.83350788539937	1.66031046963949
-0.88800281092788	0.820658879206641
-1.67248817941466	1.35746866029823
-0.473490980783092	0.399689107551309
-0.913990849251869	0.912251483866966
-1.05751221775724	1.04103201618204
-1.99378967032542	1.91059682894077
-1.17776542379506	1.31243870158123
-1.88809355243738	2.48858114550862
-0.704724885855119	0.558741396661498
-2.28801096834938	3.31364275912868
0.0273406169848893	0.0169929867228125
-0.750158873868093	0.673870235883156
-1.20205389693134	1.45583190672808
-1.59249527738424	1.80863187060028
-0.537362947762996	0.41437809408575
-0.90129396508931	0.829349736665706
-1.32519210318927	1.27227252446619
-1.36589880852162	1.2787423061544
-0.219339182428225	0.18313939700623
-0.482730966852834	0.424652344551166
-0.835181169288155	0.728213833297663
-1.26731610598571	1.64835515330211
-0.104888569167046	0.0652283285386886
-0.508535862226037	0.440196268789559
-1.09336419768469	1.34989454698515
-1.06728333491298	0.985079120995886
-0.171347548510906	0.105423491910656
-1.24676073163478	0.905342464138117
-0.0293015512740797	0.017852597827501
-0.677492887215062	0.468290012236818
-1.99848115983024	1.39562234787536
-0.925502476113639	0.848640914140085
-0.612461570386038	0.452392204336216
-0.460275577054028	0.39998207204373
-0.570271179082408	0.537675060849385
-0.586085650367913	0.53373765112198
-1.68211024666394	2.5603094500872
-0.709089466926651	0.567263556506403
-0.567049323058286	0.408200175164907
-1.32020865996441	1.27148940753302
-0.853113475830259	0.943953530386203
0.0911853275777035	0.0695070503651631
-0.437883881811495	0.394377058559627
0.427644280132832	0.384503076671489
-0.851127778164641	0.669341763140374
0.201283519896037	0.1240773986513
-0.351620933321992	0.192659799397629
-1.20999923318029	0.864147553938974
-0.956651765474142	0.807193956966315
0.177887368383086	0.0795183157332404
1.62224164357266	1.65417908185329
0.134727265074939	0.0851294722669745
-0.607680557942572	0.355822536243703
-0.549615634825108	0.386459550954223
0.52468212916909	0.312297815442631
0.439449563907177	0.279504457491913
-0.528112629377687	0.293009189096542
-1.03339060359441	0.795201187865877
-0.0841288351277964	0.042354230505846
-0.901327918107884	0.878438483059372
-1.29972448328044	0.810753124984272
-0.366696353470576	0.298332638525862
-1.39662315042351	1.43453236011029
-3.14479350128435	4.29115113404652
-0.852759199702899	0.869125155374543
-0.163233456856058	0.117614762081416
-0.809218513908118	0.981659998078866
-0.460673452145819	0.299174548418202
-1.68001505342802	2.02677418219915
-0.572223798689785	0.778121544756167
-0.990822834553508	0.874450371877767
-0.319376895543402	0.235753627930629
-1.60124020415621	2.31429840088419
0.402829264356836	0.377741719482873
-1.1630670649391	1.27953089943297
-1.26801569832514	1.78119870458255
-1.76382432845818	2.5694623618488
-0.801481840771601	0.758608599003857
-0.501175357498765	0.427070748260637
-0.410739771548239	0.307599994873002
-0.472456597922697	0.34672678211097
-0.85948960152238	0.676146962221031
-0.572019682208474	0.516238717960839
-0.814254354622704	0.62918544731022
-0.388825204101862	0.321927577280467
-0.821590185030899	0.698598539508224
-0.0693950691181292	0.0388020692309321
-0.133286439664382	0.0805289376582225
0.725984308565627	0.485910219424412
-1.76718277340308	1.13470831539114
-4.1427028472622	2.22216223187337
-0.486531354666301	0.261466102425243
-0.743449993294989	0.405662621288604
-1.23114566874892	0.74515577688236
-0.29044635473002	0.150754871756506
-0.473078168749258	0.244891865693924
-0.200229491148923	0.129224742029897
-0.572489411087062	0.242561681074129
-0.79979283884867	0.460374413469323
-0.608634136096565	0.496660993172904
-1.15841523337223	0.82761087062236
-1.21346971171509	0.903401924228286
-1.2427942612841	0.940503403182354
-1.78166760885556	1.5557374837513
-1.19616498865303	0.859551845278957
-0.649735106733225	0.340008116039387
0.687399387889173	0.479055388857756
0.433973799326241	0.29362013097346
-0.119608138161186	0.0562246852352471
-0.451456558300916	0.207066846282065
-0.163780796682693	0.0561199213046158
0.473667233113874	0.182944779195994
0.184421596640706	0.0833070987773567
0.535282910437876	0.237885267608949
-2.95340395397537	2.2339417520568
-1.22825351770757	0.915153454402455
-1.10948205909826	0.775504497752215
-0.322676531221991	0.152786965427291
-0.308608824793122	0.147569740167297
-0.332946046476985	0.181612712238035
-2.89177261836039	2.14010507450776
-0.807757717248749	0.555447627097733
-0.71842207956995	0.386307811247419
-1.98614060458322	1.94696306218496
-3.25644153405863	2.79657703033608
-0.856224896881749	0.589213155163204
-1.46038592310702	1.51491374636557
-1.79811153996435	1.99674464795026
-0.431308232983937	0.279607436178049
-1.24235575270476	0.903260807463773
-2.37621471399282	2.88141684268056
-1.06668305911977	1.09903974679571
-1.00723645628994	0.766781142283331
-2.09948817599289	1.54959287232511
-0.49202260038148	0.325657650801376
-0.50558893061026	0.382839584186176
-0.901428806461476	0.745354614801923
-2.36119284109011	1.9789564505077
-0.284057424731437	0.188398875983361
-1.51292966735198	1.36376102670424
0.444547923655154	0.280078293484651
-0.518219328793377	0.355253377516633
-2.18706853267964	1.77193186155761
-1.04743240577347	0.817229161498134
-0.465145545549499	0.279620786765489
-0.605701517231125	0.396573662134902
-0.540545110011654	0.300602513437048
-2.95604941177219	2.14727064013461
-0.254112512987745	0.1322815904214
-0.565573207651129	0.275417390947872
-0.585073240770628	0.247806231463062
-0.579282014858079	0.240431027413647
-1.68552723951577	1.02921174221375
-0.18119843924975	0.0698324695507422
-0.339101213491033	0.183147917908261
-1.49224890973516	1.06754638698797
-0.470669551108405	0.248178528430407
-0.46677584409407	0.213055169281544
-0.347090412333329	0.144085600788516
-1.28698153767931	1.02092111611314
-1.83115145269429	1.60133518857059
-0.487747824959279	0.358967686376332
-0.317693167118429	0.15159279477534
-1.24679875531142	0.946720074281236
-1.14558415589371	0.674506540929673
-0.90644405690881	0.362316916329311
0.416467687563524	0.197152608054404
-1.45641507196522	0.571159867497038
-1.44405320380797	0.562802545205695
-0.815224899677312	0.241902883503242
-0.998503821536824	0.87797928096054
-0.743345534991956	0.661277169106172
-0.802100098648228	0.742241935198571
-0.58525844593381	0.461970891990462
0.110855691376253	0.0543159993801775
-0.848016808988577	0.397768331954057
0.00680639910116582	0.00274649433200773
0.162599625369346	0.0867546851179317
0.909987000017176	0.678760249402669
-1.08042343671828	0.742504345018861
-0.576513719806093	0.32083261637232
0.58269517219103	0.284907682635058
-0.878142036065043	0.59841655970424
0.0379017301636643	0.0181813302552763
-0.212775249916267	0.104952856782315
0.250103797692651	0.137946633590238
-0.280705709425867	0.15625144724779
0.127540233525953	0.0622179494080937
0.609062350680897	0.392303576873273
-0.81179186342613	0.55328816989095
-2.25955767562459	1.93010123633171
-2.16659871326749	1.68411986141969
-1.3720826169202	1.36942717694122
-1.68867000881654	1.03305909146168
-0.526182792115003	0.43673471577765
-1.61823995497799	1.49828033032748
-0.0866472560226219	0.043913772481819
0.138690309560451	0.0974387097870004
-0.748325940052097	0.528971523937168
-0.474639916984982	0.370330554192236
-0.384195148389108	0.281026252777937
-0.446087259767482	0.319832551758585
-0.0330695404043693	0.0215269291832105
-0.497930409758567	0.42478948902126
-1.90258318354763	1.75601206245928
-0.11514165772681	0.0687562597289209
-0.270473290921502	0.180895000717538
0.57224788586352	0.455037357831299
-0.201058945408502	0.13286678014538
-0.293059479446179	0.173855390829213
-1.04987353624654	0.840233296532897
-0.922399955621182	1.006294461294
-0.296181103056804	0.236536520299881
0.0478923939533911	0.0275973638448011
-0.665461690826897	0.511916802787119
-2.78965220468233	1.96219629610624
0.608145134017308	0.42956150536924
0.913235329130087	0.583926904296016
-0.462136537530093	0.274506200297162
-0.466945690978516	0.249886923489041
-0.314202284672283	0.13238631955763
-0.540368925566792	0.263289281264784
-1.77095443362083	1.12773884814565
-1.07239250225209	0.579477850322208
-0.70496455039855	0.433756850100512
-0.345218967301209	0.18897883849311
-0.99944366522323	0.768966324053763
-0.753044829703636	0.543992289092816
-0.3436152603651	0.189013775698903
-0.731836714140318	0.336844256787104
-0.68174202281219	0.252758849593217
-0.73575717638082	0.400195190038979
-0.717404882635373	0.327246746192679
-0.405893622683489	0.231544901499313
0.0939690001365014	0.0496339604685039
-0.0924603502180685	0.0388395907630637
-0.83139172341157	0.962006924745408
-1.14474691686044	1.59610394319388
-1.07568370530531	1.95057881185419
-0.885020079542391	1.18603882810725
-0.0374558533427982	0.024338789870452
-0.148595737531325	0.0901374522742441
-0.195089641435535	0.124615637200653
1.02235459643718	0.9663201559809
-0.341309418214871	0.227262081816662
-0.182645000832982	0.090650463704278
-0.0434855892021713	0.0186563395668824
0.129084531344935	0.0834526297968932
-0.0316284604128206	0.0139657312790914
0.487336619533412	0.382044395643889
-0.156836926119039	0.0907450350468295
-0.257427134243997	0.134386154112269
0.637753783133366	0.546771673231089
-0.371616367671428	0.251775037804469
-0.231762589156968	0.130109626691996
-0.832974488998597	0.984851016225319
-1.59207509034249	2.00865717971871
-1.93871656934786	2.69956514091928
-1.62948895800495	2.82240653251352
-1.34837412056572	1.69823857706865
0.169504984071398	0.125536891594454
-1.03483999302466	1.40719636391759
-0.653341530098348	0.771965996055545
-0.694058942529688	0.737250663910075
-0.599361954646212	0.788632671862156
-1.28034083639917	1.79570721853311
-0.0139866784508096	0.00951116779670908
-1.4837394049348	2.00896510131884
-0.609225434704432	0.726523833723723
-0.813490501289725	0.991518817948951
-0.457425551911568	0.429883484728435
-1.31094065873031	1.56437170004358
-1.36132511843547	2.02628517914988
-0.728916760450046	0.945583356753597
-0.604922729669819	0.714519613129289
-1.70790748961614	2.37203235553724
-0.931075433919075	1.24112551982375
-0.875967987691779	0.999123753243421
-1.22165739450414	1.51677810053142
-0.991929186689347	1.0644234322453
-0.19380871161894	0.149998297817839
-0.552244784408562	0.462410731076096
-1.17950756097185	1.16732991447635
-0.140026254821748	0.0851547472221169
0.163870098199513	0.111080832949326
-0.552038798185665	0.391071048293846
-0.625092034581542	0.366572113098543
-1.50636726079377	1.60531184980702
-0.402752113926203	0.318422561211732
-0.604279259701625	0.512885354871115
-0.485746706237358	0.466875646204609
-0.549193829072435	0.586320170828077
-0.520373992097728	0.570149360633916
-0.0868656016435025	0.049289297420195
0.121478462123715	0.072633082963923
-0.573769401085182	0.608194960769739
-0.960973367120956	1.32725954622795
-0.576291979627135	0.519215975571172
-0.493893322191542	0.30006389179809
0.18878320088011	0.110266995475843
-0.663127503194385	0.516481045696454
0.120410091079314	0.0796394412970404
-0.802461549498703	0.541452974140202
0.333601698849765	0.172026410885703
-0.829183537390648	0.477210983595092
0.669901923555169	0.524273355606649
-0.410543459175001	0.264097684563588
-0.823747746979368	0.475386644646232
1.01238394764653	0.906311759812008
-0.31660846893222	0.18781513304507
0.0373324403198892	0.0204387293668597
0.220906616315987	0.155188914177449
0.0311898960919349	0.0156443019997555
-0.135151036131489	0.0661520299587911
-1.19134224364874	1.0623846747056
-1.31475922850515	1.26684694578364
-0.684743292716734	0.578333021991662
-1.02740044906535	1.0317916030789
-0.279389440842315	0.203346144639644
-1.18020192863114	1.18789680065872
-0.344131219010022	0.246024635625994
-1.47405931922724	1.53507958368099
-0.800223529149695	0.801006981385088
-0.748268244251058	0.603121509018267
-1.16939216312567	1.50852118430733
-1.87272013790776	2.1513137400178
-1.10653895721524	1.23727294631165
-2.78462838957749	5.14925564341889
-1.50544142354062	1.64219564020174
-1.18832171392903	1.43763061182375
-1.07177820356911	1.30318611184826
-1.46665054499206	1.76214677404572
-0.717036025283406	0.663644817684246
-0.724540948882933	0.586549488776999
-1.91433504723196	2.64927690478698
-1.13044372297612	1.07652569494264
-0.766440323270928	0.750429443514588
-1.89862418925005	3.00037174925699
-0.700367070591618	0.56049839394288
-0.304659895185234	0.195993763241548
-0.881651302911198	0.796397998528178
-0.464465758990294	0.305609069820617
0.242318025582778	0.133412275474981
-1.63098428198747	1.24605068858356
-0.31652021594634	0.189434627698182
-0.313794449433919	0.185585584370205
-0.0295300492378565	0.0177292784400142
-0.287715025817469	0.151316416209657
-0.376973750384701	0.230077643784861
-1.14097408524784	1.10329249821796
-0.209327239592063	0.174860871589329
-0.413074482434309	0.34658070069292
-1.06023592635677	0.710196975500225
-0.193916514701932	0.0950157212134167
-0.176554078420007	0.104075792432095
-0.586986324330333	0.383822824132826
-0.71641132804285	0.966211020395768
-1.3232685469768	1.78049205185391
-1.13550290860358	1.33960046043483
-1.31731055690858	1.05410785232505
-1.74228663475934	1.85172161869129
0.000395229711084566	0.00052582114792307
-0.023721459885482	0.014217182943125
-0.311240841748207	0.253888990470239
-1.0534732326737	0.69264349149382
0.120039486660101	0.0627083555453302
0.0400954731884891	0.0230043853573383
-1.4169457760281	1.23238433315223
1.05796363262499	1.08193818096827
-0.632275290969675	0.480974780754513
0.160255590900172	0.0974712482419733
-0.168520304188143	0.0974956456365716
-0.647628804574489	0.482054002501029
-1.05374300140551	0.970832371454359
-0.565217593351567	0.437818696639437
-0.294988351184496	0.189001274383568
-0.723580531136586	0.595264975851248
-0.906827255901259	0.887843825552915
-0.623696461324042	0.540300539732234
0.57732205145117	0.513105521734622
-1.42941702827305	1.68151854069876
-0.732986038073159	0.701860354053066
0.490723984621127	0.422665431883215
-1.78363214956852	1.91587370336862
-0.685941437044825	0.626739228894613
-1.71107943457706	1.74475683311656
-0.531513467285313	0.406902874883219
-0.777044927620278	0.692250356549924
-0.688194428460541	0.639348171213676
-0.446290532816296	0.319366085844355
0.222762226565399	0.148938873221423
-0.78490916392864	0.875767527519175
-1.81039957854437	2.8357129942821
-0.543158212610355	0.693624350245149
-1.02191911994398	0.977721380044069
-1.10810369683957	1.2598291525225
0.690892621172281	0.703041854720247
-1.85912267958218	2.39494263090028
-0.990404809441781	1.02198315715423
-0.98441177877029	1.19982130036698
0.0518268406326615	0.0241192321443161
-0.406991347773463	0.325783884835782
0.00781529160639041	0.00466144551383481
0.136629733319326	0.0842155349105809
-1.28002401516555	1.01033217944119
0.179211789969063	0.0935710146377761
-0.297152692553407	0.227235979327559
-0.421514064192402	0.293058336656213
-0.143676292754424	0.0939300474579549
-0.880117428332544	0.787964311168787
-0.00565175305795465	0.00284700685875163
-0.135227912507268	0.102174453021855
-0.366613135020788	0.247314308468977
-0.894239369621829	0.529069026920436
-0.267305536821635	0.161833868807828
-0.563480245758077	0.405442370353848
-0.143955790204418	0.0873197680051616
-0.30889418191849	0.196690317436268
-1.39629118851024	1.17499991831446
-0.188484731894196	0.143932859301556
-0.437179752193117	0.350710188899466
-1.27488821422691	1.45867523099877
-0.0781572236070818	0.0582049672022337
-1.13902295765703	1.09034622823027
-0.540788519817679	0.341936078644545
-0.752453858448136	0.492055340306114
-0.218121280702197	0.0919555141555219
-1.27009030448956	1.18223820519318
-0.33553514931182	0.216636819357029
-0.964782202773169	1.14069605832878
-0.299204617052388	0.24117160656634
-1.50676930229225	2.25125756428257
-0.918989755215239	0.781050119033056
-1.33423612012968	2.29542322482069
-0.695971626228678	0.776893503955496
-0.583841234441334	0.600086615132837
0.262383281657173	0.188334713247955
-0.91044590546808	0.963865813698594
-0.53559783605248	0.448497900245418
-1.10368577732476	1.06547745705581
-0.977119780541909	0.74630270633823
-0.240720427736674	0.187180749479195
-0.568309582785234	0.591039082458502
-2.13931783770092	3.33395075442878
-0.891600082322983	0.80993207931016
-0.975684767171224	0.89743774739007
-1.64800599092927	2.4708002796875
-0.815119706137867	1.00557427951768
-0.883427876613044	0.792454172272792
-0.504726739793634	0.427295575986411
-0.64642932770718	0.572150861462048
-0.933154540423771	0.78910333086852
-1.32207441697285	1.03724159266521
-0.901805242060353	0.8406477028409
-0.326884355921175	0.228586942244106
0.275991924601939	0.195520314459985
-0.136301558357776	0.0894928348786987
-0.945944061670321	0.680041404061981
0.165692048039841	0.111957414757877
-0.0871952843687162	0.0625100315804567
-0.150194126886539	0.0970677643669222
-0.935972219269339	0.960362297817128
-0.85447644984221	0.769524438438277
-0.332143000974142	0.232928095014585
-1.28511032544225	1.39035240976388
-0.189923644635449	0.139706797953766
-1.24330158782592	1.28355135502463
0.120555728227825	0.0864970962052529
-2.43286495943642	3.05548740132202
-1.67551349592767	2.46147735985924
-1.5473178445005	1.99694552333421
-0.626316796873457	0.717725823385446
-1.53939797184163	1.64666971352851
-1.92822524364636	2.67747987281437
-1.43005826349411	1.42394666042138
0.0717996194083417	0.0452556820657399
-1.13113137764871	1.51926201733304
-0.601209750745583	0.549888460453721
-1.91789223217987	2.66361813818918
-0.19730725717254	0.139134306125936
-0.591159784968575	0.573305665362857
-0.308047717738716	0.222947985558255
-1.01538051517349	1.08918067940382
-0.114564304828991	0.0876575252115728
0.442066605827908	0.357707939204664
-1.17375421003532	1.67459501367761
-0.75959304915378	0.627210051616184
-0.450291796082798	0.397191913356862
-0.259904801500743	0.202708343327988
-0.511280446893448	0.463938113240303
-0.22401938481127	0.177173773824803
-0.939461996742189	0.962279045161675
-0.471615561965343	0.358543034758604
-1.45949878820267	1.95538717382512
-0.337293710314985	0.32485064597663
-0.879547960352517	0.867086874669552
-0.376626793222393	0.312946821196269
-0.330152680477601	0.247029402653838
0.336650158883939	0.231850932762421
-1.17222089885535	1.16647166314284
-0.523354934539015	0.511009856053316
-0.805205952389105	0.88617268173994
-0.447881494415832	0.362300314247407
-0.0457776189511895	0.0197076783744053
-1.30415473462604	0.835208840621436
-0.8439333160118	0.398255274598125
-1.40077718342343	1.17367215896022
-0.776932984562843	0.651016389175278
-0.939034431427167	0.978568282289507
-1.95613804030514	2.65373099844975
-0.781772227207811	0.91739746928524
-0.826452155015535	0.781838207243417
0.435329177837366	0.396114844667871
-0.74323681603365	0.671213370538685
-1.10671219302306	1.05563677373881
0.0780556978825587	0.0506367563975488
-1.59580262722445	1.5359686256705
-1.64780364398207	1.62350831854287
-1.07197715957991	0.981794577980946
-0.560653249655843	0.50512547594792
-1.25326916511217	1.72794437791804
-0.699176142350405	0.690031428072418
-1.80311178372862	1.99312858995341
-1.24279443346467	1.1416205081475
-0.29320085512121	0.200620051188585
-0.134757158718195	0.0682976489890411
0.458403903932395	0.332372787384986
-0.926639554030106	0.75970986132685
-1.13286710132832	0.942494638903191
-2.03743012804508	2.05324197652697
0.00150651017394914	0.00108102398635499
-0.922109143353962	0.782523060218197
0.78508510061158	0.580654804113612
0.253671738345031	0.138368810063808
-1.08254743717559	0.885526308097913
-0.398338547832434	0.229348939903668
-2.21887511938061	1.81750467697595
-0.404954067133704	0.279114341297395
-0.166625819420659	0.0976191003586659
0.0634200946405041	0.035143393413495
-0.129675983251714	0.0857129578814279
-0.608018302889704	0.545148486943662
-0.422749137553983	0.35856313643454
-0.855999177032864	0.810363709364668
-0.370561905375359	0.250911691089827
-1.37104329157189	1.73540235166457
-1.47640134231756	1.95816220735123
-0.460998884037782	0.384979150156686
0.398513391664044	0.356919348817265
0.283266567963102	0.262501552245397
-0.264961005943234	0.237067588625547
-0.0328915885372078	0.0225550426497037
-0.101715452524436	0.0748436966494875
-1.09458385530351	1.14902424063997
0.110633613628034	0.0806132257744735
-0.311523900021378	0.242503284376731
0.448336234103535	0.431161969015901
0.0690026167743151	0.0452839602163419
-0.86896932805326	0.829446409889953
-0.924568442093177	0.786174664858287
-0.542487364963884	0.416309020654735
-0.540279239158126	0.41307376131241
-0.120444606076002	0.089867396951361
-0.654479982603808	0.554035860993096
-0.554434421805595	0.341144547161836
-0.688483801187962	0.647514730015576
-0.424299945225351	0.36207373692567
-1.06368412727297	1.10490730107845
-0.407676684537664	0.341793595606215
-1.03270205700234	1.0438094579297
-0.144086281781109	0.0866598046373841
-0.0764891766392144	0.0526021075415402
0.701714231574166	0.65790353816507
-0.301158765012947	0.20706685154702
-0.969933355353677	1.17712108866831
-0.256813041220393	0.205660435213757
-0.1770056856866	0.139720260066121
-0.176489996179563	0.0940948606201756
-1.75191487618466	1.0837998775611
-2.65430649544752	1.74114863094212
-0.981458254441291	0.851782284692983
-1.05603974149594	1.07111101614606
-1.24873611505542	1.31398789889953
-1.08814162025006	1.46387616653176
-1.68893553137778	2.90063699859735
-1.20505446880691	1.468766939282
-0.275007616313001	0.213266527493642
-0.215290325904826	0.119943958237942
-0.822309137598484	0.793348315613839
-1.46087667410573	1.23654046422101
-0.345007324309675	0.262475504983668
-1.86278831174276	2.08447109943535
-0.51673090790601	0.50064036111162
-1.96910317630108	2.76727277442303
-0.982469497908193	1.1270208657105
-0.803640082590338	0.53525703524644
-0.0684812635199309	0.0424925103934838
-1.05736956925726	0.846871190417616
-0.230329383480994	0.16842812812857
-0.696654609712985	0.423437102648634
-0.0486444073528327	0.0319162867691251
-0.246675810992192	0.150720859684272
0.192538489121685	0.119702677069377
-0.717921971036766	0.518190475402376
0.487870103753041	0.427153365077919
-1.76598296461787	1.8886129692506
-1.09681820972782	0.747507951170061
-2.42515896571787	1.42650235442006
-1.59659471035458	1.20616747124052
-0.271148146561347	0.207504142620096
0.64196492544622	0.414666296407168
0.610749063704405	0.55570688945877
-1.57166264050149	1.53198916669182
0.14748435007555	0.0904252434746073
0.650966290235237	0.539441983386185
0.76710189711928	0.762034329501772
-0.915861339551087	0.986630383855152
-1.49161188619191	1.76543048956027
0.214486029632472	0.142139764558842
-2.16457795394121	2.34017874396216
0.126663111257442	0.0938551065224838
-0.314847382766342	0.273906363980284
-1.68520116142603	1.71052827121898
-1.24081226560658	1.67043082322886
-1.49139810194006	1.80413860136283
-1.5013296608575	2.04261879749128
-0.998104553917333	1.09272399334153
-0.961647413639965	0.915009222482413
-0.642222098353463	0.804335919574702
-0.302260950878136	0.256566178493555
-0.954028412473658	1.20240901213391
-0.456170132612446	0.377260119906453
-0.736816574615829	0.73755777739724
-0.323588978782124	0.278235437973438
-0.372676079419077	0.396009578169125
0.000255145558419458	0.000110869489445863
-0.722936657484711	0.720650325494915
-0.396869781923766	0.268268258447126
-0.170839995330494	0.119124370688542
-0.476709913568642	0.443540787480212
0.427585270944645	0.415883998591752
-1.09486478014856	1.33378611347377
-1.03205579590152	1.24978426677772
-0.252939717139185	0.177466235221092
-0.428759572908589	0.384547224131312
-0.80051811663846	0.917408131358914
-0.55933612754487	0.271089251250713
-0.626640932329375	0.372419973936405
-0.908694637733004	0.539471073365596
-1.06947768579299	1.4873823358616
-1.28011803434715	2.30606802740314
-1.00018029269577	1.39515526033068
-1.26496553807043	1.89177515192654
-0.243223736487736	0.232197605239487
-1.09781430703518	1.72096497701404
-0.625717518476546	0.651024243659594
-0.0257319826222981	0.0177992685509893
-0.77392805348605	0.909717042617124
-1.62820763656565	2.78090696006883
-0.392531841030593	0.369747579076011
-0.959914159590724	1.43823276783488
-1.68041268612684	3.46466846231975
-1.06129687486383	1.30232256171611
0.0708385272891047	0.0563157487809988
0.27005054545955	0.172840295396615
0.181207080331656	0.0824753471760137
-0.459829368139249	0.384279036955211
0.182302692085373	0.132168597497539
-0.113682258870908	0.0567024553808002
-0.248506206632982	0.148244334741544
0.121816502705959	0.0641333057670157
0.0646238824071082	0.0286264107757491
0.278016252694931	0.16828548675783
-0.0973995001897861	0.0494377823652784
-0.232816065024981	0.149918441245329
-0.191875296171357	0.102622950436138
-0.370824805048911	0.305281140271195
0.13866643367834	0.0832084050752811
0.262425482354977	0.153295337130856
-0.553965782648185	0.266427643331363
-0.112092783174548	0.0670354585982415
0.601821601150044	0.48273209315901
-0.19890349014619	0.142530185854405
0.201791477763118	0.115042859715216
-0.679113736141248	0.704455149059742
-0.370772953698755	0.252798944492334
-0.772964770254988	0.701658640482658
-0.975496582157223	1.19919739725525
-0.883958651283708	1.01495894731216
-1.13229759535095	1.31800862427122
-0.97111707827969	1.11964197465134
0.104758027552452	0.0863527890723664
-0.223564414917838	0.194856842088969
-0.847665441060694	1.13834728702019
0.568655175761382	0.572461178947809
-0.441284422032701	0.415045516925265
-0.32695419425496	0.375927868804342
-0.668643489505508	0.926963923946358
-0.359252866585859	0.367138135079544
-0.937604798510695	1.18483891697156
-1.10987826720613	1.29836846736119
-0.457166623146623	0.494233088670583
-0.565051482398634	0.567671634097522
-0.33433730669656	0.311108472179639
-0.522725526234961	0.592396175551854
-1.88105496498315	3.53107001245038
-0.41980477477163	0.390705501296586
-1.19380235319436	1.47012945974907
-1.05130868875809	1.15002925272519
-0.859725212004926	0.73905121215199
-0.183475504050021	0.134402465839372
-0.57192739645375	0.877913478495502
-0.754394372776641	0.958637759504743
-0.561782941810708	0.315899619094177
-1.39332858820466	1.61301103749958
-1.31497200310861	1.42748860466322
-1.19694997842642	1.83524223964353
-0.948164461050563	1.2184267598685
-0.206621196258116	0.175971135706275
-0.555277370062998	0.557499464884069
-0.402789567041699	0.371006074945028
-0.93147500714041	1.55485093528193
-0.272791223140216	0.192702479374851
-0.783286148253115	0.923372990210001
-1.97137133835983	2.75239523818056
-0.564137549047835	0.784356212321195
-0.248994010833649	0.228667997192534
-1.56507149119202	2.88662257087429
-2.50485060399606	3.29085603476912
0.668211076864364	0.854655170531901
-3.58107628472674	3.86450421305333
-0.688372360625935	0.537825309872438
-0.723217904916632	0.567205261805979
0.148452544466751	0.0852128721343638
-0.920229746285842	0.6714006368826
0.01867480415972	0.00716015215522886
0.62856690426231	0.516128489210971
-0.801994559267647	0.54090315593014
0.653966971640299	0.574526253504428
-0.883323694973746	0.717035327721658
-1.39454247020292	1.37518176353942
-0.118809551215447	0.0785704646438713
0.877883014960756	0.645324765028024
-0.334305716853516	0.182291932136935
-0.410318073851075	0.231964082615302
0.0487932443705173	0.0227677544736774
-2.27592958503052	1.86473612975881
0.13545693835784	0.0876980026594657
-0.608863829949614	0.444928547212041
-1.63616988963304	1.59679256022957
0.0830611925316749	0.0644940747722943
-0.352954766675261	0.249387657014521
0.864096103548057	0.933980244402518
-0.453408353123675	0.41854973803398
-0.906001733514754	1.19397675419089
-1.40483256343545	1.62926221910497
-1.33592100673022	1.57273795622525
-1.58342490253488	2.51155860796946
-0.271919642891923	0.257886352678933
-0.70964076700999	0.848096769793213
-1.46110262779346	2.52562772323555
-0.547115994190149	0.498171312274672
-1.12775722985698	1.68692602208384
-0.621357131035542	0.779109602786207
-1.07261034808476	1.39659461197094
-0.382952676537989	0.359650952101241
0.143739182556192	0.0939464042844271
-1.18650876869709	1.77517291372171
-1.83456760184082	3.82933168189227
-1.99717472496887	4.29502820762702
-0.260046349945342	0.206833080072516
-0.602992273397337	0.708341824213845
-0.402107707953183	0.314190625657823
-0.245596139513319	0.272870703527842
-0.124673301354887	0.122516090131725
-0.877185380167433	0.497267604291492
-0.980651202602967	0.746659802541996
-0.566281659596933	0.356062191223405
-0.416856329171442	0.237879808377683
-0.96532576773251	0.493081104919047
-1.36890697840732	0.918470298004809
-4.36594339382246	2.41433919140166
-0.731635031371667	0.652144249414336
-1.31567166220499	1.23879252969651
-1.06753554371093	1.41466088772595
-0.252925722661979	0.222286492676795
-0.578257582934688	0.669883078901355
-0.122472937336155	0.112750843280931
-1.04738089884467	1.25619964788361
-0.714256181409964	0.969759284335009
-1.41962466489445	1.45894122210416
-1.19027742750639	1.20302311759132
-1.14443276805109	1.55970189381842
-0.243804018712617	0.230073104640744
-1.28185971772841	2.24430105906638
-0.668092231409035	0.691398491258448
-0.912353238433564	1.273697696939
-0.884697663460648	0.871883381035858
-1.84906173860488	3.10362167274248
-0.671862863119037	0.648609144379547
0.0887120305887129	0.0605879174119547
-1.99036476730547	1.21927789320653
-1.11168894618607	1.02529852239638
-0.126873836472019	0.0632721526837715
0.513915938306231	0.316066528232113
-0.768930927824846	0.631130647445559
-0.163236043205154	0.064425725746874
-1.41520538519869	0.943674408664968
-0.679334730560794	0.526242567908279
0.709442425652232	0.477963544401143
-0.47317324781682	0.289204431816158
-0.534343695407474	0.472687467758877
-0.0398876508289118	0.0248912182962142
-0.32320314802787	0.206460788376074
-0.0154325700594861	0.00698051224794495
0.535766824039475	0.492246878482834
-0.128447497289847	0.0584879291044725
-1.06101918086756	0.86910241085747
-1.10999715172893	1.25587616924257
-0.775624131585636	0.711637486897959
0.51950290245034	0.374656826187596
-0.464252553434234	0.325898201352174
-0.906542650743599	0.975228102160632
0.0104026546744708	0.0072282460447086
-0.158941245731222	0.121415033567404
-1.42541491870618	1.84454507348578
-0.709349709785107	0.789151403783133
-0.0563689346082201	0.0453401474168092
-0.609023672336969	0.646977854993752
-1.09322713087986	1.23675753900851
-0.228172372443971	0.219670934204408
0.128030071967654	0.111294031140216
-1.00202429823707	1.48689216686583
-0.686537556372416	0.628029772650146
-0.520430501536532	0.649329448381871
-0.442503539661616	0.473924926159036
-1.25966981429569	2.06432748277482
-0.0334584706507848	0.0281901340806563
-0.942117904180747	1.12400263267086
-0.302402021473523	0.284079703280555
-0.247784903655303	0.204068255317017
-1.06990392975263	0.985743657212618
-0.877841173976229	0.933277415646606
-0.420015493788284	0.377114977906596
-0.173034972721844	0.124661629755988
-0.254466084146362	0.166943118792144
-0.123296049227226	0.0899815392891557
-1.05068106744208	0.568209143725298
-0.564244709871816	0.311032776127593
-1.69626056852917	1.37557429043017
-0.922388746698224	0.378173984545984
-0.660139587508622	0.343358076730801
-0.094090021244083	0.0465875536631838
-0.558004811353263	0.270349307408023
-1.41738066928613	0.976448065544739
-1.34393811801773	1.29498120400687
-1.04699899542144	1.03407375559953
-0.910293988594459	1.12631261313726
-0.92461336764123	1.03211671031593
-0.947809542116773	1.29199465997184
-1.08581566971295	1.01048205783768
-1.04957283949748	1.03769935019682
-1.09589182785413	1.15462242117776
-0.619098544608755	0.575639327442802
-0.744456930658902	0.764478330174004
-0.39469062371276	0.370102683299214
-1.16119856432751	1.47405632307829
-1.0061587832923	1.17271617028026
-1.10774469503533	1.30158923512933
-0.321012635430196	0.2538650452072
-1.17352237061561	1.00334404978468
-1.01122911193913	1.05077399475994
-1.16702209003526	1.01293563912083
-0.743251719016182	0.404685755328835
-1.37584538280207	1.14177989393628
-1.35747712753469	0.894578806785753
-2.90753851716946	2.10288124187019
-1.5095346267874	1.08248824541529
0.220050729367837	0.110888772765424
-1.05669795194686	0.713439378186964
-0.493752361756692	0.336241127138489
-2.23076980691333	2.5662741812951
-0.752140990424932	0.487634974568473
-0.0292094135228522	0.0142638568681107
-0.192206330774221	0.101333174187909
-0.989143918805443	0.516586727958397
0.598889695260957	0.447902041253374
-0.2298864057341	0.102843802743641
-0.211340327616724	0.127411293987967
0.62175511595577	0.407808495822185
-0.251187075165125	0.139983594680788
-0.343041198592158	0.204821988362189
-1.96145451271244	1.37318466015927
-0.358092834337223	0.196248232388713
-0.160076460058074	0.0916445249916012
-1.44237642732301	0.948664030789299
-1.98282524101797	2.8772558149914
-0.188557335840823	0.111053561053433
-0.255061743752752	0.190072885036178
-0.0737232313722897	0.0524863397142168
-0.881680475490905	0.706766646270305
-0.84534645403514	0.948056184776773
-0.612718792375156	0.565982278953479
-1.07405167536627	1.20816714020179
-1.11278710320515	1.38704562340072
0.143965605978351	0.122193596925284
0.187459729901868	0.139926805815508
-1.18191074966614	1.4368968051406
-1.48667835708299	1.96887364870934
-0.0389707838008817	0.0287290601505012
-0.635946836482736	0.629440586285928
0.434230322054385	0.422031721718957
-0.396413381027911	0.399134621362464
-0.159054783980394	0.122608294251615
-0.313604393560981	0.328117041001909
-0.638912469409841	0.478041753190436
-1.12720856102331	0.949810397942635
-1.66200898078743	2.2140488148245
-0.33934006879077	0.280319365411442
-0.963398828669568	0.83027396296914
-0.361002069845925	0.272631900403659
-0.251249796976921	0.176011067238712
-0.13207618976286	0.109770970577849
-0.716425189482946	0.519605075213723
-4.25543133925161	2.35394468176639
-0.649724229011211	0.337631531644687
0.0199890229544484	0.0079818670162046
-0.741303913981542	0.41082182531181
-2.51854845018596	1.50478571483181
-0.847247882266044	0.417810881431818
-0.535712780968318	0.296621581735584
-1.2732728165707	1.18239672753937
-0.216385145640413	0.168466008232755
-1.44547612059099	2.3937860870149
-0.702313179646071	0.791148567877486
-1.69535318886144	2.03919231108808
-1.61138915248151	1.836526310586
-0.784036746472116	0.942089742133868
-0.111840977078774	0.0802196722393536
-0.251166227932159	0.195281693974324
-2.50787938018666	5.38332817151433
-1.29815286587133	1.59148460250793
-1.22975194632163	1.61449563202504
-2.63090392322005	5.89736452091127
-1.64792845098883	2.43036775493217
-1.81596514863515	1.51520337851371
-0.243836093228376	0.169514361591504
-0.665262806549629	0.568787404061013
0.723887116514249	0.525985796318058
-0.358901079977227	0.243661218895623
-0.252907015952875	0.166444252468172
-0.615003323935975	0.356584736206624
0.0769731096312355	0.0429072452900969
0.442178493714633	0.321291126994233
0.0668405779874124	0.0371803372689104
1.43367485212702	1.42911954177282
0.231909525706772	0.144937746282235
-0.997773622347178	0.644645132072757
0.627701418855149	0.517442590465374
1.25897123387898	1.22522376725353
1.45918071469059	1.2814144304452
-0.353888985069912	0.231773645432783
-0.0231219084469138	0.0110756611989438
-0.0137153330985544	0.00692135083187009
-0.778326019563679	0.595384114967141
0.441676793437453	0.302001315971417
-0.465787309872144	0.248120230974797
-0.178656516402859	0.110701778846887
-0.47372319066597	0.288098212636966
-0.173310485154897	0.101789268768599
-0.344618182199999	0.27082113383998
-0.370639111274293	0.272346239764876
-0.875412499062242	0.867079451591893
-1.28115703708085	1.62861587627024
-1.34742900377986	2.92541992786389
-0.453466085332643	0.418574429689693
-0.873532759273472	1.00025579235715
-0.161855136244598	0.133523945445725
-0.681963945861069	0.59146354272962
-1.10559523923603	1.49168703308011
-1.5156102142725	1.89812671303381
-0.544956571596753	0.594286990008365
-1.04991788139454	1.26030780470258
-0.195271424363601	0.167449902310551
-0.945369009329771	1.13799381704786
-0.105682454700493	0.08322571596874
-2.98538686512535	4.94405420492865
-1.19188687847767	1.7742359617318
-1.53590062089757	1.83955512076697
-0.415855722915243	0.507298660840905
-0.245534008429428	0.328509703182739
0.317928331263645	0.165058075528331
0.0492825424870462	0.0217412333064574
-1.04425623236229	0.568847712740564
-1.24425487991158	0.589509060739581
-0.715842335243088	0.324694687255674
-2.33634974735798	1.29600191550515
-1.21351462053422	0.719452138433953
-0.16648445034552	0.0956081132275424
-0.360917713760836	0.222397898342395
-1.39202849574992	1.2016714233243
-1.11377859338985	1.40381926702965
-0.968500124486158	1.33783584372514
-1.39928056131536	1.97255979042665
-0.873758830504289	1.26520032758469
-0.878738962872769	0.948402282217466
-1.0393166905056	1.22977847138832
-1.02350679059577	0.930747818262309
-1.19557897133526	1.82837348367425
-1.72305085632843	2.10903820925545
-1.58983418170508	2.2311719352248
-1.42784924727994	2.01077247161958
-1.59038085979964	2.5000014100042
-0.0160270739201849	0.0102271679706223
-0.0285483711402992	0.0148383185378483
0.0190396822933371	0.0123449407993207
-0.299415143865858	0.213268625023404
-0.0425339091369456	0.017705782329937
-0.652808239663271	0.335423565510946
-0.249194685627316	0.127796851214136
1.58768716955622	1.48369675385303
0.0606846589076717	0.0362842922731741
1.29980221395837	1.04109526915424
-0.821799935789578	0.463739802116411
0.18436956963903	0.0815226827749752
-0.805971362193338	0.607746136531908
0.507521433514916	0.323084573994663
0.806537636555973	0.696252581612928
0.582968945288492	0.392625918485047
0.136534935731545	0.0671512365202349
1.12364168915964	1.16311771474507
-0.651158573579723	0.34063550846657
1.14886615472389	1.25667694639741
0.127834006303146	0.0720993760195697
0.926282602922022	0.864072232591407
-0.173818125065347	0.109396211152102
-0.217379264834597	0.154319460629891
-1.17942269428077	0.855897396518939
-1.93523597660919	1.83528477706005
0.0808906774215091	0.0646292582156328
0.272606052065395	0.174692356890684
-0.617074704417185	0.50078902342336
-0.904825946884228	0.912170291822851
-0.815335308451758	0.894443741558664
-0.525143977133782	0.538349224064604
-1.03113421412388	1.63244504437003
-0.59678011388301	0.583500909122715
0.065067444660205	0.054961283290232
-1.03536514471184	1.6214025572022
0.050668990919504	0.0370550889970055
0.422107540589823	0.41325001102104
-0.633400837704792	0.852324696322187
-1.21530661164885	1.6611865871862
-0.758077864749648	0.95767169663288
0.111580159391852	0.0888126670726367
-0.702979701600892	0.895463819583727
0.191345041116431	0.19899960062526
-0.601260940262444	0.689673576371499
-0.539315213000383	0.660074353585103
-0.392739277389921	0.506053118017367
-0.054827222319238	0.0474700864171085
-0.697652350368912	0.8493931571315
-0.554638614163292	0.314366726882929
-0.165838771541358	0.0648431087743357
-1.05020668890321	0.581163296251413
-2.18189431567392	1.1329274036434
1.83767397019299	1.00565185183128
-1.23598122491078	0.748495288856545
-1.2869026659411	0.82772346934055
-0.394956162342631	0.245789368688003
-1.2652882835491	1.48242515938049
-0.525205193079421	0.668605513444782
0.27194074969287	0.226997286353609
-1.03140006905936	1.64334685660523
-0.575444993227992	0.618360684484035
-1.10661206748338	1.67113723607281
-0.617600226574228	0.579918357619825
0.0176306142578798	0.0108280739140454
-0.759004366142195	0.842079194887523
-1.19132340458837	1.59464847257691
-0.257799989571354	0.250196535724465
-1.7199333979872	2.62450156314806
-0.751926656520071	0.952520862636807
-1.47782843844548	1.2856784791252
-0.903729860009262	0.997688625911692
-0.342438757733228	0.202365692353254
0.649131169228192	0.53645484598074
-0.305558299936265	0.158939335838763
0.0261920940733996	0.0126152389263828
0.584698114985342	0.501431739226207
-0.327477786697651	0.139467243293346
-0.0840168654677106	0.0484419686395898
0.441289431692742	0.230682249756102
0.479436428184997	0.378190120244547
-0.715996376236129	0.390037080002287
1.06232163367893	0.876719005250063
1.07126346596631	0.902505212693864
-1.15280674795993	0.673440660296826
-0.538524964030255	0.347119848631534
1.62827003245192	2.51190137232369
0.893843555566361	0.560138623234276
1.05403091164893	0.882675333797489
0.615674102911601	0.402022997894724
0.86659435087053	0.692204361492741
1.00718316021492	0.771965425337355
0.347328737763563	0.252850084011741
0.705434456994814	0.664612730380046
-0.979247624481387	0.857281027971507
-0.950280634201634	0.715494305822378
-0.908061683392899	0.827399113352243
-0.136517784605777	0.104503835658129
-1.1276116656285	1.51406067361299
-1.00160862079197	1.2211700256731
-0.443283661355192	0.498129601417531
-1.26468279982185	2.35765235891645
-0.869243845427817	1.2269156290216
-0.281477413710716	0.304519032550364
-1.09335380283329	1.22230553382377
-1.15043320163409	1.8599742481569
-0.867902412369593	1.3269908590464
-0.688500469382454	0.729695921126419
-1.12786678645054	1.89096987348968
-0.24391741681915	0.19864675758602
-0.885865057635903	1.26606596622015
-0.634782625100768	0.773571962516815
-0.775898214294285	1.09934669941508
-0.590502110786603	0.632923753729756
-1.22904720511812	1.53842744325409
-0.345189774035024	0.373677260198331
-0.53987288978318	0.605180980574816
-0.31681738109947	0.37554717751705
-0.304689952622727	0.368940038844799
-0.655031524183025	0.853257777812574
0.801679476000595	0.584408263700548
-1.15145576633622	0.654521189959527
-1.17139462629325	0.407686012078872
-0.000540125806032832	0.000274816835937833
-1.21330875382972	0.743406414063006
-0.328306601286335	0.0815148772018528
-0.485477690937946	0.331184595332722
-0.520420204874974	0.360181829526042
-2.61374307071596	2.70854685142953
-1.06415387137912	0.856864856208413
-1.52251313702706	1.63380498496762
-1.04496966174977	1.52357758997237
-0.998720797643059	0.976271371732729
-1.27011243199063	2.06932876169105
-1.41902243296324	1.65877184488787
-0.537891380229391	0.497142878495188
-0.944824309266502	0.985122737590909
-1.10216571302004	1.59819845374939
-1.62575047537386	2.1217785983317
-0.959554891401648	1.38664629940233
-0.936176448787177	1.24690084315704
-1.07228576956961	1.82194136923957
-1.3969219176301	2.5607181854967
-0.0853397607912964	0.0655972224437728
0.580520460579592	0.602843939306747
-0.426655461673688	0.304494439367054
-1.35747712753469	0.894578806785753
0.776297891803375	0.486390137611824
0.124571534469041	0.0711563964835515
0.999006478102647	0.89385433695114
1.33101196066025	1.51078730851505
1.5335244881418	1.0514900753669
0.512425315610931	0.297258590701423
0.0659311043588084	0.0342620801003763
0.711534341577366	0.515457738531556
1.04484026625817	0.793612518645377
0.0252892223141183	0.0120570083995346
0.222543446057308	0.11020477888847
-0.178076382658095	0.102380995884649
1.30958261819732	0.805515671236891
-0.476592201153448	0.254170458272576
-0.455822989536082	0.205669409055448
-1.09236431251351	0.486603596118467
0.299555078042551	0.206795811638274
-0.562859468762454	0.319209039458325
-0.218284383992403	0.0990203413111005
-0.121724286067002	0.0618894496663876
0.185713240890581	0.133962466688763
-0.0969449072030105	0.0448443684118628
-0.357375396918156	0.239198249675353
-0.958502686737845	0.821202425282889
-0.445581274584827	0.367183390712831
-1.31539933580673	2.01735252635784
-1.8009178447813	3.22961229263608
-0.171343084003292	0.158756594229819
-1.61142475847733	3.5807407215579
-1.28674717807059	2.18033530044111
-0.494440291018579	0.626392876104774
-0.410405599298487	0.417518068044172
-1.12715315287633	1.09085217114428
-0.923404596181618	1.6098703595505
-0.747574989783786	0.761579357628214
-0.435738713963158	0.452283190105119
-1.58956437748266	2.94469715918715
-0.884433347567115	1.41594083109657
-0.546340114983275	0.510058137879411
-0.854897164931332	1.08371435330778
-1.34034491857572	2.19556170698085
-0.630199427670244	1.03728876760206
-0.907336750488412	1.66767900081148
-1.10038415309085	2.00741671359473
-0.393120617217275	0.442861320622074
-0.569956559719679	0.517144710821089
-0.523401390289216	0.485149265275156
-0.209305717346521	0.0945738539522877
0.135390903073998	0.0778375288049747
-1.05943044276533	0.580825110299391
-2.05354869673866	1.02466040409092
-2.95050784791928	1.06273716713851
-1.8832500550001	0.883723793210484
-3.46668204335763	1.49581723292627
0.227511404658696	0.122019460592552
0.114879514373006	0.062825797795877
-0.865712502691997	0.67862657203298
0.0103844224787628	0.00543105545311846
-0.407829994731904	0.22973752172107
-0.607744041114734	0.404851971027218
-1.24051444462423	1.59867113937696
-0.295986502273578	0.276853295171731
-1.02938504253222	1.69648683930826
-0.977028270217917	1.26735744600741
-1.41319160876549	2.14935171437638
-0.976350528419139	1.17839628786175
-0.842228983016726	0.803935186428225
-1.23169508505457	1.78395337053064
0.0589014863841426	0.0450381151368161
-0.0206409726586643	0.0177748567121075
-1.13134747317835	1.81280301158079
-0.582007175003956	0.583495922434358
-0.972125675926868	0.82664680502778
0.418496194953333	0.351041248851214
0.176561620698004	0.14176314542755
-0.450055198359192	0.269591473530342
0.89638671297249	0.563522269317559
0.473215276933559	0.364234728325873
0.949869522623058	0.947473213064838
1.22925842586592	1.1991872786369
0.537987685306733	0.377691579470702
1.6380508413005	1.42603273577378
0.188808638981587	0.0930446382359592
1.11247198360636	0.794509465906653
0.732677206772126	0.486017307854977
0.184265704418185	0.0999458766801553
-0.0602028794133772	0.02693610602946
0.846313143691178	0.688461330963575
0.025318428600287	0.0123611569090673
-0.224560198589966	0.0996363618117405
1.17042502661642	0.991621289228438
-0.325396405813588	0.194393658294709
0.53282163331881	0.441827569831583
0.631955331386678	0.523524587622036
-0.228318517267137	0.194938275027917
1.92843639521401	1.99405210802518
-0.0752484896573808	0.0451558734290745
-0.663032990726243	0.784218665343096
-0.588887242318077	0.47002727213102
-0.222194304881006	0.160615087102885
-0.574483684354151	0.443484218302624
-0.00517022748939976	0.00396453666547455
-1.59994011153061	3.80284113759804
-0.995603232215686	2.05046661986026
-0.0614242850967073	0.0511791951047998
-1.07038004480238	1.7891454686691
-1.07080027171104	1.92957442519604
-0.450712268174352	0.434105536253548
-0.75791420766976	1.02214934518092
-0.962452782999948	1.27894705671962
0.0830814173773463	0.0680199685389469
-0.580732103405944	0.774502596743035
-1.11244375860921	2.13239754393398
-1.65428655048284	3.58397550568154
-0.598108713494487	0.829283394935352
-1.20487890028243	1.91809673948623
-1.4419079973553	3.30173783436951
-0.350234115581003	0.422429209331793
-1.2222281604315	2.26437110324934
-1.03338711420574	1.42888165778849
-1.26642079679632	1.59607250512502
-0.579766390298905	0.444680320868492
-0.97632205632431	0.509915333457248
-0.838491073266637	0.405994343174471
-0.0415018632976465	0.0181301854695596
-2.50656090896472	1.53303352404974
-0.678408177876568	0.251664437006312
-0.638121735995086	0.318125446530057
-1.39774363150134	0.730863362843262
-0.525174065116728	0.331874743503337
0.889239565728926	0.789904894427806
-0.403352960266247	0.229515671125339
-0.590392201216233	0.49519382411492
-0.14306060540615	0.0868828868115122
-0.899438469734782	0.597462984791514
-0.487137098050249	0.327792753189384
-1.60254130641511	1.8394860275487
-0.157043907864869	0.128147601863245
-1.10171829664355	1.45882530980712
-1.24057350795596	2.05502486043778
-0.912349982668076	0.940486359472794
-0.445585025931217	0.440052387543658
-1.1323046201136	1.46500836205544
-1.3535858055704	1.49820901668408
-1.41264044652033	1.64670581882831
-0.320081277197493	0.206135121018758
-0.738474308489918	1.02732210720621
-0.680843642997243	0.816733043563293
-1.99081763587042	3.96442421810806
1.03961044099213	1.26430987540661
-1.48620516437433	1.36279587209184
-0.386207585473598	0.237035404027352
-1.00777734408633	0.657202624477922
-0.430987309075105	0.241889736510513
-1.15843518950541	0.669658571350124
0.437261452339732	0.211049592364431
-0.243977128750718	0.107879914396551
0.00503603101925539	0.00194927622035197
0.318675074106812	0.164739576403995
0.957210071794614	0.66346789871662
0.247895971705723	0.165401248461652
0.860363221882905	0.703835206828027
0.283143374531805	0.133013939331023
0.441893457181478	0.279484722720583
0.310280647946611	0.159366585100987
0.729299853619858	0.553104334270107
0.433949585560102	0.203299589589133
-0.41640749827538	0.236856446320663
-0.244440983226999	0.139623654355938
-0.927270219864558	0.681308429610386
1.47131924548647	1.37700100681334
0.277803252703888	0.198639466441118
-0.266071745268753	0.137714549610848
-0.97867243834028	1.05015829982806
-0.43580306510356	0.3306570361466
-0.131038811548704	0.0781196650603281
-1.73385440676983	1.45763466609774
-1.05329488656544	1.15895549279922
-0.753562998969663	0.915354666321167
-0.807374923025651	0.937171999896192
-0.509007894685899	0.662793204159334
-1.44017494090707	2.5502190727427
-0.175773178801204	0.168089639561826
-0.1880792708665	0.173530675936809
-1.63327620479602	3.07515262359984
-1.23660565930248	1.79718815089218
-0.554227726581408	0.61728468165122
-1.86678318370592	2.86493466636526
-0.71735838395368	0.99936473221703
-0.273354359764104	0.260388890736844
-0.712829382260349	1.09366475194698
-0.0295565931232267	0.0234801918826791
-0.832984353173111	1.15814985527935
-0.898927811058613	1.59642927258063
-0.816350161861927	1.3878454169939
-0.397527821142064	0.58343664811592
-0.350035666079633	0.40740781622352
-0.484867041878728	0.404941146644938
-0.556096792335114	0.465857364479863
0.432313196046086	0.123768503436813
-0.206182891849149	0.102211826688884
1.30289904832449	1.03327178306981
0.21803800565653	0.0814203487446823
-2.51153261382058	1.53844902585456
-1.25422678828622	0.589625494236484
-0.46075557028381	0.246926420530244
-0.67970777708547	0.245995585645114
-2.65545825405101	1.73467915776011
0.307908524105762	0.213772263653627
-0.593947166539077	0.476824981115056
-2.3598200686588	2.08657938028232
0.715494032784355	0.667116625143678
-0.822635539560927	0.603494346807238
-1.13770541349347	0.805224114926921
-1.0895054601865	1.14813485700853
-0.609134006538638	0.405000598913809
-0.710988871649202	0.566611982333783
-0.558591632535148	0.352296145633302
-1.34268802708769	1.08996364571621
-1.34388437019566	1.43654148028795
-1.51388118057135	1.85501482679016
-1.31296141844635	1.65568188400523
-0.304841059431348	0.283578538780057
-0.422087189935975	0.351789489276168
-1.03533950238366	1.03904765063359
-1.73477753394316	1.84063937580933
-0.449208584328142	0.450171001997448
-0.858420270570421	0.835273337000011
-0.45792337326685	0.381835760725112
-1.0483305168508	1.43123014618161
-1.78298490696719	3.41515764148931
0.0656614960034381	0.0503618480436131
-1.10453143727184	1.56146412491555
-1.20834248159103	1.07246885793438
-0.501233064644393	0.434391370809209
-0.0475256902423596	0.0294225373835165
-0.210583906648281	0.0930392843655531
-0.482973633049176	0.289379281813714
0.023153991650427	0.0115104460225078
-1.01519811035419	0.659629517487635
0.166991756888244	0.108695972615477
0.320337555469646	0.135879669672359
-0.463158480313219	0.245710111320174
-1.69915452498148	1.37326151348088
-0.392760602817352	0.149039735979235
-0.546846460258075	0.307065724754328
-0.509825906082498	0.305344335543949
-0.191125041031008	0.0942687073391729
0.855982190663072	0.680008022441142
1.05165379489244	0.876881208666204
-0.338696774756423	0.184750416205742
-0.344258975636473	0.186329321175513
0.253039825616765	0.136732865843121
1.25172146035905	1.41174260911658
0.815820897263822	0.706792799089982
-0.879408709129115	0.878247561035153
0.510364224293794	0.327751478895103
-1.37923060514662	1.35203444897805
-0.123460597783563	0.0690341768800059
-0.0748436313788714	0.05084293500339
-0.000805104977638838	0.000414106095076488
-0.753298369033592	0.679652887081707
-0.625596941986222	0.752284034958806
-1.32598793597394	1.78106261890181
0.323984693594671	0.320170607846024
-1.31570456428762	1.72983733037804
-1.12534532562683	1.81325289811087
-0.314834868903907	0.254796011794504
-0.67938335346098	0.708674665881636
-0.446475520246904	0.408251832001365
-0.672834353459831	0.63960293242944
-0.551959388991387	0.486044629532649
-0.633987861270868	0.580456938306877
-1.09512378503346	1.80597671603066
-0.789182567864527	1.11695488860017
0.42138405918188	0.428471236081314
-0.999492706742527	1.24172085211776
-0.735043611731252	0.829066182906475
-0.118441835090538	0.0846944488969307
0.418913625804661	0.218594241265111
-0.756915738944069	0.488185867092506
-1.4951318179482	0.820107428134518
-3.2317279398944	1.29267978140064
-1.09590545270382	0.490367041253018
-1.11226863617438	0.498536481521008
-0.789908016689786	0.596646291244829
0.468848595923457	0.338045180969048
-0.397701975990277	0.196429352595978
0.121920067339726	0.0741026303996004
-0.810133238517397	0.634148474313841
-0.548961155269369	0.347760472352922
1.32981450059213	1.20634523645468
-0.898058696770317	0.727653443453572
-0.958474768395045	0.494851903818411
-0.467817280532973	0.413920741540075
-1.23435433326223	0.951708327811743
-0.264291553351659	0.209396687279038
-0.583060720297969	0.581971617558575
-1.33167581816361	2.75025537211047
0.30614817903503	0.272210934705631
-1.58690857457798	2.86627268818475
0.331523509300491	0.264699875719054
-1.13534772671822	1.65231750733523
-1.29382586629862	1.7162129410289
-0.831592856929441	0.657608490073352
-0.682572359589885	0.704903908022543
-1.28273972832328	1.67315358117916
-1.45618201343144	2.92840188485077
-1.33944286512281	1.95810366847519
-1.02939036645168	1.83400886031767
0.0846184417130601	0.0551325624773748
-0.386137709572938	0.322714936158814
-2.08983756365422	2.19321365372087
-1.3506824315914	0.860837720295317
0.578016731485964	0.40040015393288
-1.65256223066591	1.29814104883388
-0.357908872848124	0.19817173501964
-0.357265576960713	0.196531366606254
-0.179564267459866	0.103243892697835
-0.832137647986609	0.402150026147559
-0.316089904807768	0.201505414661704
-0.484168221052933	0.290394136180988
0.349984544331195	0.198355766041244
-0.121913045147886	0.054700792933434
-0.794656205042016	0.535609393517896
-0.0481093205102326	0.0229025395068277
0.444094058128517	0.296204545596409
0.381256507967314	0.236296274522108
-0.42309649345859	0.246515671242317
0.407541421899243	0.232865190409508
-0.397882782455147	0.247417899600198
-0.773932692653206	0.654301678980546
0.0492717574765848	0.0330045851547279
-1.42146756027819	1.2334515630176
0.129484214356251	0.0828145817176134
-0.763282030678707	0.574933890596003
-1.00337498932368	1.06454359004099
-1.03505677692925	1.03214454032881
-0.967200506243549	0.926861604403203
-0.17077697659319	0.134465230311851
-1.714703116022	2.0853924116003
-0.064191385767072	0.0419632564060698
-0.507565668780636	0.570865940356964
-0.288728788099272	0.272670735176037
-0.810065290527127	0.935042142030946
-0.824907085178333	1.11153732846233
-0.278328869849598	0.219197850421915
-0.467199098438117	0.49740813984302
-0.159244743204598	0.122975706815516
-0.644765164238822	0.69571428990633
-0.556063026774244	0.591370359193736
-1.41232118698347	2.28404585742088
-0.911538288208109	0.978298244374501
-0.897292086175975	1.11225209514888
-0.523462096377603	0.709904753908463
-0.220194565754114	0.225455684805974
-0.688003344784025	0.753425726552467
-0.204123175943297	0.141984372009545
-0.683773367874281	0.525096378375342
-0.889177218443487	0.35904656745472
-0.0158070779986472	0.0072964781678197
-0.228344931135261	0.103450004481288
-2.05849582847728	1.54300074454851
-1.85139638442094	1.20879736799609
-1.51839905508218	0.813136573001537
-1.70006877735768	1.04776735926104
-2.32702970324957	1.31718786938035
-1.49686558385319	0.81313460617595
0.276894430027782	0.178844520444276
0.306943054559947	0.15717376697562
-0.208003592735417	0.102012240567617
-0.302468641326565	0.192613472650386
0.69750218891089	0.580660440087408
-0.0301371837526691	0.0132662303890401
-1.10534098002058	1.05647863928807
-0.601854852759598	0.438614964553139
-0.640489884484098	0.540432227063389
-0.922790844661041	1.0892566570035
-0.911974027552809	1.17170174335635
-0.537817659787517	0.493379218741217
-0.426972923357514	0.419509191931027
0.126219386804667	0.0904736135251335
-0.647403360238991	0.676065897201678
-0.442901385512689	0.384168098651099
-1.28717836442559	1.52831018796015
-0.201193537715891	0.174239781775839
-0.233207162017406	0.201545475901173
-0.895220962637832	0.90274439788922
-1.11845780939099	1.39492939720633
-0.606885692908041	0.594046639373473
-0.714290440547839	0.854709829235006
-1.86737443507626	2.86975090983373
-0.810910037758512	0.810199443172002
-2.25774864862261	2.63485318991442
-0.0528351333459545	0.0362780836181311
0.182696858587312	0.119092956396564
0.246372608675455	0.164419716640487
-0.338251714401299	0.183618931006344
-0.798363720743409	0.534969489067022
-1.12521833454245	0.796503150051259
-0.0794688308634724	0.0516222655741088
-0.996162619642624	0.650022957305671
-0.685277914221122	0.626769651764246
-0.878570639877125	0.794858937763156
-0.419464373560747	0.299664183163685
0.101766075187322	0.0523725772644578
-0.639109437601707	0.571797795328823
0.381161876487734	0.252595936996497
-0.69667428508644	0.430876876236164
-0.949887508258463	0.800446387536391
-0.226353027102435	0.136757143318943
0.615178066142806	0.531644248514714
-0.61115711142067	0.500560243130406
-0.48926797167453	0.387499129917663
-1.18695842530219	1.44070178929253
-0.0687820866610751	0.0388515160084012
-0.733044881519003	0.753188522730798
0.206960795306	0.182121373813316
-1.14790069061398	1.14710776518388
-0.796029051915432	0.806022208090202
-1.28428457087646	1.53219652418589
-1.2282492104597	2.13287758681626
-0.014396325700574	0.00949780472966686
-0.892234944548882	1.28460014023743
-1.1944169196985	1.61486621231405
-0.735911788498394	1.00934140715487
0.121903500220159	0.0945254929664095
-0.340492972341052	0.283539468130011
0.281904217692622	0.227980393733702
-1.35031205456754	1.68123366379847
-1.55280049296803	2.14020475305501
-0.69577748287813	0.770464430780771
-1.34695807708932	1.67540572291546
-1.2863120772619	1.68200640598753
-0.971987994215295	0.735655731962221
0.0887461869693329	0.0877694812757414
0.158300782875465	0.141880124708154
-0.551157232141268	0.692050840257887
-1.20643542292346	1.2257644380734
-0.531938836332295	0.334402276718933
-1.34942041289761	0.899100940652301
-0.359117665860544	0.239993699897382
-0.915182338237051	0.506054913817278
-0.974794679311245	0.735735483635584
-0.901811075067382	0.356969341258875
-0.0440943602632345	0.0229938507356353
-0.0417781583526765	0.0221656445039135
-1.10207976374677	0.488896162063102
0.347319877797258	0.24087528501634
-0.181057953678134	0.120371580331379
1.00749869398526	0.750484673646446
-1.09864761472737	1.0256599008875
0.0868031445527807	0.0455827472221219
-0.749949647401631	0.465109255414136
0.220208855840857	0.161915927791455
-0.469803921420195	0.251768032396337
-0.0658627946567433	0.0374355315299877
-0.617366356616229	0.409442133663099
-1.36140806111651	1.54861803621757
-1.19232015496997	1.19581577219103
-0.642025011617835	0.432653151777312
-0.898205760467077	0.899587006856856
-0.952614418666588	0.914108313423409
-1.11302330855322	0.924711553253508
-0.228839530103146	0.138258397006939
-0.628441232849041	0.595339148290135
-0.932873712552554	1.17621717681836
-1.09917032226134	1.36857427050145
-0.197637694528172	0.126928150914504
-0.993796274767328	1.04737199133749
-1.07116074946351	1.11717758523294
-1.11123692053333	1.17224212124458
-1.75541762048138	2.16898400982451
-1.09678817277157	1.03667839607689
-0.28658937068407	0.238511086554782
-1.27478623094686	1.63690308068774
-0.973398417961373	1.11623271415967
-0.497697335070676	0.370080957686608
-1.62882930779553	1.60937243467921
-0.574818349362992	0.514345368582169
-0.911392286598955	0.634168823336828
-0.0974372052487692	0.0497582318166
-0.273210859294599	0.20422392654433
0.269215992856051	0.160937498932057
-1.59967630702584	1.2404894107521
-2.89087726894368	2.13053661042586
-1.64307426866233	1.2944462625847
-0.42633476833657	0.279489446313666
0.263626299401553	0.146031492819044
-0.248228797690294	0.139734994922635
-1.19130152739126	1.3112089628531
0.324076138934572	0.168432269538928
-2.34636661942473	2.85600586820164
0.129864411029489	0.073522620575262
-0.813753753692975	0.466135006550914
-0.106442734890386	0.0589170306938673
-0.552753196682882	0.428318357680571
-1.6490554074066	1.62813716573076
-3.36338819377661	3.16581438628553
-1.21414576565387	1.62592343543779
0.131361077645855	0.0639833325467944
-1.36178258590055	1.34894378133852
-0.697302811030863	0.690507200289744
-0.486554046589119	0.408046290113192
-0.669086976676	0.562812538079972
-0.244067543618704	0.172227898776337
-0.897679128459626	0.893068224577098
-0.68989462070645	0.678410383488019
-0.732681903689333	0.744582838653316
-0.816374759384392	0.640316818890659
-1.37317840817813	1.10379860264001
-1.34098552414151	1.29900215926341
-0.311113999703674	0.23121413780858
0.353357032786314	0.314637072563806
-1.44211213658801	1.4597064504796
-0.772945579853763	0.581310815482727
-1.36219549716127	1.29670936097133
-0.0259866142649034	0.0162610721556616
-0.812940307817525	0.987480422459708
-0.866293883450863	0.591415498801701
-0.862631713633042	0.594296716996633
-0.294511761391506	0.154330833100066
-0.749399111994174	0.480898983255329
-0.485421387508853	0.257427526102337
-0.741260299680537	0.410684811718172
-0.869854488709807	0.507389685011271
-0.106514630264337	0.0484033607815695
-1.03307331034149	0.808135705974724
-0.399900370749005	0.199213070324273
-1.91391061301995	1.30868671221762
0.285582403220382	0.182356998390781
0.0194407020963581	0.0100863715011576
-0.64549443756875	0.334967274699961
-0.47419954691191	0.287731836537592
0.0628841110720435	0.0294541825550389
-1.26617324677317	0.947700830614327
-1.71020902891853	1.04522122133872
-0.345985078335875	0.245701868174814
1.25093703928718	1.29639055385052
-0.37969485723706	0.207781364210737
-0.30545751966605	0.180228601575717
0.471398216739391	0.354181004260876
0.966786176026309	0.674230112890275
0.286865193251807	0.183694576552747
-0.908972990659387	0.638419520421107
-0.331504138150387	0.181991298911237
-0.802481364838059	0.454669007651138
-1.02141046090153	0.668740109847493
-1.28557109294515	1.02126221850797
-0.159334469178119	0.0720413608961758
-0.356147937762951	0.191469689644662
-1.01772390993688	0.667723148153336
-1.97873077841604	1.39140892117572
-3.13198351135031	2.62438910339146
-1.95381023121504	1.38362890543483
0.540598031338181	0.293093715130221
0.0766827269956298	0.0337416152383631
0.150896555708253	0.0675557811900713
0.537100099909514	0.290493807166829
-0.750053232255759	0.406170932203565
-0.183217201456905	0.0894744730292457
-1.4048428564076	0.951758391336712
-2.78442614723499	1.93382989963062
-2.17314236284003	2.36007949283329
-1.43351914557616	0.980338422248552
-0.863226011723845	0.592283672144988
-3.00287340863847	2.35327338232791
-2.65581262985251	1.75220648730598
-0.637993350852149	0.3209243276193
-4.79087708945623	3.05985105609827
-2.00335738634427	1.44717987314302
-0.652681859435046	0.340873095676885
-0.513381728734608	0.317635346088479
-0.717856548631373	0.328712418434069
-2.1804787064023	1.74080502556153
-4.92610417655549	3.27343665073642
-0.484124170518507	0.260480567174464
-0.833428594058773	0.473957077504701
-1.22905577707475	0.931473346540987
0.65608661273571	0.398801617777345
-1.46296600218457	1.04131835449883
-4.15698516039345	2.22338070472827
-0.321616556885914	0.136760909489233
-1.04307370939488	0.684319978729653
-2.00420166020192	1.44176833895687
-2.65936556711808	1.73215434613349
-1.1319669955562	0.976461007579185
-0.403416032106341	0.206085651425203
-2.08583249470219	1.58050580778637
-0.0715954251703237	0.0406505951695256
-2.37047599998471	2.11130854706697
-0.424983164380404	0.248338072037905
-2.07127430673058	1.52250094475287
-0.5574401233992	0.271201750358692
-1.63864133164438	1.28419403186232
-1.11737716169932	0.79418264416651
-0.555868593736936	0.297931908497632
-0.566445372373705	0.277772897907812
-0.16806487106236	0.0904634463825698
-1.8300255210189	1.18936068424628
-1.13096117456915	0.951559903434091
-2.04228301421096	1.02120301867068
-0.0556719557526192	0.0261908214686134
-0.668022452722134	0.399677189037058
-0.230686619525946	0.10449327858361
-0.692440402495296	0.42872987122834
-1.12434889479194	0.802143633384407
-0.550717756427687	0.310277659498074
0.227209435624972	0.112730931238156
-0.766411790196115	0.493419974551628
-1.2739064342869	0.611887173894509
-1.13863572757774	0.645850984770964
-0.805342268748829	0.460748294777333
-1.08476880943114	0.597679126501578
-4.57008778330259	2.70872490367259
-0.905060353856961	0.541955308432061
-2.73238042698398	1.84978208475118
-1.05792627920252	0.716012911879561
-1.34405263661924	0.866882506214311
-1.60131045456566	0.912866933345716
-0.0114358221555856	0.00514104873520081
1.06993699361324	0.574631854992201
-0.221625446175044	0.0985452672099295
-2.77882577676803	1.92668166760079
-1.49656593064924	0.805385830534919
-0.727417726310972	0.400819239294854
-0.107938460004154	0.0547251293590233
0.0383967609791509	0.0142655951485035
0.601419138668695	0.422266671357139
-0.55606277856055	0.315772014037348
-0.0364434344752021	0.00993773937898298
-1.04787789275576	0.709772520286709
-0.944291419933459	0.595935423135567
-2.120441092984	1.64482340927703
-1.19424455296199	1.04239497782302
-0.275828654159505	0.174446692976361
-2.32995779521979	2.04642031353249
-1.06639206389083	1.32257058548649
-0.507227755267015	0.375500698320798
-1.30399196045863	1.22506793926204
-1.26182271828181	1.302426322624
0.678128197329616	0.596215407842008
-0.810324374617371	0.558001780118542
-0.821433114563493	0.636226034400291
-1.62699193419889	1.27790487093867
0.0545736587892324	0.0330641176874511
-0.281024226997149	0.163256720200339
-1.63185333478196	1.23267796810176
-0.958223842000141	0.715394970158703
-0.621196269053455	0.463163093071542
-1.96286903582895	1.85620223328137
-0.944962619712454	0.797363614260559
-0.0941490768524313	0.054995608646371
-1.8005439946121	1.56107378638644
-2.27900175160863	2.45228241595083
-0.951454035558113	0.717642927688943
-0.526460465556345	0.286227352306217
-2.87766896425748	2.07173707817998
-1.10111029238545	0.910250989047839
-0.868969898875537	0.592169209333323
-1.18290944293162	0.861751403568414
-0.475393902527422	0.348343587655884
-0.454884122948162	0.203780508907021
0.711287281823789	0.510034155323108
-1.21753271983803	1.23128379902511
-1.22039347710356	0.753867195959894
-1.72169802221799	1.44028598179131
-0.841099890050031	0.408656940871876
-2.95381889559538	2.23535539295131
-0.488350263169801	0.361098447474898
-0.899703459292571	0.621282048638735
-4.9862968662179	3.41816040218175
-1.83171054415465	1.63540115235986
-3.03902742006853	2.39133543987905
-0.470283828659417	0.278262526309403
-0.723288662411367	0.455312940992163
-1.14463841050653	0.806432754676341
-3.26243315179486	2.97611723291131
-2.15369296441471	2.37429632952454
-0.817768452643648	0.559148070480235
0.0400316206065599	0.0200874340238957
-0.365603569401325	0.249323786216993
-1.35646076786575	1.09886754597123
-1.06537585010228	0.731393145133553
-0.695723683565478	0.431180975026635
-0.55325004066874	0.302836888890428
-1.30523669931208	1.04776679358759
-0.503696453990184	0.311081512346569
-0.433604344491711	0.280269882143965
-1.36670891008616	1.07618733027501
-0.665727463321541	0.444317973368473
0.0902259415445126	0.0497651316197573
0.1818824281884	0.136316429967533
0.326426288893122	0.192327613278984
-0.675327078384493	0.420605953765816
-0.0924015716551552	0.0503566375182816
-0.554164159838407	0.31389466763495
0.0146603586989942	0.00580422764859774
-1.24606343779681	0.602800104201661
0.0153932944341413	0.00534265180593696
-0.312327535173917	0.131513805143977
-1.12139491365087	0.786065393922373
-0.834083756906826	0.399655305299226
-0.662492463617887	0.40679859828105
-0.270237260633643	0.164204437959431
-4.46529814099973	2.63454344267247
-1.38458689432217	0.701570085484907
-1.01032495923599	0.774052958578958
-0.801075665783789	0.541242185245707
-1.17978689268522	0.862066974693706
-1.07083512556641	0.974655757903304
-0.395160875400207	0.223771443440725
-1.35813798243951	0.901238621011912
-0.945391060354678	0.586594041779056
-0.380858971670713	0.186501678330755
-1.05127771830072	0.695624442069001
-0.286460436775245	0.148938362670788
-1.49921762929506	0.820811309514377
-0.670537663411036	0.249644549307585
-1.43026206052677	0.982873570108138
-1.52971365042477	1.65365547145176
-2.84921316061367	2.05855168338306
-1.73948038128127	2.4627222401856
-0.585207860228456	0.501740008478057
-0.385723335957352	0.242080090129951
-1.05671378844052	0.838883792006079
-0.899962055031351	0.719361968100669
-1.24582923347181	1.14413888114466
-0.503864766571353	0.34245711306271
-1.56911322816017	1.98806176660603
0.0177416440103182	0.00864405857429959
-3.3095873923252	3.05086864441741
-1.84890718058043	1.21893241623118
-0.171007194904074	0.112247327972349
-1.79310852645961	1.55053086678848
-1.21102905812731	1.22280301798368
-0.50573992971171	0.407049399354436
-0.659315597062622	0.459161766289771
0.166140925659303	0.108412823203807
0.0367340480272267	0.0187925232445596
-1.71035379399836	1.41860294045485
-0.543016167077231	0.264680920547528
-1.03417382458033	1.04421731483064
-1.58044959503203	2.04482882798857
-2.07454058548317	1.5690909838778
-1.86477640854512	2.15435884950799
-1.44903052577238	1.27182813847179
-1.13474944677077	0.761135023857522
-0.117343246773101	0.0745015558313379
0.21360076378513	0.132349550679633
-1.17471787104885	0.858524833812886
-1.52141162954236	1.12903615048769
-1.68487501258909	1.38362304858154
-1.44821229733384	1.26551203392336
-0.807574121901003	0.683536117532324
-0.682458728288593	0.530936034957539
-2.97970551254179	3.78078305511939
-0.190691438395389	0.122045566445413
-0.531956661460358	0.392562293869575
-0.224145555866484	0.134639502651859
-0.367370794071692	0.230100725282562
-2.12441747342319	1.55488361538012
-1.02140267472761	0.78127862428704
-2.38486079263037	2.15592465793948
-0.358102187371679	0.196606155296954
-1.45253767965133	1.26297607181275
-1.66646788217932	1.66724974570104
-1.28674438806818	1.20746611828562
-2.12914828522438	1.61263566910032
-1.20039961781722	1.32479688068337
-1.46658913172	1.02841531956471
-2.88811311654249	2.13815673921536
-1.39359519662638	0.719031335911454
-0.910494315836862	0.746782283754614
-0.915974038893704	0.749573604039329
-2.77542729285816	1.93181431610384
-0.743532672847194	0.478593393802121
-0.509288739329788	0.345780090273068
-1.13006523927434	0.95780745631548
0.181303774884667	0.0877116976998382
0.59391785896598	0.504331235734072
0.995980883133721	0.882913066990381
-0.173516772437232	0.0927134226617581
-0.711261150434252	0.32394020851265
-1.42175132296983	0.974855956321859
-0.861523435129982	0.610106123162866
-0.251834616501802	0.130945947602675
-0.384057830814153	0.193927968687902
-1.40550075810124	0.967319196623044
-0.443130308561204	0.31400910784274
-2.58780302798604	1.64972491548857
-0.251711473988077	0.12910956962198
-0.459311660140463	0.243431387071945
-0.155612907204716	0.0536744841077296
0.173136525975453	0.092616881064187
-1.1835554869199	0.87278452736362
-0.013117412662059	0.00606848566817556
-0.221917127760454	0.0995201246718224
-0.111458487079503	0.0524576536768814
-3.00447181626849	2.30612820659904
0.237768780926107	0.129532425663305
-0.386445436283905	0.143777084783586
-1.46200001250693	1.02980357821509
-0.745878798578886	0.483459974605785
-0.256910507203087	0.145884860426561
-0.46381963159744	0.282618944981663
-0.315693366059658	0.152310503864001
-1.0729983217461	0.599627002974314
-1.19138710212022	1.06207328479358
-1.75458307624254	1.10863651371248
-1.02873756955536	0.819266718480725
-1.21077129632241	1.07818466331363
-1.64187490076927	1.29555058262864
-1.44446162447126	1.46902066366499
-0.604322526352808	0.450105029445666
-0.995913275554958	0.735625348113756
-0.725098899255381	0.467027057588943
-0.425525047387943	0.317780776839083
0.508111219112291	0.376781635531749
-1.10881358103627	0.789094370467903
-0.843462736248551	0.582717888832113
-0.659521663967458	0.333158913374014
-0.1006642668001	0.0688973643167719
-1.37245701508813	1.15197249417008
-1.72486725659303	1.46635259630245
0.336919076029074	0.24815312181715
-2.51681038997417	2.49336216183615
-0.958014808633121	0.823838430519407
-0.55457642221582	0.393364519617892
-0.18140862892031	0.133935477762438
-1.22815973562421	1.13088998194627
-0.723527976815127	0.593387849700788
-0.687416967840198	0.578678221870112
-1.17294042280602	1.04540196562957
-1.78083182968105	1.48999172335387
-0.888664925730011	0.887000288034716
-0.553523908890807	0.307778270377164
-0.241039938109477	0.165640348085972
-1.9670513636626	1.93552306148644
-0.965291479300858	0.723012907515032
-0.187635727803929	0.116742569936544
-1.78680841104216	1.57359936754309
-1.88319501717618	1.76793372583439
-0.3057263061271	0.225598276584318
-0.146705055417182	0.10058202179859
-1.33088098483151	1.27185054122956
-0.421812870152924	0.379755404983694
-1.49695928304607	1.32123982987999
-0.474865580600624	0.316566571709693
-1.2321701657393	0.940189984251696
-0.729481658620914	0.654058964252204
-0.370447551217441	0.230114964225406
-1.00109582440297	0.755598070155451
0.437854091266828	0.274642243291682
-1.33906631327129	1.49227693638297
-2.1853427762733	1.76310426765412
0.154082439976352	0.0914852897588793
-0.740343286898938	0.479705461199955
-1.6468071356353	1.9492124644845
-1.02617398812832	0.882346005490406
-0.712009484077958	0.504254494646013
-1.1281373478835	1.20420940349913
-3.17350059859891	2.71167881255401
-0.36214071275483	0.225892732802937
-0.291677583041498	0.137443878403976
0.268755295790986	0.209217773548838
0.603720058093864	0.428043681099195
-0.0432082495830015	0.0205933022036097
-0.385896689067917	0.237172255445021
-1.78832072533131	1.12006132639394
-0.523155314161068	0.284588808752521
-0.751383282078586	0.476652805853629
-0.713772783656217	0.444617708908825
-0.642069453777633	0.35301631804417
-0.719200666299269	0.52576316791018
-0.479007633254403	0.283809630533501
-0.892281699437225	0.620488002234962
-0.656537597012182	0.454029449041922
-0.483973772790384	0.32994023998384
-0.675690640041158	0.526624776981776
-1.21607246606878	0.745954567242875
-0.532303138396907	0.288073082970689
-1.82729916675974	1.17768044729363
0.32483884205399	0.137801377511007
-1.28860040368943	0.828104625962553
-1.49083630456678	1.04866479204436
-0.690675151072294	0.424124568491132
-0.393219228962083	0.198303884237551
-0.994028061927567	0.64302506410404
-0.713883924956275	0.327728110295367
0.749805717301606	0.465424366928403
-1.51334965284588	0.835305139166831
-1.89248301644839	0.891676467775313
-1.18199501735389	0.86388782992664
-1.13188569218104	0.799800106847092
-1.05886338751959	0.931699591800301
-1.67202684819494	1.66241183120193
-1.0124990437788	0.771991130756409
-2.59873517300174	1.67578156161716
-0.982438753114048	0.849513869367155
0.0179552826447925	0.00921983338478199
-0.178878059608128	0.103678389572536
-1.7821558110396	1.55282944191025
-0.736729170806975	0.407925811492384
-1.22137071901239	0.921431900236277
0.011936243512355	0.00614297422676339
-1.27687160638971	0.995780871329716
0.21215744749116	0.140965909968205
-1.12757627204767	0.950154814331577
-0.335283343455495	0.184034987136723
-0.375418748055764	0.273489783546924
0.10564839824292	0.0520829321471687
-2.66577645228073	1.75358006994893
-1.97775719109596	1.94689179254774
-1.47402741604164	1.53907866206909
-0.535590707018184	0.295849302755023
-0.526591633444693	0.334169519184057
-0.275224073781867	0.142624900853023
-0.982585987233736	0.740594714763089
-1.72930894326713	1.41593451867317
0.559330689255657	0.450281152055624
0.0218990581584867	0.00846256480958403
-0.869623670606361	0.686789135848415
-0.377624443853072	0.233491437100348
0.521656162025732	0.334163362510801
-0.821324050432419	0.555507231635503
-0.845202119727814	0.585635200196491
-1.16635732632921	0.833798382098358
-2.97097928652134	2.18697500820663
-1.00180062112619	0.784670684260991
-0.162105494652039	0.094664781279846
-0.352308770854694	0.235893863677813
-0.904728073940634	0.754307325520971
-1.05928770120708	0.712359028339388
-1.60826001313311	1.55022690286696
-0.100303028730723	0.0421452274225795
-1.47511485159286	1.05058732333008
-1.13299595504833	0.798293053624684
-0.984414965724029	0.85245820561481
-0.174283969343972	0.101340616930126
-0.980218982441539	0.735276979965882
-0.958378043130446	0.733189444645651
-0.478780296063968	0.289401131017925
-1.83759669697635	1.21717086997909
-0.807638436788247	0.550589436416268
-0.960331202919581	0.822759974139329
-0.9077448067831	0.737140972523383
-0.540750095588959	0.340099180900366
-0.294386634485772	0.186329475159282
-0.509004856317804	0.316508651581463
-0.218773157129075	0.107920375291468
-0.486254165976176	0.263109614058026
-0.404436183282054	0.231940361804121
0.147091441208034	0.0995675510405221
-0.208822635034394	0.10254758615988
-1.28841506511357	1.02207941355954
0.454064030738075	0.285417190432514
0.125172549549243	0.071699920868303
-0.72204961006198	0.323312717042425
-0.754652827107816	0.410770255847147
-1.28149345881563	0.806083899200888
-0.674736099872958	0.414372033732757
-0.267512502566874	0.139001087182082
0.281177914391353	0.130125010457612
-0.936018286066341	0.583852474861067
-1.10117421211151	0.907343364988851
-2.03877173355589	1.02519891133491
-1.7852773668216	1.12739794064784
-0.344396054731041	0.184750847567364
-1.46101519185741	1.0161255132923
-0.79796945886707	0.463145040249603
-0.316550503925422	0.149932943928068
-1.83733970774472	1.18989053912422
-0.110778247802101	0.046520824102223
0.92990037219449	0.586019271075008
0.221039653187353	0.0828144175638154
-1.22682138054793	0.744257413871811
-0.852315942048455	0.419582716411057
-0.385496810576488	0.19433381839516
-1.50159466100237	0.838126608672688
-1.0272321959116	0.926923786200251
-0.876957556894339	0.528783777849274
-0.753322124019646	0.553689493838009
-1.60492762149503	0.944253880378464
-0.039360384423618	0.0172942720655608
-0.668270761961099	0.467915315068084
-0.982274233234865	0.741522567483453
-1.01111909767196	0.655615165460055
-0.349557218113318	0.215826574055838
-0.794808817331684	0.451399270206717
-0.822417634385697	0.546264379773385
-0.963779406405275	0.815810329432125
-0.745702446788048	0.483720565118764
-0.552209367354149	0.34817700728258
-0.858119245099524	0.611127509710401
0.379426366394712	0.211670010355239
-0.687292304583468	0.470702306401892
-2.14623100696733	1.66112768628472
-0.896304116630452	0.720442909918634
-1.71833570012394	1.44271823409769
-0.877819290298515	0.525621580721938
-1.53814976928606	1.14665846571868
-0.379999092078155	0.236614463606124
0.037178660209134	0.0188381748699016
-0.829909631249508	0.55385325832154
-0.691709919588754	0.541954005849145
-0.518042565984024	0.348531203151335
0.281754264929387	0.193214432510345
-0.310852454668409	0.227237056336709
-1.36835209937289	0.903779950879849
-1.34577617191099	0.871204733103683
-1.26248183950967	1.13456860494113
-0.464338041796	0.280426535708883
-1.29313108526649	1.21600152019202
-1.03036240727347	0.788203584465158
-1.82838895380206	1.59151336560224
-1.34423903514314	0.851290123324754
-1.68822426790097	1.37548707038695
-1.94821935296899	1.36927143696994
-0.746461026196054	0.546905449076876
0.038702954328633	0.0184903358610907
-1.5227015373839	0.820639356373052
-0.321826526064783	0.234852010444406
-0.539092082986897	0.331679365117602
-0.818093179967512	0.554989611649897
-0.390140921832992	0.193526109001811
-1.85688782775956	1.70691147784301
-0.562217288604347	0.232058442475617
-1.11262990013582	0.77972396772843
-1.24773511850306	0.611561914816234
-1.09431299217687	0.895140929408606
0.441022955319304	0.320893694088351
0.191381255845799	0.132845692696392
0.159590222769064	0.0705716163659848
-1.88787716988389	1.27086671666822
-0.763695164193087	0.415532720193658
-0.825123655353425	0.476740158715665
-0.4873355251041	0.262916486629834
0.185973110740048	0.101198973661593
0.264555944554571	0.157763234635768
-0.773066587694672	0.578261072816721
-0.424241808317392	0.270838220838817
0.188634907116304	0.0853095606329051
0.971218627337154	0.762904402349746
0.196375797227573	0.0970426932288497
1.28898454724557	0.826550629770318
-0.107411779348895	0.0546611470715923
-0.104219488747637	0.0434164702827692
-0.558839797755851	0.269048718739804
-2.49784525072792	1.53182328389304
-1.21501361373383	0.932089625580792
-0.817288408786887	0.465581164363509
-1.3812364236243	0.715075205376025
-1.8305116174327	1.1806868243159
-0.104713046855742	0.0435980381678272
0.0625576521340203	0.0275105796419869
-0.320115861193904	0.154879606460652
0.40756924730949	0.211394340880259
0.331270675908924	0.140894038163329
-1.05972220286928	0.580210201889275
-2.51226389939978	1.55490787722519
0.227653594413671	0.0837649226643279
-0.419597699260248	0.241973666185223
-2.50430710608054	1.53523872261049
-0.65280943683174	0.334085580327782
-0.748256839426913	0.481632946781931
-0.795311297234642	0.51999464784027
-0.685437681400972	0.5850222848164
0.411846256877868	0.297882151435055
-1.95004503951954	1.83124327435571
-1.22367908242267	0.914551609847605
-0.929368510861073	0.688917362954997
-0.44970883970337	0.362250101282915
-1.11588296352589	1.07518357206062
-2.36699401042625	2.84270894269034
-0.480939493262664	0.324917230884251
-0.264300411397541	0.202469105021048
0.314008361325738	0.203302782525886
-0.689205186975446	0.580299298124395
0.145493443471185	0.0833894259308819
-0.104739719086298	0.0658006248586756
-0.474986738836116	0.346332948377999
-1.12841845650366	0.760080601880094
-1.93454637414824	2.25565751138328
-0.628694440874803	0.372366858796405
-1.19688698079411	1.20642019702252
-2.1103556892751	2.19841397922174
-0.179006195512869	0.0959902260797698
-0.540978329012719	0.334696911770019
-1.69423025247265	1.38657130281413
-1.10830425130862	0.934132446043942
-2.60331432656303	3.5407603131794
-0.724368291582561	0.52403570485166
-0.984130193064142	0.75352268556938
-0.403690715751173	0.23303653580995
-2.47409474342452	2.32505070682556
-2.9490482357593	2.2195058600539
-1.77887176894558	1.13301688060382
-0.548790533053377	0.449535403756086
-1.13052917922934	0.811253611444542
0.198277548032211	0.107706692906778
0.439873452672065	0.277131628370364
-0.474323845972626	0.348670337850984
-0.893821142521551	0.738916075046316
-1.02535105576507	0.814483420259414
-0.111856321144988	0.0570892901770556
-0.522864497331945	0.363955748247592
0.0367915824808986	0.0175568259172353
-0.769893780723124	0.647390272030936
0.240632204844666	0.157478052048106
-1.52274832891177	1.37279952803424
-0.917179798364891	0.659614474837634
-0.106069195232484	0.0728983159500044
-0.93981347991574	0.58636432292937
0.088398768907181	0.0523872870208237
-2.64109309565909	2.74728893953564
-1.38025280786389	1.15845531007093
-0.583027881702435	0.386927043812872
0.763590888772356	0.472894611852433
-0.611165176020528	0.357121370113887
-0.459913880510794	0.269956624294189
-0.904551144797111	0.629172142864334
0.631968098591793	0.411786711546363
0.437302989994903	0.299063228149284
-0.591545790765944	0.538876194616465
0.881523243869127	0.92530229025404
-0.43426993052415	0.335819489896755
-0.0916942449809024	0.0522465111932799
-0.540268333251548	0.303821161060931
0.0664880325609464	0.0290490653053368
-0.57700185380384	0.413837225140517
-1.09018102071887	0.889325237803634
1.61774839795225	1.64971864821597
0.564971830095884	0.333240763581178
0.598585365812621	0.448176533026473
-0.515029786183108	0.271612240451591
-0.250670108379677	0.128074941226112
-1.3842190241911	0.729232441544026
-1.65200681450222	1.2872003059575
-0.867492602225427	0.605387608694689
-1.06451082575874	0.720630749768314
-2.98851544316608	2.31632830826511
-1.73340317962788	1.47320253868946
-0.883128734254695	0.537482954238786
-0.322018730641397	0.193601042117633
-0.0983712264633929	0.0503742372114373
0.0349441949614259	0.0175310781528021
-1.42035667727186	0.982828507646225
-0.725863099520045	0.397109087909567
-1.60128037738495	1.22685114489791
-0.027360953391985	0.013315941364495
0.18297863250613	0.0826103417550545
-1.84196434014519	1.22645496550084
-0.951266583885076	0.594760320366139
-0.90821684393018	0.544437711329709
-1.84457937189509	1.21562711931978
-0.955568019503204	0.492711996628368
-1.26083576783864	0.614098438010501
-0.877205155800991	0.709251040327913
-0.748640732737732	0.410444337679737
-0.930445359839638	0.781961610972186
-1.69425031167111	1.01680805676121
-0.833204676905598	0.923781399091899
0.538177473932469	0.400046272183283
-0.777071757825577	0.587826489477187
-0.843825807002469	0.882110942467909
-0.467425233761587	0.275898373138036
-1.40791033425103	0.915971612502736
0.602953793642342	0.480879116806118
-0.739040608413823	0.694556962138519
-2.05477498182581	1.51320274268406
-1.00889970142631	0.643971019601639
-1.24004436060159	0.937147933444114
-0.666953269625584	0.519779750358235
-0.450256959972096	0.320414002258286
-0.534114286518003	0.294145798387966
0.068872878703281	0.0378096535767711
-0.336662823411497	0.181754584131017
-1.28346856755933	1.1921228728426
-0.651439305262329	0.333688350055303
-0.647902333165131	0.380201252779314
-1.21487788293053	0.874600322841336
-0.13032530416628	0.0873714566528456
-1.46303743192927	1.01610826632086
-1.07396801036607	0.989000508108214
-0.987879523916154	0.760654346654915
-0.46647148404326	0.27452424139807
0.142469691374724	0.0613655383296116
-1.38180071260022	1.13352595040483
-0.541430607285857	0.382764587185003
-1.42318149694211	1.22822809278391
-1.39967406581466	1.16521281015529
-0.347567636110098	0.233362158797584
-1.33877781844741	0.865478714812823
-0.495554899391312	0.365092767805102
-0.656017840326605	0.449641131854435
-1.36589506134285	1.11583973774851
-0.108814753404191	0.0647136533570187
-0.904370645852539	0.648937564762943
0.305818985667481	0.143560992254759
0.301825740127003	0.197022043609504
-0.325439651116379	0.21051110514258
-1.62580835174246	1.57502497515467
-0.746296370096231	0.608543980096832
-1.59484524231817	1.14887653352484
-1.70344346190937	1.3849017338045
-0.857910641463709	0.684420433819192
-1.01295183072421	0.781407012508597
-2.11275391295738	1.64756531807482
-1.29684464317617	0.806860934360315
-0.505609003037696	0.344885763670523
-1.68313591947315	1.02215750862966
-1.14581474740615	0.815780362201334
-0.82637194389856	0.547033267410094
0.538388983012769	0.321157373603017
0.647301062913757	0.392949903801321
-0.348639186902843	0.213374187150456
-0.943122912913669	0.798648476322132
-0.0569633367968925	0.0327857524799325
-0.532147669005788	0.36233429168912
-0.550014096146161	0.350412132180719
-0.850978813746684	0.576875804649771
-2.00673359244924	1.44536520400203
-0.0896982823301226	0.0488268654681702
-1.13498186387215	0.810002744536158
-0.0288835431269519	0.0153393079775166
-0.193696808192063	0.12380212570565
0.21982443487381	0.109244579771699
0.356668970797746	0.220602153872464
-1.54121004296746	1.38779444515708
-1.83266674795031	1.21420360176192
-0.540942135867496	0.255070655011136
-0.73699698577445	0.398924928737761
-1.25768879480255	0.604365054089661
-1.77095443362083	1.12773884814565
-2.95287160836705	2.27971981673544
-1.3626729248677	1.11178637625857
-0.596917972833741	0.346433263922045
-0.393841400172866	0.149522616755786
-0.186720306432599	0.0917848103652613
-1.52888914053484	1.13415155055722
-0.530603839934081	0.333536201043821
-1.22467953861664	0.733878529375874
-0.736216761463176	0.472294803994502
-0.881687511074467	0.535835991162988
-1.82775795260271	1.20563247287308
-1.89621470341104	0.878580428765725
-0.730936934487772	0.399173398969001
-1.8952729334412	0.882346977683964
-0.240336191535757	0.166577033040169
-0.376115546876023	0.224904773072028
-0.78649924664069	0.518129423290338
-1.45835933861748	1.01954396264063
-0.698262434715165	0.437615111488939
-0.991355711089974	0.93259342171061
-0.919356432645193	0.852437864420121
0.0649646813981751	0.0361370885039006
-1.2432661136483	1.32523221672727
-1.19150081689133	1.1943544686261
-0.253294778561511	0.176640015678749
-0.861842301926912	0.588642304236968
-0.890702168130681	0.730854963346965
-0.77706081917775	0.585814346062904
-0.249264781036749	0.141353486214662
-0.689047031245735	0.483217633561389
0.0647289292471234	0.0303493338470042
-1.9033802717447	1.80910449449227
-0.427704401234061	0.274437373624146
-0.551323363279929	0.38781611173069
-0.00102814569937794	0.000414033950711587
-2.38899728934021	2.15197673912143
-0.908162138697758	0.645468605501586
-2.08625078375165	2.2192107677664
-0.951540772168691	0.593258327191214
-1.29405515997164	0.825830762054879
-0.607074698515022	0.401713524953531
-0.608155157681263	0.350717607679709
-1.123274468627	0.80234255162172
-1.14473812001647	0.982126661545401
-0.624223151860521	0.409223982346647
-0.302823895665804	0.143332327233895
-0.970877964411882	0.825760060776903
-1.60564194026331	1.58371701208356
-1.89212171129682	1.26747809160485
0.104957901125152	0.0552650172844466
-0.592070402942923	0.429261998466622
-0.505176560577681	0.361101939545593
-1.88872622266964	1.28703975694683
-1.06209965018228	0.697992964718831
-1.18586059196969	0.889263295404855
-2.95026288868002	2.24926473931104
-0.303409285408447	0.223839320685255
-1.12538632438746	0.934246545301633
-0.777912639629457	0.659129000911003
-0.538637448893988	0.336893728675135
-1.34564625566923	0.821114242593509
-0.745239807652911	0.485272146286501
-0.978871413013526	0.611257750021267
-0.820877169087615	0.632428123445781
-1.05929671710353	0.708975680828281
-0.528449656090644	0.330008753160203
-0.727417726310972	0.400819239294854
0.184124982693988	0.0996693029682355
0.569232137503741	0.459428243352875
1.08052941233545	0.706256339372318
-0.38510939643905	0.191114974925142
0.370280530237142	0.288328187743067
-0.483337231124034	0.290182084064706
-0.620046427709828	0.406900376504518
-0.154911086257971	0.0950888063843295
-1.15272756935242	0.669452772606538
-0.978236019594524	0.727381724138646
-0.101577251175806	0.0468336399474844
-0.902969049943887	0.532925365709047
0.312017610595383	0.159936882225541
-1.20934716309212	0.723723838911482
0.210598842105605	0.120864252480655
-0.865174165817937	0.429097772844691
-1.90980308025644	1.29276197359184
-0.0446672685823701	0.019282485692381
-1.20296795930237	0.880651126784055
-1.1454808231824	0.645008448481667
-1.50702214812558	0.824162211109352
-0.357457575865853	0.188795669562199
0.801381218388212	0.412814704680606
-0.751625388792502	0.48694637336697
-0.653319623289139	0.337698756998723
-0.881940443785843	0.526486347694176
-0.81674528405997	0.545465498286999
-1.8430158945861	1.22251665647788
-2.58257574876855	1.60078736950337
-0.303934511326917	0.12927962421762
-0.466730134742414	0.248351272059289
-4.26789154210047	2.35479472842848
-0.812550363667729	0.47146098348827
-0.986650451614346	0.752165894432417
-1.58590340568849	1.20166879694786
-0.405587053937146	0.234815929524048
-1.22391130255839	0.7278706936539
-0.808483244793671	0.626193963883039
-0.540911013673267	0.302796661676519
-0.740588427967915	0.461785360892497
-0.725757702994633	0.517246603666324
-0.928890245840224	0.748126606184784
-0.86474468632083	0.693592402593358
-1.41399593954842	0.954304055118996
-1.84457937189509	1.21562711931978
-0.972431848116746	0.712722881998752
-0.246531545838949	0.126151507407251
-4.94142560439192	3.26245715375675
-1.2318441293866	0.747793015540769
-1.82932300237488	1.20264103670666
-1.41558350218062	0.909902380364273
-0.853823896843008	0.421565498101145
0.551373118381813	0.435989275063958
-1.15171208216229	0.674042020119175
-1.06019515660824	0.709972280588921
-0.22739480053328	0.0998711260046063
-0.353370647684536	0.195049617570241
-1.45338683821474	1.01317470481987
-1.66867169527205	1.34177315784011
-0.981531369961989	0.754739520989174
-1.24185098459558	0.953752435782792
-0.097075713221409	0.0406904601594569
-1.15445225620882	0.675968422141587
-1.02261214599905	0.663017098143794
-0.321303599754347	0.174097551743433
-1.87540007052607	1.70573847124471
-1.61191056016134	1.54082413955179
-2.06043255609021	1.54930601314431
-1.16147114129892	1.00653555087339
-2.08678145459587	2.15836744522087
-1.96713343621823	1.38739992875679
-1.89042339770823	1.28737795624384
-1.95814409866211	1.3648538039041
0.55182960190935	0.295167866687646
-1.88828021419665	1.27948577260195
-0.878672886073501	0.716149133270247
-2.50675484241186	1.5349608311107
-1.25814411137949	0.953647958052945
-2.083610302558	1.55216271742856
-2.11861420482926	1.65740520108991
-0.405723278677283	0.279564353354829
-1.29393785662253	0.820703717620961
-0.681544215639117	0.421962560112946
-2.04517590014466	1.50149833512423
-1.51456084190738	1.08508199250049
-2.20287205186309	1.16808576156981
-0.350107764288023	0.213982470598661
-1.31313660308498	1.02589693143714
-0.22358193253047	0.101344817628279
-0.722866550308416	0.335302310343589
-1.21857474993373	0.736343519593422
-0.397077387432517	0.203132144643836
-0.293883339575771	0.186648322231359
-0.252567109579676	0.155987843758361
-1.19402698004262	0.846675184596176
-1.49450347981735	1.37338683739963
-0.877652533400229	0.522424901639317
-0.453684007448759	0.234341846679582
-1.3088691800651	1.02484126969922
-1.49773084642762	0.825226983493557
-0.834873305009105	0.466777458938105
-0.65451247863426	0.335476081326569
-0.668032512649889	0.34471811126632
-0.46897494222666	0.281803022792259
-0.574223691167275	0.244951345373977
-1.78275253948798	1.14401872144682
-1.39279419904465	0.727092797925104
1.05758504803534	0.598022324848424
-0.219616500861501	0.0988937417396759
0.159493789119534	0.0715097575760648
-0.629501584115549	0.369606863907026
-1.59484056981253	0.925554202188953
-0.48042283436182	0.25836552589209
-0.126705431623243	0.0530281662125055
-0.651731293204388	0.334598220274918
-1.77292139824346	1.11885602946167
-1.50226258601681	1.3864586707751
-0.749398435260951	0.475471800584203
-1.24959125313771	0.937368961048513
-0.966091427451534	0.927234531625778
-1.74863349843483	1.88581884785453
-0.278383906814253	0.140484636652034
-1.2483551385737	0.965647242753208
0.408479836486403	0.325888827530994
-0.920079368476784	0.852146744206395
-0.953854926202097	0.606927284617942
0.239350004508606	0.151552916375201
-1.50623816504065	1.07596595831473
-1.23863354683461	0.93192709933827
0.711028048723757	0.705221518935033
-1.57949699200458	1.22567119301531
-1.06589629672219	0.584189199199691
0.0254718461872221	0.00970824248139846
-0.0274772330881448	0.0145742371808463
-2.19466137347667	1.73936743225083
-1.37318508358812	1.15076431530344
-2.31108820051107	2.01946112019265
-2.89517747626638	2.14853947768589
-3.17046191585003	2.7094277763189
-1.1467937035408	0.668717203168714
-1.49576660644029	1.36158034816642
-1.30062721420154	0.82755313232086
-2.31915154993932	2.05649202994577
-0.471792167826977	0.251778120716952
-1.92336926444066	1.25325371868051
-1.60260759331584	1.51722030189081
-1.31822026589143	1.03312651531647
-0.737066437058799	0.652611958231166
-1.57312801351549	1.18344021469891
-1.57417129775063	1.21145358815419
-0.331701788121322	0.217178549118997
-2.88929419480719	2.14553216227875
-2.16251432100943	1.68483941164259
-1.40497732934378	0.966245489072478
-0.812532919121762	0.551267054225463
-1.24382114951532	1.12807013560899
-1.83251714341342	2.74575997443122
-1.01146517406464	0.781365058035266
-0.541678406862167	0.383112528328878
-1.12414930047062	0.941982166826545
-0.669526659894331	0.468589372381862
-1.41227649287188	0.973263279545625
-2.11796327908884	1.62868929168424
-2.72985436751631	1.83461032231482
-0.623663031709785	0.361761829221551
-0.598554336695538	0.345741956543061
-1.89606671051162	1.29717229010861
0.783040024798994	0.627891161780113
-0.664713959980916	0.404537078794215
-1.52291302207284	1.10266416424271
-0.427932769234586	0.247965911401893
0.273598837351512	0.162311722828779
-0.805352428043881	0.531386414024628
-0.197115128644657	0.0976316476717024
-1.06256621257821	0.568932022340669
-2.85303164005554	2.06042666303217
-0.962803450081174	0.601537872211586
-0.675784907095605	0.472402822749002
0.293150635413943	0.138199934347199
-0.384761389992891	0.240298992773747
-0.935527198027857	0.592080483146993
0.540598031338181	0.293093715130221
-2.01368361491328	1.45035341221748
-1.41720068462334	0.988967432592435
-2.52099017604265	1.55441164027112
-1.35668346725866	0.892251930947963
0.419999235574607	0.280195664435777
-2.58661611298301	1.6154603565405
-2.59343062413731	1.66931245639435
0.157906050424558	0.0712887659488949
-0.632853749976066	0.376554034100786
-1.06101309890443	0.595303483745116
-3.06190767785616	2.44981039237242
0.116231852539919	0.0565975235186014
-0.690920946003049	0.429276549474272
-1.84971254314243	1.17736342295754
-0.558408525196893	0.236155374837529
-1.11386576791969	0.777002493943469
-1.21455424099035	0.739796960539743
-1.21106919788105	0.895071126235343
-1.19134777106414	0.862954199788849
-1.33487291560889	0.854460723384177
-2.25166381377659	1.83925096749985
-0.782172236653121	0.581604243270907
0.149951367177154	0.0891811992178394
-0.304957010565545	0.145438370311934
-1.50781081310739	1.05618840429698
-0.00260526476762147	0.00138214234417837
-1.67032575941929	0.712070787294208
-1.40594499964602	0.962957861346144
-0.405311103802408	0.206815718029316
-0.287493477728683	0.184219474297662
0.273509430951028	0.1522449347483
-1.61252857595724	0.925104848247884
-0.935754901659911	0.585005660552679
-0.393472015665915	0.291794887656191
-1.06356083700989	0.725302534775649
-1.58164434419269	1.54143454817694
-0.31986644190833	0.154590402296095
-0.192416720985448	0.0943176258088493
-1.38069121987498	1.10414204018785
-0.735803301947285	0.389231511066069
-0.478276322912186	0.257583812675456
-1.48090009652473	1.01047664832419
-0.591097807078631	0.390885413173042
0.44066165481881	0.229667804582536
-0.30993984006327	0.143396993797961
-1.75724862657897	1.09494615091554
-0.437115364189188	0.196612273546669
-1.52474362189091	1.12157924111475
-0.323660275757465	0.136316969616799
-0.658352428428121	0.343553501539259
-2.17712673349596	1.73973908212472
0.0663442015745834	0.0286478480449322
-0.734519035861734	0.40255042192269
-1.02070657767997	0.667820061053039
-0.263435120257139	0.138120804287671
-2.50520823277517	1.49810027810919
-0.603964911057532	0.352142835486421
-1.38319560864314	1.16190465185906
-0.773066547899086	0.636882421196057
-1.0449755692897	0.676356479895765
-2.18093274722176	1.75999492471716
-2.06414538549578	1.56238351043034
-0.506906476488748	0.314105086080977
-0.335882258315212	0.142677715304482
-1.83528463909258	1.21128629478017
0.357133471018487	0.201478616642347
-0.744531211424479	0.398132784984657
0.316538405102398	0.203364815243967
0.220707369310492	0.130888491514904
-0.72099237693748	0.450930071418194
-0.963937865893664	0.592959272337234
-0.971121527117941	0.842480272419316
-0.736034021909567	0.598883811439895
-0.47103277162498	0.284103270965887
-0.734155182290923	0.46763533733044
-0.865982368794374	0.504078732651638
-1.83943914709936	1.21227542326905
-1.85396281026777	1.65325759470178
-1.23498011148	0.75795729203022
-0.858294913487609	0.498769125412808
-1.68705536910669	1.01340066917239
-0.921825722816764	0.378374709091676
-0.472947038758634	0.253225064312839
-0.413911805364506	0.209952499940813
-1.38821858755731	0.717812867577884
-1.2153525361686	0.71502203292698
-0.878000434714269	0.529681791738547
-3.67577796043795	1.66934043248277
-2.75633886717563	1.76063346295378
-0.799048720993071	0.452038959068551
0.020568182647215	0.0069229193744074
-0.542889795848251	0.260918108597591
-2.67205392865627	1.73078615357772
-3.84746453687368	1.88988334428878
-0.117864779957005	0.053967221068232
-1.09052731666274	0.49119715343704
-1.9026233753494	1.28154923457315
-0.736459209345685	0.398131398768695
-1.40401170558507	0.722645690085148
-1.02247605786676	0.673770012418364
-1.51985209667405	1.1035882796998
-0.524167599097515	0.431837290010556
-1.15437719875946	0.994562400710911
-1.68888840418306	1.30816105119948
-1.60041412675747	1.79543922134377
-1.2742933864259	1.33158715078765
-2.82410674656587	3.27533014735658
-2.50909226430793	1.53770251133296
-0.19360112193414	0.136625216846864
-1.76398678071281	1.90792167147646
0.0369277145942531	0.018555087847399
-1.80498156080173	1.98938088729998
-0.322081145428268	0.243503123158095
-1.26981748778376	1.17364031126471
-1.39935849402481	1.41640044481786
-0.295716048631494	0.175413368730663
-3.15801818081646	2.58453479330717
-0.403892376789744	0.319765249072294
-1.34603226647918	1.08035487213409
-2.26404612942289	1.88886114393364
-0.321421188060059	0.209195495497411
0.330572557272097	0.170365085394409
0.422510195353844	0.260728290614945
-0.0307757309998244	0.0135908077174057
-1.50487099174098	0.813096073507998
-0.4890443740045	0.362197915197212
-0.309070958986163	0.145408855968315
-2.24445856296702	2.57177932665029
0.276950022531623	0.174898095982989
-2.84280984367461	2.03129168595068
1.15814651328466	1.12481328304843
-0.537325706670504	0.34336765909308
-0.407426891449779	0.25738898156439
-0.928297429936364	0.568895668870051
0.0573289033074989	0.0339009802126438
-1.1100530475007	1.04149100677165
-1.36937224769068	1.35650401012342
-1.68359882697453	1.3762180751104
0.0206347851975667	0.0106447335509657
-0.0978511007171842	0.0438567932099478
-1.21023189372899	1.06909988127889
-1.69811774034414	1.39243609869675
-1.58876603481616	2.04045736210651
-0.609188837784343	0.356922579745547
-1.89088178155434	1.69231128967034
-2.52203491443112	2.48736334053995
0.255319955315151	0.18148527403888
-0.964966874345506	0.845521265368631
-3.00075514041791	2.33456818421727
-1.98420672919092	1.94613781760141
-0.247341274662739	0.137781892741517
-0.519359957091702	0.425747057584888
-0.559880942454099	0.354189001848109
-0.170243171077195	0.109850993383912
-0.779795987408588	0.581236293392421
-0.511020230656822	0.352716719333636
-0.764242406649779	0.642927134238636
0.763171117765184	0.599321611194685
-0.880871707681433	0.538378989310912
-2.40302928453785	2.19394687523534
-0.614565985037229	0.45553966035642
-0.403512317416097	0.231096356098226
-0.898736174775874	0.534129659406115
0.0813624044525474	0.0448752071556554
-0.836663982136382	0.570095126294632
-0.929315669023879	0.776952834008554
-0.746968093160871	0.556574666396882
-0.786931556908161	0.59497248193513
-0.618392326669589	0.495365112652601
-0.930204944228602	0.664411815577992
-0.918328414651909	0.656618294046212
-1.95969640989302	1.37854569636654
-1.52555885204137	1.07806128361647
-1.35851768566183	0.884580466983651
-1.43043945118705	0.974812372372463
-0.449290545814135	0.325734815385252
-0.474919872833916	0.254743719880579
-0.688018312454152	0.426008467404681
-2.05313775936377	1.03854612130225
-1.47052418711976	1.03029689348272
-0.871179962306173	0.524144964112665
-2.3349528452343	2.05284245858816
-0.631093339991358	0.360357019923711
-1.59544155408184	1.83985651390768
-1.20272671875515	1.07327531260821
-1.70870370278815	1.77961144873981
-1.27427654248912	1.37333003448878
-1.76736032782227	1.88728859120944
-1.7471390769132	1.4405447784581
-0.604699124706825	0.402605641264042
-0.938164245668273	0.58676630598212
-0.591119368755827	0.437441194816287
-1.46949623795881	1.03440052312314
-1.59012469216665	1.55250162527434
-1.51415016490791	0.839776539033013
-0.944470406552898	0.589057355725741
-5.23051622286145	3.77998670378069
-1.03910476553056	0.818866261523934
-0.524581219966601	0.322873687508573
-0.780107400544143	0.593791542265888
-0.0334406920537527	0.0176589626312134
-1.35545736151846	1.11573675992917
-0.923235510055292	0.776133657260212
-1.87860408304876	1.71994214160385
-0.260016412085287	0.182634905232001
-1.17596626286501	0.994833673230019
-1.54038615869596	1.66943459742851
-1.27663174561506	0.987172521737416
-1.01273191013723	0.898219881509526
-1.18935554348799	0.892527495966695
-1.23401180617777	0.943980261456361
-0.670842526295904	0.398157313958
-2.14144022440919	1.63932089013866
-0.477429301356451	0.253142252009328
-1.41677790611542	0.978838575086816
-0.630501756584082	0.431660196960556
-1.40392633699246	0.964033066771406
-0.578251314675637	0.272714982632897
-1.29729649196611	0.799394178755466
-0.549371790587643	0.309535451290276
0.0183227466917289	0.00634704167315123
-0.0411875661920247	0.0212696928830484
0.0328064415132905	0.0158089600471579
-1.13609743721376	0.809038936443291
-2.35714258310345	2.04498621386979
-1.06926498088461	0.589147719544467
-0.962732003561506	0.731716699650518
-0.578465596242406	0.382795877175633
0.361855915845371	0.255855571942609
-0.933383631523692	0.578039069192901
-0.594101255702263	0.33399276852937
1.19403789408386	1.00620259867574
0.532544791187881	0.347706214414719
-0.528346040208593	0.334685487854524
-2.98127973475523	2.30415646661444
-0.285786910169899	0.179357862545527
-1.63544691332271	1.3012606267283
-1.75354186412504	1.87182796092426
-1.27687499724689	0.966607903947016
-1.01631506496687	0.9072819915052
-0.612042565197164	0.411105181102084
-2.30394945372398	1.93411421674846
-1.36032528533704	0.901979409264433
-0.309690436101935	0.184467983425891
-0.243735364004475	0.148205021390413
-1.27778314205701	0.994295622217012
-1.81168877300378	1.61582760928378
-1.12049636732044	0.799222639781207
-0.73221317273014	0.391838449361416
-0.668085832330595	0.40943362504171
-0.812094420903311	0.471917317760225
-1.0520722222538	0.709464056213426
-0.40976847254433	0.236118564438496
-0.481044514241435	0.294038033650467
-0.344597668151304	0.206656695736765
-0.838499740660688	0.561617468558917
-2.10463546850198	1.59580540852054
-1.29556351479005	1.38369672085097
0.375803930816574	0.251509492726925
-1.5229912439254	1.36472929771093
-1.37728297847955	1.14146776583313
-1.25184934205468	1.31216534792983
-0.586671203605621	0.243745449730061
-1.09544820818775	0.487822446205979
-1.09012099838142	0.711792134426235
-1.57838537310973	1.18242304274839
-0.127805647077618	0.0601425252064857
-0.95685816791974	0.605676295215874
-0.630149153025369	0.364287592452353
-0.469943167394314	0.249106563070017
-0.892770893831383	0.537788621209299
-0.905439465205444	1.07004022735077
-0.683058203305275	0.592380862295021
-1.07110645631276	0.970934456566248
-0.398678840776886	0.226290359545948
-0.751607781747836	0.48623366694696
-0.545241478807677	0.341815675946158
-1.53436242846992	1.4154945973716
-2.03334807999139	2.04519752333305
-1.10650945578239	0.911698485726545
-0.727386945988009	0.798884685866024
-1.0870981845568	0.748712735127259
-1.13530906432626	1.10540078293387
-0.997034963863406	0.968718986928921
-2.21090054689903	2.47428538596422
-1.21079047860604	1.24340864818922
-0.800289951563753	0.545729357490168
-1.04225669993687	0.808296204739856
-0.345571871913471	0.230365196259694
-0.714741437295439	0.634575289684548
-1.11558787795959	1.19102658553831
-1.21709873392227	0.920127005441612
-0.994188113885616	0.854578956079633
-1.1502347937242	1.25632137229056
-2.17160422354054	2.39037491630725
-3.11421995835341	2.58682316960104
-0.920518459301325	0.9049398824104
-4.96193741117797	3.3616708486844
-2.16920397414092	2.39091292911446
-1.92556840836401	1.81735707162783
-0.41647746218016	0.266599902307044
-0.904952800491108	0.9236119432106
-0.320923079018456	0.191344019865061
0.033064150853204	0.0167660860460496
-0.818407331099979	0.636467875021315
-2.56314678655826	2.52126066571713
-1.10733402143191	1.06566028319178
-1.22882274160129	0.940361516300739
-0.106054280900049	0.0539493383994993
-0.968277981154298	0.730701970814948
-0.303472426983477	0.17887156771329
0.186906534565551	0.101335319987094
-0.140220664994487	0.085748028845289
-0.125211029535134	0.0834955482697461
-0.176272442227514	0.0943513754135881
-1.5780895524812	1.75992150611119
-0.934814811771084	0.685307950138911
-0.313461932173803	0.209161116411096
-0.709973140829242	0.507882102463851
-0.789608653471097	0.714601136215252
-0.422190308595928	0.242241190613475
-1.31005739493895	1.03793243229645
-0.45188714057864	0.34156026658943
-2.08354370535305	2.17308127015803
-1.35049429094029	0.863729174830607
-1.44149597212687	1.49201713825201
-0.665688799822194	0.466279639277812
-1.67917144776713	1.0158617822115
-1.56114467603741	1.48093508448381
-0.959769801898798	0.723801891906464
-0.513240362568639	0.418194367596423
-0.500717247837151	0.298822041193492
0.439042323058181	0.31678856397733
-1.09950548656503	0.910082637529862
-0.921858794612296	0.667658596366647
-1.11348151042477	0.929257561368109
-1.26187286665962	1.16529788118595
-1.13754987278806	0.810571506917406
-0.0412177603486726	0.0235038601254439
-1.73309899451097	1.43087585171817
-0.722788746769645	0.585714339242112
0.880849831010143	0.948880826348607
-0.812299792694792	0.54322593856741
-0.902404484607285	0.636805903807562
-0.981007814661317	0.742781476439271
-0.234086087540038	0.140145213192015
-0.73691059611878	0.397941354704144
-0.36526058430697	0.226148247993966
-1.00537387455021	0.77926342140184
-0.686160223648878	0.419189368988136
-0.652064318717091	0.454565146809336
-0.883870456770294	0.526131845605155
-1.90193741724954	2.19603498453703
-1.74359262908659	1.47905446833749
-0.531066713592263	0.371396741953002
-0.712839815354698	0.43125638134655
-1.54629044617094	1.10976937408485
0.793723854340789	0.678495948044531
-0.69899322048965	0.430716629036558
-1.29851752761943	1.22781373008325
-0.308130121743981	0.197393402955826
-0.809980438682994	0.539556577678599
-1.26835493925891	0.988343491584381
-0.625031567785583	0.360068799443193
-1.11757624182384	1.19313444273567
-0.0446321499100088	0.0229473744839146
0.527709606331307	0.369752308708865
-0.531049086180693	0.393532569460158
-0.710932344995218	0.575214980927121
-0.672222462906705	0.397345155486905
-2.06817822915454	1.5619581344022
0.12363897489026	0.059552850701575
-1.79329563870726	1.51106795606044
-2.93586894786612	2.22802143667391
-0.632141933128761	0.476317955952366
0.552421640216201	0.351933388001175
-0.202205902131231	0.119606612561815
-0.525360954105235	0.330638917216695
-0.178122592595132	0.0877454716503892
-0.806362135259011	0.549355956211084
-0.68722904964853	0.591504903222129
-0.764510182863163	0.564671906377347
-0.864768382447108	0.602890365093042
-0.000829363293809641	0.000242652420705346
-1.78135225683027	1.54418299669551
-2.38033380697455	2.14456358838464
-0.31230116664407	0.128739547603327
-0.404739173222213	0.229419613992712
-1.16405259984903	0.659035000696964
-1.57456000674462	1.19097086039215
-1.22308826159319	0.907321998263532
-1.05218245584341	0.834941895123269
-4.83913682256713	3.14315954317946
-0.55606277856055	0.315772014037348
-0.393989065743602	0.196873099825227
-0.453233499408725	0.326471880180025
-1.12155618493432	0.77672626746049
-1.49660523471261	1.05379540463014
-2.22005301800412	1.83932960840198
-1.05555954470655	0.700336394734423
-0.955184077952232	0.588163644542119
-0.405570418125754	0.20553597922992
-1.26189990749298	0.960219974962894
-0.26910090143054	0.136069106798552
-0.231678185143249	0.130493245665682
-1.69200015757391	1.39786171360079
-0.552200305335215	0.420166208497511
-2.59301700711016	1.66404554846573
-1.83675846411356	1.20554861034612
0.145172391473502	0.0817915151481132
-0.929578452071169	0.766737948596433
-3.04597380946232	2.46212106827362
-0.991318782684907	0.693700005468144
-0.348013667135384	0.188084138923751
-0.465037109049699	0.248259675983228
-0.74564046083672	0.483630720904613
-0.408591087547264	0.23608909485115
-0.882621960604302	0.613322256506805
-0.114572071640149	0.0482089595334179
-2.83322100326427	1.99866038414246
-0.761798527312015	0.48729079332655
1.44541309416761	1.53299488358932
-1.12868294905386	0.786347623981509
-0.620831528184629	0.35670932636689
-2.01025507965004	1.43651705056949
0.900234538427978	0.668200610105839
-0.509347655424484	0.316207580142147
0.623880099405933	0.445023046626963
0.228115192549721	0.144409982375018
-0.804433823627031	0.628971768503271
-1.11968977130773	0.797385426936986
-2.0618684904161	1.53372825285381
-0.9469187519598	0.477894487168996
-0.631774764352655	0.362810871587271
-0.885551396360435	0.616824056338444
-0.395238386856139	0.311276575939133
-0.144681036112185	0.103401660089515
-0.258388792993002	0.159171978048201
-1.00324975530242	1.1431303371376
-1.29196431522024	1.35912851572078
-1.12656457457949	0.959509819312853
0.360866995060587	0.204248322845368
-0.123245826687925	0.0744564884766499
0.078820010686865	0.0443010076100761
1.51367191071561	1.94576898504775
-0.314995536509816	0.256025176130957
-0.24851165179047	0.151557246866219
-0.408357016122909	0.235756969169986
-0.723158690505949	0.592917787038832
-0.762625404574388	0.613321101933758
-0.711889929994374	0.511989134216929
-2.34273598631517	2.00653363189579
-1.20500626707042	1.02959777596479
-1.28062664585332	1.34721542304712
-1.1246662952088	0.941925047762846
-0.34717043770242	0.211496361286321
-2.02130441732995	1.98597724588289
-2.22386321544311	2.53093695481664
-1.27802249188513	0.792161250908353
-0.921013110410552	0.679695583465863
-0.936871342344397	0.881796785356825
-1.39527327706373	1.16590556819632
-0.348092461937878	0.233621548548564
-0.998987162476933	0.880195185272703
0.339700644561009	0.193494966300288
-0.957664062099009	0.716289860352621
0.204008367168846	0.134522086265924
-2.05840430709334	2.08582872837081
-0.449800351722779	0.349084462509806
-1.21203931282087	1.10034180053817
-1.76557862792173	2.19333195728179
-0.85788679943545	0.602522257451291
-0.0302493133411706	0.0142425363922079
-1.35013513504068	0.833547572343294
-1.67367104048474	1.70237001827928
-1.59042208958764	1.21008740803275
-0.341421852479581	0.229269184258723
-0.13987137498074	0.08850197206866
0.924123985473363	0.87205498879093
-0.657162950826878	0.449006510595975
-0.739203468920768	0.537829459251826
-0.0367681088838211	0.0176411182397515
-0.606697861632441	0.35962870025431
-0.423529758447831	0.244382114792802
-1.68713355178419	1.35530886158082
-0.459117928096407	0.351484932044341
-0.999113802070108	0.636305511454764
-0.55529457081503	0.434230680192852
-1.47426104269419	1.56255989485782
-0.910384214260029	0.659671190774403
0.34786394171581	0.256647234222849
-1.28374700576908	1.37112276382845
-0.652797847449768	0.539182472293653
0.131242746304793	0.0744224039053799
-0.217990684428749	0.0981054406869452
-0.704985944910024	0.498637332828849
-0.478589131139775	0.25697377581298
-0.479356917031015	0.256992322513751
-0.168295610734282	0.0652161988192396
-0.66476854517479	0.343881210161144
0.7946970088233	0.589852735113856
0.120100585841972	0.0687829264300077
-3.00637061902878	2.35831593890337
-0.281191024352123	0.163943095861897
0.646334020889309	0.589862539183137
-1.57452387307711	1.21170239353248
-1.48757488173621	1.06120798992255
-0.239497307811402	0.16795632891153
-0.594156093348705	0.504894042427494
-0.297315976615923	0.234094654765646
-0.952966157485637	0.598297664360442
-1.13394382808569	0.807496926870749
-1.62301635939798	1.57149164258302
-0.346034373635227	0.231017961280205
-0.0364977461647913	0.022477391492215
-0.248967376716081	0.201626781028724
-0.637200733663585	0.608874003422576
-0.274713983456139	0.184661862633567
-1.21949195855804	1.08716250480086
-0.435128291541417	0.302368286630137
-1.28415435101619	0.807979102793547
-0.573066090498325	0.413665664221189
-0.255501573686498	0.146155328096526
-0.46677308600162	0.247879922289897
0.119893685958066	0.0795351475297189
-0.79957320000459	0.52619796685203
0.290535930877153	0.189811845542285
-0.986357186941607	0.735673146959975
-0.882064209973736	0.525645881144558
0.0377046526111716	0.0178531693989713
-1.53105455247693	1.1158619890437
-1.02322281453066	0.926050675703814
-0.959055396827449	0.699094497945483
-0.468582775507551	0.309008570681815
-1.43356836368611	1.42438671894504
-0.913989343419433	0.662297998106583
-0.974535409821752	0.727280966076462
-0.837403664426929	0.853182378239073
-1.08525767220779	0.887876253953309
-0.529618696778802	0.334429337394711
-0.39652444604526	0.22726268263391
-0.324863659051907	0.175127023648004
-0.113816314792311	0.063302278205105
0.268103312755966	0.215489510605178
-1.21230075272787	0.829483536342381
-1.91520661703795	1.82482397535262
-2.29940386360361	1.99916355007889
-0.453957563553403	0.371223028517809
-2.21630355613213	1.80605449829404
-2.05618369608053	2.13990981048329
-0.4604312637286	0.332184379496834
-1.23487755648123	1.07099875626599
-1.1248766116768	0.926001619316748
-1.34330210325083	0.86007864205923
-1.39555516736137	1.19879723720043
-1.09964131646281	0.767135841824198
-1.17932499820285	0.859376177363447
-0.894579241965546	0.532948216397964
-0.566352206416592	0.312978473297787
-3.33787394392392	3.10420020643055
-0.156454175951407	0.0886725706353844
-0.538270010471988	0.299121163686721
-2.46160780432421	2.31694640646225
-0.840907139197734	0.645360393617282
-1.87067898733579	1.73671594431039
-0.100517619742314	0.0503160120674911
-0.762582413614628	0.573091411294128
-0.549689025068399	0.431758067853869
-1.34083652922787	0.841204025121072
-0.539297822684521	0.342591251250941
-0.906406187204481	0.648733313522403
-0.855801786017038	0.597974061905615
-0.345357953451478	0.22897766424939
-1.3527903069314	1.31180120948312
-0.104812669443744	0.0520907813715307
-2.27946638213658	1.9398651069293
-0.898334669332687	0.823271507473667
-1.81937376020882	1.58493344823603
-0.986534987641911	0.733297953098024
-0.935589109817663	0.594889868274536
-1.30208018296975	1.05107630059153
0.15630125622083	0.0824641295924094
0.52021019907635	0.305211046368111
0.0932004404169802	0.0487199775400629
-0.269903981627902	0.167636483062537
-1.05599272062375	0.680770582831943
-0.378335458658503	0.234249489449869
-1.1387453169742	0.653012845069838
-1.53831154306113	1.1321880149455
-1.01848690221118	0.805494020326901
0.0885390021495785	0.052016999279733
-0.261908731053163	0.163202626231817
-0.580714318650186	0.376890126855211
-1.10768810225242	1.03672801034851
-0.344352016420188	0.243139213894121
-0.411950699295091	0.237456982279075
-1.49455035496797	1.33907479510524
-0.809214337440724	0.618088817423305
-0.36618941368702	0.229412432304783
-0.963651567145342	0.73091092593003
-0.958277853318407	0.507232487816744
-1.218292454079	0.734308935386693
-1.68814817853351	1.00058047134437
-0.472068994954619	0.213968188670848
-0.905239124047528	0.512186467567691
-1.34601679252641	0.878345778594487
-0.807315124208479	0.539266022817874
-0.820770980542345	0.535455831640247
1.63463126973784	0.997945909295683
0.17541521084103	0.0778763466430406
0.159700205974357	0.0648406394678382
0.908239298261335	0.563961224177412
0.297956078141851	0.135680620144273
0.615791482800061	0.301763861905947
-0.800947374713653	0.457386585519381
-0.181666667220135	0.0948428125990435
-1.28327590600372	0.80368109671695
-1.88924810867631	0.876695049435278
-1.08652092074593	0.863814842049046
-0.746074744508209	0.481184369468089
-0.821786934672085	0.643911724984644
-0.281043834724105	0.202459967097253
-0.860395350470833	0.490789771768105
-0.561139751307567	0.319494068780757
-0.958133111653818	0.606274155611362
0.29490182112782	0.136615576745393
0.265278899186434	0.144832339294895
-0.880893620700074	0.519400229735363
-1.47923222974315	1.03725494288988
-1.28472753910787	0.805943502121553
0.90048898624029	0.574247338144726
0.192489535710126	0.0859930417722284
-0.114439017183042	0.0471973777129109
-1.82590366125591	1.17541842425953
0.876573356060286	0.504324037011493
-2.65820584148883	1.74989007824665
-0.510127597969602	0.350280682446171
-2.03629353207595	1.01041533602645
0.652937321736579	0.537881745645584
-0.537210026899367	0.256926246684018
-1.86699798057145	1.71584524404114
-1.8315335814822	1.63242106020106
-0.584933076563074	0.374895041818687
-2.71830693620794	1.82293512481479
-0.73623783419099	0.691306551643975
-1.02408933324857	0.663932870663174
-0.340375696522166	0.186380516476479
-1.52772242183172	1.40653845802822
-0.63448908239605	0.379217218608972
-0.518115883083516	0.321637620734067
-0.464422888113264	0.270656267208745
-2.77974364366612	1.93406085772434
-2.44775373559813	2.31574891495417
-1.5808358757956	1.20786361744131
-1.51641088515736	1.08954333003373
-0.72862868248407	0.40158825266732
-1.394267458222	0.95029101256408
-0.674669239034028	0.418379583141637
-2.31272470690219	1.30023318528641
-0.0372592335706369	0.0175358678490965
-1.11726280939574	0.752424191071976
-0.917346983766629	0.684485355473154
-0.883801558277508	0.593899542232183
-1.89574594433996	1.30211649068468
0.279148047463866	0.155516832746243
-1.57170876338377	1.16494514911201
-0.550475902344001	0.30988759448016
-0.46203947883459	0.212070370260673
-1.25451948817884	0.604455213052891
-2.28958095930382	1.26446408472324
0.0340808467985897	0.011384564973591
-0.929841183757678	0.670611897480572
-0.303934511326917	0.12927962421762
-0.845597618643635	0.421200223027005
-0.229978732725437	0.102800498798705
-0.404042566164406	0.235714092681317
1.62711229930042	0.99946935366177
-1.22391130255839	0.7278706936539
-2.03893949536385	1.0115455984489
-0.155672049654882	0.0532398326605042
-1.88078066400755	0.887768995044079
-1.36788072555102	0.874275476929535
-1.38502820066108	0.704680309307036
-0.240858708948071	0.105544671437395
-0.649795909361401	0.340995833076288
-1.23820678927436	0.733541250599426
-1.48900529874501	1.01642701330449
-0.17232345481351	0.084419027103605
-1.89296514272045	0.887027726616325
-0.557949251859144	0.306278418528771
-1.05714880462342	0.83284550456785
-0.242022064495264	0.157871108016511
-0.408227117144384	0.285996817469035
-0.54239470194925	0.327864818198319
-0.406589885592851	0.230386962743149
-1.90758483384079	1.32552639633547
-1.59062239376674	1.22604053860251
-0.848464838540447	0.407360267939286
-1.77098493464106	1.5372337735046
0.120718173936883	0.0729788079337787
-0.805495591600555	0.46590772606257
-1.87732030869311	1.69415090540812
-0.466635303354952	0.213533551526143
-0.897768134230417	0.531126182596078
0.0204968514668288	0.00707838582005738
-0.802093037725584	0.521181390044701
-1.08102377031817	0.598133312795503
2.55931866370421	2.48151924971841
0.321652370456147	0.178433984718919
-0.749825853107786	0.340739670312946
0.0916689436939915	0.0476732478119411
-0.220846745929331	0.105898464349597
-1.22857744677744	0.750991124019357
0.417371901700512	0.222494959847217
0.214952440859375	0.105502915336856
-0.978970485014919	0.745073418490736
-0.660201114843747	0.341883968357287
-0.09704346732327	0.0472621211002117
-1.65925908428462	1.28674320583357
0.319889095738576	0.163879350245893
-0.289691783919285	0.183199173640878
-0.256569946953951	0.157843463351407
-1.63630455169864	1.3057796673596
-0.625746438555705	0.449048193734259
-0.227110226327264	0.136322436307964
0.450500169182846	0.262992671951127
0.782684533058263	0.731686928022436
-1.2181123492397	0.742955284415014
-2.41921321773636	1.43030784741653
0.0644929745989049	0.0305629040483572
-0.0274698954111643	0.0133666415305658
-1.48996779631519	0.817492164741351
-0.690332893161309	0.424731744519646
-1.34927798989478	0.883880597116956
0.678645367554753	0.516922218967406
-1.39025504018232	0.728106791219131
0.312579545459744	0.160364390760834
-0.957307653157194	0.717453681224188
-2.02056677863202	1.50193951954552
-0.549433359144476	0.311195116186712
-2.65759120399082	1.70752666775769
-1.22182410580647	0.744447446799002
-1.20390353250068	1.06461807756407
-0.343606031716969	0.186541337985466
-0.611044690834914	0.357531124643004
-0.756522928406417	0.403192735464552
-1.41650401884519	1.24001339000699
-0.96722419540285	0.510962639444905
-1.45526980662092	1.03291824505757
-1.75884773504518	1.09782555811807
-1.22650117636661	0.915161508799251
0.516484313097956	0.303782691532104
-1.63908020297287	1.28283014286096
-0.720217877469353	0.49215928461986
-1.96746090084372	1.3868190872889
-1.8369660566641	1.60629367178182
-1.86479187917757	1.22223825933604
-0.640494058761643	0.331660732359956
-1.28961594987903	0.80213447401254
-0.601089222345059	0.349712524791721
-0.0245414718387977	0.0105335472367792
-0.876726850541584	0.523997243660047
-1.13883580479144	0.816251076435696
-0.806835140184133	0.444177108121042
-0.477532052174578	0.294174443889008
-1.57850905396277	1.17627228102241
-1.21286972286726	0.899319672244622
-0.565260397266003	0.318004181177221
0.524158410107481	0.364054693671582
-0.893494670467244	0.641261331235457
-1.06181644041432	0.582251477613107
-2.04229924208882	1.02049861377361
-0.179316902070723	0.0873849196946174
-3.01563636556786	2.36398795846571
-1.24935577524675	0.607095807826999
-1.59721723241303	0.907206664140375
-0.966559955940381	0.51097793245798
0.522261099489554	0.336443858516007
-0.336024267371459	0.183935441091976
0.0403057340094244	0.0190960170519854
-1.88942319731239	0.880178602641552
-0.204665648617963	0.101462157566504
-0.847310880850832	0.417716723896068
-0.579742609671295	0.242097750583736
-0.319431742369458	0.13501100747373
-0.574433718285561	0.281057858459529
0.536704169350386	0.283745062897699
-0.808863158909727	0.237861761227588
-1.35139448364718	0.88708876457381
0.0342312377858575	0.0175022274362001
-0.888674537009589	0.600037070658754
-0.352000798419526	0.268233363334144
-0.430821467892886	0.279512875588105
-0.0433391919117389	0.0226346042941623
-0.487292694884148	0.358145723604105
-0.806853611326712	0.547396283968622
0.0516153370904757	0.0321593022878935
-0.595318961460745	0.434944291304076
-0.499523297929758	0.395599480773329
-1.31655295122326	1.2530491479087
-0.535824155808879	0.381180305631898
-0.875434016474727	0.525883785104451
1.13108721179852	1.34335114294209
0.684305692268401	0.486168667181346
-1.60555584480168	0.924882676163996
0.43476078495865	0.297601291194755
-2.65144737127279	1.6945254118392
-0.795062134588872	0.50291009811536
-0.729806261803003	0.336875955568158
-0.740579670438955	0.461063914746741
1.60403492875579	1.37537415781915
0.515400470482364	0.302038260325787
-1.2200573379927	0.688394039518269
0.527042027777191	0.337777457144608
1.28876407181965	0.848475484683381
0.601216206628279	0.381691445569164
-0.862713773836069	0.515099316281412
0.413321686655648	0.252347245326259
-0.809251190111645	0.460983867355864
-0.481066621219186	0.28788105120967
-0.777629998689556	0.583044945385116
-0.398328549430313	0.227043235349203
-0.310964786956123	0.165939547096803
-0.612499125118179	0.365763421088609
-0.318818299452847	0.204186567717829
-0.411284955641762	0.290227122044581
-1.17821802767163	0.87003039396907
-0.427717509649531	0.267167753722515
-1.41144300672952	0.967198796740007
-1.65326791362665	1.96610554024847
-1.7797261547639	1.13253443349631
-0.164759272779584	0.0632785026522891
-2.1728783927702	1.71751817134121
-0.146969184574265	0.0658197654632195
-1.83458682929577	1.2050245276931
-1.795277325086	1.56096794313318
-0.176772069450223	0.0672929884578794
-1.47919451140637	1.05304417419424
-1.28807746366251	1.20312711071338
-1.28714470421015	0.825620165807729
-2.27545866609979	1.94051266727142
-0.607391533565726	0.352463739504243
-2.27163974993657	1.91627083909178
-0.353679620095361	0.191017823517455
-0.747524490934051	0.486512958143303
-0.114842231683489	0.0486340647944529
-0.775086221255783	0.574876244555519
-3.13360027854421	2.63165673085963
-2.0569035525041	1.5172990351725
-1.14472296314095	0.972110493575597
-2.50311439385531	1.51966385180089
-1.29085594542732	0.803330818927867
-2.05268411178158	1.51955919485294
0.153539505768673	0.0623484039526848
-2.51018525078415	1.54739983665535
-1.45188956076532	1.26782218298923
-1.52818813866539	0.792968508678623
-1.70558213801788	1.02638003040707
-0.18038943193384	0.0966743561558604
-1.04837839371627	0.706963712280719
-2.38486079263037	2.15592465793948
-2.71185915566924	1.79081398912024
-0.192730464871788	0.07461748645828
-0.978451595994471	0.735584357288098
-1.89900562868154	1.29965078834362
-1.41786544128123	0.976214887433381
-1.52969707185688	1.13739307843279
-1.75238216063488	1.44886118005786
-1.11578817747504	0.784355040983627
-0.885622039984855	0.5324577234811
-0.405135280376845	0.205821991720942
-1.38530391255975	1.17706227169547
0.903533137741976	0.790893351150293
-4.6979189531464	2.91669022040919
-1.87822309919765	0.872932573708714
-2.51082686824372	1.5558751422801
-2.31041684597049	1.29646511659787
-2.32243462662532	1.31324779228497
-0.31203064881966	0.131674184504537
-2.06804785882862	1.01697174718868
0.215931697315211	0.105791677907817
-0.549682960017562	0.349586574322214
-1.40860188727463	0.949014171228535
-0.418640444786117	0.239859798802814
-0.388457788236577	0.122911943048544
-0.0992657734192705	0.0411756298483772
-0.46186681424571	0.209609497967386
-0.915851244977116	0.378597707122966
-0.326101195563778	0.137901704259988
-0.113483083242699	0.0468317730020941
-1.40409481264186	0.712873248664474
-0.619384846153371	0.412209908511061
-0.6919402964036	0.427432970558064
-0.295276544160338	0.191154705082562
-0.245115511235653	0.184492280278633
-0.347058751836815	0.299619691825286
-0.272223404296019	0.180734558481035
-0.951051033984178	0.908699977914496
-0.932379719933936	0.792874998983987
-0.295356338051363	0.235844259804101
-0.677109181612546	0.631588133582272
-0.317665943959272	0.251698960681145
-0.704017620789142	0.49062153409779
-0.0836884906923074	0.0483687634384637
-0.616675942072779	0.36754781451395
-0.550189462480329	0.420703073708682
0.0261584677083157	0.0125917638924869
-0.778017031487636	0.656500641367878
1.06465857700444	1.28135538882494
1.07343219230371	0.891060995937082
-0.211580582445888	0.116338493795438
-0.114507868785063	0.0478619690692762
-1.35629201681862	0.890315072991467
-0.939149977457075	0.701223343737374
0.0742234215703177	0.032599582195859
0.984988586841683	0.692502812305711
-0.347418379024615	0.188460898788305
-0.209372490655173	0.104262474556288
-1.00257110278387	0.644488374653132
-0.0436665288255086	0.0226804058325456
-0.999910047152234	0.745976608846583
-0.725590021915597	0.620442968990845
-0.611234925261671	0.35747912403354
-0.676549018806007	0.407753084833555
-1.06455021843711	0.99333311635208
0.673048043990681	0.553826941777002
-0.502045773066856	0.302037948921216
-0.984594718437468	0.853571208805674
-0.270932030067666	0.21501835453851
-0.274802289326365	0.20455571985104
-0.516301344261916	0.453706132441295
-1.25412421118446	1.30517820505545
-0.52682337801002	0.365897599774097
-0.944291419933459	0.595935423135567
-1.06045248980029	0.715900073932822
-0.498626230089391	0.298945572364191
0.136349714055007	0.0646713438436417
-0.172854518981745	0.0839105125792343
-0.205667848791474	0.101597069293673
-1.06765944722587	0.718163646323229
-0.0894647739498458	0.0485812625387545
-1.29845563365453	0.782245942902534
0.0125553674056454	0.00728464639762505
-0.21513214527832	0.0973994651842604
1.44602493529215	1.46097527484757
-0.13385790418523	0.0813316437152257
-0.0371210966182017	0.0162251221707157
-1.24157319737789	0.966410192001814
-0.504798890558239	0.371508815431129
-0.495043085070898	0.361840503638538
-2.18259881896906	1.66996303267761
-0.535751702127475	0.408149327204129
-2.11501710762451	1.56813476923995
-1.57115542340985	1.20915692073934
-1.16678422794474	1.00031419312343
-1.14805351371642	1.07821981460177
-0.885240156522389	0.535706423449483
-1.26649811705833	0.973578458973757
-2.60355032225996	2.71661939703878
-1.00690774201283	0.782049746336104
-0.236282542818853	0.13247873220219
-0.350943056345481	0.266364327848354
-1.42403024484842	1.48254264535769
-1.72072333282247	1.41096720804692
-2.72663568194196	1.84568321938665
-0.749510460172073	0.46430561431057
-0.660912127060213	0.515919665463987
-1.32421778387128	1.45104069585106
-0.267558498930272	0.137458585681096
-0.495114637930644	0.33514845338542
-1.2160229669618	1.08590356216151
-1.15455495667549	1.12017260851266
-1.59776603564825	1.19667730117723
0.457653449147736	0.328227001757401
-1.07150263723977	0.732813104574982
-1.3457805391051	1.26639147223557
-1.83396593363514	1.17044717379787
-1.76275649247902	1.0955685172624
-2.91082900501425	2.11541662154361
-1.06893660370214	0.587348154613039
-0.638702809363843	0.327777318399674
-2.50795838082278	1.54687404690111
-2.42587538501431	1.43281758433188
-0.31254124870196	0.148218288984646
0.810400963465586	0.545515679232462
-1.60199192256873	0.909882735213581
0.786583887037522	0.482556015298027
1.12767311500602	0.803084857945167
-0.309427143791337	0.196457846204571
-0.547382465094461	0.351458516197771
-0.761170115257226	0.57506997191787
-0.160738574846795	0.0919271306433789
-0.439496366440813	0.282094490669006
-0.508408695781388	0.444433834525541
-0.353286143154126	0.239282396291252
0.321283507475406	0.232846944241109
-1.10230565583291	0.88572581512935
-3.43999068435156	3.40686912295759
-0.175624374308942	0.114157273857567
-0.802233254570589	0.541396113962041
0.473420613024692	0.403989133460629
-0.370485586517637	0.23041714152734
-0.134225645092464	0.0803204144743136
-0.869108870724967	0.66634179324988
-0.540889941632544	0.419098512551934
-0.346839069662923	0.144893694670227
-0.3130206300292	0.149633138138513
-0.304949185584936	0.174911055922221
-0.200409163599068	0.0886407136660877
0.306186537366671	0.142455588460278
0.8534516393728	0.483004327806574
-0.722787757563565	0.440018530450529
-1.75777712238431	1.11284347818423
-0.034383608340159	0.0178360008573921
-1.12349344059281	0.937119463635337
0.0532171437848991	0.0247995944701532
0.914900860935379	0.692356033503681
0.273910627245681	0.18686442706928
0.911891080201454	0.806896659377568
-1.17698647352979	0.86021421771094
-2.16933927560871	1.75698889238323
-0.704629325806888	0.699572890302853
-0.947923604969384	0.892976389238253
-0.481427325274045	0.288257198675956
-0.990139152728233	0.869526451682942
-0.771335162744767	0.574970946746953
-0.936646578820574	0.579452009458623
-0.204792417800478	0.101435577163586
0.162577474989871	0.087569774422352
-1.0799304033261	0.597313016294488
-1.09300420926811	0.495195135323386
-0.113764543836154	0.0531466731381039
0.570469801247545	0.336185621692834
0.103401777212659	0.0544890369544303
-1.50784002552579	0.813515307521684
-0.171652815775286	0.0912602462792963
-0.658021251629978	0.375035574961002
-1.06549746655624	0.718007702968616
-1.15242885954108	0.795563036487405
0.513071127874383	0.358794802844829
-1.82318627809777	1.61374082039439
-1.48059097452124	1.33510572628726
-2.21402300904204	1.81320560038726
-2.42391063480121	1.43736740499126
-1.41379847209229	0.980731815185286
-1.91196488971485	1.31404148765149
-5.46657284443452	4.50632420433564
-0.522504766292574	0.396034574683846
-1.61272366236832	1.26172536976876
0.149947868351549	0.0783997950799908
-0.513774835634954	0.391461347516832
-1.2624876072536	1.16338181929345
-2.22695006014289	1.81639526880708
-0.680484822959524	0.420954248106694
0.043333963954133	0.0218910925815865
-1.88953308027252	1.74476231429138
-1.22787675310764	0.941510874288716
-0.180011003565994	0.0977250700240836
-0.930910609517394	0.58673140708535
-1.07258433233972	0.731906494404441
-2.95744926890318	2.2063802871932
-0.514277073365074	0.310399548291779
-0.744728876356184	0.403470865056725
-0.178869252671671	0.0693730229194227
-0.202442139081487	0.090785212606097
-1.97283584468402	1.34773262966729
0.315540593351509	0.163639150066204
-1.83507471859562	1.18621998181553
-0.308654617406616	0.147778521006108
-0.386792097588582	0.190244234033115
0.323318625237206	0.167925025945863
-1.15239116077126	0.675646028385323
0.0496003080943143	0.0217809087162611
-0.661139953227388	0.341511656992429
-0.477030725735716	0.255383183071348
-0.174931440598741	0.101660405351308
-1.69855781864649	1.04292364847243
-1.5001887439915	2.02342793622389
-0.644144082086333	0.613951343231541
-0.352630520282349	0.285248794877037
-0.492159028528214	0.466554585114379
-1.42210559254778	2.04067515488973
-0.308994991634945	0.217666125888917
-0.469393634569247	0.401927300039798
0.268675827096503	0.191859667242938
-0.942728349933172	0.786216703808091
-1.26691192314315	1.14829660878103
-0.63360231410217	0.624699755559658
-0.361921557016348	0.308177194057414
-0.975449523404378	1.03335313697544
0.0704363885744818	0.0396217761992052
-0.641212783596249	0.434985553979855
-0.523020276361661	0.330891362904347
-0.733156075162403	0.457996022055509
0.241713672159422	0.163367407024296
0.746849207219	0.457079620238128
-0.539644769454899	0.262334809657881
-0.256941147268373	0.131948588830384
-0.484421107220503	0.358191966765101
-1.40851107064504	0.915187381420733
-0.802286622827891	0.44380563820264
0.0256944692880939	0.013178588177726
-0.54914301680804	0.346689930686842
-0.0758778804855948	0.0374057253066833
-1.40829852107406	0.968374207349402
-0.287256018480194	0.19638388268102
-1.41643704580352	1.44864274832736
-0.733811205577444	0.466231729964321
-0.0296622264163489	0.0202299158368862
0.11454664227744	0.0905468954595307
-0.133503232244568	0.0846244212474987
-0.283378533936175	0.162597817860504
-0.601052102236811	0.445319139859363
-0.628449694298603	0.546442578485418
-0.796008027717274	0.529891930788657
-0.985654374887461	0.970039758012881
-0.558539971098949	0.544364649042335
-1.75829129491632	1.49767449733175
-2.17107565735863	1.67137117313141
-1.06105020868617	0.588295861338378
-0.452068263276672	0.208510507268227
-0.82672735728631	0.477860185778779
-0.628704760908807	0.36884802485842
-1.34925551908195	0.896718061925391
-0.310466207627504	0.184579841593232
-0.119607195097646	0.0552811580269985
-0.674326432854226	0.467054307355313
-0.525898062051189	0.331082816369434
-2.18337106495594	1.74054744771481
0.535524114683334	0.336981115143071
-0.401257948029292	0.233207097931507
-2.05512514125639	1.53845881268621
-0.750334155257688	0.468634046936427
-0.87017311484093	0.612587349829227
-2.10771143187161	2.23462417624951
-1.07436568812401	0.73147073432636
-1.02314293047601	1.00661446978445
-0.998287570199682	0.644305068087694
-1.04714251583131	0.931345030716992
-2.77408127479093	3.01764481963364
-0.658042264284842	0.502950455417912
-1.42377566099921	0.937498445139802
-0.23118700704527	0.150627441974704
-0.735852542938507	0.665204725617652
-1.4103223355507	1.58179833982453
-0.764787928598094	0.569881417904401
-0.365171655138649	0.279639282735774
-1.48948800212679	1.28673058501668
-1.49931748122133	1.34961239872485
-0.11555686708161	0.0538015870876988
-2.32382815664695	2.02874322497432
-1.03546002777059	0.814820009861495
-0.60740760060325	0.454052891483426
-1.38999670638525	1.19503634312738
0.203843160457559	0.13577139385112
-0.950959128152711	0.595526986979573
-3.00706185393924	2.30061677039916
-1.26806562045629	1.00133330007585
-1.42910034540801	0.977563939491121
-1.19546919515856	0.880030283915801
-2.01625210814846	2.04592483800591
-1.20225711866023	1.06794946578963
-1.84236568521051	1.20002974605858
-2.15720200674643	1.68437966097215
-1.5230393737141	1.11175076545014
0.253234111332005	0.140558917626046
-1.16113641657905	0.656975747969028
-0.696872838467646	0.543830815607321
-0.671694469205414	0.404896773362292
-1.23476937002327	1.28529183719813
-1.3455412249637	0.889644824604933
-1.39060673005356	1.74667432369441
-0.576340487869188	0.453996270932698
-0.786563671314386	0.722665008548761
-0.789643698555429	0.951216929199012
0.515189621049459	0.445241162646277
-0.254827241245653	0.203154924071319
-0.354354140416865	0.28330383221301
-0.308183677660159	0.235737734582524
-0.567472082743736	0.544706943074072
-0.255902276719086	0.192807267513473
-0.629227230260595	0.376091744265205
0.180310582851071	0.0964295092536603
-0.714861527540881	0.510538420981992
-1.1118948077086	0.901211484145724
0.349708218605786	0.177258546853347
1.0664860826963	0.679008223896056
-0.11241409686691	0.0672213297825642
-0.936040834865086	0.687939221443259
-0.680813680509876	0.420451668487926
-4.15111407064855	2.21487787401482
-0.196523685825168	0.0975266045386484
-0.684672127886457	0.523390134182482
0.0375894186194407	0.0179621420846324
-0.273975867869006	0.18447797572695
-0.607170680791778	0.450187586477885
-2.30119697219873	2.74472910324731
-0.57054372344897	0.408117114308423
-0.352060749769078	0.233330474136721
0.232411300145866	0.157410055619691
-0.482752873512025	0.359627696537446
-0.26454691942707	0.209017728602395
-0.22532431166226	0.137864873947182
-1.02997420809148	0.661534519759767
-0.721875245539375	0.682254900545539
-1.23280657869697	1.39658955773197
-0.132122226778216	0.0780830189070602
-0.381450824085765	0.297908385234442
-0.230019723068945	0.150176863924978
0.222096047296152	0.129925224561294
-0.00311926812291009	0.000939342570075048
-1.07767937570922	0.720299069118789
-0.205496244314284	0.109741943591699
-0.808187422493388	0.463874206964412
-1.0734230761271	0.731414643819212
0.206633861151667	0.109704389428917
0.424959004192078	0.244285313804442
-1.2443613217819	0.595245783348593
-1.4422998775352	1.26290327462437
-0.543319376312851	0.264755044057608
-0.107412754818313	0.0591674591608127
-0.738872522923236	0.467479978577438
-0.839119759038747	0.657478346268391
-4.70894914985737	2.97524495583938
-1.48674037599835	1.34063611394744
0.772472148303057	0.61602026153697
-1.38620743084847	1.37730020636091
-0.637152514673555	0.538603954880958
-1.18219985723842	1.03010470688505
-1.94836156032147	1.36218207073674
-3.27678110878039	2.96248132838371
-1.14017000352923	1.08824753762599
-1.38677018467934	1.57617642499944
-0.641386786406121	0.539461123055892
-1.14944915468078	0.9925042192601
-0.425734673037251	0.325473847867429
-1.11708093486958	1.06784027017397
-0.664034136810863	0.456666800233196
-2.07469132758314	2.15624909341525
-1.79683866274732	1.58844366525496
-1.47754448063242	1.02904726617527
-0.939791653906499	0.694690150801722
-2.90703275509484	2.18676086553636
-1.43494365804463	1.23371546193504
-0.782234444647261	0.649909485100369
-1.57530668323295	1.17836983188055
0.17597371510931	0.0800731878676774
-1.62480826477097	1.27527865216708
-0.485206149007111	0.293174819783367
-0.97180259886654	0.73465556040154
-1.67828651231603	1.3245415431617
-2.68564113898711	1.75385209108346
-1.59676396381236	0.904019830249035
-1.26464787277097	0.617497814679269
-0.561858289409726	0.312507234425658
-0.757824633669294	0.539029742470046
0.208367032563278	0.128499381618938
-0.589062847941158	0.387047140334127
-0.431461368259473	0.249642225950815
-0.283398200473996	0.188865419767292
-0.754308366855835	0.479527826168877
-0.24008045783543	0.171928433817644
-0.364860821667495	0.351158517072461
-0.740603250090659	0.906165869681871
-0.130515530111701	0.0920051649624251
-0.522002521064689	0.457698603253976
-1.47770037356931	2.2036634158377
-0.92408782676375	1.09801254341097
-0.118106332980084	0.0856864007680993
-0.535820554639523	0.523258580138654
-0.475518612199022	0.323522861063102
-1.40923967772785	1.57572391357082
-1.6764464468064	1.38543075517676
-0.440218412534488	0.427948069433734
-0.943729039725309	0.976507507195902
-0.831793162915779	0.64965697199114
-1.12276974014693	1.08595911647248
0.337759337730186	0.260613130790135
-2.39115826971887	2.12291612617014
-0.593543088084423	0.473739382656613
1.14065083195727	0.887171534856572
0.6322232978665	0.679148752151281
-0.280266413731232	0.204130485426034
-1.09001105271813	0.902531683638504
-1.69189738017596	1.35186649505908
-0.911373382721004	0.654235321815994
0.141962156148316	0.0736019700107218
-0.243599903599282	0.138542958934762
-0.0928260487128863	0.0609941761541905
0.348883140274334	0.280148448540698
-1.7715637386501	1.50102713733295
-0.166618736847393	0.130765387005084
-0.105716702206634	0.080098237081348
-1.36870687838711	1.12770630106844
-1.1920874653941	1.34582176429781
-0.659081405263364	0.596846975880756
-0.48970360416467	0.456600697350487
-0.766873956960754	0.737361910912859
-0.588545450595659	0.537436544788464
-1.38339902910755	1.37978819076441
-1.2975027462117	1.0236960552797
-0.593657722161249	0.391753424046785
-0.228761891133984	0.139239251229089
-2.79912179593242	1.93871848633897
-0.591762547711505	0.387710863730511
0.205847484692924	0.126497584166002
0.671023708575954	0.509952504014029
-0.475057410795965	0.394837646852872
-0.930253424552649	0.784211226092308
0.375896329966451	0.261976348453604
-0.550584499468086	0.267232914609224
-1.3672982203992	1.14096799700019
0.0103651348046513	0.00373360936048299
-0.976015683167308	0.943690108464549
-1.5823373480693	1.43222204469896
-1.01537386174179	1.00374445046062
-1.49531828411519	1.36434540036252
-0.282619554727537	0.191918841662973
-2.32536601846546	2.79562042251867
-2.10235826327231	2.19608950689426
-2.64209658818328	2.76706701636165
-1.20144824543876	1.1988393304232
-0.80182257561527	0.744259561908244
-1.23605465039686	1.12042319623321
-1.47537016020387	1.59898987911308
-1.34647183657036	1.49836995794466
-1.35829873826156	1.28974377625512
-1.63489810717461	1.91431527255103
-1.05516832335545	0.893903269986607
-0.906660825564331	0.892805401122447
-0.415880808270016	0.290461758777999
-1.18912860971549	0.871914214323854
-0.543624767226592	0.451812139238709
-1.18540366683143	0.869493189951246
-1.0795912289419	1.09853971518124
-2.16264315489752	1.73144619694285
-0.480455822362372	0.311397238281866
-1.03470967014363	0.820451314360833
-1.47831674542479	1.31896979875741
-0.966933975917421	0.728274610831989
-0.950473133986888	0.80586355648642
-1.67538290001884	1.35594422000695
-0.980237422992963	0.749788380591038
-2.31049703358775	1.96353755137627
-0.569564983812677	0.24207390863767
-1.17348968650269	0.862892461823162
0.597213730462894	0.44625166301397
1.0448314017709	0.802247932735722
-1.01990719589549	0.758859948819176
0.611001261714013	0.433750434272559
-1.83951741548068	1.65862678885633
-0.717999707525701	0.682792882957275
-0.496786713271449	0.361212236705103
-1.31307116003224	1.61014741842008
-0.27026865591338	0.210011807932755
-0.874811806221448	0.778848408292829
0.153512890100397	0.102593316116948
-0.539562712218393	0.5220496942093
-0.150260039332778	0.105560074963205
-0.391559961391031	0.327717370496004
-0.136624584671287	0.0620172346586082
-0.579798718738648	0.465424945511923
-0.474553258958908	0.347340731601811
-1.2630573378332	1.16536805320523
0.496872749170567	0.383917929819597
-0.781276899668345	0.576740852853368
-0.946320447468301	0.671657698693974
-0.775089071073556	0.640888973886137
0.119929620495227	0.0690178999833075
0.359184964397848	0.200706050106601
-0.630844153961932	0.322363141975474
0.442348393559839	0.300489688888083
-0.412558051213995	0.26646527285802
-1.65074454838897	1.6758333160416
-0.283968292533534	0.180311054851339
-0.425166235174398	0.343044221013963
-0.499101515343122	0.300839047124534
-0.405536626990086	0.258821347047558
-2.41268308779019	3.06875902089429
-0.779686995964349	0.635357386579985
0.818131345059102	0.968630868617284
-0.682975336874401	0.484480941883406
-0.301429109807309	0.176980675412699
-0.914835818572039	0.84890165895383
-1.07675295592167	1.38488064088855
-0.538924998252685	0.413104900923581
-1.11574023533119	0.908472195856645
-1.5397289983765	1.11075321226952
-0.628313242926453	0.421447565175422
-0.613713504463408	0.343671898381093
-1.57949699200458	1.22567119301531
-0.404424345669915	0.204010379974848
-2.60161155384637	1.67761412274819
-0.592695162473119	0.386682310961715
-1.17276701769156	0.824309626586769
0.36690074641021	0.285138787995124
-1.22694309963122	0.732164442903314
0.556615678234883	0.302465283266434
-0.473095136959157	0.286071586402186
-2.33417878290672	1.31194717151964
-1.22313189694811	0.73708895420891
-1.27714736653248	0.798532958900199
-1.53407279486432	1.12696523001953
-1.48868050243393	1.59430211519124
-5.0408840409489	3.4900010856049
-0.63874160483489	0.432956550333098
-1.59172334509014	1.56428900769847
-1.62279503442778	1.25823396983861
-1.18765491848525	0.871476268844564
-1.59741227713122	1.8191841963585
-1.01862366904051	0.799455546366295
-2.15960872934828	2.39352633277005
-0.364814966348437	0.245095348938471
-5.26679104788587	3.9190654897941
-1.30812912384154	1.02375436142994
-1.72254673916566	1.4064654539461
-1.09739831100871	1.02847545578568
-0.843055217464744	0.573934490714619
-1.14857973637738	0.80879578360989
-1.30775660166281	1.01748550964865
-1.6629515511889	1.67138361582724
-1.70392200693897	1.77251278589249
-1.51846497566053	1.39705438500883
-2.67114918071085	1.74308818522684
-3.63461173822246	4.02092713753859
-0.781583953847133	0.511940773890253
-1.16741813161887	0.985162702482581
-1.11341629319449	0.756406351240159
-0.944565237277537	0.589634170361142
-0.108976740637543	0.045812595845924
-1.40953701142013	0.949937158527605
-0.112541968791581	0.0520245122433029
-1.18893293610342	0.869496716594363
-0.945051459565104	0.474952651134729
-1.14864455762201	0.805264657353229
-0.463814040659613	0.33860161577634
-1.07017767133561	0.865590359448862
-1.36248293906282	1.49084770149475
-0.0556855711571978	0.0334389357828512
-1.45037901284582	1.68961599706006
-1.24555101181917	1.54454847557831
-1.24920589166297	0.9516022551854
-0.395292367785909	0.290420409410532
-0.634768228198078	0.425041833911603
-0.484135610351003	0.476471852826748
-0.115894961429277	0.0730834719046187
0.152687816994166	0.0988366684249269
-0.381568243853022	0.258338248151315
-0.684087123584901	0.51858387436535
-2.35646991285312	2.08317665254106
-0.468904514311222	0.309659476392529
-0.0369750789793346	0.0193848036899875
-0.820293140421371	0.65129651866923
-0.265951595795881	0.138391694191558
-0.326621167505853	0.157797389027351
-1.537885374871	1.14668617805054
-0.373564613388817	0.255206571260281
1.82922976733949	1.60397103595483
-0.648836378434748	0.497096038636047
-0.687605497120609	0.54633751425386
-0.727841341403885	0.389392814622746
-0.11027924308717	0.0609005392917586
-0.475880363185827	0.320874639591227
-0.93438683857327	0.796743284950602
-0.701365794014531	0.505506733277771
-0.538157672892141	0.381761073960715
-0.478884624375761	0.40642226625338
0.270325609102712	0.162245401122499
-1.37380481632215	1.16300638738913
-1.55569744102592	1.44025361266198
-1.13776145293411	1.11171174400336
-0.459922755563319	0.337054580431881
-0.10762482889121	0.0669713660025183
-1.8569095098312	2.06059883422696
-0.885720043061664	0.78594376890849
-0.503458132328841	0.303044559376468
-2.17342651857129	1.73908151224966
-2.83894873915061	2.02934538187684
-0.386612313437586	0.192483778680108
0.102537288550686	0.053632430633799
0.133894847575727	0.0652118302334494
-0.410385664570443	0.210040444022943
0.0557998310357901	0.0247766963040142
0.525507390453576	0.338945054808245
0.439596831388099	0.294704576674623
-0.363459855602684	0.200397407059267
-0.358568970066338	0.214095553815483
-0.287754042923414	0.147310369070489
-0.559351567127622	0.352678706750607
-1.61194205382934	1.57988654978549
-0.986189658798061	0.758222021044805
-1.27809045446458	0.778795114947117
-1.61500905475578	1.57906669406329
-1.10546100829867	1.03025528508615
-2.12292850282977	1.66079620219769
-1.52648141493426	1.09957835405643
-3.00564741379591	2.22272089139488
-1.72652812874452	1.43089301370517
-1.62890766732928	1.28387945477674
-0.607875924952624	0.442575600677421
-0.927713793685223	0.998751448339213
-1.46484994782791	1.48478726691868
-1.93426640735994	1.7508204693828
-2.40746060455553	2.21439047173794
-2.71480898262707	3.01967981285087
-0.715824637960651	0.675380065280472
-2.27376469392826	1.90597367767021
-1.2117863026077	1.07163868510746
-0.514334030755304	0.385089933454468
-2.51744076410878	2.48232451186369
-1.62024353815994	1.58300001406116
-0.376208093977537	0.234592629861227
-0.671459213705253	0.56303963649309
-0.9923127153717	0.652263723112138
-1.67641619162868	1.3735029674549
-1.82805857714894	1.64511735565761
-2.41019932040099	2.11634123419297
-1.51537263268003	1.01614124463671
0.0437724977765968	0.0242920585495535
-3.00978002751559	2.29367019887204
-2.6093535052527	1.54891751422262
-0.7179692005471	0.377898010952345
0.152730143570645	0.0627592632161963
-0.428902171805661	0.246900466707493
-0.350517529027067	0.193841670859856
-0.189918186259106	0.102566957851396
-0.523068007767208	0.327168385072853
-1.35997844685443	0.901834444230007
-4.97549591521337	3.41688678397044
-0.592036283170744	0.482287402639671
-1.49261631302136	1.52593104917707
0.108918605752297	0.0689209207075246
-0.810313616368604	0.819727741842385
-0.690645776595555	0.48353555008894
0.0405640234748498	0.0279831644857296
-0.151999824665186	0.0924738060310377
-0.302292934643825	0.192328780935271
-0.115868082551241	0.0586249424420714
-0.693511562616117	0.636807179654023
-0.230557111113788	0.141351059285788
-1.1817776986998	1.17060028766691
-1.4842844790266	1.35780396225884
-0.0556632452329566	0.0331021109422753
-0.719773243908666	0.580319267546545
-0.666410766447496	0.411454903024249
-0.253391039023809	0.141992574241621
-0.0289052612473714	0.0140735892081503
-1.27465438138362	1.0023753232332
0.10621189195965	0.0628257899505617
-0.568243541337758	0.272538950137353
-0.45784696009823	0.329428561610292
-0.0207132522175648	0.0100512313717972
-0.490058559836703	0.364441088340698
-1.15003527892159	0.680251212667213
-0.737599419568879	0.468944035929165
-0.488358637311649	0.362357652149359
0.949146166267553	0.782167612410592
-0.361252054055135	0.242183198516484
-0.531417478882014	0.333534516669586
-1.13860403590187	0.668900022221293
-1.07391125473707	1.19333441561468
0.0221057605427862	0.0113809442083109
-0.0207287754013347	0.0139817180214651
-1.01104818037614	0.766607297921991
-1.07318722130289	0.880169749991343
-0.469248570112998	0.389498303301248
0.423039370824152	0.366965192570284
-1.15422974938087	1.12708569653653
-0.66791576159846	0.46129958052998
-0.544144917017362	0.300401749350561
-0.297931159429591	0.142829813885991
-0.973711814576322	0.738472479212193
-0.0850006456784728	0.0430387124343046
-0.951966036046302	0.607009595211747
-1.24698076036629	0.962812720764527
0.718431132257443	0.521724252142621
0.175257571485378	0.108186251902306
-0.264973471102576	0.139249441575092
-0.891219848220538	0.53452172852692
-0.127327088832593	0.0643012005297121
-0.449863180709532	0.268263710918515
-1.1540682142053	0.674599447682801
0.366504205288951	0.224707494392436
-1.01911252146208	0.667192512661885
-1.36915162707243	1.1611460244859
-1.73261083301338	1.45530507485023
-0.983805713299854	0.744143338162235
-1.41772587582196	1.45186563996717
-1.15110281061044	0.805252679752111
-0.819471983178517	0.557140654374891
-0.697597970420281	0.494721754146307
-0.540451489145261	0.383696717889481
-0.0833792099274615	0.0418722277825624
-1.73294495858479	1.79296313325319
0.384481549462712	0.271755393245952
-1.87699918040109	1.71375665566265
-1.05925314168166	0.963507321912842
-1.38334388420811	1.37731663029644
0.30059879532034	0.178579981968811
-1.24916025784499	1.1469827619729
-0.862242391712832	0.601163056596627
-2.05444775357264	2.07219493067154
-1.29067322223018	1.21103891529729
-1.48364718545215	1.5648062199587
-1.06829114317676	0.723860765995716
-2.92346388060184	3.63575426984871
-0.656703658885107	0.512580406907146
-0.867233893934757	0.778473831701318
-1.0664069688488	0.972376778901457
-1.23255730014685	0.91796171191699
-1.12008274339878	0.781360513936815
-2.01385013580119	1.45353496409641
-1.13305006143016	0.795385581514651
-1.61062367001355	0.944999276720828
-1.59977299588738	0.931885105769858
-4.86190321303488	3.12645663142012
-0.735485216614956	0.598114182397933
-0.331763194047792	0.158497685014474
-0.121592583682713	0.0558315074880228
-0.139368795111569	0.0575588457771069
-0.626981726473957	0.356403616881974
-1.28366701693079	1.00084652945033
-0.705935530999247	0.510068921299435
-0.309513247296936	0.18199292391462
0.206063144387475	0.121511324467598
-1.67656227691762	1.34590421838996
-2.83299765899825	3.2978026534121
-0.764312623884195	0.597319074962629
-1.14641241563776	1.083083916965
-0.659337529994898	0.447174673676891
-1.84021319848495	1.67421537633484
-1.22980164935581	1.11875326548329
0.744496375850335	0.771159497202187
0.279959624488166	0.155816944560179
0.45538906620819	0.260306627515397
-0.47627406586151	0.278279017431041
-0.62139123575042	0.365801156075913
-0.519117491056124	0.311815960379218
-0.86664061454406	0.597898285168784
0.09206166369767	0.0474175115088747
0.431779334874061	0.230607078843602
0.305155260742647	0.141861480910531
-0.093026743539393	0.0473702889942549
-0.850661813895173	0.669205140700271
-0.996404418362038	0.6585569812609
-0.758998323227379	0.485582496978443
-0.985491181711424	0.730613161996481
-0.632613740595066	0.378883216546819
-2.15244361527966	1.71112663999155
-0.476468952776523	0.282510686573128
-1.75373014552763	1.8976641834678
-0.686700035584013	0.427610375195119
0.223896445022035	0.113008137404156
-0.996503052361596	0.636933872044387
0.148397775891683	0.101022226271425
0.523461967966227	0.306453716532168
0.15012327457285	0.0859199255292514
-0.651669961578766	0.391203929504708
-0.194386235027896	0.148860812449057
-0.318017824991944	0.134847708690289
-1.22716756832917	0.936549054673943
-1.07660070243342	0.87899717392273
-1.67300145436275	1.34915331785514
-0.74881216383594	0.486389292433648
-0.859007092796708	0.594782699920236
-1.22349253651241	0.749166748634052
0.202315133011107	0.11917230321789
-1.07130948166765	0.587071175935587
0.522291054265077	0.358128101080421
-0.280962432074472	0.162780152929441
-0.469573006054281	0.24963209911716
-0.560095124867367	0.310382535329847
-1.08197709694034	0.74259955561524
-1.64502097561078	1.25433993537036
-0.951257817173624	0.602269605541261
-1.00536732923103	0.779763103330861
-1.60235008619969	0.937658632900554
-2.23258562496568	1.85290634663041
-1.97771502760824	1.91690732360567
-2.02496292939096	1.47732827213039
-1.7163179922961	1.45286489698428
-0.388266749526924	0.263802023618561
-1.03049299833293	0.80153492912851
-0.718774494596637	0.443811697912692
-2.00687148973623	2.01132880426457
-1.81933936440376	1.54980103663539
-0.330806845175163	0.182429928503563
-1.3088497778495	1.02376675352822
-1.45628880060989	1.54782219212854
-0.90082234434152	0.654874161101494
-3.45418636251311	3.46193268643592
-1.01980670728248	0.790207205378096
-1.42032029867771	0.979756934516633
-0.874157413499663	0.617468422500492
-1.359688700343	0.902404018623525
-1.72851778001158	1.45732941669395
-2.8969546559412	2.15649426474097
-1.89795709344123	1.30015213028503
-1.825322636299	1.16730517372765
-1.68024200815735	1.32388889075753
-2.55235724306333	2.60472614508961
-0.105415205037004	0.0526580831417961
-0.752533053394138	0.493663809069353
-2.83676435562546	2.04650843348538
-1.71463729661516	0.973143956253819
-0.552245309380457	0.260084046969001
-0.320968214320357	0.0797036181189048
-0.548954121459614	0.266612672751739
-0.181026973426721	0.0975788699478636
-0.116990109642871	0.0546891203249674
-0.579951160955507	0.245551901573435
-1.17253865085105	0.855624131871751
-1.09725897465269	1.1070384683152
-0.399882871971109	0.27402098011103
-0.641453943749798	0.653869547677048
-0.265772559642709	0.192643752151192
-1.07586613160771	1.211737514626
-1.93624391913012	2.73097923240172
-0.710394395000609	0.625497729810269
-0.34506523223101	0.230659893052345
-0.985391710420108	1.13655161779815
-0.860701257527859	0.598763817938715
-0.774799225886251	0.65509742603213
-0.0358990745151268	0.0224207161395431
-1.51281140447273	1.63024582301618
-1.16915046627593	1.29615929351379
-0.69898350935088	0.61459118125078
-0.55176706868858	0.428084616373283
-1.03537918726002	0.943629216607097
-0.398402443584466	0.274752510428946
-0.226772096757105	0.158427861833692
0.379599276617457	0.301050687997299
-0.179539710708338	0.11853022349282
0.631519205596483	0.57387395598603
-0.242384479234588	0.179527916311134
-0.178492777948501	0.134929279209662
-0.416957423044029	0.315446117353739
-0.362783353621976	0.274303972435089
-0.549952882539431	0.348563105201169
-0.889648846197301	0.712975433215403
-1.04371481970928	1.16057024203591
-2.41479291339961	2.21434521295117
-0.980950026973625	0.742342013891327
-0.920408587525788	0.926213518679132
-1.17162157742236	1.40724978545653
-2.39099242246843	2.95857047881461
-0.085026417744287	0.0459025434437649
-1.02399089736967	1.13693477690729
-0.583829436680199	0.499623833620816
-0.402238601927892	0.317309414357735
-1.13879377844763	1.34896456852689
-0.943275618565183	0.808584759187544
-0.76373752265726	0.569758589366444
0.00811988149974137	0.00418967230138949
-0.0432827607224398	0.0267477628216121
-1.07623258710027	0.737499862631635
-1.01740661282537	0.669366846580214
0.452539425756105	0.263736481557798
0.418055303157468	0.250300341510548
-0.959325515854644	0.81940000169629
0.0890537283827805	0.0492609372481322
0.802100001687835	0.724150376724526
-0.323827056349477	0.194488231982875
-0.287208577939913	0.195325222337167
-0.802729952826541	0.532854610278694
-0.723415186530727	0.515093684211103
-0.937409729250318	0.584963363273069
-1.28522004145852	1.33516784315519
-1.99988567998169	2.88503270480126
-1.46600510229978	1.01461344664994
-0.871675906692423	0.850144204162679
-1.0818517651834	1.13169551485386
-2.16340827673441	2.97472994262772
-0.112070951541323	0.0698083182473331
-1.17705495267273	0.87321285187346
-1.66252843102146	1.35371236032354
-1.81199667059553	1.59090617891798
-2.52111608711675	3.34677642632913
-1.06498375071043	1.06838126146029
-1.25500161641156	1.70919739096296
-1.35202587656959	1.10793377244733
-1.16318355559631	1.12847239838328
-0.424334630685399	0.276289748353292
-3.22837316725014	2.87187911856171
-1.96566965096418	1.92686550511715
-3.43229086686462	3.38803280323525
-2.95487999185762	2.25509149553426
-0.547929634640922	0.34261882602335
-2.52262302555617	1.55340298109777
-0.812193572212949	0.471328993977914
0.0829860398150839	0.0456406139739395
-0.6091272963157	0.350211376329051
-0.912201473711298	0.662228369841799
-1.15934162315389	1.46862435688178
0.231174862899801	0.146823211174293
-1.21352428182309	1.20927829915709
-0.515919439299697	0.448896586313346
-0.730046525573539	0.643833007896879
-1.09260591147568	1.02506310711881
-0.7039057003818	0.501100592563696
-0.620912559427453	0.537572663220641
-0.919372260039618	0.863618251780371
0.0738199599056783	0.0412988656496979
-0.244275924000719	0.136542387209852
-0.577800057029217	0.660392289722534
0.296077717055788	0.205664650625674
-0.662673439302625	0.458395146586442
-1.57675319397092	1.79465035601196
-0.729143183536532	0.467022394938304
-0.0178550777996525	0.00962956131383756
-0.0278082741434602	0.0131320266514828
0.598889436356047	0.565352535508634
-0.558415582503259	0.427172367330248
-0.114862583345247	0.0719095484419304
-0.441786723896365	0.287047189524935
-0.374820471176967	0.252670290836295
-1.50785392815906	0.831163125586046
-0.728026231610581	0.466994067013464
0.822343214710918	0.608110274116947
-1.45965266252514	1.27277280300458
-0.755725482260488	0.734084729944463
-0.644346038400685	0.486634459844524
-0.907030871870369	0.906642137596845
0.293038026124475	0.189528237624811
-0.716814590067551	0.730328337490725
-0.200672532424954	0.104218338786468
-0.36675815389543	0.248372759903864
-0.415983932726349	0.312556699103371
0.278398736180395	0.180947307238088
-1.29838050068628	0.821510569312264
-1.05384936878261	0.840312925556748
-0.639892952715169	0.328308102012318
-1.12787442486794	0.953099414971923
-0.459237654967885	0.244307237660789
-1.12866486794717	0.960930115048684
-0.307825540768018	0.182832434736216
-0.249800256836079	0.126248642078562
-1.78047220497559	1.12820175289231
-1.26724355637541	0.950165833831781
0.270736536979075	0.157901926334451
0.257395792918394	0.141368766066446
-0.933642937742005	0.580944239559265
-0.480032495716102	0.253122559225201
-2.11028280963656	1.59212043551966
-1.08304615601682	1.01174123293405
-0.562334867881197	0.318664825503141
-1.97020266678732	1.95843254683226
-2.60169865035158	2.64013820165683
-1.73729754965289	1.83281347799006
-5.07503529509856	3.56370356894458
-1.30480491351465	1.02697556159519
-3.12205674811711	2.61768360340828
-1.59709301936836	1.53494427972933
-1.65956419141205	1.657514828738
-1.09229448199573	0.90022145587451
-2.07969179517998	2.18413604352184
-1.17937612963473	1.00607399289148
-0.60345858590625	0.39531800471572
-0.39505018824847	0.291935346560477
-1.8822502207423	1.70757278358303
-0.183986903100919	0.107239688674294
-1.56694489398348	1.44790070630801
-1.26653188767435	1.17319906475087
-1.89404806168687	1.75184378418794
-1.35826932756495	1.10705732914241
-1.83266674795031	1.21420360176192
-1.33411308407222	0.855344324137858
-0.879982041674865	0.53900913155509
-1.95641395822436	1.36841005063449
-0.654840039340615	0.341671395031079
-0.381879569304943	0.257253085532741
-0.376841096671399	0.313906099744936
-0.702626214557279	0.644808759413813
-0.82952756533727	0.725421206412447
0.742874764137694	0.625384978990683
-0.586215292613536	0.463494385297886
-1.00671842011718	0.663193324225346
-1.4289025952049	1.47407475004097
-0.947007714697494	0.790272111051153
-0.726094741896636	0.644217092212546
-0.519011603315345	0.355904950131027
0.522293307377348	0.361774130879069
0.306284918751144	0.199317992528188
0.184926073498384	0.114048083462675
-0.755283612272341	0.551724327216679
-1.53660337594035	1.71249517697715
-0.622486899217139	0.418756709745491
-0.0923695779510731	0.0377603577317279
0.691279217314728	0.526498667491742
-0.4260065301128	0.321963539130331
-0.0529129999554856	0.036008912260115
-0.408815908285376	0.32555307933807
-1.16132811682605	0.675451469118468
-1.51569429283394	1.37324966290607
-1.33246343800965	1.25525039430867
0.347553157580217	0.269005164420619
-0.951967263245288	0.702272883116493
-1.97770409870582	1.92068532291083
-2.38813456413943	2.18778101316942
-0.271738610222472	0.181490359422841
-0.877318337052389	0.934978029731081
0.479602220039862	0.39438433875325
-0.475877576501037	0.390624769827543
-1.11758686135664	0.919055194500575
-1.66170767622624	1.32299138300572
0.301778001542204	0.194619600564727
1.09772324053562	0.909847099170066
-0.527198750915246	0.337122169982989
-1.36258448046497	1.10806668001047
0.116107210561217	0.0566596214717403
0.0335065855473131	0.0173137957113798
-0.490284183829232	0.261535426222819
0.787069410209609	0.580832507859604
-0.994077981112291	0.644058852033385
-1.23620222744339	0.947374381372305
-0.0997546002625458	0.0546030965154617
-0.290376137744492	0.149767611382032
0.363000534634381	0.219290433602611
-2.1271914309029	1.65593082762104
-2.52269577981008	2.41480533706161
-0.824057024520983	0.692675268364934
-0.591040748719839	0.390396386797518
-0.462176871908014	0.322000340169631
-1.76630441256876	1.10924769296717
-1.67959596652098	1.25924504989245
-2.31976165670245	2.03831741790767
-1.01261622275984	0.979668535569429
-1.63607876868576	1.64305562986582
-0.617004437274205	0.356936406029642
-0.807420291872975	0.69127749896883
-2.44712744997788	2.33360546166292
-0.681906028755257	0.456197116714126
-1.11288332944939	1.04190091004509
-0.974778759647239	0.850606047365789
-1.2204491763843	0.908667966301597
-0.310944712743585	0.229724488839063
-1.35388127001813	1.53198724237727
-0.895712114035241	0.537994390144842
-2.89140534582584	3.50741681250109
-1.91383910981366	1.80551865784144
-0.384419200433066	0.147519666509588
-0.870022198633389	0.617702052102999
-0.941899123473134	0.592359938081934
-1.50369737888163	1.07429917205895
-0.388780586705452	0.222535858177454
-0.525832938468349	0.333399862585777
-0.585630802061177	0.424809058646322
-1.02252676439703	0.67552706896429
-0.749168487630565	0.542499770293025
-0.384948884240305	0.242216966636146
-2.06645314353217	2.09909167704153
-0.593784725114441	0.389302123192982
-1.32932657532112	1.08343314756183
-1.0662591976946	1.11024000781828
-0.666298315876517	0.456428482801144
-0.951848650759828	0.800262763731472
-2.45388371755748	2.3116835492515
-0.941712529435276	0.691342794584027
-0.80803234667864	0.62995913878925
-3.1241797689521	2.573221094708
-0.583415640996365	0.422940107644233
1.01400774036768	0.95133313961663
-0.659280220609377	0.446105716474545
-0.555122119773059	0.469200547308541
-0.76706742437638	0.640302094280041
-0.815732842099916	0.637930143915153
-0.64080801980721	0.326188409646074
-1.20414641905638	1.06229238214984
-2.10595797570522	2.26178405689707
-1.06509196125125	0.870596233258565
-2.05909818380252	1.54758732383464
-0.873821928063516	0.659987234127261
-1.77978980102253	1.06227144847007
-0.59758036985723	0.350635747031044
-0.760456373945547	0.559041553044767
-1.09433052676423	0.87995994144073
-2.7478234610879	3.04755185761876
-1.0732064464638	0.996251638384508
-0.847847061788079	0.592673032147719
-0.836496132327301	0.579876529153735
-0.0786286143978224	0.0422133643308493
-0.977693062185388	0.730844065597254
-0.433878597797842	0.194018349785073
-0.162140330649299	0.0857141128318401
-0.658630876284071	0.513251208366564
-2.09130767219854	1.55494799141327
-1.32427440928938	1.06287408600508
-0.5600509430415	0.349018467922855
-0.550000914443343	0.416675801961222
-0.922001888814189	0.558520388272652
-1.8419770720611	2.10676039227954
-1.21648177914178	0.724270072817905
-0.959248555082029	0.722978025607587
-2.01963902361594	1.4992140641031
-1.85857213973135	1.70080921314852
-0.698772864842103	0.415045471555052
-0.871966041445892	0.526727760354615
-1.30852095112157	1.03879008831476
-0.387504468011374	0.193310949588255
-1.46641362298902	1.02534143612013
-0.59311117236053	0.440547351831556
-0.759056837218088	0.574988239552298
-2.17111312725168	1.7055072841748
-0.290079494227739	0.141213042510096
-1.57536528465822	1.19436651626773
-2.69286750137988	2.9126087728547
-1.95795087236225	1.39160269134226
-1.5178252355702	1.40276642990593
-1.13507864863527	0.621953390540298
-5.25408599987842	3.99993253666495
-1.5331024374039	1.13287269799957
-1.98537447817735	1.92879267228711
-0.141783120661005	0.0804607771897161
-1.08339915481119	0.86995175503601
-2.27732611937115	1.93710020158036
-0.673419020995599	0.345036489908534
-0.569220739968953	0.277375852304432
-0.637392452964673	0.438830093322405
-0.724665755596796	0.392325911441237
-1.83910986463677	1.21843651145613
-1.52309325479817	1.11326603997803
-0.469684591932932	0.278534622421775
-0.806504876247938	0.737221222656591
0.346902012606685	0.277464134634794
-1.96169562898947	1.39354200504775
0.655362650802746	0.564432567270197
0.236484981745325	0.188663051446802
0.133250673821567	0.0800093450080839
0.263759195863616	0.203082871399969
-0.0671994629134214	0.043156938062921
0.190560923733846	0.134773772356208
-1.21619870688263	0.725281121516201
-0.554048275034075	0.468670524681017
-1.74491758232686	1.45126838918025
-0.223836984548679	0.176985005607312
-2.27057525335942	1.91292440257489
-0.476515870204521	0.350230528455137
-0.782876286295127	0.656965279174692
-0.858471093695066	0.425252268272207
-0.471044547580466	0.372795449095553
-1.45689085443125	1.01168480818057
-0.907136419475738	0.748667589844235
-0.695830944170005	0.428828721133422
-0.753738534877626	0.482369904796156
-0.250387758341855	0.141807211692383
-0.0986456401544123	0.0501139232566603
-0.570741044173105	0.316172794619581
-1.18469449812978	1.038748778178
-0.18985810588506	0.0943246705611135
-0.568762607352582	0.358366279510961
-0.536915509395303	0.418515323437842
0.234910501703269	0.137816914158018
-0.2659223452515	0.138392647330342
-1.35143798736111	0.902506847352563
-0.61752519251357	0.499113868574603
-0.911269814806898	0.735888939806387
0.148022226750891	0.0905436026485467
-0.341404157369182	0.185105979042514
-1.35810232377663	1.33612905396091
0.223957820732663	0.110471910683139
-1.67770691692807	1.67107608581983
-0.538430198378917	0.377199331284569
-0.867365417329101	0.510643662642576
-0.660139587508622	0.343358076730801
-0.914664045484643	0.677602457770546
-1.39387197250457	1.14001274990406
-2.89829634045677	2.13661350665764
0.118698115117477	0.0625864875401572
1.57271615946203	1.80521544626316
-0.623488718756762	0.368352783910276
-1.76084745443978	1.11950359880147
0.0671701470443287	0.0297472766612689
-1.28089089141101	0.997217778185722
-1.19769061059046	0.859153787434751
0.517414736796119	0.274483398807909
-0.282463600553742	0.165507364911852
0.908237100245926	0.69155622176455
0.286965541834074	0.171673504064132
-0.72952185402146	0.45956456669049
-1.32393327865648	1.07885055157594
-1.49579155032567	1.01384411881865
-0.679154994218328	0.410935471283227
-0.480155886472291	0.25515609793676
-0.624434050024528	0.461963958057598
0.0096683910592235	0.00565311946433702
1.63351700489764	2.42998003656078
-0.549514663453782	0.389154224628167
-1.36120737189302	1.48032790822755
-0.256489028825734	0.171527195281872
-0.169286162012697	0.110654628513197
-0.46517561585143	0.364908890257769
-1.48711936852644	1.32265323252222
0.530957500034843	0.37366938448247
0.0214776262684131	0.0109432870766428
-0.223551875309262	0.123898747975332
-0.263193439055724	0.206565586667963
-0.874205125959648	0.694294888099815
-0.548279941021139	0.480414866309323
-0.542147421810898	0.528602497244388
-0.385679127033024	0.297231961360543
-0.469664229434383	0.440838525104343
-0.417280041909282	0.421850647812141
-0.435944515399943	0.367640941796672
-0.928658873029941	1.10844887949154
-0.834460293640747	0.843316508654311
-1.22974564018423	1.7342146183794
-0.681139734513059	0.709100670384397
-1.29274163193108	1.83311979059003
-1.35591979171235	0.874076753510382
-0.0521365750561566	0.0245066154336608
-0.494346537329769	0.367186017560109
0.96713996407467	0.802027225019334
0.155685841802703	0.104323430609822
-0.475752311422079	0.377369084261295
-0.692140220356207	0.422052253429744
-0.210697527212567	0.152061864086083
-0.414208841221845	0.290523502883082
-0.822583292746422	1.1143949052488
-0.772520911083741	0.729095179680283
-0.967325096503717	1.10802030610775
-1.3197059825722	1.44550458761994
-1.4016827905057	1.20038294944744
-0.684296428168917	0.627591416032971
-1.22692431490758	0.926761507143374
-0.484881117929003	0.359834087489062
-0.672181212529468	0.566779011637827
-0.522575878531152	0.42897068837545
-1.4369853304678	1.86823253691737
-1.27962139361041	1.66532807230505
-0.863824095487285	0.692463945679536
-0.129484730417438	0.0861292238792744
0.267105760041309	0.160760270637886
-0.665417943557731	0.464698090121115
-1.04605135926262	0.944238248263308
-0.820305024398135	0.632073731379448
0.209292524620574	0.122236272519817
-1.08050821887989	0.882440942906331
-0.111333230738394	0.0572601218649623
-1.55261188442777	1.16015901995098
0.159961301084726	0.104071687739554
-1.5322065413613	1.13008097119588
0.842673704705697	0.776776363022043
0.649381901349422	0.392229419772346
0.581458723304973	0.470536379471977
-0.934715870395798	0.664358053907704
-0.546799521209147	0.345340388184359
-0.67981134356399	0.419545379368858
-0.690905548438874	0.583676755320449
-0.748130025506423	0.815438744481492
-0.0836452146071608	0.0499934314068567
-0.405022512939074	0.388642579967486
0.689883391191012	0.535057165354822
-0.10942548251082	0.0653258054182102
-0.289027401377314	0.227731330313351
0.29671236304507	0.254204674721279
-0.226243209653185	0.164032262162173
0.469329688206092	0.341166263550371
-0.705723381556585	0.673835038730048
-0.742634740120113	0.472635407291742
-0.330713101949584	0.275410476615856
-0.456575285709369	0.379857829693704
-0.696167099414106	0.852234539886016
-0.380668034462644	0.39667584465075
-0.439377337948496	0.377250487157985
0.0626249746753009	0.0455312445945972
0.332985070202973	0.296923749172738
-0.832021175832368	0.805819481885326
0.167830145736661	0.14526637041441
-1.30154972515897	1.66724225502065
-0.837047911124248	0.810324393387116
-0.0396588038281837	0.0310369443831301
-0.654301535051353	0.744763093692033
-0.920456213021125	1.12020469908115
-0.635304839012942	0.635274840434576
-0.805745320239986	0.724936782663062
-1.97152433348823	3.09038336863788
-0.896565438560357	0.999127241506671
-1.03347210009362	1.04810845189433
-1.82998295659726	1.62094439959862
0.490436423121093	0.386069226118214
0.0223644680912077	0.0128623805901031
-0.709083221899495	0.548275136404801
-1.29790342674531	1.72099813228208
-0.526239889911699	0.407373890452299
-0.665011943944088	0.721517320582004
-0.604050822218217	0.569220075852667
-1.52625391496166	1.89723796339499
-0.00120608874277802	0.000411308481172719
-0.226678561580915	0.172796644379122
-0.0877436400814476	0.0496076603062457
1.13790768841383	1.19282210390947
0.110538232160759	0.0687050257269753
-1.06724056262042	1.38999452456859
-0.946765046391621	1.04922650361355
-1.57068907436507	2.01068286779623
-1.0275208947113	1.12929466099354
-3.25985622431459	2.96245461429434
-1.25193432505466	1.40448429202049
-0.371704347463803	0.232605212911633
-0.0675925259438617	0.0285379888573197
0.0256071347903344	0.0144315926324426
-0.77290114958651	0.585073268746955
0.421070868599917	0.279007578232629
-1.04609778908405	0.69000401602849
0.29531910692674	0.188993645781304
0.426851600739002	0.246553215885365
0.0935886925005112	0.0644810697880167
-0.0676518902261205	0.0388676552446823
0.655931649952988	0.510890496991801
1.31719240150336	1.12642477417243
-1.06477786964126	0.976549251809226
-0.461448714667941	0.274507714385851
-0.370470567645888	0.305940497533824
-1.37483415287685	0.87810777980267
-0.476926271068336	0.255018511833466
-0.576614292591609	0.378999387677856
0.8906745853168	1.09837487254245
-0.951956018626089	0.594527647242809
-0.755649581683339	0.566011062127299
0.03569237831781	0.0158868779234167
-0.76262802663274	0.662845709612018
-0.58122292321297	0.416294115194559
0.0799528759554574	0.0443844955342586
-0.265296894285257	0.186291662639983
-1.83808701115282	1.63008955258616
-0.956143495152013	0.813661142456576
-0.263909325527941	0.150284831223365
-0.445032504251124	0.31699548137838
-0.409285056265627	0.307666259463744
-0.336723320633424	0.26638694191091
-0.656794292204096	0.588433995234475
-0.55996688915285	0.502572136749881
-0.631236324675885	0.598909341932164
-1.20734266935748	1.20641413022104
-1.59046547620824	1.79108482627532
-0.883042897109669	0.789336595727692
-0.724432276685001	0.633488686200744
-0.13902528275369	0.0944072460836623
-1.03416195978066	0.81728016068675
-0.574876125408791	0.412143940689648
-0.475159414768755	0.397290426987995
-0.998060591694323	0.877309655216898
-1.1012462238429	0.909763074137438
-0.776820078149723	0.647958548325473
-1.33673530140832	0.865671782225847
0.763679978852986	0.674922347942859
-0.47249908305529	0.288412625654544
-0.360179664250361	0.245417710877
-1.09963015497841	0.88183636526916
-0.117369123190449	0.077881874271343
-0.550707779564586	0.427455308471537
-0.584468068831786	0.381338057114008
0.078712634206067	0.0536796454624474
0.308133231635131	0.198737449728477
-2.08228703495581	2.73979585824889
-0.371233459247786	0.25270719282451
-0.487143537284745	0.359344123639117
0.940354895723384	0.983993915745001
-0.671660569372041	0.417543616673092
-0.0377060807246675	0.0244555751157666
-0.503555568246839	0.343595683873599
-1.36136034824279	1.0741023710863
-0.815364664475461	0.716265632874039
-0.391531811153127	0.224005047282962
-0.622288677199237	0.507836987477997
-1.75038466420071	1.47615114662966
-0.519202572621168	0.362474003879748
-1.48984150936431	1.05209298359611
-0.206781326864253	0.0988303600821366
-1.3957941310055	1.17853146095989
0.323705345635311	0.166104540669798
-1.01306868887598	0.779713659074142
-0.68384694303286	0.409324473153484
0.539864483542368	0.367511786015792
-0.759356259071299	0.697177780039654
-0.891764879841498	0.533167594180415
-0.853766334817062	0.576338765075256
-0.866432646192318	0.599580303858482
-1.96018881966344	1.39412929480593
-0.812963624310043	0.539922442141102
-1.0668733830007	0.723489390077933
-0.788220127117494	0.597785461142072
-1.05995776606642	0.971216577849387
-0.239389765873968	0.189857429055793
-0.584638190501077	0.679715905684468
-1.07233043336339	0.859833257582661
-0.787682267845259	0.89488881058706
-0.810624928632966	0.62823868178622
-1.11245474764034	1.17345285867588
-1.06696355739096	1.19671188632572
-1.15874049656465	1.28158958354577
-0.854688531424556	0.760778510879799
-0.479343524275711	0.433165094961711
-0.465437995838715	0.408636575162195
0.355267967569733	0.281747708725442
-1.00963731773276	1.55504219534089
-1.52943866398826	2.54842088785453
-2.2481050384155	3.17359711270116
-0.55072080811401	0.543417994692302
-0.394271526971502	0.315440709677283
-0.27960405636059	0.220317438639349
0.12690809102015	0.0919071250234528
-1.02280470457081	1.29511364888825
-0.700710411696697	0.824914931730643
-0.897898542178653	0.902799836239233
-0.991727635014089	1.20271275581882
-0.547969115759727	0.545446086414454
0.703217135137524	0.711023422613996
-1.06304697338231	1.20703517579287
-0.781027474138112	0.981778531549617
-0.628260801776014	0.738980836250809
-0.89144146163237	1.09768695806159
-1.50446595985955	1.37023090043204
-1.43785393627335	2.05431884287288
-0.23372349908883	0.16053705693274
-0.952654693948167	0.598462808254553
-0.442221744130103	0.332831203362428
-0.114179103329687	0.0528451608985675
-0.991784772834901	1.16643263534887
-0.0576102473217954	0.0359141303959185
-1.65465287728119	1.96768142019272
-0.746146035899962	0.555649414954621
-1.39394692993031	1.15212396699902
-0.795675918817771	0.952027987680449
-0.108016527119645	0.0639495772954623
-0.596470600166875	0.620563018742811
-0.28122417448246	0.230763348252301
-1.00674980145046	0.882633099051774
-0.644481752354843	0.443897344126532
-0.113840614378538	0.0744829239907077
-0.364309316990767	0.273582786606838
-0.608119736112494	0.407745543365392
-0.143216109855851	0.105171013723883
-0.482002379030907	0.350764259383694
-1.95580236536276	2.67383847154332
-3.18916807993065	4.4792091259556
-0.946779403411995	0.977845667278445
-0.14200623853181	0.0806067067750939
-1.96761556143086	2.33439626277842
-0.654899701681421	0.50154803402809
-0.848496405709459	0.757624125038215
0.176316260838628	0.119270124209576
-0.276098859683952	0.144351920435824
-0.839829325834867	0.673297313567844
-1.23017318661529	1.12949169216644
-0.100132622411908	0.0541916396875428
-0.575226288080891	0.40943965335497
-2.33547781008533	2.01734794806182
-1.28816092293566	1.18769308415159
-0.176752910164804	0.0947999203215508
-1.7696238777872	1.13746085402019
-0.0877294615026139	0.0446986753952359
-0.0208168947249718	0.0125511629285262
-0.8205794042488	0.642701291470088
-1.23053143522093	0.950410696439048
-1.48423076029427	2.0098512230741
-1.40325448479709	0.932951767348273
-3.2164474716391	2.83708275789409
-2.86598189884087	3.33825209567358
-0.729870498747676	0.400671893785132
-0.107443573231658	0.0458856643058365
-1.34081056926308	1.08603122652783
-0.297782135005059	0.177337448945937
-1.03603934748725	0.936931769864469
-0.464871023384741	0.331712353297911
-1.76173572914871	1.11769615712864
-1.19531694877419	1.07271181504276
-0.580005563263279	0.378018702811486
-0.538483092556678	0.413738935440436
-1.12222746629734	1.21703374536425
-0.187194878062178	0.138997274015767
-1.40854509179362	1.42366962771369
-0.292082103772363	0.22664984097122
-1.64388844417364	1.63509309168153
-0.298871300538766	0.153982544966337
-0.94650071052188	0.687624730444994
0.259481761991713	0.183226658780224
-1.07224046512643	1.21886202859773
-2.42616615017876	2.25414681707396
-0.482944027323587	0.404175272006162
-0.847785587558331	0.412277056089132
-1.69217607918607	1.39714715102554
-0.969433150177865	0.743285523683505
-0.917070677294951	0.772856659754452
-0.650274003572273	0.540306811456556
-0.604840484032776	0.48578450821042
-1.52755387174086	1.42071779036075
-0.497524676652372	0.425282991515436
-0.471792167826977	0.251778120716952
0.796453620005555	0.578061966395022
-1.18652728019037	1.04788154612403
-1.3116768597433	1.24920360382331
-0.331949668180947	0.18007104607051
-0.592677185967465	0.393171936577098
-0.54612942561837	0.394041025975814
-0.890862989991142	0.72550017879047
-1.39840558111429	1.1621276470928
-0.602577125912991	0.438766404196145
-1.26552009808537	1.1676963345542
-0.657725967528673	0.454132873791941
-0.529230979317442	0.337159963288732
-1.28162187433283	1.18518557766177
-1.01161713833719	0.784670089818327
-0.591583797647679	0.425065845215772
-1.0114603461364	0.656803383774011
-1.22409637581871	0.754418939238491
0.375548799973684	0.247640595133056
0.129139724120457	0.0727992586617224
-1.09111083305682	0.734348304687367
-0.308231250806095	0.141381403291247
-1.5850546185645	1.81561017047207
-0.64507045503385	0.428061074429127
-1.73280106677625	1.46472788999791
-2.11156576211148	1.57582088391849
-1.17793457541706	0.837549386561593
0.0613274108257646	0.0341422936493535
-1.13385142037382	0.96310685895033
-1.50915976738415	1.3766787816763
-0.968355059487915	0.568180099929271
-0.193174450779442	0.0736087872419822
-2.90067988751867	2.15669577835183
-0.476842773052754	0.249785356287961
-0.460189177370535	0.359628184566963
-1.67462594827556	1.36844718911893
-1.73617062844879	1.45817364692365
-1.50936513727828	1.0463162565586
-1.04793427362663	0.702739480725196
0.545511042169997	0.407612991848478
-0.982140666585364	0.725736000476211
-0.0677338776803316	0.0355168475050411
-2.72636320420437	1.81746191245633
-0.866397716722972	0.505799469576022
-1.10098712257054	0.747955467246543
-1.48561699891533	1.46937167962051
-1.89175995164287	1.26577747682053
-1.76639652184207	1.5282236959744
-0.0693654244283078	0.0355344682652474
-0.761881627263812	0.63958733423383
0.132156101970271	0.088193633479975
0.372302448087217	0.276257627913992
-0.692001858615829	0.543210957179358
-0.61555148070793	0.647670150644606
-0.57201663718494	0.458597048185407
-1.18546838776686	1.42305925934013
-0.750914739198757	0.626986134020745
-0.661930464448917	0.604429336809118
-0.567036366130709	0.478187038973278
-0.563705900924241	0.535145068249555
-0.551585837184442	0.465771366291187
-0.972434775018067	1.11937205589286
-0.0435131792332615	0.0281808108374929
-0.410631359126225	0.400655099188545
0.0621132741799702	0.0446131442560979
-0.0630596921443607	0.0430545003221842
0.50775319846868	0.556858141861557
-0.490846417689365	0.38855061489423
-0.475095683795382	0.455579185325416
-0.479473907018459	0.440503235503092
-1.40378942719731	1.60652454228248
-0.417857096484324	0.363683633142132
-1.24275699266095	1.29612046218273
-1.31801445723671	1.74233092008266
-0.55324445078216	0.400238530686398
-0.755036187681229	0.920682908923603
-1.1123875933262	1.0643448818197
-1.86666079666338	2.53532678413721
-0.440684100640996	0.383613711159458
-0.763072646377363	0.580755144866756
-0.567246994640161	0.45929195868593
-1.52688877263905	1.3735866281094
-0.269285297801255	0.182140082608241
-0.885734474972565	0.724137098752186
-0.405310731654462	0.33748999565535
-1.59329689912764	1.81533838313547
0.166732177646708	0.128382564211473
-2.84032306080394	4.48934443126281
-0.423855469688246	0.269287218858073
-0.715041029197518	0.613782226056133
-0.976123455356677	1.36318434835161
-1.08742132198648	1.00359878982886
-0.00283059736303911	0.00157406786268791
0.648108897003518	0.532935761036137
-0.904341549944072	0.826016601241754
-0.28458920571989	0.193806173786849
-0.518970581052633	0.474392194668673
-1.07589929197843	0.999814628137789
-0.159213852442473	0.104982189541078
-0.698042325203537	0.772256643236372
-0.834589062255672	0.793963778594278
-1.18799616110644	1.01311292049997
-0.0807944457051998	0.0468400189608622
-2.22862535577225	2.55183850064773
-0.163280715395156	0.111254095398083
-0.60806906298605	0.533938995742159
-1.24386363752134	0.586287536181535
-0.70966405367042	0.514184469011045
-3.08923859286064	2.53278225997658
-0.938181729779155	0.788138783178308
-0.0479835026481691	0.0328900961058225
-0.794818495217359	0.60407858726962
-0.546925626278437	0.423099485032159
-0.902557531367329	0.899464356707725
-1.10577922583222	0.892217264757552
-1.29797677794007	1.02479246457573
-1.57408659977439	1.51468087132844
-3.41009449937018	3.37311655666392
-1.96628493912551	1.85264487804212
-2.78538701196524	1.94644754938895
-0.757183227913933	0.489919472143423
-0.110219792299407	0.0695162877692836
-0.855765625054401	0.686207089015183
-0.714928854190377	0.526400505632678
-0.741150661844241	0.48061119528964
-0.873846954480068	1.04629666830167
-1.56583551673251	2.46746201863002
-0.204924054433513	0.134666626574325
-0.644218913287847	0.490394088688481
-0.792137722844376	0.794392490184092
-1.45618920344381	1.27459620397229
-0.862146389732948	0.898064372157178
-0.746502339900856	0.534317448183785
-1.46091293039198	1.88083844554886
-0.0858171033510655	0.0723577417984063
-1.05940274533133	1.18134209073648
-0.498247526246435	0.488718705398197
-0.612579964502977	0.643448329255906
-0.926757059065329	1.17521302657321
-0.771187894383251	0.980773093903433
-0.855559750313208	1.22172026426779
-1.18762319030056	2.1044548479863
-1.45601466447127	2.24733706207113
-1.41839124648969	1.65320059102078
-0.688036204640188	0.644141945747925
-1.9410895965282	1.77155837978047
-0.699684877381713	0.646787717867909
-0.822325914325433	0.710992164872567
-0.453285535065447	0.295852289737459
0.465263519799593	0.357249556419238
-0.722296344163568	0.527027446723587
-0.965781968375155	0.831349508543496
-0.880962274659665	0.523710340904153
-0.715479880159147	0.452352213629465
-0.186724977862855	0.100575495357564
-0.769530442040211	0.568146440792533
-1.68889193667071	1.66493563912029
-0.927699532487206	1.34151932903305
-1.56186023039028	2.6154144720284
-2.5296080820049	2.49781614930254
-0.0362368834548603	0.024979141926498
-0.330351891291529	0.234379577151389
-0.654595786698646	0.453173909700722
0.311298947761516	0.216894082590721
-0.735685914928198	0.601394936651738
-0.223351238653992	0.135275258258982
-0.927830213431328	0.871949565940228
-1.43337562377842	1.45568909248112
-1.09313936218748	1.16897799088905
-2.6070829474951	3.67383616826031
-1.03018620791209	0.826543315194035
-0.0369797168504917	0.0240112400645498
0.381708304233967	0.297574209067804
-0.587186347188388	0.50368342273596
-0.196514123654229	0.0972770720668432
-0.525253147388696	0.35912815690135
-0.946337863482012	0.59849188333996
-1.45308778845076	1.25884961219115
-0.930947183375367	0.582527419460976
-0.308747716421469	0.183457330940518
-0.493975600606099	0.420674934834586
-0.687030645721478	0.601571995224952
-0.901224661561777	1.08781109574154
-0.986697157640666	0.966514155767434
-0.689310418582943	0.638159394892225
-0.829840621575272	0.802698773244118
0.141945387078397	0.106697286303461
0.21890803522561	0.166778188984574
-0.571252932595424	0.484654190175847
-0.31493559031473	0.2324640113236
0.296285943468228	0.236642085170046
-1.17508180819615	1.39523786539833
-0.348213802810799	0.338140552027146
-0.529340326715379	0.624938127285601
-1.06211250728383	1.20082916389759
1.00913811029674	1.17376710917827
-0.0124574868725523	0.00964195378838597
-0.226560271208932	0.215526533137486
-0.643784662899145	0.618566967920999
-0.755126102580718	0.762241205405536
-1.02789294554866	1.38084712968493
-0.548459891168994	0.541585235747624
-0.835750132042282	1.10001558417846
-0.634603101568375	0.633110030820975
-0.213035372013931	0.17904845946604
-0.650227529184395	0.538738025305186
-0.801036920003206	0.731670599839519
-4.64598543683546	2.8707040139747
-1.72601787075984	1.43335788724038
-0.775721802528868	0.643037550552428
-0.526602743024523	0.462533092919148
-0.0681341779870916	0.0399504832880012
-2.07717425328897	2.14996037597296
-0.81628222117445	0.688809237479558
-0.833487884864284	0.920732081367673
-1.54068287874648	2.32497298124911
-1.08702892796658	1.03612096238973
-0.214556410668285	0.13811831166523
-0.271878517983536	0.215104088912396
0.11505745003991	0.091593964298394
-0.361822722793634	0.241819579757416
-0.668464453882808	0.64221600466414
-0.677940810187788	0.522292288467008
-0.376435524447831	0.322181049555371
-0.555088897137353	0.503792297128301
-1.2180499910089	1.23462362307953
-0.472407120635785	0.349862314373284
-0.159386651498823	0.114335722526718
-1.49575858675597	1.33073375729637
-0.344411954818951	0.187056925728376
0.292856208507946	0.190678585476191
-1.15453784104464	1.11071694675394
-1.06012283984292	0.592870738588578
-0.638728827742856	0.531343738979857
-0.349391239937806	0.295345021793712
0.0908744563216033	0.0478024582688551
-0.547261624676561	0.446946904051892
-0.660469098209164	0.642463776752845
-0.593968850100627	0.570535010344539
-2.99837049231839	3.79775754724184
0.0569491833024003	0.0350022866924675
-0.512715314617125	0.472068198436726
-0.0922622509435276	0.0668425981163451
-0.0759865617950536	0.0472077782772144
-0.968013718799107	1.1753320150337
0.520731411059092	0.477950992064654
-0.313096450973274	0.26356104434095
-0.493257690912287	0.527431234770247
-0.581690459357164	0.61255808718936
-2.08072112300357	2.16752100429864
-0.103791999752204	0.0769742032410429
-0.137454941519059	0.0977514019531949
-0.780783672688802	0.913764819588107
-1.30459767272889	1.39894167219793
-0.714530019524171	0.578271811570551
-1.40034441846038	2.15694704974309
-0.43057511855944	0.328762676500869
-0.294011971921389	0.189284002688776
-0.412855532383148	0.364061622458915
-0.16252112330336	0.107126538589831
-0.133613219408837	0.0992628334833562
-0.775727627105086	0.764490535153104
-0.518532079799251	0.358044357723322
-0.373789034915432	0.248075824785612
-0.535977846739898	0.41017351508698
-0.284615245417602	0.1797669398692
-0.541157173434793	0.415443524227887
-0.950777590816299	1.08781141783617
-0.750851458624824	0.684498558463956
-1.75660673652519	2.26780628436129
-0.758435288530582	0.617262324320174
-0.1284582018954	0.0931983603469158
-0.905672252343244	0.653290307722307
-0.443276578625821	0.363845234212607
-1.51382859666217	1.11271043822632
-0.203064542480731	0.128688129190545
-0.8289866414848	0.72611040257589
-0.553662424126073	0.427358469029578
-0.134668252963641	0.0985989484670079
-0.414213057530181	0.350243996046095
-0.615066446503994	0.345226856033488
-0.210041975039463	0.104506830440851
-0.608083720284854	0.407917266195148
-0.702271150505757	0.501926649652007
-0.898517839211118	0.882946285216552
-0.67297529371113	0.524011403523222
-0.190433584360593	0.100204684259456
-2.1586837188163	1.52392928262229
-0.47374356613226	0.306955558577338
-1.77739804568203	1.55892845552056
-0.459137611440279	0.329646051169573
-0.966487547581826	0.826894618225196
-0.0611992962582508	0.0447671740537113
-0.31955143240441	0.283263709977869
-1.13431486658935	1.22505972988467
0.322971214246621	0.271689113548717
0.506512613078366	0.494097817194537
-0.717582639440359	0.82990323836452
-0.865360291570159	1.13255594561891
-1.12582874386209	1.51306906939373
0.10597998308162	0.10028347638106
-1.03137612228761	1.49366914777242
-1.14642017668257	2.20772168276997
-0.911490695054529	1.30717424620381
-1.24950866656416	2.15753994831772
-0.903414818583828	1.10070221299631
-0.989943228612784	1.11803407542932
-0.935965605534058	1.45099072117891
-1.54481938444031	2.57784104417436
-1.48224447081318	2.33534561047028
-1.00179445391386	1.29399878846747
-1.01224436578455	1.51224567876699
-0.597372915064155	0.766691183831932
-0.524067889691007	0.499715300835752
-0.677218830901151	0.767115725365215
-0.56120505808926	0.406975117629624
-1.1700054837184	0.67408841261235
-0.17818548978377	0.117488907038618
-0.0769325066610037	0.0476700476581941
-1.39833582070286	1.97708369728264
-1.31596588855974	1.5739096149122
-0.786560564346243	1.03681532299894
-1.17410231232204	1.44924584064263
-0.768984903950914	0.868481547031029
-0.450449581352131	0.521476714236729
-0.128481103965872	0.0893160498127795
-0.580404619875393	0.423228132586253
0.141535525160418	0.0951248353676877
-0.848444949638208	0.939632169206524
-1.14883562638325	1.37282327874338
-1.03389003193766	1.23320731203235
-1.06041462123468	1.56372972254641
-1.06672086095254	0.957638588679603
-0.498315385182209	0.441419347049832
-0.949024675059092	0.941119427505953
-0.191717033773525	0.0919362318563785
0.516237748521785	0.392706962816321
-0.264497948861241	0.185191450366026
-1.04225112331171	0.806187021953848
-0.48276396879893	0.250490200128159
-0.591205753162784	0.437454720090198
-1.84483957723314	1.22382219598586
-0.907940570552609	0.661117721126774
-0.832775992580868	0.536181384635324
-0.0178650743980028	0.00959885957219616
-0.738623287616523	0.527658128519222
-1.10881730749552	0.761052964849029
-2.16732025774811	1.70063445211466
-0.165822536799966	0.097309271995061
-1.14010544026322	0.658076833895158
-0.943265436744558	0.794255807433864
-0.423060705097596	0.342980411592692
-0.554622629310779	0.311530886155339
-0.195645047926966	0.124896899088578
-0.111411058831124	0.0747482750728319
-0.228068822755411	0.147833578862684
0.120318185279666	0.090322939203046
-1.16187599439122	1.00786443173385
-1.96793712989209	2.42499727849418
-1.68573883597383	2.31239375455523
-0.753122595243751	0.787517502684
-0.646160664163009	0.699140711379888
-1.07551624661931	1.75815084647577
-0.295500349583053	0.225344906034697
-0.511330383864805	0.48879697218068
-0.201486437162342	0.140010893685906
-0.998703130830836	1.2329082567508
-0.983487167081292	1.20832191628125
-1.12205098993129	1.17742533241304
-0.757888633515069	0.850929151313509
-0.970994105851234	1.08155358178945
-1.4093286297254	2.01984132571222
-0.743551433100128	0.797327385045553
-2.84527298724988	2.06037878246486
-1.1915037315148	1.03826376383443
-0.377499733425107	0.234429918388441
-0.256423876719493	0.14445631581266
-0.801597564392138	0.543086350308571
-0.388185593933664	0.304394965948546
-0.897480439828602	0.815880605677609
-0.923281654061913	1.00813201715862
-1.52423925705238	1.41008765985284
-1.29350669532728	1.51787397204383
0.719368056676245	0.734853939395197
-0.644592518962744	0.445417108602314
-0.0265004856841986	0.016367375974749
-0.597093511452561	0.507231689404993
-0.841557398786482	0.874180866486013
0.0148831889875796	0.00934741344166923
-0.74847146583663	0.76276569842822
-2.27293187337688	1.88298265416806
0.353295078347954	0.249665146332542
-0.596931456658294	0.3936033403101
-0.455700712799245	0.272490699180201
-1.02096297559335	0.782526089371645
-0.817636478363241	0.443908841510798
-2.20541958128596	1.15849281190305
-1.1595251166822	0.995455062452104
-0.548113059918105	0.262650479606985
-0.446371323232402	0.206140777267438
-0.191053678274837	0.0934412201790645
-0.693450078246356	0.498658592507958
-0.064432139395203	0.0369360781457357
0.586569765022779	0.442835806551118
-1.43987211494045	1.25609945100179
-1.21067000527579	1.05935028446545
-0.500823359052977	0.37408669612505
-0.793464674302929	0.681185687937968
-1.1236305218388	1.08462115333655
-0.331350713790942	0.250532024599165
-0.710794572343495	0.575680059091089
0.498861064282845	0.399250636687484
-0.71443685490734	0.627506005193255
-0.48383083722404	0.458134379471222
-0.458685679864741	0.480172593666657
0.253772727086407	0.180426006855245
-0.00560080053578901	0.00460853512069249
-1.38624560045305	2.37738422229538
-0.548875846237036	0.570070008266263
-1.52483238478762	1.89326476050873
-0.54439716831985	0.631332263939262
-1.40249684838963	1.80296343722606
-1.14380565007419	1.46888163902504
-0.691117171355236	0.805796804247895
-0.293549972786992	0.293772296698138
-0.963208021159919	1.24023265553982
-0.795732100079775	1.00040142249827
-0.823212320195908	1.07047559123405
-1.91841642990293	2.24667592472779
-1.09606242942724	1.79476249191255
-0.660675357689093	0.505557402918523
-0.0164225252717209	0.0108109513803259
-1.1844791952337	1.20835917147873
-1.26625421289151	1.65494973069662
-1.56063329045894	1.71035209151632
-0.463974811576992	0.409464644572586
-0.340369369399971	0.228121927961299
-0.846317273663691	0.728926624592086
-0.454207559381331	0.365212698017661
0.701089569164107	0.510892308863532
-0.0497065382242045	0.0324687594246771
-0.701573263676374	0.611678163395071
-1.19386491514683	1.60382764625538
-0.700531139175361	0.765146623046153
-0.239917926063559	0.212732972144072
-1.86749455815172	1.71432528340106
-0.733350661842313	0.523771348060835
-1.99689153322871	1.41384319557933
-2.05024104460218	1.50665550687639
-1.77831509681634	1.13185159668803
-1.3254210186158	1.10315574331439
-0.847654483325901	0.422550635009876
-0.356089083000286	0.197585916021129
-0.495719591903347	0.369511566471396
0.290415582888569	0.186510783297087
0.224233761901206	0.113405618358425
-0.61027915881495	0.396477380673551
-0.0341692059053534	0.0180170422606566
-0.152735515902827	0.124424011844301
-0.315055059134533	0.184994612805946
-0.658305667037309	0.63418400036375
-0.246374952667715	0.197286411281174
-0.106731011279203	0.0768109332135643
0.164704416916264	0.126790561361439
-0.435494386435739	0.419932911634981
-0.794062534618062	1.42462111302495
-0.837765477721169	1.12625652128338
-1.10615375881053	1.41963455741301
-0.24865050417136	0.242927212755134
-1.34439137234021	2.10537671429473
-2.06598379399396	4.23970668542732
-0.745546169630051	1.00930782446
-1.22189741834974	2.26339504699243
-0.852436116053759	1.38921971223658
-0.84326191796556	1.26730386373786
-1.35310889915488	2.23820677320634
-0.837808429933709	1.15398472616406
-1.00086969135944	1.63104694782565
-0.669710966765728	0.518536716059074
-0.221567112530835	0.153287555018456
-0.477071870529426	0.405680822921198
-0.734298869922353	0.957795253976168
-1.08151581142451	1.30359383654481
-1.1273694778277	1.600802288426
-1.35672264062911	1.47540605031669
-1.21875635222914	1.34475598047512
-0.370009601110985	0.343731827934542
-0.611955127364848	0.573853196998175
-0.485477311416353	0.4413187103015
-1.60703745783561	2.74742983148258
-0.417760851651224	0.403758751361862
-1.05855544706977	1.53758687498896
-1.90380357609093	3.35465818817065
-2.16838085807779	1.72078363455348
-0.193223886244316	0.122542958172347
-0.974288049360386	0.850193016706712
-5.00821205929029	3.41029088755927
-0.720426961499784	0.512585158348171
-0.544521519381376	0.385556192657957
-1.77898229621312	1.12952670482327
0.348743041542134	0.260387861361071
0.0776344677624536	0.0431684380955807
-0.950754092842596	0.915910920659715
-0.757981512236392	0.979441965220269
-0.756291273469329	0.972801194345096
-1.03945207093122	1.1557628021004
-0.56368436936696	0.804812018628171
-0.742852960979912	1.31029036360819
-1.84224028420567	4.40355800277961
-1.45664930200789	3.0811829288898
-1.72584311781108	4.14613137427156
-0.455973949602517	0.625214538963337
-0.925984016329989	1.665348186886
-1.10593644976915	2.33165346703188
-1.88763151332158	5.1484276124999
-0.763521903091889	1.5383593499507
-0.57790480862936	0.929518248485033
-0.800812251216327	1.41695146852776
-1.89574121488635	4.13384585748233
-1.3145062112936	2.2989466265716
-1.25582220623741	1.47954562750908
-0.051553120688948	0.0366495179278548
-0.372569037008988	0.398782794969616
-2.18929259837106	5.36761289814336
-1.32851614812638	2.33931107212116
-0.704502721194346	0.872236750842441
-0.897975902745095	1.17864010203751
-0.418445201715655	0.3768129511795
-1.55945288847376	1.73170182374344
-1.14898350764307	1.88856070257265
-0.931632119750117	1.02397464060322
-0.582038702046471	0.722711856694697
-1.44451365759602	2.43565713460788
-0.987190002769776	1.80633047139014
-0.137588196415354	0.107885193492298
-1.04878252123793	1.2717360135991
0.0176596878241433	0.00920503953143031
0.121769649070158	0.08142622562486
-0.647354862249979	0.628279163999422
-1.0908524342221	1.14700586435172
-1.58174069994517	3.07658336426051
-0.931530126203853	1.10858060388147
-1.42043771961944	2.65140650252715
-1.01065375314666	2.16839583731699
-1.18794772036911	2.49542061764907
-1.92117010155826	4.80310894754513
-0.842248073545494	1.25623711653547
-1.07003923533713	2.24259030218436
-1.14872651170659	2.28081673901127
-0.969973806363294	2.17186828126983
-0.686922837359201	0.955029970318459
-1.1681189485466	2.12462561216059
-0.248010054773255	0.154341530894448
-0.249073590489414	0.18394193952696
-0.745272476260252	0.77845627153238
-0.643209384310935	0.488040665306311
-1.19454631737466	1.42982060780452
-0.370156742600274	0.306821240432573
-1.52864773544941	2.89079885829077
-1.63607409870587	1.58320322260872
-2.16372407097819	4.26562203470734
-1.16876154899256	1.54964068297984
1.07288454614383	0.901542605748306
-0.463784881775056	0.452385861050498
-2.94022043366935	3.60379362865612
-1.23631327650395	2.16361538946361
-2.59409371464873	5.11492915139353
-0.874809212858281	1.25960324514844
-0.663830921726435	0.45625064827184
-0.588537895855488	0.428881187877384
-1.17652431505886	1.03117321110541
-0.176059630473816	0.0935524859672577
-0.359591579486602	0.224061742995224
0.206266632451345	0.121057797123797
0.122998353975663	0.0593007015447467
-0.473713640214731	0.353022804940204
-0.791648453306383	1.08815574439689
-1.56826798219426	1.72917780246845
-1.36623010800122	1.83857431939614
-2.65100310800268	6.76970865213308
-0.132882244412864	0.124320437608256
-1.21451117833931	1.78042327940597
-1.25816630002034	1.62833571436318
-1.45594821991989	2.94155486269724
-2.45911971910615	5.21109535237443
-2.1554889753408	5.05440210665447
-1.23257334920483	2.16700998591048
-1.22061549448851	0.740699825804518
-0.643984128751619	0.441559955154758
-0.226874511211264	0.164068041343829
-3.08779898246032	2.55137401333002
-2.14183243918072	3.80575937001136
-0.604349901020897	0.438488870833131
-1.78515025394637	2.30296679020109
-1.34104110863731	1.49770430247819
-0.801376405204716	0.752414231100069
-0.193414020480113	0.12229380011097
-0.663519225508239	0.60759149501193
-0.944075901856248	0.896699069602286
0.230337928762433	0.193318455387649
-1.54020674797387	2.17432339090533
-1.87771316994762	3.20571177716116
-2.38967226056065	3.68235747455437
0.168973943660589	0.0762556201296153
-1.44107820270425	1.48752973917908
-3.4791206633941	1.50957597543244
-1.16513923828607	0.401391514506918
-1.14843226338874	0.38965250304554
-1.15774121057203	0.396404960642202
-0.63816422836462	0.441865509392654
-0.722637270021168	0.389957386164894
-0.744896427496036	0.340590084374685
-0.693860484378074	0.433328921618845
-0.960654249360167	0.503510838912318
-2.71788411621002	1.83311771054391
-1.51831818700539	0.801143951975051
-0.750106715247999	0.412470827392459
-2.10878918948491	1.60412495978146
-0.205844398737013	0.0892178242308285
0.203296346835764	0.0752955536763261
-2.03571663337001	1.02158884459308
-1.41579385828392	0.973899967407094
-2.2992470852379	1.29083286227191
-2.97609579850318	1.07499047921891
-0.670084327352898	0.245232780135069
0.452511168713932	0.153128905818839
-0.543744836488786	0.26231483331038
-0.676757303291536	0.249559685496655
-0.574141613675565	0.243711038423906
-0.721836998371939	0.386982502996328
-2.30165138990291	1.29472030475818
-4.00726794386139	2.03579041100125
-0.808104289984788	0.237789564664962
-2.06499690780578	1.02542684497994
-3.4791206633941	1.50957597543244
-4.12529488469363	2.18319731054061
-1.16366802857736	0.402405435181621
-0.669430018869119	0.246362780889304
-1.88078066400755	0.887768995044079
-1.88078066400755	0.887768995044079
-3.46037115145863	1.48533559797057
-0.656962447476214	0.336164463763627
-0.638380963129033	0.660453101782336
-0.851631330331153	1.11761354541183
-0.828508779397075	0.560758124719342
-2.88669132052178	3.3882158347901
-0.103325654090257	0.0709755879095169
0.0175760288519436	0.0109507356879395
-0.788718644250019	1.02295751986349
-1.24492916026542	1.39328884432076
-3.68438222899582	1.71169604468664
-2.16910264264232	1.72472607464261
-1.54831832201994	1.14588711786758
-2.87078405528806	3.41372662453857
-0.359599426166211	0.276563173788724
-1.29234964419034	1.19128337009954
-0.757231775917846	0.561074814794415
-3.2699854579336	2.95260483828888
-1.38376512362811	1.17951424899731
-1.12456046889238	0.799782336745421
0.0366607157710581	0.0222006365601209
-1.67962213943046	1.35908382169637
-1.58305951763663	1.52409960212794
-1.03809357517435	0.900118627862893
-0.784392729593106	0.59774578294471
-1.05536209911786	0.711185273190507
-1.73748551338424	1.47391239976263
-1.37468870941997	0.715005452463771
-1.68726682211297	0.732414310581257
-0.934948613365494	0.581828984600554
-0.729830098369533	0.336709678559454
-1.27916757315966	0.619541370406231
-1.32493460454637	2.68603115342545
-0.979388503472621	1.32836824721967
-1.46988610811977	2.8238977415373
-1.39316181783994	2.38825416185088
-0.781050717118742	1.07342168754652
-0.81097788854764	1.13882625395033
-0.740470825635705	0.929323736652854
-2.38727246137348	7.21874455742573
-1.82900577614631	5.06483819636076
-1.00075804768323	1.8063141719607
-1.3709896006098	2.35485501509157
-1.08036961356679	0.870941541411975
-1.35231960553222	1.10588151943518
-0.589186861348719	0.42347727347962
-1.0063044700371	1.09354556176601
-0.734556555093387	0.808589190728899
-1.3330699735121	1.6516651827998
-2.16282473698035	2.97345744036143
-1.69188696977478	2.08060509477572
-0.830978969808156	0.790821416097128
-0.499644566200289	0.369486027538166
-1.07133157220613	1.10177371350829
-2.0928668744287	2.2314494740908
-1.57466353379859	2.02550622451427
-2.26802244357226	4.37334123996841
-1.07647421541302	1.58133396659882
-2.73240556454332	1.86893101482379
-0.528473118482182	0.254551532011858
-0.311118490151642	0.148882515311303
-1.60079606580957	0.93078569677057
0.177391474844069	0.0798049494059991
-1.7992028580211	1.5873139793085
-1.17445888754013	2.22414982553965
-1.46986830636167	2.82618165574632
-1.08166386038638	2.22075411736099
-0.282418584715095	0.336615554331656
-1.02705671290265	1.77370594960032
-0.921267138841745	1.34217624402918
-0.789901899941018	1.19981477358854
-0.777490859860105	1.22182520027123
-1.15072628883221	2.63879672459228
-1.3094462573534	2.88289421680442
-0.871375014701868	1.36384635007028
-1.64529856493054	2.70406302012789
-1.12876786255083	1.59154805862875
-0.865819822547677	0.600485361587354
-0.862565433508885	0.842611454351933
-0.972048378053419	1.35130653115764
-2.85839237243776	4.50216653634065
-2.27252632536983	3.19773161107513
-0.730288128563625	0.700493240105389
-0.377715811564195	0.362279802151953
-1.44513981676466	1.88825665381422
-0.880461745641122	0.837283847155838
-1.14289618597454	1.43923852963181
-1.1533294017726	1.39740922586126
-1.20366046731856	1.94289334442391
-0.388203035429556	0.36547161338134
-0.704251892430946	0.553691097876961
-1.30129434672373	1.24514582424134
0.0998169442068724	0.0514320346158518
-0.807002568851767	0.539870955066802
-0.0529849696748307	0.027078136306034
-1.34266787664683	0.880637116388232
-0.645739684690907	0.333799298316932
-1.38796291561073	1.34258244294392
-0.693678664229306	0.48784899475982
-0.745285672699416	0.906905793685229
-0.199228082666927	0.197876449268241
-1.18156867741307	1.90062016097747
-1.06920538287952	1.71144052092954
-1.37436784691151	3.10700322453267
-2.16544246831258	5.00383516153106
-0.403172517096387	0.512536576163856
-1.09386581459864	1.63034245785889
-1.41589710576229	2.96165668013183
-0.996579227880599	2.11688475755608
-1.4088130198642	3.47787236369948
-0.269383256082122	0.232368637979001
-0.630731324441159	0.723857716173944
-1.32591793062498	1.27729723809815
0.194655104660442	0.157960295193762
-1.01905058689416	1.11273514956306
-0.921420453533462	0.844285237500053
-0.798344023418719	0.744250374662939
-0.993841092533188	0.630009845435112
-0.0973680332799051	0.049244975770311
-0.298398657538989	0.190680376430427
-1.96283756816081	1.92524343934016
0.175709207752447	0.077517577964266
-1.15509788855275	0.970089373594744
-1.57816570039351	1.4952425574587
0.385759797376624	0.356651582848684
-0.328323933099827	0.333352824108984
-0.651694516718502	0.724668009500696
-1.04843924772529	1.61397419476066
-2.13207497308329	4.44134162742516
-1.05974425516295	1.51995116978066
-1.23075704436734	1.6716210528243
-1.0663503071129	1.63919411151522
-2.1764968995052	4.3880759609932
-1.15337758426776	2.18167192905981
-1.25134036110979	2.43291439899828
-0.927352177334754	1.17579580153174
-1.34208975526999	1.96269834159325
-0.900039693004211	1.17742137174607
-1.09424682707156	1.54318753369004
-0.204171301387837	0.173312270693492
-1.12272366590329	1.39218957059469
-0.647195233570425	0.493949039411903
-1.21835757510249	1.75094853085127
-0.8545741777309	0.417608327807966
0.154770031673197	0.0947387658909221
-0.0310993803974705	0.0150991339376584
-0.316825240379509	0.152549207551588
-1.60606865233075	2.32680328861178
-0.426066992484612	0.27741295129584
-1.13328245830753	1.59716505291191
-0.70014541615357	1.14344691648898
-0.875508447079489	1.23769223914617
-1.25670416906449	2.25090642116204
-1.80632361744976	4.0960494619074
-1.90415263907436	3.87801613251368
-0.911904064608129	1.6268915247278
-1.05144790242646	1.32745676060054
-1.94059546165162	3.73570960722446
-2.17935468138298	3.96508327514978
-1.02330050736883	1.76170209260519
-2.02696159686445	4.08324275231841
-0.969569017124874	1.57678349791092
-1.61011733645262	3.12894958275067
-1.57810630319941	2.07761119551728
-0.697179166128468	0.64768110499581
-1.23656243132974	2.06547343376591
-0.899974153427271	1.04491386484246
-1.04605419636307	0.705370628620112
-1.06001760122261	0.991467258185653
-1.07194350490486	0.732555166129505
-1.20808601278612	0.738582754796906
-1.0477790703666	1.15914276077646
-1.58481260607902	2.95448708541577
-0.524139814931629	0.509443871839492
-0.823537752579827	1.45138022043404
-0.895351364663403	1.65682092411169
-1.04434622502855	1.49251877300696
-0.692304648805439	0.772878457650672
-1.76872211433288	4.08831313656279
-1.0619376817962	1.46366913282219
-0.760151282686064	1.00982477052446
-1.61931860009077	3.07783578949919
-1.70202374023167	3.05407672493875
-1.74952932673488	2.77253439612026
-2.27858780390299	2.64296457579796
-1.11238442775527	1.39325049033692
-0.738347307479402	0.766694594825924
-1.56188153129588	2.6370437348811
-0.735160561414132	0.848325801732333
-1.3291749877133	2.08045903543483
-0.279966373635957	0.249976779222778
-1.46751618202627	1.99855943553269
-1.06815234714561	1.39189204221303
-2.2568420359167	2.62304564194092
