x	y
0.280317479845812	0.167372576332138
-0.108269971659688	0.0552034291271478
0.68053125496431	0.59380691274041
-0.477278241835583	0.379219448822799
-0.985285634425055	0.878710170264732
0.310754825923393	0.222029886579143
-0.463163083811858	0.340576608114819
0.105406929518327	0.0553664653264039
-0.26833037766003	0.154016306723654
-0.972026247907347	0.834339375472792
-1.08875591385022	0.852911750393762
-1.21867778396109	0.902674734327323
-1.87939840023485	1.70596748140746
-0.896855690483983	0.812840063968827
-0.26088751278913	0.160714940749455
-0.865738937321574	0.614603688366256
-0.311438282825276	0.227945487426236
-2.28416553663538	1.92634090082437
0.144967437200104	0.0932010191873662
-0.556431173325582	0.526686843119865
-0.487086722244447	0.296451262408509
0.0137664642440792	0.00692588102204143
-1.0323489255326	0.795631450130413
-0.423051234626852	0.277555609980177
-0.735284636867849	0.470842520604349
0.693081383883005	0.658906853238652
-0.221590542836746	0.124185802313932
-0.856812852365036	0.83863585553244
-2.0185361018838	2.04608674560743
-0.814164924231887	0.541699321008692
-1.26387393189566	0.964390632791322
-0.359557115645181	0.333055936375788
-0.490237659968407	0.261750484665393
-0.915509498889477	0.734781856128539
-0.593602090672462	0.435509389089552
-0.996689922877907	0.991252867166807
-0.616535867083131	0.503601133557481
-1.48356946457597	1.78017320418376
-0.920102817816116	0.682203263720847
-1.01164667096109	0.888459653655582
-0.777404355316161	0.825171200622861
-0.812293731040721	0.634384376495229
-0.704395492546174	0.710726066136137
-1.42947224144361	1.49222828778709
-1.2252246154245	0.92277527307789
-0.887340081736925	0.815038572196941
-0.217695828355634	0.129533700729329
-0.776627103983623	0.754938150145919
-0.701842793846441	0.560983009708366
-0.915782766685261	0.854499078674807
-1.01815140315913	1.38228106322098
-0.479386728709607	0.350083374754885
-1.05201999017625	1.14939939792804
-0.772477554721718	0.494892174427423
-1.37639518857479	1.35011029642322
-1.47997542280088	1.0547640739436
0.640028026471003	0.527359693301863
-0.665627190592062	0.546886007297677
-0.640620515589075	0.335508351944427
-2.79005148657913	1.92398832034935
-0.615881798391248	0.643480248133206
-0.869017013957795	0.484461818945083
-1.06035725157683	0.593925312740379
-0.455310993853556	0.208499554121334
-0.420641538941035	0.275525790092656
-0.817553768619417	0.475159088406322
-0.279807318122266	0.198235781364779
-0.595594471810959	0.386181160999669
-0.643264555350534	0.593728622721303
-0.0999566461753766	0.0549517248125957
-0.361822722793634	0.241819579757416
0.20192637983884	0.124902049203883
-0.497427524421113	0.37020657483574
-0.409178375373277	0.234507630033183
-0.286671222892338	0.18167887671623
-0.285364186912527	0.166989856086507
-0.197522506472539	0.148776466249984
-0.0363248467406738	0.0204848654550601
0.352223054538759	0.216177553489678
0.290015675766836	0.210510566526137
0.611408546141219	0.467287850667593
-0.364872175914919	0.224978795450093
-1.17324039939036	0.830938333249188
-0.654782214535331	0.433912016934233
0.109276436030495	0.0682411354181419
0.126401436113379	0.0665249897521965
-0.80098122782094	0.446637622916048
-0.402800168147019	0.205460717789121
-2.22222129163915	1.8053425537099
-0.169098625408771	0.103301823665779
-0.909888587734968	0.664113331249517
-0.868284632375585	0.601978177062852
-0.94077476349451	0.88303317242886
-0.75967566898612	0.556400631101415
-0.357374318083547	0.271688976623344
-0.709623823332651	0.566378555152988
-0.541725039896064	0.379761346660386
-0.180604462223554	0.105452936811401
-0.411092479608529	0.266833427480614
-0.366079027574584	0.263741366789684
-0.342398561390429	0.242544745785543
0.435092850737089	0.32689654944469
-1.51583512560609	1.37497895330536
-0.831021781606707	0.802786613022714
-0.195766330035032	0.11309150559655
-0.722722867430706	0.578957166131266
-0.854800520658988	0.587073135280936
-0.36503431644891	0.265409900024424
-0.763072646377363	0.580755144866756
-0.779963609245879	0.515731436223809
-0.272595076620987	0.215947811213313
-0.90607588773205	0.649539984405267
0.0530217624779031	0.0253153052173973
0.133532339289009	0.0765745527063167
-0.110013291008397	0.0502956137229274
-0.147637467487688	0.0768679255735742
-0.266801920768895	0.142537640716697
-0.347866885740506	0.232479231447194
0.547254918799666	0.244299163225739
-0.561660795913004	0.272977870472592
-0.299912688113595	0.142386467961953
0.30654121108889	0.127210162481467
-0.311548382705661	0.183671938575711
-0.314896954720593	0.132901386345322
0.439873452672065	0.277131628370364
-0.0220262457421672	0.0118096135231373
-0.432512353935193	0.349348398265331
-0.544675415936854	0.265206958396118
-0.798989269292726	0.237086792656774
0.231347693042462	0.0855368323221673
1.19271865168069	1.01150561675996
-0.893484601409564	0.509493284666483
-0.803497166748183	0.46027941270457
-0.376342061719062	0.143351650581627
-0.337868037345862	0.217506599863545
-0.533760409234157	0.288549689667565
0.0628674818629238	0.0292711787818924
-0.146434264423598	0.0761963754448853
-0.792815013303326	0.437730955287365
-0.560836547163111	0.50222632589901
-0.363702849355184	0.218607288340972
-0.30405260874376	0.235237446306733
-0.577046733138881	0.237882236442781
-0.449640090095071	0.198356036674209
-1.24195980239909	0.600441580415281
-0.743006979754468	0.340588751154991
-0.382977786202787	0.146228840319422
-0.400647291050125	0.205832919745716
-0.140275156390757	0.0766837542533176
-0.569284512402427	0.278313604581426
-0.170779576390634	0.0662423198318033
-0.511470104792284	0.383292774052122
-0.0285830967630331	0.013756494875785
-0.313373008330468	0.150846335346068
-1.08173243080349	0.600512192837506
-0.559345984316832	0.313253144704271
-0.814029524022453	0.549798046967005
-0.482748296664315	0.325499109657165
-0.701425262509538	0.496415504076368
-0.0259393348976902	0.011493043432333
-0.342447043828561	0.227107477661732
1.15368341488225	0.557773853353727
-0.155369203532213	0.0605549721248524
-0.105594970734166	0.0443229431732713
-1.61321426383198	0.943467766789175
-0.658517779922427	0.343643041595757
-0.312366557054582	0.129904164096209
-1.78227462802299	1.1181224870101
-1.61136677264732	0.921207474436422
0.0309502286254029	0.0157270132861047
-0.546369861165651	0.246211799877788
0.138876622192882	0.0837496293555967
-1.26654370144207	1.14755014361617
-0.572165187222652	0.229773039756168
0.84096171898895	0.426759322881596
-1.67359943814928	0.711798657296876
-0.473407791528116	0.253248326535452
-0.226721672199062	0.108964957254724
-0.805176856840949	0.463975452480769
-0.461026285254575	0.208009073561832
-2.31988747924983	1.31473412981835
-0.391200915561875	0.223427024997896
0.319259397101151	0.134342817366551
-0.721017226801406	0.386392366170269
-1.87554660831386	0.867459252782687
-1.75934464858869	1.11508486499885
0.794481345057565	0.568464840295302
-1.39575964352265	0.728390611615847
-0.470466323798804	0.253219292389507
0.177760078755238	0.072194852390239
-0.0972979820473583	0.0522606880046783
-0.481241116157622	0.293095977302611
1.63316712122693	0.622177018385784
-0.437003917362195	0.202509113640781
0.552387883734262	0.243281324328354
-0.838402127270308	0.411604137064422
-1.02435260397059	0.674139809873524
-0.728416377978264	0.397906304082617
-1.15376694941863	0.396550468009439
-1.05247910246494	0.586000693991797
0.021920084886229	0.0112141201010362
-1.14872207083421	0.674828483925275
-0.223107083075754	0.122988654252176
-0.808305727380471	0.532462259037147
-0.666037777894325	0.406073595697754
-0.703902518685573	0.318105097675075
-0.393253835787165	0.128042681433715
-0.317305611216057	0.131442914316948
-2.97263663991778	1.07714274841451
2.01303914590729	0.91200592124044
-0.00521108584768928	0.00268038638736322
0.412734881405828	0.216346999330458
-0.101177195340021	0.0426775493543186
-1.48499799310746	0.804996843359353
0.652083814700671	0.348037377163442
-0.109956348135265	0.0460423408946127
-1.38557194856761	1.16716821428114
-0.395899549162932	0.225452769268491
-0.115554031934087	0.0488985379553578
0.239924304750339	0.0889955050533325
-0.327450935410149	0.138352514272666
0.691536250440037	0.384993698003762
-1.91150636539497	1.27022733996694
-1.60915663192509	0.947551188447604
0.448196068941106	0.234221115608465
-1.90116321908126	1.31046626487381
-1.15695492861957	0.671134433895976
0.311291762241554	0.239370689748594
0.432936453899584	0.248259558747327
-0.323142470221587	0.138064645973855
1.62536695966669	1.01327657849988
-0.497612345181451	0.33523916729276
-1.07220964867623	0.733630994030763
0.929255075537882	0.953928038757368
-0.534814180102406	0.377209382473637
0.839914819889596	0.578378531278457
-1.34223485868805	0.874405319891647
-0.496116196078324	0.266066939998997
0.769638166190445	0.476130398066355
-0.182902541488113	0.0982112745865855
-0.0277140971321549	0.0146676370670403
0.176994066227032	0.0714033807534061
-1.42877444929338	0.975935193622289
-0.0649783905265843	0.0329386057402504
-0.744164168010195	0.479560775609634
0.064547817343847	0.0302098908322398
-0.569992445019718	0.36781194236523
0.659454722969858	0.400006353192172
-0.565449629809804	0.277098777404204
-0.129743071460752	0.0543592937859272
-2.42499446635071	1.40667782222285
-0.468180979414229	0.246248101215143
-0.67435629540697	0.412875690419415
-0.234271709498792	0.130439284071165
-0.550190117671229	0.270206971624597
0.0879912714765282	0.0484422264685695
-0.64536466286926	0.37481666268345
-0.961175123378735	0.606630183199679
-0.26500520689825	0.161202455193658
-0.857365703747351	0.42615854901904
-0.681564761428991	0.418980068657136
-0.471101569695125	0.25109298263012
-0.531412945332914	0.254952800091984
0.249679060638287	0.134999488188425
-0.859183558895793	0.425713660140424
-0.731109612520332	0.406562646293086
-1.30487921371851	0.828344840775658
-0.447664727916079	0.202228880728281
0.328964252117611	0.185981221671939
0.623897868628474	0.314902982265779
-1.38107543049772	0.702437586028054
-0.0401147156091757	0.0174577447497886
-0.399229491724141	0.230615865620342
0.324675519734565	0.138379153768536
-1.21906551264731	0.752256825518706
-0.116533503892994	0.0646299367501931
-0.0971452625919002	0.0412615597202445
-0.0971791028216687	0.0530299789340376
-0.451862472153079	0.205367394892273
0.00979323821393921	0.00354025294158162
0.300472210709824	0.140627996467233
0.339426093085465	0.18017861711506
-0.380543339681931	0.14296305818752
-0.0273161173634286	0.011732761028455
-0.265037695295527	0.136405609908382
-0.235991336797743	0.154128820803016
-0.126374049713033	0.0688642389026132
-0.491858441825437	0.337981132694422
-0.120151276957531	0.0558607911642734
-0.477365152437073	0.255192234652856
-0.575101267823712	0.402233838345006
-0.261796993756459	0.155973054753042
0.259505209737654	0.141579848841402
-0.116799036774101	0.0484527686461482
0.135904095747239	0.0857207738639082
-0.495591854575685	0.332454011210122
0.0655427317573955	0.0291182229495189
-1.32492461983671	1.08234006768503
-0.74915820567263	0.406340482538894
-0.768649807446395	0.646298337325664
-0.672429776971241	0.404220490815797
-0.731817256018471	0.476175360347571
-1.39930222351971	0.721197976945377
-0.313943588054906	0.134022639523818
-0.559590070489716	0.337349686055945
-0.311693463361466	0.147302306979105
-0.563919079859493	0.361545433553773
-0.697303837665256	0.595641227484655
-0.860423604323367	0.599695691279398
-0.550425417787313	0.307549755783097
-1.57469859020934	1.18383875036482
-0.429725361787826	0.329566173821239
-0.444155299493707	0.253552310666852
0.182915348967533	0.0978518608398539
1.25583759108024	1.47698511882291
-0.614909971588111	0.35792100043395
-0.118905997383921	0.0596004908322327
-1.33499146746959	0.857224109180963
0.136169937443146	0.0778370005210092
-1.18309633730561	1.04781296759889
-0.965531904467761	0.829873183279234
-1.22540889931641	0.749508725198299
-0.45179801120638	0.296586623646765
-0.629211256863723	0.469409419290127
-0.509497341713276	0.318205529052449
0.0419912824106133	0.0201146604613801
-0.169944307622022	0.096560976136999
-1.72995270626243	1.46427462358335
-0.572758293813737	0.360003836334566
-0.241354860049291	0.159807559473865
-0.605302774266823	0.655948824388806
-0.415306065556854	0.455327090276333
-0.157922753922996	0.134402256240316
-2.14623112836855	4.650860886166
-0.803206373268771	0.963910979979622
-0.448235218820233	0.406467939916744
-0.521740179211828	0.423158152959547
-0.409573656488634	0.237122983975547
0.105134406923835	0.0550367498418656
-0.216152694661474	0.137134780299654
-0.319497773891289	0.251593628588738
-0.986027218580924	0.959620867582099
-1.52985540967253	1.36071832380322
-0.833206706393201	0.712786939221808
-1.6489133248738	1.6255061834553
0.228383840530414	0.134456999948273
-1.13358915641103	1.08909880740903
-0.722211187175885	0.583953233017242
-0.58084349671683	0.455124140916083
-0.553473314571336	0.429915772184976
0.141888635629252	0.0911113260134387
-0.811528676054422	0.764864038841228
-0.546325432534795	0.424472671218089
-0.876136674313807	0.789400259024318
0.071175205773448	0.0494897911124057
-0.513700227272931	0.576938288543302
-0.465421021657628	0.311758271662795
-0.394116880600452	0.373630319875576
0.174697392931381	0.0936899307571234
-0.767500928776829	1.01803123367516
-0.541307462873128	0.710643573986986
-0.63106720994161	0.861094408928217
-1.01708663184151	1.67241224492595
0.547750539516684	0.67168039750011
-1.72700448583573	3.34069180425181
-1.67188636822306	3.21719747202361
-2.92046512215061	4.83830677490948
-0.188269980117716	0.135951905000085
0.0367386328185318	0.0210089477580145
-0.917302735111714	0.760373023067938
-0.690292239972754	0.425188751217269
-0.854752083888689	0.605301852946113
0.554182530828349	0.508845009416539
-0.944326540382046	0.805928517771897
-0.564051264854477	0.474656755928419
-0.801887168293281	0.676745055952575
-0.325999073564959	0.280886166250753
-0.424623455426409	0.300802309223762
-0.820665827600595	0.78437020554957
-0.502167391110514	0.501134251917155
-0.340880152740834	0.236292178217822
-0.244257162614024	0.177032486278656
0.289606127492971	0.207516588613127
0.335901396327134	0.244293945120508
0.0288917764298541	0.0195309666192566
-0.311281792737923	0.185268870892103
-0.153400900485655	0.103814872732361
-0.650355467823075	0.801620928124547
-1.44728387834161	2.102108937022
0.0248872258711164	0.0161407835549803
-0.837100783943304	1.18394049364225
-0.355770091394407	0.312777426207527
-0.771485702768926	0.756006505201047
-2.01749324681175	3.35355287800437
-1.39607853682483	1.92678376898858
-1.39119454753891	1.41747908120848
-0.784483183044952	0.594629083008374
-0.60871471970802	0.446650953388687
0.293773088981014	0.179449035645311
-0.24809926237929	0.164376039647622
0.000439462180074937	0.000540986994573977
-0.542208104631276	0.53886971734372
-0.725464788616073	0.466382706432142
-0.591353716126519	0.468446358081256
-0.782723553658258	0.719058786260838
-0.455167651141013	0.350381153630711
-0.0951354219324738	0.0589801499670471
-0.892160751637873	1.10163223175709
-1.13551120531808	0.803357068055748
-0.800560789418915	0.745382760967528
-0.0888674058161651	0.0683979124044444
0.251238503253848	0.218668318713766
0.152712061097492	0.0943557635005154
-0.376364806784204	0.253015739620391
0.0213280425050351	0.0146401785975879
-0.0579155677138012	0.0330634486017858
-0.38563921115297	0.298857517228146
-0.318001379935203	0.224445997211369
-1.30764935961783	1.54345805057584
-0.802575126256637	0.672140855516825
-1.16434658103673	0.841700580184294
0.508867197154776	0.378635251005201
-0.263443849457525	0.186632114948982
-0.443780283782791	0.417851527430397
-0.724550165643451	0.799942833192899
-0.444047735463138	0.4428832822776
-0.72566634877454	0.814026020830856
-0.313712160287376	0.241840426281412
-0.352644500034369	0.284608050028117
-0.880513511660146	1.05997882314248
-0.452177356548858	0.3966812983502
-0.689278024709014	0.577324300023958
-0.469499441430818	0.393922553031123
-0.354050946399253	0.237808771710274
-0.969605343662712	0.944647784380436
-0.00456562043426048	0.00239103549284468
-0.910907862890603	0.910633511952771
-0.0630433317055103	0.0397011707650167
-1.02164537570462	1.19692787971645
-1.77116303445247	2.25228224905576
-0.789759573383578	0.948659413194408
-0.123214708082882	0.0743347429879677
-0.719214357178283	0.824182216352197
-0.596779457430352	0.394183858128368
-0.651189390820701	0.643448474472235
-0.398372935352221	0.276125437643798
-1.6034672735726	1.51580892605968
-0.0565887543687367	0.0370934685145751
-0.191938944081874	0.135465875243622
0.338403544467635	0.274168920745901
-0.22590424182117	0.193080372558603
0.168876149046111	0.114014036936544
-1.30420612189178	1.57477311629972
-1.3873468058523	1.7699707882718
-0.183012020477283	0.145313562866297
-1.53097059160013	1.58297814270038
-0.320658834290097	0.222972420674529
-0.268587979349924	0.220667037634808
-0.645737136446309	0.427263439295866
-0.17082375772467	0.0901590272882376
-0.312588037916029	0.239444165185248
-0.369217826058672	0.33150031104919
-0.616828605941309	0.502225134126553
-1.17986921015782	1.43225504492203
-0.326389030686537	0.271023517448971
-0.780911424164641	0.648856834281385
-0.33442419251388	0.251072114590254
-0.295152074246458	0.268731027955661
-0.410277170362921	0.412092108897106
-0.667204168034811	0.605975495341454
-1.13166658342014	1.20554342408895
-2.0162633254358	2.93782613380893
-0.824705960644733	0.947741860473482
-1.355996246286	1.98110578375848
-0.177034457365619	0.110800600961573
-1.11872611002079	0.943617293732806
-0.480415374642257	0.548175672510099
-1.19773601812585	1.44703929528424
-0.998893266868737	1.06381987471866
0.255111814891543	0.201685566269404
-0.238533051527476	0.186685839312427
-0.151400887777069	0.107852800070473
0.0907573845155559	0.0710956770166695
-0.114336573122533	0.0791812523849356
-1.41433431827006	1.86776432136886
0.00704690674490541	0.00449905549856007
-2.39734964387342	3.65192854670786
0.195914917464644	0.135585490855011
-0.665205338855888	0.681502278477029
-0.0934142476882801	0.0613112275025447
-0.37035940326605	0.3390744497065
-0.824810614758913	0.783753279175599
-0.227134654747719	0.191062552051624
-1.26200183829059	1.30289500719957
0.601658497457336	0.648962024478601
-0.26106284653256	0.193379415904367
-0.639126597156887	0.530658377446589
-1.04291987000784	1.17098254521942
-0.831422685724896	0.984845500739162
-0.939037408254866	0.921749952227752
0.347247352249712	0.264264156262678
-0.999855320976003	1.05011140919908
-0.52076923186185	0.481970072044729
-0.825182186975612	0.894669920823726
-0.872989731929548	0.928067585527704
-0.500488689426997	0.399814790124921
-1.93432057216008	2.65664814374798
-0.71670763487745	0.716765169091436
-1.14794619594184	1.34852665244191
-0.839075204993905	0.689160053813041
-0.38982016331084	0.3290917349632
-1.46940331678157	2.15320922050862
-0.99902317533924	0.87761774417291
-0.796070916574347	0.439421713381275
-0.587818913155727	0.513680189977466
-0.725664681170562	0.580830090286405
-0.299951227030634	0.231499736935237
-0.469630951230244	0.334638197561245
-0.0555747210223751	0.0319025887029097
-1.2333310679385	1.09004929910876
-1.14760834888295	1.37267824118931
-0.907560074187856	0.912924162940798
-1.01981659253431	0.805119498248953
-0.722818446523874	0.516566920854868
0.203284384721623	0.153951970391214
0.300662879540883	0.249334188401462
-0.407467159821413	0.307918578079012
-0.828438787841699	0.797409876618713
-3.49552437280173	3.56314267574533
-0.759607833226135	0.631753189891222
-0.0900852477872491	0.0707995522124656
-1.65489108510271	3.30744183652851
-3.30091051453977	4.9807055066869
-0.844210485450364	0.907963189326552
-0.0228396747634876	0.0155543114229257
-1.02222511775093	1.30683611526231
-0.736520176075213	0.802647390379272
-0.141332075356471	0.110621773840911
-0.266061188612866	0.147926588961524
-0.58807001207624	0.428541872532013
-0.583683219741039	0.465609026146524
-0.387377738608871	0.288624637535321
-0.542151169183458	0.415990283651942
0.619479655704468	0.525586660331578
-0.36724311041065	0.281335787052073
-1.2677888184605	1.16782681766681
-0.0150047804966566	0.011074138692199
-2.43045522746867	3.01159847791352
-0.0597704827683531	0.0401409295802873
-0.617707068670755	0.61020053372292
-0.0264760019409366	0.0189902358447912
-0.532560531627962	0.410099201578693
-1.91460146847116	1.79826453515125
-0.733839958110085	0.65314075584072
-1.23970953928496	1.59053836033374
0.0424786271066934	0.0311288449529524
-0.535282916433906	0.522633042102085
-0.778158399471649	0.7275029226127
-0.452813717408911	0.41308524215948
-0.836071468225089	1.06368692422564
-0.634309119776631	0.732811209589521
-0.497357058134959	0.375415035559961
-0.907768829131174	0.72178141611979
-0.728382618176499	0.593840464323318
-0.205029848754016	0.15184517933515
-0.493093922255929	0.395025374491411
-1.38191295108868	1.92353716200435
-0.40414652619991	0.317877701636508
-0.959299401777634	1.28533315408801
-0.14852814175969	0.105523967781724
-0.45858160931113	0.443931241561514
-0.744228778918763	0.606943970244923
0.63295779785751	0.5220054197632
-0.187090550872504	0.100219150250546
-0.502726658203181	0.37732502218093
-0.550846738768352	0.571114055288086
-0.998040100861127	0.962929520913135
-1.23931634750709	1.31617677860766
-1.06091837600588	1.09829895627172
-1.1571565249349	0.976442101765878
-0.521677490854392	0.463542839401167
-0.851882301709084	0.662135854397605
-0.413518335709834	0.349996965696129
-0.700877239053656	0.646456984092983
-1.1328245284804	0.960974235053894
-0.811318206411626	0.636188461803718
-0.74757785558062	0.40774151856149
0.222836376056257	0.11966616756135
-0.875626725701755	0.522470385087837
-0.66182264153853	0.344833541134143
0.167118902674044	0.0683569381692608
-0.390444640941592	0.196196046245782
-0.632718758172118	0.466795415199514
-1.42292243936949	1.209884208731
-0.180050875955633	0.089046792748562
0.55617404793019	0.439776880536332
-0.227382194669763	0.102495072402088
-1.0665328260578	0.974601968443592
-0.718213216389426	0.629582708292604
-0.576305064557701	0.498767144122084
0.0800435250998365	0.0447385747614457
-0.299773929194026	0.228812308994061
0.522420714467037	0.49416588981864
-1.62357759915755	1.58370900492768
-0.118226015605931	0.065552385859611
-0.454539812060847	0.274127935439275
-1.36384688980015	0.890076421862248
-0.392107308330018	0.198084530482042
-0.444509052914404	0.312502971332028
-0.907150525135307	0.832053597860816
-1.46535795841719	1.02823008588432
-0.412878009278617	0.286085808468081
-1.01474154364122	0.798365423601434
-0.520586979366601	0.391977603464293
-1.86737234736296	2.14588141354511
-0.421237139831067	0.242772022418568
-0.672140897520845	0.612203316292966
0.159306123162479	0.105547763401344
0.186400499405052	0.101569226905017
-0.556750264333403	0.306704170294952
-1.34942041289761	0.899100940652301
-0.615805389239259	0.363884486140563
-1.40953004050917	1.20477528916829
-3.03888870269197	2.44742515384925
0.129368968974568	0.0730629170745618
-0.874482573452406	0.513526605648058
-1.30784690954544	0.999732755011236
-0.398585387929272	0.278402101779783
-0.213697046965914	0.102359567029883
-0.589743565240035	0.340360201097638
-0.628858111600813	0.421165784231526
-1.90247780188963	1.31044399692059
-0.455494888968772	0.286038712981263
-0.489725824547658	0.338360952826519
-0.288054830466233	0.20597496863753
-0.457690385265839	0.334153023790893
-0.0399361130984828	0.0175335686356246
-2.41927115307353	1.4214713542668
-0.485219105158488	0.288557923185075
0.00573097953949394	0.00291581747816288
0.324523842676106	0.219581825145648
-0.577100154832504	0.451964079268292
-0.682302123443813	0.53392191084281
0.375914491392094	0.304259178441599
0.205503687611704	0.134558799716986
0.371098151178227	0.272165727858111
0.958056718564675	0.773593892454454
0.788442050021083	0.577373619296632
-2.28455214574179	1.84317634591723
0.19750875489645	0.114761959542684
-0.934575597371218	0.571855924199403
-0.080158942772322	0.0475246941396966
-1.43756244692545	1.24367629718655
-0.283637223288319	0.173643448622057
0.289327643853797	0.219532946271676
-0.0210737831922383	0.0113717325196722
-0.187256389839414	0.124948090332777
0.453283528804201	0.216906262393684
-0.22272550671301	0.101002563844025
-1.26734746804989	0.605670218440797
-0.907730831114805	0.375581539219601
-0.529494431716835	0.334421736178152
-0.751244611207601	0.482831210562779
-0.0505131418779479	0.0286934910090667
-3.07412296369574	2.4725111661987
-0.526933066484147	0.287900861254915
-0.717638277548381	0.504760156067235
-1.06581356356336	0.720895840045749
-0.740178257625252	0.544075910997432
0.430707688359272	0.288234635946103
-0.260032043399957	0.134330140703275
0.172470679099601	0.0786663683367957
-0.0898453046972498	0.0546407204730029
-1.22792360796059	0.92753891438002
-0.0539215528193397	0.0248336362225393
0.634993938899563	0.386656028896135
0.605451255039327	0.421877952595314
-0.605746185977308	0.5245450661273
-0.0403793793574745	0.020973183069181
0.540664408502202	0.379863151301116
0.233526806172972	0.126692065165197
1.13984199650694	1.16465063360036
0.79854417672291	0.572530394142562
-0.170189281952593	0.0909922021630354
0.279209466325555	0.177466284861841
-1.64949216285004	2.24067883580114
-0.576261830973667	0.483104589191194
0.66779024046963	0.666004492237334
0.434413518011147	0.324256651792096
0.335109476207165	0.279086075008837
0.0596456345596152	0.0408394444876914
-0.193043725890554	0.142242759385621
-0.231415217323907	0.127987138106882
-0.908469713089962	0.756762958681092
-0.496935546630175	0.420718841126851
-0.890993525950302	0.535172361438954
-0.0861070624731342	0.0553374332346453
-0.50403770836576	0.377302445275896
-0.301354152866891	0.208927712010904
0.108750608761652	0.071976842834213
1.35690348200558	1.6229858839831
0.17457177526153	0.107514796921445
0.506769697998859	0.402372888977872
-1.67658442108247	1.36853300248897
-2.52016690056334	1.56198760816103
-1.29570938843316	0.794509607085571
-0.445127604536956	0.26210904950081
-0.326925477473771	0.210386202370792
-0.416918699861166	0.241425976032823
0.107914045610476	0.0566061216460191
-0.856737564659647	0.608284194710035
-0.243374157197069	0.159228986258696
-0.0258243697444437	0.0153357107401108
0.0131798877869469	0.00684297322628644
-0.0923888367529245	0.0471673043057078
-0.425106842611385	0.232860469771553
0.282708649905465	0.129648008168928
-0.117420285284654	0.0484952681401838
-0.792724991390015	0.442365985478605
-1.68990538869899	1.0311409926073
0.431496686371561	0.225320637060335
0.578362944606861	0.433395006151641
-0.527111184503931	0.328155009900502
0.527902212671006	0.309031219724781
-0.742005296122625	0.477366766911963
-0.359002170393776	0.241225029662189
-0.344797733229126	0.23122290457172
-0.930623481460893	0.792945814329962
1.04566443710954	1.00936667446212
0.0484872507413719	0.0264004739110945
-0.658838774138073	0.559729469227522
0.090688299930639	0.0567301109299806
0.300404719472049	0.305214913881077
0.524698154465621	0.461685783802863
-0.344290354572244	0.313229878490351
-0.13405261905613	0.0971475402225768
-1.50343564407632	1.31936705217372
0.145726858464255	0.0712043907802832
-0.599782240098908	0.435415344926889
-0.569473534933464	0.410120071951409
-0.425185154851163	0.273968583141578
0.146969703319867	0.087803113495015
-0.140214158200828	0.0972957262906464
-0.588995166453769	0.432172165936928
-1.64250072393674	1.90247816799716
-0.612168863418744	0.455321272179653
-0.413467501113202	0.313207239325198
-0.564128526075895	0.444946997891645
-0.113472181451186	0.0683072203682704
-0.312854499845016	0.150776114031682
-0.469375962497437	0.253106872051708
-0.639352073401786	0.427927080932155
-1.44513522081082	0.957358289044379
-0.727498216424128	0.468238835265667
0.158803873210698	0.071168974382244
-0.364591273054342	0.228866680744409
0.98503105745993	0.8111327942059
0.259189738281767	0.191949445714376
-0.638579138172932	0.378338117706444
0.166079887440981	0.0677680492460145
-0.115816539832806	0.0642206448298052
0.383737968011619	0.256067667300301
-0.0804407449373071	0.0520728735526892
0.438584836728702	0.277646570026814
-0.0971915804805811	0.0530942542712498
-2.07314381882602	1.56176066044661
-0.999013221054005	0.7536980286245
-0.560231510976581	0.276379901786219
-1.53140305367004	1.09624137895129
-0.127038436835899	0.0531942264980338
-2.59426884369939	1.64700985904311
0.150272935197426	0.097614710442199
-0.235997668533026	0.144770110430214
-1.70226521952272	1.3938862858325
0.992918259748214	1.0962163650265
-0.377768798864781	0.205137629093852
0.0252096770024662	0.0124889754431046
-0.152215806111947	0.0804401898483881
-0.398421379075895	0.227303553414021
0.301127166944634	0.25080023520384
0.265328614359813	0.190712322210055
-1.37823112650149	1.37133334618043
-0.75693738687623	0.488021734155389
0.992929825909833	1.22515810667616
-0.909677468112852	0.981578125137284
0.613766136772052	0.437271511180529
-0.2538266884532	0.140689700349473
-0.65034480688737	0.500066312741057
-0.773258765660898	0.58452437247008
-0.4461443254239	0.292171173548699
-0.0293500936577649	0.0174222820404965
0.566097337932425	0.44725647333335
1.26856829067682	1.42444815222152
0.509724786720136	0.321003353572521
0.191940978977179	0.129133006395596
-0.400624819727875	0.316441837957284
-1.07010035708016	0.726426463146775
-0.581996782696194	0.31791628019102
-0.224945221424941	0.110959595972855
-0.486607999891622	0.326189319555974
0.133263103453531	0.0652879835217481
1.62597133371612	1.53811930924618
0.25463482400409	0.140058649762461
-0.475356128648084	0.283987824090599
-0.0025814169364983	0.00132117294041932
-0.311332221679898	0.132363272510765
-0.654130473926084	0.33599046233684
-0.421774642556873	0.212608553721045
0.209074245532537	0.139908540917818
0.526298257919484	0.335020576881693
-0.572247366117324	0.414318930438467
-0.401879081859893	0.307553416468319
-1.52234717157523	0.842544494551262
0.226040552820104	0.114368708628519
0.0403781231213469	0.0190268256260931
-1.41270407576093	0.956196183159186
-0.161091938873864	0.0554368944107766
-0.618704949452915	0.366529603316483
-0.923272683487492	0.63876045763829
-0.0218125643193611	0.0114862146000321
-0.620830988998497	0.369213116626578
0.553427124670198	0.322961670983681
0.591777886209573	0.415682820161196
1.32182809554963	1.14019672734228
0.912624476571501	0.583294196431944
0.446636673833149	0.259667979898968
0.453363989821211	0.308020892154826
0.107085674041185	0.0640453920674008
0.471356573076924	0.29713115083236
1.1377909998421	1.07718379486833
0.651659278347846	0.537378541484636
0.202206589541226	0.127166574702812
0.686171275678734	0.803523593194631
-0.0205174948436992	0.0106817257034198
-0.273590027799808	0.143605394596345
-0.517520550668728	0.356506753523683
-0.857071702141401	0.508465212862877
-0.394075416089323	0.327822544041107
-0.16930128270538	0.0905992049671756
-0.866135220069759	0.60543378014619
-0.735656724162672	0.476124814133692
-0.637891140492334	0.378123291376851
-0.567358329211432	0.318600626790839
-1.22833992458154	0.74870558191706
-1.68435530706828	1.02543103112849
-0.262728220251263	0.13703359663502
-0.0338427525130817	0.0147946593072321
0.0867664283504836	0.0545454424052257
-0.473837044798489	0.250005943515657
0.368682593455984	0.244068783566456
-0.393126492309318	0.272337282864619
0.212412692289567	0.142243924601094
-0.0495386083848849	0.0295482575719678
0.635472443087069	0.411900204280936
-0.079378070889739	0.0536277160586933
-0.245093313551171	0.171496039693751
-0.0884336959926107	0.0484758415184768
0.466717922975554	0.337480173660756
-0.482726398529729	0.256545782308185
-0.679600850122433	0.471541300889652
0.0735455726363183	0.0401812046759869
-0.244012772344721	0.1372861382467
-0.472288776930415	0.284353040797183
0.854284784642734	0.573759577384371
0.079769950218464	0.0347425840262597
-0.232406743215349	0.12979162779095
-0.183480734141112	0.0909851825113724
1.02028249294858	1.08212747811583
-0.189793730340894	0.0904943418678838
0.630704381857142	0.310415934367893
0.981061228358434	0.860548303491805
-1.0336994818842	0.821340605879767
0.311953445507323	0.159476277508277
0.42061809317158	0.218728965396879
0.831392013698389	0.715301537541226
-0.195536680219982	0.113701342820303
0.758209587894254	0.629748066981343
-0.299723513597769	0.22737387561518
-0.302468762572768	0.179235865512437
0.843196154827004	0.775962297215191
1.01812548758933	0.940576545447805
0.366807751185996	0.325800387325691
0.313752883164853	0.227646013325606
-0.825840669106857	0.470665555053707
-0.299208401042176	0.192228444097643
-0.392728291873274	0.324092111424355
-0.78914963258504	0.59535843202651
-1.00111028680336	0.649137207899153
-1.08532713731967	1.23727648768757
-1.38814639079638	0.716492939523889
-0.0747155648286553	0.0390550160957883
0.0209745937927984	0.0106553190183913
0.405755499961439	0.229665525652523
-0.140678246985778	0.0850219986044704
0.232744655931529	0.15495149537161
0.541775773939304	0.38021477269176
-0.468683967270689	0.279260969184281
0.0988486458215529	0.0524503982630426
0.24548600952607	0.135138750706386
-2.99083383957221	2.33523694520249
0.140869587186554	0.0681545560024908
-0.651309197153497	0.553212682067681
-0.308852907747516	0.197064387577127
-0.351650696776383	0.22596497691597
-0.145880849854255	0.0767817985366053
0.845943752362062	0.685717181632099
-0.451281651441456	0.323164541998301
-0.0954468386102107	0.0487073797164458
0.229653684330627	0.115141942745301
-0.310081613103846	0.1458028435089
0.286453665289668	0.131398906587514
-0.544632161870241	0.265179712499459
-0.672087637710033	0.345645411867686
-0.215771182765295	0.0971575459733168
-0.411896685398808	0.20269550068141
-0.742184770895079	0.479598686996298
-0.272758192495957	0.143243360426335
-0.883477418877713	0.516882556664285
-0.651460011656824	0.482823700426557
-0.726974961513982	0.462405979998289
-0.378326837006628	0.256251793674905
0.798658608590639	0.665259856613688
-1.0604686190848	0.708323456190932
-1.68117062362578	1.3393891451601
0.609814899736773	0.492980253354692
0.181614638074006	0.123998166240047
0.821409083430839	0.701388668665632
0.225333973721998	0.150909198215702
0.065456559243993	0.0361382894725873
-0.466231668861529	0.370419313730464
-1.00645159300845	0.651847167060731
-1.12651512089471	0.796330453701456
-0.735368042411898	0.538830109307587
-0.402706803556492	0.318200630110142
-1.23675920422155	0.947321279285734
-0.327005631645066	0.158101407652966
-0.205097302320766	0.10116820392836
0.349950510613077	0.197552862918264
-0.88136130220626	0.524121559060186
-0.315228416863209	0.15131393113664
0.03197484277752	0.0182112540109999
0.295566731894558	0.233150532528324
0.558227811813313	0.36098447971879
-0.764587702314975	0.576386876339356
-0.366481057836137	0.202169809290851
-0.0377156632988349	0.0189548640870963
0.0114300908200703	0.00590702849220445
-0.0482737711939706	0.027539837669801
-0.60049823356871	0.393582015873444
-1.56282080787708	1.18626359542605
-0.556194975726832	0.400807215250315
-0.921235975045738	0.661742145683687
-0.115410344263398	0.0761205682620506
-1.00402677486162	0.771259272302185
0.170393489351999	0.0770489854586611
0.884440020200081	0.759848436206109
-0.883128734254695	0.537482954238786
-1.05637238059232	0.580786512193605
-1.49423362755803	1.01285528459978
-0.751081379941936	0.405118176672639
-0.119084785912304	0.0711881950057497
-0.341560972838557	0.25907017713497
-0.260264224615525	0.161537942197753
-0.577081089589209	0.496861347531263
-0.792883954948536	0.530282632928454
0.320305457883914	0.25606679180567
0.228129622798826	0.113932666197933
1.29324576110765	1.09086954288316
-0.41715586923808	0.290689766000954
-0.677389330020923	0.629270736054175
-0.365012168843933	0.309580149412646
0.0590599921341134	0.0410126544642587
-0.876975946810482	0.785487467587115
-0.591352131122588	0.427562649233689
-0.484460856839044	0.38875432865923
-0.168764955960094	0.0980263060635295
-0.486592345556434	0.415600332231508
-0.950781221093252	0.491136443885072
-1.45220064433834	1.01071735126571
0.965424647327814	0.832905390040706
-1.24824699885976	1.15211396276277
-0.0221952314100608	0.0102347002022733
-1.820284705739	1.61416809862572
0.454068176043963	0.308724458706473
0.621950055486969	0.444677378151105
-0.0388589448687772	0.0226734747425901
0.141209944547307	0.0962243499697085
-1.14818111721319	1.35280893205118
0.29911199844881	0.217242511017622
-0.150115919697221	0.0862980325594218
0.100683094587299	0.0524007009609223
0.35647007843598	0.236143749893638
-0.546402376001248	0.388666373669701
-1.61252857595724	0.925104848247884
-0.15383127831738	0.0883719420229204
-0.107284353306107	0.0533598940970603
-1.65379607404751	1.64081145064101
-0.255115214945624	0.140235072368946
-1.12053222368478	0.792718565099224
-2.58712927554248	2.67878454579317
-0.0979003303522209	0.052216127883889
-0.0369318184892473	0.0159449157367023
-0.853426048752007	0.591879860147691
0.278414221783526	0.154689366630306
-0.0164133248836519	0.0100131527278053
-0.453161113084517	0.267327897004696
-0.0422053646497647	0.0244748912775062
-1.45814234886838	1.03558723256481
0.673934269540375	0.511587662139915
0.0349494730948188	0.0210410784809847
0.348977414727431	0.19659972413528
0.117415689537013	0.0774749743241867
-0.857661289223459	0.605591711083363
0.903079443911086	0.826937984542248
0.44279111162601	0.322988713891381
-0.556765228271664	0.305391664776715
-0.779784858117641	0.504306376473732
-0.593097066314956	0.392693066973863
1.24004392819909	1.53622407191065
-0.541621836510282	0.456601360758401
0.062580167211181	0.0373712414906539
-0.419329510109585	0.320676298744107
-0.496486803015417	0.402752973875673
-0.508410704663045	0.347277265171918
-0.325131494223536	0.256636956034099
-0.481852269452935	0.295913257416321
-0.939201454276058	0.572849678193016
0.920863976022888	0.697115573913933
-0.434602016635359	0.198753121743724
0.201612256199835	0.14660279316085
-0.266497004932915	0.137303012255047
-0.107030985765456	0.0540960645362564
-0.86841935732501	0.694459586092647
-0.809548444185149	0.468008948140041
-0.395977167314686	0.223802201174083
-0.0414022491407843	0.02793895221492
0.0901548907360738	0.0561483148470896
0.549742712284398	0.461699106094719
-0.313983393738257	0.255092307139336
-0.117066740765635	0.0589231087708637
-0.47677228527141	0.25281222154017
0.178898177854109	0.0809408841848155
0.00299443036694267	0.00154695873414123
0.292898732089581	0.174606534503357
0.0610671416830589	0.0290135782501906
0.305168419559381	0.199601739415175
0.435181937667523	0.250188301062534
-1.42931450199699	0.983974563433273
-0.164279949411917	0.0956586671153993
-0.584134652847476	0.37735053909731
-0.355280607291787	0.218195518413047
0.671867588894073	0.508805030958861
-0.64118280307366	0.52929203374132
0.260779007725798	0.219581375358984
0.199045609480754	0.130800954695608
-0.475698062120831	0.284319933344959
-0.389828737989625	0.223286514969478
0.320263425094315	0.162368757611666
0.00135736635183273	0.00108171350391332
0.622786598846653	0.44660788314016
-0.999808868501131	0.620740419769046
-0.116313670697391	0.054472452056938
-0.643621842182879	0.48403319469184
0.0508231614406144	0.0256170176775554
-0.192810051610228	0.0946495190897975
0.33752384385695	0.248115273017271
0.284133564880314	0.171648507672021
0.0753382215951509	0.0421847097615986
0.819191894415764	0.421855157169882
1.23683320990175	1.53851804263048
0.323578148954381	0.257009527912136
0.284748387340281	0.189337603820022
-0.32094280672341	0.210406436111931
-0.475229594973828	0.285538515719772
-0.0760037087064991	0.048002019842364
-0.210933071692647	0.144702638265778
-0.540507609761827	0.417293684498325
-0.208057714572427	0.10165921816119
-0.118827452468353	0.049900213385234
-0.310529690692766	0.130170751859518
-0.317504695984547	0.190104888777302
-0.248415183231167	0.13822842976
-0.806449161985911	0.610472006762578
-0.344419783240808	0.188699445103398
-0.413040549207493	0.235501554185857
0.193563715905308	0.105006436819538
-0.18856163201636	0.122350377315223
-0.00261473392029105	0.0022159030659493
0.888276654952841	0.862518178992735
0.575728665284761	0.464235682391243
-0.687186025424189	0.455680922963503
0.418742470712135	0.276007665135748
-0.12398951328532	0.0585545337057539
0.123458893968108	0.0603208844285467
0.209415018965471	0.130150656853434
-1.15905938504888	0.680035226206672
-0.110335573531181	0.0462602833542964
0.0926987043282517	0.0483135090263287
-0.0992008855026936	0.0548403295226745
-1.22810896843219	0.948746851581626
-0.471329900553127	0.252340020828508
0.00794438438037092	0.00490731161563277
0.730427689209501	0.650179951917803
-1.67963299958757	1.37528556026985
-0.598362119162807	0.3482180991186
0.506836373555895	0.342555360810587
-1.01084656683768	0.664241118979192
-0.523621020073735	0.332006004537543
-0.425663952841494	0.325367654939731
-0.15923965000338	0.0609732729278372
0.0562002323533124	0.0268419004323636
-1.50566045805385	1.08528735399788
0.956066754395674	0.790732362355888
-0.537557876759873	0.298004950147426
0.183946279801284	0.107119245306726
1.06244288158464	0.569194336151403
-0.339062851112411	0.18620930667998
0.418686108315792	0.256274370747058
1.10080787042835	0.764040597923004
0.535818433985057	0.336183172687661
-0.702307120670241	0.496664901169969
-0.0701704936366785	0.0347943054471635
-1.86847906435772	0.871390717217763
0.55145335257054	0.289075178004754
0.384146539116522	0.256512793232284
0.477008183504328	0.346635530302711
-0.314770147409481	0.186314548889695
0.664410728425378	0.553510192241851
0.673619592433251	0.737912500966186
-0.915188428244415	0.670197700552554
-1.84597574315251	1.1789401168019
-0.1698422911169	0.065896675222308
-0.180387930126799	0.0972059462752198
0.17043349870995	0.0901838221559959
-0.542875766042393	0.260820431472964
-1.14717736382215	0.670989975335028
0.422595031467473	0.223423263027575
-0.464488654504523	0.302107468802561
-0.300272123167676	0.176038135659439
0.105782001151067	0.0704729007542476
0.206001309742633	0.143204927837613
-0.708979272826452	0.50798456231738
-0.256503095078698	0.215534059303048
-0.121357631155601	0.0841719300174997
0.240381896474798	0.140111137233676
0.169508930082298	0.0755727945136999
0.176077634651742	0.114479770445362
-0.42024379339034	0.24522459872105
0.833081561697325	0.669810125814181
-0.0393180762884737	0.0186667445682801
1.26535487674514	1.48401423229789
-0.108631559959958	0.0546737158280257
0.161617291326333	0.104734247469778
-1.49033448319831	1.35187908145191
-0.631241961730806	0.519838148989399
0.218739764143168	0.166786976175064
0.423107797865228	0.322140232779796
0.532355778621728	0.312243442830457
-0.831336561059689	0.629197158168842
0.537775067005393	0.320167929171317
0.28800157433645	0.227783865864496
-0.680765735290018	0.4181447311628
-0.0267685433530802	0.0121058170289295
1.10924160219192	0.796687735112838
0.457945645196879	0.220562128031376
0.719752281214011	0.526591352078782
-0.176762482869374	0.0682238814767282
-0.114383648665853	0.0470279013723394
-0.0568841743553856	0.0322655128719217
-1.0510516862008	1.07279282516752
-1.46166242201629	1.02728773768548
-0.199665481116921	0.0981487149602834
-0.0180389821126265	0.00937821289744938
-0.570689907791774	0.364261627218703
0.633490571175448	0.416701588205918
0.295594525390998	0.178620647865423
0.252006590114815	0.13819728622693
1.32144996331792	1.10649644060394
-0.916718427543237	0.673716766642844
0.437265106554258	0.369080291606063
0.364297453280289	0.285413069213703
-0.558646534996379	0.504066170443155
-0.545125397122329	0.344796732441584
-0.453110912424317	0.294252315978962
0.64608185063915	0.388218514498574
-1.14922903904605	0.638534343884995
0.123949941140823	0.0708740330713812
-0.065625817198716	0.0373840426383627
-0.138684710011734	0.093668337852862
0.283646336231714	0.213169725526443
0.2805371711981	0.188736350176049
0.774977003230637	0.61790850253612
0.231158658743792	0.126592284422535
-0.127595324463888	0.059054964877134
0.616033768283499	0.444636362985982
-1.57553617923551	1.21309492949897
0.816491728013492	0.700014572271552
-0.414804349384497	0.237721916659017
-0.523755288417468	0.401366990640592
-0.940705339790147	0.58233918754422
-0.810917896461115	0.609499781241649
-0.378662763223795	0.2703775781128
-0.809305893044723	0.79176037689955
0.711940288420331	0.518307227547948
-0.0334223896723769	0.0160987662935771
-1.25886649745977	1.14002796104522
-0.627663247086335	0.366489601664438
-0.420728451511756	0.297925835666598
-0.677614434605134	0.407772290798544
-0.537673933987588	0.342715952061218
1.35579545654701	1.24755361227307
0.428025404880746	0.202872841202095
0.76193074107819	0.472473709973663
-0.322188280117957	0.137862901042161
-1.6847562903708	1.00432988008326
-0.295533886831131	0.173735546143359
0.445487840590524	0.336590780444203
0.626595569124697	0.412565243294842
-0.93493095071612	0.581598430878257
0.8961147292445	0.676877998701143
0.020721375986499	0.0105527307236831
-0.537263149526104	0.29991480118337
-0.0516309989259177	0.0239258496193521
0.672356227299802	0.514498651959644
0.306019514780799	0.22219379107243
-0.13075925481796	0.0654721713945735
-0.474288935212376	0.419303052308121
-0.160861947544887	0.093568874854796
-0.494067861127957	0.367819761869756
-0.217980833088866	0.121290243874246
0.490965802630496	0.195573851936731
0.0687583251594183	0.0296383138038077
-0.386481480743655	0.196848979934213
-0.68610733849539	0.479465704685216
-0.569142706428408	0.350764953582874
-0.224993198177948	0.146598068496319
0.470823832611376	0.407167226138182
-0.391804309750966	0.30413737788816
0.0329401971926681	0.0203814471194311
-1.25661554221496	1.47644134000284
0.445603251984029	0.25734056465331
-0.0997033946130574	0.0559436185401971
-0.074242047207235	0.0427558834165538
0.542548546351583	0.345267051106253
0.282615741972258	0.18016601056539
0.790261450081087	0.627144959787804
0.429504829110341	0.328002601756828
0.56102310466654	0.360872795167664
-1.13435507059376	0.820551478996461
-0.0791507753866995	0.05144150381775
-0.938145287254026	0.585969773679353
-0.222069240137774	0.135248979366436
-0.211992467306415	0.134410436504954
-0.392344595186781	0.200569313405134
-0.815933253318302	0.459450731297418
1.88165371651893	2.62136440586777
-0.631791196303945	0.604678876801005
-0.799840871099427	0.616568034435726
0.0171734425632573	0.0107006359368466
-1.17555251164314	0.865645710306301
0.412944294070981	0.239499632932409
-0.658475709158695	0.39007273076674
-0.21234411853621	0.105642088459698
-0.904966007128668	0.658332401832567
-0.569734116820879	0.435823184061127
0.312693762903593	0.186453104691096
-0.125547500755012	0.0744159941128223
0.55546559700257	0.485941307376502
0.419686046314396	0.322456821724379
-0.0516001611333391	0.0270868423941946
0.779448183279497	0.488606843191792
-0.171558839806299	0.0998663496737979
-0.00506338017003514	0.00302988201069041
0.232427409955567	0.147219996668637
0.778907942060755	1.01844563688995
-0.180277150130023	0.125440159887991
-0.413554267589438	0.288548919389922
-0.559393415020848	0.406149345833698
-2.06540651067091	1.55838715850781
-0.55453767154379	0.311341728750264
0.106970207600311	0.0557476707901164
0.539639424400901	0.322850137785798
-0.188125176635366	0.100225707347526
-0.496990572639026	0.335830844416272
-0.440126235313294	0.342164441972982
-0.545625634676744	0.517184230654571
-0.0899564179184049	0.0534146770551276
-0.946107417929047	0.892146697511402
-0.23399609067743	0.176838104326339
-0.873549904399602	0.706317811057883
0.248713708349445	0.137784291110175
-1.01181352564623	0.655747968837119
-0.0324968210048003	0.0172315737831621
-0.118804344045424	0.060961940165796
-0.102530192735228	0.0515236385437113
-0.200448514601689	0.126994802937273
0.148897469718124	0.091547120986618
-0.185206489383823	0.124165741517746
-2.45268025894908	2.23807823525576
-1.3250092451889	1.26536516010419
-0.416112517525067	0.293545242917935
-0.562580821280427	0.40278541324656
-0.704523955742	0.421055667462828
-0.76244794445588	0.57162741245757
-0.8785267393174	0.530694904429372
-1.01695698874106	0.895901606904654
-1.64344136335823	1.31731166671792
-0.209155787564931	0.138278698349779
-0.10067692044582	0.0515224750362502
-1.95683818654606	1.39501051288443
-1.67645343441544	1.00663578788566
-0.561608100709219	0.269550427381573
0.622386664152198	0.411300554885161
-0.675950666182762	0.524875516432847
-0.134178404998863	0.0625514022468239
-0.0290927957665948	0.0126902831644266
-0.393466452223308	0.242878996837106
0.534131283635821	0.395966085958647
-0.12981746763992	0.05979517205805
-0.622547529131147	0.369886357520601
1.45746564020812	1.26790958589012
-0.532569397637562	0.375026413005055
-0.842847510060658	0.670045134093578
0.472592565269111	0.38727245905243
-1.1537799366683	1.5682814830655
0.0198528925583944	0.0115090379698028
-0.951484447437729	0.798006001706569
-0.114554379554899	0.0817917118444575
-0.203731344579208	0.117442549589128
-1.09994982830006	0.911544594442279
-0.626906010777826	0.368784807753255
-0.253724836177011	0.166430214058744
-0.210040245551476	0.147807472504698
-0.952200736082181	0.601636896074701
-1.24371038216962	0.748435972000875
-1.2655565614299	0.959611054938109
-0.93495182213702	0.570169739087792
0.280297700474633	0.168477096393493
-1.12825003987676	0.798453008473578
-0.19156655424118	0.101309054748708
-0.456258569321817	0.269966725715864
0.534203238862119	0.346766985414026
-0.611795878430649	0.364913337438883
-0.356108422074178	0.270770871851472
-0.390742792664123	0.317997192457675
-3.09091953486148	2.54701349089776
0.29500850073333	0.176999383990778
-0.650721701658705	0.545663685840647
-0.192165427516472	0.126194052446542
0.776118177174746	0.477372051203142
-0.587802233277644	0.385113935780894
-0.813668874617056	0.548416702295642
-0.0255501738734002	0.0136553768614418
-0.280042633296528	0.162093935544986
-1.1045493012685	0.759506472964015
-1.28953476095478	1.02502103588907
-0.228201337657567	0.128327974981337
-1.49239060837988	1.38450359759673
-4.78229481481795	3.07092820848499
-0.262456399314168	0.185229070530076
0.330658743872093	0.262474098920415
-1.6903781071344	1.01172150632469
-0.911394084946157	0.649933892668781
-0.369721569396632	0.229090772471266
-0.288380037732945	0.153831234498673
-1.23887079223736	0.953452160012551
-0.950715583611484	0.699377218400295
0.122643528176983	0.0700426200630232
-0.876324458821569	0.515156837698609
-2.1843087995356	1.16440375829716
0.0793401371769504	0.0349473219509587
-0.720658084626861	0.441901883500332
-0.0820373988784059	0.044227423940496
-0.490853604360756	0.261957898827813
-0.87220553380307	0.529519453685184
-1.40035525620208	0.726678648844306
-0.0383462836465892	0.016567963948771
-0.602299677380762	0.344392529238489
-0.878017603515494	0.530715456312285
-0.559935741825461	0.310556581332444
-0.236907205226262	0.153017202328283
-0.0793420362924595	0.0451021345968232
1.28289769046532	1.08277968954817
-0.185622761374416	0.115422627868844
-0.853098699022287	0.844014592765674
-0.551749684178706	0.431276782370742
-0.689122703590254	0.538943686626688
-0.302407297237364	0.143421584558106
-0.542808028322517	0.450845607419045
-0.462201288811798	0.34130165993636
0.22723557805896	0.12196610433902
0.192933301748838	0.116750257908409
-0.0298785343448189	0.014218887618057
-0.582525904307455	0.384739175746114
-0.413819587376814	0.239632238010313
-0.745787030061101	0.47316510834032
-0.540885494475328	0.418819554729053
-0.454375462603234	0.329545138978341
-0.362544015446628	0.224571542626117
-0.666744650163238	0.344072915103536
-0.935671967278777	0.57821516316302
-1.13978352914428	0.6684142309354
-0.553762189935147	0.31067155033234
-1.23965573984352	0.757174764700253
-2.18798331058762	1.66246521612964
-0.26029087255275	0.14216757750917
-0.598181673888462	0.516999176225318
-0.198115207500121	0.115947697425805
-1.02310613391571	0.911585809490416
-0.584513676710587	0.383057420922995
-1.48395521712987	1.51731768983775
0.110154369652337	0.0572891363847543
-0.309750945769351	0.148758775868702
-0.683754882425771	0.469589888401762
-0.639299701233895	0.326783398076996
-0.800711698127355	0.62088761109615
-1.17028747518238	0.997367072865172
-1.73748551338424	1.47391239976263
-1.39324822332759	1.62696832441358
-1.68969475830572	1.64024402604348
-1.27753342274932	1.20605997917633
-0.904889184407958	0.921576499719888
-0.663339309401902	0.462517516361606
-4.9244010197901	3.2798290324447
-1.61500517782208	1.58973845261088
-1.8360010514167	1.21378494522384
-1.43634520409182	1.21791776023876
-0.177063213525119	0.1101952696938
-1.60338324194831	0.937574384668699
0.148191895513634	0.0847959011611634
-0.56024614099709	0.31311242435993
-2.98569042628904	2.31654808373455
0.202915214871888	0.102130725664479
-1.90262501589103	1.27694815640602
-1.16673087854085	0.863443830226689
-0.723027896047738	0.447451972590763
-1.7117993607917	1.33030391326331
-0.0950991494398263	0.0482068493756945
-0.681317340095485	0.416363670823079
-0.976061411878347	0.934007035320153
-1.22312175212943	1.05632132036423
-0.927534217414496	0.561851687916127
-0.821918822257246	0.727365771162386
-0.932202130609123	0.684771768653618
-1.07797498043284	0.856792247240503
-2.63409760444665	2.79067595250457
-0.75532782430274	0.779887762412922
-0.786085645218907	0.663304228992676
-0.0941590400837298	0.0658909117303029
-0.792871754192094	0.521305600223139
-0.313299085637542	0.152137615807264
-0.465096851504878	0.277375048092019
-0.554575430377384	0.427313017024474
-0.7467760721586	0.614611308920748
-0.541629908155554	0.418456214976356
-0.494189795046583	0.297978916406978
-0.159120799706902	0.103689874742406
-0.777957020281369	0.595808390814203
-0.0787175943036969	0.0451891888307244
-1.44913871362443	1.26207356312333
-1.3854175485397	1.3818496927959
-0.785197273434799	0.568928358631509
-0.675693492601728	0.407418678541634
-0.816428867123043	0.607959127425451
-1.38409171249514	1.75246022026482
-0.735710173532444	0.46856490807895
-2.16306546165232	1.70595024768898
-1.33193766829078	1.09895337187799
-0.425313490668882	0.214601741448477
-0.729197387011083	0.332630033857121
1.28887422470862	1.01080760509079
-0.328470116329725	0.176087989540796
0.235786628723919	0.118187676849262
-3.04544798631772	2.46344217614092
-0.620128892935551	0.354974388259488
-0.105507925683736	0.0694021991652972
0.197718083105993	0.137380253850745
-0.480609178572099	0.405321706994916
0.133845147212639	0.0858026062822534
-0.851540129347318	0.744553652502399
0.489083427095727	0.384131216333637
-0.314870060768836	0.152321207166498
0.457983378830826	0.291603736058864
-0.26494414120052	0.177685739710978
-0.392516195582154	0.19550147701393
-4.89609878952817	3.2154872637949
-0.818391898713881	0.700210907662217
0.107699655206925	0.0562649004179146
-1.67569596607465	1.99191495587529
-0.543873417089211	0.420625984828748
-1.30944904946246	1.04679472967563
-0.674802223700634	0.52480434006188
-0.966204768674205	0.739115629301464
-1.17345360389672	1.01366285175954
-0.420406369565134	0.318276658671111
-0.455772866760257	0.271362841508989
0.0444396442276952	0.0306827175986137
-0.331650331395231	0.178771410324028
-0.132213284645961	0.0795667285809074
0.440947662319936	0.321192687892457
-1.69854283555561	1.04684949173029
-0.810953951795952	0.464818511940283
-0.311915135502505	0.131828939456251
1.42956995363996	1.20794310852096
-1.72682845975195	1.77827738726597
-1.04781395931823	0.698850566772279
-0.778118030425338	0.661739970350589
-0.660056900736	0.62967503476411
-0.393916726027307	0.238488897883603
-0.407816918481717	0.259924037792068
-0.539354498438658	0.299429009660735
-0.094758155322923	0.0519076161374378
-0.840590988273346	0.66210196530598
-0.286979274032595	0.193458754534817
0.616550898354477	0.585364549254196
-0.41725510585854	0.364268704438433
-0.347017020938422	0.290964971311419
-0.706363679346189	0.658337084510221
-2.01420906733383	1.93114612911885
-2.02997404788704	2.4919737420613
-0.542393038898576	0.347077176324058
-0.445840025889763	0.316783713762272
-0.884575844034687	0.529742115171221
-1.43870385300162	0.96554646860681
-0.815278611279389	0.536299315616889
0.143196318776621	0.0811630788651895
-0.536388832913906	0.297991011692578
0.550750390527778	0.327766996440996
-0.418687176341448	0.295631172723691
-0.786286885416675	0.668053973534522
-0.747002689593791	0.547235272354397
-0.964790147411667	0.934355942832066
-0.841373875485494	0.818705268622028
-0.360259651683332	0.212552210704037
-0.0194611781123969	0.0100607948221531
-0.780543386441953	0.592135921568409
-0.795191280335023	0.535210647184012
-1.13925862565888	0.79729092422702
-0.201696713656818	0.0983128597160044
-0.212508618180701	0.10459943343629
-1.50880937444604	1.11071958461906
-1.90182012115992	1.30212527679694
-0.609772537797874	0.406207668690209
-1.35639072474189	0.899836973077493
-0.567921963635719	0.279309371472896
-0.875279228518518	0.533793422044447
-1.3384922825067	1.29595029255095
-0.348738863475626	0.248276500954932
-0.274267303067234	0.145058396562966
-0.670618143484177	0.413091337636737
-1.40363061906481	0.908136798231887
-0.105249707631885	0.0588327485827377
-0.856409970164208	0.772105840603565
-1.66215782473161	1.67626046562725
-1.18680143957691	0.865436211163971
-0.809590392075204	0.546569504965948
-0.451598742507649	0.234030245053635
0.433349820482248	0.209900621213039
-1.68990538869899	1.0311409926073
0.0097442341154587	0.00345645230880586
-1.04623274028164	0.706699336118385
-0.0366547077553061	0.0210689614115908
-1.08403611620311	1.01932411102862
-1.06295979588493	0.83805377846939
0.4416703632157	0.233871836395364
-0.255073536184379	0.144052947907259
-0.994719840545478	0.65143795447391
-0.636559518085828	0.369343184582707
-0.773178202500806	0.587463000064314
-0.215172257205131	0.145397692308021
-0.746425652710873	0.466831304261986
-0.885863752865252	0.613163924358132
0.101576388039987	0.0540129995486688
0.0607423668600506	0.0362312968420855
-0.658984965107244	0.537745868427806
0.0726831897221449	0.0321620814426576
-2.94640993207445	2.17096650709495
-1.70067232584991	1.02009561588091
-0.722020336198807	0.387949977043187
0.0115274609835347	0.00466353101728817
-1.14410674395988	0.673383248568643
-0.20381566224424	0.0912236737382276
-0.218556218971324	0.0971717147984577
-0.17193477383875	0.083586377714365
-0.317215519765178	0.133766319072484
-0.898545849376166	0.630986398631322
-0.726376937486464	0.459365406822829
0.470182263341191	0.438180707752447
-0.177210618579635	0.103490343136363
-0.020654279245642	0.0109723331927377
-0.15573774891781	0.110933305106211
-1.37999821452403	1.72987711482249
-0.100056187288843	0.054872020034175
0.30492116331661	0.210115012259904
0.202424626256217	0.146163988319597
-1.35037549796541	1.29015218832266
-1.7765765664409	1.55425009863421
-1.48297500437178	1.24978166034077
-2.84048739223467	2.03914449935412
-0.636810893188721	0.482352119738924
0.390325054467887	0.235198134408005
-0.12119195120688	0.0789528152807193
-1.21716111716527	0.922202132482112
-0.0266160176783191	0.0140050112723495
-1.74243489832589	1.49160564286558
0.530818335055296	0.51761853565825
-0.350580959293103	0.227396670168561
-0.431241865287208	0.328979362653051
-0.400916530683639	0.231930364473484
-0.999135094349585	0.879553270655933
-1.11594189392233	0.793052294198336
0.57346577648598	0.506950987772656
-0.602114279538655	0.436239915333298
0.304481959653469	0.210827065612203
-0.944322783952632	0.591042780454372
-1.29085067226867	0.826757571958728
-0.840294272583625	0.668568900828309
-1.46779854716895	1.01154008486306
-1.06769496545681	0.560845503800903
-1.21891019565571	1.07169947787672
-3.49706815250312	3.60604582704025
-0.369641049455679	0.352088869625369
-0.940403064934242	0.879589699581564
-0.53398879844348	0.377917718606014
-0.424425245669742	0.275450466267116
-0.550841400494458	0.344396728863856
-0.806400142480605	0.544356531246356
-0.542077752790997	0.378780937475864
-0.800209198402841	0.599569252960213
-0.116698865882183	0.0693933527500913
-2.01393731937898	1.48780528367699
-0.472737334413994	0.248770266189687
0.743890394475193	0.658951999039409
-0.622854902797007	0.465813412337127
-1.34656129779312	0.877435213188028
-1.69158464327737	1.03066413243121
-1.7701573187703	1.0808566357096
-0.234524448140958	0.105321969926741
-1.08149293743247	0.731009533304345
-1.07771651674036	0.99742163269732
-0.0681724718987814	0.0390240501132069
-0.617407012143027	0.357705258936964
-0.835662567532759	0.567583884266315
-0.573522935535672	0.457285995953018
-1.0252034309135	0.805219274389041
-0.39086136245465	0.32525738206914
-0.237321935019863	0.143238195322243
-0.229473467927258	0.175690163353332
-1.40280589610286	1.56498554045954
-0.55228161906402	0.488971987099245
-0.373115312674226	0.230164743425558
-0.332487347531971	0.247006153183219
-0.54597254670195	0.451063196572046
-0.525501671358617	0.330172305406308
-0.407039889933703	0.304082147610821
0.271185005712559	0.318572750191825
-0.302036385869184	0.256356265916929
0.700639819035202	0.82234971690319
0.332937901873747	0.276597436034856
-0.113036581966546	0.0701678746467257
0.494919411696689	0.40641578728155
-0.106192174079267	0.0758575029291612
-0.370762917579914	0.318728079272686
0.0692851279803817	0.0481699775091986
-0.417242685194656	0.241803422675078
0.46301234035475	0.316024736443277
-0.355579534309561	0.249350346709722
1.07870259517587	1.2367135429946
-0.164561811065445	0.0873222498073897
-0.274536609869073	0.143946447683453
-0.258142708700617	0.217795643053758
-0.734435651860264	0.599328410849204
-0.210886761201923	0.134967016986437
-0.0575764197467686	0.0328016654593292
0.434328016106186	0.249085978579975
-0.424351983226175	0.325867855559194
0.164820341112839	0.0880163751441175
-1.21801844091417	1.075151549759
0.143925095252617	0.104347779632053
-1.23871581046436	1.13846937076126
-0.313510228033427	0.213901406569472
-1.40424180894162	1.17921057842688
1.14452825678309	1.39093214789264
0.11667551813658	0.075396001526064
-0.39964535459211	0.204082564634192
-0.781936057061293	0.587816445210955
-0.48744954807224	0.261103110189321
0.0443079412124033	0.0249648377039851
0.386467150785101	0.313865561271729
0.34377708970801	0.255476058806676
-1.11844945816966	0.927478247511442
-0.179919154308574	0.139045091692435
-1.25451884188535	1.14765473570862
-1.227473816145	0.751458310746988
-0.476353914748212	0.25459748684121
0.209779415720472	0.159087649652971
-0.00540216170781455	0.00428173827265732
0.858405839047678	0.922634597697038
-0.0177263643622379	0.00944389172935484
-0.0946040896712226	0.0533841052478436
-0.271975181227217	0.141579445169988
0.457461698429857	0.310935247586612
-0.530027230033345	0.330947935495093
-1.77751520242991	1.13589847293451
-0.340346708651439	0.161498052434405
-0.386278025381124	0.259559348530776
-0.246885404958023	0.151510297003437
-0.857627531367924	0.589230100523297
-0.250527498173025	0.136569908077487
-0.716053765325241	0.379299451502369
-0.478409646329914	0.374064954828964
-0.471177053223508	0.317297910083691
-0.335194217552574	0.222369474481907
-1.15384823248804	0.978626890415056
-0.718416270267313	0.725362803896742
-0.529220403697821	0.510846415448177
-0.0608213812271806	0.0316724615290598
-1.3401239512324	1.91827496532128
-0.0582834282788816	0.0360859001853453
-0.76442589104151	0.636821924723944
-0.685699042490745	0.630519241052499
-0.429854156408474	0.275960185821467
-0.474927394142254	0.290997741102747
-0.325587327181541	0.193461239163491
-0.431545564419858	0.512273200264286
-0.549588051727683	0.454967622524216
-0.124732543045186	0.100990636174593
0.143163379763112	0.100069028765166
-0.442185582097224	0.382739213277581
0.0725724632563507	0.0434976935362654
-0.564104126113253	0.599158318343756
-0.626631102697643	0.546165887399121
-1.66146905731986	1.32041141523706
-0.438333962807987	0.284426016504906
-0.230530342496947	0.1290386928803
-0.0664446232873359	0.0378476144515849
-0.795010570567532	0.535893059997774
0.104484882087568	0.0584538437132014
-0.319259402949316	0.223681642982995
0.36834476082054	0.260874732479084
0.219128153173236	0.110708369020062
-0.581919217774215	0.449542924631238
-0.935820659719019	0.692654474458339
-0.424247094247538	0.299059145089881
0.55890329231039	0.363450417689369
0.220387416696982	0.148276075811308
-0.662023630169095	0.641857049169382
-1.08744142346782	0.913093221710151
-2.41885633315057	2.21178762018313
-0.0335210025974934	0.0177661065027392
-0.398329051483921	0.267659011324993
-0.639257600395748	0.53063624997135
-1.23515404424216	0.750234191846767
0.903014722957326	0.680583334169056
0.0173981681868934	0.00901664106811603
-0.413256798403644	0.240002972725783
0.789018611577785	0.663906992550538
-0.542021134572514	0.41608411418397
-0.0997658037223548	0.0501673081779296
-1.17360794879431	0.8669095141365
-0.886984076823798	0.536717470322128
-0.875897286610425	0.806273182780184
-1.01801301169084	0.667392330391825
-0.650892212762557	0.626096166717064
-0.129075475765908	0.0866176029291166
-0.0796410736147357	0.0547962388749096
0.107501256536922	0.064024083744644
-0.180951657821966	0.103941727453512
-0.795970624544087	0.610628084460701
-0.325258815663026	0.224425401244077
0.898248404952155	0.8894917341008
-1.38769622539714	1.16411434942777
-0.559170926647986	0.264306691289945
-0.488847095061632	0.294341327515538
-0.888060561642151	0.533784605413801
-2.88995316808449	2.09498132284571
-0.430222666258213	0.280496622995312
-0.734665303890949	0.400874556486184
0.0823588454399577	0.046156622193948
-1.07213885312903	0.739186765150753
-0.985742744283561	0.858831579196497
0.224518205907523	0.131867249376364
-1.61128459149457	1.56681437295527
-0.817650768913868	0.708058073769694
-0.640832830104264	0.485284020860842
-0.148098388163852	0.0769416682640792
-0.814225312108512	0.703854793319344
-0.670688349593857	0.698715298549
0.0397427829519455	0.0228802528808384
-0.706283984234922	0.696394810017506
-0.607286659960955	0.450130999799517
-1.38103447960923	1.58141121216667
-1.46865543226384	1.29585513702137
-0.0255702212552631	0.0158313243809848
-0.370320791204742	0.248598051891609
-0.382888500757609	0.282438182766883
-1.18562673539119	1.04542039093228
0.0769337173915942	0.0495589482960029
-0.217406950442938	0.256739249716126
-0.505230334556053	0.574033057362179
-0.0612299627323821	0.0384059830809387
-1.0502744954894	1.27606544799748
-0.899339767751779	1.0034191631051
-0.0936643412928137	0.0664060399549994
-0.288283717884788	0.235913518119358
-1.16685636332446	1.53078223137423
-0.519685617540947	0.479885737011845
-0.233306928622042	0.177082279595634
-1.8499083352658	1.65386151766747
-0.345107347701828	0.237582859020146
-0.539190090444738	0.297707984044657
-0.139827736665912	0.0844664944503114
-0.379204189578619	0.312979817620739
-1.15932270461994	1.24356755815421
0.188688295913145	0.116722454861985
-0.241614187743414	0.184526514867362
-0.784643479711037	0.707308975478266
-0.385997447673905	0.26126938149965
-0.0170496433866652	0.0116364938020191
-0.0277892139189476	0.012740978688914
0.692771815901752	0.605073739766367
-0.0809174416977458	0.0481267627382471
0.380669201618484	0.310725923399085
-1.01150456650436	0.979229294645402
0.175746430779159	0.0933147872001899
-1.47574443852348	1.0300742930095
-0.0918899169294623	0.0571979343260685
0.231676034982155	0.135281864271257
-0.252145996842426	0.175572594571489
-1.13620520666054	0.783248678988341
0.0472330966285872	0.025446291125664
-0.668257249768962	0.451750571252013
-1.37281919360118	1.67949307978107
-0.237025544268302	0.161924676173217
-0.289248968814345	0.261242074391153
-0.321648765269007	0.235990791025486
-0.114725198552035	0.106168148984991
0.421788597513019	0.325419053946285
0.859173753610489	0.841696647390997
-0.521597496479723	0.391957959545412
-0.172355513550702	0.113563963536439
-0.364414747579932	0.289673566127391
0.39967959574324	0.2989705217015
-1.36545207082041	1.70790536156397
-0.121824769467067	0.0668879694614714
-0.131273541838344	0.0800384167508977
-0.163229554662074	0.0833604534026392
-0.435892429271184	0.246440225240247
-0.367303721514225	0.240925523340532
-0.469168530537142	0.341375220207704
0.4556814596469	0.288073383135945
-0.0821828889956891	0.057754917437182
-1.24552289974649	1.27026591957503
-0.122357917213699	0.0624099563646659
-0.80326400457353	0.534582161670591
-2.69121785946221	2.85415067228091
-0.972255454880215	0.742915243874829
-0.930623481460893	0.792945814329962
-0.741813208861984	0.594841636339337
-0.565883651632651	0.439773144228874
-0.695874595310953	0.498210958235246
-0.716954718128632	0.578846862268578
-0.00107971265799832	0.000671816711105443
-0.077024434044658	0.0440508843272527
-0.475827138675053	0.377499114898008
-0.616586464012571	0.415106122697201
-0.971298108785019	0.831290522224123
-0.661045672139923	0.605535845918684
-0.115103666162222	0.0764219429856985
-0.629146854169454	0.520703649609679
-1.54770043211734	2.14903548536478
-0.210868174092145	0.142652878974544
-0.303188124049228	0.210154409298431
-0.524208083271809	0.463943077188471
-0.119583942836092	0.10205253047009
0.0283771079056964	0.0207309364329992
-0.248682037973282	0.165963174126072
-1.16753006432271	1.58500126989984
0.114629529102765	0.0820659520145216
-0.369107621040542	0.265237613948534
-0.151910987806403	0.11034453050607
-0.932104222642383	0.876705900396444
-0.531698247030664	0.415036748518851
-0.101736040404769	0.0563431350317737
-0.608127263666078	0.527538186598843
0.407072169014704	0.31303959124363
-1.06863356220726	0.72797644786779
0.404106805440574	0.277851706679873
-0.702374356365556	0.660226173739516
-0.880643079729992	0.619958447842368
0.144199676813247	0.0884253387135052
0.313114096818	0.249646905273032
-0.2308944605167	0.160220891218525
-0.210993131982457	0.136223360698562
-0.42649448510615	0.278455407879125
-0.572291730431428	0.518553139007191
-0.336088632921178	0.274377306765852
-0.308435977184259	0.179098179051772
-0.916888666839889	0.677668460544364
-1.02948946243485	0.801243607277997
-1.72229499555919	1.4404754036999
-1.14073521314672	0.952470966190152
-0.425143181863456	0.245706685464034
0.442298538937425	0.211780601124999
-0.884197565735958	0.525318913221285
0.266385952418647	0.145841173912303
0.778561767845435	1.15374611387506
-0.0684536703162772	0.0485167086796909
-0.448811896776394	0.319237610243648
-0.40892464254501	0.236297385670546
-1.30440104572934	1.23234015368842
-0.0485483456216225	0.0227490449966265
-0.252487657248511	0.15481078926972
0.124991676239553	0.0869213417403704
0.490182006711658	0.430385289734864
-1.38270244679576	1.35819108264761
0.488484689141741	0.419480872393458
-0.258320244133101	0.200774726047786
-0.31084468241014	0.214289143030924
-0.186914419954918	0.13829416662395
-0.466725534961907	0.343785150044525
-0.701746106868198	0.612772228678039
-0.610574385504133	0.405629881180685
0.54245092310414	0.374393136426164
1.07121307045516	1.21394095791197
-0.522697276784243	0.280654788940963
-1.3269772125327	1.0713669290996
-0.633724963092791	0.411939951636642
-0.269270581093308	0.140214330372851
-0.385572279423751	0.240299321368177
0.605990059771487	0.461510148824668
-0.801576848883984	0.543612557376999
-0.492614688865194	0.337922117763619
-0.907075736590348	0.758716093898102
-1.22366169163797	0.733673565462059
-0.728778848447563	0.590481046272556
-2.00774873905405	1.96992725220063
-0.498492955587321	0.337002344717728
-1.58800487398688	1.53486433491473
-1.34842501901795	1.3329419234722
-0.269058151666669	0.193651065422182
-0.484941696531812	0.352954281528507
-0.808942187800591	0.757791319748981
-1.13679997454612	1.23397801242127
-0.332096506595254	0.233244415692337
-0.393750600626192	0.20054294507217
-1.07616959326986	1.08748547953631
-1.34700748729594	1.33263151977673
-0.428959078221911	0.370774071538885
-0.115077103588051	0.112849015700315
-0.475855490331189	0.729677692574134
-1.22512136579733	2.50104306330616
-0.906317910821868	1.06645101269758
-0.0918656682934621	0.0531289519373986
-0.556246885679783	0.495627477207488
-0.258009944701861	0.145953547620994
0.426593793606598	0.395353876968388
-0.22600288188372	0.168545838853313
0.216087361863176	0.144268071892511
0.22018868500288	0.139960748551217
-0.313961769528053	0.150190795551264
0.0750418198302071	0.0390660899218387
-0.240818147589499	0.135106537503857
-0.0879526312860861	0.0608883252826206
-0.201105697813863	0.136664843476469
-0.0313692856341465	0.016513336888306
0.530049003174011	0.413333754532156
0.499279172153642	0.429145592250222
0.0982275854250681	0.0586060582094461
-0.971451579797674	0.854829694181585
-0.55555208676296	0.469439220122061
0.240572020032676	0.186035761531342
0.0738630011370386	0.0412438547153418
0.803655271572915	0.812188834482234
-2.84371250155223	2.03400880211756
-0.335112951127302	0.233977186758232
-1.22586659110205	0.746379920583404
0.0559821020734374	0.0311864796266795
-0.121962464192065	0.0613682269039402
1.63215650341235	1.45603447862107
-0.951934673325028	0.6023690245671
0.267405747916209	0.147549820236167
0.294427856812474	0.176637590606644
-0.605006212880065	0.401593557992261
0.888650388701509	0.872456412644694
0.000115800633533723	0.000678404643884751
0.0689720055986725	0.0433696348702298
-0.018502828518795	0.0081699591752961
-1.18073954016168	0.878935287849938
0.0863869854643759	0.0665868417416189
0.720955666366138	0.700166533860525
-0.0583815003816156	0.0372009348658243
-0.759488486484183	0.626701186104069
-0.818208124382049	0.627444552931272
-0.206411209141465	0.121411967973567
0.697030081629177	0.530904072614507
0.235908864789002	0.0858296298096756
1.25235295917995	0.824885124414909
1.05816149004196	0.667938782052539
-1.17096912170284	0.836415554269476
0.431592500179097	0.247515812954329
-0.614278862184036	0.367129786902296
-0.570540493386257	0.406466171949695
-0.0908438291538509	0.050281416969432
0.542004524950715	0.323017427173758
-0.646277267523928	0.437717097957688
-0.0750605833934074	0.0410287899823306
-1.8804979564042	1.72592620950802
-0.968258791388628	0.730213792329403
-0.262898182573568	0.200905740711632
-0.794020389820986	0.561258656671429
-0.671492817479691	0.598242150458347
0.368232901910425	0.26013821293741
-0.999867530399174	0.879276544402973
-0.611220719030621	0.493914954269969
-2.19831139919513	2.99199046616484
-1.84960490154086	2.04786886964769
-0.604463565879146	0.594371733982015
-0.406715943128169	0.350212163453657
-0.99437885030887	0.872115582617431
-0.00812549356382545	0.00479795715396509
-0.473521565187819	0.287518073126471
-0.818675823952298	0.755248009481761
0.179933692453481	0.0971698041674299
-0.157168364704763	0.101013316331825
-0.574908828020136	0.481094760139935
0.112482395552602	0.0765317336628296
-0.118499610180944	0.103816235904821
-0.771918815446189	0.895457854299454
-0.402456609061968	0.322039571956992
-0.184595930825145	0.115804148747477
-0.00787664915888052	0.00460322439887057
0.317915822824934	0.243513417014372
0.304230348456213	0.260923464505043
-0.867706848036559	0.849063883383875
-0.161518949843546	0.0943607466008222
-0.55573127130312	0.350151258148248
0.720485110176373	0.514746104799042
0.065148147392792	0.0385517313139723
0.281407926909844	0.222016259758764
0.439107900858557	0.25245648043518
-1.98881979783846	1.97165734630678
-0.515869231459962	0.359982607593563
0.370070637744431	0.230162994286643
0.772000021132321	0.615694953308069
-0.387351312409441	0.243934071381682
0.29388382440652	0.191916405126645
1.18544286681389	0.997713342449619
-1.06628767035714	0.734239065835358
0.437200580586243	0.302523766878028
-1.1228278897169	0.782050211742061
0.354672286108614	0.235862062348466
-0.552296440328961	0.388700459354278
-0.798315152277602	0.529336801344579
-0.148949356822125	0.0964134419543275
1.02639031893649	0.79704460228257
-0.0206667814858914	0.00920039204751349
1.10368468186726	1.00340423855729
-1.50159466100237	0.838126608672688
-0.561811993912928	0.432618437052123
-0.0498606823100499	0.0298048963573276
-0.198113143931189	0.126026418075742
0.324214765350414	0.282572782235574
-0.414149845698351	0.287019815360921
-0.585609996197799	0.53870896466491
-0.246076251874203	0.173433439820351
-0.657289747581083	0.553066834934956
0.516416572114321	0.384858390185275
0.322877749804999	0.246895476553104
1.20159636252987	1.01147224682658
-0.199260414443531	0.0985965356275434
0.929678061371967	0.623875917265862
-0.467441910800797	0.247497249897763
-0.549051697545892	0.306539598222046
-0.734225472725592	0.338782587483522
0.316417435683136	0.175163473926457
0.441395961823357	0.258029143471301
-1.91312948491966	1.3009149448259
0.0488896751229448	0.0214847819327937
0.6238538400497	0.448633303358445
0.00135736635183273	0.00108171350391332
-0.408078742541421	0.204914911689454
-1.34577254745554	0.876589995652994
-1.85419158759163	1.67372679586638
-0.98299717930451	0.733865976683585
-0.519642384857163	0.433574571877131
-1.55228717165581	1.71653091023055
-0.0378733627146023	0.019429322693186
-3.13048029276515	2.65107266960731
-1.44003329427611	1.4926784692593
-0.527141096091532	0.425301302590687
-2.29829381573524	3.18555594010288
-0.97049290486086	1.18130246550241
-0.554174527198931	0.355887781290657
-0.899287585180406	0.883843258064007
-0.45494487620712	0.292916972613947
-0.0460460172226207	0.030250558911531
-0.0357260325226589	0.0168235767214409
-0.341359374433822	0.203511224704804
-0.349851223115669	0.23508052529212
-0.416728351106142	0.306017783776235
-0.0410635606577909	0.0257031585033841
-0.389750951594073	0.429377751429711
0.147787320818422	0.0884202635586137
0.963912373692713	0.895612886001642
-0.0320221436810288	0.0170286867392733
0.333019817073399	0.289230523133445
0.227530255222178	0.164712871289802
-0.384189921385111	0.297384828411822
0.514720920421454	0.469809583945871
-2.01983002904912	1.37609143750918
0.0477974876755124	0.0222984997256665
-1.1370466502481	1.12595944125934
0.0989856441136898	0.0517652294573998
-0.525614642709891	0.329781905700546
-0.642776595278716	0.331903977905679
-0.302595013167671	0.180875528911365
0.207070267889624	0.135056661229007
-0.320745748096581	0.171188698301096
0.0895582416338011	0.0538319295747721
-0.60633322720278	0.399541751694687
-0.855613617859729	0.599382942526
-0.703137719351249	0.481357487581878
-0.28740042431909	0.195042955244971
-0.7382298598153	0.472245768643651
-1.03427599120402	0.811790291247019
1.32520812677977	1.57557751793086
-0.864061269100289	0.509242160727138
-0.0823384358494328	0.04489130159032
-0.627618983188765	0.416089601765312
-0.38771402303106	0.194876252817038
-0.671275777289456	0.412835820519602
-0.464752909499331	0.245026613185474
-0.746591493939	0.482942717532118
-0.599649038587662	0.447280049294962
-0.290415588777874	0.209058777115157
-0.0216452848377451	0.0130081125700276
0.0581466082113771	0.0388317148318827
-0.184476790484796	0.121578377619564
-0.409499301897359	0.264727495527896
-0.43845834397906	0.287861921289572
0.61186277348793	0.453222268855457
-0.42493303320446	0.267478045308963
0.0370058821383469	0.0189061559519871
-1.01227332992431	0.659289274403516
-2.3152849553713	1.31383125132498
-1.1575450609568	0.676216216037984
-0.953432588881436	0.49382484860959
-0.635617749741492	0.327694573319227
-1.51533866594039	1.07528961709082
-0.00850451563321238	0.00501401786033138
-1.15009790585392	0.677832571607299
-0.865157867654598	0.599794417899806
-3.2729918310272	2.98639846096135
-0.935993047924812	0.786294492922156
-1.43612697851331	1.24343532872217
-2.44257555821042	2.34042974940079
-0.971444052435308	0.73393793338231
-2.33058951294893	2.0302088051022
0.108441784279791	0.0567878445729701
0.432539430418084	0.379087059842028
-1.57300142840762	1.50368412034199
-0.830307660150209	0.793879557056287
-0.370430533377462	0.265619541489945
-0.881259321868361	0.812001263166849
-1.00591145534252	0.994117356754967
-0.585445884392167	0.429313073261886
-0.900046284046201	0.89340030191188
-0.178903840329181	0.0879557672181697
-0.321616752162134	0.219103326892079
-0.361250487995974	0.466869283423661
-0.663690851395302	0.627467680929666
-0.635723650446297	0.470269890644583
-0.210051907070527	0.155447514972949
1.05253513486781	1.13287690515037
-1.3027469980279	1.58560740793316
1.07395875302864	1.28809024764028
-0.385071704552813	0.305642520370906
-0.0474945413434421	0.0284603654511896
0.863958983528214	0.708421882758809
-0.255518661086443	0.171426012147593
0.554641298164964	0.466707844767888
-0.845247408411586	0.748488447207837
0.308301733473558	0.2142567117221
-0.219175139933809	0.131134055704652
0.430909541122863	0.32732344866955
0.293620551655386	0.201467867523299
-0.649818828121927	0.337069079007607
-0.634428479608788	0.369453465072309
0.743850211810474	0.505191826361572
-0.623919791879323	0.473008219583101
-0.494730340045097	0.492326287129683
0.239420219118485	0.152119408225938
-0.605899459324778	0.352059019877669
0.19703272744811	0.130315259803071
0.519311529098041	0.359043562072897
-1.593054519906	0.905420447558944
-0.207772221070151	0.102086841002341
1.2597671264436	0.826256554723998
-0.178813956370315	0.0948577126139852
-0.872484880066976	0.515920623858863
-0.839658159261122	0.749131991148505
-0.912406301636985	0.648306978868275
-1.07657789404978	0.724756668518844
-0.325277038851465	0.284998804275377
-0.00873085057335368	0.00449867648883888
-2.00341642554459	1.45456993595255
-0.72968863244672	0.336469993663266
-1.07844410938864	0.486085097617956
-0.312768185973664	0.134329662419696
-0.040678924563623	0.0194003404014599
-1.0544501726317	0.725149540928229
0.0569577084869974	0.0247914974356433
0.324086952440104	0.149592510991202
0.689079404990816	0.529404381960224
-1.08867011478562	0.874907422272602
-0.16034620096456	0.0846443151132878
-1.21351930785216	0.926114241736429
-0.944211674775788	0.60415811693985
-1.20761653680602	1.08525643869262
-1.59771833103266	1.76862207729873
-0.388850600655758	0.219609503022398
-1.38584538781075	1.15201089270844
-2.00185312180481	1.99058442183025
-0.549208361556313	0.519314731930191
-0.264862245788341	0.212538948014283
-0.331822485100861	0.291438713766865
-0.552365120370295	0.428218872290168
-0.904386304534802	0.91865864463072
-0.698821140066994	0.662546886368706
-0.420103263832391	0.270566569574797
-0.157726580228703	0.0908312458522371
0.31272387854346	0.215623396078184
-0.779446447552453	1.09119920847187
-1.2263187071144	1.37489154583043
-0.132434880884505	0.0884907466608224
-0.681989574700093	0.633025339802092
-1.1067806547877	1.14730775174893
-0.683611067718965	0.621516737517784
0.553493379010874	0.468986086275994
0.160115645007029	0.0913260913577696
0.0712344263071397	0.0389700504135433
-0.427723112986976	0.246658100193531
0.457298311272199	0.352444891768153
-1.18972704781713	0.85984891156931
0.186753157809936	0.10111669598194
-1.49201502541984	1.55151264254336
0.532163749105494	0.399657131744021
0.576871416682025	0.428349078002085
0.244119770697783	0.154181428727533
-0.361972360440693	0.22276405906024
0.0298527800933415	0.0178826152402222
-0.613405293996721	0.460422751238708
0.556615457685934	0.359761734727703
-0.449415038530553	0.294387599462638
-0.454402133820013	0.299982530286033
0.349727605057459	0.21414640797832
0.730678680113388	0.553346706185091
-0.791413568974517	0.527450225291922
-0.55483004915681	0.312099321139267
0.576184493194806	0.415890195538093
-2.45322256858099	1.35788027706554
-0.743238280730249	0.396720805560518
-0.56790412840258	0.442365448365968
-0.667913201440226	0.46659678600071
-0.478494974456909	0.353283237307332
-0.0177517885052424	0.00874047240741261
-1.00898864538328	0.671585839050911
-1.05953132534169	0.585424271838121
-1.1283101846308	0.645613360039711
0.226554824378204	0.0850020166838131
0.000142566535768236	0.00068687107704321
1.00160824640664	0.893305470394925
-2.67701616438276	1.75439864039753
0.22312051482252	0.130598247542647
-2.89410882153182	2.12367749770193
-0.42248012088138	0.240184125854842
-4.46704148419308	2.63028072697998
-0.865083465365721	0.604995332897795
-1.37265875264025	1.14194218173464
-2.12804505561616	2.79413054130539
-0.824734200764752	0.64596633548478
-0.199302513058273	0.148669919038925
-2.64455518597415	2.75079674161232
-1.53169864863026	1.67988551877343
-1.00987763650606	0.996960065033224
-0.516836738249149	0.386469973194971
-0.944105151540304	0.882952178833186
-0.518089023271306	0.314193610876404
-0.928428403592362	0.931647046500542
0.0462236849264334	0.0220785550430299
0.998246529564822	1.24409008183528
-0.589847066840614	0.770369339503929
-0.241822871447586	0.227822240387802
-0.505016802273083	0.520572081095661
-0.868905275935565	0.772707369300106
-0.23188884923604	0.158288941183525
0.230989042546293	0.153886514928975
-0.852926467511934	0.790274010987609
-0.0472695165422022	0.0271068481962884
-0.72728314816279	0.589675900805768
-1.47433465308106	1.03549968418975
0.123574999802889	0.0654778050455253
0.30484426316023	0.181585601466829
-0.520943880838116	0.323546689696279
0.448044787401403	0.304649778792997
0.353948183414675	0.247830374463811
0.0855582917440879	0.0471597492945589
-0.858999977798579	0.426178069410044
-0.613687029525089	0.407473176574907
-0.528618707658423	0.331915787729467
-0.545898180611798	0.390201815104805
0.457577276990936	0.335638739498788
0.424812514593092	0.285757072201426
-0.299230019603362	0.192197070210616
-0.754537885818178	0.413523815854569
-0.20455762975196	0.116803590087718
-0.266931627483058	0.176702987549378
-0.848439868062083	0.592853691831926
0.796525012086848	0.401277785393141
-0.121787254503918	0.0512020665712405
-0.348274705537929	0.189942820361438
-0.461350396352073	0.245237778253083
-0.214956004822419	0.09553798582368
-0.973034415132419	0.510625074401034
-0.149687000295546	0.0607525931085718
-0.110271488984315	0.0464685361813272
0.445231167031121	0.282442043748666
-1.14077294493783	0.99077116903839
-0.253391039023809	0.141992574241621
0.0661118407112284	0.0307521209630741
-2.58997706283432	1.63382810830289
-0.602281271387893	0.446604994775455
-0.396459495310253	0.225506996480048
-1.37459638341351	1.16190683779636
-0.0586973188037534	0.0334305892456789
-0.67623504198162	0.504829519509489
-0.897992139351509	0.81079060386037
-0.659175585956134	0.683578920525929
-3.67075897556962	4.18008992520479
-0.757604987065823	0.871117078205451
-0.958271641093692	0.9146753449136
-0.686096378709853	0.539718393536777
-0.843567037381521	0.734263928239937
-0.109073918304738	0.0641369223261525
-0.465393854897804	0.278485408325836
-0.725115980083972	0.579288127006573
-0.248304900341091	0.139562295406704
-0.540671217644562	0.301080564861931
-0.414270568077129	0.576638221329283
-0.390676130867377	0.497277996038504
-0.658593672912188	0.459933959850549
0.0170466229317723	0.0146460750010984
-0.462854683385581	0.378880475779748
-0.594087686701162	0.484173956732602
-0.595004865589092	0.483745317221696
0.316234175517793	0.26879990493737
-0.352654006601325	0.251044104877769
0.298344087775672	0.19981234016577
1.20665394688089	1.17074752201517
0.983512109594814	1.02680029246151
0.60469583846621	0.422863874529209
-0.432384565948113	0.283444073625008
-0.0723964142389504	0.041471790562037
0.579791674739905	0.511237125050383
0.297683455294112	0.178224716711944
-0.100549097661159	0.0585553269343234
0.115087136882091	0.082863277436964
-0.395362487978636	0.31253152452883
-0.310302086468705	0.250327536261445
0.978831113054154	0.822990916959922
-0.216147168361772	0.169241670432213
-0.13569314590582	0.0813602403446817
0.420663987489257	0.20202603539999
0.152779305560388	0.0961791245497188
0.186512465539785	0.108519599630323
-1.48381886415711	1.06405316450435
-1.05536727342551	0.7020650389291
-0.738805832781461	0.336129992137882
-0.277672350159197	0.147148231527256
-0.903612632549856	0.643642676703985
-0.33848203943461	0.236635197347117
-1.39609562534383	1.435322744591
-0.4340073015186	0.35169304565082
0.133735770183845	0.0834363983290201
-0.117810417125365	0.0708048668432223
-0.343617746579168	0.236465252525098
-0.87228127613029	0.503340783375697
-0.960416209495867	0.499619420146941
0.643692760198192	0.376560655235662
-0.404665021923648	0.201849708103785
-0.282063765657365	0.146445196830713
-0.460307486475052	0.303640894713372
0.0671563716223688	0.0312342516892842
-0.941372074675672	0.593469331886024
-0.890073278220914	0.535845958909269
-0.176028665731008	0.0927811028877449
-0.949322684668162	0.804619679837466
-1.81573106288648	2.01848410916361
-1.87524759726362	2.10720220968385
-0.925758549515394	0.831401352941524
-0.596291635476364	0.548953952358798
0.342029225636629	0.250862875570213
-1.1904689286863	1.68076148496638
-0.938335726551394	1.02422427450524
-0.716635627046109	0.730577429368592
-0.738062612729362	0.704818293118651
-0.788912956321358	0.59924778414288
-0.678319636650097	0.581419874534761
-0.0220534889304818	0.0132769323504275
0.236611188229525	0.176127981021515
-0.851460091399246	0.591555547170104
-0.634240571674251	0.373453895785256
-0.532241514372477	0.80706503702952
-0.477282697421493	0.440508290543038
0.0470630253858317	0.0303539336437656
0.588274157719641	0.449099250186238
-0.931202807243272	0.870532774523859
-0.232531452176613	0.131972380656752
-0.220038438872055	0.0994973713489843
0.020218581550878	0.0115251684990355
-0.46196222444941	0.277174948652689
-0.229330573357443	0.150038253779698
-0.176554078420007	0.104075792432095
0.023817665917489	0.0135559514518393
1.14505576037533	1.47243127253605
-0.338785100770307	0.219675039858781
0.229007893988205	0.16933569278917
-0.690812249919784	0.423802322145089
-0.217717725366876	0.163607097171916
1.03578878569889	0.969213191376092
0.359818721976019	0.219378659445963
-0.655633277965329	0.550156181302013
0.787921166504858	0.654576738080954
-0.753203355389009	0.55435827910308
-0.253264519870588	0.141554638767141
0.843290275027785	0.77474898050778
-0.481890428706626	0.316501572152276
-0.0227925873916993	0.0121506686593535
-0.722392319518217	0.384254661915051
-1.2391251164842	0.759318822153515
-0.814841241832624	0.612706027368432
-0.158590114848025	0.0845989215926758
-0.109535725057776	0.0509911513084688
-0.180910722125734	0.105803973176911
0.247350207254882	0.131744249254152
-0.173015187994934	0.114246706707829
0.829912425293302	0.708515800946893
-0.377965964999251	0.234379483362611
-0.626140742076791	0.370957564040346
-0.408518068095842	0.234041114741518
-0.186671267407288	0.0910080517512041
-0.116531504936547	0.0539345815897711
1.09112156784052	0.714280767474876
-0.263430393211243	0.137335765308549
-0.534453645114562	0.296603178299909
0.037394954045923	0.0208774550339828
-0.550469824255991	0.303694038479666
0.737247275162706	0.463501635169342
-1.1456099088507	0.67385980504409
-0.666775476922091	0.453920478590063
0.276821072077768	0.152259187607819
-1.65121560003232	2.72041120644124
-0.374079394854725	0.30961540250863
-0.483948715298461	0.358706038522882
-2.52519642768232	3.22238763805099
-1.09543126244323	1.27511758607066
-1.23469130149351	1.25520683061833
-0.423546908012285	0.273015789835605
0.0702318460535121	0.0419701923249397
-0.472247090248303	0.370568387889231
0.0427461082036137	0.0212534291340633
0.156441640720531	0.151446930194483
-0.268079718680629	0.211566575748626
0.0413252203002581	0.0291465398666811
1.24024234339501	1.39002307285919
0.0685324494101899	0.0491088722879594
-0.920332900770746	0.678047851549046
-0.52375251174833	0.325048715628641
0.266407488030054	0.209480767778108
0.0429201321149891	0.0216233339197584
-1.10629756464793	0.884482020337662
0.253425724044647	0.178389800143578
0.150122806984244	0.0959320715202086
-0.866538540081118	0.777540365644258
-0.112454654427067	0.062262643690333
0.277878179304757	0.186584003442545
-0.458959934812135	0.361048727697883
-0.457127627483531	0.422671728373508
-0.613587317728943	0.400913941967381
0.106355215342386	0.0558905936651295
-1.24722822827983	0.754647866481521
-1.12512447589209	0.778883314169596
-0.512081128055357	0.413531578680304
-0.709280074812781	0.573045237564392
-0.242830007968353	0.150507109357918
-0.952652482784122	0.707606212537007
-0.465291587975209	0.212443587655579
0.291439906127702	0.134283501888043
0.378411483701416	0.23501923947759
-0.493698746681819	0.265312377241632
-0.0670723298781614	0.0347073840625182
-0.00667131105960231	0.00357111337469922
-0.627160459182288	0.369515495086132
-0.407785079508658	0.279986954233432
-1.59429407099447	1.21405353701877
-0.0284140283195162	0.0137414311831084
-0.0977456415076506	0.0404108842516702
-0.175378907228078	0.0943454501602528
-0.792733939208253	0.59149589116231
-0.618435400541705	0.448530972172863
-0.370095092804868	0.250341739947048
0.07951653749768	0.0442054150507036
-0.0139499241475703	0.00654026423725424
0.562700839858294	0.301718205561675
-0.21301525372924	0.0961728149536702
-0.623638998837068	0.352426812523619
-0.326338060994602	0.139791483711771
0.304561692400648	0.143545200737414
0.556488126666905	0.297233474792997
-0.513163612026762	0.351692913353257
-1.47051167014536	1.03477381490425
-0.119124882607437	0.0548579906227166
-1.40640685616659	1.20142328576228
-0.812627273311712	0.760287865200684
-1.07895294158123	0.87813290125725
0.0169113047181125	0.0105192561247476
-1.54955621824771	1.43129872295848
-0.309837653426266	0.216640927055341
-1.32924213636025	1.92585906061841
-0.437965213234024	0.339762477518259
-0.944961732823719	1.12102630931344
-0.458621250733602	0.325981569966279
-0.804774921954248	0.537675005871297
-0.242787375315612	0.160543035079204
-0.215200657437971	0.13740274905125
0.141789706839235	0.0855907793122635
0.168963261083885	0.0769718991792565
-0.0799185575145874	0.0559781172979339
0.629578864975164	0.612687886670116
0.714812336185584	0.617438846232913
-1.70523295628248	1.75073200296696
0.519498999791785	0.362299493006904
-0.122835111058454	0.0514692591870983
-0.673977153974928	0.415995713521153
-0.853152747243141	0.600823410134341
0.256070586097871	0.138814660416741
-0.0421297706764826	0.0218929627144282
-0.311541058314672	0.196647803811039
-0.344639687395135	0.20676563837578
-0.389975136258804	0.241483405434375
-0.484623727746398	0.260821094825934
0.157019249337785	0.116445306976044
-1.43157320960325	1.46184233418054
0.572044876916804	0.462173449514574
0.519093123994892	0.386218725951039
-0.68891623594045	0.429507557412104
0.209938408154281	0.131829451246418
0.36606276350415	0.242149879798931
-0.364106157712626	0.239642212871065
-0.102176161176581	0.0511627829005308
-0.34645211497665	0.187912714841268
0.715846540801793	0.59040171853467
-1.3080824421546	0.833486409038882
-0.564037424809233	0.236742292753433
0.730398607701267	0.489455935424071
-0.385705431673056	0.239696967237634
-0.787832779548191	0.604839592075325
-0.509213124430743	0.402062951551424
-0.690801845802034	0.626226002477924
-1.20906595503934	1.17303487746116
-0.721133557404269	0.576770486270419
-1.21272764976732	0.729818291326424
-0.289671237913908	0.169636798586222
0.239375520468277	0.165753758480224
-0.674396136030983	0.577214414965668
0.537364816137989	0.470947775498182
-0.466280916832241	0.282073151144308
-0.985569978244288	0.722303804018543
-0.944057520376985	0.587187621301154
0.0477997397787303	0.0230288080072404
0.510688125400909	0.295538916709225
-0.121889151113714	0.0507238990078525
0.778820355466036	0.481621050488784
0.303035989425971	0.156343750444995
0.0983853796227657	0.0520671700429178
0.154599647423125	0.0630685841451383
0.138253623939556	0.0680249153160334
-2.72162669810336	1.85620282676964
-0.720256184070159	0.38889757410085
-0.236133552815677	0.105593320917323
-1.68605521924311	1.35420348345047
-0.590570249726797	0.509185491824505
-1.83749514485569	1.6358420525965
-0.38880534366697	0.266970089336471
-0.412947845343533	0.302380976438213
-1.00187878158794	0.98963204603362
-0.734625938613811	0.658595290635017
0.109280590422772	0.05711519582605
0.33278632416739	0.172245063588061
0.989329153937638	0.681386339888576
-0.193283300076784	0.0957392930669642
-0.47453336220873	0.253779934621966
-0.46920991237569	0.394304336506347
0.357336239326456	0.237588141661307
-1.30943834641559	1.22606021027983
-0.190475717429422	0.093651509824643
-0.207942667365894	0.1026975605357
-0.424609898532923	0.27637665878427
-0.114663986702784	0.0531579834249001
0.314513996155251	0.163521651594183
-0.193686705899008	0.104788961635944
0.214814243591831	0.12693585627985
0.773205516369447	0.65005186805419
-0.388052534666136	0.285993063327627
-0.03306380922891	0.0175591310550176
-0.00849016420007547	0.00451444653776868
-0.357141603435109	0.198355166637652
0.287838041833634	0.19966561554765
0.195667917439077	0.114403546805597
0.512345998959309	0.303146368870158
-0.353722898007445	0.23804573523937
1.14905894005234	1.23776621146197
-0.71249785017092	0.384033003522009
-0.984530835329055	0.515314918107777
-0.397024600257209	0.203852198406225
1.03846546960643	0.581441325768403
0.168134813614191	0.101929151734954
-2.0640790844577	1.55926980083988
0.0451332229901154	0.0214843801757376
-0.609893185926148	0.403340060074896
-0.443099261699204	0.34241764741503
0.801829588883562	0.67852877490385
1.06082374361992	1.32527190209584
-0.963328441209755	0.813783942148572
-0.380657279967062	0.239402363671797
-0.176962093802112	0.0923494620420764
0.291514191233392	0.177178586760232
-1.22879840580133	1.41738059982227
0.474502724145968	0.364423668064047
-0.750498258540623	0.476467253942362
-0.111155028442697	0.0521861617358826
-0.811640934618544	0.461184308676407
-0.300457947559767	0.176224080633863
-0.143679716639025	0.0494326393827154
0.5462531682669	0.24019244054294
0.863591645892419	0.698254231217398
0.159637555000923	0.0712686798672545
0.772983154629306	0.473281537833614
0.796498563952916	0.592710122179987
0.609643078481731	0.301471102407562
-1.0418370171789	0.682228299028874
-0.88677228066559	0.611170960498326
-0.84987150768478	0.595726105336222
-1.45553811742817	1.2645727456909
-0.982160471400041	1.03828077660235
-1.22740890406629	1.27604264574514
-1.83784886161247	2.37490093496155
-1.13676011103014	1.3307991890963
-0.336453300606931	0.268307894422741
-0.989992752878888	0.866685681536744
-0.808648179855332	0.626866947386919
-0.443527772548631	0.380747092391778
0.364891044267254	0.207858644579835
-0.0972879127447166	0.0636410541615758
0.927704806738835	0.586169173082379
-0.973977082857336	0.49036914681344
0.0578227236362065	0.0274811906140131
-1.31627212243845	0.819492711441023
0.190042158922583	0.086385260049842
0.307259651643071	0.281176908426537
-0.0684959461628736	0.0448903796599524
0.0935236384241415	0.0679314742544627
-0.70363719638396	0.697879264122292
-0.873236676595922	0.784190809082992
-0.227853874682814	0.102217522517891
-0.195915603427037	0.0966948805155326
-1.03259598626185	0.813020978552634
-0.848306849612416	0.584046251927792
-1.4319098915936	1.2679564458192
-0.111955370978044	0.0742894206002593
-0.519569735061163	0.353794175033571
0.455577225861114	0.263698637386898
-0.776075112678726	0.72116411577099
0.583780705351966	0.424211671454692
-0.238559243021415	0.190959533757364
-0.178591201328458	0.112644036286197
-0.20176077116213	0.120343644608621
-2.64777824832963	2.77391532657471
0.45109820127713	0.328397068231909
0.16062738718127	0.10099100258351
0.0419715768327565	0.0196985757553414
-0.159770302088406	0.0916374495512221
0.801307648384128	0.679378398026938
-1.06902959690222	0.721750756258164
-1.2088310814949	0.72415866396487
-0.442301976297824	0.198588536052374
1.11060695635899	1.08731461804647
-0.560663285914822	0.308400094238839
-0.720884158032737	0.619998962373063
-0.44237305785407	0.257432120599694
-0.419367521284177	0.270920964113019
-0.696766657605541	0.250506579534534
-0.456049966673805	0.353121006585199
-0.5077774071094	0.380673049553241
-1.06607533919974	1.18973342475099
0.125420431791508	0.0789388404795271
-0.120933181039474	0.0797888429472515
-0.347272297330851	0.310130981275145
-0.384526071177474	0.241210410977483
-0.00352507591776015	0.00212787929216146
-0.318001379935203	0.224445997211369
-0.454658156781403	0.356193188117627
-0.349206487058194	0.277576240410045
1.05259287443675	1.08879907821607
-0.159566416749081	0.0916680056216115
-0.299099123771017	0.227360079014301
-0.417978168101152	0.331054913454288
0.948365566655674	0.769511589098292
0.654390673630008	0.395564865161533
0.832296649515003	0.652131302873392
0.535015225953759	0.283884815860594
0.784142191690305	0.486060631623314
-0.0986215056657883	0.0460561189304482
-0.158505633213641	0.071355498146635
-0.909931591700599	0.649670635934285
-0.0249308506851265	0.0132638916539969
-1.49943334430037	1.62019575214794
-0.260225955536506	0.159853321897004
-2.00744806904077	2.49715490827892
-0.493955580663001	0.33402755410228
-1.55203403224824	1.96743851421648
-1.4652400036126	1.72434033556623
-0.186343179916762	0.147156990741744
-0.698173645847841	0.47243048855257
-0.0411275231850414	0.0197457612028496
0.537635452593788	0.292149212227103
-0.244484209466073	0.148657231799233
-1.5017959178038	0.795506057946379
-1.06671031222403	0.713536801360673
0.204756789758911	0.119959521581465
0.332655382603197	0.290676608933039
-0.839716192652019	0.724962039476576
-0.150730753562196	0.0858739564896023
-0.211890067410481	0.14484593079392
-0.789155768522641	0.722990224052335
-0.00303528975678423	0.00161288591553731
-0.440183562527531	0.280976582622727
-0.399112845997357	0.309168183390024
0.793669530382178	0.672458388195699
0.179623730096465	0.129103018540795
-0.183734361013187	0.132089215699612
-0.41897974200261	0.265204446258022
0.438638154654401	0.390130581720003
-0.194447134076734	0.101822816483756
-0.661633573369978	0.459331622601733
0.221759331848339	0.132166547572588
0.378828790460771	0.234529853941419
0.501304707389533	0.436085105026729
0.308030879881238	0.237406569408326
-0.466285012513517	0.340605821611213
-0.796418722182898	0.519723983932129
0.029934989122854	0.0196508502976333
-0.666116471015134	0.40677273891277
-0.0579928575261702	0.0281598101775026
-0.401185264462329	0.251214452371962
-1.88919502011419	1.27680743041972
-2.15011087033095	1.68341324889193
-0.954381091940994	0.488730375074443
0.637284535362367	0.422882233077295
-0.541412734508598	0.476747369404959
-1.29212425997608	1.0397663838253
0.299295599876804	0.192815769178954
0.563636395184465	0.307617023081256
0.0167941700787864	0.0105075504134543
-0.331328843353691	0.178512836029133
0.0628862343410281	0.0299497513291467
-0.468525363605102	0.275223913548838
0.889911434110471	0.666278549155745
-0.287543519108636	0.227046387899228
-0.620126814462878	0.467421568911495
-0.46227404783906	0.337053674763807
-0.766038145294774	0.72628792100699
-0.754396907120981	0.775017167797595
-0.0339009630197588	0.0176006200024944
-0.187775684858618	0.109444919463418
-0.938080269615692	0.977241063067834
-1.18944660012539	0.860565036553588
-0.0163037607086646	0.00875600162286131
0.206938513436846	0.12858789072839
-0.723466874149676	0.531775686568647
-0.65019934344095	0.44303477544649
0.563481037138099	0.451582524850244
-2.49949123688527	2.45042310716225
0.465959099614264	0.425316525214516
0.174305554731539	0.113117536924267
-0.523696404888281	0.285335734625129
-0.237224771824393	0.106638379614671
-0.614135758522637	0.35767295772418
-0.308734200388236	0.147240464182912
0.0176224128113756	0.00578887214300594
0.214419906673781	0.106661447449305
0.338674227978592	0.171716526999598
-0.0882067187896681	0.0447301139583332
0.458098321129862	0.267659706755609
-0.134230763165522	0.0732995290050212
-0.998781669878661	0.649587423899987
-0.193259375193374	0.100462069442864
-1.96865867503822	1.39703023264364
-1.41780762321423	1.6157917703558
-1.14055880852219	1.12189651025516
-1.13424044422866	0.954871558957733
-0.439526244450438	0.286592503759921
-0.931749517906572	1.1221380745457
-0.737627916016041	0.802066151788082
-1.12121346542812	1.09436587468778
-0.181011925477565	0.0967477699154792
-0.895035945523451	0.711656940964589
0.555197621368221	0.246781482889536
-0.16259136661583	0.062421523977427
0.19290823414562	0.0859303057996296
-0.0395607787921191	0.0169739477295562
0.234308676689079	0.118201454156053
-0.143531505358446	0.0817027597175948
-0.24816780889378	0.154308137814723
-0.909747335952263	0.533549214360438
-1.14996086375793	0.937808274076696
0.602428616496445	0.416821052768784
-0.474833737444362	0.289058849850671
0.540270760221802	0.490408071717826
0.184344610482847	0.126918894342639
0.928831805278322	0.805920595331029
-1.45847448824069	1.24055012803348
-1.40507616159031	1.38799022054637
0.337985427603505	0.279734036360199
-0.784540507866194	0.513143168591134
-1.26749125401504	0.975304237130042
-0.113913187771222	0.0754397999798063
-2.89568983887743	2.13022542823154
-0.507523995493701	0.34427368649056
0.578362282834674	0.456445244668796
0.379702594241808	0.250496836627401
-1.06255276543434	0.964244196328845
0.621703706108931	0.384928079136741
-0.411094304607918	0.306511233087669
-0.743970501684481	0.480525312356324
0.0645661351721787	0.0354975266388999
-0.45599998132866	0.326754283754031
0.970999191610365	1.16643225333296
-1.28307124808502	1.01167786024201
-0.104045131368087	0.0572643173555065
-1.6975907180858	0.989838834619339
-1.28149345881563	0.806083899200888
-0.375490465139633	0.180954281345563
-0.147115017295937	0.0898405613859
-0.639624725478087	0.378616694790754
-1.06675532621003	0.741001197204915
-0.360798786410078	0.220426864033692
-0.873852911381324	0.613550101123543
-0.351920796809706	0.232971458304096
1.04479958136072	1.08104044897979
0.420977154994781	0.370305515781834
-0.456404726213403	0.266327904996804
-0.389788171236164	0.287655622084248
-0.119856075136977	0.083166166668066
-0.270155652595792	0.152983631730018
-0.101772089850404	0.0630418673020492
-0.388446090343797	0.217400389843612
-0.0179232363706593	0.0107528382302108
-0.985314077227124	0.851260744878853
1.153146914377	1.41244107481392
-0.204803704686585	0.149060895443416
0.692763499682599	0.674578368211189
-0.716867232103248	0.673450626734622
-0.424743676240478	0.275885122411664
-0.879672899231523	0.728626247104004
-0.405640397473728	0.277332480179516
-0.324652546518615	0.208873144712828
0.709958782349131	0.612700589656897
0.00704435501617803	0.0045020316281456
1.32061962521031	1.81248481417367
-1.13787069624041	0.970944306541359
-1.78235783457899	1.50763800953969
-1.0848581567259	1.01164353563294
0.137494384344972	0.0787212384908611
-0.18410711028948	0.135826036810966
0.360338809765091	0.234115616870798
-0.517410489992621	0.358112482491775
0.170207463520433	0.116093185709278
0.237638746009697	0.17346294887552
-1.05847383178657	0.937519337846626
0.190653038935457	0.102212978406692
-1.16641703374125	1.11106957929829
0.289576386669094	0.172876518392632
0.829733534885041	0.424063286320295
0.215455378454694	0.107416532607983
0.265167670276316	0.14662954358207
0.229322851662711	0.171105333499941
0.250238091953814	0.168192222924151
-0.674265619238966	0.406176218663257
-1.96248200915939	1.36996579670272
-0.208121153160665	0.0925953140428432
-0.554076054363695	0.461064387194351
-0.67491274667184	0.61972511789904
-2.16220184632913	3.39379262666334
-1.22311101312414	1.07822651432683
-1.25476320468018	1.46649547206939
-0.481137253259802	0.421533078126002
0.462456249008717	0.318985672354399
0.500169210167881	0.371776513094846
-0.21436598319458	0.162485045892592
-0.0267784600434863	0.0166398953884669
0.449160282725771	0.306540058926027
-0.0287486691172048	0.0138722753011511
0.0551874036156112	0.0261918291237749
-0.649795909361401	0.340995833076288
-0.663951463222825	0.242888272755594
-0.125032460662023	0.0585202327851296
0.296767962091796	0.131219260179915
-0.965047477357676	0.507477846931322
-0.399746663825008	0.27618223596463
-0.693473667121921	0.550358047435609
-0.100637216894093	0.0507916474782824
-1.76951146484129	1.49768438479183
0.262205723612149	0.144328445501605
0.499839709621892	0.367200863731679
-0.529719129107827	0.292186397023498
-0.319044939110211	0.245418066237072
-0.333081264651907	0.25932870170616
-0.0670586594731741	0.0483819694042988
-1.07040307276644	1.19408991675122
-0.171384021167878	0.0993134761551709
0.167001760041372	0.119360902235277
-0.554732272080208	0.30953177538369
-0.881760958785143	0.787188891056158
-1.06919146492199	0.712451849506384
0.278332618879291	0.168793342523259
-0.41616654616015	0.267647711968346
-0.596417438116031	0.39644437478728
-1.94214807242322	1.84583030743709
-0.109686020739125	0.070676219299264
-1.61924380699664	1.57450023575323
-0.455827500208058	0.34986293860913
-0.586593370903732	0.525517329756046
-0.88871900403743	0.519128872839919
-0.193781706210842	0.0965916869207483
-0.410983517663817	0.260031032457401
0.57686426234558	0.462583395101968
0.608197405071752	0.298386699984116
0.37834172562112	0.230366152465791
0.723380804201049	0.485674444130556
-0.366378749145899	0.200419529419539
0.334756137378403	0.172165161424812
-0.188346404950366	0.101264439814447
0.423287457876668	0.328581439348819
-1.49648657834701	1.0675390939173
0.556885735573538	0.448925864001668
0.0274626438083089	0.0139835607657546
0.145768401667784	0.0891581270121344
-0.888385169095422	0.625952172237307
-0.464664087288876	0.209903256627459
0.215241595437018	0.126761091213122
-0.257089085996876	0.131195899651187
-1.2176327724385	1.24531426925715
-1.15391832654916	0.981462494401936
0.490768621048888	0.384816548967944
-0.0725017395292441	0.048102625821393
-0.754137254656803	0.55412348240471
-0.443237325753792	0.258569000836429
-0.361052239970403	0.258522405552533
-0.48694206133993	0.335554081360956
-0.356292944464175	0.196027407665462
-0.12749158233721	0.0772648281576554
-0.111026373717832	0.0620792669909789
-0.0373627284243487	0.0179181059130218
0.471752967274219	0.40393466322872
0.480298373361909	0.349256768580009
0.245295298615846	0.17323010560308
-1.08322599052428	0.896746131153815
-0.395008742075953	0.269421783249376
-1.57489337000642	1.17959759980243
-0.526351957361476	0.494036632189379
-0.0946383375530719	0.0521067561897606
-0.539314937307163	0.478178273252765
-2.13530734029917	2.27275662178373
-1.38677093109235	1.58659033696212
0.514258464303769	0.469175175620434
-0.736520859145985	0.476457615197253
0.210434055186728	0.10552930964941
0.415547912020683	0.239283484158758
-1.12940185479385	0.639491048800854
0.95862184452328	0.764916050741579
-0.349890746020489	0.229676052086489
-1.22192002163035	0.929984933776858
-0.288542650912611	0.150468561535752
-0.239856942899069	0.145967360890211
-2.11553897319206	1.62514679542762
-1.73348754185446	1.81420796261171
-1.54371676381641	1.3984778454468
-0.358684205572377	0.275154223583676
-0.690372457468597	0.539293055746656
-0.959814397721049	0.600386616137977
-0.544499283426157	0.304997523199288
0.20182734300208	0.116716652029998
0.44817842728253	0.301679059141847
-0.270826576649397	0.139235852159116
-0.332755941868006	0.13663385764385
-0.654021101590326	0.396230703541943
-0.432169572855191	0.197034419849888
-0.961074587893115	0.737119906936246
0.0738023065847979	0.0322785403019378
0.0183322769636722	0.0106096598825598
-0.477576318155177	0.288419398291387
-0.111858307761944	0.0471350955955286
-0.347051810173682	0.279202025301207
-0.381138612911557	0.296330464427155
-1.37197866965912	1.3588358215316
-0.977383597686316	0.743001688858629
0.419039904160432	0.31522929791716
-0.69288247990768	0.487334115082911
-0.706469847933074	0.506926493059309
-1.1320547266892	1.09778671402391
-1.33105718738894	1.06352955720039
-1.33425217673068	1.24633684848685
-0.243942514762413	0.16153307852211
-0.345546488666052	0.212625525010473
-0.486352599930775	0.319691532411409
-0.414924999237956	0.210775790053185
-0.570488804450609	0.305988617250407
0.231492381016698	0.146543073554604
0.421853599240817	0.242295047989619
0.209013427046555	0.11774382559575
-0.835548515855042	0.71662787720541
-0.522972662316508	0.397754487367714
-1.27686715277512	0.793030837687489
-1.34251236720263	1.12268688383848
0.416257531133827	0.273647478745025
0.0459948059431256	0.0263248349941125
-0.786831444174805	0.515506279181601
-0.640464365435071	0.529894291010043
-0.0216241519224546	0.0148511413390997
-0.453844504429532	0.263831246235404
0.658019999207058	0.860289132684186
-0.318426291008431	0.151906721133783
-0.467278865600819	0.314073799653283
-1.04979384874027	1.0475097356598
-2.86237628144751	3.4223002223126
0.510992154332004	0.35572628069111
-1.47793212015705	1.03462067605253
-0.049533902219791	0.0309310115850352
-0.173939200869776	0.0941933685100802
-0.498155473949085	0.371719609179779
-0.188464926617116	0.117945123414179
-0.0195201682054042	0.0104003188173773
-0.69674569907954	0.607309988364391
-1.11154438637782	1.07077167074544
0.771086895014785	0.690914952582392
-1.17477927213751	1.02914992274817
0.360908070857075	0.235020615701112
-0.903201345365134	0.841157017572289
0.404420963077878	0.317041916967116
-0.241282923114103	0.135543143160991
-0.546139613719873	0.389073693987529
-0.330952992204645	0.259180519943941
-0.117647906964999	0.0701757623036579
0.217428738026284	0.1513988078983
-1.48469219115167	1.06507273103033
0.0931900601828836	0.0618494270462282
0.985541170293883	0.974645543561831
0.580696654534017	0.541694759279467
-0.166242953002691	0.0968591667695887
-0.196717157314745	0.12476276319818
-0.32624179952874	0.177267085973692
-0.391510432324994	0.197752532204411
-0.756494990469147	0.620873544442363
0.0860674519458808	0.0480018456866686
0.221559801337707	0.129103186277788
-0.854997057465352	0.81113565984594
0.14615264987898	0.0827768387535198
-0.178599032956094	0.111751134760686
-0.805649991973242	0.543625655678961
-0.725754239129119	0.394051768775064
-0.11627868560586	0.0483711040453306
-0.525689035982158	0.331383330650899
-5.29175332907487	4.01412143095287
0.380540407012567	0.236201598788116
-0.286429419198639	0.207997760225099
0.152702493643698	0.123641611659124
0.00452198699853287	0.00288265404658623
-0.858471506844196	0.744215838481542
-0.647420376581347	0.486264901614877
-0.270620204552006	0.191894778748114
0.47674270147028	0.339591311439931
-0.512454240495466	0.299881729452698
0.484171321904424	0.383078379811621
-1.17122183280938	1.00323763278929
-0.192182445353291	0.126562109093011
0.885130676176625	0.730499771192141
0.0463142439282026	0.0261549145459466
-0.641144527817119	0.327921596596032
0.195527270692554	0.11460047241944
-0.609353491985865	0.357355960625327
-1.0189947454463	0.647825626254756
-0.245647395548137	0.137906571617189
-0.74203597863689	0.476601242201831
-0.453119419142257	0.293030257320676
-0.410183752691509	0.20185360416499
-1.47877526532575	1.05323009253634
0.422023580091831	0.238335830441512
0.200605039422053	0.108875331066663
-0.811973634414748	0.468490791373843
-0.124665065589554	0.0576191712815388
-1.23000419109953	0.92496757872547
0.806426121206467	0.693559115408709
-0.0358438494091331	0.018739217908427
-0.288474542765924	0.168536777723792
-0.945354080882436	0.690746610901897
-1.04881637389489	0.938882316037226
-0.284054565733932	0.191315248784966
-0.305273066525138	0.180088708881516
-1.69850498900596	1.3459562890118
0.28082294415672	0.189364929887886
-0.598949257556769	0.486492848171097
0.259938190479055	0.144718364098503
-0.101215080926821	0.062613034151631
-0.688122148696142	0.544493117997035
-0.462812859303852	0.337943046626726
-1.33437055316847	1.30517060229455
-0.855799971252808	0.756394846515801
0.463892289018953	0.362534093504446
-0.0258979597548258	0.0136656940593174
-0.143347729674761	0.0752616336622298
-0.342555047451574	0.261236228515673
-0.366767577641771	0.279948673999987
-0.530659857294504	0.334755268388308
0.998301050949539	1.13435964198683
-0.123062045010403	0.073461063975122
-0.262675545564949	0.183320530881537
-0.449894429087131	0.348609503359314
0.914502924918694	0.586938077806688
-1.00131774323233	0.653824121880348
-0.167199222259956	0.104361926528446
-0.35624264674282	0.218530440764944
-0.236280826445587	0.132021910823047
-0.935033323504939	0.690285349041899
-0.40726418996774	0.23373462650601
0.301716187680286	0.196128308373131
-0.874142164099715	0.5221648378329
0.0696426220431121	0.029615262271648
-0.64979389646867	0.334552285600033
0.236523161286058	0.20918614998147
-0.170602154458039	0.124137506613812
0.241970066478358	0.197917981666934
-0.284551389820407	0.226597548584326
-0.0827701964723508	0.05557215123009
-1.25486995092287	1.14235719793313
0.117982128216927	0.0576912120762911
-0.650512030462392	0.590265814309206
-1.16536262175901	1.01346681959375
-1.38532542781317	1.15922145345147
-0.193368745393277	0.121841753909507
0.094248621759995	0.0690503840216612
-0.140821474630887	0.089027398761898
-0.0436729637505271	0.0245952098230099
-0.709331920445412	0.546826271263381
-0.746243490488581	0.606245473748744
-0.896612506386784	0.910165944072228
-0.3112600710133	0.202763072230512
-0.211748665935789	0.136862453461615
0.00494459483466209	0.00222911477321367
-0.232275935985588	0.130823343360898
-0.112178425640191	0.0835142911762132
0.255962103403616	0.138328763011459
0.506181678536062	0.437807050397572
-0.646641158568966	0.445095837980502
0.112540502768154	0.0674001581010214
0.0126322240157729	0.00815042476088492
-0.307480184311318	0.182769537366521
-0.479265073310105	0.325365748928149
0.681378709673971	0.600852218308927
0.532059834355672	0.345299036523968
-0.377670584019735	0.298165739577438
0.44577361514239	0.395348925701466
0.105086821034715	0.0848522174914581
-1.62582302886065	1.88555165676181
0.113911327845354	0.0850801659738982
-0.116498715999293	0.0765605520779195
-0.192289640023575	0.12907369427016
0.270596268081598	0.240990393800828
0.153179041380966	0.122811871263269
0.184825748235225	0.114644380362254
0.44515979727342	0.352992675629858
0.869310317889414	0.857943238436586
-0.0897620894391921	0.051029427373273
0.830330439387111	0.739061625564032
0.583006228551638	0.434085570930364
-0.489124834679343	0.362194193105537
-0.289905335341554	0.211596739656556
-0.170177649813447	0.119030118306251
0.0300707617601899	0.0187307226990632
0.334157866307426	0.259171905902807
-0.224145555866484	0.134639502651859
0.508843373277885	0.530264291569818
0.225654142467657	0.155900481071319
0.364515769120991	0.280901358627116
-0.0956061917248146	0.0523076759901904
0.161483078679853	0.11831858087327
0.199449874008835	0.145465945582777
-0.367799696695122	0.280473383593651
0.288629205539735	0.184713822666603
-0.572397892860963	0.361147657648096
0.352098296734738	0.203113258753167
1.31243686031346	1.03679221417925
0.63804020252027	0.412019963039179
0.18518326512517	0.100530038471703
-0.642428603264135	0.493333621485494
0.0102828437221033	0.00600647089832826
0.434334965541708	0.297100836504657
-0.264443499340306	0.176522910210185
-0.21026589383974	0.113976496288025
-0.947104229724295	0.575753048937073
-0.29780882383562	0.189800178043867
-0.734253467925877	0.63739693935121
-0.641542716270376	0.438334308130075
-0.438840703947663	0.314804345820899
-0.532084182412702	0.373668054964265
0.272384029701609	0.170698570843426
-0.664867668709475	0.464799355923821
-0.335375558579421	0.198107706496246
-0.757939673093666	0.851682201872467
-0.0165905560326348	0.0110596185124561
0.344615575667179	0.281538197408955
0.0778501144187922	0.0602600062529973
-0.278831794067956	0.199700958811334
-0.624992239208936	0.35061836671703
0.346674918529899	0.223387180788388
-0.68969891587679	0.485838170787039
-1.51423822572554	1.38254582529785
-1.55956153420141	1.10764132246086
0.0725214042911879	0.0457812976304771
-1.94584928746251	1.81987612532918
-1.69355136052592	1.72660988860704
-0.902493490863078	0.641056740711752
-0.0272794086996475	0.0163658024293297
-2.19639227607192	2.45555222417642
-0.401252666802855	0.333948772399307
-0.826975918750669	0.834264376350518
-0.531987383961981	0.334122010838684
-1.19690123300238	1.06835101950143
0.406390765514041	0.227627548833366
-0.0370522722184532	0.0179847682199611
0.09063235493047	0.0569894342980585
-0.202818189174139	0.151578453124406
0.965556797883257	0.967521092803815
-0.569127706303949	0.478219856852099
-1.20369496112563	1.03862996097124
-0.483714435281877	0.355369279717004
1.17878897271223	1.07450106256804
0.132357895019378	0.0879894007594151
-0.184891613829885	0.128606179795123
0.100559893731094	0.0653071988921866
0.475654040059866	0.404391699573383
-0.236482844767777	0.173191477272934
-0.776089478824999	0.636914661931906
-0.318094877244521	0.26304373012995
-0.913717287828586	0.855617801882769
-1.14129931938334	1.24932608660409
1.15485740679775	1.18800021513268
0.346453990148345	0.292862491883796
0.816108074344058	0.694705188101753
0.458722310081586	0.406631458415392
0.287028432402073	0.236602336503598
-0.0305342152428972	0.0173862017810807
-0.329941310424824	0.19477775974839
-0.285793121033309	0.209239125100375
0.466922405376091	0.435344331367975
0.444238920784336	0.278899860117157
0.558654030681116	0.492988428748125
-0.268397309976885	0.208809946715959
0.641396920944455	0.584466823577593
0.01172174713381	0.0062803549734944
-1.14420405687006	1.32072813607105
0.683229278089175	0.769721893201129
-0.378806425453291	0.310675952994936
0.429911892755695	0.362184072111143
-1.74801406836635	2.18941321763124
-0.249008354608647	0.163684174477299
0.317299958746465	0.162442384037933
-1.05394485155991	0.846696342608485
-0.409947045330064	0.206048819004475
-1.41873023652301	0.974070885928069
0.339896410257115	0.209691834819997
0.0110451501856832	0.00447567230030883
-0.381494713895732	0.3255419216742
0.798831334721899	0.676228933079768
-0.397024600257209	0.203852198406225
0.0698974187989148	0.0306034670081106
0.00464105335119002	0.00189979296223106
0.45180512947071	0.285870804295298
0.755512215460331	0.588023565428002
0.0255864377219241	0.0145879560817345
-0.784323492007088	0.508154898550058
-0.377651608994899	0.236804389146788
-0.55189523665768	0.43266129883783
-0.169299595919236	0.0979467553961534
-0.243852903740106	0.161318881907312
0.0827958289769069	0.0450681232963114
-0.500794738716577	0.425155184262226
-0.0889954305317351	0.054501457898721
-0.59956265199533	0.552164233859978
-0.553104208547447	0.574829208730592
-1.90689956099056	2.65139899712438
-0.0994983000736193	0.0821178403474797
-0.137458017024865	0.0956121631974694
-0.74358895725605	0.540460531836097
-1.52801812758753	1.12198880270577
-1.02231114749082	0.801849410193029
-0.0342924643293207	0.0179934771233558
-2.83725807194958	2.0428240725764
-0.678843646665435	0.425493694368062
-0.392682815062481	0.310394904345071
-0.585408249660039	0.46987953266859
-0.955270779593886	0.898500841231065
-0.806325474217865	0.628228616105531
-0.765729617414256	0.637083510173423
-0.149240246075711	0.0906319373608434
-0.832853245948473	0.730401138521372
-0.0075619204224594	0.00401730415403128
-0.303247012736022	0.177538055439334
-0.578979318710756	0.455186322917299
-1.26261034039357	1.34221719016465
-0.355846824857682	0.270682017111054
-0.473907953978432	0.25256462127314
-0.878097428926146	0.783765407473067
-2.15783113190835	1.66126960005063
0.729213933456696	0.601092334769129
-0.538858354823044	0.336681001446671
-0.736770181378487	0.606301476090816
-0.197514844563769	0.131413347728686
-0.365598515602684	0.337439977996518
0.13535062217414	0.10014913412507
-0.285497694950188	0.200630764393555
0.00732165124404397	0.00466523918713766
-0.582255130472134	0.557682680791158
-1.83454310321851	2.09638820160522
-0.724834122141022	0.587304780304758
-0.971713869924886	0.832543049030857
-0.798862624094262	0.739063383380826
-0.306236962529659	0.173832623134247
-1.28998172904952	1.54429086632504
1.44512085537996	1.67599555307524
-0.228600462060546	0.163686326373717
0.433903759592976	0.39426197176403
0.348464085093522	0.303550267918806
-2.04802276503535	2.05975768010688
-0.303777225448373	0.211533773208162
-0.241574387597245	0.147120447612944
0.391017778713903	0.37156692653543
0.592436971209892	0.528101082572806
0.531175142734912	0.539080537636057
-0.387500939430952	0.262712662114805
-0.769153940355425	0.567765970736346
-1.08962028838786	1.14920417490563
-1.02830786297302	1.30721932964102
-1.02377334532806	0.811935609373958
0.199025495276329	0.107701922615712
-0.346947557796577	0.190598743699633
-0.304636725267553	0.144234100590183
0.752246472435522	0.451303199639342
0.285332568076198	0.172649545165409
0.766209481051091	0.611712647628627
0.198260395939977	0.11699900169657
-0.0517807284945652	0.0268661083966789
0.512370528913244	0.39264151216905
-0.440298616936239	0.313740469235362
-0.810082259543394	0.873877174642179
-1.47206674104561	1.3478452076042
-1.48203890103849	2.00908075825615
-1.19249111172958	1.45625095766024
-1.2624468150281	1.77973079031305
-1.02079273248655	0.671381945430035
-0.80007013852983	0.535306299513762
-0.568398354957026	0.400987196256339
-2.07694560458267	1.56127665544214
-1.10778279056961	0.785434078471642
-1.20939008319692	1.06054984367939
-1.0058226152893	1.23692856376425
-1.92519255714431	2.2413178656868
-1.08482531375367	0.988733516270638
-1.21036625806963	1.36181791196015
-0.963040407810125	0.726261282908836
-0.594004201447937	0.553138935917585
-0.900089287871578	1.05340717449464
-0.224818615140936	0.153697333096188
-0.367362498670247	0.268146798943176
-0.808968623714745	0.61833866039122
-0.427841170559174	0.214850048332245
-0.218553411522777	0.139984868032669
-1.37701884835548	1.50959493064981
-1.08299698012045	0.722435203608976
-0.96207785004751	0.815663208816858
-0.800779610363006	0.529338651528548
-0.60176557505091	0.553916200942705
-0.345971879556185	0.303781002062482
-0.174316352832249	0.12991275751695
-1.81996204183011	1.62968548565083
-0.962828313071244	1.17144566584008
-0.978583562595089	1.32999308325817
-1.18928627148995	1.18236749083088
0.139393979689995	0.087782662745868
-1.36256042880405	1.67329608531517
0.292589374603196	0.207667984112258
-1.67895920657412	1.73622739439872
-0.821918822257246	0.727365771162386
-1.11078702051444	0.936793695543589
-0.913574195803921	0.655589968455315
-0.367760880133601	0.278416857474939
-1.064536880054	1.37262855517637
0.252661922748267	0.189305897982478
0.280383564077161	0.211026188181413
0.0626531615274343	0.0381287275332702
-0.71930311562666	0.520899384510377
-0.477188261689498	0.402740490529051
-1.26159154225308	1.41659507965113
-1.22572170046294	0.933121026989764
-1.7681936176253	1.49688971452158
-0.380225877091553	0.356480899008069
-1.62090539093365	2.81456651645987
-0.593183772632223	0.438756200092489
0.327838031329885	0.163509557011841
-1.35703824556912	0.892303660231401
-0.107158903883426	0.0450523021039533
-0.203615068863052	0.100514134291113
0.168328655591558	0.0693015424005971
-0.436278362379933	0.198894114610587
-0.59276704176949	0.438898931650994
-1.62031509350896	1.27330340864585
-0.752140990424932	0.487634974568473
-0.740713218798099	0.5423675453962
0.694790968301988	0.441674731918113
-0.819427448150678	0.834908581840304
-0.55484719030985	0.469090985594848
-0.281095450381644	0.243815626932416
-0.0488219774808277	0.0366334807497026
-1.17291196978041	1.03220887300313
-0.65487599037461	0.456611495113095
0.219370644601415	0.146008894551028
-0.501157729106296	0.340434219374801
-0.417116528624252	0.241481253390019
-0.152424728158666	0.106613806540346
-1.52393852392612	1.64413001286743
-0.585675596564851	0.41507102379569
0.00419976788215166	0.00272520191026571
-0.711705568171176	0.571390785711934
0.979630063851647	1.13912962934264
0.268365860236932	0.201895042618178
-0.803259711836503	0.534084204296816
-0.345521063078215	0.257411803497169
-0.120292818294006	0.0669173417723866
-0.412941285930083	0.236342063656739
-0.380727294007917	0.311582158921838
-0.0295712913091026	0.0155913793661789
-0.182701081292928	0.122537526161104
-0.504565109921435	0.407094783148063
-1.39944161306318	1.1940034868638
-1.02287299243167	0.811410461888398
1.05372628386083	1.16142153345476
0.201322455272606	0.126329092281969
0.272204270708921	0.165087490211364
-0.397846563861598	0.316802414293452
-0.0330703638553262	0.01728778005717
-0.955981127370578	1.01561484713532
0.385556156736914	0.32802116236029
0.251620083253566	0.206229180842321
-0.800111181284645	0.924478362818762
0.408658782393274	0.334340555207276
0.705662621620252	0.548510831433639
0.0296065710991223	0.0180321033420699
-0.708371168972422	0.567715120119673
0.00291187784578195	0.001832917704711
0.292871013305814	0.211450845543978
0.740459982676675	0.807843364788088
-0.366265938414447	0.247643029508968
-0.509750814467608	0.404688830297708
0.104641530563236	0.0712789292646513
1.12299857937599	1.24735023862052
-0.369666874915317	0.282210549929038
0.279846525869556	0.180546753905415
-0.694257902356989	0.693590141402009
-0.800807722488683	0.802344928952216
-1.3772107693432	1.53521525518303
0.726129654727012	0.667252247156969
-1.01628071353913	1.09121114645872
-0.961685188777176	0.907635848657648
-1.15506542633879	0.679789853633014
0.375728351023132	0.299342850496824
-0.191080781199089	0.109370864165953
-1.63697071031978	1.30428026816887
0.10022249949008	0.0523986937850658
-1.16203908205746	0.668085021904681
0.414696142260445	0.312600698337792
0.0535522862992233	0.0236374539274027
-0.164064180503861	0.101471239287668
-0.148716381347503	0.0781929044186375
0.177057014389641	0.079400042561229
-0.482255907881278	0.361668289191483
-0.310509641623494	0.148301823169944
-0.0246005341526865	0.0110131101683704
0.222828243359158	0.131092002824923
0.0918361116127352	0.0573660014330603
-0.626802140401407	0.364535471491446
-0.0187489793351908	0.00977994385282947
-0.558883238687339	0.68279689926479
-0.212707601049965	0.172669440804459
0.448904344373753	0.28156066790089
0.0340878121373891	0.0222002117555152
-1.21000322516483	1.58132130855077
-1.56250553528354	1.47939025194864
-1.56714054178336	1.45467591235082
-0.49579412601559	0.336672101316531
-1.21322834356505	0.847007153758873
-1.09873862737097	0.9068337052437
-2.13819592149776	1.63573294106944
-0.0329594673326299	0.0172676497832684
0.300703904176716	0.20521171100424
-1.61512576573764	1.27648357768667
-0.371737692061422	0.251423302713639
-0.536816096691357	0.419478468134649
-1.22498677007123	0.930942662208714
0.364075793835226	0.309678893927965
-0.954933153960675	0.813864173707462
0.0895701024270261	0.0463250513259941
-0.284969701352399	0.194070497304709
0.290866489497606	0.173977583715383
-1.0164036404898	0.901650045105806
0.0454466147087596	0.0251748224411024
-0.362698025914571	0.199269461661539
0.578063855864663	0.436365361298029
0.0977908375378388	0.0589978353005095
-1.2074503770904	1.06753073443433
-1.34868615041197	0.888948802015759
-1.14769189628428	0.809013254490624
0.136688949963837	0.0837293742166864
-0.627590246367736	0.470340522170808
0.751049374652167	0.745199246068969
-0.494119942395565	0.337227001486678
-0.173160352765718	0.120926446902665
-0.127997592616879	0.0849478418103231
-1.23022536075649	1.10569757604761
0.156578204094502	0.0880239657292603
-0.118453533861795	0.0823145068730112
0.0221128335336764	0.0150438245344086
0.772347929223341	0.701354665611053
1.03968933209684	1.34444546595814
-0.343878680215871	0.189885457492798
0.355143447455933	0.216856712273784
-0.0272148430154274	0.0186539635575315
0.265746817939096	0.166244439171454
0.612954157913638	0.533222275213196
-0.907011947727061	0.73435335362074
-0.376015440591944	0.232185002120835
0.321676998845891	0.269570976896054
-0.608233618595914	0.403214220936797
-0.225667966314791	0.146388876142423
-0.450188311534792	0.348757791495439
0.092427916195315	0.0611636084154263
0.0717239412761173	0.0499839362900265
-0.605505207654497	0.451085296261916
0.451687025154747	0.282572429076798
-0.187047493663303	0.0896668647841753
0.993162278689966	0.863587654643461
-3.23763075302678	1.26909461841585
-0.0259638038923894	0.0125790671019924
1.02501659948957	0.918230917794464
-0.808160905250252	0.465504560278205
0.0808983748587367	0.0355622405918629
0.22610062389999	0.112772094490604
-0.196756319183924	0.0861921957156433
-0.430254910843854	0.249343321020735
-0.708965043949956	0.3197226741116
0.848760745311937	0.584771296770499
0.0674977613407953	0.0286858971115576
-2.02122026450077	1.40056829100561
-0.650417328108364	0.335823331636158
0.0391296121793579	0.0173888911188524
-0.495212136706021	0.297251166998759
-0.219073171460041	0.14008384248903
-0.270198885199441	0.13855575875957
-0.949862439266915	0.595419863069825
0.153986068633373	0.0878972259102999
-0.973359430361364	1.53710324552437
-0.464266991018478	0.496785822368527
-0.00654468301127145	0.00390156345786575
-0.111098133345672	0.0803191958292471
-0.142993246618909	0.112561419118896
-1.36396503396326	1.53571980920509
-0.64617191588612	0.54648120494093
0.0613679519695215	0.0339671981294986
-0.410793013098643	0.261709982106123
-0.817631075200347	0.633125933479877
-0.0404851998390496	0.0239334762932821
-0.0637785934676574	0.0365018817242059
-0.406987589689372	0.279953826104744
-0.788995466080642	0.600093502059961
-0.100452672133226	0.0745571729163094
-1.28167167324528	1.20070084391975
-0.199139302735401	0.12667925773919
-1.17564731060477	1.04450835702115
-0.0499127708835459	0.0303785078363644
-2.0178665537678	2.5116073297466
0.0814020075109299	0.0426580936474306
-0.771567520059289	0.758725723628867
0.193227732763459	0.146206007897634
-0.199302441270195	0.125073389463892
-0.226109627539905	0.163436349866751
0.331409851802522	0.269147108000786
0.151177113435312	0.0793964297978393
0.16494842809372	0.106237144829047
-0.872894607599004	0.614559622747341
0.389407773002034	0.239509443723889
-0.485382296839547	0.379413163690831
0.107826038603931	0.0661800576734008
-0.196237199745908	0.124564283540972
-1.04381760871585	0.949418440858838
-0.79776603286976	0.802497285830144
-0.00390144431503231	0.00191892270662386
-0.286097341636493	0.150189412275222
0.255267090886563	0.139395077431871
-0.261293777327004	0.182352203467564
0.21502273724974	0.173304194733171
0.791219386020389	0.71583939315801
-0.121249950537265	0.0868156028321093
0.476366821217745	0.387046828983548
-0.109484374033764	0.0656534122729611
-0.26878744240472	0.216744017515589
0.358504041770441	0.252423025484763
0.338453127252154	0.237605149329344
-1.00870767100139	0.783832484076297
0.268765813320255	0.197240608207822
-0.00301286363406206	0.00219707224408731
0.207564677384372	0.129105668552796
-0.240784299288587	0.158389618266936
-0.0378138006168513	0.0166010376951203
-0.0704548292494737	0.0483428889204591
-0.215611084150423	0.160592586487644
-2.14751367951576	2.33249030899445
0.0832330315938292	0.0516092095772868
0.537897620914787	0.376735907112566
-0.0427943504657812	0.022089774243221
-0.0308161756461446	0.0136155875751032
0.519657293278423	0.277624892666782
-1.05949095030915	0.705864984796599
0.527686246519406	0.393498714030457
-0.00783365731912632	0.00410898556773837
-0.0316331777609662	0.0168140558332087
-0.629207385312905	0.515501808615424
-0.225518004635679	0.127170182382605
-0.913298437724076	0.667134903397984
0.451616915031663	0.283755048682286
-0.17912772755479	0.0864935053244476
-0.92874779665734	0.674195314792002
0.0173498856884127	0.00906430170431779
0.537132853128384	0.349885184863839
-0.202784871277615	0.202084701821241
-0.574477229205881	0.548003643586386
-0.490473578631354	0.393241015166242
-0.508052363638931	0.553912188857627
-0.335036724153375	0.275260624316555
0.00112144221723318	0.000856650886227732
0.21591859138495	0.20211170528677
-1.48066288572191	1.6094790091966
0.0287531272495107	0.016516050360951
-1.32793022504416	1.26685622561329
0.487287047248888	0.400074924134261
0.404552245871628	0.331917550382678
0.0993912422479527	0.0597437553979948
-0.177815449474352	0.129804465884032
-0.232746960416272	0.169604697557483
0.268791176540004	0.216510289566572
-0.124367637809458	0.0870383041571042
-2.11641762881189	1.62761404027344
-1.3290592589953	1.26468668490928
-0.579178459142409	0.372026225971366
-0.121600929929213	0.0616484103296661
-1.74045771234007	1.41938939020962
0.1478721604298	0.118382118410237
0.280080684954824	0.190597467798004
0.156306640336016	0.106907780088382
0.167794747845101	0.132466956525585
1.04783353441366	0.799724942008506
-0.0179392299747924	0.00891272312727353
-0.0634216865365787	0.0422896759148832
0.282462754387633	0.194883668590794
-0.0761958442679743	0.049254999745934
1.22327293011299	1.33385072771757
0.224604010206644	0.141463073005986
0.015368838512377	0.00809701455654677
-0.181627697296274	0.141747993592803
0.457067373226856	0.375614905740338
0.287394512424903	0.187413224956922
0.504944226034562	0.502084384038186
0.288717854111403	0.228490437448819
-0.545158914787284	0.489554105465074
-0.0299298754031123	0.020170840912579
0.223526155048423	0.179194157238289
0.264863816189926	0.189896613784344
0.560829801326012	0.50331178152017
-1.0985252447867	1.04207668136147
0.432822611411956	0.40969532096664
0.413904920000956	0.385286892224654
-0.817797472550071	0.764089920446345
-0.373497703339205	0.348955712986192
0.303317437897545	0.255825749055965
-0.144016919421975	0.0931974253350739
-0.498557441652543	0.359665086334918
0.259766513500297	0.233390530346099
-0.376010650365061	0.326816585055126
0.316057620287676	0.215309684238606
-0.454299339928118	0.355196518094628
-0.0710272679408226	0.0468485933360369
0.0739600233875701	0.0454588390850624
-0.265080399615623	0.135189803014079
0.546762180077	0.349340261460103
0.350571853774735	0.199285116950128
0.372902783103508	0.228602624808999
-0.234510519212122	0.130057211270647
0.0243062438010969	0.01253354493791
-0.32360764767749	0.175157217469552
-0.0440593447251229	0.0261049246451314
-0.432242669767305	0.249598773559803
-0.967384237353736	0.503480585514688
1.00724369666273	0.896816913250228
0.545227861053423	0.380480433094055
0.47197632452659	0.387363797873495
-0.323544281100976	0.436419655278795
-0.748227923012389	1.13255248357035
-0.75932654705904	1.52466086452436
-0.945653318162659	1.6253173382833
-0.435731870130852	0.459998290417514
0.356584392528926	0.338724301347753
-0.662382996425543	0.682147304414857
-0.403102533084857	0.403599854088516
0.112048714599642	0.0710107049710507
-0.882669341018971	1.00823549863764
0.638781551325891	0.707468734003999
-0.975920461443737	1.04486788637278
-0.0999142144089376	0.0628276618698285
-0.859958175704267	0.686026005017471
0.456019197551517	0.351095994583975
0.716922612964969	0.602149194777574
0.102823955904971	0.0608549964738841
-0.181648866365129	0.138663393088827
-0.576843590200571	0.513481883617651
-0.574741659427437	0.480322446235648
-0.499292536943215	0.33789707538519
-0.360752423453612	0.274174609885693
-0.469738733582684	0.41828465231527
0.334769752290151	0.188704764716382
0.152807252157096	0.114058122339898
-0.0424443310327648	0.0263952510636004
0.419414431899288	0.321235821956559
-0.990845504481538	1.22435040464949
-0.00976133430732991	0.00630874380074603
0.197719089635086	0.144613454267929
-0.246178566642581	0.138698962576173
-0.216504132530612	0.155060252738426
-0.0978299642700262	0.0608233244038454
0.95588528433026	1.09410241057929
-0.07147361167288	0.0545965167566298
0.302849463285274	0.237080554942762
-0.220752879491274	0.141314961194916
-0.432187437238637	0.411037549488086
-0.873329854815447	0.709436158827527
-0.369759767396141	0.287446663529919
-0.0284501500660265	0.0149387559051391
0.0285439975261577	0.0184057230554685
0.887177884661526	0.915193244533438
1.0591115002252	1.14033276633663
0.0727980921436051	0.0518170005858456
0.845800846687131	1.06432801642195
-0.429413795355794	0.367195888068639
0.764020654143011	0.794004095080845
0.436769084331833	0.347000558831713
0.921237813335923	1.21360146377835
0.788274821858086	0.794099038714351
0.296842522992762	0.211177413548308
-0.524404390451624	0.538356856848128
-0.735850327974068	0.608547395153989
-0.322976653392241	0.26431145173578
-1.232546471155	1.41586757806144
-0.34188310352775	0.257761272938681
-1.05045830706137	1.1754920623867
0.0965009728028723	0.0683404482819306
0.819233486413973	0.924677770943886
0.624300503244454	0.508274225106621
0.439959866220176	0.301114489585838
-0.515828422554813	0.276299202320524
0.929098016380985	0.336579673091412
0.190086551966925	0.111356986274474
0.960405991310332	0.968669036954728
-0.501822255628124	0.290692840326363
-0.479463049738772	0.255493219517071
0.101797178898825	0.049120076895573
0.174765532546035	0.0995613239517722
-0.870507820579294	0.604439303782482
-1.42422975654287	0.986923933863188
-0.16655395983685	0.103960426702524
-0.801668753735116	0.449399260932253
-0.900734370918456	1.36479406349011
-1.00127174009488	1.2545728493825
-0.752165304427434	0.745778212716713
-0.436716240019895	0.440100855804625
-1.19174064320031	1.03798430794251
-0.443644526745929	0.380570781962859
-0.447942058226732	0.460032865237612
-0.663986264350065	0.591562216233516
0.293774961574894	0.203874436181951
-0.409979839517822	0.237050378002503
-1.06897351051489	0.872636676642359
-1.0872958942602	0.741315365858007
-2.75255973980215	2.95640687871641
0.239461363536062	0.151099746570697
0.789100306084721	0.866947230999253
-0.479905812485318	0.423224965560089
0.085963819181634	0.0511265907407569
-0.424881058191908	0.296240080657951
-0.160949640839912	0.109041416701224
-1.2941404021296	1.42154847733629
0.952100679771961	0.900244608418448
0.450654584600295	0.261964443924405
0.871000813778086	0.855245307156575
-0.305890961850424	0.20634073365292
-0.500321774135129	0.340827294268252
0.752958449180206	0.790337778382526
1.60078405914286	1.72991645608559
0.533033629522159	0.450044080248322
1.0613504152743	1.14389418274108
1.17187485214512	1.50878885553847
0.718311957357033	0.609372234026339
0.840394938162179	1.00196217506836
0.452487840021635	0.497239811173371
0.539851604253917	0.497036217131402
0.560236170945717	0.550759490065929
-0.424796617857147	0.409438670939046
-0.499686229433665	0.346182881276243
-0.353017352200288	0.25512319479982
-0.885628985694594	0.719711296388079
-0.853758197627942	1.02224611198564
-0.580036634286173	0.480549544509579
-0.0507406246025611	0.0262946191280745
-0.777861018211059	0.65503819298051
0.895332336841098	1.06078278111115
0.754557317013344	1.05000528765007
0.758933076046066	0.840469972897101
1.07445997382284	1.66867987482764
0.275345127315469	0.199388153011149
0.865388069390704	0.702718041646214
0.328639030617286	0.272122625929184
0.746950551640298	0.635504435521781
0.687636421403246	0.725461500464678
0.0237117973837476	0.0140958767909253
-0.147028681384315	0.0953275985426029
-1.06775344069953	0.734840789977924
-0.26492662042627	0.200756897364217
-0.172447682135996	0.0933386145034864
-0.161784491867478	0.0869219673016212
0.804344915071685	0.599078246707063
0.433216020607475	0.27334925739221
-0.479061505591172	0.260743810385371
0.410266158536565	0.365528854642199
-0.249723279218681	0.16502454828908
0.388873769719343	0.275418612319862
1.0043507939947	0.894895780126183
-0.215160476338789	0.122647692010906
-0.487734177570291	0.262096508690498
-0.453496327049173	0.269352650290373
-1.73853097595682	1.46070787636035
-1.00039909781377	0.654304273112633
0.0928898214340309	0.0484345609915732
0.0221964000237807	0.0128644271453863
-1.52883281056479	1.12858232869577
-1.00060672332253	0.651763386333672
0.347755965786034	0.227676699407813
-0.475492758320631	0.685909965968963
-0.542396613394653	0.710011556262818
-0.504607372087094	0.557147255745824
0.016182875644556	0.0104515386609752
0.176872786691428	0.133954716062899
0.156024992156404	0.124475798788926
-0.459920890154397	0.276881410084744
0.322387817515551	0.252889889580562
-0.437208896593783	0.356807953019638
0.537268890383282	0.348487724115957
-0.537946899271379	0.296613390117609
-0.228674688366102	0.100877679351805
0.205243508859943	0.101480809545702
-2.17166311842897	1.74522229116267
-0.487852359929908	0.294289106011916
0.181315127624435	0.118015039288221
0.106009455329475	0.0550341039962598
0.186656147815717	0.11275037173925
-0.0313323498318217	0.018779465287685
-0.233248129010743	0.160400393202635
-0.107702858393056	0.076934991168005
-0.428654313111112	0.27544588698312
-0.0573401984203335	0.0296244663534581
0.359345897338023	0.252937103148824
0.863061286324445	0.688601878257168
-0.0945371559316286	0.0470716295682636
-0.327991433584954	0.139966178869782
0.170236540287366	0.112163241313995
-0.239946981660776	0.135393395007537
-0.289609664110436	0.202949246019189
-0.251802435944387	0.192158500645383
-0.0110525690979437	0.00498997742434594
1.52892587394016	1.9703717702801
1.20518024771819	1.0255661488762
-0.284981128811312	0.164408774991029
0.296210926491663	0.178967836603631
0.553455252103372	0.463527091620702
0.566534192855419	0.592157020513661
-0.237009914297766	0.174457192948069
-0.136051676194661	0.0864572852553686
0.345591992992944	0.221468543081222
-0.0217563418075868	0.0130398358419686
-0.113531587045097	0.0528940924477051
-0.249026465622533	0.174707743490574
0.236398729493335	0.176431251300585
0.355069756829258	0.220956700049172
-0.769209959807392	0.579235274746212
0.431858869685998	0.42034834041256
1.11962108949159	1.46449170837528
1.24141693481313	1.48738970646546
0.404799753195753	0.325850019657069
0.640164000937743	0.384974961230956
0.334239676461621	0.23353201868814
0.272971724214444	0.164216297638044
0.197374154850321	0.123441366070536
-0.530067875418753	0.368912387428325
-0.186669669188549	0.100200369386919
-0.837374419550396	0.746740295052267
0.339926723968559	0.29972696563842
-1.07765077300433	0.734073193014046
0.281648720421757	0.12934548258176
-0.0732033898288627	0.0418152506932784
-0.549382419557664	0.306231182690901
-0.136516670836656	0.0565250684562571
0.272204618189432	0.148281687428304
-0.23701077758051	0.102668618725565
0.976912427167716	0.788490117937296
0.488022921899153	0.392177899838628
1.24894156062458	1.45238168874407
-0.414327611399998	0.210586298897047
1.0939858705104	0.696148680626377
-0.929450544256126	0.573677894238806
0.439321074194009	0.256358532996601
-0.109473075545232	0.0461805250984096
0.860565897818434	0.591679847914906
-0.525053479395223	0.358575329168732
-0.100603572651462	0.0673551454500771
-0.690304760258517	1.0091227834035
-0.0822568123752684	0.0641384047954091
-0.0703895922454058	0.0451102156621209
-0.918006567066589	0.992221090784604
-0.4675281186115	0.278776305252399
-0.0856439424756112	0.0489654916174898
0.886393216686117	0.868845859187728
0.264333022374202	0.186382196637912
-0.407329640059037	0.259667163445062
-0.25313541546215	0.129158582080386
0.0562316547500495	0.0267291848568085
0.530695870296196	0.396538505370474
-0.817744533631653	0.468230559736364
-0.624466911998299	0.367293880917759
0.40591278056164	0.231642097165788
-0.359180248617559	0.243692215614187
0.0326066991831311	0.01672074740648
0.278452210369567	0.168348625973065
0.517413679899692	0.388425288803121
-0.409261201091396	0.236835776531285
-1.34897974044064	1.10074249413429
-0.0379488782113234	0.0180942710527657
-1.33713747475195	1.25141790467319
-0.460444331193995	0.333649644713598
0.860707107130429	0.679155484460242
0.301026575276536	0.153846835093158
-0.821069936079341	0.462738518136364
0.242249554144778	0.141658961494956
-0.166639347429287	0.105417857887194
0.222128858963191	0.154122766928857
0.493811955876504	0.383747099279812
-0.716698386133714	0.516076428973126
0.951948894421445	0.966748981440532
-0.862924580534996	0.507200631323705
-0.0567744101834495	0.0346433899764288
0.460540265058593	0.395699635780065
0.456057460398988	0.266202281795507
0.719530740748591	0.605487088441076
0.210063660961166	0.10503558700061
-0.47782258107983	0.379956136582681
0.76820588123014	0.616573257109269
0.966573111864995	0.964303922538402
-0.308129410065559	0.197977645696569
-0.501693889899925	0.304290148078786
-0.388470283824955	0.287237506088486
0.822948693276907	0.691257408385247
-0.798786958876721	0.527145685191376
0.212624238173885	0.12532234699391
-0.96339838648613	0.714532188329662
-0.230456954179098	0.130613853386956
-0.111537412055537	0.0728073743501195
-0.88428915267562	0.528198878291595
0.506841453569304	0.374947730746653
0.152335019668113	0.0736210426976159
0.164772770205193	0.0740116883696574
2.55677434150955	1.47009869602302
-1.39565067904417	0.726042398144124
-0.540368925566792	0.263289281264784
0.32731902203429	0.183299815891232
-0.210181723631979	0.0921428752320153
-1.22287076623438	0.911319847480159
-0.31966856439266	0.190124856583663
0.612583406127239	0.307849459679613
-0.887950322498329	0.537393975060382
-0.605022613130357	0.353934021703916
-0.196177903653182	0.0966317632642443
-0.312073876295269	0.14991714844458
-0.871074612048076	0.513856737696167
-0.57183542940744	0.243840525951209
-0.68239771060415	0.424744680603713
-0.464757400083229	0.277677430414759
-0.564616527913921	0.400109549082806
-0.928298399244214	1.83932384931055
-1.05744814556602	2.41970813106481
-1.01360894184111	1.57292601033409
-1.39676359829445	1.81654338245258
-0.767152672732799	0.871075731247457
0.445662412957414	0.393910726781488
0.58145030797963	0.579979527511981
-0.612870245504608	0.501920421820622
-0.271733470753806	0.23045566546608
-0.592159203200473	0.436386827434019
0.64504585592317	0.393303055474696
0.541572096365514	0.348541796519547
-0.497538837033872	0.374900646335546
0.978428535384661	0.806123301830114
-0.246299685586078	0.161140887890188
-0.0284026284105558	0.0137649399480551
0.0644848238707251	0.0406372098766245
0.140622266813431	0.0944938056415227
0.197981165470177	0.14794409076292
0.403246885902242	0.316638371204557
-0.610344907212216	0.353737936200023
-0.387483399185159	0.192423499036018
0.762280842722596	0.608833826581014
0.138542132626627	0.0934568881274109
-0.202908440575842	0.13777441129202
1.60174401729	1.48147662345017
0.20965805337917	0.123489161698695
-0.596773965050833	0.337786823573562
0.122187811237153	0.069117876801297
0.0228452503973316	0.0138534338061669
-0.11451506771504	0.0804850885001658
-0.0406556358332035	0.0292056783596311
0.143078784840855	0.0880479280877363
-0.227991576089309	0.199515317690265
-0.560851059669679	0.496092623164995
-0.0203502788616592	0.00907173465431287
-0.365043263242658	0.246997814065369
0.639459241262864	0.587494730599461
0.454110285031023	0.328952125553835
0.261621736846073	0.207336524878499
-0.279845813195599	0.176988293057453
-0.931528176093469	0.577612391386849
0.429410679391465	0.398876251794189
-1.09631757635338	1.15790937931243
1.11800293751831	1.64733150429388
1.19819667081168	2.09842916745403
-0.21719096700551	0.17073565141009
-0.027468659705464	0.0144272774644779
0.944094978393385	0.755873523015484
0.0952380625007545	0.0769114156920792
0.267294227520511	0.192481269983001
0.104029427752869	0.0786849902200136
0.187589855511532	0.146586489517474
-0.535406044246887	0.473816488041195
-0.442642773969753	0.289611840339733
0.0411141283611644	0.0207158162710812
0.450703201654996	0.364096627320553
0.527513490184995	0.230318423165191
-0.327833957278197	0.139640605914504
-0.191275299230128	0.0944365543287475
1.49269066725239	1.11248180210785
0.0679157290484768	0.0292333938134987
0.447521256251529	0.300142193711162
-0.395608489267037	0.22061040093
0.364537701289267	0.261098751776225
0.00288945222478813	0.00188771517115464
0.0666933124868023	0.029296781689606
0.348052501678689	0.197293040658295
-0.0268003380579142	0.0127851762264935
-0.0502142829607518	0.0262694272734903
-0.412280382471619	0.237718093383502
-0.864080469534807	0.517422175878706
-0.25928337241142	0.175294917585279
-0.453918540086558	0.271176359427101
-0.670870768477884	0.565700558407784
0.0618069625464297	0.0269002948940294
-0.355461203277269	0.219638614632747
-0.89939909316597	0.814024895488136
0.468458176890084	0.360252242050554
-0.000942353721973381	0.000543511928813356
-0.807105553405907	1.45579343540588
-0.884424388632111	1.35368164070274
-0.60945264430533	0.627218985354428
-0.787700405146374	0.727822868690379
-0.177003102760891	0.139867654175353
-0.894492218606221	0.827774271513926
-0.0389248208484284	0.0270333861846546
0.091771447137999	0.0681318391503237
-0.390672729023388	0.306941902188073
-0.0543487559397385	0.0309565460381766
-1.84267640725499	1.22899137448217
-0.370226767531159	0.246150010786266
0.260047608197578	0.14401215698246
0.360480185944974	0.271521180984864
-0.170124319632022	0.105857488690935
0.501900455836318	0.468515976994411
-0.378900028321522	0.252391418968734
-0.512308543404568	0.384146549332236
-0.310410526648212	0.147718679934882
0.419778982390407	0.220590387397707
-0.851553917906907	0.660326608403048
0.348367943682557	0.225861007546318
0.783599745259236	0.574774548566056
0.29426645999263	0.200349903071302
-0.418866970759615	0.244176541619249
0.704663570220116	0.709223554159655
-1.001804664639	1.07117936759873
0.436258475646982	0.41509362479229
0.25524361490567	0.177682974832926
-0.206202383586693	0.171828101130586
0.217598491558509	0.144416558716787
0.872251824803309	0.938988834712097
-0.0576573536375102	0.0301794810551968
0.777890343355419	0.815830653432725
0.691678686695966	0.736519105273767
1.00605244138688	1.18088024727312
-1.612542856218	1.24829591649814
-0.151172895870732	0.0951543652994352
0.771846723403309	0.611466190520764
0.546803311790752	0.478425908360765
-0.630925977359454	0.526985070593276
0.701119041137306	0.6586094674792
0.021964438364712	0.0112070924932673
-0.115624904343007	0.0691969491487931
0.000122038083422774	0.000723535976192216
-0.229560724866638	0.19118092307093
-0.0246070321038427	0.0147132328436196
0.279613001997419	0.243338141663289
0.386108669236787	0.316252962093779
0.114764074334523	0.0727035264530548
0.472411106715733	0.418420771154122
-0.556946246133138	0.314558795994387
0.550543913817482	0.453314949851883
-0.617666403371643	0.363728556059054
-0.821716298996881	0.474502564054765
0.415888497704884	0.196985479391363
0.874795501153507	0.793933074295184
-1.05080969274362	0.705532405757868
-0.354170751989112	0.18976432388829
0.117234903834449	0.0693204962524341
-0.182376462082011	0.0969815745851157
-0.460528557469769	0.271201526530797
0.649183469671924	0.537105928613861
-0.346276751975898	0.202473634039922
-0.162624929552985	0.0947521982438549
0.537628511924914	0.314066599136816
-1.06661334094688	0.69945662574043
0.0789587463697239	0.0343339187670863
-0.737529279600341	0.397912432216949
0.634989207423923	0.412215176317443
-2.12074531790575	1.65285630946355
0.123267743222486	0.077827729185657
-0.303308204229289	0.209060022477246
-1.28482435290365	1.38047513665573
0.997415708002361	0.89303700959949
-0.369823138662284	0.231870745532865
-0.432153441418797	0.281891761017607
0.0694270783293378	0.0433933243609438
-0.480029524673925	0.649986987060847
-0.378042448996103	0.344115732317733
-0.0309016897623141	0.0199927715145676
-0.560825665090859	0.585705084309293
-0.437058989690402	0.38860327931927
0.895981806172095	0.985030399829683
-0.652634695683411	0.441750438988556
0.10973773668903	0.0696184817043462
-0.174203666679176	0.091819150936287
0.572452602597228	0.536345867655602
-0.638436611140941	0.44175440927578
0.480569492922598	0.368960382688707
-0.14724699486948	0.105209453397026
-1.9881079872129	1.96246783450785
-0.039163554785553	0.0243482457660526
0.281066818843679	0.164095292012918
0.391502330293446	0.356891025410455
0.422565527585944	0.304670516728433
1.21844910571189	1.11065206655066
-1.16682808823094	0.85093000353062
1.34763014374033	1.65525443913084
0.000662877886568603	0.000396233113000561
0.753743937726048	0.910332835052177
0.361000859224813	0.304005717251973
0.631524863328584	0.53652742985568
0.420368566403462	0.237436151896978
0.539672224840743	0.510173435155232
0.801997495377837	0.845046314871203
-0.0142485778016252	0.00946673470579385
0.128530803825548	0.0732285317723884
0.951528140852001	1.13752470112236
0.687296207645993	0.607254124596675
0.123227728619472	0.102324110389582
0.152037220946043	0.115739513971854
0.343070003191782	0.298858272125983
1.09364318151266	1.23274910944833
0.532037606480513	0.505803428100927
0.970832493425326	1.06149666351506
-0.386835405466483	0.311168246980758
0.430199910613027	0.372895722124498
0.142955178334083	0.0965920024373159
0.291289066261026	0.243538827346542
-0.769332148201778	0.782731125817986
0.036093101900036	0.0220443710626487
-0.848945762619567	0.754541855136016
-0.0253368746872117	0.0151319991484322
1.15236259220283	1.28637518881346
-0.946337863482012	0.59849188333996
-0.577447323214184	0.28087267504737
0.140496632584055	0.0679663023710655
-0.400702229744523	0.206147826068122
-0.596273597959378	0.384562945953262
0.221731286666702	0.110675644837286
-0.203614880008125	0.128920147100665
0.566028666794506	0.458540858859002
-0.399700160176705	0.229365560940991
-0.214482251471526	0.118537699747743
0.327358510609639	0.251586673382674
0.0822876578307021	0.0424479490217122
0.338025995101329	0.235202653281242
-0.264252514573014	0.136601943747379
-0.546337763664866	0.306700233496192
0.46335184814669	0.266299984639986
-0.64552909150866	0.334913706147875
0.641038139633074	0.383764407321381
-0.0787394691908604	0.0396419138645683
-0.9202222320736	0.677308902349431
-0.387236438117302	0.21798960920033
0.15693951470008	0.0696636871041303
0.251694917305197	0.162169679617263
-0.537328031700549	0.412397332842347
-0.305964515802765	0.236875014136368
0.00262290042853951	0.00147730611054623
-0.384195734922634	0.296469531602845
-0.516794876740205	0.417110103287271
-0.0658224045399922	0.0374613005878118
-0.418252698061256	0.267816001109731
0.214742898628082	0.135881195093403
-0.112266890375446	0.0619168300719541
0.155469836247667	0.089139695605442
-1.46218889081686	1.29502875606246
0.197399347220365	0.148972308934641
-0.815362036672553	0.878536143506021
-0.05445032361	0.0320736413086926
-0.0844316703654584	0.0515559028638116
-0.144742825286505	0.0823610932233355
-0.704525362696282	0.510212626807251
-0.217951933582655	0.158316579281874
0.343571815023655	0.254410059186569
-0.534036815232671	0.37206146861182
-0.0960256803508417	0.0630773829819861
0.741475073761899	0.503987360264295
0.579368905313968	0.45496806354472
-0.61425922079665	0.408382067875573
1.00807141649508	0.885428987356376
-0.14857331518921	0.100921658777103
0.165190685597896	0.108327582744052
0.681881773164205	0.750610027132365
-0.0534589973114628	0.0306491213776338
0.304673715282695	0.233740707079762
0.00245805392232909	0.00158744433576257
0.349502171346161	0.239544304100565
-0.203322755709577	0.153326095929035
0.466080493204381	0.294618416737432
-0.105727952448158	0.069024198460287
-0.555077957278887	0.425570983052331
-0.445493582215353	0.342147943529374
0.29696795431526	0.191898636462204
-0.497268775205536	0.265140090381882
1.01416280754777	0.906475248457357
-1.49443145571671	0.80586124476454
-1.07269250744985	0.594837627943024
-0.733680783539331	0.403099028054979
-0.0323393003012166	0.0172138252485261
0.685095540974244	0.592911738977495
0.0157217264454939	0.00886482967597183
-1.68533249485917	1.34871184841704
0.28587355912186	0.197237088497175
-0.112044338088685	0.0510328458893369
-0.591954369308924	0.428638903579377
0.160440944403492	0.122211135955963
-0.169767327511797	0.0896500796918739
-0.652338738470936	0.453546842868339
-1.1317506051144	0.971208382314264
-1.13019321180778	0.638186953850944
-0.986248891349299	0.739253198751479
0.425525656131078	0.223689501188498
-0.0276690222198659	0.0146276984038807
0.443640666714036	0.27954929206345
-1.67019041605062	1.34262540151798
-1.56129758351315	1.45528142489019
0.1057272258892	0.0561846479342523
-1.94566164469534	1.85589272921966
-0.868979822195358	0.617971123271131
-0.339933055074828	0.222336286065197
-0.91703323472411	0.657420601303317
-1.07908468516732	1.31675979654034
-0.33305732761847	0.253063682596603
0.636528096612656	0.418334159683704
0.218902218624335	0.128713616167708
-1.37519618479949	1.17513806167644
-1.00226671636547	0.656913385136397
-0.345619656791637	0.223928128400945
0.693909506265003	0.540022305083669
-0.425178985929082	0.243064166859711
-0.103744279542308	0.0527461145212538
0.169713483765815	0.0915581500470199
-0.193027768739849	0.127744951828063
0.671292297069473	0.70482665733136
0.366578656444051	0.25882054772529
0.0616306823676408	0.0362873805297516
-0.169810411898161	0.0981496994700222
-0.158152916298093	0.0911233009647421
0.0795483368318267	0.0474820043693832
0.74397342764086	0.722308657047235
0.37200754817591	0.228800837412957
-0.0931313374692973	0.0515070710851247
0.230511606247758	0.169506798698012
0.591299172506234	0.412860314425045
-1.86584632559064	1.67948325922463
-0.544024286017903	0.499911517632634
-0.306865539626571	0.222915486462747
-0.263106399524898	0.174671518142246
-1.37407062230055	1.53838428003797
-0.538066585404575	0.442780265118465
-0.456735987086244	0.2408060203034
-0.176483601633412	0.0865843887299281
-0.31922097947192	0.151828294181461
0.221695007070428	0.110514422740312
0.0353856610227724	0.0169115021005162
-0.199912588019206	0.11469942980298
0.702987018689681	0.524662651322016
-0.527589693896727	0.334863427799726
-1.14113563819705	0.811581912672715
-0.46725197256594	0.210592036336741
-0.563470595761282	0.439791091604419
-0.593095852824331	0.611266776120052
-0.429501267869746	0.304704976159511
-0.618379091977956	0.357252576624352
-0.74866750203424	0.612913058019627
-2.45256859174442	2.33482311157187
0.592942572395562	0.412411307257677
0.969383863169223	0.66959200451705
-1.58645942148604	1.22583255457496
0.0531964823442193	0.0246158337027913
-0.268335976112737	0.139208375205597
0.34759645925557	0.195265370518349
-1.88676985325701	1.72293577835831
-1.1134549825664	0.777795846116585
-0.978066115083194	0.741963226152599
-0.56168876906014	0.272181980431332
-0.184624045650611	0.0913601048993817
-0.462056297548876	0.362825485725028
-0.731446088154355	0.644590601093969
-0.454001012057887	0.327109801984331
-0.410014958220967	0.237303202805217
-0.110748931449775	0.0606575857076032
-0.662608903811315	0.460504949696909
-0.282105549662554	0.147084863288161
-0.391549791400719	0.239964731562186
-0.140996330995576	0.0888198574526487
-0.148437586389884	0.0775810674394502
-0.178900178054039	0.103575588703606
0.467214759114583	0.337057449403029
0.172635486086392	0.0936320378709779
0.198957351964178	0.125521360685166
0.226226718000397	0.149988552328016
-0.0675676983658798	0.0381104829368278
0.52974645276985	0.313782430469219
-0.353749829001995	0.239100655655988
0.0146825705977175	0.00759616796171822
-0.549688367184847	0.464969718734385
0.352850418709018	0.295502977234784
-0.882373439613656	0.807904688855873
-0.382518669633671	0.279847480838903
-0.339711279866124	0.236358170319097
-1.64397817699185	1.2900892806415
-0.749009531769076	0.611049372926528
-0.452622430579858	0.321751500435497
0.382864592495472	0.255686840789746
0.834333023195586	0.771703122427062
-1.22885831559684	0.922671359709001
-0.458520925331509	0.299641221900908
0.845232500435115	0.781493554090816
0.062755120550435	0.0275760707377259
-1.68425888661202	1.03006206398491
1.12721448224281	0.796401866449002
-0.00719658978299618	0.00234745240555633
-0.0529845717505209	0.0227858205188928
-1.30321425084564	0.987652839321916
0.537245827133659	0.29324279984689
-0.0144890772437524	0.00760967793622354
-0.315050321676362	0.235414823844384
-0.331273150820926	0.19728118825686
-0.683882762327911	0.659091869190313
-0.653625551576941	0.594093205462325
-0.100455249967549	0.0471112465344495
-0.679503480618849	0.410367846175459
-0.308292665492435	0.182287883933167
-0.42028772096419	0.273567454357022
-0.520134954803203	0.327241406795683
-1.46312959240132	1.03117091962283
-1.23670887014677	0.752035884744469
0.824663840356582	0.563225648512094
0.191103966933783	0.110660617326203
-1.47755706599699	1.04967332811339
0.14604943927117	0.0822704253258314
-1.34631708782374	1.1096530190515
-1.8880639046837	1.7082038312226
-0.0390146412973469	0.0181549880228867
-0.611134629505399	0.410783601338938
0.379179036188884	0.25303261261786
-0.268637926060802	0.198521987652992
-0.405535258011935	0.207620250943844
-1.31481214555098	1.0349499264055
-0.551763436202226	0.423630597395537
-0.298447192613021	0.177289593240618
-0.0273797828874715	0.0177586782057666
-0.22574112919232	0.156053165628963
-0.900812000648915	0.978840326294987
-1.17216649002696	0.858231133208111
0.0359702552381123	0.0181936024462697
-1.39396604820128	1.33887940315783
-2.27019271205532	1.88698944191506
-0.464927214495775	0.387598698313401
-0.358112725983497	0.258914863295062
-0.686027527242804	0.586461633042165
-0.691504429113604	0.643108635990291
-0.688687637060909	0.476235468647078
0.407357439137499	0.350291744623237
-0.674704374457962	0.570980378824038
-0.679846060316938	0.416157036620734
0.11101814241847	0.0584674774216354
-0.533711841019056	0.439458173289401
-0.597250124048877	0.347510197295818
-0.475728394939325	0.344340196208549
-0.152401921395425	0.0780828608334041
-0.861058247635071	0.428074497742248
-0.174095670515093	0.115094461397204
-0.6539058077687	0.551066594352357
-0.2640482094867	0.13351307101623
-1.09741729568833	1.02173884318709
-0.135689821180642	0.0924151548027997
-0.401297789033019	0.292668462902449
-0.242963342554733	0.136728957569357
-0.03372404613076	0.01759767333222
-0.149941556906237	0.0974383596336899
-0.0578346432569149	0.0326837771020294
-0.405567629771712	0.232339077858626
0.0990128916225451	0.0557886102947387
-0.338566268338119	0.218328105570039
-0.0186859854413873	0.0119998980109017
-0.118226138665191	0.0698917737659722
0.276958065490143	0.1527064644795
0.0909422361434604	0.0572518292687671
-0.308142634946107	0.185133356187853
0.763303600871415	0.477209729538984
-0.190718041793119	0.119720224427201
-0.94608198432636	0.902689905514138
0.614572586191545	0.533123586322058
-0.110211882545175	0.0615558917919802
-1.21786282903632	0.912385301256375
-0.839601990244343	0.571907985778024
-1.53835804355828	1.682897393493
0.522415561188241	0.385961990203283
-0.611719303358913	0.39521052862826
-0.535320617662365	0.345028949123087
-0.380199269331206	0.34101491896097
0.384087309454077	0.300717913030414
-0.315646241683673	0.222690093522465
-0.228677512501967	0.182697040318953
-0.484319676018187	0.410509608185845
-1.01729336350681	0.675905180155089
-0.791566149124758	0.665346324401173
-0.313398959855405	0.216366716814966
-0.105649610843008	0.0629178496418656
-0.349458043186959	0.212034884889815
-0.933132088754996	0.754332787112774
0.542834251961621	0.342147524978979
-0.60036368169085	0.444058675377962
-0.610664081142042	0.340580354195055
-0.0889777680127434	0.0481609662307384
-0.609613610647272	0.700962850050811
-0.00896611527048309	0.00470697503482191
-0.980589307538802	0.73052220016237
-0.608215165490995	0.351414493955366
0.0495330614715227	0.0356285883271007
0.200213375403183	0.156503276684432
-1.32031204555761	1.2692123343695
-0.470036517923201	0.345082037846645
-0.262366678519735	0.21503063786232
-0.518695585112689	0.422908019204633
-0.0342889083435189	0.0205017685987277
0.0853012472491796	0.0547728367868833
0.280785890065245	0.178803388901003
-0.325173295055664	0.193695161576546
0.589576270255921	0.543287570013754
0.655925029739833	0.540565390743397
-0.203265358079184	0.13065352563914
-0.885321545558924	0.794367473427784
0.315417147609076	0.206006248507094
-0.630991081193235	0.464021927882278
-0.640843013672542	0.53122111316403
-0.738319558737431	0.813187953325521
-0.54672546552998	0.482707832653636
-0.65189209120384	0.589646684159307
-1.05305020891412	0.574182338111813
-1.98447282759318	1.94050355346322
-0.237655052470729	0.133620960030888
0.5542432394171	0.549464840003757
-0.0528352437692501	0.0325491648623699
0.135532456498049	0.0856914687299136
-0.219413703651312	0.131915582980284
-0.628594412809309	0.361526139337581
0.0200132880818856	0.0122425656435151
0.265986901694073	0.146386590209698
0.00793434454793582	0.00505588384982215
-0.442049553788829	0.338690640960381
0.141882720747185	0.0952425298909219
-1.0420217023037	0.833136884498293
-1.42108801640462	1.64640262081889
-0.412556929957298	0.397575949893228
-0.0418002748670102	0.0269982296358846
-0.921515855693104	0.937679842914432
-0.783948189423376	0.662369036135214
-1.45131548723795	1.28966850677634
0.0494293633892044	0.0270766054675464
-1.1128275804988	0.926745185396386
-0.541431625373315	0.337384855342153
-0.35940281750982	0.217461055720233
0.0619730606572281	0.0402719069653693
-0.0268806962031556	0.0160343000681601
-0.259587669900533	0.193297534354006
0.366062368999398	0.243772528490744
-0.240848268567661	0.168270645341148
-1.33629000957452	0.852520551372363
0.451854007677419	0.36742557841085
-3.11753822633898	4.12039559880669
-1.33502429591078	1.32564675445032
0.370316677670497	0.260624637803683
-0.399871348366313	0.297752222677512
-0.243794981466892	0.17647571695866
-1.4752364086543	1.28559105057226
-1.33224889803807	1.30145996461093
-0.585584687271162	0.566727974889978
-0.888085032257963	0.811852183418478
-0.341728505668429	0.271522592747338
-0.686413609150645	0.417710063878874
-0.415941591726143	0.26301433900762
0.221761498315468	0.12950418138081
-0.572859701507231	0.361414009399886
-0.748091570568836	0.724149074083854
-0.0346472715986898	0.0184111582226903
-2.65936696828472	2.8365601248176
-0.740214857957119	0.594195990920747
0.131264348939173	0.0786226996275784
0.23639432349027	0.147239205446845
0.0587124553217816	0.0328817848580746
0.30525591125872	0.243859013382121
-0.164023724547316	0.0932085767699253
0.573092119640138	0.514094841925789
0.214834932207332	0.165190287035386
-0.105795310012834	0.0590511351633528
-0.383690398027569	0.238382623410156
-0.828469495380324	0.720105295806689
-0.520265219255057	0.429293684957707
-0.279682488096216	0.221439235661707
-0.7906488869103	0.787425622666452
-0.654897490460191	0.583974234873945
-0.053093646047963	0.0304486988847673
-0.743128081863169	0.590287229790529
-0.648224306027287	0.448413252934462
-0.804922515555905	0.874479866921442
-0.467755604848983	0.406603386746466
-0.290671431496114	0.212346379356373
-0.0753152049538839	0.052285562727099
0.907298925783751	0.838406815729832
-0.194466382376095	0.1297582559224
-0.119837698654944	0.0754638883176264
-0.562232872470595	0.536993955080568
0.191442204346555	0.102945019162323
-0.0778921040917384	0.0544307727970833
0.181803133475596	0.112552332125561
0.380778907868541	0.381551378961065
-0.83450691293819	0.72516631511594
-0.434810007459848	0.196945677945058
-0.206605051445107	0.137795281823127
-0.372874229349739	0.292776286311664
-0.0139211941672536	0.00849913627493655
0.151540589156014	0.0984821624023457
0.393747887844852	0.244503943068649
0.11798743692901	0.0927834946341314
-0.349957723716128	0.321654015669971
-0.273018785098357	0.172081750970375
-0.676044707534697	0.520870514026334
-0.132298979064	0.0799819731595726
0.360682517624496	0.238714797870283
-1.12162141156144	0.945485828223256
-0.57916857003036	0.528049322193124
-0.00660122990537587	0.00350780884615257
0.0506387407304879	0.0337437600140676
0.474458732156219	0.36225761785464
0.695504332686119	0.648461670134452
-0.757366259040283	0.670892661875199
-0.192562100738819	0.123121723326975
0.185445834714995	0.0985978269812938
-0.622058691011354	0.397290612306536
-0.291339125419419	0.223769204567657
0.782029253843152	0.770913995952175
-0.494104443172323	0.334545015879872
-0.406786710170338	0.235368662071485
-0.286389832464011	0.197015707012068
-1.62632783182752	1.27268926336907
-1.4573239126334	1.2835152021806
-0.402948558320919	0.302915209596459
-1.51874211486169	1.06979988001215
-1.42008135937568	0.964560683432744
-0.162750922588084	0.0946673208374291
-0.538695766606214	0.383860022374981
-0.788968948656008	0.582662799325827
-0.429473255625099	0.342889583042794
-1.57803661980348	1.20529912328208
-0.410697247633463	0.309937990751519
-0.536223350346846	0.381864419696188
-1.11085214565818	0.794902230873057
0.634865681197579	0.413443220509642
-0.704929181146057	0.488503917459226
0.305783718954699	0.155836773831732
-0.112289417558251	0.0469763749410412
-0.821063969880657	0.650656007653243
-0.644233621653605	0.449232008028774
-0.254112512987745	0.1322815904214
0.509364356442386	0.378039696625075
0.50878909668109	0.354557203978224
-1.44036469613829	1.23701614572604
-1.57659947595936	1.17858300748693
0.343381601142748	0.207903677634532
-0.223432813460433	0.152906603790833
-0.475692733118365	0.3803730964091
-0.570972328746391	0.368593548292659
0.703658540539922	0.566322572405424
0.685869161564343	0.61178630260844
0.639741161215669	0.581510451685358
-0.641139412443435	0.438745973807341
0.381058416106269	0.315152027137895
-0.534326537430666	0.372588354729956
-0.289690121439341	0.211598071978034
-0.266872194952895	0.178360233257916
-0.285480549828664	0.219683964791295
-0.259379329874595	0.210329405803233
-0.242403080433357	0.160660055999084
0.106039542226519	0.0706107112654054
-0.26849454152167	0.169140397179155
-0.822235969885072	0.712087309750049
-0.875567523703189	0.710545884706621
-0.890905792384612	1.0357554383042
-2.00935019427969	2.84922741154454
-0.910573769198874	0.927163727728585
-0.320319472443731	0.206684399189837
-0.11184450517321	0.0728659775946105
-0.244215586330019	0.139002476784888
0.037806293682398	0.0216889990387837
0.876411500219962	0.936390989258742
-0.128100939050998	0.0806982962045059
0.349383239355529	0.216039555551783
0.759114444695645	0.692674441388721
-0.224230257162268	0.168953381910006
-0.204034109888721	0.104878603298984
-0.730120755990224	0.469635085177893
-1.05991483136566	1.08835183602147
-0.00130459126635921	0.000458853692041114
-0.00818563384336198	0.00467436934547427
-0.372453571755024	0.22975154313635
-0.583079254535582	0.471114782521501
0.363908945268469	0.29517352914127
-0.296452809661413	0.249872022818248
0.0934028638885982	0.0557582383348697
-0.532388110521786	0.336609672261424
-0.33280505239628	0.220472662221889
-0.516475790813	0.391801280379423
-1.53478487381016	1.09186196470148
-2.00926855238247	1.44958885483503
0.28613694239807	0.204985660379131
0.0255235574220421	0.0176265152917354
1.01009790875378	1.34801273486741
-0.453728963628579	0.36852779806537
-0.224664286173456	0.144423331909113
0.345214608923733	0.240883523156309
0.292020651916601	0.187172086700118
0.0572362470266646	0.036954109262711
-0.933762795963863	0.689053202581544
0.0376588155019252	0.0211170254962517
0.436503143590133	0.347087895565889
-0.367890297570557	0.248834991936852
-1.03420084182876	0.769225572032241
-0.591739182286284	0.47403194333525
-1.64803966707432	1.62553818930183
0.0288920967511389	0.0165001864555527
-0.134511692850759	0.0910466710195667
-3.57278408824451	3.80690474271722
0.162682350324956	0.10549220306342
0.218602781399735	0.129380591183305
0.507141818045945	0.398671460811291
-1.74768089714431	1.47573292560851
-0.820084482720477	0.696124620467919
-0.212580218620545	0.154070574372791
-1.02094629343529	0.924579267818368
-0.203114670603999	0.152267165658591
-1.32721600596047	1.08784761621572
-0.0320459387347521	0.0154476913475711
-0.0207832099751052	0.00903345575165538
-0.13021111120536	0.060346093493856
0.282504071257015	0.156595741175425
-0.257535456743473	0.144648129639837
-0.886101420034721	0.527902963537206
-2.11707542572548	1.62112785674112
0.694637813937518	0.543481227531764
-0.340639163152912	0.186993119018621
0.150589800227118	0.0918191604996128
-0.813031926129234	0.463623168525779
0.113629858976656	0.063476887177285
-0.000986384579587946	0.000723711503006877
0.164478645964889	0.102194980902455
-0.174805761005878	0.108521727074076
0.0725572880087372	0.0490998857421291
-0.853510952445154	0.7603946815259
0.0275336479933967	0.0190794762645513
-0.381249700744391	0.26146722160099
0.0673609188690794	0.0456431615440033
-0.415096883905868	0.402518907703093
-0.59777813096341	0.44858925396321
-0.932267801006154	1.05488403406523
-0.15332242795187	0.105048741141946
-0.371136170298	0.355147971106561
-0.915407214509927	0.833907424391528
-0.680664722212552	0.532031095680753
-0.518130854568517	0.353226193911231
0.00289442587464451	0.0010499520595102
-0.751873069777455	0.748508437706623
-0.24942188927546	0.176450793090557
0.156040142064688	0.0959362200419277
0.625910477832075	0.543681656338414
-1.6236255639534	1.26497089841665
-0.953490221512565	0.899066298143907
-0.297155369754356	0.203631904780538
-1.21342215628984	1.20667114635681
-0.101725401755438	0.0518394795016875
-0.0559026036471304	0.0348554894859992
-0.514386053783216	0.438745465312782
0.0639858339364964	0.0392309888142459
0.348721025747215	0.258454096381518
-0.294748430734157	0.189094752204213
0.0881092159004453	0.0487207543068772
-1.02644840483468	1.02528052763401
0.194053625901296	0.139309616221225
0.196296330842384	0.146218949136443
0.22775698707796	0.145324988610676
-0.167196200523887	0.109191415840853
0.0332471520577055	0.018832053819749
0.0202770571195508	0.0122871145053018
0.0265561175113855	0.0151568719941826
0.178650461554328	0.120093564004428
0.408611633714622	0.313767975687088
-0.911564950919049	0.645481805399361
-3.21660781004647	2.8507201242199
-1.26884529768454	1.34070935235385
-1.03648962681607	1.16335026702991
0.423163141592755	0.323354205391372
0.239351607567	0.206818390309257
0.190541764135081	0.158281922081317
-0.692322701293551	0.54639955422291
-0.0126666822465949	0.00967887248972537
-0.251516749858452	0.162302839185823
0.108409418958338	0.0715656343453164
0.0851804247654352	0.0509001571900835
-0.0400835350962698	0.0238784568498127
0.828437746067546	0.821926157019473
0.550510553044484	0.482839776463734
1.4314621345534	1.89424312952641
0.0168746603290929	0.0102149769594631
-0.0153687154990592	0.0084740862307273
0.312846996598898	0.173988898011571
-0.338970968665824	0.187662905747618
0.495085896565982	0.336163842632369
-1.76786284956965	1.89040224433369
-0.237617087543115	0.134943217501417
-0.973351575413875	0.498739969529746
-0.439253408379882	0.199112658611611
-2.1893637870905	1.16885251507247
-0.215129542703113	0.105920223308502
-0.551474351085669	0.268946212899642
0.896585457788547	0.565704585703556
0.369983892936502	0.220336479436369
0.0596056073411161	0.0333468200010249
1.06209070575058	0.613929770357045
-1.35375573267104	0.903577929488543
-0.406651997691127	0.208146833319464
0.066060522048264	0.0327939762774777
-1.33845811903414	1.10592267139312
-2.81193631725348	1.92869941969647
-0.425489961475674	0.273270243620219
0.433666416108171	0.326347629952455
0.333728459590467	0.173439735366124
-0.330531747699963	0.0809413806785777
-2.59721293655328	1.65417745058294
-1.38876477444054	0.728350429700599
-0.729806261803003	0.336875955568158
-0.153335056115827	0.0595264648376941
0.218769428343131	0.0805207588053296
-0.329032277853876	0.15845471139851
0.598441351840473	0.383849617652121
-1.50957317891142	0.810270520901352
-0.160660904584272	0.0857381739863111
-0.103367922741435	0.0531111733914498
1.14344815135946	0.893020588470716
-0.198629707299433	0.097111450783286
-0.11422152285991	0.0722878369874936
-0.723285253359709	0.44747844678419
-0.824318456777938	0.555470281650773
-1.35101247640786	0.886303096059801
-1.0094405065653	0.766333621925089
0.180788876751421	0.0975770419428597
-0.0030123706504336	0.00168512267229231
0.218963050366696	0.110070470873739
-1.39814297474189	1.38462370930771
-0.330748406082955	0.179964030585617
-0.0121151240012002	0.00618958472676772
-0.0612314771089515	0.0414889461252225
-0.358396334841346	0.256462852135574
-0.262910909173338	0.175979851497845
0.44849188114433	0.21295282208611
0.324569896266437	0.178352866883855
-0.803014319583564	0.445996090852391
-1.75939008251123	1.50891142233653
-1.18054657408148	0.872027347353591
-1.07647025324212	0.723384429450329
-0.819196205566113	0.463603946118256
-1.13461234599344	0.792266004456942
-0.0229123474263483	0.0101325043233126
0.209857623100509	0.129207926911726
-1.49221543808297	0.805599167161281
-0.532412785329509	0.333962902448674
-1.51515684852068	1.63687465246123
-0.272722277202878	0.141898658875812
-0.604063169572967	0.446161129824782
-0.113024478649463	0.0708259643353309
-0.72393048899768	0.518286726419033
-1.39401231028559	1.59332045215349
-1.35792842542636	0.899261169115456
-0.0251862687673702	0.0111988905080955
0.15579226445022	0.106834997278035
-0.0740750878091199	0.0440263658381492
0.202409390393195	0.125480545558249
0.0618652857682517	0.0290392808280436
0.00764305972411996	0.0044381098418835
-0.754885703566193	0.475388592170731
-0.53054995065971	0.338200430562599
0.413544351893803	0.217668720155175
-0.720415578328645	0.328666202377615
0.437123977631386	0.276285092537911
-2.29706514604593	1.27323798761024
0.801275214874002	0.581500498875554
-0.70765690839831	0.374224905012936
-0.358406092516	0.239509212549941
-0.0397769039779259	0.0191839343378295
0.284563350761076	0.194885276059063
0.642005412572303	0.389756966044762
-0.876886462243936	0.526844716101174
0.355927307350661	0.218976635664522
-0.175744867720929	0.101304098575473
-0.765525668150437	0.573582962342887
-0.482922961594858	0.260306310885979
0.190214665931675	0.102999148327129
1.21842868614032	1.18875244865615
-0.218177893111804	0.140746891543999
0.357811884642954	0.30125409958411
0.94684646801243	0.785383817080305
-0.0923385014206663	0.0571655375691162
-0.317666658382851	0.264005266978479
-0.821749881987524	0.717355238012543
-0.736767808677391	0.405335012194155
-0.66005160158714	0.508741885805071
-0.686290064038331	0.472394926718432
0.160224508717017	0.0919114732017303
0.70692515963163	0.517506962976559
0.171817192803609	0.0931389152574278
0.135965904561795	0.0952092865840966
-0.465526771118633	0.374573344356059
-0.580075828407457	0.425704434976483
-0.144480722338015	0.0963264551488391
0.709560194225524	0.631277331534837
0.179981149912933	0.110740834429486
-0.988620646268344	0.840019017744557
-0.413159823234869	0.287247461637451
-0.510965860811526	0.466988979887778
-0.0862168636864217	0.043648714843323
0.13648248945912	0.05581192502055
-0.747525756653321	0.47978273099722
-0.305033496803821	0.180391840519171
-2.67656437438736	1.71918089890202
-0.447016131636627	0.203595589272541
1.00281570186315	0.75621551816461
1.03236569034111	0.842883827678111
0.325739657006191	0.13830926316608
0.545567599724753	0.383396893914901
0.920074739998106	0.581676053314479
-3.10424936402654	2.52646115773982
1.12003773933422	0.788465747364499
-0.726501033639883	0.531448720761532
-0.794299238077579	0.734973603750913
-1.46172511720075	1.54764145532751
-0.656043618528358	0.451806606163726
-0.310874313910393	0.21164797439557
0.558111361218457	0.410007848327057
-3.00016710171214	2.21328043455959
-1.33454903315639	1.63629855705651
0.18574132217181	0.138155936871247
0.0410204387803272	0.0309361528188463
0.102233085548334	0.0708483817217877
-0.134173881659788	0.0976783983425681
0.451244178468645	0.330747002445251
-0.581645677660953	0.496811066404976
0.178670711067337	0.133641571474749
-0.552923219249387	0.432524102263587
-1.52099006544827	1.63484719137026
0.0169193237049262	0.0087122158074899
-0.861983579844734	0.703529774036739
0.179722495644032	0.0947778139886332
-2.30026232910884	2.0055893816177
0.292087147258042	0.185771106967452
-0.170476628453091	0.115255884363098
-0.703622225602365	0.503668087561711
-1.22023184575682	1.08345605236641
-0.327414343570999	0.241116688998072
-0.544551254764945	0.421295121516371
-1.66826855081694	1.95558612749003
-1.11701835754775	0.784611374507632
-0.664165947030545	0.523989259266794
-0.487878983911346	0.391092099508169
-0.483939388663971	0.325671889721415
-1.50215989769667	1.56644546965712
-0.346096724375941	0.244861261183419
-0.137021194112057	0.110273870586783
0.320120495107512	0.217660448985378
-0.113288464676684	0.0583028025611244
-0.614742509103288	0.495201866216353
-0.141064493562713	0.085195794737626
-0.217013673148087	0.117034775876179
-0.225912178083905	0.136590199279499
0.0982840122013601	0.0514761630883585
0.594042314761173	0.450092683989026
0.173760705355258	0.106499521693688
0.447443986451581	0.296056672672132
0.436809604920911	0.326016333994207
-1.07363979017015	0.97532310071031
0.22433636904322	0.110899621888788
-0.974066304768239	0.50818094359327
-1.12873953143933	0.812321083963672
-0.463787142152489	0.306569380777849
0.0750946795012374	0.0447335741253211
-0.143864232473174	0.0878769877744598
-1.07874185045884	0.87541607652695
-0.100355462972406	0.0512686202099227
0.576897770568131	0.433626351935549
0.261100447128955	0.166033870042297
0.0227854477654682	0.0131557237814971
0.293056073333389	0.189974009032725
1.5041415553692	2.0434629400869
1.5728969376196	1.95562496014294
0.796338149206111	0.586630593417997
0.325846533113738	0.28075528214194
0.883534940754797	1.04310188452599
-0.438622331358014	0.398786486894688
-0.322102773744118	0.193319914804883
-0.452844729728477	0.270737606382464
-0.363872948954545	0.307316821216798
-0.409398053014535	0.342608600212525
-0.235981547496809	0.133613734007408
-0.107382187362471	0.0592870992384227
-0.17527089735799	0.0928225599091026
-0.362625838360343	0.225985677751186
0.296453192412765	0.201828541690595
-0.313421173481065	0.183386580349747
-0.380110965157815	0.259011816366727
0.106346381913023	0.0557902070027224
0.171097744756452	0.103895100279187
-0.732176991686447	0.401521014443838
1.04223236102397	0.853501882556794
-0.740176973053979	0.405428611460501
-1.27371541583635	0.793530163677762
-0.342228421712576	0.224856796228658
-1.36540607338775	1.32115396471105
-0.444339963751404	0.258394820726717
-0.312545130954735	0.149431832601847
-0.362337771558119	0.198812301229952
-0.196452684089369	0.129412556891838
0.262144881233198	0.153972755404735
0.520833224164721	0.356119906874546
-0.360518401834894	0.240826667694927
-0.55354766804792	0.468092083841268
-1.32929460313157	1.28749560810175
-0.057303829822241	0.0393831213247468
-0.0503134770309054	0.0288296494310938
-0.33538795135859	0.26632125208669
-0.0656905334362398	0.0368422201294671
0.0391144365269286	0.0305574724239444
-1.30820392249065	2.03145027891062
-0.898887766545547	1.15296133472195
-0.49109572637376	0.462233905353692
-0.966805124552739	1.02217480871566
-0.44511271231568	0.384862692518727
0.19729752726636	0.135481333500289
-0.539355839536952	0.514280054534089
0.00336998547225622	0.00300005619325571
-1.06258908167964	1.27970473217237
-0.849586759018327	0.588173546167734
0.339799207867771	0.263253610820728
-0.804391469670607	0.753032438324603
-0.96191689596224	0.718838804532608
-1.5759322460152	1.75371796047085
-0.975962245487262	0.943988749175464
-0.411321966693267	0.328819759673136
-1.07067157842918	0.984984671837482
-0.0982266789803191	0.0645564310801446
-0.950754051671859	0.808238524787159
-1.48103673751659	1.3507328363504
-1.306758699853	1.44038917789941
-0.344832244761936	0.273772386102158
-1.14501727868482	0.974259646750185
-2.23416996163468	2.49122225542792
-1.08697674046035	1.30398212326931
0.126851476253544	0.097654340193451
-0.71924679453414	0.79600221479206
-1.1713721328214	1.15271319526552
0.0813508820828859	0.0418836796178091
-0.330601434898513	0.294572726464162
-0.290206080472439	0.210147738941501
-0.534504776935841	0.340008649877148
-0.0700357672099231	0.0363122843395205
0.941602798414809	0.98386965825477
0.441320104847944	0.298395867193015
0.972870872630159	1.01608574892892
0.435202681937675	0.349976543360755
0.363957463283179	0.226280208305717
-0.0412554172363603	0.0180694099419309
-0.422086106719693	0.247202295733152
-0.859866704762853	0.547027109828671
-0.0821543347682385	0.0473851225951324
0.178618814741637	0.120392541457907
0.859506470037759	1.13498255401768
-0.139953184534272	0.0710208187047275
0.0787638371108441	0.0560133291587137
-0.237174773714477	0.133174538475854
-0.472076901252454	0.34403389888799
0.200852850841018	0.188562659602137
-1.2989724187023	1.02484960812958
0.353030763374474	0.245889216032714
0.551184454959926	0.509328668199785
0.41390427246277	0.359407776781859
1.01470278503005	0.965083395625712
0.0839606341307218	0.0549727817649538
-0.148580245681725	0.0967843973383459
-0.243536234272664	0.149425740704597
0.0210684447934822	0.011975318569228
0.268278008331714	0.193720857759639
-1.07101270529568	0.717745786843589
0.272994760809434	0.145814853000184
0.732770217647785	0.495410230080092
0.439611786077566	0.322520285405726
-0.934743152516795	0.863467004445754
-0.144483361353257	0.0827157349136821
-0.586234513279307	0.389532684706058
-0.354132732334828	0.250890435466534
0.233722110130611	0.148996101176578
-0.558523745849382	0.263777932725254
-0.869273004103392	0.423323764593895
-0.115377493819904	0.0542741819291907
-1.24260789033498	0.953667506357208
-0.574194020261103	0.37441381445746
0.421138174935589	0.244841826852115
-1.13054202863761	0.796338987247128
-0.605482932329577	0.493078595739274
-0.117544522134392	0.0652548799731051
-0.656028421426359	0.337330982192946
0.264856894798335	0.154938744937237
0.478036205376244	0.37017325383389
0.307047093799072	0.235598406350418
0.322461716957218	0.251326534446512
-0.784829531875186	0.594989783853498
-0.189382434763081	0.126226269870257
0.0990133120325256	0.0684221084430407
-0.699260351335964	0.549489560833533
0.219942284356915	0.167439443986371
-1.0821427878779	1.00055578690668
-0.945160759677352	1.02789808040088
-0.810558411863333	0.619529152654301
-0.566883415202173	0.512055816843599
-0.652214963327823	0.656712360132276
-0.45528934416959	0.434269119740477
-1.14444434611643	1.46392284809408
-0.19544780386971	0.144111809933022
-1.64868951157453	1.66770241093491
-1.88677167350144	1.7256140094588
-0.158203778503541	0.0908329263477209
-0.500731199635561	0.30648702376572
-0.692757957071413	0.489933508877661
-0.713283658133851	0.571088669662362
-1.36714330348403	1.52144022413793
-1.34061572635032	1.90268058761418
-0.86519460631079	0.99327493546819
-0.179536994304506	0.113454515866943
-0.829965461186892	0.475363437611401
-0.434893666650081	0.355847217381058
-0.678784634632856	0.63071632044431
-0.524535722203113	0.486012857910868
-0.802153366062319	0.539444979191616
-1.41486653825029	2.01057860002117
-0.249661102799829	0.151645077509888
-0.171028883576877	0.106523337683081
-1.65659403882304	2.27077733969119
-0.31554904736661	0.204305252941626
-0.181822649247129	0.120088124011239
-0.402793363246473	0.277769897540501
-0.386927421853135	0.304252978347452
-0.165983312683036	0.108775742753437
0.154574612238513	0.100504786277683
-1.61720089538281	1.55360015132096
-0.0128953903555579	0.00948137182177205
0.238919295133718	0.175577151396725
1.46894992821809	1.69668547106821
-0.327728366123203	0.210812450477014
-0.740324408147128	0.39952008401701
-0.255900160999491	0.156648230850539
0.597373436289364	0.383806338152245
0.0804109286803781	0.0416279121162154
-0.0984427804995491	0.0499329830804217
-0.825701789366203	0.790391682164033
0.657000900785335	0.494308069633985
-0.984882836626666	0.953322026462874
-1.28229883622963	0.995405183673193
-0.94012788401827	0.965544831981465
1.03041985635859	1.26451237743659
0.757904396271142	0.78631459717207
-0.697941191198484	0.610058987934637
0.0287476731875964	0.0163625608529548
0.736239706915262	0.775776315656909
0.07284824013749	0.0381787130205794
0.4857482265094	0.414370355070294
-0.0947150547623355	0.0484211170360082
-0.116661676180359	0.073296941394574
-0.0646093922604192	0.0334692778175803
0.0288108970363065	0.0173956544486014
0.185281989062403	0.100142571231743
0.233603447906637	0.155736196542093
-1.02507041355385	0.803736687352395
0.671593785275729	0.370404002312708
-0.646145996958401	0.329164146958439
-0.85392490929222	0.395792072454307
-1.07412475398752	0.595628645415561
0.119913145193373	0.0624197004776169
0.728671805521323	0.599614085221813
-0.310417708922029	0.182441609486042
0.92018293387292	0.79749906745106
-0.306987364539624	0.20450915691081
0.117615266425016	0.0734411808489358
-0.252944429062722	0.142795828905744
-0.686804404167286	0.42288865121706
0.23669464538017	0.164227321207476
0.342728408764774	0.290106028285096
-0.877020960719697	0.599942201077746
-0.335375427481457	0.181909874324471
-0.857043066437519	0.756740316374724
-0.793487864680695	0.650585990234667
-0.47785534015841	0.354862315236175
-0.466462478253646	0.279750334699881
-1.76564185988167	1.50449692449794
-0.220664824464235	0.160688113600139
-1.45171725927046	1.27589159190337
-0.239683114587786	0.166921274290808
0.39709847407936	0.294352893599788
-1.51929667030929	1.89819403991161
-0.469796409288331	0.347084284253685
-0.315424206126339	0.248510061267308
-3.25024784756113	2.89756581310435
-1.32312523114379	1.45095363281737
-0.557458310688396	0.315699802328036
-1.62025384328346	1.25148525432805
-1.24471656423644	1.09953948722441
-0.524677933363066	0.42973474094477
-0.75884510883338	0.677157164433353
0.160310269294876	0.0975499808991916
0.157709583171179	0.112448861738204
-0.223691729997173	0.123506100559032
-0.555327351284054	0.300876341783606
-0.342763984299578	0.300023124129468
-1.96543772142742	1.3628662569275
-1.18554728982623	1.13716498848423
-0.419151471266206	0.296298287143057
-0.860581128352266	0.698951065787454
0.0247600932097989	0.0168934283222748
-0.162009177599049	0.0987115702711985
0.0496782812653384	0.0219573286614414
-0.217821051577073	0.141005297673841
-0.363255673340853	0.223913486072209
-0.308195377413364	0.214596088703336
-0.285893038221846	0.208274485756781
0.177563467911168	0.126918974940421
0.450323501137912	0.309124172163758
-0.750778301680873	0.484132679047014
-0.175494097457451	0.0945169676838927
-0.101165403092819	0.0658710573107571
0.392449689490601	0.276533776480078
-0.732964830946752	0.402208466235445
-0.472217057426937	0.319469494604316
-0.109654447858965	0.0579463315184149
-1.56488873122762	1.17397840607401
-1.19279981370549	0.855086807504239
-0.557150129391276	0.433461165880633
-0.630325330097052	0.515216618231841
0.963037105611818	0.964634266739005
0.440653447585496	0.302718662543905
1.26782205889085	0.908228653502237
0.28655019322687	0.19841119236635
-0.755476957149456	0.748154827327638
-0.76682705830074	0.754593365178662
0.431498777085983	0.224679813864906
-0.185490704074305	0.115517942217204
0.439535630622586	0.368678141793891
0.295133648641999	0.20229670461087
-0.445091191162334	0.294321767921271
0.714756761666324	0.477662112930421
0.26640236132213	0.161157108202844
-0.268633708056857	0.17778709625838
0.360482302813614	0.234465332366629
-0.42059120117775	0.360406882416203
0.00623535746771256	0.00378280919298388
-1.03454345292979	1.01255777682372
-0.397920481391257	0.201574617656625
-0.0316309578507136	0.0149306033455206
-0.958572310262193	0.80671449620451
-0.335964814724572	0.184992818721367
-0.504576030447211	0.429840476460457
-0.414493339042992	0.264621764233667
-0.266487633631014	0.152225927733055
-1.45785966382346	1.28274270826658
-0.221604513785478	0.175972901324706
-1.97317721974767	1.95178899347474
-1.11568482229463	1.05737878657664
-0.810632331565945	0.54613382240848
-0.491389371936283	0.336311603765704
-0.592574307433566	0.393143753184665
0.0955229469274743	0.0527477442080063
-0.444520516787429	0.308578139366011
0.460383729323871	0.404589418469699
-0.180118763896594	0.0968632644633944
-0.498394819437681	0.404830381411396
0.124517204341836	0.0608873937792841
-0.594678858814423	0.435119947729063
-1.01680392457048	0.798893329597286
-0.415510264067159	0.314068357958158
0.111911144752871	0.0703619624833634
-0.287049594598235	0.207904969933338
-1.14484368542816	1.08428005177132
-1.61028167344733	1.82261317053704
-0.42049161468834	0.298004466819993
-0.803272870157846	0.618171598570488
-1.14048357799567	0.964836662468451
-1.1711761160049	1.25195170728415
-0.364598163572311	0.227415209758863
-1.36718754892026	0.900116420871022
-1.7246599099172	1.35990291103775
-1.1812992654318	0.841558143440138
0.538774641371244	0.346146480341028
0.59889518028987	0.508965846916388
-0.273446972192825	0.140397420084395
-0.77782035289225	0.647378146429921
0.134206865943971	0.08654905180179
-0.438593138550503	0.279617903433387
0.190461221259727	0.116373133606367
-0.188953614978347	0.102198109452125
-0.709203077794873	0.320447797676716
0.443891553333097	0.33950827533426
0.325478099175169	0.262574682002705
-0.402397973169097	0.277169837764016
-0.536749140973997	0.412499379113583
-0.400082318075335	0.371188945779052
-0.305269160835772	0.23516897624542
0.0680903280354031	0.0393726779977432
0.586856100082071	0.629451996335244
-1.02335058660832	1.20159036985205
-0.122167783754799	0.0671922391757098
0.216362908960315	0.135913761606589
-0.454168062575742	0.341703968556523
-1.11408223788998	0.94185001092062
-0.809404979605262	0.613188040757721
0.163987980966068	0.0872326790847542
-0.91192209204162	0.978306581600992
-0.792899632038446	0.826441578193082
0.193764899164307	0.144930222314885
0.447558441333882	0.298448833717052
-0.320711596230722	0.236966523066109
0.425433572835785	0.308271330288163
0.00422092111548492	0.00214831863923017
0.743847596249466	0.740175361623879
-0.231650085752929	0.129061895951904
-0.244941886156635	0.136825296005188
-0.0165875612843938	0.0113478574801038
-1.46633033462904	1.28742961621591
-1.23156995745535	1.13491312742067
-0.129782131895491	0.0775833088002025
-0.257797798533042	0.177059110023054
-0.202923476012671	0.143321678425191
-0.170441625998455	0.0903177163317886
-0.154364889670687	0.0996394782943063
0.19075247960313	0.137855610092073
-0.681175806295206	0.517562512699456
-1.70810378382003	1.72402216586946
0.0142620947261895	0.00825645133025942
-1.27293208564445	1.14127094782351
0.374506460843629	0.279594243590221
0.15451271347293	0.104270074771202
-0.579073892037367	0.440478811640973
-0.613107022010143	0.397208679113829
-0.38459195672124	0.241375802770748
-0.654442827377205	0.335022798183734
0.525376347251731	0.338259405584944
0.267453441063611	0.159431444766009
0.166239490017068	0.0959983979436787
-0.0187632148336701	0.010182694358244
-0.421886657661741	0.38620672401341
-0.595750170175654	0.443008526767388
-0.528211271595966	0.466325380893785
-0.421481250419425	0.291870411060299
-1.07334509091136	1.20899548295314
-0.170251926555626	0.137295704903562
-0.937118243793542	1.11777281171103
-1.4389297251967	1.24851940298199
-0.57379937417663	0.418888788010156
-0.452275370531022	0.348548801323915
-1.96986569436915	1.87672626711491
-0.665254598658692	0.466183636380321
-1.31863722276216	1.27105851839964
-0.261005415069867	0.175021963915089
-0.922400064832852	0.672627268412759
-0.466028720024959	0.310232861902766
0.109963729060141	0.0691138764745568
-0.309408590202534	0.130045691814002
0.0389016069727528	0.0244773543294529
-0.183507799483152	0.126498993191566
-0.498085144432922	0.334581599212983
-0.00798361691308143	0.00430430687652617
1.1389925807309	0.873908161569769
1.64443856654767	1.01104253467827
0.216831222553169	0.126450737689272
0.339520054639062	0.280321272818154
-0.378994796553392	0.295153071608752
0.43311895118808	0.439887530488336
-2.32052497226153	2.70478985836352
-1.62074444692846	2.29215528582146
-1.74544302295473	2.15282636671178
-0.656430675246815	0.560187715651288
-2.10360269387727	2.21637826299214
-1.2401884336191	1.43542795209896
-0.928247759496435	1.08427256361768
-1.00762731102227	0.992819180116837
-0.504111427263863	0.485082763472788
-2.94334571974605	3.54757537236433
-0.783170189770081	0.728450722930489
-1.6721327235309	2.24196206453384
-0.471345659262549	0.5157725462817
-1.15705798708726	1.34866739433414
-0.848325372233105	0.667112931822094
0.0487589316000685	0.0279261746137885
0.383116055614889	0.254958552129447
-2.95423296586648	2.24922949582472
-0.915190280031194	0.928978499911443
0.200143481298652	0.116517552420977
0.286128490176993	0.185263050365517
-0.864382623289974	0.990038364042435
0.66627026809081	0.53717618586693
1.4570806433419	1.54342542896532
0.376597693271007	0.248003182899789
-0.463811331141815	0.382030879926774
-1.10543164425644	1.03943229107572
-0.283178836131432	0.250866627654073
-0.253467208833766	0.177232333705856
-0.340232522220689	0.297092441117885
-0.478054388395375	0.418463259065429
-0.250132882715226	0.155088940691021
-0.369680915202126	0.348490098552161
-1.02437182574785	0.766394464600539
-1.25667113664571	1.45557579086047
-0.368535131689615	0.201521925472907
1.08082159122951	0.885712604177854
-0.428153430732656	0.277422383956383
0.340361614447468	0.192676092410578
0.387636300497602	0.2859598752861
0.446509848982774	0.281302962497533
0.774162758600227	0.620841957039156
0.365695781732404	0.207087470034112
0.233700637141629	0.146513111480743
0.381994134382668	0.254612608112057
-0.398087110573408	0.228822540605613
-0.435254831760988	0.27807287258514
-1.09712287613521	1.05955305708281
-0.213172650576285	0.123117949363743
-1.47653455565849	1.55161408399035
-0.610106792943769	0.598550292693653
-1.40104454247563	2.13330844916662
-1.09683388832487	1.12848583144451
-0.176857996008265	0.122260560245116
-0.733018764319395	0.70007795355311
1.05892598529894	1.26339865226266
-0.558471383384524	0.351487483644108
-0.717545487478102	0.518863572842998
-1.02753451809847	0.638093362918102
0.924615299706449	0.812795515982735
1.34293664659784	1.35297257622433
-0.275333340943762	0.185982735394025
-0.331621261497617	0.140294396559022
-0.613286748467076	0.361839846137404
-0.312127240329206	0.201237894361525
-0.172190991414036	0.0932579983104397
1.0107787963259	1.16448152699989
-0.220779419316365	0.0986070103194582
-2.31988747924983	1.31473412981835
0.0985243411121501	0.0509192901242331
1.09812574201819	0.787271851059227
0.739030063443652	0.492455477640441
-0.259054663559592	0.175085375297413
-0.0180508568103499	0.0111732269611362
-1.31403599620198	1.60457938324165
-0.419524238577399	0.367472305426226
-1.21592367386345	1.52307853237029
-1.40252780066284	2.26066850623858
-1.76370297118543	2.22910343697425
-1.19711458854698	1.62022587974059
-1.40381822489521	2.70163589949503
-1.23651687144743	1.68963186633814
-1.25546676142955	1.85063468254164
-1.63107458992489	3.49187254389033
-0.897860909874575	1.34753575134517
-1.42803384384185	2.55642956884927
-1.2153882007134	2.13958723595049
-0.309800045441118	0.199577070042846
-0.0490149486246026	0.0332931842639498
-0.699033212217305	0.689145371975163
-0.480096144275916	0.354291936340961
-0.503665856142154	0.430084888902173
-0.325570535776187	0.244386738371175
0.532297880058211	0.58319194051282
0.220557687289976	0.139892277605844
-0.0146894201006991	0.00777487293627656
0.0594094708293356	0.0330151166355043
-0.742399553842513	0.607432879136968
-0.599631870170859	0.622603602365527
0.200287354481984	0.14432230788242
-0.312721200835978	0.215709975405639
-0.474232883989205	0.445950800289933
-0.500269154537123	0.389183343923118
-0.31217580675173	0.222536948155974
-0.885122401835166	1.11122529990582
-1.70419266156459	2.09365459051069
-0.457977932019173	0.478163599081993
-0.196413910160481	0.163928993720234
0.308569492236589	0.199956971585303
-1.34558687294643	1.48713153028399
0.0100979295148161	0.00596759414941296
0.343085635436518	0.145193515313975
0.681691368682217	0.522829923415297
-0.180190461634276	0.0942514041590313
-0.0601327827149875	0.0310900502501694
-1.20779837804702	0.724073530681204
-0.359291301703274	0.199373926923405
-0.0385628217193318	0.0220539445581884
0.549613028521246	0.297966347034495
-0.937034302557826	0.59750260597748
-1.35017224405946	0.901475913801158
0.0373913079134339	0.0189411948238711
-0.249632230463278	0.140172044755373
-0.0368425079470214	0.0175727138935499
0.00396073332807766	0.00248797805633717
0.31426519377255	0.15778234218834
-0.973929824555643	0.947556781571855
-0.747221847248081	0.909037004858869
-0.818149888951223	1.10165018430635
-0.667755855039748	0.681962077104007
-0.788051593710868	0.849482487411423
0.456893872623128	0.434558945675662
-1.35755797288398	1.53605400469519
-0.114485028597047	0.068471534828341
0.859719977937027	0.703286528045706
0.427974637252245	0.30721120541844
-0.407996709391161	0.235399718767105
-0.421414010370319	0.212334979335438
1.02871937968011	0.795435163518306
0.850116385861954	0.673229530662486
-0.623332186463456	0.4622452413928
-0.188490676022796	0.10181475305088
0.22705176434288	0.13294306288647
-0.619015781547623	0.456232496956558
0.622884219299973	0.375066040179643
-0.445354092051217	0.261222404114904
-0.364681719410048	0.245412651561134
-0.243626220970628	0.137249815103383
0.468140626950888	0.295029693275503
-0.702043632058123	0.549806145925893
-0.820927084277151	0.993728609046336
-0.100393590701121	0.0733748182455625
-1.52942096852247	2.11392803890252
-0.404097470878885	0.355752475589317
-0.647271105922362	0.73516079678791
-1.83821067149159	3.29370201447512
-1.14110254143376	2.07089637162899
-1.2350357336073	2.55593837598272
-1.48806015614088	2.93535072654513
-1.67244786249818	3.70057726092468
-1.52918984809225	3.40380659357863
-0.72700609140736	0.776234151150631
-1.58743056433013	2.73754027162515
-2.01250196163526	3.67457614212197
-0.360008473138394	0.304817086684469
0.421138511214461	0.333465404318055
-0.303656036574084	0.202506018986714
-1.30829067592807	1.59405704851523
0.211660854332879	0.161729351550023
0.075312637663318	0.0417758112684461
-0.796685536596546	0.534762488509401
-1.22941830501207	1.10803413753923
-0.965203050866214	0.723841146494601
0.394944839968688	0.343896259652893
0.122182630267635	0.0974291887332057
-0.609720486925907	0.49123067066821
-0.442880875812662	0.340790973440989
0.359066184697005	0.307005642975417
-0.0845042290046899	0.0460241956848363
-0.378508925100965	0.237665039234008
-0.179785525967099	0.103755457468618
-0.379701354518106	0.369443726858985
-0.0965748906821836	0.0699122206393411
-0.338463712395195	0.279469254258864
-0.408082643897903	0.286498109568148
-0.382942591129093	0.240041022762118
0.0465710112021587	0.0320572889773623
-1.65149819532645	1.29924696262432
0.812231506836635	0.605288326752262
0.386351174002258	0.270440657339821
1.03010484682637	1.04648149747971
-0.127474423418251	0.0596273139549478
1.06936138193906	0.827684739891897
0.0288390950598951	0.0148383667714322
0.436199563854101	0.336685509648047
0.865218011845328	0.688521121097989
-0.685028410530324	0.534742855964313
0.558861979736934	0.539387005134847
0.702872125370271	0.683414098877897
0.645755342901331	0.532292701270139
-0.914059618181599	0.756801512741668
-0.140651888923332	0.105630827135312
-0.557754634315133	0.605859345924239
-1.21183375384103	1.36894434453852
-1.23057524813417	1.43289317655187
-0.144757644939546	0.0909529368021056
-0.605600004688833	0.690087557733455
-0.896264865501389	0.814946505848808
-0.738983340967001	0.479821635713206
0.809746380635343	0.687857955948723
-0.0147364700034351	0.00784594434122843
-0.54899453342695	0.310223243341413
1.35029604204969	1.55203459515021
0.906905638386066	0.578154334464172
0.235942580443352	0.126758682130898
-0.123628712092705	0.0747032552757703
0.293885399231284	0.201455979374993
0.901738315100775	0.812211325119284
0.809376976167033	0.590342734735778
-0.384719274421401	0.12504523837385
0.041407168164323	0.0183856673830471
-0.0123874714270206	0.00665499868499553
-0.0166608938568328	0.00874310607768178
-0.700874092333314	0.619329369039791
-0.786160941776557	0.923073435423569
-0.416613457133335	0.393063090708578
-0.796080167101381	0.91724534245912
-0.86452667023382	1.2168157409973
-1.17603670711506	1.61312234252686
-1.17974238119988	1.68019856408814
-0.0778098153300269	0.0590746455715274
-1.31663825607732	2.37508357133251
-1.26814824781974	1.92894168589209
-0.615534176819703	0.81498174150735
-1.63460234239146	3.93801209419913
-1.10393548634883	1.56197662932094
-1.48476217542203	2.31365491152302
-2.1493970475766	4.66838519801806
-0.0854362156618403	0.0555693129117667
-1.20494986428175	0.886207991862584
0.210978028355403	0.132026007538695
-0.0752104966127563	0.046343676323669
-0.0596894659520268	0.043601480916173
-0.160973619866266	0.0975382605971957
-0.36909032321468	0.267525080851905
-1.98600144904793	2.40179128206266
0.308322782102328	0.259691804180991
0.226405539814001	0.142991594835054
-0.125741087471053	0.10138907374033
-0.690804160959413	0.596997141271956
-0.343421671180826	0.229315139619158
-0.548671045283887	0.423045449023721
-0.748580582829884	0.481312304316404
-0.369438992715082	0.340596984604709
-0.524847244873343	0.603340171386737
-0.244902400620398	0.160633360038236
-0.535963888905069	0.442089313211307
0.715343205673769	0.60249544744348
-0.599381822992645	0.391610652688863
-4.85050041422435	3.19098487634343
-0.114059226015651	0.0585777384706626
-0.351953056805213	0.192369023135868
1.72112021822176	1.89882162380462
1.17728355456056	0.910035791727101
-0.146913497749888	0.083477697958335
-0.299925560454488	0.14409892224401
0.396002892880566	0.317778600414888
0.967890684372732	0.6706023834555
-0.0290705574705608	0.0154736742455501
-0.45367394247663	0.329206257166967
1.76130726342826	2.46797998801604
-1.33545333740667	1.47362826500392
-1.27175458487448	1.51033256088917
-1.02421608626926	1.28619041197598
-0.233991180003797	0.210714579324178
-0.0820641160356857	0.052973521074688
-0.647679808014278	0.614850712227999
1.183800564861	1.65609766342164
-0.397082191062078	0.351836360468818
-0.196985059148688	0.138019638500148
0.884473343106717	0.86997168105766
0.0883256046335985	0.0488116997133146
-0.016891761410202	0.00767018836850775
0.835051385498882	0.570969859726335
0.529377445999653	0.284180703073639
-0.360145464073112	0.197802308404777
0.127717455421031	0.0735078209350898
-1.07194548283317	0.731043226145094
-0.109338217210723	0.0502000896294222
-0.437979259256532	0.20124737390593
-0.830262992687021	0.66453545658953
0.17579441678513	0.0776962815441323
0.498572362545266	0.394301789940403
0.0241233767571968	0.0136973969544261
-0.243590183073361	0.148493021383758
-0.365566117609296	0.339902203489768
-0.960672436732221	1.00897071967194
-0.960154107812254	1.06917447544419
-1.20103013183695	1.77172208020324
-0.977532370104363	1.28192247610208
-1.56576915152059	2.40131438321661
-0.853054093698208	1.25185322599343
-1.2827745234454	2.67911825653282
-1.06077261392519	2.16763604987338
-0.95314389108759	2.01005617521651
-1.40668008114366	2.9727828387687
-0.912813608684477	1.68668371577531
-0.969912430990765	1.40211961443932
-1.40587488690428	2.59178282821956
-1.49822794418999	3.0735816431793
-0.977083867952494	0.838636342452065
-0.746919062979582	0.67461070717661
-0.420280009467838	0.361225867201282
-0.0577187688319263	0.0339871175292133
0.061700646564212	0.0405348993853553
0.199235358357753	0.13016774625471
-0.371102242893304	0.288474198296804
-0.36267854900249	0.278340365827936
0.549549975438026	0.499353651217534
-0.683268860863597	0.409562865127886
0.6127833138878	0.662970569624627
0.00642927991139095	0.00455378398819012
-0.217097461902307	0.164148881007237
-0.452815655534131	0.376267534902394
0.329568423812757	0.257242604151396
-0.658774299135523	0.561993690364233
0.157074634701133	0.0951205462546806
-0.000598987303890002	0.0000422477446497606
-0.548165742910515	0.539946278212662
-0.347341551498479	0.306313762412027
-0.194739013335786	0.110180440566359
-0.267309569764873	0.150971330476126
-0.187826144138498	0.129884946783269
-1.40617705830302	1.40830010337181
0.16293494054383	0.106314345895109
0.018749324544952	0.0123263917306002
-0.466462478253646	0.279750334699881
-0.315624903380682	0.150718196126785
-0.883252842060424	0.514706059856008
-0.532621734723737	0.298009525079237
0.756518044768842	0.512590217921232
1.4563588554086	1.681361280597
-0.00828606708895729	0.00402834368122868
0.647996603193894	0.534416651856375
-0.124096885740584	0.0520070199356018
0.624312190790311	0.620090662037851
-1.58889508346932	1.21008575131514
-0.167371327902853	0.106800062541651
-0.764008257279207	0.63201093094937
0.300194259606318	0.218071510716271
-0.661999015845712	0.611264163145224
-0.373858094517358	0.383563878384887
-0.000425365645322476	0.000330010100549854
-0.331288337884038	0.292037618676498
0.147655046595753	0.112743901967849
0.320786823117469	0.306663224268743
-0.199884013367943	0.132926236656816
0.411854293392422	0.32761075222203
0.110662419951814	0.05378769397771
-0.102527050807358	0.0509450331175977
0.306136691950771	0.158554096450573
0.51022910261678	0.321989897537166
0.797495082784552	0.588225712120169
0.703887211668232	0.517373218954974
-0.183474677245164	0.106692549729755
2.03405684276679	3.43857220216185
0.744015826341569	0.506347924073479
-0.24691779594432	0.137510921518855
0.155994644108902	0.0704375497053007
1.16260779039346	0.894231590427392
0.53315563585521	0.419154641668131
0.241923203818072	0.151977751701534
0.169154925820338	0.102603637491419
-1.64628689438955	2.17158005493005
-0.459237709407346	0.434200175643033
-1.67281181707041	2.81416922131083
-1.04355096344005	1.44170736927602
-0.37581251460543	0.408918778171628
-0.777333899531912	0.976980528717262
-0.980527941676647	1.60290620005674
-0.816382710023685	1.2738807078549
-1.26844545628492	2.01260051477244
-0.997561601503185	1.7146283521196
-1.87370623621072	4.41097831234631
-1.03077542555	1.73418848150018
-2.62472818687118	5.30674572207277
-1.72107638682661	2.93964443125349
-0.433676850474238	0.306081221019388
0.114456739872611	0.0819009453491539
0.367446738473361	0.302323233170748
-0.557532284034522	0.316465751830701
-0.54650548506535	0.391183541573261
-0.434000894151104	0.307363985299278
-0.716040700468168	0.567511897051394
-0.184170430515829	0.141355094490751
-0.0897935811744675	0.0581879365219968
-0.561768221280161	0.439174438736191
-0.277958917494608	0.184669171064223
-0.465530894655521	0.449199800448592
0.196439963415816	0.154730088757113
-0.463207637003095	0.402908016902486
-0.699893550785253	0.893885034259082
-0.289228915684148	0.232158668834816
0.890702139877476	0.948798965499662
0.273078213692983	0.249553552182111
0.0320280860535872	0.0161179480678192
-0.327521097469282	0.239448747514995
0.290065035851479	0.199437054863583
-0.230322096415023	0.161380303441109
-0.426107931613098	0.364879774221714
-0.0336429168392486	0.0191977885809887
-0.407017559560279	0.2343610563508
-0.528136891156941	0.49287912843659
-0.785355204407581	0.527560457304407
-0.277577178412931	0.177020921222149
0.452908931832345	0.285098120448724
-0.243525360695943	0.138189470790171
0.685227381077585	0.659889846618697
1.69330315024176	1.95650741531123
0.432188532406967	0.252589859493142
0.91022270565017	0.788667909651391
0.550719684162983	0.357050490450485
-0.22517633694654	0.181336905920142
0.0214946963332395	0.0112673337137527
0.334291240758517	0.268707050146655
-0.389160229553394	0.242845782010674
-1.20243003486614	1.82927287777905
-0.3422668779017	0.306139087146957
-0.845920004433833	1.15313072919006
-0.781215219061107	0.891565130850264
0.539092263037993	0.615155708255249
0.651291960621077	0.621902947624423
-0.0974236145028788	0.0674403364449894
-0.0530100452862079	0.0315405791776798
-0.623753547253447	0.512948008459613
0.344764042985552	0.19630639245169
0.606611103471752	0.388962292064653
-0.409301180622535	0.234338576189961
1.32235546304811	1.81971746989365
1.80248910515712	1.69136240723413
0.272962488777847	0.187797558291408
-0.170958784421395	0.0997583171437545
1.06361519933687	0.877716615614095
0.612097350202401	0.494200770413077
0.368796735285354	0.255684827409943
0.228058394293836	0.115325188134706
0.551188584966408	0.383749173710539
0.444823228272205	0.212635291674245
0.626341508261799	0.573838613657234
-0.192042249640658	0.166055736421464
-0.613872014901517	0.637674181573729
-1.31562408341598	2.05338352311894
-1.65547093994614	3.40930808334149
-1.85028486064958	2.75373358140813
-0.915521970432289	1.25227935490149
-1.21896163789157	1.99860307602621
-0.687666601065998	0.98758383251474
-1.38274040648557	3.18906048300675
-2.0961295898257	6.05088406290771
-1.16754979660267	2.12374326491178
-1.86936290372123	4.16382382851006
-0.837495675120548	1.28837321239425
-1.97378428534	4.43652477420806
-1.73911034591279	3.6607964431332
-1.24701798981845	1.97135878052322
0.519620532336451	0.432338213019701
-1.08550374383401	1.15761710178048
-1.30012526897224	1.03627849838095
-0.105489944113559	0.0695130029114091
0.525134227596958	0.435801719725896
-0.501425116553615	0.402024013218648
-1.0111783185421	1.47656152348819
-0.24415865326095	0.177557574770125
0.278756325275415	0.219493785484897
-1.96456666764712	2.40980720077767
-0.188821544640525	0.137554887908682
0.325734897601384	0.252263671551725
0.107678460052263	0.0555583093623658
-0.563884743416527	0.409689995129928
-0.378664660745133	0.312550396861232
1.02814689268491	1.12918123842342
-0.757542758764178	0.6819672489704
-0.455042651788962	0.294803467055482
0.0119938822968179	0.00739173599275856
-1.06787501827071	0.720979721643841
0.417111640275132	0.331749437493038
0.0138402108840089	0.00718422334746919
-0.0174531567229637	0.00867076292353756
1.12381995289637	0.847496214218853
1.93085142526653	2.55661677877659
0.356046824848631	0.251458546823998
0.122316881965196	0.070015312462633
-2.06304453286641	1.56329211449586
0.64532823247142	0.459375044336181
0.439442087240819	0.306781129774698
0.792363968238454	0.841361478651686
-0.159822014300614	0.085692617707804
0.00707813174226259	0.00369566160353337
-1.58320829587593	1.80504231437105
-0.526842360174568	0.491318008937569
-0.176847599634034	0.12672017887161
0.0990360057668762	0.0595231396971558
0.92813122278051	1.15012158655917
0.282686378048093	0.252915764680318
0.517295016726678	0.387048537476221
-0.362777476730057	0.222961502107147
-1.16986158467866	0.854465086529362
0.861851344576838	0.590362396621078
0.900472154351106	0.773119057166075
-0.270133509228535	0.140779781220906
-0.14378634711856	0.0487763445202613
0.545320626722416	0.404964454462677
0.612010435274758	0.417065733702059
-0.569370462359188	0.307469035334475
-0.0286555846689314	0.0126700834446726
0.601620861799735	0.302238462582914
0.532516632463362	0.28660372654987
0.929607730449969	0.851540409575005
0.111699714185919	0.0584444283869645
-1.40121530905685	0.958551439215198
-1.14870065007598	1.44340714886828
0.0252633172636473	0.016648988864123
-0.938238763390901	0.886151574563383
-0.183403654566623	0.154089178021401
-1.84787037847896	2.76855231648595
-0.715851151338847	0.852338728929349
-1.26155772765418	2.12291805555886
-0.482092285439173	0.618357882028382
-0.82164422990016	1.56548389483449
-1.77173667653649	4.16564071892131
-0.812040048985054	1.2735855718276
-1.32542968216158	2.91262003214058
-1.24890247044646	1.98128342854736
-0.947283358291194	1.35273680417181
-1.290809575989	1.96882990823071
-0.181356131822907	0.127063809157572
0.00272646602887493	0.00191986129269862
-0.854248608237316	0.596734550114867
-2.03047053179245	1.49468841744355
0.951116040566151	0.954637549144409
0.312129871136065	0.161682585332458
-1.42483041920143	1.24377504518842
-0.759775698033498	0.638866944604838
-1.303586439441	1.25140649631698
-0.472428206119393	0.255905649218949
0.139639101293973	0.0955379155609712
0.0455802510146115	0.0395912818262826
-0.659615707628509	0.559664820583851
-0.417820029656359	0.211413577531295
-0.620518504456688	0.395456550382833
-0.639306195669562	0.481332686028105
0.109065712237278	0.0760102333304153
0.0143985304254445	0.00774766657810604
0.0663494518584011	0.041538927953534
-0.0964805929523517	0.0569253180114066
0.283358912596518	0.183131196137619
-1.06547803125126	0.594717546452728
-0.107796637085961	0.0496396080346554
0.799864692019207	0.67022575711564
-1.06645073810995	0.595977136557156
0.127101349240426	0.0617205826126478
-1.0747203217602	0.574088716160688
0.606189081248827	0.458923470075313
-0.171120382269189	0.0914455710318408
-0.480797712732772	0.318284128604672
-0.385369665553901	0.237921812242358
0.367072752975354	0.229030696121258
-1.58930805721012	1.208512246915
-0.42075947227409	0.29712152425014
-1.3261243784767	1.62446016997391
-0.48746534308998	0.473441115455409
-0.649752552784382	0.626437764045955
-0.0257431605273436	0.0176967518099795
-0.0629535762206257	0.0464560217570806
-0.0285816548561772	0.0186685524450859
-0.349083063922677	0.18926221352231
0.128271440475407	0.0664869851237199
-0.179103381963593	0.09496681173654
0.150893266202671	0.0934015300811879
0.730922800886597	0.565126966815799
0.791842064751289	0.585636585583252
0.810836154868942	0.419880702683422
-0.175826983675061	0.102536688183869
1.19724386397621	1.17395608933875
-0.363919892750652	0.200510870253307
-0.313943588054906	0.134022639523818
-1.00573393547581	0.661945950944609
0.22325584963682	0.0829388035315317
-1.67391585631125	1.29959694779391
-0.414684666461153	0.210267745504762
-0.488391543685048	0.301139956300956
-0.430360946902171	0.308304044105659
-1.12765694740264	1.3159031390922
-1.13734922687225	1.43946794599117
-1.26094452718904	2.00446988059628
-0.807467236475524	1.03220786571494
-1.01044357199422	1.42825473357733
-0.943526425900822	1.36301941784742
-1.2491242387521	2.62268909682258
-0.250392628913603	0.393384643805435
-0.714610615809212	1.43252110039537
-0.510682411309131	0.754819809465065
-0.775501200309614	1.6423690028542
-0.979606891600652	1.54687691652853
-1.43288960896096	1.88542515383021
-0.666360656657027	0.755783075209722
-0.121244754004317	0.0670796764504691
0.728726601057856	0.612925860074417
0.479448850918919	0.420341945672613
-0.743453332647302	0.480552149894785
-0.610162677711683	0.496822542748487
-0.48777382405307	0.330003361807942
-0.826385054977945	0.729327551699281
0.116619649384077	0.0781715973768807
-0.0623317971430495	0.0370915312531672
0.955719466476127	1.00628355190373
0.635975227244839	0.580467119934888
-1.18047184051733	1.28565312162427
0.0234475270706945	0.0189007133730336
-0.209249309966733	0.104845730939039
-0.706470720821518	0.753820896091957
-0.903421479044741	1.52399886494118
-0.453412385339421	0.460485187315184
-0.517539322931658	0.542165608314193
0.0125884849697622	0.00800069429854396
-0.358405684029714	0.221261444983076
-0.316822085662351	0.22239617974489
0.155365855558899	0.0827497094017157
0.647896345456069	0.390411998939467
-0.139522775537589	0.0777975481428438
0.426420132370732	0.224871924840229
0.230443428862166	0.116234047524904
1.15351565119524	0.881088361346133
-0.685194638116523	0.419900130066688
0.627834448734112	0.310429535363816
0.404697817876981	0.212447437991933
0.845254265400811	0.470044731949087
0.353254958060946	0.200724790303461
-0.208535669973726	0.103499568363031
0.380486969883467	0.232129625908669
-0.561703027458729	0.352282809945548
0.387802566956577	0.261404632045973
-1.28702509478675	0.827222725759632
-1.09536940666456	0.877882900506805
-0.175965679743825	0.122999556046199
-1.22877588781503	1.5566987726212
0.132501901593602	0.0924940523738353
0.101219753646579	0.0713301165342421
0.146843115220059	0.0851437381194593
-0.243503111378107	0.157258267268667
0.592612866711334	0.530715805543406
-1.23452017440695	0.723676229823646
0.354780700016341	0.20018116891259
1.02163054391596	0.777589670035692
0.466916211479773	0.159577779899845
-0.142087584683741	0.0807656466998042
0.07891621402069	0.0437736048013696
0.424991983436378	0.244981168933624
-0.798809340625228	0.457190703992565
0.296949399045068	0.138725877203213
0.557514582106496	0.245148774772875
1.07261195361025	0.626439822246483
-0.126418661203174	0.0592547235556659
0.429670162281054	0.265072527210668
-0.285992544626311	0.183053035619806
-1.55966178632154	1.47504865651626
-2.27837726263946	2.64047026400392
-0.962093700058927	1.18133273207464
-0.82175119603334	0.780173771706448
-0.645798682898197	0.726611537728624
-0.449049781451132	0.502575098085703
-0.733883235832549	1.36228656876023
-0.403911318234749	0.717919223623026
-0.853161619178768	2.07093146680415
-0.374653185274539	0.571513320910329
-0.651571797412876	1.28630900850669
-1.02692403513081	1.00715964634109
-0.428701095943265	0.416762338645325
-0.520638457977694	0.692197182754014
1.09912542404867	1.50488801659548
0.0333340024014948	0.019995381756178
0.0242211242961202	0.0139433934652091
1.20066669882647	1.09512173214019
0.262506829747125	0.217816950558934
0.397275068864104	0.294056809180861
0.461065045595815	0.331784066419627
-0.138076183852051	0.0839521426943174
-0.129974400330354	0.0823375764913498
-0.100548265670797	0.068115122282508
0.238018826674809	0.148773466246804
1.0031831982125	1.3051117947878
0.058945659427457	0.0463842792228883
0.234307246523837	0.194720822853882
-0.295569970705524	0.188056356928828
-0.442536998117663	0.34488471987855
-0.258387992477703	0.190152070370223
0.252656932689233	0.159970448267504
-0.203632865710463	0.158211844888682
-0.805986210808311	0.769349301313579
-0.199935395779141	0.148080344686127
0.545437103158078	0.484923773987473
0.571649408215453	0.477425190598405
0.0214640248018997	0.0135720793666954
-0.0997993493114889	0.0616821235051175
0.686411498837962	0.491653176445917
-0.0614415275122736	0.0395107809588419
1.37564848810145	1.55878628364956
0.349672176363957	0.249033209034158
0.985604990550358	0.807688734969123
0.157064728770623	0.0831755008373907
1.15945460019881	1.4031067795725
-0.193562594731742	0.0954437569598912
-0.214197420052963	0.127648686773098
0.154392960087193	0.105533611404988
0.234185655750487	0.164469838390786
-0.431192965252686	0.276717544294872
0.476013947473624	0.446233626844546
-0.088396913214682	0.0617291351736074
-0.635278185583932	0.530986996249244
-0.831219951028049	0.85689735765354
0.0584564539120757	0.0408063334303505
0.78525725765151	0.623427792620153
0.956907032032564	0.78640335613622
0.783049076582227	0.624671497953873
-0.236532227370078	0.177756980478707
0.606499989211879	0.538629223181482
-0.103429881389718	0.0612795384231507
0.53879010076338	0.378493534210947
-0.0898531647198074	0.0377785909297264
0.605339568669974	0.621074010524459
0.6861005137027	0.532475372773388
-0.491976011881823	0.435887116229736
-0.300195768066284	0.218028013326543
-1.47714136649926	1.55207008539521
-1.5310112630155	2.1019714759978
-0.297334905389853	0.278846356947196
0.0154538184461855	0.00938023389291665
-1.045101928202	1.44181218573889
-0.689264846955149	0.897337995148788
-1.25860990023076	2.12241753955849
-1.7349094048196	3.24400192569254
-1.1109874451688	2.04057072433599
-1.13750531827437	1.77123143553112
-0.715365587938643	1.05929743437882
-1.41553654343615	2.42504758824858
-1.59625732564999	3.29411968936713
-0.981138068665616	1.4838997290636
-0.348400529101207	0.289867567192807
0.296268691105361	0.202471647462348
-0.786892215661142	0.931694831906099
0.528621839474291	0.341549593722822
-0.141347804124432	0.0853445033172471
0.948082264655823	0.783707350261261
-0.13254381744166	0.110740673197491
-0.441861689368461	0.415791927488739
0.280143472099025	0.228915161950501
0.609857888296631	0.682973581728338
0.305250165058235	0.20652323967816
-0.0752113385272615	0.0520383766579133
-0.220575404801376	0.179241178669029
-1.03845498752849	0.820333536265289
-0.58349484894242	0.498025359810073
-0.211002003056021	0.0945678556642096
-0.132020398088053	0.0737193767250007
-0.236806652321167	0.156251816854996
0.348325482179304	0.294718846336707
-0.364181538726489	0.241838342752572
-0.214710451894456	0.129780988399233
-0.280846077964388	0.178578294983146
-0.924483646539177	0.784606310773871
-1.18808261050507	0.857105988546351
-0.648017353877938	0.441959028422626
-0.102879400991587	0.056604654013364
-0.582028430983842	0.374922944065051
0.610531116944511	0.429442696490232
0.22715895022516	0.142519768907591
-0.539709697467222	0.333345112546223
0.446795718205471	0.301450465278705
1.00026410980517	0.937876014831107
-0.0338532336718939	0.0179817970720267
0.0991792799964623	0.0522574561269915
-0.576806349694137	0.454136761101856
1.03209322728299	1.10068340905071
-0.863524306011967	0.608510317664242
0.434466826259875	0.227414269071842
0.721274493089889	0.603563802989261
0.0594240250987387	0.0263319312691863
-1.3197455292847	1.56675127087936
-0.49579412601559	0.336672101316531
-4.96740844397622	3.38235305119216
-0.608644715231362	0.488391352543977
0.152897427692986	0.0802723535030652
-1.05132683135443	0.575661828720456
-1.29230554003188	1.00901161517829
-1.08966890522326	0.896150421110288
0.0762455640541365	0.0425984189381622
0.202657976456595	0.152776604734692
-0.309854409557716	0.238144835879269
-0.349972406463259	0.266666626431571
-0.331692622689309	0.332886318163027
-0.539752991380929	0.473055193697611
-0.425485598123248	0.398000175165629
-0.381040396455193	0.317244528409023
-0.589043914722763	0.51441973480988
-1.27608474330021	1.33796523224568
-0.647559283612115	0.664022172108719
-0.175667164223256	0.105122029052279
-1.1949362936444	1.59281901184102
-0.160465432517896	0.126262735978381
0.0471985891121822	0.039907006076937
-0.336988731577687	0.347531882460192
-0.256042566184989	0.190665927817906
-0.945551214661894	0.97531893706884
1.06304144103988	1.10966079409024
0.0209186678355649	0.0131487405938343
-0.0144584644989511	0.00922582135623757
-0.965556418790577	0.721019505589703
0.37563643503883	0.268493570610483
0.217319968288909	0.172592899089451
0.140247853834067	0.0837900494548287
0.54246316564811	0.46759187886852
0.0686240761959975	0.0463969298823685
0.044105931686674	0.0225291056101958
-0.323310910617034	0.192895603753391
-1.18814440628167	1.05416308330043
-0.171030769924351	0.0886536537429911
0.445301658616147	0.278414054126799
-0.504571084316544	0.26821479228645
0.319650017600285	0.243190923167135
-1.42783750397157	1.19400988437684
-0.700081597652475	0.49973846616921
0.556026988414074	0.425087997733128
-0.179000980362173	0.102138973927297
-1.59350490268904	1.19612289466904
-0.650761890860485	0.444615002803956
0.659888816865373	0.672750567398803
0.900590202432779	0.985736231367747
-0.380760644495646	0.276150406822351
0.638822013357414	0.582257051724926
0.493514289573735	0.367529601751365
0.532470342404438	0.373608351560856
-1.23524753534032	1.30976299150414
0.176079381936457	0.0946342828777434
-0.283385032681483	0.175706230999863
0.956833588161518	0.958337411955999
0.830032339985148	0.633558819202868
-1.6190437045484	0.939607975492042
0.361178417543173	0.237133898034007
0.0720267379399727	0.040167293930563
-0.455870898363823	0.353884619392861
-0.629932850070228	0.518689744652822
-0.59243746682808	0.474608903483432
0.678903904479589	0.555727208831673
-1.25076320954598	1.46252538643157
-0.0115169777549066	0.00832504052620618
-0.952987569868204	1.35264768753207
-0.142463945544542	0.0870641925476271
-0.661832031446775	0.501690851169653
-2.0330498125463	2.95945070084595
-1.82916819499867	1.99304727215109
-0.687583644264407	0.682746852492884
0.0126346545748518	0.00796980424874303
-0.158009540007359	0.108530935900827
-0.677098493990889	0.525451476031393
-0.472256214861763	0.396912048224936
-0.748233981580029	0.479799714350779
-0.117030071398366	0.0646116230357119
-1.07122638250041	1.18351182076779
-0.165965295150801	0.0888580917306055
0.446081292908405	0.439569497175747
0.845875099261548	0.681968167076087
0.355211464589286	0.259448360577526
0.175800569934577	0.127347283734983
-0.342481521278002	0.25589638446685
-0.690218255249151	0.472999896503097
0.373421433374929	0.226984480380885
-1.34219541370955	1.09302923852124
-0.410128778276757	0.285446121649113
-0.0152531021156404	0.00742046940896012
-0.192947008818208	0.136287659125795
0.297757197060452	0.227339995705153
-1.51137486488639	1.6502105716809
0.889367926742637	0.945858377897185
0.589300773624768	0.558441292764631
-0.552637045633886	0.348183602293315
0.0221248145453552	0.0132127649699579
-0.0670760300633243	0.0437320966554555
0.417085979497316	0.295940374634924
-1.10063718537133	1.14166118501896
-0.0460756652068895	0.0316987601370791
-0.392238026516727	0.267104322923072
-0.784886712080365	0.584068466738656
0.86834932365327	0.840472462620124
-0.0345582235649442	0.0195961871832366
0.212228076768644	0.134227299486192
0.167124946706223	0.075103707442782
-0.748848373817384	0.560537587871538
0.424343434677749	0.321693142682953
-1.10095927298237	0.913659217810021
0.275834238241882	0.177394391410731
0.145218973928009	0.0836652624456693
-0.653661551704793	0.33823507278344
-0.554774236453056	0.466076244785957
0.446254011223587	0.301794100122504
-0.288877302167709	0.211587812135546
0.366567503755959	0.275121930562409
-0.862762816990644	0.705663632612775
-1.06795096480259	0.72472164551319
0.0978038958296013	0.0585433660441759
-0.832244343722607	0.718097354093407
1.05363329106655	1.1707861146673
-0.598323647376829	0.477194392899823
0.0533945645139772	0.0349333889627262
-2.05648011602542	2.11757011818728
-2.0700252739917	1.57825655767873
-1.2277560372896	1.10375375595847
-0.253356126876731	0.187201456667134
-0.102860276589874	0.0708968114780077
0.137082088069322	0.103847385271417
0.330063332811867	0.314285060684461
0.429101983208098	0.345398102976794
-0.407421337291207	0.298920064467213
0.0719008465370674	0.0475959932536569
0.081172250737108	0.0487515076326488
0.287405892942885	0.194910790330014
-0.149269386536606	0.0913518959343389
-0.42545735355093	0.302270839891862
-0.707177251891595	0.571672485037743
-0.395433659341565	0.271184115037908
-0.836998668686151	0.809831321145872
-0.631105359173412	0.509446086541459
-0.341144594558079	0.274326187518576
0.0239249043772569	0.0148717217115361
0.0428268092741375	0.0236222170189959
-0.236797301017423	0.173658709504517
-0.855738052995576	0.750021162916625
-0.421898498404402	0.290910361709075
0.494151330706273	0.399914365050063
-0.443434148260988	0.40788478777517
0.213134360535372	0.139751827801978
-0.256634226125179	0.1725078547214
-1.59229379759266	1.23519625900852
0.67043405032701	0.703700927561293
0.20210974275076	0.14104588864671
-0.656082332875935	0.537915849690313
-0.579734866551022	0.666750607767755
0.288888097809502	0.251371313963831
0.488912310883845	0.442485940873689
-1.24969168082862	1.14001378403995
0.0898645661021312	0.073154761371973
-0.410343228463417	0.233490635440541
0.277055618191613	0.154709048195191
-0.179550248164099	0.125168064865694
1.08203464548984	1.17672165268042
0.212541737069153	0.140756139621908
-0.0277868229720468	0.0170130398104866
-0.599339333146992	0.39765370213795
-0.242791380358953	0.148119337022178
-1.05526031522387	0.957175265701835
0.0843693682454578	0.0612708061658898
-0.722842144278525	0.737174909399828
-0.106778673754766	0.0842609382900904
-0.821671994280718	0.748733546868218
-0.983185034373376	1.03078413822182
0.213029173937764	0.172472893613383
-0.0394340468698187	0.0288557472377838
-0.29136596199028	0.264913525238133
-1.03276676637043	1.24440988774704
0.387621987788856	0.27534665392746
-1.01590190262877	1.09919242185054
-0.824299866958765	0.649806275278041
-1.53408439776544	1.39809342523078
-0.252024963149207	0.196399258077072
0.699811257190163	0.825557940870695
0.122748492505555	0.109582234362193
-0.548447502648658	0.548504302308588
0.0619140020591936	0.0403961519114107
1.32164888328832	1.75652814050388
-0.159625172099792	0.092660069607046
-0.42091838478534	0.239986440620618
-0.333879371176935	0.182425993072207
-0.300545701870319	0.195742598116585
0.0354527422424308	0.0224637847277827
0.31027687311545	0.244918703159978
-0.709871508948818	0.695185840226155
-0.429907688920326	0.282663629513702
-0.944322783952632	0.591042780454372
0.00628791929908991	0.00319433282825096
-0.94296841184905	0.803246052679653
-0.540326905968414	0.306199462158739
-0.606551558762336	0.452486460763606
0.249637708882771	0.174960114556602
-1.22846060687179	0.943656812334429
0.838436063821269	0.844053774828303
-0.0542049725232058	0.0317587294956244
-0.292426218482147	0.197386960142838
-0.31250632762139	0.213461420746915
-0.265930403667035	0.162640874204895
0.430250145593593	0.348788047195094
0.44445779723746	0.259582434862964
0.437307166418672	0.317083768687152
-0.66530081353219	0.402867120257836
-0.800530485878722	0.454804603819228
0.439793475227624	0.363765085173756
0.0750965355187458	0.0472085303653513
-0.268301386825895	0.212030083316465
0.147045959389071	0.0834595913668913
-0.606576294875643	0.342060298961812
-0.0402261399443374	0.0210872945624562
-0.648547180250985	0.547357254785155
0.0100357175927012	0.00636441966304767
-0.618797602577995	0.637271520181107
-0.199487811582291	0.163491351792267
-0.229572588094585	0.141515380349231
-2.44008185436737	3.09163879492217
0.0198072272673247	0.0102893768454371
-0.710373871264687	0.726297185281027
-0.730052615755785	0.534826456829073
-0.356699126854335	0.217736584128639
-0.861630494513703	0.680694426143332
-0.634945243263836	0.428612970304804
-1.31098769861559	1.23124775433572
-0.681526416835419	0.633373873147384
-0.0209073800766187	0.0129566777243715
-0.321030048370203	0.257789847585899
0.293823138382506	0.293017388894695
-0.392650210870444	0.289614889787118
0.27135193918544	0.2125533836522
-0.096617217861742	0.053407755126145
-2.40747618875252	2.15934109654558
-0.453588528856293	0.298171213674828
0.213226007581814	0.167028193168376
-0.602605846789219	0.518442669816408
-0.46290988970604	0.404266179795082
-1.18553967435044	0.875772270296286
-0.536360095718417	0.344227681388728
0.0762863587177845	0.0424880875645341
0.647082440343488	0.560016186715972
-0.938760459365805	0.968245366221251
-0.353258072488442	0.217059204152635
0.0920065972045755	0.0547883893722454
0.0212239487428916	0.0153825248899551
-1.51973761747772	1.08435646893529
-1.55189683247514	1.4739275082816
-0.145710197132176	0.0881734221409177
0.436064537236498	0.42483417250859
0.438422522163394	0.299389707929294
-0.279017052995559	0.222245355691885
0.218982430529238	0.153171946600748
-1.08275059827534	0.741503053606467
-0.521926182008233	0.321935759961942
-0.292968248324969	0.171019996710998
-1.19031217259787	1.06803172280535
0.51126750951488	0.318558194569157
-0.0241368188463121	0.0106781446309266
0.206983132099337	0.120600009788344
-0.304074174145764	0.192782469549195
0.214730948064909	0.164485247931033
-0.215365416771629	0.153884967233095
-0.0246117955901996	0.013082014546843
-1.53039725227842	1.44275664457446
-0.487094982301255	0.352196419426535
0.0628470382028484	0.0412559447919587
-0.187451024633655	0.146939068915996
-1.02784492721517	0.789563493525429
-1.40959293277385	1.22180023282507
-1.29976629725327	1.23369585189962
-0.500840988897592	0.345999130682443
-0.104139903608693	0.0620078983592119
-0.615286325091805	0.45077103615425
-0.67321487529125	0.615185806830617
0.197357166577133	0.167901314089274
0.00988829855785302	0.00519765545584037
0.142565805726681	0.104709637964784
-0.852013338545613	0.751594592103524
-0.0459137857412208	0.0269181701184541
0.621041502732436	0.527244490115315
-0.49141790168719	0.338726824288919
-0.368843140052315	0.25271836251133
-0.166751108577639	0.108067229613623
-1.16200582447424	0.83649277016546
0.23944966209028	0.131575016636141
-0.0422240781329963	0.0217856423627965
0.394242585481184	0.297325264865364
0.532931034913849	0.492109943844294
0.514163853822293	0.425751754276055
0.0230655188356535	0.012106214171451
-0.787038443939069	0.776184713298048
0.404526128701725	0.303777410579628
-0.565526152911844	0.498211161674103
-0.124953957590458	0.08037606938391
-0.519474021116765	0.4472323522543
-0.494745881384458	0.369459361804413
0.0599865846634194	0.037477104009685
0.123802555820929	0.0921574939562913
-0.277817781482914	0.171317926701528
0.116743722026564	0.0777509785947517
-0.252863382455536	0.16737595572037
0.0238459724818066	0.0154915564493665
-0.225799486802841	0.155015469257324
0.0819692838395179	0.0449736626253756
-0.390763669916205	0.223248116971302
-0.00293047433775318	0.0016633664188668
0.850972866495822	0.78453591070178
0.0226517623275313	0.0130180531037594
0.156998115726333	0.119092005243978
-0.123057844452578	0.0938067085235111
-0.410775647925577	0.23783923316099
-0.0883727154632564	0.0480866803622334
-0.117620917097343	0.0812620462962462
0.00756335330559603	0.00572340689937434
-0.350611754335063	0.310189617384319
-0.309440436372234	0.20165189005992
-0.124875118653489	0.090140692311238
0.167332644164001	0.124864954038766
0.0840923411036217	0.0672781122763898
-0.539561199520514	0.383387618601944
-0.256944960008766	0.190249225567592
0.0685102360826359	0.0468335022877857
-0.324561429612476	0.238056913468265
-0.731660147503794	0.654747265122221
-0.51913322917439	0.420618492519727
0.288202217286829	0.175527954795727
-0.728866842510351	0.526608966081751
-0.273202904725997	0.206223082261375
0.251821600836826	0.186262906328684
-0.301763804638285	0.178045014505007
0.32019658372911	0.248921010698485
-0.105202105394933	0.0645996718434703
-0.965892650945083	1.00685121894392
0.388200447029514	0.303722495000765
-0.700044448092496	0.600990279720363
-0.393915216095561	0.274739986156146
0.609058788378335	0.639566143075244
0.345514635414396	0.194580749871286
-0.185610289958941	0.142569681296425
-0.195054104224678	0.124522249398637
-0.386136749903325	0.238149996535467
-1.68265384070363	2.05222730721798
-0.585564629996869	0.601020240876946
-0.193375698838054	0.112612852595127
-0.0812806654849473	0.0571722278396645
-0.852259014324567	0.596746855239064
-4.42112532975868	2.35147895206443
-0.284678394017626	0.237698585847337
0.334307759255766	0.26176628390734
-0.260379386779264	0.217647000769048
-0.873174653492938	0.773525239197323
0.229968176022047	0.144323406527378
-0.468460109770005	0.364606600175581
-0.921257586326707	1.00785936956041
-0.266569790134232	0.191811145177846
-0.155665401961691	0.123213010942384
0.499676579107619	0.334511687547938
-0.107127535932708	0.0613276246807316
0.0528551882838447	0.0252582389087915
-0.95053661698493	0.686070838816938
1.01789016613699	0.963617505915258
-0.265066452281918	0.137417087378775
0.179039121810484	0.0808079997801197
0.730708770618915	0.487199609438076
-0.277611581150014	0.144913265203352
-1.1931812070819	0.87410705650825
0.443030632121284	0.38902385724304
-1.04208224300446	0.83398720253897
0.0783498662835095	0.0437385732019788
0.831293156590836	0.470317201544233
-0.39957930804187	0.202433169512472
0.770519442986461	0.702048585807478
-1.41608521537892	0.982408705533604
-0.619348622259712	0.358777274659978
-0.297036028385729	0.192274407308993
0.788997021612096	0.585576320430987
0.178247293642085	0.108847479542289
0.551619199126258	0.318546684684658
-0.210218624632898	0.0952497615147553
0.318762839941691	0.246945971569205
-0.209074634551795	0.141587866841512
-0.263638116354602	0.213644039950188
-0.660179455178263	0.634900222310966
0.318317824304491	0.157257460990656
-1.35924717367111	0.915266201831735
0.842227213449876	0.583513609765183
-0.236485338470044	0.131381023967151
-0.959353035153265	0.593878985559944
1.21494823723521	1.16684584481271
0.26706750268497	0.147042409343362
0.529316733596646	0.336507418547293
0.403871951388756	0.333491643558877
0.0732054239998054	0.0411627670445994
-0.522695003191653	0.434248866673458
-0.104342324552541	0.0576640032717013
0.321044990227258	0.234735068953062
0.652735227905834	0.395652548723571
0.544608729724724	0.323991544332495
0.314873102125793	0.172824359198443
0.313503944739053	0.185911415204654
0.656603293526303	0.392491291424392
0.648467932449594	0.532652266591455
1.25775730407445	1.69709982583949
-0.0512156367169337	0.0293416987117133
-0.173562517549892	0.100401976339156
0.31215880740526	0.145116191549512
1.07818418588389	0.702814557319302
-0.181037874165222	0.0984296271552402
-0.169221342134598	0.0910677061183991
-0.177247616795915	0.135032036416934
-0.354956805373564	0.303411265447777
0.750672663696871	0.628645564152528
-1.13465120757664	0.968252721763364
0.632719852267285	0.380093894949801
0.479838990291649	0.302820481209712
0.810184874128251	0.701222081653562
0.0598429801050134	0.0355018784988206
1.74806844515373	1.78832412129854
1.02957736439497	0.784617475711847
0.569090118241826	0.363802600735377
-0.327382910955585	0.22559971293353
-0.190567359087806	0.111017462953087
-0.106057884856227	0.0584820798913152
0.0161525706680309	0.00848417130426022
-0.167779085056491	0.104079750410802
0.391064029285303	0.314241802241007
0.529568737836275	0.366822709838318
0.194891629791026	0.114336150896351
-0.760921409728385	0.407359821050277
0.281361069656693	0.130970616410528
0.512720905951834	0.369929134509564
0.158169482498122	0.0843809217950322
0.254569041665482	0.159799466045419
0.536927674643743	0.315967966948962
-0.157984803901135	0.0839946601498436
0.0981926409385795	0.0592688744951315
1.34683694761127	1.24676315328304
2.04443092931388	1.50056849956455
2.18683322831463	2.65908600514794
0.178698637244552	0.122197634727268
0.432062821885429	0.288765218845936
-0.316020202985397	0.230833657376316
1.23422000451557	1.20440664849621
1.53581707830387	1.03483701308229
-1.14286715424719	0.660707345396703
0.212636961888985	0.122029125552788
1.53183083181695	1.0239838276873
0.442218804917709	0.273893387508701
-1.34393490133635	0.857130390377061
1.01833860544368	0.907674952632233
0.939336246276739	0.890528395270721
1.47403281264396	1.07911426286805
1.24722870734009	1.4084479854348
-0.882647732047775	0.71140408404693
0.154035731346092	0.0689031908486363
-0.0493148560236035	0.0210756117454379
-0.837770452501217	0.568858419216606
0.104738413950349	0.0819236833580839
0.213196578918906	0.142511222284285
0.973988375222279	0.790170386082959
0.297888280094926	0.140124833755495
0.90702339846337	0.677856570870407
1.13431648619867	0.804626812754124
0.422092721685249	0.313734127521291
0.438050151475188	0.275229100554143
-0.869851158382691	0.608785647849063
-0.399052205357173	0.220611606896133
-0.791759240609273	0.445873774105414
-0.452068263276672	0.208510507268227
-0.491042027302105	0.257260334801875
0.15726307262726	0.0700768514129826
-0.544576407672295	0.34563021213611
0.892600360192192	0.666524189758598
-0.121828115218756	0.0576231220758103
0.449831300403806	0.28466220407499
0.952522661347488	0.652049934948428
-0.269388443953981	0.140519040515403
0.967800255460655	0.67357788943514
0.649845868276299	0.540683192973506
-0.0420447009062939	0.0200511686421106
0.0505577527372273	0.027954922161852
-0.724002551994175	0.637076153135445
-0.379109504699556	0.254567173782466
-0.419012624115225	0.212537955033164
-0.0444857360893036	0.0277165581850715
0.634923977369089	0.380524895628962
1.06860200540825	0.624922323345516
0.724269940304072	0.484014052308786
0.679098738897928	0.377833924253374
-0.607594829780114	0.352285399251362
0.53654901047097	0.317384286430012
-0.113586223080876	0.0537046454706458
0.554661503686688	0.246395486759157
0.697305951687798	0.499745037493633
-0.14498210095964	0.076381441717864
0.578555729274207	0.48838362928536
-0.316825240379509	0.152549207551588
-0.817911241429744	0.470744816455058
-0.306836123930968	0.18020979040783
0.962685135583673	0.658983096895572
0.674549133703348	0.376586377346159
0.422809718772638	0.224891923023819
0.332724767628147	0.139491940386049
1.02443455952417	0.988439752197843
0.449158666471859	0.235947737198969
-0.29607819691658	0.173048741239257
0.0500865142762672	0.0237923155753292
-0.409936068053386	0.208286014193684
0.252154084043196	0.138486395668051
0.530442718513752	0.316304649404777
1.62386396274854	1.32801421984994
0.625922183109482	0.415525992388639
0.642286522874109	0.391752872007744
0.194737805131905	0.0966346333339135
0.906036689182736	0.674045425490431
-0.0097451404336416	0.00471491854890862
-1.83455163941843	1.20196918939029
1.13928300667774	0.54623158257135
0.433061559430329	0.209793756064975
-0.690967322600333	0.426487120675552
-0.301060967919566	0.210394112716645
0.379639522104007	0.253282656436443
0.538082423703721	0.319835412485749
0.620730243459212	0.476871511103525
0.377380521307364	0.300911893665684
-0.667609174849542	0.410979526176792
-1.28159428894749	1.15026480685822
-0.530492708962927	0.292038216955362
-0.322773629000111	0.225541172872804
-0.303410925102702	0.181642481515739
-0.9369520232154	0.672838441124662
0.17330670347483	0.0917035018803752
0.0751016757583793	0.0416866158731256
0.274872879947461	0.165271522346305
0.411065804736103	0.271901366979731
0.53409959146628	0.347106754247972
0.514032110497442	0.359528078664191
0.158624564199697	0.0844421752111693
0.149259205386871	0.0854587280579498
-0.447182873424483	0.341941177452324
0.75032818397156	0.59067070258879
-0.669715520400304	0.464702583700314
-0.0174959512317017	0.010686993812844
-0.0429649525744776	0.0290359082025738
-0.192736650075738	0.0942727575335081
0.192068812525978	0.0860041986946953
-0.0373821962033887	0.0196415343800964
0.268682305175141	0.155830888690171
0.575377047007064	0.541226080768659
0.920085870981482	0.861749415704123
0.0179364040094276	0.011348548366014
0.0129996261940594	0.00821751276008114
0.785872323821851	0.712608400590528
0.15191380554768	0.102259368849145
0.0922356008938379	0.0714048945108243
0.42164582315228	0.383523166733368
-0.0924462571742898	0.0511503176581626
0.422612115564396	0.29841524700715
-0.201600721656561	0.129043034629811
-0.257744181090644	0.144768551413582
-1.13412119100177	0.801443390704903
0.0991310660371138	0.0627201747936775
0.368906974808942	0.242598729664007
0.171372315025103	0.0922858147173347
0.144123554942914	0.0589536921940498
0.3207628418425	0.233584423714445
0.455138092877668	0.286282043664027
0.520794413744853	0.358636920527107
0.635511189886507	0.518292221456537
-0.0753320232504989	0.0390171145306453
1.0035125161232	0.887146851244128
