x	y
1.81256361946551	0.57834251056048
-1.41151445005737	0.392781075624489
1.81256361946551	0.57834251056048
1.80577814402211	0.579897169515412
3.08391234553555	1.25717266780208
0.389091380780796	0.0893837858796829
2.58453692416693	0.9378225742295
1.81275735644485	0.578334100363068
1.81275735644485	0.578334100363068
1.64119049450544	0.61119082259967
0.386804340501861	0.0890870371925953
1.81045946197748	0.578570674290805
1.80577814402211	0.579897169515412
1.81256361946551	0.57834251056048
2.5778136971617	0.957067152435729
0.373898439728092	0.0868259292003649
1.81275735644485	0.578334100363068
1.80577814402211	0.579897169515412
0.381939954112183	0.0885630978825824
1.6392589264181	0.627523522545358
0.386804340501861	0.0890870371925953
2.00578852996833	0.903803680087074
3.07625684166309	1.31471095169835
1.15197220708405	0.359022029649851
2.57551660914786	0.96051052751055
2.57066000659288	0.949369245848186
3.07422077314251	1.3181512074564
-0.0194418509515638	0.00592241143405884
1.14681573565414	0.348473398236408
2.57551660914786	0.96051052751055
-0.793673019859011	0.233322412272975
2.5778136971617	0.957067152435729
1.63610231599339	1.01018108031976
-1.41151445005737	0.392781075624489
1.64715243246245	0.638228599311507
1.14995929943828	0.359644120216764
2.5850139056114	0.9375104362967
-0.318733942823603	0.0784860044620643
3.06689999323772	1.30696449185998
1.81045946197748	0.578570674290805
-2.94529170648287	1.08184221173329
1.81275735644485	0.578334100363068
1.80577814402211	0.579897169515412
1.81275735644485	0.578334100363068
1.64518671872761	0.620623171341693
3.06689999323772	1.30696449185998
1.80577814402211	0.579897169515412
-2.59403623540671	0.862321687590532
1.80577814402211	0.579897169515412
1.81275735644485	0.578334100363068
2.58246518877188	0.954808913265067
1.81275735644485	0.578334100363068
3.06892463579121	1.30354025392078
1.80577814402211	0.579897169515412
1.81275735644485	0.578334100363068
0.945502239418716	0.339849482937852
3.44603537524276	1.64364191375367
3.44572997674484	1.64515659806724
1.63216729459535	0.618689664722546
4.18329497067583	2.65018169404085
3.97382382163932	2.30558199214761
1.62624531373193	0.811107246732369
3.43138577272834	1.63403113588099
0.938338060407952	0.343201333933568
0.946160588335457	0.33964074022882
3.97925328168873	2.30998663039654
1.60249002507305	0.796905916401752
4.38508385795963	2.95823579851177
3.43652865568349	1.6582101694691
4.56524680060263	3.28547345250504
0.53368846398099	0.233870211967529
4.84855583846743	3.85993682400221
0.386804340501861	0.0890870371925953
1.06298034661843	0.552536960078905
3.98129682801048	2.29234900534901
3.98236411101984	2.28806178045914
5.16209110640547	4.5974345612357
2.5778136971617	0.957067152435729
2.5648052520912	1.49748988372418
2.003439064311	0.904317302889556
3.45093778969944	1.64938658358838
3.44572997674484	1.64515659806724
-2.11457542201993	0.632270703085136
1.81275735644485	0.578334100363068
-0.32103307202361	0.079007025149334
0.370283326854797	0.0861979910131646
2.55363287980664	1.46740972276725
2.57066000659288	0.949369245848186
3.0813141475216	1.31594402364979
3.07625684166309	1.31471095169835
-1.42216381198801	0.392677803121387
1.15701051518738	0.357024714890045
1.81045946197748	0.578570674290805
1.15471996708934	0.357712411221442
1.81256361946551	0.57834251056048
3.07625684166309	1.31471095169835
0.948502442595783	0.343903809983503
-0.0405755758686544	0.0107813708187787
3.72484760623082	1.98748619153233
1.61591583568806	0.823032535434358
1.31149991811851	0.573872985799551
4.17577000562397	2.60797817643706
2.98138165467045	2.87355336898086
2.56796160237858	1.49633400284811
3.34128852360319	2.71307164772821
3.7345529618008	1.9840170302838
2.67029988458951	2.19432381487533
1.85360274061608	1.25240844291689
3.14129163898352	3.14736160227907
4.85711883918453	3.86211876248936
2.99559080854731	2.08014868945087
2.79350847222009	1.78951797761964
2.96615385513481	2.04489148758227
1.63489476929393	0.621404558242662
2.83179364510653	2.45033489504194
3.16149376092299	2.33603533382493
3.78118394866463	3.67947418372491
-0.147939055982005	0.0495450965986439
2.55535036785611	1.47050899082843
2.2972608440767	1.17518727684241
0.940654153720297	0.332363917605798
-2.95142896060397	1.0932285262034
1.85258798543629	1.05113610506263
2.57757744392236	0.957433505286922
1.81275735644485	0.578334100363068
0.389091380780796	0.0893837858796829
1.63955817084745	0.627204809229306
0.0148356168964958	0.0051050334039024
3.07422077314251	1.3181512074564
1.87818354485953	1.07266282374
4.72244445500472	3.60784812782552
3.07899560381092	1.29851017680794
3.08158902571449	1.29153111501543
2.57551660914786	0.96051052751055
1.29704901941466	0.561460256129736
2.58039599621734	0.941752296283537
0.44515396789369	0.128009718182639
2.68106823187679	2.2267619405987
1.64975399817589	0.626066684434427
2.97188492438583	2.01255959750011
2.28801219809047	1.58343172751738
1.15224186187344	0.358935209934184
1.07277414849602	0.574661517208899
2.30507720749545	1.19731082121008
4.37054248822245	2.87937480380412
1.30280391548738	0.560259357254657
3.17694226605156	2.35418524387346
4.72389187130405	3.6045181872931
3.32073485121922	2.68864119497521
2.22531282293596	1.82438432992961
2.45755524425397	1.83870379864946
3.74023762331473	2.0035974580432
2.32442421933897	1.17511080677256
2.81846725528857	2.52296834131982
3.14452085794768	2.30099667303192
2.58039599621734	0.941752296283537
1.15727261407567	0.35899800278529
3.44139163272599	1.65421730138556
1.29336029725029	0.559210288356874
-0.32103307202361	0.079007025149334
3.73252041030034	2.01562686262797
3.96638721052615	2.30310378549378
0.435004018193736	0.1261236136782
2.57551660914786	0.96051052751055
-0.326086336851824	0.0802709064148997
1.15727261407567	0.35899800278529
2.77102419241524	1.72021946722123
1.15727261407567	0.35899800278529
1.26270978855764	0.822481181630974
4.36887927203214	2.95513897807749
2.5827029666934	0.95444482507333
2.01340447103724	1.46268413075112
3.71988182378166	1.95663455009405
1.85140566113113	1.04129190863198
3.73285043233658	1.98116726691183
2.07871680687591	1.28816573542179
4.18841759041063	2.62616208818221
0.843468501514109	0.346336074922184
2.4942672332048	1.89306492804897
3.65724012281958	3.39777725964115
2.83187485808865	2.47956267063903
2.01848143116039	1.4760603607442
3.74270897577697	5.0547386195401
1.15203351062182	0.888419481886859
1.33079559715262	0.803684277295008
2.4925307194344	1.86373267240084
4.56957165732704	3.27787759388164
0.510883992190323	0.219196822346875
3.72517503969138	1.98713699848761
4.85637890038092	3.89971326420359
2.10413561527756	1.32864635268294
2.79350847222009	1.78951797761964
0.850295792145554	0.358635176544262
2.84318309773696	2.52927687178178
0.381939954112183	0.0885630978825824
1.60646590314667	0.807117876325573
4.37696211817068	2.96504922654106
1.30870388351227	0.786724308567226
1.28733906670523	0.766502567955402
4.18917966911872	2.62482139585421
2.01412961239258	0.90045959750674
1.69272403903983	1.24369789836968
1.1286399970726	0.541267466362152
1.1117241029603	0.778505233580477
5.26477787197109	5.04480629044976
2.82973340442045	2.54850888824256
1.60211357991502	0.796913300085756
1.64745365950878	0.637896288405134
0.38712249202939	0.0889469399976088
2.29056575773901	1.17751874621644
2.30706253326102	1.17843025048798
1.83327681563548	1.63756843593328
3.43622658713387	1.65895261894807
1.08171796983966	0.577714614774525
2.23312486143776	1.8182315991985
1.32469816957793	0.56869392912137
2.57066000659288	0.949369245848186
1.60144832728969	0.794996169339333
3.00748741729472	2.85436738447158
2.57551660914786	0.96051052751055
1.17435019638922	0.563015600876368
3.98711153078041	2.33565773639127
0.437688456191057	0.125580008034337
2.7817484045303	1.78137918388793
2.03441607365095	1.54930544767074
2.07918492632324	1.28887887064716
1.09852335774633	0.58396226036964
1.07320609804772	0.635746457741094
0.446935212790722	0.127169877459528
3.07394835948079	1.31896016410163
4.39282184873763	2.96185987710976
2.07677177845732	1.31887190456062
1.3065934848969	0.793456964576318
2.00971089701785	0.898038431094246
2.00546242502354	0.904131435092317
3.72813331289338	1.95640430315638
3.15310573098472	2.37833593863327
0.864078137506154	0.354248468921601
2.05508638392333	1.55617579462474
1.85694542434786	1.26221692185592
0.821921375641256	0.37796576740903
2.7629462345287	1.7347917260236
2.06032998989743	1.76210483131446
4.56787564968088	3.26955998873193
2.54861505378794	1.47297572192773
2.038576987355	1.51435306662771
3.7381967022267	1.97829622589877
2.09805834552858	1.33342231402552
2.20862072369487	1.78240655837449
4.17335634973232	2.57936460226525
3.32601001183028	2.69444133446192
2.99231124324593	2.04413545320635
3.14670348013449	2.34666602794861
2.9785505617599	2.08424790162632
2.56568584067369	1.45624993760144
2.01316604350963	0.917368522828072
1.63891367784843	1.02947822976209
1.29842031414935	0.55487473653893
1.86909055884387	1.05809087464781
2.78468592982756	1.76190632052241
2.5850139056114	0.9375104362967
1.59359231533373	0.791808764179397
0.13439764743674	0.0425115592154898
0.373898439728092	0.0868259292003649
2.96146907317111	2.04821805786473
2.77140610827329	1.77973211485229
2.05590366077067	1.78873022289031
0.249956110448956	0.0908639364283197
0.528967460619185	0.230094531795158
2.57218773707115	1.48893973872411
1.16537986707334	0.555697645851226
2.29877706461643	1.18295513410503
2.26871096361225	1.55646997404959
1.63376115066319	1.00041806185392
2.21377125617252	1.83319110259543
4.70939559202899	3.59175040668407
0.0975813047422978	0.031747769481636
0.387357416083663	0.0889793030361124
2.56652804806831	1.47331594963881
3.44348966431113	4.92299428803069
0.975877918760423	0.677014754499121
1.87160448161587	1.08420533088588
2.29314398524508	1.60321357632801
2.66680442780462	2.22583389898171
0.123154290037716	0.0398741874002629
0.83952863816635	0.349187850563596
1.3044540264228	0.776085390740368
2.10887146998605	2.13834317454905
1.27868004758218	0.891338074942823
1.87397123162932	1.29395290130891
2.39704249226084	2.12773129621886
2.08935505848502	1.31352516211658
0.537473879766201	0.288592334836725
3.78440420865678	3.72273510102497
2.56329122299248	1.47435330820912
2.77932398698815	1.78591308132808
2.98588273923715	2.04608826167958
1.80577814402211	0.579897169515412
1.87485665282404	1.08409849393683
1.31912368943691	0.572635205782319
1.15727261407567	0.35899800278529
1.91977122430386	1.58968805469933
1.64715243246245	0.638228599311507
2.21229252131989	1.79090330544193
2.98676399851447	2.05367114140012
1.62585926360463	0.807558803318097
1.87880555020547	1.26830735757592
1.08162881822296	0.58024401343177
1.26564754833431	0.829849560816829
2.57046039920441	1.49801167502871
2.30119169062823	1.19760543205678
4.39239906019971	2.96439288986538
1.31392432900697	0.573981450775339
1.63522489495355	1.01556656274718
1.66742139122057	1.01896348189758
0.947840778399325	0.34412338927013
0.497512346056935	0.194709282287709
1.86941710128494	1.07160604184406
3.0070036485598	2.82988551897631
1.65720370710316	0.995023167441823
1.68934258945628	1.36002376582091
2.25675984546786	1.87610339249438
1.85393673366526	1.29101406228434
1.48432124318143	1.10098962030133
2.21800984115197	1.79060792648557
1.28339651465122	0.833316097852334
1.62033624667548	0.830302092887581
0.796746272593368	0.361425782724135
2.30351328845049	1.60133578060415
2.31057175053643	1.21438601153779
3.50915260239096	3.04284528516312
2.05990498022975	1.57605449306687
2.54830385311341	2.40399141183695
2.3109262473615	1.19487152641038
3.64293133581463	3.33333879772191
1.9096579704846	1.55937089808186
1.48227217337343	1.18084080610405
1.27630151640808	0.841737078021004
2.09344379060442	1.88436964797319
0.841642005568687	0.464000644478018
1.61706784694074	0.994652802105919
2.21644750406119	1.8167224846524
2.10656441162845	1.34597592440528
2.55707065345952	1.47584755434052
-0.374148496197176	0.142415090293311
0.381939954112183	0.0885630978825824
2.77500622007687	1.7627695206282
0.388856236225614	0.0893513438012124
2.06812556738793	1.83501692515096
4.21451773229634	2.59958026160773
3.13935032153069	3.25647359627804
3.42908906027034	1.63600040380876
0.595372484307875	0.296987257883356
2.11763240399751	1.32513019231736
0.826230289521497	0.378817920339691
3.9765679923611	2.3060975503741
-2.58575103484108	0.851921364801337
0.851671672071405	0.347739109595473
3.44169544984981	1.65349226807068
4.37946295930177	2.92017808658195
0.864524849761189	0.34958622617345
2.57757744392236	0.957433505286922
2.09390895508381	1.33280485758356
2.31057175053643	1.21438601153779
0.836598703771419	0.38192522279863
3.31460219169323	2.67758712479285
2.30815386597796	1.19935534798675
2.29325130257144	1.59838741865874
2.08367676533035	1.31051719100786
0.624612529488341	0.302701500388638
0.152439534794719	0.0615625691568857
0.447475291393906	0.148926430288643
3.32073485121922	2.68864119497521
0.551990309161378	0.238938913687667
3.32355428991484	2.68292055434415
2.07462917532863	1.52698675756566
1.8729958218167	1.03769252375037
0.855810913476296	0.354181972043328
2.01616843045719	0.916690493912292
-0.364659824612115	0.138588810958133
3.33803322441164	2.66164642084515
0.4619681356042	0.158338415513484
0.227283346118891	0.0843062562993859
3.17465036521699	2.35388387756651
1.59896083162352	0.805975570685554
2.57551660914786	0.96051052751055
2.00578852996833	0.903803680087074
0.381939954112183	0.0885630978825824
1.84911666006067	1.23885240437801
2.30289730258304	1.15720196482127
2.96488671673182	2.01750288176387
2.10081830591266	1.33610411726724
2.30542980935331	1.17833170212861
1.86575677786279	1.06919266414621
1.31096408753574	0.569592380927537
3.07926967573396	1.29774028538104
2.32105447776307	1.16875370500629
2.30815386597796	1.19935534798675
1.31349770324502	0.555581908395686
2.01303914590729	0.91200592124044
4.382992441645	2.92839866689934
2.55840596422665	1.45209192454518
0.508872390244679	0.199550729912702
1.7384808051081	1.28913415416394
2.55539710158485	1.4530220109185
2.77957972473958	1.77747306964363
3.73252041030034	2.01562686262797
2.10588447105967	1.3159262527419
1.64914996960997	0.626657759006669
1.87826550673002	1.04203370060624
2.66149585441688	2.17884377300187
1.49220261787394	1.1053549340358
1.81045946197748	0.578570674290805
1.44741846730197	1.00846341584419
2.01303914590729	0.91200592124044
2.5669134356882	1.47946583278582
2.98689727999629	2.05179489769154
0.437688456191057	0.125580008034337
1.86432106866013	1.05838464648777
2.55630822031745	1.47679306157225
1.60211357991502	0.796913300085756
1.13422475538211	0.548076562912315
2.00546242502354	0.904131435092317
1.31947872816854	0.58154081144167
0.459930977582697	0.157383456693987
1.61629774882858	0.8106208547367
2.08925296795137	1.3132019727387
2.05127892000536	1.55023014193974
1.60001451097923	0.795888153424999
0.378758799248336	0.0873510367033447
2.01336863343963	0.911680747451113
1.87882054369102	1.05797836388088
3.07191541302791	1.30060988602716
0.931909172312244	0.336578865596874
0.481994972568043	0.163296581694503
1.6293916766916	0.620999763807038
3.06892463579121	1.30354025392078
3.43138577272834	1.63403113588099
3.06190782775183	1.28672322621522
2.11151545834202	1.33111230734582
2.31401604904763	1.19388560818143
2.47042622134265	1.87847594619213
1.9027608841012	1.55089024902536
2.29099948967505	1.59901570107257
1.89374775998314	1.51475240326281
2.99236683442692	2.07773384350838
2.30815386597796	1.19935534798675
1.65263184144526	0.630012728055625
2.58246518877188	0.954808913265067
0.519478127096718	0.200370776584343
2.01649806825886	0.916361250213578
1.0756243003917	0.575718964797232
2.28972052853184	1.15718217062454
0.389091380780796	0.0893837858796829
1.62681619218395	1.00610022467296
1.63082720833853	0.99957879147966
1.61765051314291	0.796891456115553
0.930775388686349	0.334820385943925
2.04492654371429	1.52985274438574
2.57066000659288	0.949369245848186
2.57825761534924	1.48550553021297
0.813914736616823	0.379435207958077
2.77520780632	1.72052238777182
-0.158351329035275	0.0540327026407627
2.0035366643135	0.890966442211705
0.509323661064975	0.201272557533838
2.30266841014004	1.19642351923203
1.14087673151501	0.553152932689537
0.818361894379338	0.373940741938048
1.30060862216191	0.569542795047425
1.61731704493812	0.812588583991391
1.29704901941466	0.561460256129736
0.230231314761086	0.0840554688919558
4.1853436216529	2.6196029622628
3.51558857119764	3.01160071926581
2.01303914590729	0.91200592124044
0.49489667941898	0.19457779720273
2.10526961984087	1.3098354940774
3.43108543808854	1.63475119955058
1.84762829725528	1.28741931375519
4.84528945388526	3.91328402963628
2.11198606588471	1.32994623048172
1.41480110813071	0.791581068805777
0.459546171764579	0.158057903005613
1.59793303375631	0.801224433908685
1.87493338334949	1.07273022211675
2.9840071608019	2.04964300027021
4.70838617352556	3.59564410407487
2.6546812782036	2.15937199349325
-1.17463266609677	0.402245692536817
2.58246518877188	0.954808913265067
2.10615429258278	1.29465049469932
1.80577814402211	0.579897169515412
1.4660434937002	1.07959095812345
2.00546242502354	0.904131435092317
1.63489476929393	0.621404558242662
1.14708961910934	0.352884759430849
1.83614510637525	1.24974973989917
0.470814825306987	0.160576989852627
0.468740614511173	0.160304172406953
1.84896555036859	1.04596113829624
2.30266841014004	1.19642351923203
2.57551660914786	0.96051052751055
4.19432143450658	2.65657542580077
3.16835500871606	2.35118283852566
1.31202467756449	0.805837609249198
2.97039353313795	2.03757598376108
4.18674521238862	2.62185214382663
4.20438895648288	2.65391113051484
0.858571627719444	0.356471282440635
4.18879855589809	2.66041140315412
1.7205414831901	1.26968691569733
3.43652865568349	1.6582101694691
-0.0285768360081496	0.00802736292162451
1.64833827048847	1.02414506098718
1.15033214808816	0.533237636589106
0.806748737803578	0.368693056034122
1.64354275058959	1.01781606327869
0.847554060820247	0.347650535840762
0.535163015091927	0.230200874352572
1.87818354485953	1.07266282374
1.64463098456287	0.994996522562678
0.544967150096638	0.23922263375571
-0.360867351774214	0.133310166846543
1.15877917070115	0.557458944827299
-0.367739938645878	0.141098463092046
1.18399132790271	0.919871865126038
3.73753322921062	1.98046047232227
2.57757744392236	0.957433505286922
1.44675156650195	1.16797180840732
3.72517503969138	1.98713699848761
1.14296754575	0.540569016052652
2.29515686468072	1.17676795335893
2.01429566972189	0.893435902377158
1.63831693084645	0.629915116837088
1.31824151194815	0.577782408180156
0.808040078377865	0.376567869373577
0.94070627902179	0.347797326422389
1.0576971548897	0.610863462956686
1.84266654262417	1.64989503354118
4.382992441645	2.92839866689934
0.810645069908415	0.377721491963686
2.991368873956	2.04771939769537
3.15583393697798	2.383352918154
1.62253955869691	0.992617780793671
1.16842019060423	0.559247946780206
3.98988195073213	2.31325466312312
1.39015391172221	0.753138749124434
2.02837608295513	0.900949915778934
2.01138239340679	0.905860244785288
0.452366960240156	0.129014774531037
1.15956929141115	0.353848797342269
1.63489476929393	0.621404558242662
1.15700129687893	0.359084261243201
2.77710293900847	1.75108257271372
1.30632704810879	0.564725666890711
2.01080419021524	0.917878163437858
0.945831360339598	0.344958840724124
1.81256361946551	0.57834251056048
1.64715243246245	0.638228599311507
2.0184196238344	0.8992745781927
0.012590566621357	0.00449868814539701
1.14633107034946	0.350033453802162
0.925593614043723	0.335701156624668
2.55408225728117	1.42280372380392
2.29420196775612	1.17116230540423
1.14995929943828	0.359644120216764
3.07422077314251	1.3181512074564
2.30479519118018	1.19268786498736
3.44634087442464	1.60321995813649
1.40359602984866	0.778369073106993
1.85692985157907	1.29555494504846
4.38778464750062	2.97590268181663
3.7345529618008	1.9840170302838
0.862772385731621	0.356894609403813
3.43853636873109	1.65697509457057
-0.0295610216470226	0.00841923783770376
1.14036650852515	0.553793694435762
1.86088136641252	1.0542186793264
1.16250241213615	0.57131899763523
0.840108209898713	0.348852453471991
1.64745365950878	0.637896288405134
2.01853983959565	0.928593142144826
0.502391115342233	0.199004026748267
1.65945028066005	1.01156053308513
0.381939954112183	0.0885630978825824
2.09750574700841	1.31121911870946
1.4149243254129	0.775854093311413
1.29949532822514	0.567078691159717
1.63955817084745	0.627204809229306
1.0862482621053	0.632137865758513
0.449654336195934	0.129577583705201
-0.38407351350264	0.124656511760712
0.381939954112183	0.0885630978825824
2.28972052853184	1.15718217062454
0.938062948222777	0.340428430013029
1.81045946197748	0.578570674290805
3.43652865568349	1.6582101694691
3.72484760623082	1.98748619153233
0.856639233045946	0.353138579021108
1.60775629869942	0.809945943353373
1.3059766207843	0.564869257501267
2.57066000659288	0.949369245848186
1.14006888197725	0.541262059027651
2.58246518877188	0.954808913265067
3.08363665794131	1.28836071236096
1.15197220708405	0.359022029649851
-2.12234123160274	0.637594722384862
3.0813141475216	1.31594402364979
2.57757744392236	0.957433505286922
0.215666013532804	0.080316322257907
-0.327295126009007	0.080504045045159
1.14995929943828	0.359644120216764
2.01316604350963	0.917368522828072
-0.367713494696946	0.141613602191463
1.61123090011034	0.803508167867497
-1.41151445005737	0.392781075624489
-0.793372555865882	0.233212461554592
2.02598821080934	0.916547038747042
2.55917028286865	1.47785885007858
2.56834729871335	1.47529543846742
2.09298230680658	1.30339346160309
1.65232884439116	0.630327623928871
3.15260502716474	2.35371405509155
-0.0336979603029177	0.00938395866986133
2.95751385720764	2.0098581365939
3.43422193480066	1.63669384166705
3.9643614677728	2.27619493235249
0.813778077916337	0.375118967426249
1.3173992433676	0.574009779693994
2.69210010264912	2.19997955868631
1.65695250422108	0.626785212871931
3.97214139396321	2.31148558247758
2.77716424516821	1.7882009108053
1.64404337580805	1.03398828673186
2.01113205441839	0.917539301536541
1.62362148302133	0.794860308650887
0.936066970782149	0.340641495091394
2.79299781966847	1.74334196558341
2.38824298765707	2.12811678015035
1.63831693084645	0.629915116837088
3.06892463579121	1.30354025392078
3.44371153517053	1.67619063326831
0.929911103993733	0.336778422968623
-0.0393380181516177	0.0106022122303944
-0.816032389653909	0.242987451547753
0.386804340501861	0.0890870371925953
-0.329588432169323	0.081030044295638
2.55054997429741	1.45784176453383
3.73488371986947	1.9821477033994
2.78336142986817	1.76515449358433
1.63305417328527	0.987930022948115
1.14332032705855	0.354549436983091
2.57551660914786	0.96051052751055
1.30711681740938	0.574815634179781
1.41590864210607	0.794236576301356
1.6082448378418	0.81040225606613
-0.026853185526583	0.00771779362285273
0.798599106085732	0.365461557417038
4.86551260282117	3.95486436754078
0.555193454901312	0.249076217146782
3.97417678633059	2.33916593813363
2.00578852996833	0.903803680087074
1.64440170754647	0.635367436399987
2.02284500200814	0.911874667768063
0.471290057011036	0.159601057392389
2.32023681938543	1.1870373540362
1.32156028688205	0.572788874606842
1.39347293653469	0.761561290760224
2.2972608440767	1.17518727684241
3.44371153517053	1.67619063326831
3.95363202227098	2.22851635534244
1.15728241410937	0.352515563851567
0.468740614511173	0.160304172406953
1.65232884439116	0.630327623928871
0.777526213013989	0.342156508507649
1.15197220708405	0.359022029649851
1.65695250422108	0.626785212871931
0.482349745171166	0.163302053458975
2.00578852996833	0.903803680087074
2.5847753763123	0.951434056294316
2.56021186521006	1.47855098181491
3.98746919305759	2.33373331391263
2.10920918229357	1.33756423744806
1.15224659820535	0.548409532433493
2.01820946220312	0.913449531834958
3.06689999323772	1.30696449185998
2.76566664095709	1.75278318538375
1.85288133272485	1.03810835160713
1.64975399817589	0.626066684434427
3.06689999323772	1.30696449185998
2.003439064311	0.904317302889556
2.29038320676522	1.61821448328529
2.96390192810976	2.06422511188039
2.37209418316772	2.10830929633529
1.86950764635542	1.03902070867265
1.65433493911478	0.628354033763453
3.32648198617264	2.65127184942519
2.09236258788323	1.87990839917267
4.20750012943075	2.61610968175506
1.14270422844595	0.353753757992918
0.275461661027459	0.12769700657025
0.811091679502446	0.372730536466752
2.81846924328539	2.5067225610336
2.02155531887141	0.903820977688188
2.30854768662347	1.60510211270775
2.01853983959565	0.928593142144826
3.14816069850261	2.30711539245258
2.65721426029195	2.18550208077573
2.78299170311751	1.70007622806876
2.98180997568381	2.07634498559889
3.18392994753555	2.32565253288296
1.14995929943828	0.359644120216764
1.12829733443374	0.538627246960522
4.72389187130405	3.6045181872931
1.64471388314727	1.51709380735574
2.23741870455035	1.82899467637688
1.14820846849957	0.551250783191172
2.00032619806454	0.899743023662988
0.615408558245232	0.304211894682731
2.57469215360523	1.47033885322185
0.938062948222777	0.340428430013029
4.69983785818909	3.53961090092835
2.5648052520912	1.49748988372418
1.15660940160748	0.553771899194811
2.82573456605682	2.5503821655848
1.69470021384088	1.3282965854735
3.07625684166309	1.31471095169835
1.62981450769852	0.996631400914769
2.28825201999625	1.57743702819257
2.97571065510276	2.05717208683146
3.73016083045583	1.99020875135088
1.30257175068484	0.570433159223239
2.56757605572457	1.4761964794174
2.38448056700622	2.09201682694953
3.44603537524276	1.64364191375367
4.55586405178196	3.24375647767285
3.96911719328135	2.27102914297753
2.5847753763123	0.951434056294316
0.927861132607613	0.338912213867668
1.13490954962828	0.550850715032877
0.467549006141135	0.161188456679526
2.5521181970668	1.45721118069914
1.61251831780817	0.831223392734876
1.30257175068484	0.570433159223239
0.386804340501861	0.0890870371925953
3.97214139396321	2.31148558247758
2.57046039920441	1.49801167502871
1.42963620555805	0.78506171696084
1.13632149957436	0.350693702520287
1.63286670681234	0.622491454865693
2.0231778792574	0.911113877375011
3.72517503969138	1.98713699848761
3.43422193480066	1.63669384166705
1.63602636408747	0.621870313032743
3.44169544984981	1.65349226807068
2.32370581540211	1.20143849160006
1.86056710118916	1.06933519424879
3.88112490562005	3.88704747364373
2.58039599621734	0.941752296283537
2.79133327449026	1.78556725644158
1.15729147895589	0.557346641492327
2.57180027463651	1.45761584927976
3.14702882923	2.35732869884797
1.15700129687893	0.359084261243201
2.01113205441839	0.917539301536541
2.28587067821846	1.59731199435183
1.15659708317753	0.563662411517075
1.28538859176853	0.751027713208843
1.31788572380749	0.565820294103945
1.6440297410052	0.617901976159311
2.98308551707541	2.05523325918273
3.44371153517053	1.67619063326831
2.9780867681281	2.08532702927787
1.30983527673176	0.569349326143174
0.840108209898713	0.348852453471991
2.77140610827329	1.77973211485229
4.18636518481299	2.62141191259237
0.469272070923012	0.15940576857475
3.98880655527552	2.26636505711523
1.65157119063191	1.01596022434557
2.94956895165575	2.00484487950104
3.98405531989639	2.30491088562674
4.18841759041063	2.62616208818221
2.56729897292128	1.47068740218222
-0.329588432169323	0.081030044295638
2.3072110100459	1.20755648528925
3.95363202227098	2.22851635534244
1.65664791667999	0.627065647997308
-2.58575103484108	0.851921364801337
3.14769908120077	2.34653962361526
3.72517503969138	1.98713699848761
0.497969305233068	0.196839250851521
1.8805149422404	1.05522694752759
2.84783944533042	2.51228405680167
0.953316793236908	0.341353812581636
2.3060923745818	1.17963965804492
1.3212044468752	0.56113846162476
0.447615811086697	0.152733304872969
0.933028860279755	0.335158231659686
0.925270524834128	0.331948628206427
0.123154290037716	0.0398741874002629
0.545376077555283	0.234183447849795
1.64945193411495	0.636815169113368
1.15956929141115	0.353848797342269
2.56231542344525	1.50156499544493
3.7345529618008	1.9840170302838
1.64230005514351	0.629994079538676
3.06892463579121	1.30354025392078
3.06892463579121	1.30354025392078
3.07422077314251	1.3181512074564
2.30507720749545	1.19731082121008
1.61213646455477	0.819107620729212
-0.169693977242428	0.0564129028357495
3.43823356696493	1.62843601559653
2.31016530541272	1.16134617025611
2.76984130995681	1.73208472735686
0.938338060407952	0.343201333933568
0.843286010431942	0.34760577781589
0.452366960240156	0.129014774531037
0.44515396789369	0.128009718182639
3.07394835948079	1.31896016410163
1.65695250422108	0.626785212871931
1.81256361946551	0.57834251056048
2.3036278449377	1.1948285588549
1.3967278958832	0.771338658079497
3.96841487495481	2.27278275700127
3.48998476146004	3.03793309906381
2.29720404792069	1.17773750266794
3.1576498598209	2.34075501562997
2.5847753763123	0.951434056294316
3.98369876203407	2.29482968575478
1.64226887080462	1.02218188264656
2.5778136971617	0.957067152435729
2.2975538689756	1.17762048472898
3.33454504429519	2.70123746636252
4.54842862890878	3.17400355167083
0.943758243817856	0.332148452845056
0.459930977582697	0.157383456693987
2.02091505785162	0.912255878143907
4.53448704391888	3.22622821272405
3.34693053748576	2.71629054517457
4.38048583097786	2.93703848337421
2.54861505378794	1.47297572192773
-0.369885826376542	0.118083360243207
2.01316604350963	0.917368522828072
1.61983093155432	0.797466535178054
1.41872931894336	0.787812456711597
2.30756545321288	1.18826106055597
0.131068420293887	0.041566886033362
1.62373307132501	0.822214274816007
1.54594353197625	1.05449135397738
3.43853636873109	1.65697509457057
3.42397981700002	1.60913005792329
1.64975399817589	0.626066684434427
2.57757744392236	0.957433505286922
3.97452987189749	2.30377460218261
2.2975538689756	1.17762048472898
2.57066000659288	0.949369245848186
1.61560274871671	0.96113887363546
1.3257179041533	0.790028677522287
0.811962906138643	0.375481282194283
2.49702238386228	1.89517706275871
1.31704500353289	0.574153621318026
2.76669149121823	1.73526139152412
1.29729465165961	0.558391508607601
3.42397981700002	1.60913005792329
0.468740614511173	0.160304172406953
0.449956490366664	0.128136304667589
2.98588273923715	2.04608826167958
1.86827367061107	1.056637552785
4.37197250155323	2.92980486520591
1.64001387550127	0.631392365244923
3.08158902571449	1.29153111501543
3.06892463579121	1.30354025392078
2.55707065345952	1.47584755434052
0.387357416083663	0.0889793030361124
3.07899560381092	1.29851017680794
0.388856236225614	0.0893513438012124
1.60249002507305	0.796905916401752
1.60211357991502	0.796913300085756
3.73049001185693	1.98987141609617
1.15929717085138	0.358391556930121
0.919552315404813	0.327467896697892
1.80577814402211	0.579897169515412
1.14769202191641	0.358267165374319
2.58246518877188	0.954808913265067
1.81275735644485	0.578334100363068
1.85049273895113	1.00422734625376
3.72484760623082	1.98748619153233
3.43652865568349	1.6582101694691
1.63653547354424	0.617469073502468
2.30017350790092	1.17825551390312
1.85009053708177	1.27094986825806
1.86871532928984	1.29674148991826
0.561346740753047	0.251392473430051
2.00150906992668	0.90586930039781
1.14603983901454	0.558335289015246
2.05390156626653	1.56603045661866
1.3106108999453	0.579073050182864
2.97766593750368	2.07146917258393
-0.157705403908329	0.0540346571420908
2.31057175053643	1.21438601153779
4.39805965786859	2.96403987087132
1.31025332231563	0.798429724303605
0.464275620623467	0.159751841895367
0.490694399511197	0.190300893666941
3.51287638249085	3.03127905447701
3.43652865568349	1.6582101694691
1.39279873485249	0.762454259622526
2.5778136971617	0.957067152435729
2.57066000659288	0.949369245848186
0.378758799248336	0.0873510367033447
2.29720404792069	1.17773750266794
3.72517503969138	1.98713699848761
3.74194744404181	1.96312025935539
0.508973182317891	0.196190059395824
0.837619350760934	0.348379886772529
2.22628017553063	1.85495022108264
2.5778677589961	1.47938019151026
2.10066022567649	1.32115451252217
2.77140610827329	1.77973211485229
0.388856236225614	0.0893513438012124
2.96390192810976	2.06422511188039
0.926822466092896	0.338094740953324
0.821463183805804	0.371470337418442
3.7228276196854	1.9623996577694
1.64956902881442	0.627538586047757
1.15929717085138	0.358391556930121
1.85775397003027	1.05102366843947
1.15197220708405	0.359022029649851
2.30428120263721	1.17777148300373
2.77974282795856	1.78478163746822
2.57551660914786	0.96051052751055
1.63727736835462	0.628591326830438
1.30754484862817	0.774246870765188
1.61653411316421	0.935823202908789
3.72719788451597	1.98803617077715
3.06892463579121	1.30354025392078
3.74023762331473	2.0035974580432
2.00877313061238	0.905895491430518
0.377430138069654	0.0870207847909504
3.44891088252907	1.65655944931031
3.06689999323772	1.30696449185998
1.14121934705782	0.544467089425962
1.6092384764464	0.807745923494987
-2.59746896280767	0.856847653258548
0.934244469311174	0.34273476266917
3.07625684166309	1.31471095169835
2.01540673585469	0.923787604582237
1.6211067547256	0.812583096934565
2.48831037555243	1.92179853219217
2.77716424516821	1.7882009108053
3.07191541302791	1.30060988602716
2.5827029666934	0.95444482507333
3.44860455672847	1.62825073830644
4.20024921495748	2.60538612108495
2.97235666198532	2.0244011676727
2.05467769951016	1.57241751130724
2.01113205441839	0.917539301536541
4.18636518481299	2.62141191259237
1.64349137347739	0.622236474866519
2.68939994084382	2.19390188273702
3.44139163272599	1.65421730138556
2.9802592599954	2.03954112870274
1.06763522868668	0.561659653773209
2.55459250179266	1.47981872931032
3.49188312821562	3.01307431109706
2.2444428373963	1.8402775389085
2.77140610827329	1.77973211485229
2.07167767138671	1.29988174647402
2.09805834552858	1.33342231402552
2.66539120007051	2.1270666758776
3.14971657271913	2.34212519063445
3.71955612444413	1.95697462182563
5.16886297685427	4.65976320867514
0.449654336195934	0.129577583705201
1.31606539420014	0.778542342281271
3.7345529618008	1.9840170302838
2.01744705198217	0.908376275722839
-0.652050667522919	0.238772256700657
1.30266856875786	0.569776086271543
2.01820946220312	0.913449531834958
2.48414852029125	1.89300651125959
3.91058289414168	4.01999562878837
2.02738105603138	1.5258710954946
3.77775446425359	3.66789689724079
0.381939954112183	0.0885630978825824
2.05010702312316	1.54062800249601
2.29180701571709	1.17031328373143
1.32469816957793	0.56869392912137
3.44603537524276	1.64364191375367
0.437688456191057	0.125580008034337
-0.175025067184516	0.0585111014463772
1.15956929141115	0.353848797342269
1.14006888197725	0.541262059027651
0.102018965565437	0.0334520409005067
1.4098705716455	0.774339442110914
2.31608760129162	1.21400243950159
1.60684555267708	0.818892276504791
3.97960812614647	2.34353774699792
3.99122023287866	2.26890808561497
2.01616843045719	0.916690493912292
0.932235476672269	0.336463516126845
3.97586036523418	2.26381340699605
1.64230005514351	0.629994079538676
1.65112382999708	1.02212727756574
2.57066000659288	0.949369245848186
1.14496257201798	0.35509824568904
1.81045946197748	0.578570674290805
3.06919540525571	1.3027545160526
1.41241209518348	0.772995449512287
3.07899560381092	1.29851017680794
2.30479519118018	1.19268786498736
3.08158902571449	1.29153111501543
4.39848504493759	2.9615283142019
1.29463986926007	0.561361137987999
2.5191882510507	1.86355201358577
3.45155224134939	1.60735131040004
2.57757744392236	0.957433505286922
-0.800920844225984	0.236493729089377
4.38173921516215	2.93178804070405
0.540855784809754	0.233566020058977
1.84824542743794	1.03000229740035
1.6293916766916	0.620999763807038
2.55429090475547	1.44452204548953
3.72686972326692	1.95663938703862
3.74228072037679	1.97275912819201
2.5778677589961	1.47938019151026
4.37487937495461	2.93489815976427
-0.373469998756015	0.1189875933527
1.62157364949392	0.977885085614634
4.38173921516215	2.93178804070405
2.57066000659288	0.949369245848186
1.41180026342999	0.784014581144396
2.30507720749545	1.19731082121008
1.4304116533104	0.784526390929238
0.943078321249644	0.342123812424083
2.10229815803058	1.33188861833274
0.452366960240156	0.129014774531037
0.514253498493353	0.201840639266222
2.01887032465644	0.912360476103855
3.07394835948079	1.31896016410163
1.60211357991502	0.796913300085756
3.77834832361892	3.66180895472235
2.58453692416693	0.9378225742295
0.555735140133261	0.246248742157383
1.61803322730635	0.812342767477625
2.96100655926467	2.02548181747878
2.4850373307628	1.8903566927118
3.73252041030034	2.01562686262797
-0.822817526499684	0.235547006920247
0.845810165620606	0.35511032086096
1.14995929943828	0.359644120216764
2.31325684520524	1.57853519377461
1.80577814402211	0.579897169515412
3.07653005489351	1.29030396946406
-0.38407351350264	0.124656511760712
2.5617528478302	1.46033264697999
3.74938172502484	1.92174354987649
3.97382382163932	2.30558199214761
1.62160877051443	0.823923607148601
0.433805550955191	0.125899356402515
3.98988195073213	2.31325466312312
1.31019145586118	0.578228622623603
1.81256361946551	0.57834251056048
0.839695273635479	0.350263318073248
0.450357276379642	0.128882961127995
0.938387366171497	0.340308443060998
2.57757744392236	0.957433505286922
1.3106108999453	0.579073050182864
2.5847753763123	0.951434056294316
2.5778136971617	0.957067152435729
3.06919540525571	1.3027545160526
2.57551660914786	0.96051052751055
3.99265806209938	2.20551313400571
3.44603537524276	1.64364191375367
1.64715243246245	0.638228599311507
0.381939954112183	0.0885630978825824
-0.0498671805121394	0.013087551895603
2.01316604350963	0.917368522828072
4.181248040751	2.62116383248772
2.01283744550179	0.902585732964593
1.60775629869942	0.809945943353373
2.58368304918957	1.42868544955776
4.38424591088143	2.96246337804809
4.20089741722986	2.61281114296737
3.99573347414966	2.24234501862719
2.0758583611741	1.29800579729104
2.00800901489845	0.912839221353983
2.00686943242492	0.904742311032226
0.850911787379618	0.347942701856789
2.5510832941741	1.47510558560549
1.62190229819877	0.793278002029177
1.87409457867988	1.0547013424166
3.73016083045583	1.99020875135088
3.73252041030034	2.01562686262797
1.15497990448255	0.354392783816625
2.00598621304406	0.914412291031552
1.64914996960997	0.626657759006669
1.80577814402211	0.579897169515412
3.43823356696493	1.62843601559653
1.60813492294571	0.809937325392738
0.511110827446654	0.201349745199314
1.06799292723513	0.615633112357829
1.85584638843709	1.26204495863902
1.61380032238757	0.812931003394543
1.15270367057338	0.353055808149433
0.466182218297822	0.158550678294967
3.07625684166309	1.31471095169835
0.436097412031641	0.126050626741564
1.59537939481937	0.783587704957088
3.06190782775183	1.28672322621522
3.43622658713387	1.65895261894807
0.120112223338295	0.0374321819126157
1.65187344979575	0.63567057185485
-1.41861533435082	0.392208760255697
2.5850139056114	0.9375104362967
1.64440170754647	0.635367436399987
2.00719998838068	0.904422183456058
1.64200058293244	0.630315938547516
2.01412961239258	0.90045959750674
2.02393635884699	0.919757114084648
2.0134947482036	0.901527174354077
1.13976881409061	0.353470691301919
1.15067597658217	0.559171509577685
-0.0402571787260352	0.0108533626026386
2.01113205441839	0.917539301536541
1.15929717085138	0.358391556930121
3.44658077322804	1.62685228459315
3.73521458563386	1.93735847633579
4.70716456637164	3.55924404998038
1.86068201931467	1.05438865691141
1.61803322730635	0.812342767477625
2.01649806825886	0.916361250213578
2.05648974096191	1.56675610196023
-1.41151445005737	0.392781075624489
2.48941971498804	1.89427704195234
1.6071227474701	0.806660645711992
1.40949525255243	0.792068798850318
3.98200822752626	2.33564603127287
1.42426955443795	0.77499154081106
1.59647722075963	0.796178585342629
2.38285456070552	2.41300356370547
2.05731424386504	1.56796949062654
2.97291572262007	2.04445258972922
1.65472460303365	1.00463206437725
2.0218867447727	0.903516730074207
2.00933876648371	0.890046430338173
2.02124639331569	0.891346911824434
1.85516888524963	1.06362538717321
-0.377967589873659	0.121478962124554
1.86315982954895	1.08220287162712
2.29226343073181	1.16116331989488
1.31824151194815	0.577782408180156
-0.793372555865882	0.233212461554592
1.81275735644485	0.578334100363068
0.386804340501861	0.0890870371925953
0.452669338422884	0.12760574663291
3.71955612444413	1.95697462182563
2.96165167215313	2.04324405909515
2.01036789923916	0.896991825646934
4.08757607749665	4.51783019596626
2.31299336831842	1.19592723591125
3.06190782775183	1.28672322621522
2.30053921067289	1.60904979680084
3.44340697884079	1.64697714754139
1.29252310943398	0.838565064616305
1.64200058293244	0.630315938547516
1.65387749255181	0.624303921069819
-0.32103307202361	0.079007025149334
-0.80501670800391	0.240131535761597
1.62693840868461	1.00814818254742
0.830406705322564	0.378443420786922
2.01887032465644	0.912360476103855
1.81256361946551	0.57834251056048
4.39239906019971	2.96439288986538
-2.12234123160274	0.637594722384862
1.81275735644485	0.578334100363068
3.07422077314251	1.3181512074564
1.81275735644485	0.578334100363068
1.58406936897162	0.768418364789642
2.7868525129007	1.74740043528758
3.07394835948079	1.31896016410163
0.935315120860993	0.342858748835626
-0.0298858259093641	0.00849839766739087
2.01080419021524	0.917878163437858
0.850678213762888	0.353159646859981
3.06892463579121	1.30354025392078
2.58039599621734	0.941752296283537
2.0023459152604	0.899560146204599
1.31947872816854	0.58154081144167
0.949205425894075	0.342140036316259
0.389091380780796	0.0893837858796829
1.1574534864605	0.563743430022637
0.841813442652029	0.345706249482656
2.7759602657669	1.77571958773482
4.38675665969213	2.93101640653156
2.31608760129162	1.21400243950159
4.57901995362714	3.24473110273123
3.73252041030034	2.01562686262797
2.31622734829004	1.59985090982878
1.62105271560483	0.79673273013509
1.5929378344694	0.792979351257712
2.58246518877188	0.954808913265067
1.64945193411495	0.636815169113368
0.94378479794137	0.345154379632816
2.01950868212496	0.885581103225443
1.6100217193988	0.820856254492216
3.43937863588065	1.62379068216173
2.5850139056114	0.9375104362967
1.80577814402211	0.579897169515412
4.18879855589809	2.66041140315412
2.9641932029952	2.04565723487888
1.33084764119774	0.801805656155742
2.10081830591266	1.33610411726724
2.31972702278359	1.601559186974
1.63727736835462	0.628591326830438
3.44891088252907	1.65655944931031
2.77554135695513	1.7463830158366
3.98746919305759	2.33373331391263
0.303572051565548	0.138315809226241
0.442856347300599	0.127861063358963
-1.41151445005737	0.392781075624489
1.81045946197748	0.578570674290805
2.5778136971617	0.957067152435729
3.07625684166309	1.31471095169835
2.57066000659288	0.949369245848186
1.16884117434582	0.556030447511478
0.94070627902179	0.347797326422389
0.953648574223852	0.341258450306898
1.80577814402211	0.579897169515412
2.30634755340132	1.17952586013937
3.07625684166309	1.31471095169835
2.0035366643135	0.890966442211705
-0.0265281782541497	0.00763985645704447
3.71754361276202	1.95612799486888
0.474311922169683	0.161280084742063
0.388856236225614	0.0893513438012124
1.15224186187344	0.358935209934184
1.72332647821146	1.29953108299288
-0.021472760417631	0.00646265874018739
1.60120703143377	0.805683701943601
1.63955817084745	0.627204809229306
2.00386617549332	0.905383190925864
2.31816119057749	1.21061446075152
3.43853636873109	1.65697509457057
3.44340697884079	1.64697714754139
0.861937286876041	0.358845132749226
2.55146240625485	1.45432507637551
4.56209212345806	3.26117963999808
1.32505514376962	0.577363361298982
2.99322317374345	2.02865433026772
2.07547525140338	1.28565626034496
3.72484760623082	1.98748619153233
1.32111549556873	0.80372395336923
-0.321238070497515	0.0797644464023098
1.15700129687893	0.359084261243201
2.57757744392236	0.957433505286922
1.80577814402211	0.579897169515412
1.07987723678706	0.574425092342132
1.607908848501	0.807483065900878
-0.385654731440717	0.123353210664801
-0.031317755054601	0.00880240620455318
2.29261787924379	1.17851521382264
2.00150906992668	0.90586930039781
2.29515686468072	1.17676795335893
1.62741188434839	0.622040440104626
4.37238526885879	2.93051769325777
-0.0342097368811425	0.00937089362924517
1.64241170212086	0.62688254731109
3.07598371730536	1.29177815049463
1.58432212496111	0.777419483026553
2.09114927345478	1.34671303452884
1.64945193411495	0.636815169113368
-0.32103307202361	0.079007025149334
3.07598371730536	1.29177815049463
1.15700129687893	0.359084261243201
3.06689999323772	1.30696449185998
2.58039599621734	0.941752296283537
3.9717892151763	2.31140447614342
2.00546242502354	0.904131435092317
3.44371153517053	1.67619063326831
3.07394835948079	1.31896016410163
2.5847753763123	0.951434056294316
3.32633288576925	2.66646507287869
2.00877313061238	0.905895491430518
1.84085256967268	1.24785469246974
2.10703429740956	1.32017989729069
3.44371153517053	1.67619063326831
4.17577000562397	2.60797817643706
1.54539416217074	1.05186426705872
2.31887573126939	1.18359931319103
1.85851300027179	1.05257558966641
3.07598371730536	1.29177815049463
0.444854208791125	0.127991221299979
0.375148585660825	0.0867251084402434
2.46427938844551	1.82203237858534
3.45296708002428	1.60958410997587
2.55926165200784	1.47173078644793
1.81045946197748	0.578570674290805
1.40664336392464	0.780101531357503
0.94378479794137	0.345154379632816
1.61685659043422	0.810236443422556
2.09722396463369	1.35235075131212
3.72719788451597	1.98803617077715
2.30427647871109	1.58619442316289
2.29160880657623	1.51538927530742
2.8218254957392	2.47521652587543
3.33779502914155	2.70835507439845
3.43652865568349	1.6582101694691
2.10081830591266	1.33610411726724
2.31816119057749	1.21061446075152
2.11173598199694	1.31143582679867
1.42149708106469	0.786832048994462
0.381939954112183	0.0885630978825824
1.81256361946551	0.57834251056048
4.18841759041063	2.62616208818221
2.29515686468072	1.17676795335893
2.78995294333326	1.74207616998837
2.78727489702017	1.78143272151952
1.64745365950878	0.637896288405134
2.30472472594129	1.1794437176518
2.01700889749489	0.903908230667825
1.85227132820822	1.01424010798688
0.819738347201829	0.373618582909931
0.782201124197315	0.481153111208496
1.60846942059244	0.792970169752986
2.30326956643205	1.17712426797924
1.08165781690502	0.581515748692419
3.73549595926684	1.97830280590037
1.60962322805908	0.791571069740851
0.221092953558199	0.0826895412711079
2.24561310026317	1.83739801200398
-0.892943634147908	0.36166814942888
-0.142632816274446	0.0487890993719975
1.63032056083846	0.984479995430338
1.16030158711879	0.572035362449104
0.806148978366588	0.403616764780877
-0.320968214320357	0.0797036181189048
1.61062329174893	0.798931387417613
2.58246518877188	0.954808913265067
3.07191541302791	1.30060988602716
3.07899560381092	1.29851017680794
3.97960812614647	2.34353774699792
2.01777812863276	0.907620344280977
2.78736343273714	1.73639110002426
2.77182126037124	1.75712836725798
4.86187046458399	3.96169567151216
1.91552507687634	2.00609399174527
2.23826818762626	2.13937300229715
2.30685668830628	1.18939341039644
2.78013011418315	1.72813375616798
1.62072142597783	0.829627764674628
2.05588877295855	1.56772601446883
2.66487805580105	2.19656387831285
2.56231542344525	1.50156499544493
2.51604680281465	2.35373762348775
1.86941710128494	1.07160604184406
4.87947060122993	3.95693149237357
2.79265830919101	1.74887839511611
2.78510716474827	1.7915886071351
2.21844243977168	1.82781556681134
2.50297643089103	1.90101157758595
0.819758755091562	0.421901894378078
0.680051581966069	0.376861919074898
4.17577000562397	2.60797817643706
1.52885192758825	1.05090319618437
3.97621411812397	2.3079922179444
3.08158902571449	1.29153111501543
1.41225938699442	0.783531017929269
2.08006130676052	1.32493040590497
1.64001387550127	0.631392365244923
1.31139807717154	0.795029418248988
0.110829029393774	0.0359732977800231
0.471165733369126	0.160581735569019
1.15812307708081	0.557048853310311
1.61062329174893	0.798931387417613
3.06689999323772	1.30696449185998
1.66513298714724	1.01801492888803
1.81256361946551	0.57834251056048
0.862388038612866	0.351838843649266
2.7712205356105	1.75236126583843
1.31149991811851	0.573872985799551
1.86315982954895	1.08220287162712
2.01700889749489	0.903908230667825
1.65239727675012	1.03468940761737
0.435796705805032	0.126031508905256
2.00578852996833	0.903803680087074
3.5001598094624	2.96163831369547
1.61040262700842	0.820849245771546
2.08149757145091	1.56483651803687
1.61803322730635	0.812342767477625
2.30812704868766	1.17402764232659
0.84667217147535	0.347899889766123
2.97848965699497	2.78877866984416
1.2776802867253	0.837855347131874
1.49590691183097	1.09065723035725
2.49130011419952	1.89558096208871
2.56834729871335	1.47529543846742
0.424533601971993	0.199015242739305
1.65108325371328	1.02885539799373
3.33510059373703	2.69955732008136
2.00546242502354	0.904131435092317
2.30136746176839	1.17298476681293
1.00854200578258	0.731063846909969
1.30958261819732	0.805515671236891
0.812594851229892	0.396136849340115
3.07926967573396	1.29774028538104
0.794866970227723	0.399628219150769
2.8050337822099	2.44944402415543
2.29225923542673	1.57852209698208
2.75739746474102	1.7219798445643
-0.386741610697938	0.125060166850504
2.98923459903844	2.06669872052485
1.82847603496352	1.23065258612938
1.60813492294571	0.809937325392738
3.44139163272599	1.65421730138556
4.38257451590182	2.9769998460529
3.98916489636801	2.31773613701183
3.32545944102223	2.68612553853438
2.23881946924174	1.80494058033075
2.01080419021524	0.917878163437858
3.98441200075291	2.29043350059457
3.73285043233658	1.98116726691183
2.07720682187796	1.30129285824046
2.08706051277728	1.30743770191189
2.31686860438535	1.18053758799886
1.64470270638588	0.635038415347163
0.811277610124157	0.412791839470743
2.05670231683225	1.54818757991567
2.474911599219	1.88296968374966
2.22601715720685	2.12736962663753
1.54624940801299	1.05058724169505
0.489206279253924	0.191651137913283
1.30711681740938	0.574815634179781
2.01283744550179	0.902585732964593
3.03625454666356	2.75180463543946
1.64945193411495	0.636815169113368
1.16072032844074	0.563843206387813
3.48244492097675	2.9645646714891
0.828548970931037	0.383647888150369
2.9780867681281	2.08532702927787
4.40627925932476	2.92580343020222
2.77068957235064	1.72945077822791
2.74957308940875	1.69126502243374
2.49370608382903	1.91972518817973
0.427118124878878	0.120824980836755
4.57490321766641	3.27260925561899
0.934988669040866	0.34298285576984
4.36846789517916	2.92065733687735
1.6302286073714	0.800661002738607
2.32069526725778	1.19377252833285
-0.391872920773668	0.124175274540338
1.16318277791526	0.559027630034414
3.73786491162249	2.01245103597413
1.86301690316504	1.06342110532415
2.00746288255577	1.94023539785453
4.17539427240835	2.60755901366176
1.15700129687893	0.359084261243201
1.87711991635497	1.06098854272816
3.43138577272834	1.63403113588099
0.837530579387745	0.381465475952154
0.858336181302308	0.349519583016388
2.49668200658089	1.89308026311293
2.07100472475863	1.55005504116209
2.30803961338251	1.61252528426301
2.55707065345952	1.47584755434052
2.98361292326638	2.05427252461089
1.61341950195876	0.812934174888886
2.5847753763123	0.951434056294316
2.83515574995097	2.47724961512936
2.28389469411218	1.57042904976186
1.28663538702602	0.55059686906829
1.279385531898	0.92290152433062
0.508973182317891	0.196190059395824
1.07604348479088	0.578580379096012
0.124431569831854	0.039551757959044
1.91464822246169	1.5678409936029
1.61814573845908	0.811883417008159
1.14969984760416	0.357649385936917
2.57066000659288	0.949369245848186
1.72087914645911	1.30664029544698
1.2828401744638	0.92460766772611
1.86083474372587	1.06483518651734
2.64720313498848	2.1584388039392
2.250075720845	1.86205860365385
2.96219079733092	4.14363188951113
3.74766454481472	1.97844083639306
2.3024177697449	1.62890505624549
2.98308551707541	2.05523325918273
2.57066000659288	0.949369245848186
2.03500602665729	1.53411560296699
1.8711847398214	1.08498217525104
2.5778136971617	0.957067152435729
3.71228113218637	1.92395172517159
3.79413212640032	3.74938579603807
2.57066000659288	0.949369245848186
2.00768130073925	0.913173903964439
1.14270422844595	0.353753757992918
4.36639487313672	2.92432484878786
1.07597032450183	0.567973799793259
-2.59403623540671	0.862321687590532
0.469348578417489	0.157675395474764
1.61591583568806	0.823032535434358
1.62122478406078	0.812213201024747
1.88256548708813	1.06871842753298
3.44634087442464	1.60321995813649
1.65387749255181	0.624303921069819
4.86517065002606	3.92016406607845
1.61341950195876	0.812934174888886
3.80877325331241	3.75936969677616
1.16072032844074	0.563843206387813
0.988805181128254	0.686442850188383
0.240676845246678	0.089074206436362
1.14863310428612	0.550886449636838
0.813778077916337	0.375118967426249
1.31661071624203	0.804754483200086
0.459546171764579	0.158057903005613
1.43378160503893	0.783980520046796
0.540291709432323	0.237972249155386
1.06681912283476	0.616547925366121
2.02556276957295	0.890336311792588
2.02046481399641	0.900495137963318
3.07899560381092	1.29851017680794
0.439450986635441	0.126147307935794
0.861099405000411	0.349864855552885
2.30809515684641	1.62451199121361
2.57218773707115	1.48893973872411
0.474311922169683	0.161280084742063
2.32033618098048	1.19479155077194
1.60106689329585	0.807030039185058
0.835308606663643	0.339328382051496
3.73990509096128	2.00551060758524
1.61455367811623	0.818232760466454
1.31392432900697	0.573981450775339
2.31816119057749	1.21061446075152
3.33466857372046	2.66742488823947
2.55887807938513	1.49286019534392
2.21543519547664	1.80862299837822
1.60435800458475	0.817838126462223
1.28487079126053	0.845322973469659
2.7691408354892	1.73126393384282
1.86163101672391	1.28202813397931
2.77674672401272	1.76616704687936
4.20477651042202	2.63903276212709
3.07191541302791	1.30060988602716
1.14705774937297	0.548246215496687
0.442455353988481	0.128578622840416
3.73346085395007	1.93967756546813
3.44139163272599	1.65421730138556
1.14995929943828	0.359644120216764
1.12905364391861	0.541334050758054
2.05153053128817	1.54318338889876
3.06919540525571	1.3027545160526
3.97721168597421	2.30658432902081
3.96638721052615	2.30310378549378
2.78336142986817	1.76515449358433
2.7759602657669	1.77571958773482
2.49723947856087	1.88063709869025
2.55459250179266	1.47981872931032
3.30004149593342	2.61120539456347
3.99259145279558	2.30764864395406
1.81275735644485	0.578334100363068
2.00769139813102	0.880019970837441
1.30612124828286	0.571426383853241
3.98369876203407	2.29482968575478
3.06919540525571	1.3027545160526
-1.42216381198801	0.392677803121387
1.0649240747671	0.566077192066188
2.30479519118018	1.19268786498736
2.78274594374107	1.72214262628452
4.39385352146355	2.95776766946755
1.40913079803014	0.77942401716503
2.31263807543784	1.19696621950212
1.29463986926007	0.561361137987999
0.135581285419868	0.0426194446252775
2.56796160237858	1.49633400284811
1.15483351266699	0.564809301295307
1.87233028073294	1.07493101587053
4.1904717242452	2.60943292847499
1.14995929943828	0.359644120216764
3.44340697884079	1.64697714754139
1.14131431881911	0.355152076536781
2.56231542344525	1.50156499544493
2.30507720749545	1.19731082121008
2.09805834552858	1.33342231402552
1.52427935201018	1.04412170911072
1.15110202328969	0.560332293586769
1.87599525028207	1.05434995589889
2.96744522298132	2.05175416130666
1.64200058293244	0.630315938547516
0.930775388686349	0.334820385943925
1.65849364778874	1.03757176453183
2.01853983959565	0.928593142144826
2.06894373981948	1.29699840542859
1.13969028029589	0.542814379380997
0.834029509788546	0.428102132625647
2.10378495135579	1.34942084082421
0.935317504880192	0.335371306726883
4.18879855589809	2.66041140315412
3.7345529618008	1.9840170302838
0.945831360339598	0.344958840724124
2.5489930875806	1.47313229258585
1.14302029425883	0.556889457149682
2.30949099708252	1.16769311759462
1.15700129687893	0.359084261243201
3.74023762331473	2.0035974580432
2.31851839938804	1.20954950098339
1.14496257201798	0.35509824568904
1.86163101672391	1.28202813397931
1.65156993810123	0.62558156229815
0.84916995159376	0.352466211956781
1.29285178941363	0.552813790487839
0.942039636076362	0.344206436287347
2.02058383053804	0.913020231521983
2.5476449183395	1.46664501205367
2.78769746602762	1.78825040842562
4.39133112961014	2.94265128341285
1.62906659344336	0.80204511713467
2.76187769461487	1.72176583860569
0.380220335111381	0.0881615126503493
2.31608760129162	1.21400243950159
2.30850744815963	1.19924213664799
2.00546242502354	0.904131435092317
1.86608752508844	1.06835265948795
3.44891088252907	1.65655944931031
3.72484760623082	1.98748619153233
2.55475169763577	1.45080567956527
1.81045946197748	0.578570674290805
3.44340697884079	1.64697714754139
2.56442081734112	1.49863630620331
3.73252041030034	2.01562686262797
3.1557292493293	2.36011958315154
3.73488371986947	1.9821477033994
2.31038423443536	1.60590708367914
4.18572350600616	2.61781818698671
2.23989380196735	1.87291267742823
2.77932398698815	1.78591308132808
3.31868666383744	2.66018108885018
2.29925029828771	1.60730960444538
2.01649806825886	0.916361250213578
2.31587627998676	1.56627071662011
0.218764743014586	0.0808002950826819
2.56729897292128	1.47068740218222
1.63495478122437	1.00235960013742
3.73990509096128	2.00551060758524
0.859029358219799	0.354373816883108
3.73252041030034	2.01562686262797
2.40534468776205	2.16127728709057
3.96673752968538	2.30317454746481
2.30398624731052	1.17602980594091
4.19085363041179	2.65560020831302
0.81920829520612	0.37674705236808
4.36846789517916	2.92065733687735
4.39197645870277	2.94590976696054
2.96183473637825	2.04242469478281
2.70185555408242	2.7902745783244
1.85851300027179	1.05257558966641
2.21392580420116	1.82582851888249
4.36887927203214	2.95513897807749
2.97571065510276	2.05717208683146
1.61474835692235	0.789311915003452
1.1514201706325	0.548693337840722
3.42707692099333	5.01690841101837
2.53933582254172	1.45246169609593
0.131938391174266	0.0414395341078446
0.845810165620606	0.35511032086096
1.64715243246245	0.638228599311507
1.64215860835922	1.00722687366748
0.440994633533839	0.126907233388428
2.9661031620101	2.77850491755452
3.17440691234429	2.37233817255511
4.19741305179354	2.59189421917572
3.14992075559069	2.36909856067504
1.86098180556382	1.06954412618467
2.24321520943382	1.83518476785305
3.13860679131872	2.33175523601304
2.31048632719533	1.14445508352925
1.31947872816854	0.58154081144167
1.88298874433641	1.07299898399478
2.31263807543784	1.19696621950212
4.20193176415863	2.65080183528634
2.5778136971617	0.957067152435729
3.16481717786314	2.38378696521484
1.25325561218111	0.895108470417502
2.22277177804399	1.79508923990402
2.49641629667859	1.88602796840582
0.819690657008441	0.380862011560185
2.0712340265683	1.28017500365388
1.62373307132501	0.822214274816007
0.381039818852264	0.0876463229858444
2.01316604350963	0.917368522828072
2.55578557165008	1.47256534170951
1.15700129687893	0.359084261243201
1.88335859268868	1.07634320559517
0.94070627902179	0.347797326422389
2.31057175053643	1.21438601153779
1.63932238684336	1.02014906472474
2.06135220456838	1.5325479512917
0.442155818180683	0.128560798875464
-0.330839191885319	0.0810158018596848
2.55421229831816	1.47965447556991
0.846941642025445	0.435397703164388
1.86068201931467	1.05438865691141
1.5818048545943	0.775281229521047
2.78595018693674	1.75966452644368
0.425156121978644	0.122416396667889
1.80577814402211	0.579897169515412
1.53194799459048	1.01667225653969
1.59359231533373	0.791808764179397
3.98405531989639	2.30491088562674
2.00971089701785	0.898038431094246
4.19986372587674	2.63992766022316
2.48258744566681	1.91575509445173
1.30943067965115	0.566502865068024
2.83177021867175	2.51295846032159
3.50465115134098	3.03884572274594
2.57335103037816	1.45352668039855
2.82111545895141	2.50656796063176
0.863691626719588	0.35258743141171
2.00877313061238	0.905895491430518
2.30815386597796	1.19935534798675
4.181248040751	2.62116383248772
3.3356564241896	2.68241639240913
-1.41151445005737	0.392781075624489
1.30943067965115	0.566502865068024
4.19676721241821	2.65961889293649
1.318568354255	0.559895521941578
3.45063071627363	1.61114356741606
2.77182126037124	1.75712836725798
1.86390315174869	1.05611504934616
1.31824151194815	0.577782408180156
1.4253162405669	0.777546480146016
-0.568511949800268	0.231635403205896
2.5507741710789	1.47115824947363
-0.319004015513152	0.078546017662404
0.55010004023854	0.246407230622646
2.5648052520912	1.49748988372418
2.56968724266386	1.47176822617245
3.97925328168873	2.30998663039654
3.73252041030034	2.01562686262797
2.77099113591411	1.75779269442633
1.6392589264181	0.627523522545358
4.559540001961	3.23517231780805
1.41056843836135	0.786761276349826
0.448049214856487	0.127036282979351
0.831591397593723	0.422940291983838
3.43652865568349	1.6582101694691
0.389091380780796	0.0893837858796829
3.07625684166309	1.31471095169835
1.17214230724622	0.563622862025642
0.124354639596481	0.039812192398049
2.23664836886045	1.85284628833814
2.49646628262846	1.89241356011427
1.64001387550127	0.631392365244923
3.98952336149582	2.32799170849379
1.31616193600528	0.586796808071362
1.41071790548349	0.771769638720214
4.40059168395495	2.9459457573366
-0.0303003282829474	0.00852825225991697
3.74228072037679	1.97275912819201
-0.690459562928127	0.255059513784018
2.5128475180684	1.87676542945841
4.86827082676872	3.95622020247382
1.61024358324003	0.810994391306939
0.4256320025973	0.199909103262953
1.84896555036859	1.04596113829624
-0.143044450678675	0.0489566253911642
3.73049001185693	1.98987141609617
2.02598821080934	0.916547038747042
1.30854078954356	0.578826130306538
3.1494214682135	2.3701233465932
3.17831173313432	2.34860329190105
0.816619037218586	0.368565561376517
2.57007374578076	1.49914613888324
2.30428120263721	1.17777148300373
0.530496794982247	0.230588247963413
1.30854078954356	0.578826130306538
1.54675814963828	1.04564692072442
3.07191541302791	1.30060988602716
1.15270367057338	0.353055808149433
2.55657344018481	1.44990834486938
1.15700129687893	0.359084261243201
2.01744705198217	0.908376275722839
1.88861995967938	1.06213547710041
1.65263184144526	0.630012728055625
1.40675895943564	0.774729003697479
2.58039599621734	0.941752296283537
1.86432106866013	1.05838464648777
1.14995929943828	0.359644120216764
1.62179569382985	0.992618098274341
-0.0318907411278532	0.00898739411486295
2.02837608295513	0.900949915778934
2.57066000659288	0.949369245848186
2.29515686468072	1.17676795335893
3.43853636873109	1.65697509457057
2.77554135695513	1.7463830158366
1.64349137347739	0.622236474866519
1.31408443078823	0.579073162500088
3.06190782775183	1.28672322621522
2.69088021842008	2.20274192841998
2.9772003733276	2.06423229794131
2.32406495526899	1.20040695768785
2.55070432761158	1.45523885482933
3.51148311661323	3.03332300483066
4.18367392053783	2.61469522619296
2.46962657498803	1.86415398849124
1.63008916222288	1.01112690866612
1.85516888524963	1.06362538717321
1.87995170739338	1.05642985348459
0.60452649627363	0.295323784266948
0.548815520166402	0.240643367273534
0.467549006141135	0.161188456679526
-0.32103307202361	0.079007025149334
-0.398378131720061	0.128209055945471
-0.321238070497515	0.0797644464023098
2.96939454434935	2.05336509769268
3.98405531989639	2.30491088562674
2.97382165161396	2.05289890656198
2.3060923745818	1.17963965804492
3.43138577272834	1.63403113588099
3.7345529618008	1.9840170302838
3.44371153517053	1.67619063326831
2.28502363638991	1.58841649450902
1.62411816251489	0.821562803632701
1.14705774937297	0.548246215496687
1.39801460177188	0.773325755069345
1.65263184144526	0.630012728055625
0.938387366171497	0.340308443060998
2.32365835099488	1.59616455495819
-0.338235133026113	0.0813814649363035
1.85982222133279	1.05445763844434
0.20827783534076	0.0769703150884459
2.78552858374168	1.79046075418453
0.933168938937608	0.33578077411867
2.39103782706956	2.46187962977502
1.64745365950878	0.637896288405134
1.90588098414703	1.54890612905744
1.60213354576988	0.795976328919814
3.08158902571449	1.29153111501543
1.14705774937297	0.548246215496687
1.26463664455271	0.840200670880238
0.300761941968626	0.138622409166148
1.5990913078506	0.804477058990788
-0.00766663198769738	0.00216702320178781
-0.338187610441551	0.0828220139637751
0.936407559020901	0.337540916908634
0.939659582542919	0.339726365267853
1.86357584654975	1.06731868312244
1.069396087497	0.633977599557238
0.916769560946793	0.579757887671937
2.10967842091055	1.33078853616378
-0.396521033200955	0.127797066282517
2.49217857616042	1.88099792021874
3.98880655527552	2.26636505711523
2.82904363834959	2.51520286748379
3.98916489636801	2.31773613701183
1.41010508309026	0.776890796175962
2.04339398469836	1.52866468070185
0.942749240237228	0.347582417012192
2.30514871972302	1.19257714880432
1.80577814402211	0.579897169515412
0.832594857690336	0.432463527825664
4.83731152310658	3.84976422939441
1.15224186187344	0.358935209934184
1.32296820533309	0.567462255942279
1.87796175064039	1.03319350398131
2.56098365307588	1.48997693829259
2.57757744392236	0.957433505286922
3.43422193480066	1.63669384166705
3.4440161917238	1.64474585229139
-0.816032389653909	0.242987451547753
3.43652865568349	1.6582101694691
3.07394835948079	1.31896016410163
2.07493439009866	1.28742521096927
3.07653005489351	1.29030396946406
3.50957449624288	3.0200863660709
3.14516961659147	2.34662351880712
1.08225636097563	0.690717060597841
2.09199925161662	1.33231840586103
2.06848251451027	1.29464272404756
2.95572288746905	2.02922682871286
4.70889075722082	3.60702792367853
3.16439594517298	2.37138989110933
1.85881026715762	1.29135294279207
2.67667480366358	2.19334203077885
2.30150951636719	1.60053176170676
2.82694386216613	2.52061920229871
2.48239946453318	1.83095104046456
2.47930604047676	1.86130232992816
-0.0275616124359281	0.00792257020973791
0.840164752644265	0.472819805327839
1.61199712290166	0.787001496661785
4.20646146026451	2.63715898472087
-0.0245134527273917	0.00722807305418947
1.49739275021378	0.958698439863393
3.99259145279558	2.30764864395406
2.31120453055193	1.17641511380055
1.14996928148472	0.357563393391782
3.06892463579121	1.30354025392078
3.14720115950537	2.37127727656345
2.64946743350623	2.14549094361083
2.32486080446851	1.16824980754806
2.30191117133837	1.60485423760179
1.0803265943698	0.564295108906109
1.73503320748981	1.26369504581738
2.96985383897421	2.07672301996329
2.66287391638949	2.17890187294104
2.08144349664855	1.32127437376407
-0.326086336851824	0.0802709064148997
1.13750238093306	0.54340971186768
3.74527941797716	1.98684521183978
0.948875245579521	0.342255962349792
1.04563925890828	0.53635012789112
3.41139631482968	3.82798558331698
0.440372541334817	0.212971365068566
0.852819056325205	0.355475784989805
1.29269415086247	0.92305259746175
0.844655784826033	0.347321356521263
1.86432106866013	1.05838464648777
0.875355105838952	0.493630157524894
1.5315389702909	1.03182964047926
0.811324529758045	0.358227662772602
0.942749240237228	0.347582417012192
2.00546242502354	0.904131435092317
0.0396624992283729	0.0130776741221277
3.97960812614647	2.34353774699792
1.31947872816854	0.58154081144167
1.65103284427341	1.02646221552847
2.05212549119026	1.52848177220022
2.13024239601476	2.14814174262809
1.33539108033503	0.809917016876092
1.32880330426414	0.77737416808376
-1.41151445005737	0.392781075624489
1.41104114047274	0.778279611137344
2.28728310413199	1.54468144482617
2.84307546033345	2.5420880495008
0.614822438434293	0.304009663246702
4.73617008452851	3.54230939232958
3.73016083045583	1.99020875135088
2.49760641033993	1.88813211846024
1.07847067417688	0.57064553449435
0.479271495982896	0.184600054339354
2.3157313171078	1.19576831627677
2.49173863533122	1.86538273909873
1.87191211353778	1.06098173889791
1.27889990608299	0.937020320502691
3.4440161917238	1.64474585229139
1.31408443078823	0.579073162500088
3.71754361276202	1.95612799486888
1.80577814402211	0.579897169515412
2.77679863063652	1.74416078377178
1.31149991811851	0.573872985799551
3.97417678633059	2.33916593813363
1.61230114138534	0.801824668079395
1.86858008978697	1.07213781186222
1.30701351499796	0.929795948856948
2.08375541165528	1.32804770782185
3.66836396171615	3.36424165593885
2.29731645615455	1.5573231024609
1.83238063200147	0.997246325355277
3.43351207742027	3.94676447692259
0.552368324396849	0.248346926246729
2.10147691682766	1.32768838481943
2.07974170387586	1.87098824912449
3.74971754774673	1.93779831211469
1.8866707615119	1.50392450723408
2.30776702987384	1.16868755597229
1.84273389711944	1.26520978391576
2.02598821080934	0.916547038747042
2.4850373307628	1.8903566927118
2.76566664095709	1.75278318538375
2.48803593333821	1.88719654381112
2.10967842091055	1.33078853616378
2.7781965087488	1.72741467268495
2.31429820262644	1.61062950744939
0.851533307373167	0.356243754739349
1.64945193411495	0.636815169113368
2.1012831779618	1.31423542663125
0.111110372974911	0.0360788528344242
4.89004998724746	3.92154078922002
-0.376565472316231	0.144593388029677
3.06919540525571	1.3027545160526
-0.381463604808591	0.122973030731371
1.85981650955859	1.05935036714501
1.157875805915	0.552973348954471
3.44371153517053	1.67619063326831
2.77397590022502	1.75982344434879
4.16790577767715	2.56411714586626
1.51936100690035	0.997150837791569
1.81256361946551	0.57834251056048
0.465056243532857	0.155565267818191
2.55668936344375	1.49723334425118
1.29923111964859	0.567989995058686
0.227272991166483	0.0844098353212374
0.942039636076362	0.344206436287347
-0.376322339592232	0.145722820661183
3.44371153517053	1.67619063326831
1.31248227200543	0.566315056199414
1.14380258362296	0.545590511675069
1.52527726848804	1.01320647698633
2.10282196991783	1.31864250015106
3.71754361276202	1.95612799486888
0.862772385731621	0.356894609403813
1.65239727675012	1.03468940761737
1.6092384764464	0.807745923494987
1.65463867976799	0.638533140878497
3.07899560381092	1.29851017680794
3.73252041030034	2.01562686262797
1.15956929141115	0.353848797342269
1.8657155518921	1.30238147198051
1.64745365950878	0.637896288405134
2.31142312457521	1.59324106068244
2.55363287980664	1.46740972276725
1.15224186187344	0.358935209934184
2.02393635884699	0.919757114084648
4.86441891011199	3.90650478779634
2.09870622038059	1.29641254335595
3.73049001185693	1.98987141609617
0.94070627902179	0.347797326422389
1.15197220708405	0.359022029649851
0.941412837282011	0.340660708964588
2.29630458666052	1.59177736415076
3.96673752968538	2.30317454746481
1.31262577473445	0.569086801583862
0.442856347300599	0.127861063358963
0.238151997056704	0.0895318798643221
1.64200058293244	0.630315938547516
1.6142530853394	0.804319201448177
2.31816119057749	1.21061446075152
0.831488671589993	0.340573602605886
1.157875805915	0.552973348954471
2.01080419021524	0.917878163437858
2.53997442975839	1.4416750038906
0.839144513616497	0.349211749136388
0.923563842937334	0.335887092708272
1.3212044468752	0.56113846162476
1.87966737205975	1.08439474733127
2.50957857098362	1.86704466408905
4.36083499008585	2.90659536104539
2.56156751529169	1.44917845957638
2.0231778792574	0.911113877375011
1.15471996708934	0.357712411221442
2.5701917263241	1.4691383351528
2.00565415509061	0.899686384113477
3.72719788451597	1.98803617077715
3.14430346534554	2.35944635395317
1.15197220708405	0.359022029649851
2.54652758987736	1.45605578890893
2.97303350792501	2.04169662231249
2.6800962742129	2.17337274342355
2.32542894862249	1.16433356375479
2.02058383053804	0.913020231521983
2.76884046099436	1.76001338712733
2.79133327449026	1.78556725644158
2.2975538689756	1.17762048472898
-0.0402571787260352	0.0108533626026386
1.87776278086104	1.05889946564701
1.32714417152371	0.575860116379347
0.822193327549273	0.430400567846375
2.78873695158777	1.77888244788449
3.73990509096128	2.00551060758524
2.99003260471458	2.06269951538552
0.828977786121529	0.382357079566114
-0.381920147155898	0.122221657770732
2.56913897553737	1.48662283410716
1.40390552057458	0.769183501007207
1.59647722075963	0.796178585342629
3.98952336149582	2.32799170849379
1.08961180534755	0.581555901248114
2.31272343054008	1.20719390426135
0.923720365901135	0.336533627959515
2.62754987307696	2.097755153078
2.57148229699701	2.4997770489624
2.76096691181491	1.73097006899876
2.76803478052086	1.76953980875816
0.945831360339598	0.344958840724124
2.01258482548401	0.891926533169659
1.59530831963972	0.788266406951978
1.72765764282487	1.31276379063078
0.839309718696575	0.347130765241293
0.822246484347319	0.425893042549932
3.95363202227098	2.22851635534244
3.74194744404181	1.96312025935539
1.02442958180398	0.573644912091505
2.77716424516821	1.7882009108053
0.472281301611165	0.163121468929922
0.815064214269368	0.379633520033222
2.04492654371429	1.52985274438574
-1.09257481680309	0.481641583651119
1.60986402059743	0.799542692735495
1.15497990448255	0.354392783816625
0.111940719493071	0.0362371038412318
0.527152827256658	0.230075992967252
2.01036789923916	0.896991825646934
1.17125673816102	0.537816380726068
0.380220335111381	0.0881615126503493
-0.180454129155942	0.0608907169041575
0.950556392128097	0.343735514019762
1.84386729376176	1.03120305453947
1.29511756666123	0.559572180561108
2.54284146788007	1.43715896850462
1.64945193411495	0.636815169113368
0.471165733369126	0.160581735569019
4.17335634973232	2.57936460226525
0.825937125945494	0.374297291289524
3.44169544984981	1.65349226807068
1.59320889778558	0.787245497385419
1.3039147078919	0.564624953568431
3.97452987189749	2.30377460218261
2.55630822031745	1.47679306157225
2.08870017424483	1.3113104890238
2.79308329735544	1.78273337554263
3.44542467887705	1.60699747927669
1.31392432900697	0.573981450775339
1.67847673179498	1.3651548323931
3.07422077314251	1.3181512074564
2.5778136971617	0.957067152435729
1.39359466209435	0.760082229424742
3.74161427674586	1.91524829673632
4.37821396670918	2.87166033484789
1.81045946197748	0.578570674290805
0.948875245579521	0.342255962349792
1.84221069271441	1.25109354528988
0.949893233451059	0.33696286434242
1.84601948776269	1.02473362883274
1.81256361946551	0.57834251056048
2.96390192810976	2.06422511188039
2.58453692416693	0.9378225742295
1.15224186187344	0.358935209934184
1.06399991793184	0.678405572640571
1.65053904615724	1.01432641627001
2.01113205441839	0.917539301536541
3.73252041030034	2.01562686262797
2.56231542344525	1.50156499544493
2.57757744392236	0.957433505286922
2.29916138924008	1.62592456810548
1.14496257201798	0.35509824568904
0.864910157968724	0.356405707147254
0.517479834777988	0.204487507541335
2.78405084778139	1.75187524986932
3.43622658713387	1.65895261894807
3.07625684166309	1.31471095169835
3.7345529618008	1.9840170302838
1.31392432900697	0.573981450775339
2.96165167215313	2.04324405909515
1.59554116073434	0.802698827869905
-0.388874538752129	0.125578914390253
1.14507221896457	0.35346817230404
3.99501232405532	2.30930011440539
2.57066000659288	0.949369245848186
-1.16297906407246	0.403133997050686
0.389091380780796	0.0893837858796829
4.18367392053783	2.61469522619296
2.78902081768521	1.71465106998769
1.80577814402211	0.579897169515412
-2.11457542201993	0.632270703085136
2.01316604350963	0.917368522828072
-0.79568953618047	0.234098917075123
3.7500534809963	1.93553460251254
0.179847146927956	0.0726435913349208
0.370283326854797	0.0861979910131646
-1.24110002962086	0.589919633116981
0.444854208791125	0.127991221299979
-0.326086336851824	0.0802709064148997
-0.793372555865882	0.233212461554592
4.73589229016581	3.58374922795506
-2.59969374965312	0.866171839638
-1.6723830477998	0.718080722333528
0.845810165620606	0.35511032086096
1.81256361946551	0.57834251056048
3.44860455672847	1.62825073830644
2.5778136971617	0.957067152435729
3.72752615202171	1.95450332694679
2.02598821080934	0.916547038747042
1.14736359271645	0.348460542308313
1.16512610915011	0.56433101113941
2.01003934477999	0.912671361854122
3.43823356696493	1.62843601559653
3.44572997674484	1.64515659806724
0.812323510554847	0.374747536903197
0.454801801820649	0.156646870197805
2.75780628649389	1.72238849355829
2.5778136971617	0.957067152435729
2.01820946220312	0.913449531834958
3.43652865568349	1.6582101694691
-0.0245134527273917	0.00722807305418947
2.31816119057749	1.21061446075152
1.61213646455477	0.819107620729212
3.07653005489351	1.29030396946406
1.43610335491971	0.786212235455423
2.28637407669919	1.15092509446845
-1.16124089915057	0.394406815788777
2.28578961121646	1.16085664090864
2.04268943482661	1.49394610119681
0.942749240237228	0.347582417012192
-1.16063721206571	0.40176670289541
1.85288133272485	1.03810835160713
3.43622658713387	1.65895261894807
2.003439064311	0.904317302889556
2.01138239340679	0.905860244785288
2.57757744392236	0.957433505286922
2.57757744392236	0.957433505286922
0.935649964889113	0.340390568081351
2.5778136971617	0.957067152435729
2.55707065345952	1.47584755434052
-1.43315273272459	0.552735525011202
1.31983388874284	0.572079754885801
2.30326956643205	1.17712426797924
1.6392589264181	0.627523522545358
2.31816119057749	1.21061446075152
2.01316604350963	0.917368522828072
4.2124359222807	2.61550476302832
1.84659574799952	1.04246774495451
3.9589866728836	2.26525799100251
3.96638721052615	2.30310378549378
1.13321336893486	0.5274127482701
2.5850139056114	0.9375104362967
2.02837608295513	0.900949915778934
2.77674672401272	1.76616704687936
3.43853636873109	1.65697509457057
2.3147949993353	1.2038489942867
-2.58575103484108	0.851921364801337
0.378758799248336	0.0873510367033447
3.08158902571449	1.29153111501543
0.848791025992938	0.352493963638685
1.14496257201798	0.35509824568904
2.57757744392236	0.957433505286922
2.5617528478302	1.46033264697999
0.373898439728092	0.0868259292003649
1.64745365950878	0.637896288405134
3.43853636873109	1.65697509457057
3.74057026434324	1.9578984029178
0.932992903648687	0.343213802779003
3.07422077314251	1.3181512074564
1.80577814402211	0.579897169515412
2.97673503237534	2.02835398458598
0.851959489376247	0.343768814633896
0.916263202395099	0.329200715028279
3.7345529618008	1.9840170302838
4.20438895648288	2.65391113051484
2.31644400799118	1.19464091523016
2.02598821080934	0.916547038747042
3.73285043233658	1.98116726691183
-0.403562778771453	0.150944369813574
1.86068201931467	1.05438865691141
0.803824001815396	0.367855272704981
1.66460868274647	1.01929010098748
2.00419579402799	0.889934312545052
3.44572997674484	1.64515659806724
4.19844625005781	2.64435108733641
1.60813492294571	0.809937325392738
0.125593059958726	0.0399448698644995
0.847554060820247	0.347650535840762
1.62621243725634	0.986330208486513
1.40590308990083	0.777874014756297
1.80577814402211	0.579897169515412
0.119947259311372	0.0390046687196228
-2.95481903112699	1.08281287204211
0.467192541106162	0.1613997080241
1.64494510262667	1.02687755845987
2.00923609517584	0.916358594417167
2.08829408763961	1.86432057083882
1.14496257201798	0.35509824568904
4.36929082811123	2.91971044602556
2.57066000659288	0.949369245848186
0.927305797866197	0.331796017651358
0.560329488136204	0.246794010738526
0.456254060569847	0.158186024819222
2.3265088001755	1.18937090698941
1.32468694232783	0.786299665092183
2.00546242502354	0.904131435092317
3.97756573866962	2.30667897883758
3.44139163272599	1.65421730138556
2.32105447776307	1.16875370500629
2.2822849371277	1.57179157760513
3.50664280380682	3.0221795757829
1.81256361946551	0.57834251056048
3.42908906027034	1.63600040380876
1.15224186187344	0.358935209934184
0.429562719963691	0.123979614580192
3.06190782775183	1.28672322621522
2.01316604350963	0.917368522828072
2.29515686468072	1.17676795335893
2.57757744392236	0.957433505286922
2.31608760129162	1.21400243950159
1.6380147533305	0.630239685678764
1.32887669971155	0.551426020620614
2.3182573018119	1.19298821163316
2.09538711041693	1.33238578428355
1.25814621659369	0.811594920182291
2.31608760129162	1.21400243950159
4.57267639334862	3.20951665234124
2.97266079080664	2.06897286577779
0.452366960240156	0.129014774531037
3.98782697895805	2.2865079666054
2.53959846290902	1.44152226441997
1.65263184144526	0.630012728055625
1.15727261407567	0.35899800278529
4.19715160330879	2.61148348320184
1.59582364078043	0.788442244405021
2.95551034354689	2.03594418874285
4.3773774997164	2.91660728751966
1.31616193600528	0.586796808071362
2.31887573126939	1.18359931319103
1.31736355466506	0.786966220186681
0.437688456191057	0.125580008034337
1.60144832728969	0.794996169339333
1.16098750642447	0.557560073134016
1.84986769639796	1.29255628968482
3.98200822752626	2.33564603127287
2.00768130073925	0.913173903964439
2.58246518877188	0.954808913265067
1.84873799145836	1.03223818614052
3.43422193480066	1.63669384166705
3.07191541302791	1.30060988602716
2.56413914260333	1.46780950171667
2.31263807543784	1.19696621950212
3.06689999323772	1.30696449185998
0.114537748605724	0.0372284574625642
3.31029324618006	2.60211984249724
1.08400049969159	0.57966864898158
2.29749466516683	1.58559993723128
1.15372352374874	0.567477262518801
1.32937871083266	0.806751612983335
3.44891088252907	1.65655944931031
1.61205810443439	0.81305751506164
0.47847747897998	0.161640133702048
1.73173259947236	1.27965225972936
2.07537871253465	1.88463970227494
2.56136817593256	1.48884546733947
0.617171327685141	0.311673270437635
3.31826188869043	2.67705918526753
4.39848504493759	2.9615283142019
4.56116393793864	3.28707448967484
1.8470479036525	1.26401911644229
2.97901457764233	2.05176920194361
1.14598414491562	0.546449824982724
1.42195899746138	0.773227879542274
1.27246796957191	0.834695875219506
3.43622658713387	1.65895261894807
0.493597600764476	0.193842181449844
2.68555520028657	2.20191020897879
1.64945193411495	0.636815169113368
1.33029499533298	0.799022507349263
2.58039599621734	0.941752296283537
0.389091380780796	0.0893837858796829
-1.18384521372444	0.399376864443818
0.388856236225614	0.0893513438012124
-0.793673019859011	0.233322412272975
2.02665437623468	0.894794524411736
3.33747591148161	2.66940029467883
1.83530734226788	1.23802196718831
4.56787564968088	3.26955998873193
2.83036903944063	2.51720546074981
1.51810354295824	1.02827749800006
2.98081719717541	2.0826939456203
1.31616193600528	0.586796808071362
3.43422193480066	1.63669384166705
3.06919540525571	1.3027545160526
2.08550107341417	1.30913490257145
2.5778136971617	0.957067152435729
0.44723714183476	0.125792305512435
3.08308555311473	1.25920116126588
2.00923609517584	0.916358594417167
2.57066000659288	0.949369245848186
1.64715243246245	0.638228599311507
3.06919540525571	1.3027545160526
1.6389991958376	1.01926712921808
1.81045946197748	0.578570674290805
1.64563451066604	0.990537695352963
1.42420827513628	0.788692562254958
1.8669122473614	1.05624944039603
2.98681875034659	2.08969706741623
0.818278484017502	0.415928208414771
0.930775388686349	0.334820385943925
-1.41151445005737	0.392781075624489
2.78016185134726	1.7539913146149
0.47847747897998	0.161640133702048
1.86681404865922	1.06990333714466
1.8669122473614	1.05624944039603
1.8531267895174	1.24663295972192
2.01507650893365	0.908799355873569
1.34722854976038	0.795013129605981
1.30221829517681	0.570582628106818
2.97628561132457	2.05659622099285
2.95043971950629	2.01164520920076
3.72752615202171	1.95450332694679
2.79653864319059	1.76335665313056
1.31149991811851	0.573872985799551
-1.17941808758907	0.395727039387125
1.31616193600528	0.586796808071362
1.80577814402211	0.579897169515412
1.81045946197748	0.578570674290805
-1.14875804120776	0.389823108027951
4.39492245544323	2.92036155095189
1.6524495705127	1.01132962017113
3.72517503969138	1.98713699848761
1.14996928148472	0.357563393391782
1.60813492294571	0.809937325392738
1.65232884439116	0.630327623928871
1.1590251393429	0.353864364305867
1.15929717085138	0.358391556930121
3.43108543808854	1.63475119955058
3.44139163272599	1.65421730138556
3.06892463579121	1.30354025392078
2.5847753763123	0.951434056294316
3.07598371730536	1.29177815049463
0.941412837282011	0.340660708964588
2.30472472594129	1.1794437176518
3.42397981700002	1.60913005792329
-0.0371390184800375	0.00988712792906914
0.111959325850468	0.0363439181230606
3.0813141475216	1.31594402364979
2.00598621304406	0.914412291031552
2.30815386597796	1.19935534798675
1.64200058293244	0.630315938547516
3.13791088640549	2.31914772561003
1.63286670681234	0.622491454865693
1.31704500353289	0.574153621318026
-1.41151445005737	0.392781075624489
-0.162785948845891	0.0540379544222468
3.32846518353937	2.67055223430425
0.822379785718703	0.377786228136124
0.828002321518581	0.343245005298115
1.64715243246245	0.638228599311507
-1.45350459123829	0.564383077541792
1.81045946197748	0.578570674290805
0.381939954112183	0.0885630978825824
0.123533563351259	0.0399590363048431
-1.4411239129881	0.556713781177132
-0.0265281782541497	0.00763985645704447
2.32059483267966	1.19253828972351
0.499019518858708	0.196936170271778
1.14496257201798	0.35509824568904
-0.381109201652485	0.122795730789962
3.15264489722874	2.33864253434205
0.840979901721941	0.345859273630559
3.44371153517053	1.67619063326831
1.65463867976799	0.638533140878497
3.43622658713387	1.65895261894807
2.32370581540211	1.20143849160006
1.14496257201798	0.35509824568904
0.859535203937106	0.353458165619954
1.64230005514351	0.629994079538676
0.491602361172559	0.193427712020176
3.73252041030034	2.01562686262797
1.06852341149244	0.565840149305141
3.13910011590199	2.3326104584359
2.03002708241493	1.49315172354869
3.73049001185693	1.98987141609617
0.439825689146049	0.125837796508768
3.43853636873109	1.65697509457057
4.853834619591	3.93812924334133
1.64945193411495	0.636815169113368
2.01113205441839	0.917539301536541
1.29130469282983	0.558966178129371
2.2936470084521	1.17994092221441
2.57757744392236	0.957433505286922
1.15497990448255	0.354392783816625
-0.398378131720061	0.128209055945471
1.80577814402211	0.579897169515412
3.45093778969944	1.64938658358838
0.494263491726386	0.197198471621207
0.44515396789369	0.128009718182639
1.14121934705782	0.544467089425962
0.934244469311174	0.34273476266917
0.859413793145381	0.359563950689449
2.55982947537622	1.47837759015437
2.57007374578076	1.49914613888324
3.43823356696493	1.62843601559653
2.29975363459546	1.60655951012441
4.19921678455742	2.63995082292234
1.81275735644485	0.578334100363068
1.81045946197748	0.578570674290805
3.43422193480066	1.63669384166705
2.29720404792069	1.17773750266794
2.01853983959565	0.928593142144826
1.64945193411495	0.636815169113368
3.07394835948079	1.31896016410163
1.64745365950878	0.637896288405134
2.57757744392236	0.957433505286922
0.381939954112183	0.0885630978825824
0.440163025510079	0.128436134724386
0.933690555930499	0.334954074263924
2.32370581540211	1.20143849160006
4.1904717242452	2.60943292847499
2.30061409776127	1.18168020956518
1.15929717085138	0.358391556930121
2.55707065345952	1.47584755434052
0.445346987709576	0.12757256264033
1.15727261407567	0.35899800278529
-0.0329258975039747	0.00919345456564698
2.01853983959565	0.928593142144826
2.5778136971617	0.957067152435729
1.64230005514351	0.629994079538676
2.57551660914786	0.96051052751055
2.55878804979715	1.47897301748038
1.64733335387686	1.02420444351981
0.467770002581612	0.160456936980304
2.00598621304406	0.914412291031552
2.02351086566861	0.890342692919503
2.98448156754675	2.05668729105055
-0.0318907411278532	0.00898739411486295
0.946823705351056	0.33609695877484
3.97960812614647	2.34353774699792
2.57066000659288	0.949369245848186
1.81972970157964	1.19326642480209
1.52952808905115	1.03206315981521
-2.96012918084926	1.06994382147187
3.07394835948079	1.31896016410163
1.65783186051204	0.97729491311203
-2.59969374965312	0.866171839638
-1.17767395141126	0.406313223762234
2.08778295780358	1.29142209969486
0.938387366171497	0.340308443060998
0.108783556998635	0.03528574470441
0.464113549874101	0.159393035679127
-0.329588432169323	0.081030044295638
1.14046228925984	0.553086638886386
1.87493338334949	1.07273022211675
2.32059483267966	1.19253828972351
2.08421896985268	1.31201108712936
0.4566628353334	0.155974893933969
0.471165733369126	0.160581735569019
1.86109523055878	1.04035915108119
2.06435763560948	1.27674381726133
1.14496257201798	0.35509824568904
-0.335947778271908	0.0808652706132172
-0.395869449640965	0.125832946615288
4.87968606270703	3.90339048376207
-1.41151445005737	0.392781075624489
0.842195038400409	0.350750149099873
1.81275735644485	0.578334100363068
2.55070432761158	1.45523885482933
0.375148585660825	0.0867251084402434
0.913298578652282	0.325391520340745
0.387357416083663	0.0889793030361124
2.30815386597796	1.19935534798675
3.06892463579121	1.30354025392078
2.01316604350963	0.917368522828072
2.58453692416693	0.9378225742295
1.85211957132418	1.05001647025765
2.57066000659288	0.949369245848186
0.437688456191057	0.125580008034337
1.81256361946551	0.57834251056048
3.43622658713387	1.65895261894807
2.58453692416693	0.9378225742295
3.43622658713387	1.65895261894807
1.65433493911478	0.628354033763453
2.01412961239258	0.90045959750674
0.466192480383378	0.157458006189969
2.77099113591411	1.75779269442633
1.13776306063067	0.354069155994464
3.43652865568349	1.6582101694691
-0.327295126009007	0.080504045045159
3.44340697884079	1.64697714754139
2.57469215360523	1.47033885322185
2.01507650893365	0.908799355873569
4.20128371410681	2.61028572585752
-0.318733942823603	0.0784860044620643
3.43622658713387	1.65895261894807
2.55630822031745	1.47679306157225
2.78552858374168	1.79046075418453
1.86026898633239	1.04085367431244
2.57066000659288	0.949369245848186
4.18879855589809	2.66041140315412
0.389091380780796	0.0893837858796829
3.72719788451597	1.98803617077715
2.58039599621734	0.941752296283537
-2.58792662580816	0.864420955691165
1.40949525255243	0.792068798850318
-0.800920844225984	0.236493729089377
0.950929049409976	0.341619656435165
3.96100553358635	2.26745552927793
0.435796705805032	0.126031508905256
3.98200822752626	2.33564603127287
3.08363665794131	1.28836071236096
3.73252041030034	2.01562686262797
1.14995929943828	0.359644120216764
0.49489667941898	0.19457779720273
3.73786491162249	2.01245103597413
1.80577814402211	0.579897169515412
2.32406495526899	1.20040695768785
1.80577814402211	0.579897169515412
1.64515726384629	0.629666678633393
1.84683616988675	1.26202895964517
4.18879855589809	2.66041140315412
-0.143044450678675	0.0489566253911642
1.62066346323378	0.812873945017053
4.18674521238862	2.62185214382663
3.73049001185693	1.98987141609617
1.31694316783033	0.561453215127543
3.07625684166309	1.31471095169835
3.42908906027034	1.63600040380876
1.61243200036091	0.819935397731363
1.65232884439116	0.630327623928871
0.474020567924796	0.161565797523244
1.14995929943828	0.359644120216764
2.57296311484479	1.48625552662854
-0.796328054790059	0.236721981992156
3.06190782775183	1.28672322621522
3.06190782775183	1.28672322621522
3.06190782775183	1.28672322621522
1.88256548708813	1.06871842753298
2.00890479722788	0.901593751617142
1.80577814402211	0.579897169515412
2.5619320870104	1.48112300726901
2.56652804806831	1.47331594963881
0.389091380780796	0.0893837858796829
2.56757605572457	1.4761964794174
0.381939954112183	0.0885630978825824
1.15224186187344	0.358935209934184
0.947840778399325	0.34412338927013
3.08336106048288	1.28907279021901
1.63088677759272	0.623536989564542
0.440163025510079	0.128436134724386
3.07598371730536	1.29177815049463
1.14332032705855	0.354549436983091
1.15673870532033	0.352530629186162
-0.327566199101949	0.0805649382219874
4.55854672927972	3.29135816856354
-0.0429509993760779	0.0113610533992076
0.821918273776417	0.33725642918437
1.80577814402211	0.579897169515412
-0.026853185526583	0.00771779362285273
1.61075675108331	0.799529447154992
2.5827029666934	0.95444482507333
2.57551660914786	0.96051052751055
1.62984111859406	0.816841916921024
3.06892463579121	1.30354025392078
3.98506013393121	2.3321657640001
3.43108543808854	1.63475119955058
3.43108543808854	1.63475119955058
1.3157654410896	0.574064043173271
4.38173921516215	2.93178804070405
2.5827029666934	0.95444482507333
3.96673752968538	2.30317454746481
1.61591583568806	0.823032535434358
0.536014823076726	0.236213350940874
1.14995929943828	0.359644120216764
1.65363887358108	0.997083698258339
-0.385654731440717	0.123353210664801
0.11743649206278	0.0383746708564829
2.0236041875055	0.905052726321037
2.31780410476533	1.18602186413345
3.16189868122105	2.38797219333144
1.31131475642371	0.77919818743233
2.00386617549332	0.905383190925864
2.54308877103728	1.44778765224547
2.30083617917732	1.17972477152085
2.08870017424483	1.3113104890238
3.06689999323772	1.30696449185998
2.40232747525936	2.14856165444634
3.74023762331473	2.0035974580432
3.7381967022267	1.97829622589877
3.7228276196854	1.9623996577694
3.98334232709371	2.24433981298606
2.58453692416693	0.9378225742295
2.09543620492451	1.30902842757725
1.30221829517681	0.570582628106818
0.478831109466061	0.163927156744994
-0.177330525323104	0.0592331163966013
-0.380052648772815	0.122503233136032
1.60370385288932	0.803401057319888
-1.90042281233802	0.853632396570251
0.444854208791125	0.127991221299979
1.14995929943828	0.359644120216764
0.381939954112183	0.0885630978825824
0.857021332247413	0.358312381862468
1.15499106296025	0.357626976076535
2.5510832941741	1.47510558560549
1.86068201931467	1.05438865691141
2.9772003733276	2.06423229794131
1.61706504311048	0.807151746007526
2.57551660914786	0.96051052751055
2.01283744550179	0.902585732964593
2.01080419021524	0.917878163437858
1.42438976885517	0.777744484806676
2.00578852996833	0.903803680087074
3.43652865568349	1.6582101694691
2.98812423730673	2.01418970964605
0.942749240237228	0.347582417012192
1.64001387550127	0.631392365244923
1.29842031414935	0.55487473653893
1.40719203165316	0.782745559022105
0.475442542250028	0.162480525047614
-0.798689244210115	0.236974923937834
2.02393635884699	0.919757114084648
0.942749240237228	0.347582417012192
4.37095498411373	2.92491481596657
0.917527892845812	0.32762076209919
3.97960812614647	2.34353774699792
3.44891088252907	1.65655944931031
1.63831693084645	0.629915116837088
3.77645813020795	3.65137913798864
1.1018281656799	0.571716028413879
2.01283744550179	0.902585732964593
0.449956490366664	0.128136304667589
1.32191624921377	0.572374518696162
1.86909055884387	1.05809087464781
1.48155956068176	1.09198361636857
1.14834556191308	0.354625935330237
-2.94789681561174	1.07770443059943
3.98470339522286	2.29916005859525
2.01316604350963	0.917368522828072
0.810645069908415	0.377721491963686
1.64470270638588	0.635038415347163
2.27633509522301	1.56010834357967
0.377193128732043	0.0869881604850999
2.57066000659288	0.949369245848186
0.944756371967017	0.331879730870075
-0.384424733773961	0.124835389855752
-0.0440482191012023	0.0115266767594909
0.949205425894075	0.342140036316259
1.41284082095768	0.783964244746652
0.829010614737121	0.376856446465871
1.42947930373415	0.785714157615431
4.71377974867332	3.55896363207495
4.70129145360968	3.55097766678687
2.00546242502354	0.904131435092317
2.01616843045719	0.916690493912292
1.64440170754647	0.635367436399987
0.449956490366664	0.128136304667589
3.07598371730536	1.29177815049463
2.57066000659288	0.949369245848186
2.58039599621734	0.941752296283537
2.55724228301217	1.45299640537163
2.54652758987736	1.45605578890893
2.57066000659288	0.949369245848186
1.29970294573681	0.558501468033368
-1.41861533435082	0.392208760255697
3.07394835948079	1.31896016410163
3.07394835948079	1.31896016410163
0.469272070923012	0.15940576857475
2.31021737511462	1.19601889706368
1.2957883078859	0.564787193927704
3.07394835948079	1.31896016410163
2.29671995650693	1.16373976982357
-0.336219850930539	0.0809254150304624
3.43883926978665	1.62626264110372
-1.16632695059979	0.400555231649992
2.30841592744775	1.17005224239874
2.30468809344252	1.62698930247349
3.97925328168873	2.30998663039654
2.5847753763123	0.951434056294316
3.7381967022267	1.97829622589877
1.88598711141652	1.07273089170213
3.0813141475216	1.31594402364979
3.98301070363425	2.29015621219922
3.43853636873109	1.65697509457057
2.02091505785162	0.912255878143907
3.08391234553555	1.25717266780208
3.97382382163932	2.30558199214761
2.58246518877188	0.954808913265067
3.73016083045583	1.99020875135088
0.425547456397702	0.201301469300583
3.73549595926684	1.97830280590037
2.30472472594129	1.1794437176518
3.06892463579121	1.30354025392078
3.07625684166309	1.31471095169835
3.43622658713387	1.65895261894807
1.64001387550127	0.631392365244923
3.72484760623082	1.98748619153233
0.942749240237228	0.347582417012192
1.13540061549794	0.534663929250351
3.06919540525571	1.3027545160526
0.458263524798382	0.156476561504026
-1.41151445005737	0.392781075624489
3.97214139396321	2.31148558247758
2.57551660914786	0.96051052751055
0.952985120754325	0.334647448570223
2.58039599621734	0.941752296283537
1.81045946197748	0.578570674290805
1.15700129687893	0.359084261243201
1.6392589264181	0.627523522545358
-0.803562149352311	0.239959706780035
2.31515215449936	1.20279706380842
-1.41151445005737	0.392781075624489
2.00150906992668	0.90586930039781
1.81045946197748	0.578570674290805
1.15224186187344	0.358935209934184
3.06190782775183	1.28672322621522
3.07422077314251	1.3181512074564
1.80577814402211	0.579897169515412
2.57551660914786	0.96051052751055
2.5850139056114	0.9375104362967
2.58453692416693	0.9378225742295
-1.41151445005737	0.392781075624489
0.514148803599278	0.202045931617421
3.07422077314251	1.3181512074564
2.00267187038736	0.899236379404027
0.380803655273878	0.0876138298096458
1.62431250305993	0.811464683915551
3.7381967022267	1.97829622589877
1.64440170754647	0.635367436399987
0.942749240237228	0.347582417012192
1.15168569414288	0.530304667877771
2.5847753763123	0.951434056294316
3.06919540525571	1.3027545160526
0.927861132607613	0.338912213867668
3.9643614677728	2.27619493235249
2.0056538942966	0.90131241581799
1.87711991635497	1.06098854272816
0.117400929504504	0.0378978336106969
0.428641319188051	0.123631933533232
1.15956929141115	0.353848797342269
1.15224186187344	0.358935209934184
1.15929717085138	0.358391556930121
2.28751109459001	1.58416277766284
-1.41258048711295	0.392583212481328
2.01303914590729	0.91200592124044
1.64945193411495	0.636815169113368
1.81045946197748	0.578570674290805
1.64715243246245	0.638228599311507
3.07598371730536	1.29177815049463
3.73582690257408	1.97798765432062
-1.41151445005737	0.392781075624489
0.433805550955191	0.125899356402515
-0.0336979603029177	0.00938395866986133
0.938788048593155	0.341975772325577
1.15471996708934	0.357712411221442
2.5847753763123	0.951434056294316
2.58246518877188	0.954808913265067
1.15197220708405	0.359022029649851
0.381939954112183	0.0885630978825824
0.941412837282011	0.340660708964588
3.74057026434324	1.9578984029178
1.80577814402211	0.579897169515412
2.57757744392236	0.957433505286922
3.97452987189749	2.30377460218261
3.73786491162249	2.01245103597413
1.15471996708934	0.357712411221442
2.58246518877188	0.954808913265067
2.57757744392236	0.957433505286922
1.41584196755402	0.76213922771254
-1.41258048711295	0.392583212481328
1.14969984760416	0.357649385936917
1.64230005514351	0.629994079538676
1.64440170754647	0.635367436399987
1.1400403013668	0.353386655811455
1.14769202191641	0.358267165374319
3.06919540525571	1.3027545160526
2.31954605735555	1.17707368516682
3.07926967573396	1.29774028538104
2.01507650893365	0.908799355873569
2.01303914590729	0.91200592124044
4.56162791767534	3.28459670408646
3.43652865568349	1.6582101694691
1.65232884439116	0.630327623928871
2.56403653148661	1.4710919407754
3.72484760623082	1.98748619153233
3.07625684166309	1.31471095169835
3.72719788451597	1.98803617077715
2.54517641292758	1.46452645373638
2.21526886969139	1.76246172007806
2.30266841014004	1.19642351923203
1.87704936476246	1.08660605537009
2.28214077071111	1.6080299809503
-0.145317405637579	0.0493502345928643
1.61841608934905	0.811708837026955
2.57551660914786	0.96051052751055
2.01540673585469	0.923787604582237
1.81256361946551	0.57834251056048
1.87233028073294	1.07493101587053
0.386804340501861	0.0890870371925953
0.380803655273878	0.0876138298096458
3.73219049548292	1.98336590805057
1.80577814402211	0.579897169515412
1.84937517416377	1.04615865124347
3.99779837824832	2.26783700430492
1.61281788268059	0.807632704794111
1.63727736835462	0.628591326830438
2.5847753763123	0.951434056294316
3.72517503969138	1.98713699848761
1.81256361946551	0.57834251056048
0.814572949083008	0.384837969680994
2.27726979819695	1.13939636228392
4.70131849482351	3.53689273351527
-0.392101578237076	0.126718309048001
1.31427756846191	0.564757260839845
2.57551660914786	0.96051052751055
1.14496257201798	0.35509824568904
2.57757744392236	0.957433505286922
2.57551660914786	0.96051052751055
2.30542980935331	1.17833170212861
2.57757744392236	0.957433505286922
2.5850139056114	0.9375104362967
1.63602636408747	0.621870313032743
3.43937863588065	1.62379068216173
1.81275735644485	0.578334100363068
2.30507720749545	1.19731082121008
3.43883926978665	1.62626264110372
-0.0245134527273917	0.00722807305418947
1.41883859168864	0.751184569620035
1.99623020766726	0.892272257279737
-1.67824689505471	0.72117217033679
3.15852335445024	2.35371884904156
1.64030841542017	0.628865334977506
3.97756573866962	2.30667897883758
0.514800100929338	0.203414119342654
2.321983242164	1.18095192937437
0.633351777092202	0.313203730590435
0.936739420721425	0.337427343817627
2.53890351474802	1.45175151477587
0.803782444181647	0.372768332299437
1.15224186187344	0.358935209934184
3.7428980888441	1.95380606105303
2.01853983959565	0.928593142144826
0.805883225731177	0.371831296325185
3.73753322921062	1.98046047232227
0.120398174666655	0.0385448647855092
2.01872333657076	0.884994953380516
1.81275735644485	0.578334100363068
1.14359097696905	0.354465121810182
0.127677675941509	0.0404244131931137
3.44340697884079	1.64697714754139
2.00546242502354	0.904131435092317
1.64515726384629	0.629666678633393
0.789733901266182	0.358000536418822
1.86649647708863	1.0706962245746
1.64518671872761	0.620623171341693
3.07695428244317	1.27333343981167
2.32614872498826	1.19722770624278
3.44572997674484	1.64515659806724
1.15224186187344	0.358935209934184
3.43138577272834	1.63403113588099
-1.41151445005737	0.392781075624489
-2.13019278806774	0.625915142677584
1.65032514099311	0.618715942293314
2.31816119057749	1.21061446075152
2.5827029666934	0.95444482507333
1.81256361946551	0.57834251056048
1.15291594361965	0.549157003541002
0.386804340501861	0.0890870371925953
2.55070432761158	1.45523885482933
2.00546242502354	0.904131435092317
2.02025271131488	0.893223853886869
1.31449861794699	0.570133762055824
1.31580694910012	0.577645369801217
0.94070627902179	0.347797326422389
1.64200058293244	0.630315938547516
1.65573425526078	1.02627592556868
2.56913897553737	1.48662283410716
2.5847753763123	0.951434056294316
2.56269890815712	1.48018864562988
2.48778591504991	1.86846400036843
2.57574696473663	1.48378033529794
-1.41151445005737	0.392781075624489
3.42397981700002	1.60913005792329
3.44371153517053	1.67619063326831
2.31299336831842	1.19592723591125
0.444854208791125	0.127991221299979
2.78294115743375	1.78765901257722
2.01853983959565	0.928593142144826
2.09750574700841	1.31121911870946
1.41607022232185	0.7859652282867
2.30396660015826	1.15489723235648
2.56059927916485	1.46274477911798
1.85731614265396	1.03083324470705
3.16189868122105	2.38797219333144
2.31235454503344	1.59826403652722
4.20996609960552	2.62506848758655
3.73252041030034	2.01562686262797
0.948502442595783	0.343903809983503
1.32296820533309	0.567462255942279
3.44371153517053	1.67619063326831
3.74023762331473	2.0035974580432
3.43652865568349	1.6582101694691
1.65067813250278	1.02404928326162
3.44139163272599	1.65421730138556
1.81256361946551	0.57834251056048
3.43622658713387	1.65895261894807
1.15700129687893	0.359084261243201
4.18329497067583	2.65018169404085
0.948171556452984	0.349388848464886
3.73753322921062	1.98046047232227
3.43652865568349	1.6582101694691
3.97692198801645	2.25963459928828
1.14995929943828	0.359644120216764
1.64200058293244	0.630315938547516
0.503397986263419	0.199613469403709
1.40169319145985	0.76543140995046
2.01616843045719	0.916690493912292
2.00802420220852	0.899281493018996
3.08336106048288	1.28907279021901
1.65463867976799	0.638533140878497
4.18674521238862	2.62185214382663
4.39239906019971	2.96439288986538
3.43138577272834	1.63403113588099
2.28812612517586	1.6188899744783
3.43622658713387	1.65895261894807
2.5778136971617	0.957067152435729
2.30850744815963	1.19924213664799
2.5619320870104	1.48112300726901
1.14995929943828	0.359644120216764
2.29975363459546	1.60655951012441
0.94378479794137	0.345154379632816
-0.0422082777316648	0.0113174876266956
2.01283744550179	0.902585732964593
1.13976881409061	0.353470691301919
3.42908906027034	1.63600040380876
2.56452477760872	1.48771959875872
0.378758799248336	0.0873510367033447
3.74323155302746	1.98463369420543
3.43108543808854	1.63475119955058
1.58662343180308	0.785435382585045
1.65232884439116	0.630327623928871
2.29329418887124	1.18005586470581
3.97925328168873	2.30998663039654
2.31021737511462	1.19601889706368
2.06803309898761	1.29422321281272
3.07394835948079	1.31896016410163
2.08834031782443	1.30886437569733
4.19123568492401	2.65376367487484
2.01616843045719	0.916690493912292
1.62160877051443	0.823923607148601
1.14332032705855	0.354549436983091
1.32714417152371	0.575860116379347
0.882370677866142	0.499712623508928
2.5850139056114	0.9375104362967
1.31248227200543	0.566315056199414
0.442856347300599	0.127861063358963
1.81275735644485	0.578334100363068
1.15036248959935	0.349527434081939
2.76546623043073	1.75002074763643
1.30015337577535	0.56323413279597
4.56694152432424	3.29544697941077
1.65725719273459	0.612982129384369
0.945406403009458	0.337586240202851
0.836363686656253	0.346542486758737
2.57086729448408	1.45170674949613
2.28161365230668	1.56225760642621
2.79319098746424	1.7535580640454
-0.380392052105036	0.140993245896827
1.99948365898762	0.894173589477728
2.01853983959565	0.928593142144826
2.27682634959463	1.5607400876661
1.61031220286488	0.806665162566724
0.948875245579521	0.342255962349792
2.30273570856291	1.17318471612485
3.44139163272599	1.65421730138556
2.5778136971617	0.957067152435729
4.55064776424605	3.29323803988734
3.06190782775183	1.28672322621522
1.64914996960997	0.626657759006669
4.19123568492401	2.65376367487484
1.60813492294571	0.809937325392738
2.30605563469161	1.19052651995119
0.471044749097172	0.161892116773209
0.437688456191057	0.125580008034337
2.00578852996833	0.903803680087074
2.5850139056114	0.9375104362967
1.80577814402211	0.579897169515412
3.07899560381092	1.29851017680794
3.99331073409607	2.2601363371007
3.07625684166309	1.31471095169835
2.57508088145662	1.46881869826622
1.5651950599729	1.03629375112947
2.27691742857268	1.58417390007511
2.23469061383966	1.83562804264882
0.945831360339598	0.344958840724124
4.56518293195293	3.1400817275971
2.28613834842009	1.57415513667021
4.71796488870092	3.61729747496679
2.78048000661146	1.72667857421061
0.444854208791125	0.127991221299979
2.29479229507541	2.41923919346961
0.817215844098443	0.371278678978416
-0.0218211847619584	0.00651731127597014
2.31366056412988	1.19398564468062
2.66308915606858	2.19498266757501
1.74273286671545	1.29757245273927
0.558636553094303	0.246999334056174
1.39625381230815	0.765347113609302
2.22462833924034	1.80967213454858
2.05608992081778	1.54901179887913
2.02058383053804	0.913020231521983
-2.94529170648287	1.08184221173329
2.02393635884699	0.919757114084648
2.5687512733702	1.48043284310214
4.37446530306221	2.97053747711016
1.71888860558198	1.27245606338272
1.2939702501286	0.558185767177898
2.96848383994596	2.03276618646253
1.87274862972721	1.0604746684869
1.15510280746455	0.558006668389131
0.461819645875611	0.159167239469046
4.57537452685899	3.27803749212011
3.45327500543837	1.61835543480303
0.934573766617389	0.342610988823692
2.54451080348767	1.47329405499069
1.30818851542872	0.578982775039473
1.157433962049	0.559443472764531
2.09428850062842	1.33133041518765
2.5827029666934	0.95444482507333
1.42485289393602	0.787439299141336
1.14969984760416	0.357649385936917
1.14131431881911	0.355152076536781
3.44340697884079	1.64697714754139
2.3007188536835	1.59657078786354
2.57757744392236	0.957433505286922
3.17400454753778	2.37506816531294
1.06512205955075	0.628331422742197
2.55982947537622	1.47837759015437
2.00546242502354	0.904131435092317
3.08336106048288	1.28907279021901
3.97417678633059	2.33916593813363
0.455228766715258	0.156463962310432
3.0813141475216	1.31594402364979
2.37347180360389	2.41495875640255
0.488729735331229	0.192809043157185
2.31299336831842	1.19592723591125
1.62769956096492	1.02344781597047
1.30612124828286	0.571426383853241
0.943078321249644	0.342123812424083
0.838814687604548	0.352243909900111
1.65392008721994	1.03359634253792
1.46472892290381	1.07893753185732
2.10846626409008	1.28719400304294
1.88518355296125	1.05658223176914
1.31820917253515	0.57214753001107
0.441297125214957	0.126926364329448
1.61527970283713	0.767605902123345
1.72916459383633	1.29839541378935
2.49999683428644	1.90347597523308
2.11685236344782	1.33020372108263
3.7408531564622	1.9462377548029
1.42716520111599	0.789673833867392
3.35283298310537	2.69541848456036
2.08925296795137	1.3132019727387
1.31149991811851	0.573872985799551
-0.021472760417631	0.00646265874018739
2.01507650893365	0.908799355873569
2.99882289164828	2.04444319881395
0.486892817250097	0.163683085240961
2.57066000659288	0.949369245848186
0.821463183805804	0.371470337418442
2.57757744392236	0.957433505286922
1.6466565509198	1.00770374864098
3.98405531989639	2.30491088562674
0.805430781610696	0.409852985851184
1.31149991811851	0.573872985799551
3.07422077314251	1.3181512074564
1.62543079210472	1.01221652720796
3.07598371730536	1.29177815049463
2.06708938537197	1.2909009877063
3.97382382163932	2.30558199214761
3.44139163272599	1.65421730138556
2.55887807938513	1.49286019534392
2.56117895225789	1.47706250039003
2.77716424516821	1.7882009108053
3.7228276196854	1.9623996577694
2.57757744392236	0.957433505286922
2.76243699167482	1.75475715657275
1.64230005514351	0.629994079538676
1.47778676710291	1.07925869443278
1.67372337229722	1.34526594120779
3.07422077314251	1.3181512074564
1.6416361170693	1.00026042531023
3.07422077314251	1.3181512074564
2.98367720426982	2.07846875806825
2.98501320910447	2.05232203865628
3.45093778969944	1.64938658358838
-0.0288626870649497	0.00820000466987386
1.14131431881911	0.355152076536781
3.98236411101984	2.28806178045914
2.31481926743634	1.60330894176704
3.07394835948079	1.31896016410163
3.43652865568349	1.6582101694691
3.42908906027034	1.63600040380876
2.54341349577986	1.44988938691764
1.32786010536419	0.5631537306585
2.11763240399751	1.32513019231736
1.31496838649989	0.564279998932843
2.32105447776307	1.16875370500629
2.48703256539804	1.88246648569612
2.08778295780358	1.29142209969486
3.0813141475216	1.31594402364979
2.0134947482036	0.901527174354077
3.07422077314251	1.3181512074564
3.73219049548292	1.98336590805057
1.86348232156215	1.07054643718606
1.85936901937319	1.27894298805131
2.10920918229357	1.33756423744806
1.99502945176793	0.884818072791711
2.30815386597796	1.19935534798675
3.98746919305759	2.33373331391263
2.31401604904763	1.19388560818143
1.15179568245697	0.563169681372569
3.13027016110426	2.29603385530887
3.73049001185693	1.98987141609617
1.1590251393429	0.353864364305867
0.751167081994115	0.455437732110513
2.58453692416693	0.9378225742295
1.62334812943437	0.806428792727589
1.63955817084745	0.627204809229306
2.07924991828491	1.2670123567506
2.00546242502354	0.904131435092317
2.78755547174297	1.77656511984412
1.60565043928877	0.800117413044635
2.01316604350963	0.917368522828072
3.97721168597421	2.30658432902081
2.30963055883074	1.18930988690182
1.63286670681234	0.622491454865693
1.14811083380636	0.553615753468069
0.386804340501861	0.0890870371925953
-2.59010690959944	0.863676284132476
3.73219049548292	1.98336590805057
1.64777897311712	1.0339106769434
3.9963533329724	2.22103290702329
0.941412837282011	0.340660708964588
3.07422077314251	1.3181512074564
4.54277775728808	3.27864935768578
-0.031317755054601	0.00880240620455318
3.06689999323772	1.30696449185998
1.64000549784903	0.618943794636741
1.15701051518738	0.357024714890045
1.81045946197748	0.578570674290805
1.84103735462404	1.02632139005466
1.40699267411726	0.761358437174657
0.126568605013276	0.0397984823848972
3.43622658713387	1.65895261894807
3.73488371986947	1.9821477033994
2.56403653148661	1.4710919407754
0.442856347300599	0.127861063358963
-0.139455722618796	0.0534582005193663
1.2970767032846	0.559951403349739
4.39848504493759	2.9615283142019
1.64745365950878	0.637896288405134
0.826514710472562	0.426383777532648
0.00517033980959793	0.00204408800160391
2.68770199535044	2.17001360966998
-0.678825526426313	0.245112801779619
2.02598821080934	0.916547038747042
2.04708603441971	1.53392066451329
5.12829561223106	4.57227904888233
1.64745365950878	0.637896288405134
1.63489476929393	0.621404558242662
0.851291656626338	0.352980585937029
1.30883560753556	0.554708958474947
1.63803117353152	0.998355264162471
0.135162582341758	0.042681029839074
4.20438895648288	2.65391113051484
2.30472472594129	1.1794437176518
1.60704444829284	0.802233342532102
1.13999781907188	0.541490915126722
1.30463950814452	0.570689346074082
4.17781056038421	2.61105714006141
1.14359097696905	0.354465121810182
2.47842843791359	1.86174279748003
3.07625684166309	1.31471095169835
1.64715243246245	0.638228599311507
1.14995929943828	0.359644120216764
2.9780867681281	2.08532702927787
1.90878868943421	1.57064335491897
2.11335173946044	1.29963741767865
2.54681540624861	2.40035631358843
-0.380841264699724	0.123517522888366
3.99295103107339	2.3058020320439
3.4440161917238	1.64474585229139
2.56614280996581	1.44255166241477
3.06892463579121	1.30354025392078
3.07394835948079	1.31896016410163
1.65463867976799	0.638533140878497
3.14430346534554	2.35944635395317
1.80577814402211	0.579897169515412
0.118608941215722	0.0383113543303187
2.01887032465644	0.912360476103855
2.78727489702017	1.78143272151952
1.64757050248653	0.616029108102346
2.56290184744001	1.46826469538702
2.28818336486286	1.16170385811228
2.27779576434185	1.56516232584102
1.29010208190859	0.556515923936066
3.73786491162249	2.01245103597413
2.32614872498826	1.19722770624278
4.70342993424261	3.56597112912661
2.99527827168204	2.04490391960971
1.06403778674607	0.658957483734953
1.51254459184681	0.991589660173538
3.74833501650963	1.91415007484205
1.16334237946162	0.559879200866708
1.64914996960997	0.626657759006669
2.56021186521006	1.47855098181491
2.55707065345952	1.47584755434052
2.06435763560948	1.27674381726133
4.19161788787649	2.60558873064914
1.13670714597647	0.524884546485941
2.5847753763123	0.951434056294316
2.07915473200911	1.30278753747923
3.74118587579236	1.94595737087696
1.81045946197748	0.578570674290805
3.1928046051222	2.32925951803219
2.79891075446816	1.76627448492499
3.98988195073213	2.31325466312312
2.5778677589961	1.47938019151026
0.850678213762888	0.353159646859981
1.15551737888362	0.558076648421692
2.67996884350773	2.18490745521792
-0.021472760417631	0.00646265874018739
1.30847081295946	0.554962120454946
2.56231542344525	1.50156499544493
4.181248040751	2.62116383248772
4.39175286121812	2.90840183460308
2.78812022005281	1.77866058288672
3.07625684166309	1.31471095169835
2.57551660914786	0.96051052751055
1.64230005514351	0.629994079538676
3.01016850114861	2.84299237243809
2.12202316117601	2.17171971293221
0.551095667544872	0.245161306568804
2.05981669919705	1.55095118521324
1.87191211353778	1.06098173889791
1.08269086145473	0.573175019589523
1.42426955443795	0.77499154081106
2.78016185134726	1.7539913146149
2.5734762787032	2.50046584607599
3.07394835948079	1.31896016410163
4.87048335793337	3.96604356334113
-0.401122302199561	0.129105756287761
2.31021737511462	1.19601889706368
2.31192323140644	1.14085700584684
2.06911113269395	1.27791715625116
2.63574784860786	2.08385553307901
2.31220598089829	1.58279867315562
1.14965005629589	0.555076670006774
2.39293882894154	2.16664103150942
-0.680853155160024	0.248723594768244
1.87409457867988	1.0547013424166
1.6392589264181	0.627523522545358
2.47968394253387	1.85876861885223
0.813523974966253	0.36921268602514
1.84139402969178	1.24849132925925
1.30818851542872	0.578982775039473
1.51814449038912	1.00676025614633
4.5537134042029	3.27368196347263
3.16814437719374	2.38460756954278
1.63949706670184	1.01971480579684
2.97539395425576	2.07297347689046
2.00395042828326	0.902503253872327
2.57757744392236	0.957433505286922
2.31090355135008	1.60468299292715
1.8491663012966	1.25521573332601
2.30398624731052	1.17602980594091
2.00877313061238	0.905895491430518
2.94226465047789	1.97809434977741
1.60211357991502	0.796913300085756
3.3193156579022	2.64688951837879
0.547254918799666	0.244299163225739
1.87924386521415	1.07999169089818
1.14923806084015	0.555010807322439
2.2272339400092	1.84584074416638
0.388856236225614	0.0893513438012124
3.74261410581148	1.95896815134987
1.85981650955859	1.05935036714501
1.14131431881911	0.355152076536781
1.61251831780817	0.831223392734876
2.00578852996833	0.903803680087074
-0.318733942823603	0.0784860044620643
3.72752615202171	1.95450332694679
2.57757744392236	0.957433505286922
1.62644490041238	0.824714433122765
-0.0218211847619584	0.00651731127597014
2.05731424386504	1.56796949062654
3.43138577272834	1.63403113588099
4.39805965786859	2.96403987087132
1.39561353200716	0.767927888325816
1.32834442032507	0.792544866358734
3.74323155302746	1.98463369420543
0.805223546212755	0.359946641888558
1.61269208776546	0.970817025059869
1.61341950195876	0.812934174888886
2.57066000659288	0.949369245848186
0.447649743178098	0.129451169297451
1.83811672333144	1.2671296801738
0.936066970782149	0.340641495091394
3.07394835948079	1.31896016410163
1.32083184813765	0.803983441408754
-0.0422082777316648	0.0113174876266956
1.64745365950878	0.637896288405134
-0.0298858259093641	0.00849839766739087
2.02058383053804	0.913020231521983
3.07899560381092	1.29851017680794
2.10101020793149	1.34382609252205
2.31159184335545	1.17150222099997
3.73786491162249	2.01245103597413
3.14498241319549	2.34163082262856
1.31804999401075	0.562481032296792
2.57257535044153	1.49519937857978
1.14681573565414	0.348473398236408
1.61511859118037	0.976504108022955
0.442856347300599	0.127861063358963
1.65433493911478	0.628354033763453
2.5850139056114	0.9375104362967
4.18879855589809	2.66041140315412
2.01258482548401	0.891926533169659
1.15770718788246	0.565036447606221
2.96471687540066	2.02018335640159
4.19432143450658	2.65657542580077
2.01303914590729	0.91200592124044
0.51259959569833	0.200534954182712
3.9717892151763	2.31140447614342
3.72484760623082	1.98748619153233
2.57066000659288	0.949369245848186
2.31057175053643	1.21438601153779
2.56652804806831	1.47331594963881
2.09852164508649	1.31748581824648
3.33217300462023	2.7110069839133
0.811161557037371	0.41275761473476
2.01113205441839	0.917539301536541
1.87152837578664	1.0707500103503
3.50394988367784	2.99453891788332
0.948875245579521	0.342255962349792
2.66622586264563	2.20097265518492
1.14852420194749	0.561300661565086
1.06207105877537	0.570125864838222
1.99814205790989	0.889251788641863
1.66288625314212	1.2780160901782
0.845195609908962	0.478155966708866
4.37863011498783	2.92429339235427
1.87993028505818	1.2795183447428
2.1196504700623	1.31167266682359
1.72504188630639	1.27118786767128
1.88556078056173	1.07884802234938
2.09049089376809	1.84481594486096
2.48203616555325	1.91649424907264
1.09620108318309	0.70572061929792
2.31366056412988	1.19398564468062
0.850295792145554	0.358635176544262
2.08621986398969	1.30903695591325
2.57535822721118	1.45724498667672
3.17694226605156	2.35418524387346
0.812791645447604	0.3681523765995
1.64470270638588	0.635038415347163
3.44139163272599	1.65421730138556
1.15956929141115	0.353848797342269
1.30632704810879	0.564725666890711
3.43422193480066	1.63669384166705
1.66880448457393	1.35528478229364
1.39956905863906	0.750022008626797
2.10643701526871	1.3348471165724
2.31228290443762	1.17287684324415
2.08892748295589	1.27198764017467
1.08318237873944	0.693077378900775
2.50055582166422	1.89551471960109
2.96971112718613	2.05675505848599
0.612771190798517	0.303975674699645
2.0368045925765	1.5603648895022
3.74023762331473	2.0035974580432
3.3241947445637	2.65915069537719
2.28565775225577	1.59342527431904
2.09492339286401	1.34882181072262
2.25287238407845	1.85722898999457
2.57747805501392	1.44874293900574
1.14131431881911	0.355152076536781
1.87412004806794	1.0457781831526
2.54303761515338	1.44973679817509
1.31513719670741	0.568834084418898
0.432316457341244	0.12480155231866
2.30266841014004	1.19642351923203
2.0094524368054	1.47398616023818
3.06892463579121	1.30354025392078
2.30877416015578	1.19399936413832
0.932992903648687	0.343213802779003
3.73252041030034	2.01562686262797
-0.320968214320357	0.0797036181189048
0.867654316027827	0.492798399493604
-0.166858657636372	0.056607686788205
0.827226405586175	0.340341612318865
1.13805747983367	0.537815042300888
2.03819662568979	1.52972010459926
3.43853636873109	1.65697509457057
2.09207367302516	1.32339648319098
1.64945193411495	0.636815169113368
0.828054965591922	0.425978458459726
1.64745365950878	0.637896288405134
0.837619350760934	0.348379886772529
0.840075921644172	0.350235500359094
2.09041971437981	1.28787427515191
3.95363202227098	2.22851635534244
0.246607180424701	0.0918471184805148
1.30266856875786	0.569776086271543
1.15110202328969	0.560332293586769
2.5507741710789	1.47115824947363
3.73786491162249	2.01245103597413
1.99499535255045	1.92021500994488
3.9717892151763	2.31140447614342
3.43622658713387	1.65895261894807
1.64001387550127	0.631392365244923
1.6100217193988	0.820856254492216
1.14359097696905	0.354465121810182
0.21101467270428	0.0782187357981839
1.08547526463167	0.588168954867826
4.7229566900869	3.62736792653484
3.07394835948079	1.31896016410163
2.30273570856291	1.17318471612485
4.72244445500472	3.60784812782552
3.97996309256972	2.30819692162536
0.647062499327337	0.314280303962796
1.62373307132501	0.822214274816007
-0.800920844225984	0.236493729089377
2.99003260471458	2.06269951538552
0.543455046556762	0.235693049316429
0.445346987709576	0.12757256264033
2.72625710660277	2.79138942389494
1.99814205790989	0.889251788641863
3.74294760040666	1.90857904584065
0.95125997466955	0.346753414627907
2.09153913884022	1.3165651497165
2.55926165200784	1.47173078644793
1.83838358898519	1.60174232349214
1.14769202191641	0.358267165374319
1.08727631409268	0.574717857488627
2.09199925161662	1.33231840586103
1.61763512103045	0.793573196319595
3.72752615202171	1.95450332694679
2.3147949993353	1.2038489942867
-2.59403623540671	0.862321687590532
2.5830841280342	2.43189491253396
3.98541699570749	2.29742497019563
0.857021332247413	0.358312381862468
2.30361004489947	1.17965243345041
-0.805317901758974	0.240245271413442
-0.0465361562006269	0.012376742842174
-0.0298858259093641	0.00849839766739087
3.4440161917238	1.64474585229139
-1.1698340856942	0.401038649080332
3.73049001185693	1.98987141609617
2.78769746602762	1.78825040842562
2.32095296952997	1.18470375149857
1.59359231533373	0.791808764179397
4.39805965786859	2.96403987087132
1.54013838995671	1.03575796783231
4.19921678455742	2.63995082292234
2.40302108354062	2.14528219517175
3.33272707702084	2.69998690719009
1.06562843138651	0.622767247330931
1.65463867976799	0.638533140878497
2.31851839938804	1.20954950098339
1.17435019638922	0.563015600876368
1.81256361946551	0.57834251056048
3.97756573866962	2.30667897883758
2.01113205441839	0.917539301536541
0.945831360339598	0.344958840724124
1.15727261407567	0.35899800278529
1.61841608934905	0.811708837026955
1.31947872816854	0.58154081144167
2.57046039920441	1.49801167502871
1.14006888197725	0.541262059027651
0.864910157968724	0.356405707147254
1.31185224408202	0.573723422401825
3.98746919305759	2.33373331391263
2.58077221926498	1.47419068333273
2.00768130073925	0.913173903964439
1.85722737119886	1.05240434723355
2.31299336831842	1.19592723591125
0.506678632575039	0.198884826943671
3.42397981700002	1.60913005792329
2.78890484022273	1.7254103449721
3.72719788451597	1.98803617077715
2.10066022567649	1.32115451252217
2.31401604904763	1.19388560818143
1.62984111859406	0.816841916921024
1.14496257201798	0.35509824568904
3.06689999323772	1.30696449185998
2.57757744392236	0.957433505286922
2.57551660914786	0.96051052751055
3.43108543808854	1.63475119955058
3.98200822752626	2.33564603127287
3.97621411812397	2.3079922179444
1.0962171886166	0.586215211576956
3.07598371730536	1.29177815049463
1.30943067965115	0.566502865068024
2.30201423931808	1.60597008426155
3.07422077314251	1.3181512074564
2.28972052853184	1.15718217062454
3.73786491162249	2.01245103597413
2.30634755340132	1.17952586013937
3.07394835948079	1.31896016410163
1.64945193411495	0.636815169113368
2.08567773430823	1.26152970812689
1.27959459069344	0.914743530857032
-1.16124089915057	0.394406815788777
2.29811218581113	1.19514681166661
3.72752615202171	1.95450332694679
2.57757744392236	0.957433505286922
0.373898439728092	0.0868259292003649
1.85505347406077	1.05380751699817
1.64001387550127	0.631392365244923
0.388856236225614	0.0893513438012124
2.31401604904763	1.19388560818143
2.31851839938804	1.20954950098339
0.381939954112183	0.0885630978825824
3.44891088252907	1.65655944931031
1.63255659446758	0.620382768290144
1.07001413433201	0.682683618623265
1.31205789321519	0.563033534561283
3.43937863588065	1.62379068216173
1.9941534946851	0.892604853591944
2.32614872498826	1.19722770624278
3.06919540525571	1.3027545160526
3.44891088252907	1.65655944931031
1.64030841542017	0.628865334977506
2.31021737511462	1.19601889706368
2.01887032465644	0.912360476103855
1.14516912228833	0.554323507500941
1.30325016498344	0.551616087545908
3.74118587579236	1.94595737087696
1.64914996960997	0.626657759006669
0.0294806573558691	0.00960318414932012
0.459371674903199	0.153689883765991
0.463191578148167	0.156823194878867
-0.318733942823603	0.0784860044620643
3.07422077314251	1.3181512074564
1.64230005514351	0.629994079538676
1.15197220708405	0.359022029649851
3.06190782775183	1.28672322621522
2.77421581089292	1.75552814484328
0.912170781208148	0.322096978893302
3.72719788451597	1.98803617077715
-1.16297906407246	0.403133997050686
1.15179568245697	0.563169681372569
2.78077687484394	1.75859398683312
2.0828986132479	1.29789106393528
0.116597487600549	0.0379615967056015
1.62430848176587	0.980439779552192
2.01316604350963	0.917368522828072
3.74023762331473	2.0035974580432
-2.13724119892934	0.62801243803531
1.14995929943828	0.359644120216764
-1.41151445005737	0.392781075624489
3.44658077322804	1.62685228459315
0.805675986736911	0.369148525113292
0.385075707641674	0.0886838975959519
2.31851839938804	1.20954950098339
3.07394835948079	1.31896016410163
1.80577814402211	0.579897169515412
1.60213354576988	0.795976328919814
2.97390754173789	2.0253398065975
2.02091505785162	0.912255878143907
1.86861759894606	1.06597295823179
2.58246518877188	0.954808913265067
0.389091380780796	0.0893837858796829
2.31299336831842	1.19592723591125
2.2975538689756	1.17762048472898
0.934244469311174	0.34273476266917
0.511526702782082	0.204205845686417
1.6270178641527	0.787767563765462
1.87112321098161	1.28024986959674
2.01634108870941	0.885279060935778
2.00923609517584	0.916358594417167
1.14996928148472	0.357563393391782
1.30280391548738	0.560259357254657
2.29931315281949	1.18977247319073
0.112411679249141	0.0362522346472621
0.795486291498508	0.350898936501074
-2.58575103484108	0.851921364801337
-2.58575103484108	0.851921364801337
1.61629774882858	0.8106208547367
0.380803655273878	0.0876138298096458
1.64440170754647	0.635367436399987
3.73016083045583	1.99020875135088
3.44572997674484	1.64515659806724
3.99707560415237	2.29210758967487
2.55325150236696	1.48854833903313
2.5847753763123	0.951434056294316
2.57551660914786	0.96051052751055
0.481523201986006	0.164009442196548
2.02970422356724	1.5182452254695
2.06182840630927	1.82835618440291
2.97582316052908	2.08024111666947
0.84916995159376	0.352466211956781
3.74023762331473	2.0035974580432
0.854511437151625	0.353633415859242
3.98952336149582	2.32799170849379
2.30154732428428	1.17860973617626
1.64001387550127	0.631392365244923
2.78476463963891	1.76862235817381
1.08778279121328	0.584158961059145
3.88922700948327	3.88705609585303
3.43422193480066	1.63669384166705
1.15929717085138	0.358391556930121
2.31272343054008	1.20719390426135
-0.433814247562032	0.196329972290151
1.31054775763782	0.568793948808771
3.15479944545089	3.26966167509587
3.97621411812397	2.3079922179444
1.39332242572794	0.75908027041009
0.938062948222777	0.340428430013029
1.64515726384629	0.629666678633393
3.97925328168873	2.30998663039654
1.15727261407567	0.35899800278529
1.858634012677	1.28369273521505
2.76884046099436	1.76001338712733
0.437822857991463	0.125700108084046
2.01080419021524	0.917878163437858
4.20089741722986	2.61281114296737
0.82703387912941	0.428324966810375
1.30854078954356	0.578826130306538
2.5669134356882	1.47946583278582
0.321565795984798	0.135751868693211
3.26679205058547	3.54810642261657
3.07625684166309	1.31471095169835
-0.827584457603113	0.240037154615378
5.02419187861152	4.21527333076276
1.33328744834225	0.792638912535544
2.77099113591411	1.75779269442633
1.41216731237698	0.773860806361311
2.55668936344375	1.49723334425118
3.44634087442464	1.60321995813649
0.478831109466061	0.163927156744994
4.38778464750062	2.97590268181663
3.98200822752626	2.33564603127287
2.55573268854582	1.46940921769483
1.60225196865673	0.80774890999215
3.44603537524276	1.64364191375367
1.63489476929393	0.621404558242662
2.56136817593256	1.48884546733947
1.08783027096469	0.574552411880204
2.97742138684233	1.99824180731503
1.8670206210044	1.26054752955753
3.44688635376406	1.62617441218239
0.467192541106162	0.1613997080241
0.495364598134244	0.193973550678761
2.02565529176159	0.896680455871815
0.813815816429334	0.376797122015105
2.76884046099436	1.76001338712733
2.30001802335968	1.60358943246256
2.56329122299248	1.47435330820912
2.49185433663071	1.86967410677458
3.16814437719374	2.38460756954278
1.85826703694834	1.26133533330266
1.80577814402211	0.579897169515412
3.42397981700002	1.60913005792329
2.57066000659288	0.949369245848186
0.459930977582697	0.157383456693987
0.50626674581185	0.198829242151314
1.60435800458475	0.817838126462223
0.469847840927984	0.162846095129154
1.64001387550127	0.631392365244923
4.38633663576122	2.91289383156391
2.00183784492713	0.905539797049623
3.43937863588065	1.62379068216173
0.557481588144323	0.247123412331484
-0.327566199101949	0.0805649382219874
2.31401604904763	1.19388560818143
2.30249859662015	1.58429956198488
0.266549593617725	0.117485486403132
1.60225196865673	0.80774890999215
3.07422077314251	1.3181512074564
2.00386617549332	0.905383190925864
0.385075707641674	0.0886838975959519
5.17134519882792	4.66779683040809
1.84980223328631	1.26907450344859
1.1400403013668	0.353386655811455
3.44139163272599	1.65421730138556
2.08367676533035	1.31051719100786
2.06942038739707	1.27844173793556
0.496818135507969	0.196263067547303
3.73252041030034	2.01562686262797
0.822361791269442	0.385186247582099
0.934244469311174	0.34273476266917
1.15063552749799	0.353954663248934
0.131938391174266	0.0414395341078446
0.45541418064842	0.154584921691207
-0.800920844225984	0.236493729089377
1.64722382977687	1.02244902914417
1.85547039179513	1.05401638890987
2.65288047617755	2.17896240893794
1.0755514723515	0.572391757758386
2.57551660914786	0.96051052751055
3.07422077314251	1.3181512074564
1.65695250422108	0.626785212871931
2.79914771569444	1.72821921698157
-0.371981541305843	0.119086720502077
3.4440161917238	1.64474585229139
2.01777812863276	0.907620344280977
0.857021332247413	0.358312381862468
2.70382370282877	2.80207635737009
2.56518983583209	1.46864702335576
2.30542980935331	1.17833170212861
4.40627925932476	2.92580343020222
1.6293916766916	0.620999763807038
3.06689999323772	1.30696449185998
-0.295893705037175	0.124063684801332
3.07625684166309	1.31471095169835
1.63955817084745	0.627204809229306
2.30119169062823	1.19760543205678
1.64230005514351	0.629994079538676
2.06343793842977	1.55834343501177
0.38712249202939	0.0889469399976088
3.08158902571449	1.29153111501543
2.02598821080934	0.916547038747042
2.5489930875806	1.47313229258585
3.96100553358635	2.26745552927793
2.011003990687	0.895938575895696
3.43108543808854	1.63475119955058
2.66292578923031	2.15832671276357
3.16189868122105	2.38797219333144
3.08308555311473	1.25920116126588
1.65463867976799	0.638533140878497
0.473147409426074	0.161066932212499
2.02091505785162	0.912255878143907
3.00453658559964	2.91522699749
2.40664469071591	2.09637418028295
2.06704567750498	1.2653024401193
4.18572350600616	2.61781818698671
3.07598371730536	1.29177815049463
4.39155404411293	2.88767542965115
1.15673870532033	0.352530629186162
2.79133327449026	1.78556725644158
3.27001920346691	3.45527214127134
2.97303350792501	2.04169662231249
1.41792069564217	0.795768315261856
2.416342846071	2.1740688666447
3.73753322921062	1.98046047232227
1.16951513015756	0.56250310313533
0.854892585477404	0.353608864450429
2.27955791157489	1.54675850002996
0.450357276379642	0.128882961127995
3.73990509096128	2.00551060758524
2.5666371014682	1.49051108548389
3.74118587579236	1.94595737087696
2.66114555870838	2.16434236806827
0.803688212533832	0.364386406019651
3.98129682801048	2.29234900534901
3.32073485121922	2.68864119497521
2.78077687484394	1.75859398683312
1.41792069564217	0.795768315261856
1.84924488394809	1.04800636220322
0.94378479794137	0.345154379632816
2.29174243967841	1.60245615883565
1.15291594361965	0.549157003541002
0.457908425028787	0.156468882993424
0.432139943063619	0.122315170071212
1.14923806084015	0.555010807322439
2.29460652011336	1.58034102991097
1.71016208039077	1.26451223845394
1.16030158711879	0.572035362449104
3.44169544984981	1.65349226807068
1.61629774882858	0.8106208547367
2.11151545834202	1.33111230734582
0.825506024944345	0.338784906974385
0.855810913476296	0.354181972043328
2.77741277359286	1.74871357249702
1.81275735644485	0.578334100363068
1.14270422844595	0.353753757992918
1.31632390441975	0.561266383118407
3.32309625154151	2.69589623237895
1.62373307132501	0.822214274816007
3.44572997674484	1.64515659806724
0.945831360339598	0.344958840724124
2.39373539264152	2.12824928202315
0.507694285578838	0.200669877016196
1.858063663965	1.05188837126634
2.28816276030196	1.16329631464524
2.31851839938804	1.20954950098339
1.60318249196502	0.793989755405987
0.936614736339765	0.342415694432161
3.72517503969138	1.98713699848761
2.57066000659288	0.949369245848186
2.55878804979715	1.47897301748038
3.74261410581148	1.95896815134987
3.14670348013449	2.34666602794861
2.48329012584002	1.83229622878556
3.99914087357503	2.24500462011463
1.32261203622906	0.567591721240197
0.845431153393745	0.355141528539788
1.62373307132501	0.822214274816007
1.64914996960997	0.626657759006669
1.30711681740938	0.574815634179781
3.07899560381092	1.29851017680794
1.64200058293244	0.630315938547516
4.38382721386413	2.9085762658217
2.57551660914786	0.96051052751055
4.37136766001687	2.92325978895694
2.99787401762343	2.07060768202173
3.73219049548292	1.98336590805057
1.15192622161788	0.550699105810062
1.86891543081145	1.05455292190643
0.340360825090841	0.142248240520687
3.14448609449225	2.34076698959208
2.97356123436262	2.04853957231461
-0.815224899677312	0.241902883503242
1.0878574763601	0.633506003431568
0.813914736616823	0.379435207958077
3.68016263442955	3.35837182295416
2.03959690303374	1.55446365013
2.1012831779618	1.31423542663125
1.61455367811623	0.818232760466454
1.38496243761852	0.746096251963823
0.500578959497099	0.196195340372789
2.29420196775612	1.17116230540423
1.31947872816854	0.58154081144167
0.11788741574772	0.037921776242292
1.65573425526078	1.02627592556868
3.74194744404181	1.96312025935539
1.31993686989721	0.561112152269559
2.2975538689756	1.17762048472898
3.97382382163932	2.30558199214761
2.55917028286865	1.47785885007858
1.65187344979575	0.63567057185485
2.10967842091055	1.33078853616378
1.64914996960997	0.626657759006669
2.30526676901516	1.60890421115631
2.66201248787378	2.14838570101945
0.548566648588914	0.240833032450096
0.44515396789369	0.128009718182639
0.824210206865243	0.341759601635332
3.98405531989639	2.30491088562674
2.97892712347776	2.05137768328852
4.71703150749113	3.61188292139454
3.42908906027034	1.63600040380876
3.74766454481472	1.97844083639306
1.64914996960997	0.626657759006669
1.32750207667436	0.575442239657456
1.65017621063184	1.01243215808179
3.43883926978665	1.62626264110372
3.07422077314251	1.3181512074564
0.506093361136336	0.201385678434185
0.44515396789369	0.128009718182639
2.01316604350963	0.917368522828072
3.07926967573396	1.29774028538104
2.10433614562135	1.30361704650038
3.73521458563386	1.93735847633579
1.80577814402211	0.579897169515412
1.61244626717653	0.796707474657398
-1.08219436941502	0.477189995468149
2.05725070485414	1.55560283518956
2.08100357314305	1.30893391372794
2.01853983959565	0.928593142144826
1.58642187918801	0.786802150568317
1.08263193245678	0.580676431159563
2.0134947482036	0.901527174354077
3.43622658713387	1.65895261894807
3.44658077322804	1.62685228459315
2.10920918229357	1.33756423744806
0.943456416021064	0.345278425930188
2.78552858374168	1.79046075418453
1.12578046748822	0.531269279267597
2.09148869952109	2.2358023941159
1.14359097696905	0.354465121810182
5.03297969080125	4.28931489344058
1.62229156548548	0.612287105233856
2.7629462345287	1.7347917260236
4.88626249410284	3.81295672918681
1.41872931894336	0.787812456711597
3.44572997674484	1.64515659806724
0.939120768753039	0.336715812554765
2.31954605735555	1.17707368516682
3.9765679923611	2.3060975503741
0.442455353988481	0.128578622840416
1.06823043669146	0.562017353424805
2.01113205441839	0.917539301536541
1.59416459574539	0.780341015131563
2.47290826272417	1.85413907944452
-0.140947095122927	0.0486015397974796
1.4149243254129	0.775854093311413
1.83864742962425	1.02386106432511
-2.11457542201993	0.632270703085136
1.05693288009345	0.619068165880711
4.3882049509002	2.97421694181317
1.64230005514351	0.629994079538676
-0.0279155254022547	0.00787348180772118
1.61629774882858	0.8106208547367
2.97518769851199	2.02596633287181
2.56546671265016	1.46997364399663
1.31185224408202	0.573723422401825
4.72020384004408	3.62001987710544
2.56269890815712	1.48018864562988
2.5847753763123	0.951434056294316
4.37798326372615	2.92650300867684
-1.15794029345682	0.396880218661525
3.43652865568349	1.6582101694691
2.57046039920441	1.49801167502871
0.381039818852264	0.0876463229858444
1.86649647708863	1.0706962245746
3.06919540525571	1.3027545160526
2.27119611918383	1.56295083012036
0.84291551309825	0.347769839837455
3.43422193480066	1.63669384166705
2.7817484045303	1.78137918388793
1.6329598711551	1.01586116576048
3.07926967573396	1.29774028538104
2.28816276030196	1.16329631464524
2.57825761534924	1.48550553021297
0.926974841528138	0.327039751357353
3.46909734165195	2.93381082449446
-0.329588432169323	0.081030044295638
1.63727736835462	0.628591326830438
3.43622658713387	1.65895261894807
-0.0288626870649497	0.00820000466987386
0.468740614511173	0.160304172406953
2.5827029666934	0.95444482507333
0.48936568576343	0.189241211562954
1.6120462679043	0.808254503166547
3.74356512638939	1.95175037350906
-1.14843226338874	0.38965250304554
1.30257175068484	0.570433159223239
1.30199171764101	0.780646651336107
-0.699629938521559	0.25508907562411
2.32095296952997	1.18470375149857
2.96714174191016	2.0419520056728
0.945831360339598	0.344958840724124
2.0134947482036	0.901527174354077
2.01810931344505	0.886922147273673
2.01080419021524	0.917878163437858
0.437688456191057	0.125580008034337
0.543939871049445	0.242108295437524
0.551611272097479	0.240257662795768
1.64945193411495	0.636815169113368
3.97417678633059	2.33916593813363
2.77019094866247	1.75096064138591
1.15727261407567	0.35899800278529
2.5850139056114	0.9375104362967
3.97214139396321	2.31148558247758
2.02124639331569	0.891346911824434
0.480945905299771	0.184788065888111
3.17169750467952	2.35765910856961
1.6173922071375	0.809052449383132
2.01316604350963	0.917368522828072
3.08363665794131	1.28836071236096
2.30542980935331	1.17833170212861
3.45063071627363	1.61114356741606
4.53706915858729	3.25831691870254
3.08336106048288	1.28907279021901
1.15497990448255	0.354392783816625
-0.0306301829834416	0.00860813989029093
3.06892463579121	1.30354025392078
3.43138577272834	1.63403113588099
2.29522228831439	1.56706235760992
0.840979901721941	0.345859273630559
0.837874761629045	0.343525898191338
2.55421229831816	1.47965447556991
2.57551660914786	0.96051052751055
1.30094267415607	0.559645350309818
-0.810014808525441	0.239459859761047
2.58453692416693	0.9378225742295
0.85367575414482	0.354671154884543
0.477885530068221	0.164888796649793
2.02124639331569	0.891346911824434
2.96714174191016	2.0419520056728
-2.59746896280767	0.856847653258548
2.57551660914786	0.96051052751055
4.18917966911872	2.62482139585421
2.77938564416674	1.71268361738301
2.05867128759133	1.54880589550516
2.31038423443536	1.60590708367914
2.96119661056967	2.04258013891427
2.1196504700623	1.31167266682359
1.3212044468752	0.56113846162476
2.29027759117881	1.56995659450211
1.42716520111599	0.789673833867392
1.33724183837127	0.805195473238124
3.7381967022267	1.97829622589877
3.95865819521579	4.13145454993325
1.83144091196536	1.21067000382511
2.23263923019624	1.83127858452349
2.08201802490439	1.27209917129047
1.62819081122271	0.819402940934531
1.41792069564217	0.795768315261856
3.49885824697169	3.04706292628423
1.49682973630903	1.09616748996673
2.39661168788179	2.13555672583145
2.55630822031745	1.47679306157225
1.30811630597354	0.570719315214867
1.09522687181518	0.57485837169755
4.20193176415863	2.65080183528634
1.07367106622675	0.570653820446766
4.89317825968016	3.94247285739901
3.15586811541839	3.20251782779778
1.15727261407567	0.35899800278529
2.66936795012833	2.19292083776073
2.08550107341417	1.30913490257145
3.63427647790079	3.35485854110599
0.853156865445466	0.478295429810545
4.86407638239159	3.94691208075646
3.96673752968538	2.30317454746481
0.558542270008777	0.249105213836155
2.96961767851169	2.81407775701752
1.52740037521609	1.02481311057256
3.50915260239096	3.04284528516312
5.17087587234694	4.67372919600093
3.5180155252301	3.0036217511168
4.56887287463607	3.21808388717753
3.07191541302791	1.30060988602716
2.03819662568979	1.52972010459926
3.49945760703759	3.04540407173053
3.18310617494537	2.35880341746145
1.58951756764709	0.789772035401623
3.99157950321597	2.28606178984152
0.8536622289229	0.36106255589765
3.07422077314251	1.3181512074564
2.82504007052907	2.50572635263906
2.38467269668966	2.11082659110082
2.29720404792069	1.17773750266794
4.71479485452566	3.62674339693889
3.89772792462769	4.00036939180744
2.96390192810976	2.06422511188039
4.19123568492401	2.65376367487484
0.850911787379618	0.347942701856789
1.61988541451824	0.798118589644438
3.31502504389426	2.66459032431626
0.855793074330536	0.356255162891984
2.64525862908256	2.14916934092713
3.9717892151763	2.31140447614342
4.19393829070921	2.62262304806424
4.39239906019971	2.96439288986538
2.76803478052086	1.76953980875816
1.64646847869566	1.00394450056809
2.00877313061238	0.905895491430518
1.87485665282404	1.08409849393683
0.503397986263419	0.199613469403709
4.38466479220362	2.97330030604497
-0.0241868342818753	0.00714958363691553
3.96638721052615	2.30310378549378
2.31057175053643	1.21438601153779
2.02319444654467	1.50971740988094
2.31057175053643	1.21438601153779
-0.338187610441551	0.0828220139637751
1.3901995800914	0.741687307450389
2.08144349664855	1.32127437376407
2.78651492561384	1.75214876686772
1.29820769874746	0.564904895606997
1.65232884439116	0.630327623928871
2.10656441162845	1.34597592440528
0.337724758794615	0.143691574573355
1.32995284641925	0.563498802429079
1.64914996960997	0.626657759006669
3.43883926978665	1.62626264110372
2.10081830591266	1.33610411726724
0.851756745002023	0.474012839884167
1.64041163115281	1.02450118378976
1.84875748465637	1.27434613509638
1.61502768646748	0.988310450112279
4.88113561238885	3.94597897662899
2.30001802335968	1.60358943246256
1.84354117179911	1.25948476243024
2.97446574332823	2.04279884955527
2.99336525552406	2.01577136537766
2.41868893532072	2.18753223327854
2.30850744815963	1.19924213664799
1.40791291412359	0.782066258348143
2.7909092579785	1.78667105794429
1.88256548708813	1.06871842753298
2.77674672401272	1.76616704687936
3.31686912474823	2.62571123780255
0.12193247700894	0.038936471699858
4.05215546877748	4.47474042690077
3.64229933733898	3.37327296519976
4.36432342224832	2.88538039399383
2.48929678373663	1.85900750396435
2.30850744815963	1.19924213664799
-0.039519097689118	0.0105633738670216
2.55887807938513	1.49286019534392
2.29329418887124	1.18005586470581
1.8639066104761	1.05817719259993
4.39720945015933	2.88776490390335
1.30477226290885	0.568283900864708
2.29931315281949	1.18977247319073
2.97303350792501	2.04169662231249
3.73521458563386	1.93735847633579
2.02091505785162	0.912255878143907
0.939659676105033	0.341045578330067
1.64200058293244	0.630315938547516
1.07733899814518	0.567229024904248
2.30083617917732	1.17972477152085
-0.335947778271908	0.0808652706132172
1.91924035941351	1.56148240883734
2.54095674755528	1.44781654866013
5.0137802411095	4.24947423123454
3.43823356696493	1.62843601559653
4.57584606766785	3.26724863776031
1.87274862972721	1.0604746684869
2.78294115743375	1.78765901257722
3.06919540525571	1.3027545160526
2.49612481623021	1.89433427250981
1.31185224408202	0.573723422401825
2.01412961239258	0.90045959750674
2.29975363459546	1.60655951012441
3.07625684166309	1.31471095169835
2.03441607365095	1.54930544767074
4.37405141211931	2.93584102097404
3.08336106048288	1.28907279021901
3.1653338119283	2.3442618209152
0.520748502421548	0.203717190650595
1.42762990380304	0.789198036355685
1.30075959077862	0.772920477295937
0.51259959569833	0.200534954182712
2.48555430064601	1.90743871946034
1.34365394208079	0.801420609396615
2.32406495526899	1.20040695768785
0.938062948222777	0.340428430013029
1.61591583568806	0.823032535434358
4.85912231109399	3.953337164764
4.19844625005781	2.64435108733641
1.61841608934905	0.811708837026955
0.512465707437074	0.198969264322156
3.44455936104629	1.59260934884536
2.78944435446592	1.75058558517172
0.458322026329294	0.158458964494106
2.56442081734112	1.49863630620331
1.15224186187344	0.358935209934184
2.03848066464925	1.53298066365493
3.73049001185693	1.98987141609617
2.50353719854887	1.88854811650065
1.30428525709536	0.562029006621389
0.94378479794137	0.345154379632816
2.30266841014004	1.19642351923203
1.29114271638546	0.944939507105181
3.44169544984981	1.65349226807068
1.07688440916178	0.548757247372334
3.73582690257408	1.97798765432062
1.58700281344467	0.785430888271607
1.62411816251489	0.821562803632701
3.44603537524276	1.64364191375367
1.31149991811851	0.573872985799551
2.01080419021524	0.917878163437858
1.64001387550127	0.631392365244923
1.14496257201798	0.35509824568904
2.30302010441829	1.19630270244243
3.73252041030034	2.01562686262797
0.496818135507969	0.196263067547303
1.64745365950878	0.637896288405134
2.76977459776617	1.72237297404297
1.3106108999453	0.579073050182864
0.47847747897998	0.161640133702048
2.5778136971617	0.957067152435729
1.81045946197748	0.578570674290805
4.56070018407513	3.26814335006568
2.02804230441003	0.896378789519782
0.926822466092896	0.338094740953324
3.96876597421897	2.30544013526435
3.43853636873109	1.65697509457057
3.43422193480066	1.63669384166705
3.44542467887705	1.60699747927669
2.01649806825886	0.916361250213578
3.9717892151763	2.31140447614342
3.06190782775183	1.28672322621522
-0.401122302199561	0.129105756287761
3.74023762331473	2.0035974580432
4.16993737973142	2.56712698984023
2.78232559444289	1.75670721857387
2.55917028286865	1.47785885007858
3.06892463579121	1.30354025392078
1.60565043928877	0.800117413044635
1.64230005514351	0.629994079538676
1.63955817084745	0.627204809229306
3.74023762331473	2.0035974580432
3.43853636873109	1.65697509457057
2.01667493821378	0.904658915251568
2.57757744392236	0.957433505286922
1.1690941912802	0.555067431425361
2.54803811285188	1.4552111239689
1.14995929943828	0.359644120216764
2.02393635884699	0.919757114084648
1.65263184144526	0.630012728055625
1.08728604699325	0.586540469224673
3.74161427674586	1.91524829673632
1.15744505650296	0.563851077200478
2.02598821080934	0.916547038747042
0.546225072254473	0.243160958458946
3.16646077331752	2.34442318788562
1.84682549380846	1.23930417512218
1.64745365950878	0.637896288405134
1.64745365950878	0.637896288405134
0.815036659453092	0.379671388608302
2.31608760129162	1.21400243950159
1.40819417354722	0.768924004333161
0.458534768547991	0.156368311139024
2.31021737511462	1.19601889706368
-0.34328080823096	0.0826394888061287
3.43622658713387	1.65895261894807
2.9845462227428	2.08457548430714
1.80577814402211	0.579897169515412
3.07422077314251	1.3181512074564
1.14314594894384	0.533590077587674
0.93628469764127	0.337326267145544
0.930775388686349	0.334820385943925
1.60473671552621	0.817825535166193
3.44371153517053	1.67619063326831
3.97756573866962	2.30667897883758
0.54215302339245	0.241250409134783
3.08336106048288	1.28907279021901
1.64715243246245	0.638228599311507
1.80577814402211	0.579897169515412
2.48689077767862	1.88429392447458
3.71988182378166	1.95663455009405
2.57066000659288	0.949369245848186
2.00877313061238	0.905895491430518
2.57551660914786	0.96051052751055
0.438994815557414	0.125095952267076
1.60646590314667	0.807117876325573
2.77932398698815	1.78591308132808
2.26944165020746	1.55538387685454
1.64230005514351	0.629994079538676
1.61540193441977	0.802872310543416
1.64032883511768	0.979772712360511
2.02124639331569	0.891346911824434
2.00578852996833	0.903803680087074
2.01357921966617	1.48067141344957
1.62896774864103	0.817898309685265
4.20438895648288	2.65391113051484
1.72380548165067	1.29593805343877
0.233218945038214	0.086440873555267
1.60813492294571	0.809937325392738
0.246830209724799	0.0907632250556064
1.86595156931156	1.26573337582888
1.62605747385881	0.825367113561316
1.1590251393429	0.353864364305867
1.87669927459825	1.05678508647825
1.84520269014945	1.25453955288889
1.87191211353778	1.06098173889791
0.943456416021064	0.345278425930188
2.01316604350963	0.917368522828072
2.5701917263241	1.4691383351528
2.08662258526064	1.28873762152764
1.59998813787088	0.78256004000384
2.97211159388861	2.0751151141498
2.98728709408122	2.07963180111142
2.10011150561327	1.29328708676096
2.0095675014684	0.900532144413778
3.44891088252907	1.65655944931031
2.46387571409822	1.81623588658666
3.06689999323772	1.30696449185998
1.31149991811851	0.573872985799551
2.00546242502354	0.904131435092317
2.30213485245545	1.58230889521719
2.31481926743634	1.60330894176704
2.3109262473615	1.19487152641038
2.55840596422665	1.45209192454518
0.442856347300599	0.127861063358963
1.86109523055878	1.04035915108119
1.63105783675985	1.00351617807506
3.44139163272599	1.65421730138556
4.1853436216529	2.6196029622628
2.57757744392236	0.957433505286922
3.15579924931873	2.31118405900211
2.10051473966412	1.32849284514232
1.14496257201798	0.35509824568904
3.73957266722255	1.96234725257727
1.32156028688205	0.572788874606842
3.7345529618008	1.9840170302838
2.55887807938513	1.49286019534392
3.99053295121628	2.29847521702285
1.30943067965115	0.566502865068024
1.14496257201798	0.35509824568904
3.06892463579121	1.30354025392078
1.15700129687893	0.359084261243201
0.506678632575039	0.198884826943671
1.15770718788246	0.565036447606221
-0.0211459386071139	0.00638536373142674
1.15497990448255	0.354392783816625
-0.0241868342818753	0.00714958363691553
-0.334637994522283	0.0823107846793868
0.843468501514109	0.346336074922184
1.15197220708405	0.359022029649851
1.6380147533305	0.630239685678764
3.73219049548292	1.98336590805057
0.380220335111381	0.0881615126503493
2.58039599621734	0.941752296283537
1.15497990448255	0.354392783816625
2.58246518877188	0.954808913265067
2.58039599621734	0.941752296283537
3.43652865568349	1.6582101694691
3.07422077314251	1.3181512074564
0.926074187966117	0.336224576509702
0.945502239418716	0.339849482937852
2.09390895508381	1.33280485758356
2.57066000659288	0.949369245848186
3.44921730950001	1.62610415990411
3.07394835948079	1.31896016410163
4.18087016840469	2.62073387155809
3.99193889814941	2.2835522443539
-1.41151445005737	0.392781075624489
3.73753322921062	1.98046047232227
-1.42216381198801	0.392677803121387
2.5827029666934	0.95444482507333
-0.157614593585406	0.0520673435412273
0.0221912220521652	0.00746326189731452
0.865022150970762	0.48906070198854
1.3173992433676	0.574009779693994
0.498184784650351	0.193919262086125
1.86068201931467	1.05438865691141
1.07439544949829	0.636984680564361
2.79350847222009	1.78951797761964
2.08280426876134	1.34007772150229
-0.0329258975039747	0.00919345456564698
2.55982947537622	1.47837759015437
0.4748786090376	0.161143092102704
2.31851839938804	1.20954950098339
1.09623362055932	0.583899677259453
2.00923609517584	0.916358594417167
3.73786491162249	2.01245103597413
0.457011255345941	0.155670631366177
1.81275735644485	0.578334100363068
0.939990685706229	0.339610739800664
2.08322092191876	1.3100847440103
0.467549006141135	0.161188456679526
2.30472472594129	1.1794437176518
1.64512028697895	1.01041123804119
2.01127440925714	0.901185770645912
3.72719788451597	1.98803617077715
1.61380032238757	0.812931003394543
3.06892463579121	1.30354025392078
2.09675911885877	1.33048467724477
4.18087016840469	2.62073387155809
2.55677434150955	1.47009869602302
3.06190782775183	1.28672322621522
3.73582690257408	1.97798765432062
3.06919540525571	1.3027545160526
1.13423088825703	0.541592637757461
2.29775582981677	1.17731519402756
2.97257244087943	2.07403756175957
1.16799939070451	0.556902237203585
2.01003934477999	0.912671361854122
2.77163717185832	1.75279571838875
2.40568076101371	2.13353785225845
2.46659556617799	1.86951907807093
0.839309718696575	0.347130765241293
1.64910426012978	1.01687385551951
2.57551660914786	0.96051052751055
1.42179912920362	0.787696852133824
3.44371153517053	1.67619063326831
1.87451388971115	1.07347938949285
0.38712249202939	0.0889469399976088
1.86259354208467	1.04487730936262
-0.143679716639025	0.0494326393827154
0.937613630939875	0.333591594649043
2.04102829478598	1.53361642044092
2.01853983959565	0.928593142144826
2.30507720749545	1.19731082121008
0.935255872538264	0.336820220895582
4.39324482444753	2.93877573519545
3.72484760623082	1.98748619153233
0.921461426450812	0.332262270675132
2.02393635884699	0.919757114084648
-0.398378131720061	0.128209055945471
0.430325447807246	0.124665397522017
2.47290826272417	1.85413907944452
1.86575677786279	1.06919266414621
2.5098517697555	1.88670457220304
3.6716236575276	3.35182558765761
2.05365780269796	1.55592503762789
2.47577860135512	1.90340287137278
1.86649647708863	1.0706962245746
1.42485289393602	0.787439299141336
1.0894465561662	0.572597374744797
1.15929717085138	0.358391556930121
1.85851300027179	1.05257558966641
0.450357276379642	0.128882961127995
0.444854208791125	0.127991221299979
0.480945905299771	0.184788065888111
3.07625684166309	1.31471095169835
1.30289191233312	0.551997238855758
-0.026853185526583	0.00771779362285273
3.45327500543837	1.61835543480303
1.64470270638588	0.635038415347163
2.78769746602762	1.78825040842562
1.81045946197748	0.578570674290805
0.949205425894075	0.342140036316259
2.31851839938804	1.20954950098339
-0.0288626870649497	0.00820000466987386
1.14834556191308	0.354625935330237
0.444854208791125	0.127991221299979
1.33479785974606	0.80239202859833
3.98952336149582	2.32799170849379
3.15583393697798	2.383352918154
-0.026853185526583	0.00771779362285273
3.43422193480066	1.63669384166705
0.388856236225614	0.0893513438012124
2.0134947482036	0.901527174354077
1.15727261407567	0.35899800278529
1.12945193301597	0.533933130361748
2.57757744392236	0.957433505286922
1.65433493911478	0.628354033763453
-0.0329258975039747	0.00919345456564698
0.854511437151625	0.353633415859242
3.43823356696493	1.62843601559653
3.97382382163932	2.30558199214761
2.54555453342024	1.46468317143084
1.14995929943828	0.359644120216764
2.57066000659288	0.949369245848186
-0.927573098760954	0.371680973539657
1.31704500353289	0.574153621318026
3.44340697884079	1.64697714754139
-1.41151445005737	0.392781075624489
1.64945193411495	0.636815169113368
2.01616843045719	0.916690493912292
1.64715243246245	0.638228599311507
1.60775629869942	0.809945943353373
1.64757050248653	0.616029108102346
1.61570605715327	0.818416657762082
0.467899864027144	0.161191776138274
2.56913897553737	1.48662283410716
3.72719788451597	1.98803617077715
1.66398857723743	1.36015626074419
0.824110131094614	0.418957509178313
2.03819662568979	1.52972010459926
3.73753322921062	1.98046047232227
2.08870017424483	1.3113104890238
2.29916138924008	1.62592456810548
0.86743629061853	0.351749753319216
1.08823973586491	0.576349320763273
1.61130680821943	0.79991165743195
2.30927531965162	1.19033627537787
1.08865820781987	0.570558819984855
1.88667769767106	1.06522010748052
0.440163025510079	0.128436134724386
1.42220617795102	0.785648317984685
1.31704500353289	0.574153621318026
1.65494252092978	0.627760779975998
3.73252041030034	2.01562686262797
3.96841487495481	2.27278275700127
0.388856236225614	0.0893513438012124
2.0912344014806	1.29854673037682
3.06190782775183	1.28672322621522
3.73049001185693	1.98987141609617
3.97925328168873	2.30998663039654
3.73582690257408	1.97798765432062
1.41896454423725	0.781919247625865
2.991368873956	2.04771939769537
3.73582690257408	1.97798765432062
3.07422077314251	1.3181512074564
2.30061409776127	1.18168020956518
2.58453692416693	0.9378225742295
3.0810393590457	1.29300842323713
2.5827029666934	0.95444482507333
2.55840596422665	1.45209192454518
2.23935129623942	1.83812867409411
2.47687497939798	1.8760528706075
1.86068201931467	1.05438865691141
4.55854672927972	3.29135816856354
0.466402131983104	0.159197867935439
0.452064681910022	0.127513719934741
-0.800920844225984	0.236493729089377
1.55975089816007	1.03675366513728
3.52914437640625	4.29299541802596
-0.381463604808591	0.122973030731371
3.16430079848652	2.39431378698732
0.856639233045946	0.353138579021108
2.7692543073591	1.76044171960393
-0.167508639379376	0.0637283215667039
2.3157313171078	1.19576831627677
-0.159091951552787	0.0600997997013371
1.63489476929393	0.621404558242662
2.30851835312729	1.58557003428643
0.819939398350173	0.334910732603584
4.39805965786859	2.96403987087132
3.06892463579121	1.30354025392078
2.5847753763123	0.951434056294316
2.31334878315064	1.17051070527872
3.42908906027034	1.63600040380876
2.77674672401272	1.76616704687936
-0.15224709352767	0.0520240776307377
5.38660343026453	5.38072097179564
2.05467769951016	1.57241751130724
0.906459072996179	0.566149175076075
0.825901506829841	0.455714528303452
1.61463588707244	0.820202639412946
2.27554726110919	1.54205210265212
4.37446530306221	2.97053747711016
2.30017350790092	1.17825551390312
-0.0609163686972162	0.0154379671752548
2.78595018693674	1.75966452644368
1.62122478406078	0.812213201024747
1.86524141619829	1.04988987761531
-0.79568953618047	0.234098917075123
1.31912368943691	0.572635205782319
0.437688456191057	0.125580008034337
2.01887032465644	0.912360476103855
0.951591008006717	0.341409368628177
1.64789117081823	1.00532412109537
0.50758915421869	0.198724000636956
3.07625684166309	1.31471095169835
0.105737669519231	0.0338412102187973
2.29605287110668	1.18042492980729
-0.334637994522283	0.0823107846793868
0.126863380535665	0.0409162175615673
1.06578122388049	0.559925743310865
0.92494031228421	0.332059525662511
2.79308329735544	1.78273337554263
1.64914996960997	0.626657759006669
0.851291656626338	0.352980585937029
0.235902491131991	0.086687507819947
2.98128256095618	2.07263201799424
0.939120768753039	0.336715812554765
2.30850744815963	1.19924213664799
1.32029674049902	0.563822481159023
1.64515726384629	0.629666678633393
1.40468768796777	0.77479934656019
2.30815386597796	1.19935534798675
-0.328306601286335	0.0815148772018528
2.31029846419656	1.18739377872858
-0.890081833036885	0.366996366378456
1.2956252402704	0.54438665603116
1.13776306063067	0.354069155994464
1.3039147078919	0.564624953568431
2.30251920977895	1.59855483119191
4.3800692246704	2.97251801637422
2.00578852996833	0.903803680087074
-0.809864789800853	0.240720485251289
0.484441967858216	0.165686129366764
-0.026853185526583	0.00771779362285273
1.81275735644485	0.578334100363068
0.447348430706313	0.12943332898132
0.442996854676574	0.125574990238646
2.56897338925992	1.46498420588301
1.64200058293244	0.630315938547516
-0.803562149352311	0.239959706780035
3.17003308420789	2.38768760782727
2.0414538651339	1.54234030599249
2.29569972735675	1.18093723485974
1.86669165645964	1.06263111531526
1.32191624921377	0.572374518696162
1.91720153488282	1.59509783147478
1.31959544317303	0.804732763129479
3.08308555311473	1.25920116126588
1.87853696168343	1.05221162117406
2.78016185134726	1.7539913146149
0.504075959872507	0.196026199484824
2.10793551606267	1.33775846344204
1.15197220708405	0.359022029649851
1.13750238093306	0.54340971186768
0.437688456191057	0.125580008034337
2.29877706461643	1.18295513410503
3.07191541302791	1.30060988602716
0.927709474707981	0.337276022613401
0.381939954112183	0.0885630978825824
2.30061409776127	1.18168020956518
1.14995929943828	0.359644120216764
3.07422077314251	1.3181512074564
1.32714417152371	0.575860116379347
0.787146653125823	0.35961484906284
2.8067568834246	1.72711879082648
3.07625684166309	1.31471095169835
3.96876597421897	2.30544013526435
3.44603537524276	1.64364191375367
-0.388081957997526	0.14759566723539
1.9961712128195	0.892433163338891
2.0134947482036	0.901527174354077
1.64669580914721	0.63396607368491
1.63489476929393	0.621404558242662
2.58246518877188	0.954808913265067
1.15700129687893	0.359084261243201
2.7956854066425	1.77956358080194
2.11174268931776	1.33727439166373
1.14087673151501	0.553152932689537
1.8652008259573	1.04695208258574
1.61706504311048	0.807151746007526
3.0813141475216	1.31594402364979
2.01853983959565	0.928593142144826
1.54067396625096	1.04886444968861
2.30249859662015	1.58429956198488
1.62033624667548	0.830302092887581
1.14893653965504	0.563152918051791
2.09622481209825	1.81341618458719
2.29412887076974	1.62290026659348
0.82062065956224	0.42079106792426
1.3178388180847	0.792212451920927
2.79015762210559	1.77940352472172
3.98129682801048	2.29234900534901
2.77656760863171	1.76540184055778
2.64764569034314	2.16895791562
2.76607926157132	1.73082789242852
2.99934925650953	2.0530637618925
0.945502239418716	0.339849482937852
-0.35869053675522	0.134405527524208
2.11626476363976	1.29622031227829
2.29124425218252	1.16568398846293
0.847924699560602	0.356090909941725
4.17335634973232	2.57936460226525
2.66308915606858	2.19498266757501
2.08960679084133	1.8757088177753
3.50211598892236	2.98136776374428
-0.796027809725694	0.236609990316831
2.3072110100459	1.20755648528925
3.29377181214948	3.64302145461394
0.176316069637786	0.0705366915793181
2.22723448586533	1.83965099830307
0.109553831034966	0.0353281207927758
1.64639895890557	0.988257713822309
3.5116645464765	3.05086454696057
1.62246261739342	0.815207310011033
2.77716424516821	1.7882009108053
3.44572997674484	1.64515659806724
4.18674521238862	2.62185214382663
1.14562123448339	0.566529011420695
0.232059288943286	0.0866914549838917
3.16430079848652	2.39431378698732
2.31816119057749	1.21061446075152
2.10560599430769	1.30585708121305
2.7436082638257	1.69278962629523
2.31263807543784	1.19696621950212
1.59831682774182	0.801224188447554
4.19638297135427	2.66144867507993
1.31912368943691	0.572635205782319
3.43622658713387	1.65895261894807
2.68258968608579	2.18320105824677
2.3157313171078	1.19576831627677
3.42908906027034	1.63600040380876
0.433061576647609	0.125210690141933
2.30877416015578	1.19399936413832
0.476684327586483	0.15966815657276
2.01036789923916	0.896991825646934
3.43823356696493	1.62843601559653
2.02565529176159	0.896680455871815
1.30684540237885	0.575745262655125
0.324124651608545	0.137104471307304
4.9977631856855	4.29703072441272
1.63356845192836	0.990420015576129
1.81045946197748	0.578570674290805
2.30756545321288	1.18826106055597
0.941412837282011	0.340660708964588
-2.11457542201993	0.632270703085136
2.77346807765121	1.76336385484048
0.470814825306987	0.160576989852627
2.0134947482036	0.901527174354077
2.79393383391658	1.77998616645985
1.6211067547256	0.812583096934565
3.16378467359295	2.38647510924436
0.500578302855439	0.194818916584568
-0.816032389653909	0.242987451547753
2.57551660914786	0.96051052751055
0.235443946666866	0.0866583344073733
1.85475673087166	1.0634230737198
3.73219049548292	1.98336590805057
2.02242234408033	1.45382254245197
1.47758762411474	1.06907750385917
0.816897669922417	0.384836695694736
5.1648332019866	4.67536111891581
1.86290916115646	1.27081594922417
1.43319536174732	0.779332740285759
2.48642801161012	1.88126255094532
1.87168116730574	1.27146921074053
0.493366988581973	0.191288043270249
0.126863380535665	0.0409162175615673
-0.810014808525441	0.239459859761047
0.251680103530688	0.0933491198681863
4.57050896452021	3.23808529118596
1.15197220708405	0.359022029649851
0.694223413918932	0.387476147675845
0.47918486108356	0.161662102703045
3.07625684166309	1.31471095169835
2.77974282795856	1.78478163746822
-0.026853185526583	0.00771779362285273
1.08046727793064	0.637422877690285
0.214200675906632	0.0781942115117465
-0.0234907643938396	0.00685714721839183
2.67136309684413	2.23062101326811
0.53733324951776	0.236572675782452
1.42188104542472	0.779625489130078
1.74335478080575	1.28450047835921
2.96344554726323	2.04103432549203
4.20089741722986	2.61281114296737
3.45155224134939	1.60735131040004
1.60673909803989	0.819043463951337
0.235834186611625	0.0878595636359515
1.52799580694638	1.02049070372933
1.14270422844595	0.353753757992918
2.00546242502354	0.904131435092317
3.72517503969138	1.98713699848761
1.63316712122693	0.622177018385784
1.81045946197748	0.578570674290805
1.85282332932533	1.04844378524594
3.43622658713387	1.65895261894807
3.02144790374335	2.85880134501251
2.57191657055197	2.47223377706338
2.49999683428644	1.90347597523308
2.01853983959565	0.928593142144826
3.15260502716474	2.35371405509155
2.24138358739389	1.84520264379608
1.83785767689149	1.02193676648107
1.61952183172037	0.803363128193852
1.29377250121372	0.833341580555798
1.85945953633488	1.24229781449585
3.01720116417048	2.90674588113392
1.64202742603043	0.629065026168335
4.19986372587674	2.63992766022316
3.01050715402391	2.9098186412699
0.560795075962671	0.245933655938656
3.97721168597421	2.30658432902081
1.63969914820557	1.00099833935097
-0.696662638540148	0.309719006939236
1.29063792917247	0.987826026861941
1.62411816251489	0.821562803632701
1.62373307132501	0.822214274816007
1.31262577473445	0.569086801583862
0.855793074330536	0.356255162891984
3.33510059373703	2.69955732008136
4.20477651042202	2.63903276212709
4.36639487313672	2.92432484878786
0.806560540375095	0.372619277770295
0.801046822206606	0.367974393154089
1.60775629869942	0.809945943353373
2.04951269043861	1.51712157950074
3.49439669308189	3.0377656872804
0.322332753940668	0.149498488964174
2.965085652703	2.04851310932263
0.00744748024625634	0.00282119715631331
2.07004273229036	1.55144809578681
2.1959009237548	1.78387422412699
0.434688265933065	0.210110458804285
1.84161021087957	1.24746514859053
1.31605625925168	0.775990085215042
0.461819645875611	0.159167239469046
3.07695428244317	1.27333343981167
2.84454108931019	2.50375828983447
2.05605468669073	1.52181766058983
0.220528274176392	0.083090977105574
2.31299336831842	1.19592723591125
4.18841759041063	2.62616208818221
4.18610353742915	2.57085621157041
2.48954567062395	1.89054233119333
0.555193454901312	0.249076217146782
3.08336106048288	1.28907279021901
-0.140431317957399	0.0479671428545671
2.00923609517584	0.916358594417167
2.01303914590729	0.91200592124044
1.39819387423431	0.776376011191264
0.475235329487658	0.16344047903491
1.63484785533067	0.62840735419608
1.31283720657954	0.575041002017794
2.315340589925	1.57596552533789
2.7712205356105	1.75236126583843
3.97960812614647	2.34353774699792
3.16006031795601	2.35453332877207
2.28270580908605	1.15847496052169
1.83231208893465	1.2620136492332
1.81275735644485	0.578334100363068
3.50966673602101	3.00367121258699
3.96911719328135	2.27102914297753
1.86305546612353	1.04750741696426
1.6392589264181	0.627523522545358
1.62157364949392	0.977885085614634
2.98407946085377	2.08563960240026
1.05882605093389	0.611375020448644
2.32442421933897	1.17511080677256
0.467546506049969	0.161403330635755
0.935315120860993	0.342858748835626
3.73016083045583	1.99020875135088
4.17577000562397	2.60797817643706
2.00578852996833	0.903803680087074
1.14496257201798	0.35509824568904
1.81045946197748	0.578570674290805
2.47290826272417	1.85413907944452
0.459930977582697	0.157383456693987
1.86338746493134	1.04585190695932
1.55461065646952	1.05504695074134
3.43622658713387	1.65895261894807
0.174335103121004	0.0705666504842401
2.57825761534924	1.48550553021297
2.30061409776127	1.18168020956518
2.82371895066538	2.51102195212376
0.877183546638745	0.491210998883262
1.60424363921288	0.808967896142489
0.546782071048538	0.244173083028448
2.69190401773941	2.15170012742736
4.19960227757872	2.58479351687241
1.89107858199403	1.06153357108472
2.78336142986817	1.76515449358433
2.00719998838068	0.904422183456058
0.324669070862279	0.137297707403794
1.86463022296193	1.26218619966127
0.836695397279155	0.351729623975091
0.953648574223852	0.341258450306898
2.24895844125506	1.79027961772726
-0.0400605166531933	0.0107201489679341
3.71988182378166	1.95663455009405
1.62160877051443	0.823923607148601
2.31299336831842	1.19592723591125
1.87448706719433	1.28547020670808
1.64200058293244	0.630315938547516
0.439450986635441	0.126147307935794
1.52469002958782	1.01257089696581
2.3157313171078	1.19576831627677
1.15729147895589	0.557346641492327
2.23604647817092	1.83571050551296
3.44340697884079	1.64697714754139
2.306704981668	1.19727867372278
0.822722744392311	0.335222514748253
1.32156028688205	0.572788874606842
2.48208435716373	1.88561605875691
0.484086390900423	0.163375631246897
2.29329418887124	1.18005586470581
1.84605480156227	1.24930906177638
1.64001387550127	0.631392365244923
3.06190782775183	1.28672322621522
2.56652804806831	1.47331594963881
2.31299336831842	1.19592723591125
2.75986929758719	1.73553572597893
2.49162314930025	1.88952831906559
3.73422231136844	1.94171078200836
3.44139163272599	1.65421730138556
4.38717686886989	2.92853944761163
2.49723947856087	1.88063709869025
4.19470472741518	2.62131643557818
2.30119169062823	1.19760543205678
2.57151095214384	1.44979228254514
5.27749768785872	5.05171541467199
1.50336218196206	1.06977309277567
2.50652374558742	1.87317529463124
1.14603983901454	0.558335289015246
0.386804340501861	0.0890870371925953
0.238611787477187	0.0884779165889223
3.97721168597421	2.30658432902081
4.3907228434201	2.96539410694093
2.77932398698815	1.78591308132808
0.95088813430111	0.336680885950579
2.68178394023154	2.20992936027505
1.32453785122228	0.567836810826868
3.16730311232481	2.33084727869393
1.15728241410937	0.352515563851567
1.31008644715227	0.788091511548514
2.50782329333474	1.86943946507571
2.99511809190372	2.08181792370885
4.40162863313	2.93380423757653
1.599087668348	0.775579879215972
1.42116086918263	0.783028420130128
2.99231124324593	2.04413545320635
2.79308329735544	1.78273337554263
2.99570314157101	2.03383070512669
2.5847753763123	0.951434056294316
3.17107192349596	2.38503144240353
2.00971089701785	0.898038431094246
1.03894224848662	0.598735112211247
1.45559705341973	1.03703606980734
1.33911718809546	0.803326889571089
0.356470916113866	0.150729021685839
4.39343063777523	2.95940935239316
4.71213479047883	3.53815713258346
4.17539427240835	2.60755901366176
2.29863404292964	1.60127127654052
3.06892463579121	1.30354025392078
2.5619320870104	1.48112300726901
1.58368949794029	0.768416167632671
-0.0303003282829474	0.00852825225991697
-0.0224803639255798	0.00667019887072759
3.96876597421897	2.30544013526435
3.99157950321597	2.28606178984152
1.30306752276249	0.793608034346124
0.437688456191057	0.125580008034337
-0.401276258432776	0.130110612431314
1.41308184597668	0.77364022802603
0.934573766617389	0.342610988823692
1.63831693084645	0.629915116837088
2.28825201999625	1.57743702819257
0.458674007260337	0.15846370021531
1.64440170754647	0.635367436399987
1.41216731237698	0.773860806361311
2.71536064338544	2.77611392017541
4.20607309742868	2.6191694791637
0.848166694685093	0.353863275571942
3.9717892151763	2.31140447614342
3.96911719328135	2.27102914297753
4.38527215916951	2.92931868941523
3.97382382163932	2.30558199214761
1.31704500353289	0.574153621318026
0.380220335111381	0.0881615126503493
0.529970571460199	0.226849781920064
0.926822466092896	0.338094740953324
2.20376710244649	1.79945565843277
1.64813563915037	1.00381522962158
1.64200058293244	0.630315938547516
1.60862771201588	0.804997638533045
3.0813141475216	1.31594402364979
3.44891088252907	1.65655944931031
1.64722752135444	1.02107629653737
2.6676048212313	2.22927216582941
1.8803736236464	1.07511913768525
2.24875788856906	1.84842197473916
2.0236041875055	0.905052726321037
2.31057175053643	1.21438601153779
3.15853941644001	2.37721181792383
2.01113205441839	0.917539301536541
1.16292230424676	0.570921069411866
1.62804846899073	0.988540497479081
0.811509644068842	0.372003235907605
1.65263184144526	0.630012728055625
2.56136817593256	1.48884546733947
0.450055740208048	0.128864448965258
0.172894815359227	0.0703576960427407
3.6455203161315	3.37671873461141
2.78252106826113	1.76578903213022
3.96638721052615	2.30310378549378
0.430818379577916	0.206844336755076
1.52925295397526	1.02688742166828
1.07654583515263	0.585797624740844
3.9765679923611	2.3060975503741
0.936066970782149	0.340641495091394
1.0564613176336	0.602544099851977
1.29771658367267	0.564046794633777
1.31040755450802	0.567793004590796
2.32406495526899	1.20040695768785
2.55878804979715	1.47897301748038
1.62392603999681	0.823718080060469
3.73957266722255	1.96234725257727
1.64119288434404	1.02918106881451
3.32364536022103	2.69493047364096
0.474311922169683	0.161280084742063
-0.0194418509515638	0.00592241143405884
2.79308329735544	1.78273337554263
0.465476731299277	0.160919061330141
2.54341349577986	1.44988938691764
3.44371153517053	1.67619063326831
2.5778136971617	0.957067152435729
3.07394835948079	1.31896016410163
3.17055237536044	2.39548837525059
1.92885805464218	1.59187410709502
0.844123123469189	0.34702738100184
-0.0504224218555687	0.0131660191035349
0.523766915214254	0.225667864277534
1.15700129687893	0.359084261243201
0.124388753719206	0.0390415463058094
1.30818851542872	0.578982775039473
0.498184784650351	0.193919262086125
1.86649647708863	1.0706962245746
2.58246518877188	0.954808913265067
3.06919540525571	1.3027545160526
-0.0336979603029177	0.00938395866986133
1.14496257201798	0.35509824568904
4.19844625005781	2.64435108733641
-0.0318907411278532	0.00898739411486295
2.98514020707208	2.03094110259855
3.43823356696493	1.62843601559653
0.703935043772901	0.390140823149964
2.57066000659288	0.949369245848186
3.43622658713387	1.65895261894807
1.6392589264181	0.627523522545358
2.96985383897421	2.07672301996329
4.19986372587674	2.63992766022316
2.53725099555243	1.43597424837244
0.861551740926013	0.359046644993109
0.822379785718703	0.377786228136124
1.65623945311134	1.02128519268793
3.99229841775263	2.26180360424411
1.1636010915521	0.566689211723311
-1.16215021976043	0.402036390268638
1.30120740545056	0.558776441477479
4.72941327667863	3.62390634956549
4.38215677378364	2.97870816395327
0.819690657008441	0.380862011560185
2.99330929784772	2.07504032187164
1.41080531160083	0.77803571867128
-0.326086336851824	0.0802709064148997
2.57551660914786	0.96051052751055
1.61251831780817	0.831223392734876
2.00971089701785	0.898038431094246
1.81256361946551	0.57834251056048
1.61706504311048	0.807151746007526
1.31392432900697	0.573981450775339
0.389091380780796	0.0893837858796829
4.20167016215721	2.58796456167533
3.74732947414173	1.9687884078143
-1.43767043478904	0.551904411524393
2.65266637621069	2.18998721623583
3.32227790875628	2.66481139769108
3.73219049548292	1.98336590805057
3.72517503969138	1.98713699848761
2.57066000659288	0.949369245848186
0.381039818852264	0.0876463229858444
3.98988195073213	2.31325466312312
1.65418185081061	0.624026267228839
2.02565529176159	0.896680455871815
1.64230005514351	0.629994079538676
1.14996928148472	0.357563393391782
1.64715243246245	0.638228599311507
4.56169460321953	3.24113216966184
2.01573707045514	0.907722729493127
4.54277775728808	3.27864935768578
2.57757744392236	0.957433505286922
1.31233422737005	0.562172576504392
3.06919540525571	1.3027545160526
1.80577814402211	0.579897169515412
1.3212044468752	0.56113846162476
0.840979901721941	0.345859273630559
0.468389954255068	0.156641470617017
1.64001387550127	0.631392365244923
1.64745365950878	0.637896288405134
1.60646590314667	0.807117876325573
1.1090962850242	0.51391489601554
0.845798548427255	0.35138026186633
2.57066000659288	0.949369245848186
1.81275735644485	0.578334100363068
2.02426863885185	0.904008077144324
3.43652865568349	1.6582101694691
4.18329497067583	2.65018169404085
2.79308329735544	1.78273337554263
1.61251831780817	0.831223392734876
3.44542467887705	1.60699747927669
1.13632149957436	0.350693702520287
3.97417678633059	2.33916593813363
2.56269890815712	1.48018864562988
2.5778136971617	0.957067152435729
2.02058383053804	0.913020231521983
0.929215737989903	0.588429119555987
3.45124496470651	1.6478638279897
2.57551660914786	0.96051052751055
3.155331613537	2.38438249261709
-1.16871974459148	0.399365003042917
3.44603537524276	1.64364191375367
3.74161427674586	1.91524829673632
3.72752615202171	1.95450332694679
3.07625684166309	1.31471095169835
1.14270422844595	0.353753757992918
-1.4635972508193	0.556169904085421
3.9589866728836	2.26525799100251
1.13502620718873	0.543629120473664
1.50356511124246	1.09938125061277
4.39324482444753	2.93877573519545
3.9589866728836	2.26525799100251
2.78854315922564	1.74332033436954
0.840482629161529	0.434923931894509
4.18879855589809	2.66041140315412
0.433805550955191	0.125899356402515
1.64176938163975	1.03430661719322
1.64715243246245	0.638228599311507
2.77571996256058	1.73761978806267
3.06919540525571	1.3027545160526
0.387357416083663	0.0889793030361124
1.05919042595706	0.557060172332498
1.86066116252247	1.03469371217914
0.381039818852264	0.0876463229858444
2.5778136971617	0.957067152435729
1.30612124828286	0.571426383853241
2.2975538689756	1.17762048472898
1.64745365950878	0.637896288405134
3.06892463579121	1.30354025392078
4.17539427240835	2.60755901366176
3.7428980888441	1.95380606105303
1.64200058293244	0.630315938547516
2.1087401695055	1.33269881124326
1.42334324031342	0.776148598498697
3.08158902571449	1.29153111501543
3.45155224134939	1.60735131040004
3.07422077314251	1.3181512074564
0.81643282238129	0.377976849241609
0.792136078419495	0.360264505724054
2.30472472594129	1.1794437176518
0.807609774849125	0.325321187175859
0.385075707641674	0.0886838975959519
-1.16711272959543	0.397223041441504
0.825086485432888	0.337616970204561
1.81275735644485	0.578334100363068
1.15700129687893	0.359084261243201
1.81275735644485	0.578334100363068
2.77932398698815	1.78591308132808
3.7381967022267	1.97829622589877
2.0982092595639	1.33062420021441
3.07422077314251	1.3181512074564
-0.0245134527273917	0.00722807305418947
2.57757744392236	0.957433505286922
0.94070627902179	0.347797326422389
3.91195183457594	4.01358378759478
2.78336142986817	1.76515449358433
2.3157313171078	1.19576831627677
0.940505568624803	0.330063677927492
2.55668936344375	1.49723334425118
2.31057175053643	1.21438601153779
3.35075863020687	2.69977506531863
3.43883926978665	1.62626264110372
1.66813658236426	1.36049916896674
4.7099006781516	3.53420561753277
1.65513702704167	1.00662139808647
1.62199290564277	0.811592032295457
2.09999271550667	1.35056968406508
1.67630256918703	1.34000860524335
2.55421229831816	1.47965447556991
1.92594462634896	1.56148171511955
1.3106865890807	0.932711799732657
0.93822276529142	0.587516844550767
4.37446530306221	2.97053747711016
0.157199455417882	0.0638298302760282
1.64945193411495	0.636815169113368
1.64184015076848	0.99048006105823
1.31054775763782	0.568793948808771
2.0134947482036	0.901527174354077
1.64975399817589	0.626066684434427
1.30612124828286	0.571426383853241
0.807559452693756	0.367379418316018
1.90578759628798	1.56610862689065
1.28894085288329	0.848390175677849
2.10145954645286	1.32657325553906
4.04903270298884	4.46779561655617
1.10158907459762	0.788982113144742
2.0717601077451	1.301669904312
2.4013018606933	2.15703624210498
1.08166427873709	0.585786878842934
1.14041493858747	0.548832384570526
1.061950135514	0.630483642224454
3.27866592954206	3.54302612828006
0.92763686262579	0.326854253771473
1.62585926360463	0.807558803318097
2.11476768152075	1.30755446087232
3.14992075559069	2.36909856067504
2.55707065345952	1.47584755434052
-0.657861517812921	0.239036084567061
2.01649806825886	0.916361250213578
2.30756545321288	1.18826106055597
3.40741317428078	3.88793045109112
1.64425077146159	1.31879062688775
0.452669338422884	0.12760574663291
1.64779940584303	0.619096520090465
2.08839424755765	1.3315185199245
2.97390754173789	2.0253398065975
1.64914996960997	0.626657759006669
1.09011217100661	0.58126860199281
1.42273845338705	0.767804984757712
4.69048520232341	3.53310718938275
1.64202742603043	0.629065026168335
0.0396624992283729	0.0130776741221277
2.96668180766051	2.06542174863888
0.438994815557414	0.125095952267076
2.54740906702345	1.47615073859668
-0.0418953037054627	0.0110108528577802
3.0810393590457	1.29300842323713
2.2411949035635	1.83638421341026
1.41308184597668	0.77364022802603
1.0867852723826	0.58684108889984
0.486536310755296	0.163667996145275
2.00546242502354	0.904131435092317
1.60612386781324	0.812058163651297
1.74065922055807	1.27503806272597
2.54142244974343	1.4352253916568
-0.319004015513152	0.078546017662404
2.98227538530653	2.05298075551562
1.31233422737005	0.562172576504392
3.33272707702084	2.69998690719009
3.16189868122105	2.38797219333144
1.6199512167225	0.814069332860057
2.53890351474802	1.45175151477587
3.98541699570749	2.29742497019563
3.06919540525571	1.3027545160526
2.55668936344375	1.49723334425118
4.20012527660801	2.53929638097469
1.07651047149332	0.582855276811406
3.43823356696493	1.62843601559653
2.31139340768282	1.58489933549409
1.32505514376962	0.577363361298982
2.32911137811245	1.58360908544817
2.3007416357277	1.57552015357402
2.55840596422665	1.45209192454518
1.1467471173858	0.556162704604856
3.14081863850269	2.33066118629176
2.97693670273948	2.82825438448727
0.624106286702566	0.309260160439443
4.51537002699131	3.09979867450661
1.89597708193392	1.57169950071421
1.64440170754647	0.635367436399987
0.500391018349861	0.192955201985907
-0.334637994522283	0.0823107846793868
1.65494252092978	0.627760779975998
0.566941369158175	0.248588764392184
0.850761894957757	0.479628082633623
-0.330839191885319	0.0810158018596848
2.31780410476533	1.18602186413345
0.490903526464662	0.191998861712774
2.01820946220312	0.913449531834958
3.60597319674197	3.2492163613256
0.819893980972934	0.380102372460593
2.1012831779618	1.31423542663125
0.940378043901016	0.347926721823808
-0.718020519248726	0.324556322770238
1.62373307132501	0.822214274816007
1.62367363705942	1.39587082911839
2.78986807695415	1.76198366427652
2.96344554726323	2.04103432549203
4.5449172808869	3.27577539365612
2.30472472594129	1.1794437176518
2.10460190472556	1.31299446474536
1.86649647708863	1.0706962245746
3.31697578761197	2.62944972535697
0.839695273635479	0.350263318073248
3.98470339522286	2.29916005859525
1.40237235904936	0.769473510767153
2.55657344018481	1.44990834486938
2.01616843045719	0.916690493912292
1.83723816905509	1.24990193483934
2.31515215449936	1.20279706380842
3.72484760623082	1.98748619153233
2.22871174479075	1.8324907603475
-0.800920844225984	0.236493729089377
-0.88757439937876	0.364237549084632
2.9845462227428	2.08457548430714
2.2972608440767	1.17518727684241
3.98369876203407	2.29482968575478
1.42471334989198	0.760296313723011
1.65345643713767	1.0265204794281
2.77458983303608	1.76233303311063
3.96638721052615	2.30310378549378
2.5847753763123	0.951434056294316
2.30803961338251	1.61252528426301
2.42442847101019	2.17695164030849
1.64975399817589	0.626066684434427
1.87504656589964	1.27987289039701
2.27989108165717	1.59155904681126
4.19085363041179	2.65560020831302
3.31373841760494	2.65801202765953
3.71754361276202	1.95612799486888
2.30815386597796	1.19935534798675
2.56231542344525	1.50156499544493
4.31590602817169	5.32869045037105
1.86742758661165	1.03149370810564
5.64245004176698	6.24853846782633
2.32323561811765	1.56957931209595
4.85163695945661	3.8929289907173
-0.557858625107111	0.233478541713063
0.363979350242683	0.150075436413521
2.63273415546701	2.14527245327244
3.99157950321597	2.28606178984152
0.442856347300599	0.127861063358963
4.37197250155323	2.92980486520591
2.01887032465644	0.912360476103855
4.85857878598177	3.90338009764854
0.856639233045946	0.353138579021108
2.07692531157604	1.50513651003274
2.30251920977895	1.59855483119191
2.4778600708535	1.88291488509011
1.07833490228129	0.576280103400824
2.22202930979822	1.82372497727534
1.14923806084015	0.555010807322439
2.05009722341478	1.50664696891873
1.45791412890557	1.16477419637084
1.41565324160923	0.778013871647304
0.440163025510079	0.128436134724386
1.16926234205857	0.544124946309149
2.68986317760259	2.76867339957756
0.94579058507587	0.344789749807915
4.69773655225254	3.55432692498398
1.75344379226918	1.29324760787971
1.15700129687893	0.359084261243201
2.30266841014004	1.19642351923203
1.28837210222469	0.94222571330931
2.30234914924887	1.59832855319631
2.57551660914786	0.96051052751055
2.28776692062513	1.57395206528726
2.05836681987195	1.24324538749123
1.08404076604062	0.694349385555348
1.3173992433676	0.574009779693994
2.76096691181491	1.73097006899876
0.51045460862951	0.200942581529646
2.79350847222009	1.78951797761964
1.64545188769906	1.02635076026394
2.4850373307628	1.8903566927118
4.18572350600616	2.61781818698671
1.65295288054042	1.02703861070027
1.42103538515983	0.787312634407148
3.79771866804047	3.7488627141199
4.3800692246704	2.97251801637422
4.18879855589809	2.66041140315412
2.99378087138955	2.03806560991349
3.73285043233658	1.98116726691183
1.40478891563703	0.770608495657415
1.52431816483346	0.989799060128549
2.81225939784039	2.45045272673359
1.86274399264845	1.06785866480649
0.835308606663643	0.339328382051496
1.65800937515698	1.00984034182748
2.30850744815963	1.19924213664799
2.77974282795856	1.78478163746822
-0.73730481374807	0.323508866137616
0.949893233451059	0.33696286434242
1.65900214725725	1.04130794771049
3.44371153517053	1.67619063326831
3.43422193480066	1.63669384166705
1.64447936047631	1.01450321331092
-0.151182098283794	0.0513601892232481
1.86813214029159	1.28566248371572
1.89107858199403	1.06153357108472
0.842443043003265	0.352722853861989
2.97956168875328	2.84304965371161
2.31038423443536	1.60590708367914
2.04803838391113	1.74407481249209
2.22451010235075	1.85039692583429
3.09420462543862	3.82756794724705
1.91615366960579	1.55904206567988
2.53808644874028	2.40771652710884
2.58246518877188	0.954808913265067
2.1026507156367	1.33028603529919
1.62405833433154	1.00343892206531
0.115278364336005	0.0373594789095735
1.2984784307249	1.00348680801081
1.86390315174869	1.05611504934616
1.13381284651787	0.534430483551963
1.84139402969178	1.24849132925925
3.39152758630776	3.88133864132144
2.29649100286165	1.58565785751488
1.87818354485953	1.07266282374
1.87233028073294	1.07493101587053
1.16579933022599	0.566012661660537
4.38508385795963	2.95823579851177
3.71955612444413	1.95697462182563
2.49890870312055	1.86085984226904
2.98407946085377	2.08563960240026
2.42571214091035	2.14746540262773
2.54740906702345	1.47615073859668
2.23793452563298	1.81215329521325
3.7345529618008	1.9840170302838
4.20918699497771	2.56385898071109
2.55779967939575	2.4160726123828
3.0813141475216	1.31594402364979
2.57508088145662	1.46881869826622
2.56269890815712	1.48018864562988
2.97582316052908	2.08024111666947
1.618211767573	0.832082432091986
2.9780867681281	2.08532702927787
4.19187943963585	2.6119524554367
-0.663556284054938	0.242633124254046
0.610463444509209	0.305232668088656
0.785514933465223	0.359022825763776
1.62405833433154	1.00343892206531
2.58246518877188	0.954808913265067
0.849436655067684	0.347069929449862
1.64639407317545	0.623898382527779
-0.362042032955279	0.137094829734042
3.48441101314465	3.01645682577649
0.388856236225614	0.0893513438012124
0.498184784650351	0.193919262086125
2.00686943242492	0.904742311032226
4.55854672927972	3.29135816856354
2.31057175053643	1.21438601153779
2.78538048582007	1.76884300398295
3.65140572937092	3.39497753392271
2.65602999497091	2.15832027907111
3.14902752725431	2.33776239726614
2.30753179009972	1.60707459029468
3.44139163272599	1.65421730138556
3.48998476146004	3.03793309906381
3.98165246654708	2.33759141154984
3.74294760040666	1.90857904584065
2.54084317621326	2.8415606691571
3.64929621076824	3.37632401978162
1.9056053715633	1.49906698219705
1.26293442088837	0.858140757173704
1.15437644902019	0.559371320777602
1.47817816696556	1.17745511388545
2.31644400799118	1.19464091523016
2.10183596982355	1.30574222520331
1.53954335036919	1.03236598665786
0.839731403183543	0.348880637921056
0.795041879516918	0.483937809364318
2.96998955395438	2.81058479852371
1.64462121017336	1.02214238046346
4.57004019616584	3.26702160933448
2.98533373340679	2.89577041328693
2.82661722092876	2.50413069268247
2.71924806025721	2.8267545455412
5.00660847829087	4.32261626984639
3.06892463579121	1.30354025392078
1.97890702803799	1.88870159352252
2.29877706461643	1.18295513410503
2.56580621107152	2.49289697935102
1.65852741090513	1.01109062986387
1.94301088382521	2.01470480900521
3.07191541302791	1.30060988602716
4.69773655225254	3.55432692498398
3.82377491240873	3.7623667423734
2.55911205655871	2.49007246306914
0.85740357906837	0.352924821051702
4.36290215365705	2.87728824086514
1.39856277637441	0.778583746207793
3.63970748815336	3.33124886481395
1.87406176596399	1.0538380408693
2.28101261063509	1.53842514422645
3.35499154419578	2.66015207214874
2.98035205667162	2.07538283619549
3.71955612444413	1.95697462182563
2.56518983583209	1.46864702335576
1.31185224408202	0.573723422401825
0.803050417576697	0.372632871520673
2.31816119057749	1.21061446075152
1.64910426012978	1.01687385551951
2.55639186400973	1.46992532298708
1.47413660403442	1.08675615146848
0.502809460160087	0.201853649871956
2.97901457764233	2.05176920194361
1.59530831963972	0.788266406951978
2.09362394944173	1.30293447543271
1.0867852723826	0.58684108889984
2.57551660914786	0.96051052751055
-0.152815657112722	0.0525923579603125
2.37615366296615	2.50570150690554
2.84221416287935	3.12991589188151
1.64966232859262	1.01241653108812
1.64001387550127	0.631392365244923
4.99489973615036	4.24052116808904
1.30351562704479	0.772892385892399
1.71171891048326	1.24951478594376
3.66511003945972	3.3643188844776
3.1672226428711	2.38299181096962
1.6375467628447	0.995371744057541
4.38550310827871	2.90233640343359
-0.160418274676371	0.0546178390638115
3.43422193480066	1.63669384166705
1.82228622303929	1.51293946208234
0.110000971171791	0.0348761363211667
1.14002552627589	0.553570555755881
3.42908906027034	1.63600040380876
1.30156249628838	0.567340154787245
2.30266841014004	1.19642351923203
1.63433490756378	1.00768085980961
1.26500248596857	0.902922879206867
2.50600083360519	1.89227411592849
0.0204296204914635	0.00689680093929231
1.51360047642511	1.10389484378719
2.05808004564068	1.55233363450185
1.82595212967188	1.21404018975718
2.76845018140268	1.74719372001359
2.77890532830894	1.75624626442474
3.97382382163932	2.30558199214761
1.31879684806981	1.04462055626319
0.679474209125617	0.373016696587699
2.10098702897884	1.33334916623806
3.72484760623082	1.98748619153233
1.12427061709216	0.802791848920689
2.003439064311	0.904317302889556
2.05189177453134	1.51548051853699
4.7192698243095	3.560903289555
1.62693840868461	1.00814818254742
2.97457579078706	2.76380165358862
0.502825739503588	0.196669305197594
2.30753179009972	1.60707459029468
1.12066515014067	0.789804629169735
2.21649141346877	1.79657038089802
2.30154732428428	1.17860973617626
2.41036603263914	2.18464786863962
4.3882049509002	2.97421694181317
3.98470339522286	2.29916005859525
3.15755906187702	2.37445078589632
2.97536093079635	2.05694843381854
2.30150951636719	1.60053176170676
2.048699261386	1.53716372491289
1.64448665919171	1.01949867421557
2.7703574789971	1.76089251568796
2.56269890815712	1.48018864562988
-1.45431490832975	0.563433673505684
1.32265783041505	0.791275465142217
2.56368075078738	1.46564944310546
2.57007374578076	1.49914613888324
2.01540673585469	0.923787604582237
1.9310219358861	1.56065774874355
3.88894006086776	3.92856722928041
0.791501648819105	0.362648494799258
3.97996309256972	2.30819692162536
1.72458789585312	1.26467829248362
1.09522687181518	0.57485837169755
0.243256280304801	0.0906587881132524
3.73488371986947	1.9821477033994
0.435796705805032	0.126031508905256
2.66897444668407	2.16975252410135
3.44658077322804	1.62685228459315
4.39553174786489	2.95945678052964
4.5537848207633	3.24772016525612
2.00578852996833	0.903803680087074
1.8524048642942	1.04823444584198
3.74561373886639	1.98499084274848
3.50975176117984	3.04056930877822
2.2280252963405	1.80601721103178
2.21718590770758	1.82722617386964
4.37446530306221	2.97053747711016
2.08982137825349	1.32916894220233
2.01616843045719	0.916690493912292
2.78294115743375	1.78765901257722
2.68126484482304	2.21364008657072
2.28014711089064	1.57319925654311
2.31263807543784	1.19696621950212
3.07598371730536	1.29177815049463
3.19161273601035	4.98838092204883
1.13200623061652	0.803642534477448
2.30649254402134	1.57685426162186
3.48481079018027	2.96130187470107
1.86130086695357	1.05443465239343
1.70228377798115	1.18029832708936
2.30803961338251	1.61252528426301
0.567017223238589	0.248231217251223
3.98711153078041	2.33565773639127
2.00654788415971	1.94640372441685
2.29373897793658	1.5728144574803
4.20438895648288	2.65391113051484
2.02632123894676	0.915777749502837
2.10413561527756	1.32864635268294
0.969546967910705	0.680906457859553
0.710393341405054	0.461145669928317
4.84890310290203	3.87780785440641
2.35877010983137	2.74850396144109
1.9985862605939	1.91190474225784
2.26042259170163	2.46311745320816
3.11132599938557	3.80886333916416
1.4880245106606	1.27886918445903
0.176942291813788	0.0712390698432201
2.49668200658089	1.89308026311293
4.38257451590182	2.9769998460529
2.48122304442669	1.83512941269783
2.83853677118964	2.49394537865433
2.0717601077451	1.301669904312
1.61341950195876	0.812934174888886
4.02191818538057	4.27192320112336
4.72020384004408	3.62001987710544
2.66622586264563	2.20097265518492
2.57362802951522	1.47750914191662
1.85182788949424	1.05002124495877
4.8813552464103	3.94257221362251
2.46713869422038	1.88887809407981
4.55947176879665	3.28729895892741
-0.893492904611002	0.369627946224834
3.44371153517053	1.67619063326831
2.78035792798065	1.75815043047727
4.56478120897344	3.30054897531452
1.26553733224197	0.824853251101203
1.8639066104761	1.05817719259993
1.0963230802574	0.716811559422963
2.10528429574801	1.89235509131821
1.87433463952863	1.03810973221815
2.65520980296986	2.21701305543046
1.83971365360589	1.2408309338168
0.837619350760934	0.348379886772529
2.01080419021524	0.917878163437858
2.78552858374168	1.79046075418453
3.43652865568349	1.6582101694691
0.835539674581222	0.343530363925295
4.18329497067583	2.65018169404085
0.827509416701814	0.340143048889509
1.61501883673444	0.819546713962823
0.437688456191057	0.125580008034337
3.77387962811224	3.69421360540079
2.80197485898924	2.44986706375347
5.12607266797681	4.62844108644492
2.72075704025228	2.81321513142928
3.43883926978665	1.62626264110372
2.31851839938804	1.20954950098339
1.29900074747736	0.781891083425138
3.53872999582487	4.30791461605205
0.858768949783521	0.346881195217178
2.66804394851188	2.19471386701588
1.73285080600405	1.31059611190317
1.66440499254981	1.35541448283188
2.80704975327281	2.46010216992944
2.07774176949598	1.84195732586908
1.08341875348162	0.573636458829019
2.65877035998945	2.1615793444143
1.33238227758411	0.810851586382952
0.473477319500604	0.164308696666005
4.20477651042202	2.63903276212709
3.44603537524276	1.64364191375367
2.49848103609898	1.8986258441426
1.3260023504029	0.809773384696468
2.02598821080934	0.916547038747042
1.74002001874512	1.28544308229517
2.30803961338251	1.61252528426301
2.30815386597796	1.19935534798675
2.39063660424928	2.45537004859831
1.09817995518803	0.709565245185404
3.48381968533339	2.98892468418078
1.86179452845461	1.27914158659693
3.91573195834708	4.03779369491145
0.447348430706313	0.12943332898132
-0.32103307202361	0.079007025149334
1.3106108999453	0.579073050182864
1.32245640335976	0.78998702100143
3.6516521472454	3.34592396155837
4.5459040466971	3.23700476620388
2.98728709408122	2.07963180111142
2.30577319607481	1.60816575401244
1.07839680095752	0.582870474293946
2.41398871291393	2.18388558722622
3.3573627318784	2.67091836543736
3.15048551873724	2.35105012603168
1.39985619794861	0.766122471870048
3.73252041030034	2.01562686262797
2.07425082136055	1.57932628255735
0.813404273648577	0.368473757070694
1.85547039179513	1.05401638890987
3.49945760703759	3.04540407173053
2.2975982287439	1.57242199834979
0.817045808408816	0.376812718164192
2.0717601077451	1.301669904312
2.24543911786272	1.84595765632563
2.74201435474282	2.84419509664107
4.53448704391888	3.22622821272405
2.05210507270665	1.57275360150902
1.14893653965504	0.563152918051791
-0.836961398207864	0.39183762915795
0.441297125214957	0.126926364329448
0.457616234474733	0.215070806403953
1.6328238373445	1.0062500183277
0.848163014204668	0.349988902985722
0.450055740208048	0.128864448965258
1.3059766207843	0.564869257501267
4.37487937495461	2.93489815976427
2.5489930875806	1.47313229258585
1.14479507144497	0.550380573709078
1.40007065333777	0.759496135672812
0.840075921644172	0.350235500359094
2.0036191142006	0.902823052976482
3.74228072037679	1.97275912819201
2.06222285382457	1.54524526904341
1.86477632095943	1.26367897566342
3.48441101314465	3.01645682577649
2.5778136971617	0.957067152435729
2.0035366643135	0.890966442211705
1.64235407839334	1.00798927502249
2.77896504402476	1.74686640103219
3.07394835948079	1.31896016410163
2.39596887545217	2.16140883475818
1.62577152737221	0.613761115896957
2.98862348895743	2.0674142172887
1.14359097696905	0.354465121810182
4.56162791767534	3.28459670408646
2.55707065345952	1.47584755434052
1.61455367811623	0.818232760466454
2.55459250179266	1.47981872931032
1.32148524494186	0.795568361919025
0.836598703771419	0.38192522279863
1.62323504434062	0.813710853706618
3.98506013393121	2.3321657640001
1.318568354255	0.559895521941578
2.96119661056967	2.04258013891427
2.04614102060557	1.56645240228602
3.43823356696493	1.62843601559653
2.97877418674248	2.76535050845334
0.167596554808663	0.0684222844576389
2.29966479340671	1.18965422676083
2.003439064311	0.904317302889556
-0.381463604808591	0.122973030731371
1.8781144889598	1.05198064304332
2.05426076200081	1.55497189578761
-2.11457542201993	0.632270703085136
2.57257535044153	1.49519937857978
2.79611193101932	1.7779184374033
2.29916138924008	1.62592456810548
1.15551737888362	0.558076648421692
3.18605534000917	2.36256795359865
2.29522228831439	1.56706235760992
2.27119611918383	1.56295083012036
1.86460287044797	1.27642782299134
3.32862369478665	2.65060039974891
3.96876597421897	2.30544013526435
3.44371153517053	1.67619063326831
1.9961712128195	0.892433163338891
3.97756573866962	2.30667897883758
2.32059483267966	1.19253828972351
1.64440170754647	0.635367436399987
0.386804340501861	0.0890870371925953
1.40390552057458	0.769183501007207
0.445762291270917	0.150668492575909
4.17577000562397	2.60797817643706
4.5554030195812	3.24617097113967
4.20814639403839	2.56616886202517
2.57551660914786	0.96051052751055
2.29515686468072	1.17676795335893
2.02091505785162	0.912255878143907
3.07625684166309	1.31471095169835
0.127677675941509	0.0404244131931137
2.29720404792069	1.17773750266794
3.9697565437118	2.2754313461342
1.99623020766726	0.892272257279737
-1.41151445005737	0.392781075624489
1.60661628768955	0.804050759995702
1.84319917542645	1.24921851653069
2.10081830591266	1.33610411726724
0.388856236225614	0.0893513438012124
2.57551660914786	0.96051052751055
1.59793303375631	0.801224433908685
2.49668200658089	1.89308026311293
2.57551660914786	0.96051052751055
1.61591583568806	0.823032535434358
3.97756573866962	2.30667897883758
2.57694556994886	1.46739841025784
2.69210010264912	2.19997955868631
2.10098202658617	1.32025679443417
2.31816119057749	1.21061446075152
2.8398921490196	2.51773005753669
4.36639487313672	2.92432484878786
1.61358630703929	0.803204095009558
1.64820754518791	1.03471638541875
2.75986929758719	1.73553572597893
2.01853983959565	0.928593142144826
-1.41151445005737	0.392781075624489
3.0813141475216	1.31594402364979
3.7381967022267	1.97829622589877
-1.16124089915057	0.394406815788777
4.19883144208265	2.65493549801475
0.842901040211643	0.340934131380919
2.78294115743375	1.78765901257722
-0.381192533949242	0.123695282248744
2.78294115743375	1.78765901257722
3.43883926978665	1.62626264110372
0.447649743178098	0.129451169297451
2.01080419021524	0.917878163437858
-0.32103307202361	0.079007025149334
3.74194744404181	1.96312025935539
2.00150906992668	0.90586930039781
2.09805834552858	1.33342231402552
2.77679863063652	1.74416078377178
0.855409933868943	0.349309148741465
-0.392757810402314	0.124247427201473
3.00392589586242	2.05919427431764
1.52238228411375	1.02215463566584
2.08051756444764	1.32537031949937
1.31859742243818	0.577353791653426
2.55868107212159	1.47540365221782
1.65433493911478	0.628354033763453
-0.0527435455149127	0.0136126270486569
3.43622658713387	1.65895261894807
2.49646628262846	1.89241356011427
2.19349771501409	1.75243574866543
2.5648052520912	1.49748988372418
2.07785342987205	1.30442519714174
2.49260096055463	1.86539169303317
1.6078119723642	0.782192299753578
3.08158902571449	1.29153111501543
-0.037229770092943	0.0101638140400359
0.943078321249644	0.342123812424083
1.6380147533305	0.630239685678764
2.01113205441839	0.917539301536541
0.938387366171497	0.340308443060998
2.29329418887124	1.18005586470581
2.00386617549332	0.905383190925864
1.80577814402211	0.579897169515412
3.73219049548292	1.98336590805057
2.97892712347776	2.05137768328852
2.53928549776285	1.43158402211013
1.64945193411495	0.636815169113368
2.9845462227428	2.08457548430714
2.07325443839413	1.85409261245649
3.43622658713387	1.65895261894807
3.16149376092299	2.33603533382493
1.17519764212167	0.54780461706859
1.8517583320702	1.00286890204669
2.55917028286865	1.47785885007858
2.08971174537808	1.31364163797415
2.99511809190372	2.08181792370885
3.99089172298893	2.2650873225994
1.42994536662476	0.788744662326503
1.10190467907675	0.570828183756879
2.5827029666934	0.95444482507333
3.72686972326692	1.95663938703862
0.242050125034417	0.0892809975816243
-0.319004015513152	0.078546017662404
1.60813492294571	0.809937325392738
0.565244602585745	0.250040240300988
2.78976547310943	1.72203906623277
-0.037229770092943	0.0101638140400359
2.30266841014004	1.19642351923203
0.4566628353334	0.155974893933969
0.842576781512922	0.345501734284037
3.49885824697169	3.04706292628423
1.72885907049594	1.31044077503435
2.76777816209853	1.74164342306101
1.28749715819461	0.864689657998557
0.517061325536033	0.201680023190661
2.56442081734112	1.49863630620331
1.64699764467914	0.623313109655108
2.31057175053643	1.21438601153779
2.05468696939923	1.5505345455163
3.07422077314251	1.3181512074564
3.98988195073213	2.31325466312312
4.85163695945661	3.8929289907173
3.96100553358635	2.26745552927793
1.0882895177011	0.583867748204233
0.44515396789369	0.128009718182639
4.20089741722986	2.61281114296737
3.06919540525571	1.3027545160526
1.4098705716455	0.774339442110914
2.5778136971617	0.957067152435729
1.62072142597783	0.829627764674628
3.99017430362802	2.26671938569824
0.459546171764579	0.158057903005613
2.77932398698815	1.78591308132808
0.938387366171497	0.340308443060998
3.06892463579121	1.30354025392078
2.5778136971617	0.957067152435729
2.58039599621734	0.941752296283537
3.07394835948079	1.31896016410163
1.8639066104761	1.05817719259993
1.6392589264181	0.627523522545358
2.10609475196808	1.35296815559353
0.94070627902179	0.347797326422389
3.15295168705765	2.37151982431542
2.57066000659288	0.949369245848186
2.56452477760872	1.48771959875872
3.06892463579121	1.30354025392078
3.42908906027034	1.63600040380876
3.97214139396321	2.31148558247758
3.07899560381092	1.29851017680794
2.00877313061238	0.905895491430518
0.951591008006717	0.341409368628177
3.07598371730536	1.29177815049463
0.442856347300599	0.127861063358963
1.64440170754647	0.635367436399987
3.7381967022267	1.97829622589877
3.73346085395007	1.93967756546813
2.5510832941741	1.47510558560549
3.65724012281958	3.39777725964115
2.1012831779618	1.31423542663125
2.31851839938804	1.20954950098339
1.86329738241968	1.29734631144042
2.56021186521006	1.47855098181491
2.30171988958787	1.19065595647389
4.1843145066294	2.57822484437044
3.07899560381092	1.29851017680794
3.9589866728836	2.26525799100251
2.55677434150955	1.47009869602302
-0.021472760417631	0.00646265874018739
2.29671995650693	1.16373976982357
1.32505514376962	0.577363361298982
2.30776702987384	1.16868755597229
0.829626084436192	0.340661650831792
0.472154897991181	0.159275556415277
0.443300091130079	0.127060121744837
1.1477423220385	0.545902201682853
1.15437644902019	0.559371320777602
2.23122275738375	1.85166690235934
2.31084536672318	1.1710585209163
1.14995929943828	0.359644120216764
2.5778136971617	0.957067152435729
1.64200058293244	0.630315938547516
3.73285043233658	1.98116726691183
1.64001387550127	0.631392365244923
3.45124496470651	1.6478638279897
3.97996309256972	2.30819692162536
3.47218910007335	2.98299123517534
3.07191541302791	1.30060988602716
2.57066000659288	0.949369245848186
1.13632149957436	0.350693702520287
1.64956902881442	0.627538586047757
0.389091380780796	0.0893837858796829
1.15224186187344	0.358935209934184
3.7408531564622	1.9462377548029
-2.11457542201993	0.632270703085136
2.00800901489845	0.912839221353983
-0.323262123993069	0.0802314869089757
3.9765679923611	2.3060975503741
4.3882049509002	2.97421694181317
1.62323504434062	0.813710853706618
0.375148585660825	0.0867251084402434
1.64715243246245	0.638228599311507
1.31769902073248	0.791878407016898
1.64715243246245	0.638228599311507
0.857021332247413	0.358312381862468
1.29511756666123	0.559572180561108
0.840979901721941	0.345859273630559
0.83952863816635	0.349187850563596
0.370283326854797	0.0861979910131646
1.29336029725029	0.559210288356874
1.87959003557887	1.05172927077109
3.42908906027034	1.63600040380876
1.81256361946551	0.57834251056048
1.39939522521861	0.765879970283662
2.77355553368831	1.74135916114039
3.08158902571449	1.29153111501543
2.31334878315064	1.17051070527872
4.19844625005781	2.64435108733641
1.31859742243818	0.577353791653426
2.50520676364851	1.8822867552272
0.944090843994677	0.338827354082021
1.32191624921377	0.572374518696162
2.11919770088573	1.86973742778874
1.6679326301198	1.0225045227474
1.64945193411495	0.636815169113368
2.48448663551393	1.89106161633015
4.18841759041063	2.62616208818221
1.61341950195876	0.812934174888886
-0.0434792554011729	0.011577526227439
1.3044540264228	0.776085390740368
3.74732947414173	1.9687884078143
3.07394835948079	1.31896016410163
-1.17463266609677	0.402245692536817
2.02598821080934	0.916547038747042
1.85258798543629	1.05113610506263
3.43138577272834	1.63403113588099
0.25800177893661	0.0929640617825957
-0.39226140248223	0.126182038819469
2.31722656398985	1.18597928028275
2.57007374578076	1.49914613888324
2.29050083780216	1.58166173292256
2.77974282795856	1.78478163746822
-0.649142629691236	0.235421428801905
4.55233499020833	3.22291112658514
1.15700129687893	0.359084261243201
2.30302010441829	1.19630270244243
2.79393383391658	1.77998616645985
2.99236683442692	2.07773384350838
2.77099113591411	1.75779269442633
3.43138577272834	1.63403113588099
1.86973142039484	1.05858039916493
2.98040675333039	2.04270896491204
3.06919540525571	1.3027545160526
2.57772786120529	1.45279034894375
3.71988182378166	1.95663455009405
1.16663880534221	0.554907683031205
3.98916489636801	2.31773613701183
5.28459386508993	5.08496024311238
1.61243200036091	0.819935397731363
0.450055740208048	0.128864448965258
-0.334637994522283	0.0823107846793868
1.60885387398935	0.808380905774847
2.77977695955068	1.75418553103217
1.86083474372587	1.06483518651734
0.484797667092695	0.163396545300606
3.0810393590457	1.29300842323713
0.858571627719444	0.356471282440635
3.07394835948079	1.31896016410163
1.15700129687893	0.359084261243201
3.44371153517053	1.67619063326831
3.44455936104629	1.59260934884536
1.15727261407567	0.35899800278529
4.17882588711781	2.58317583314306
1.15197220708405	0.359022029649851
0.948875245579521	0.342255962349792
1.14359097696905	0.354465121810182
1.15673870532033	0.352530629186162
1.64745365950878	0.637896288405134
3.73786491162249	2.01245103597413
3.43138577272834	1.63403113588099
0.386804340501861	0.0890870371925953
2.97211159388861	2.0751151141498
2.02124639331569	0.891346911824434
2.2975538689756	1.17762048472898
2.01507650893365	0.908799355873569
3.73957266722255	1.96234725257727
-0.397412921065812	0.124550349126886
3.08363665794131	1.28836071236096
1.61341950195876	0.812934174888886
3.44371153517053	1.67619063326831
1.87274862972721	1.0604746684869
3.06919540525571	1.3027545160526
3.74799972558349	1.96462444989917
0.381939954112183	0.0885630978825824
3.43622658713387	1.65895261894807
-0.0285768360081496	0.00802736292162451
1.64001387550127	0.631392365244923
4.20581325220608	2.56812812216305
4.18367392053783	2.61469522619296
2.76777816209853	1.74164342306101
2.57218773707115	1.48893973872411
1.8669122473614	1.05624944039603
2.5521181970668	1.45721118069914
1.14834556191308	0.354625935330237
2.02155531887141	0.903820977688188
3.73753322921062	1.98046047232227
3.07422077314251	1.3181512074564
0.842063944075378	0.352752429844344
3.08391234553555	1.25717266780208
-0.319004015513152	0.078546017662404
0.445346987709576	0.12757256264033
2.57551660914786	0.96051052751055
1.64515726384629	0.629666678633393
1.80577814402211	0.579897169515412
2.5847753763123	0.951434056294316
-2.58792662580816	0.864420955691165
1.3039147078919	0.564624953568431
1.61629774882858	0.8106208547367
2.00578852996833	0.903803680087074
3.73252041030034	2.01562686262797
4.21282682694219	2.59334675294992
2.57066000659288	0.949369245848186
3.98369876203407	2.29482968575478
3.16094843222741	2.37478165201977
2.01412961239258	0.90045959750674
1.64745365950878	0.637896288405134
3.07899560381092	1.29851017680794
3.06689999323772	1.30696449185998
0.388856236225614	0.0893513438012124
1.14496257201798	0.35509824568904
1.15727261407567	0.35899800278529
3.97756573866962	2.30667897883758
1.81045946197748	0.578570674290805
1.81275735644485	0.578334100363068
-0.659811932846578	0.240051086829384
0.452366960240156	0.129014774531037
0.938387366171497	0.340308443060998
1.64200058293244	0.630315938547516
0.44515396789369	0.128009718182639
3.73957266722255	1.96234725257727
2.77716424516821	1.7882009108053
1.86642408570281	1.05012300559913
2.22896381037619	1.86126223559717
1.64169416810199	1.02864373232002
0.17925853663814	0.0716746997897815
3.74023762331473	2.0035974580432
2.13569644069298	2.20933278093391
1.5908413513529	0.791956713910039
1.40203502909869	0.773097921653205
2.2337949054147	1.8597457726273
2.53971557265988	1.45261907369392
3.33803322441164	2.66164642084515
0.940378043901016	0.347926721823808
1.65463867976799	0.638533140878497
2.56452477760872	1.48771959875872
4.71856036182727	3.52275637256863
2.47246908058788	1.87813380685096
2.48606797117637	1.85365997238574
0.473357139415205	0.159400186035603
2.03150009373109	1.48447192644375
1.85593495017584	1.0404183108629
2.1026507156367	1.33028603529919
1.91282063192156	1.54768258705496
1.8803736236464	1.07511913768525
2.55264992448665	1.46053996201108
3.9697565437118	2.2754313461342
3.84531553474272	5.44455139396978
4.38257451590182	2.9769998460529
1.63088677759272	0.623536989564542
0.460339487354658	0.15676209981504
1.15700129687893	0.359084261243201
2.0236041875055	0.905052726321037
2.31851839938804	1.20954950098339
2.08367676533035	1.31051719100786
1.87776278086104	1.05889946564701
1.13969573369171	0.546299959429157
1.86899850459571	1.08650037577496
3.06689999323772	1.30696449185998
2.29605287110668	1.18042492980729
4.18917966911872	2.62482139585421
0.388856236225614	0.0893513438012124
3.07394835948079	1.31896016410163
2.30266841014004	1.19642351923203
2.1026507156367	1.33028603529919
3.43823356696493	1.62843601559653
2.57574696473663	1.48378033529794
3.14430346534554	2.35944635395317
1.63489476929393	0.621404558242662
3.98916489636801	2.31773613701183
2.7738935661948	1.76226593184663
0.838433004733921	0.347108425659066
2.31021737511462	1.19601889706368
2.76906270051448	1.72426736028144
1.64200058293244	0.630315938547516
2.2936470084521	1.17994092221441
2.11453287417312	1.34005767955492
3.07394835948079	1.31896016410163
2.08100357314305	1.30893391372794
3.73016083045583	1.99020875135088
0.389091380780796	0.0893837858796829
3.71955612444413	1.95697462182563
3.73016083045583	1.99020875135088
2.30325361239839	1.18066465971766
1.86813214029159	1.28566248371572
4.18917966911872	2.62482139585421
4.56239026136847	3.15186896229962
0.432316457341244	0.12480155231866
0.464113549874101	0.159393035679127
2.48444851917329	1.90947032887941
2.09576478331769	1.31213239627246
-0.154552034109595	0.0534162166521825
2.00768130073925	0.913173903964439
3.45296708002428	1.60958410997587
0.932235476672269	0.336463516126845
0.450357276379642	0.128882961127995
1.8669122473614	1.05624944039603
1.63831693084645	0.629915116837088
0.117841368211117	0.0374428971559525
0.55060411951548	0.243959425397366
4.71796488870092	3.61729747496679
3.16378467359295	2.38647510924436
1.31616193600528	0.586796808071362
1.61991308179534	0.806873813005262
4.17882588711781	2.58317583314306
1.31185224408202	0.573723422401825
1.42023372737097	0.784231743762438
1.39902349889669	0.757469554922888
3.43108543808854	1.63475119955058
0.829447098022782	0.380310330467136
2.54303761515338	1.44973679817509
3.72484760623082	1.98748619153233
1.64515726384629	0.629666678633393
0.830406705322564	0.378443420786922
1.64515726384629	0.629666678633393
2.29966677922076	1.61826098568377
3.71754361276202	1.95612799486888
2.31851839938804	1.20954950098339
1.61040262700842	0.820849245771546
1.60462619064772	0.80896509089745
3.07191541302791	1.30060988602716
1.3979064067922	0.760351395740454
2.55917028286865	1.47785885007858
1.63727736835462	0.628591326830438
2.78831427499912	1.75740754542839
2.30815386597796	1.19935534798675
2.08604699528257	1.32707397295984
0.612773791916606	0.30323357232419
3.06919540525571	1.3027545160526
-0.0224803639255798	0.00667019887072759
2.02632123894676	0.915777749502837
1.31149991811851	0.573872985799551
3.98916489636801	2.31773613701183
2.57551660914786	0.96051052751055
1.30612124828286	0.571426383853241
1.07093338126866	0.569973265937064
3.07598371730536	1.29177815049463
3.44139163272599	1.65421730138556
2.31816119057749	1.21061446075152
1.64200058293244	0.630315938547516
2.29720404792069	1.17773750266794
2.09153913884022	1.3165651497165
1.65295288054042	1.02703861070027
1.29540370403165	0.85192185154983
1.52251671463413	1.01563699908516
-1.16215021976043	0.402036390268638
0.829165958433323	0.375202677343134
0.524396721933818	0.224960185138938
2.31057175053643	1.21438601153779
1.64639407317545	0.623898382527779
2.54095674755528	1.44781654866013
1.06409936844606	0.554399557949253
1.31185224408202	0.573723422401825
2.6658766561241	2.20053135311273
3.06190782775183	1.28672322621522
1.64241170212086	0.62688254731109
1.62819081122271	0.819402940934531
2.07449108904477	1.31636855648238
0.820235943428372	0.419798377883089
2.21988543846998	1.83265995467627
3.91456854809712	4.02656511170758
0.341749727348098	0.144353052152451
1.28457606423298	0.543717951874343
2.31038423443536	1.60590708367914
3.90090321810725	4.02781810055504
4.38257451590182	2.9769998460529
4.18329497067583	2.65018169404085
0.546225072254473	0.243160958458946
0.00966113095196267	0.00345288917582566
3.16138399831549	2.38897850145517
3.34366946755102	2.70343992605665
1.59871412251228	0.792773083613808
2.01810931344505	0.886922147273673
1.86344044968333	1.06267674982058
2.25446033475091	2.16034396180084
4.38508385795963	2.95823579851177
1.31851717613427	0.787481734935633
1.31500478174787	0.798463376275087
1.62821953801939	1.00534692408959
2.31021737511462	1.19601889706368
2.31223975157797	1.18332304900351
1.30117656598858	0.551304468778339
2.9780867681281	2.08532702927787
3.43108543808854	1.63475119955058
2.09962378544344	1.29514932218177
0.461345393387164	0.156570044355592
2.47572647880378	1.84306191369154
3.07394835948079	1.31896016410163
3.43422193480066	1.63669384166705
4.18329497067583	2.65018169404085
2.3109262473615	1.19487152641038
1.15727261407567	0.35899800278529
1.84291733484786	1.01690785355151
-0.647269322018733	0.331230143769043
1.62229156548548	0.612287105233856
2.29931315281949	1.18977247319073
2.98770619447489	2.80057598840152
3.73549595926684	1.97830280590037
3.5002434820708	3.03212777604571
1.4090376835057	0.781986785878742
3.07899560381092	1.29851017680794
0.805344186180132	0.375458527571262
3.08308555311473	1.25920116126588
2.5521181970668	1.45721118069914
2.00546242502354	0.904131435092317
3.71754361276202	1.95612799486888
1.87493338334949	1.07273022211675
2.77679863063652	1.74416078377178
2.3123671999841	1.18916171457273
2.77932398698815	1.78591308132808
3.72517503969138	1.98713699848761
0.222311948623698	0.0828208511267259
1.87192554359762	1.05699531748412
1.88298874433641	1.07299898399478
3.72484760623082	1.98748619153233
3.43823356696493	1.62843601559653
2.07948098092096	1.28894882259067
0.381939954112183	0.0885630978825824
2.57066000659288	0.949369245848186
2.55185273596185	1.44803150333334
2.55421229831816	1.47965447556991
2.55906852229117	1.45493555774973
3.73252041030034	2.01562686262797
0.441297125214957	0.126926364329448
0.502723673976594	0.196396822212005
4.18329497067583	2.65018169404085
2.96372912709735	2.04670480883679
2.2972608440767	1.17518727684241
1.15197220708405	0.359022029649851
-0.318733942823603	0.0784860044620643
2.7712205356105	1.75236126583843
2.01316604350963	0.917368522828072
3.43937863588065	1.62379068216173
1.86815707289268	1.29769232371257
1.8860329463719	1.04654167378655
3.73990509096128	2.00551060758524
1.58159563456133	0.767414815072639
0.385075707641674	0.0886838975959519
1.87451388971115	1.07347938949285
1.13828235760345	0.546294078122673
1.15701051518738	0.357024714890045
2.00800901489845	0.912839221353983
1.65014880623861	1.00073102133431
2.98227538530653	2.05298075551562
3.17485187961923	2.36106556046105
4.18572350600616	2.61781818698671
2.01113205441839	0.917539301536541
1.9961712128195	0.892433163338891
1.61114596948654	0.794627908415577
3.16097883723213	2.35194454279979
3.43108543808854	1.63475119955058
2.57066000659288	0.949369245848186
1.64715243246245	0.638228599311507
2.00267187038736	0.899236379404027
2.54861505378794	1.47297572192773
3.73990509096128	2.00551060758524
3.71955612444413	1.95697462182563
2.57066000659288	0.949369245848186
2.10529221458269	1.31830632619415
3.63964421352993	3.31507056627223
2.79233724443524	1.76958095912024
2.97303350792501	2.04169662231249
0.831886758031541	0.343619155444981
2.01616843045719	0.916690493912292
1.87233028073294	1.07493101587053
1.43889761486978	0.781715467850203
2.79933855494235	1.77287408526635
2.31780410476533	1.18602186413345
2.5827029666934	0.95444482507333
3.9765679923611	2.3060975503741
3.98405531989639	2.30491088562674
1.80577814402211	0.579897169515412
0.839731403183543	0.348880637921056
4.20167016215721	2.58796456167533
3.06190782775183	1.28672322621522
3.66250434719062	3.37986870790136
1.59537939481937	0.783587704957088
1.87754074165946	1.05503454855137
1.14036650852515	0.553793694435762
2.30065454409242	1.60348924797971
0.229638176231432	0.0850255677793978
1.32904500447216	0.802350948081159
0.936066970782149	0.340641495091394
2.9785505617599	2.08424790162632
1.64945193411495	0.636815169113368
3.66300711399432	3.38840941819129
1.62141115529941	0.808420278059723
2.21521147898904	1.79676991948464
3.44139163272599	1.65421730138556
0.444935731023811	0.127036095489669
1.64945193411495	0.636815169113368
1.59226797416884	0.798253222741959
1.43076377419776	0.780614839875298
1.32156028688205	0.572788874606842
1.87451388971115	1.07347938949285
3.33782344671272	2.66841317040676
-0.338187610441551	0.0828220139637751
2.55982947537622	1.47837759015437
3.96673752968538	2.30317454746481
0.381939954112183	0.0885630978825824
-0.336219850930539	0.0809254150304624
2.9780867681281	2.08532702927787
0.857021332247413	0.358312381862468
4.39324482444753	2.93877573519545
4.18291616718493	2.61604493459816
-0.38407351350264	0.124656511760712
3.97417678633059	2.33916593813363
2.55459250179266	1.47981872931032
3.43652865568349	1.6582101694691
1.64001387550127	0.631392365244923
3.17055237536044	2.39548837525059
0.941412837282011	0.340660708964588
1.65433493911478	0.628354033763453
3.98200822752626	2.33564603127287
3.06190782775183	1.28672322621522
2.3072110100459	1.20755648528925
3.43622658713387	1.65895261894807
0.938387366171497	0.340308443060998
-0.323262123993069	0.0802314869089757
4.37446530306221	2.97053747711016
2.56913897553737	1.48662283410716
-0.0298858259093641	0.00849839766739087
2.05270216000014	1.57226077740037
2.77716424516821	1.7882009108053
1.34024552737403	0.801915979558007
2.8262471717946	2.4804409741745
3.44891088252907	1.65655944931031
2.77397590022502	1.75982344434879
2.29420196775612	1.17116230540423
1.49063247139705	1.10037618802636
2.32023681938543	1.1870373540362
0.861937286876041	0.358845132749226
2.09530304995478	1.31168669345686
1.29253840528332	0.550846514816341
3.43652865568349	1.6582101694691
1.16334237946162	0.559879200866708
3.07191541302791	1.30060988602716
2.31334878315064	1.17051070527872
0.514205043181776	0.203340006834995
1.64230005514351	0.629994079538676
1.39693959376127	0.760423880353375
1.72258368681185	1.27744998788517
3.1563365063945	2.34928517912217
3.43622658713387	1.65895261894807
1.14861788270583	0.354542163913968
3.07625684166309	1.31471095169835
3.74527941797716	1.98684521183978
3.44340697884079	1.64697714754139
3.74194744404181	1.96312025935539
4.19123568492401	2.65376367487484
2.96476903691902	2.7531296193419
1.63489476929393	0.621404558242662
1.62199290564277	0.811592032295457
2.32823455383932	1.17459303975935
2.30528945208095	1.57378280250007
1.64200058293244	0.630315938547516
3.08158902571449	1.29153111501543
2.48531805342095	1.85670011535933
3.96673752968538	2.30317454746481
2.5476449183395	1.46664501205367
2.30001802335968	1.60358943246256
3.96673752968538	2.30317454746481
0.930775388686349	0.334820385943925
1.14359097696905	0.354465121810182
2.56079054083153	1.47816677977797
1.64200058293244	0.630315938547516
0.944090843994677	0.338827354082021
1.30221829517681	0.570582628106818
3.14081863850269	2.33066118629176
2.32823455383932	1.17459303975935
2.57825761534924	1.48550553021297
1.85982222133279	1.05445763844434
-0.884329046829799	0.361473545928611
2.31608760129162	1.21400243950159
1.87266572894349	1.06526484620893
0.831655606452352	0.386132036167147
1.64975399817589	0.626066684434427
4.38527215916951	2.92931868941523
1.30776092853854	0.570863045784087
2.01649806825886	0.916361250213578
2.77099113591411	1.75779269442633
3.73252041030034	2.01562686262797
2.57551660914786	0.96051052751055
0.449956490366664	0.128136304667589
3.43422193480066	1.63669384166705
3.74023762331473	2.0035974580432
1.1590251393429	0.353864364305867
2.02393635884699	0.919757114084648
2.29225923542673	1.57852209698208
2.99606375419378	2.06474884281693
2.29846866454557	1.17620132079369
2.01820946220312	0.913449531834958
1.8639066104761	1.05817719259993
1.41718058904149	0.78065733114802
3.43108543808854	1.63475119955058
-0.0288626870649497	0.00820000466987386
3.0813141475216	1.31594402364979
3.42908906027034	1.63600040380876
3.0810393590457	1.29300842323713
3.44371153517053	1.67619063326831
3.73582690257408	1.97798765432062
3.08363665794131	1.28836071236096
1.14769202191641	0.358267165374319
2.30154732428428	1.17860973617626
0.381039818852264	0.0876463229858444
3.06919540525571	1.3027545160526
0.932206473479573	0.338134600172556
0.842758516892836	0.339682836804215
3.44455936104629	1.59260934884536
1.64001387550127	0.631392365244923
2.55668936344375	1.49723334425118
-2.11625496161792	0.64084087948516
3.06919540525571	1.3027545160526
0.508714726191408	0.199284116157632
2.55668936344375	1.49723334425118
0.442455353988481	0.128578622840416
0.452366960240156	0.129014774531037
1.31019145586118	0.578228622623603
0.446633383608558	0.125700161843211
3.34272487098436	2.66236792488261
0.389091380780796	0.0893837858796829
1.14410405228853	0.550738968792726
0.95125997466955	0.346753414627907
-0.890826202068811	0.365827421271673
1.64200058293244	0.630315938547516
0.486599513689701	0.188876583462326
0.450357276379642	0.128882961127995
3.74161427674586	1.91524829673632
3.73582690257408	1.97798765432062
2.05352910091972	1.53725475271134
3.07394835948079	1.31896016410163
-0.323207416487251	0.0791611694499776
1.64241170212086	0.62688254731109
3.43652865568349	1.6582101694691
1.88079572431718	1.074377501566
3.06190782775183	1.28672322621522
1.6994932022776	1.25240891966707
4.19986372587674	2.63992766022316
3.74732947414173	1.9687884078143
4.19405987976539	2.55475545203069
-0.798339580557216	0.237512976825991
1.82551702237969	1.25049882377479
2.30877416015578	1.19399936413832
0.442856347300599	0.127861063358963
2.31861557990301	1.17452579234462
0.441297125214957	0.126926364329448
2.58246518877188	0.954808913265067
3.73753322921062	1.98046047232227
4.17743390273063	2.57787132893774
1.31947872816854	0.58154081144167
0.381939954112183	0.0885630978825824
1.6379891372274	1.01826560708513
4.181248040751	2.62116383248772
3.99295103107339	2.3058020320439
4.38048583097786	2.93703848337421
0.938387366171497	0.340308443060998
0.428641319188051	0.123631933533232
2.55070432761158	1.45523885482933
2.02058383053804	0.913020231521983
4.19085363041179	2.65560020831302
1.13823313059755	0.547751032708644
1.61667723746121	0.803615291169849
2.30841592744775	1.17005224239874
-1.15916830230631	0.400381516841368
-0.323262123993069	0.0802314869089757
2.54861505378794	1.47297572192773
1.14969984760416	0.357649385936917
2.57066000659288	0.949369245848186
2.05921741089865	1.54275134729739
1.64956902881442	0.627538586047757
1.14270422844595	0.353753757992918
1.31947872816854	0.58154081144167
3.06190782775183	1.28672322621522
2.57469215360523	1.47033885322185
1.62207662893391	0.797174634265712
1.41758321511809	0.783202630115094
1.30811630597354	0.570719315214867
2.31299336831842	1.19592723591125
2.08845357024836	1.26439275087118
-1.14843226338874	0.38965250304554
2.49286290784318	1.90097267708737
3.71955612444413	1.95697462182563
0.389091380780796	0.0893837858796829
0.432313196046086	0.123768503436813
2.30542980935331	1.17833170212861
-1.16091154093962	0.394233043740248
3.73990509096128	2.00551060758524
3.73957266722255	1.96234725257727
0.386804340501861	0.0890870371925953
1.31824151194815	0.577782408180156
2.38424889788653	2.14655845165116
0.501983653338792	0.190976068331781
1.607908848501	0.807483065900878
3.4440161917238	1.64474585229139
1.61213646455477	0.819107620729212
1.15727261407567	0.35899800278529
1.3165170447775	0.577068890321654
1.39597136973232	0.754763800137888
1.87485665282404	1.08409849393683
-0.652429892773783	0.239070022531628
1.86259354208467	1.04487730936262
1.15499106296025	0.357626976076535
1.14507221896457	0.35346817230404
0.939990685706229	0.339610739800664
1.14995929943828	0.359644120216764
3.43622658713387	1.65895261894807
-0.379017765550647	0.121767912029554
2.30479519118018	1.19268786498736
1.15224186187344	0.358935209934184
4.19741305179354	2.59189421917572
-0.32103307202361	0.079007025149334
1.15929717085138	0.358391556930121
0.437688456191057	0.125580008034337
0.378758799248336	0.0873510367033447
1.60249002507305	0.796905916401752
1.82986561394533	1.22940536162667
-0.0302910622156732	0.00845543634306828
2.54412677338191	1.45346129828118
1.14496257201798	0.35509824568904
1.61553406980963	0.811254507951557
2.30569642529185	1.19156303729253
1.63216729459535	0.618689664722546
1.81275735644485	0.578334100363068
1.15700129687893	0.359084261243201
-0.798339580557216	0.237512976825991
2.5778136971617	0.957067152435729
1.15224186187344	0.358935209934184
1.64200058293244	0.630315938547516
3.44572997674484	1.64515659806724
1.16098750642447	0.557560073134016
0.929111491333051	0.330475500197773
0.381939954112183	0.0885630978825824
2.01303914590729	0.91200592124044
2.28972052853184	1.15718217062454
0.385075707641674	0.0886838975959519
1.63653547354424	0.617469073502468
3.07625684166309	1.31471095169835
2.30757525084122	1.62578380443902
1.15929717085138	0.358391556930121
2.57508088145662	1.46881869826622
2.76014212750902	1.74019612353105
2.57757744392236	0.957433505286922
2.56290184744001	1.46826469538702
3.06919540525571	1.3027545160526
2.3182573018119	1.19298821163316
4.20193176415863	2.65080183528634
0.834273126726586	0.383624786328856
-0.0241868342818753	0.00714958363691553
3.45093778969944	1.64938658358838
2.58246518877188	0.954808913265067
2.96193180820952	2.02513539455903
2.01853983959565	0.928593142144826
3.43823356696493	1.62843601559653
0.437688456191057	0.125580008034337
1.64745365950878	0.637896288405134
1.60225196865673	0.80774890999215
2.01734296661414	0.883438419325631
0.602039147905572	0.2983048316489
4.19123568492401	2.65376367487484
3.9697565437118	2.2754313461342
2.293751570283	1.59763819745876
1.29669747052123	0.56160372479477
3.72484760623082	1.98748619153233
1.80577814402211	0.579897169515412
3.06689999323772	1.30696449185998
2.57551660914786	0.96051052751055
1.1590251393429	0.353864364305867
2.01080419021524	0.917878163437858
1.99291401173478	0.89053327210843
2.79715700784894	1.76521195559602
1.64715243246245	0.638228599311507
2.01113205441839	0.917539301536541
2.32323561811765	1.56957931209595
1.14496257201798	0.35509824568904
2.08595824274399	1.32480443299272
2.02091505785162	0.912255878143907
2.5850139056114	0.9375104362967
1.64945193411495	0.636815169113368
3.43853636873109	1.65697509457057
3.99157950321597	2.28606178984152
2.01540673585469	0.923787604582237
2.99427889065669	2.05622736671542
2.99559080854731	2.08014868945087
1.61243200036091	0.819935397731363
2.57296311484479	1.48625552662854
0.85115207193108	0.356271658167454
-0.0265281782541497	0.00763985645704447
1.60558326164341	0.788688340482153
2.05867128759133	1.54880589550516
2.5847753763123	0.951434056294316
0.478831109466061	0.163927156744994
2.5778136971617	0.957067152435729
2.01283744550179	0.902585732964593
2.58246518877188	0.954808913265067
2.00933876648371	0.890046430338173
2.01616843045719	0.916690493912292
1.64318741758573	0.622544119852876
2.31057175053643	1.21438601153779
0.442996854676574	0.125574990238646
3.07394835948079	1.31896016410163
1.30818851542872	0.578982775039473
2.56231542344525	1.50156499544493
0.851291656626338	0.352980585937029
1.13632149957436	0.350693702520287
1.81045946197748	0.578570674290805
2.54740906702345	1.47615073859668
3.96911719328135	2.27102914297753
1.64061143322944	0.61836669498329
1.63831693084645	0.629915116837088
1.15700129687893	0.359084261243201
3.07625684166309	1.31471095169835
2.5489930875806	1.47313229258585
1.29785266171279	0.556398683953029
3.96876597421897	2.30544013526435
3.44634087442464	1.60321995813649
-0.164192734687886	0.0562977008579289
1.15499106296025	0.357626976076535
-2.11625496161792	0.64084087948516
3.07394835948079	1.31896016410163
1.15728241410937	0.352515563851567
1.81275735644485	0.578334100363068
0.474378170050486	0.161581005259043
1.31373024274041	0.579223878983959
2.76607926157132	1.73082789242852
0.433805550955191	0.125899356402515
1.99814205790989	0.889251788641863
1.15270367057338	0.353055808149433
2.57066000659288	0.949369245848186
1.81256361946551	0.57834251056048
1.81256361946551	0.57834251056048
3.06919540525571	1.3027545160526
1.30725992292893	0.764160900308858
3.7228276196854	1.9623996577694
2.00483626902845	0.888901005133367
3.98711153078041	2.33565773639127
-1.41258048711295	0.392583212481328
0.389091380780796	0.0893837858796829
1.80577814402211	0.579897169515412
0.373898439728092	0.0868259292003649
-0.793372555865882	0.233212461554592
3.0813141475216	1.31594402364979
3.08158902571449	1.29153111501543
3.08158902571449	1.29153111501543
3.73990509096128	2.00551060758524
2.30507720749545	1.19731082121008
1.15183329517599	0.556162460810786
3.07422077314251	1.3181512074564
3.32837645659689	2.66410010061711
1.86432106866013	1.05838464648777
2.5847753763123	0.951434056294316
2.06911113269395	1.27791715625116
2.2822849371277	1.57179157760513
4.19329343533331	2.62340064532429
2.306704981668	1.19727867372278
2.30507720749545	1.19731082121008
3.44340697884079	1.64697714754139
1.30280391548738	0.560259357254657
2.5850139056114	0.9375104362967
-0.333124044736572	0.0814172978858416
0.389091380780796	0.0893837858796829
1.14496257201798	0.35509824568904
3.98470339522286	2.29916005859525
1.65463867976799	0.638533140878497
0.381939954112183	0.0885630978825824
2.31887573126939	1.18359931319103
-0.798689244210115	0.236974923937834
0.430325447807246	0.124665397522017
2.01316604350963	0.917368522828072
1.30955161427305	0.783285704437598
0.0140438542228614	0.00494879227394229
0.524240586126411	0.2288465492213
2.08234668443275	1.32392898267728
1.61654665935163	0.797754139384406
2.96615385513481	2.04489148758227
3.98441200075291	2.29043350059457
2.57066000659288	0.949369245848186
4.18329497067583	2.65018169404085
3.73786491162249	2.01245103597413
3.06190782775183	1.28672322621522
1.60249002507305	0.796905916401752
1.14496257201798	0.35509824568904
3.06919540525571	1.3027545160526
3.45124496470651	1.6478638279897
2.01113205441839	0.917539301536541
4.38736452937023	2.9293405423773
0.800211414815749	0.370502726967686
0.467546506049969	0.161403330635755
0.835848931538795	0.348997658724328
3.43853636873109	1.65697509457057
2.56491056234527	1.46692229613137
1.2956252402704	0.54438665603116
2.0236041875055	0.905052726321037
2.01820946220312	0.913449531834958
2.84104665811964	2.53070594060543
-0.402045999887196	0.125323916418123
2.02598821080934	0.916547038747042
1.13776306063067	0.354069155994464
2.57757744392236	0.957433505286922
2.31608760129162	1.21400243950159
1.29887771744066	0.568137783526693
1.60423979235319	0.802222680053221
1.72344831539283	1.30282682915409
3.00249518682799	2.00002595774933
3.43652865568349	1.6582101694691
1.15224186187344	0.358935209934184
3.9697565437118	2.2754313461342
2.98367720426982	2.07846875806825
2.57324025556428	1.45809785431544
2.57066000659288	0.949369245848186
1.4098705716455	0.774339442110914
0.315451466891276	0.131326171713155
1.64230005514351	0.629994079538676
2.01036789923916	0.896991825646934
1.65634343005719	0.613781907873448
3.72484760623082	1.98748619153233
0.840979901721941	0.345859273630559
-0.384424733773961	0.124835389855752
3.43138577272834	1.63403113588099
2.31887573126939	1.18359931319103
1.81256361946551	0.57834251056048
3.16378467359295	2.38647510924436
1.1400403013668	0.353386655811455
2.02091505785162	0.912255878143907
3.71754361276202	1.95612799486888
1.59331598921323	0.79297232742095
1.15063552749799	0.353954663248934
3.96911719328135	2.27102914297753
1.33824413421747	0.805678047958381
1.63489476929393	0.621404558242662
1.64975399817589	0.626066684434427
-0.026853185526583	0.00771779362285273
2.00877313061238	0.905895491430518
1.9961712128195	0.892433163338891
1.15727261407567	0.35899800278529
2.96344554726323	2.04103432549203
3.15583393697798	2.383352918154
0.802739285418287	0.370610464915132
0.44515396789369	0.128009718182639
2.29515686468072	1.17676795335893
-0.800995785218802	0.237876280195171
0.468740614511173	0.160304172406953
2.57551660914786	0.96051052751055
3.0810393590457	1.29300842323713
1.65232884439116	0.630327623928871
1.60661628768955	0.804050759995702
2.0857051762197	1.31916434592608
0.470814825306987	0.160576989852627
2.08045502419961	1.30704642838554
1.65239727675012	1.03468940761737
2.55668936344375	1.49723334425118
2.32859544255231	1.17330910144145
3.15260502716474	2.35371405509155
3.74057026434324	1.9578984029178
4.376546918496	2.96675586069124
1.88518355296125	1.05658223176914
1.65463867976799	0.638533140878497
0.225826260709939	0.0852140197864353
0.443300091130079	0.127060121744837
0.442455353988481	0.128578622840416
1.81045946197748	0.578570674290805
-0.669430018869119	0.246362780889304
1.98884560492469	0.877869679975734
1.07367106622675	0.570653820446766
1.16250241213615	0.57131899763523
3.33890938451723	2.7057349112453
1.64677044635778	1.01836123875749
4.38466479220362	2.97330030604497
3.73285043233658	1.98116726691183
1.40945420634508	0.760085302733102
1.15770718788246	0.565036447606221
2.10401312814666	1.31000228958886
3.73549595926684	1.97830280590037
1.64669580914721	0.63396607368491
2.58453692416693	0.9378225742295
1.61765051314291	0.796891456115553
2.0146287690841	0.907777344117393
3.43937863588065	1.62379068216173
4.20568488698741	2.56251048091516
3.73219049548292	1.98336590805057
3.06919540525571	1.3027545160526
1.61031220286488	0.806665162566724
1.85516888524963	1.06362538717321
3.07191541302791	1.30060988602716
2.8645504119627	2.50597053008417
1.92150301701559	1.59145141091591
0.913298578652282	0.325391520340745
2.97031335247986	2.05299600643149
2.39902745705605	2.13003939596278
0.333247381718244	0.140083818556411
0.172791611184278	0.0775008699951578
1.86575677786279	1.06919266414621
0.448049214856487	0.127036282979351
0.115027075335212	0.0370999532398839
2.00578852996833	0.903803680087074
2.11579226262446	1.32056531313917
1.09287520778415	0.576444209166472
2.32686900013076	1.16063335520105
-0.336219850930539	0.0809254150304624
3.98916489636801	2.31773613701183
1.86107127627097	1.28775659759055
3.6222314735183	3.3192842018836
1.91189166752462	1.53821402906786
3.17349207891563	2.36724436233402
3.49690749910108	3.03652869872613
-0.383275685747137	0.124741585395532
1.41241209518348	0.772995449512287
3.15583393697798	2.383352918154
1.3141763786529	0.793336781040195
1.64715243246245	0.638228599311507
3.14769908120077	2.34653962361526
1.61251831780817	0.831223392734876
1.508539626222	1.00517406913331
2.67748011118717	2.12984517489495
1.64515726384629	0.629666678633393
-0.152348476938033	0.0525603276063068
0.380220335111381	0.0881615126503493
1.86933868864148	1.06829060981598
2.97984151489439	2.04440430732802
0.847785372051426	0.353889589948618
2.30100504072669	1.57362105883718
2.95207371656918	2.01761308213367
0.627499567682619	0.310145859940373
2.30685668830628	1.18939341039644
2.96435852568055	2.04066023852354
2.47824371296026	1.87831415968509
2.96085894847616	2.78452805100438
2.62787769294603	2.09530671108541
1.30165119110891	0.559112811924567
1.65664791667999	0.627065647997308
2.77932398698815	1.78591308132808
3.15088141503913	2.34422283713155
2.01667493821378	0.904658915251568
2.5778136971617	0.957067152435729
0.351536824116283	0.15022127181589
2.31307978363624	1.18804908096486
1.05644289220582	0.560556098451858
0.460695513500032	0.154633169983258
0.485828963471466	0.190491283102072
0.85115207193108	0.356271658167454
1.30221829517681	0.570582628106818
0.450055740208048	0.128864448965258
0.12102456414645	0.0388637416886172
0.450055740208048	0.128864448965258
1.87414109288523	1.06312602241869
2.78758490568901	1.73918517583851
2.77679863063652	1.74416078377178
0.502309990449695	0.199130909440101
1.27192714130617	0.811171831597934
3.17055237536044	2.39548837525059
1.64669580914721	0.63396607368491
3.44572997674484	1.64515659806724
3.51399849641078	2.99582974015149
2.28537354490293	1.56002094650155
1.87088207515061	1.04412453437311
2.53933582254172	1.45246169609593
1.8794334128088	1.27411365063306
0.873741949351582	0.492398886676509
1.61251831780817	0.831223392734876
1.41872931894336	0.787812456711597
0.615981105138485	0.311131179019231
4.37446530306221	2.97053747711016
1.0378027188606	0.593339460985859
2.97495497809119	2.78865786748411
0.910580570023035	0.559225681824625
3.79447040571148	3.73897112285385
2.07964512546905	1.3116937644622
2.96165167215313	2.04324405909515
2.77346807765121	1.76336385484048
0.496223112430897	0.196725470423962
0.936614736339765	0.342415694432161
3.07394835948079	1.31896016410163
2.77294098040769	1.7416336773842
1.88444087952343	1.03858570347926
3.42908906027034	1.63600040380876
2.003439064311	0.904317302889556
2.57551660914786	0.96051052751055
4.18879855589809	2.66041140315412
3.33060488588521	2.67825838625833
3.9643614677728	2.27619493235249
3.1672226428711	2.38299181096962
3.07926967573396	1.29774028538104
1.60620459870285	0.788415732296111
4.19329343533331	2.62340064532429
0.50302391211535	0.195796785135715
3.18218001765957	2.38456053495702
2.32023681938543	1.1870373540362
1.16098750642447	0.557560073134016
1.40710913046224	0.779622443460337
0.12019668136386	0.0388176617517416
4.39343063777523	2.95940935239316
-1.16903837662951	0.400372928845436
1.07316450993218	0.56152832661641
1.84218807149291	1.26455412739998
2.56757605572457	1.4761964794174
2.29916138924008	1.62592456810548
-0.318733942823603	0.0784860044620643
1.87936777463408	1.27746064325352
0.232792565791721	0.0863444049114738
0.476746483570221	0.163653018885719
0.839731403183543	0.348880637921056
1.07014103083279	0.55950075935641
0.857021332247413	0.358312381862468
0.452669338422884	0.12760574663291
0.229053160873223	0.0850038794842176
4.40101842415519	2.93528261884059
1.46335223645513	1.24980225964533
0.476746483570221	0.163653018885719
1.52472633103445	1.00904828803166
3.3298027619597	2.70368490010792
2.99189594419831	2.04187712858304
2.58246518877188	0.954808913265067
3.15762190945383	2.34215913063893
-0.37330925382057	0.141264546773377
1.41918966856364	0.777791485227182
1.88887724111642	1.06767447292231
2.81121165632662	2.4638599985792
1.86432106866013	1.05838464648777
1.87233028073294	1.07493101587053
1.28359547725704	0.858539072730139
2.29720404792069	1.17773750266794
2.01616843045719	0.916690493912292
1.41262447063536	0.783639817903475
1.0728056860349	0.565929769397769
5.50160413638267	5.8078899800639
1.32296820533309	0.567462255942279
0.460804181908675	0.15951706907834
2.55573268854582	1.46940921769483
2.04102829478598	1.53361642044092
1.8575939813273	1.04818074273759
1.31392432900697	0.573981450775339
2.47216725252948	1.84914996011277
2.3157313171078	1.19576831627677
1.87014844721192	1.05879492510408
0.442856347300599	0.127861063358963
1.31165560207485	0.569097431850855
3.43108543808854	1.63475119955058
1.3165170447775	0.577068890321654
1.15471996708934	0.357712411221442
3.73016083045583	1.99020875135088
3.71955612444413	1.95697462182563
2.01316604350963	0.917368522828072
1.99649822128508	0.892114348414937
4.16993737973142	2.56712698984023
3.42908906027034	1.63600040380876
3.97721168597421	2.30658432902081
3.98541699570749	2.29742497019563
0.446935212790722	0.127169877459528
1.85940042527479	1.04568932380804
1.30301894417387	0.569625767707351
1.63489476929393	0.621404558242662
1.93425148851452	1.57282685924628
3.99671440573518	2.27494540577415
0.941412837282011	0.340660708964588
3.15902710407567	2.37818207430977
3.98165246654708	2.33759141154984
3.74228072037679	1.97275912819201
3.06892463579121	1.30354025392078
1.86514625125429	1.28214583496402
2.01820946220312	0.913449531834958
1.63316712122693	0.622177018385784
1.86608752508844	1.06835265948795
1.63411127519797	0.801156986692475
2.51339717465526	1.87667023722344
2.65076034077432	2.16876765491336
2.01336863343963	0.911680747451113
2.68046216373775	2.24067174909136
2.29913178004905	1.18284764464605
2.56585130568685	1.47015701926702
3.15418852931159	2.32478037699713
2.57046039920441	1.49801167502871
3.06190782775183	1.28672322621522
2.04185635983968	1.5141641029574
1.87924386521415	1.07999169089818
3.98405531989639	2.30491088562674
2.02046481399641	0.900495137963318
1.15499106296025	0.357626976076535
-0.026853185526583	0.00771779362285273
3.43422193480066	1.63669384166705
2.56269890815712	1.48018864562988
3.98746919305759	2.33373331391263
2.07496467879389	1.30580111737958
3.06919540525571	1.3027545160526
1.84680314893002	1.04416296617185
3.06919540525571	1.3027545160526
3.44139163272599	1.65421730138556
2.9785505617599	2.08424790162632
2.30300338401143	1.60145373003586
2.06956789702259	1.55333729255788
1.27622523081259	0.847322436420188
0.845431153393745	0.355141528539788
0.610896059307732	0.302349433610001
2.49426386290375	1.91841826444575
1.65011564094709	1.03925677674635
0.950929049409976	0.341619656435165
1.65664791667999	0.627065647997308
2.99511809190372	2.08181792370885
-0.747690010789275	0.327664851800775
1.08400936683432	0.572254596250861
1.43226262892912	0.777744187192864
4.55279423901393	3.27773259230945
2.76819815851423	1.7630799900606
1.52521395918387	1.02799616981946
0.817669084095006	0.382703821238031
4.39909484333952	2.91894920490819
1.07179678945724	0.63620501212155
0.125142764152735	0.060659555519754
2.32406495526899	1.20040695768785
0.0164616062626093	0.00577746133863242
2.6809788769239	2.17155901785416
1.83434103605334	1.62654730893255
2.01113205441839	0.917539301536541
3.152889486264	2.32319853397224
2.98728709408122	2.07963180111142
3.13200060448933	3.93532006151018
1.85881788992914	1.27945034205595
3.3401711961693	2.70054201468134
5.24750392012668	4.92076034421827
2.66951674059422	2.19159122872094
2.4745743873907	1.85247380442693
3.45093778969944	1.64938658358838
1.66069981347181	1.43711065022935
2.24550680458671	2.1633834306243
3.19126538700356	4.11315565377841
3.05364385296034	4.46708113565544
3.9665642201118	5.88246072847007
4.71652239905077	3.59244392821705
1.80724733529953	1.58015047925694
3.80097273848439	3.73691136463441
1.33221361911431	1.04055966591297
2.68233305343415	2.17221663391246
1.72855294951759	1.26187509887725
2.54652758987736	1.45605578890893
1.85272412854661	1.03554799603266
1.29923111964859	0.567989995058686
1.30106930272239	0.830939813552461
2.78986807695415	1.76198366427652
1.38240572843321	0.754945444356157
3.98405531989639	2.30491088562674
2.54412677338191	1.45346129828118
2.78294115743375	1.78765901257722
1.3106108999453	0.579073050182864
2.65372656611842	2.13151864964227
2.29423642540817	1.57837496268945
3.14352807149369	2.33487695336542
-0.323207416487251	0.0791611694499776
2.09199925161662	1.33231840586103
4.71796488870092	3.61729747496679
-0.0527435455149127	0.0136126270486569
-0.144092729666671	0.0489578281373715
2.39330699490081	2.08026699034142
1.85810109112729	1.05237460155735
0.467546506049969	0.161403330635755
2.78769746602762	1.78825040842562
1.60722534812274	0.806482076002563
2.30201423931808	1.60597008426155
2.0134947482036	0.901527174354077
3.14180823071003	2.33053091143624
3.32601001183028	2.69444133446192
1.59513758662324	0.787474515524917
1.86608752508844	1.06835265948795
4.8730371271614	3.95838938135391
1.6590338415461	1.02663646272201
2.01649806825886	0.916361250213578
1.15812307708081	0.557048853310311
2.40635513479058	2.15496916101793
1.64397644597395	1.01949357549568
2.46671040782689	1.86639804896544
0.494263491726386	0.197198471621207
2.0515082790728	1.5515800219598
1.51194550608256	1.01140299313206
4.3761319005654	2.91999927762599
2.08880657574601	1.31363116172535
3.47526549802166	2.94353546963177
1.85505347406077	1.05380751699817
1.13495676285415	0.549384862795993
5.24810611376533	4.92379561752945
1.40399643773486	0.772722339439735
2.49757959799822	1.8944964335147
1.52944955110925	1.05055681126586
3.26679205058547	3.54810642261657
1.54279467994882	1.05493073897799
3.98200822752626	2.33564603127287
2.08240389517846	1.84899485412367
0.150017357655902	0.0610404915677487
2.96615385513481	2.04489148758227
1.64266804859344	1.02386172474423
0.034572604766091	0.011539530582
2.41081066760607	2.12595003057065
1.31650284501101	0.545162469090835
0.849962332462227	0.433919020059626
2.55329133291598	1.44694854967722
3.44921730950001	1.62610415990411
2.31299336831842	1.19592723591125
-0.019112171237002	0.00590721952268206
3.1653338119283	2.3442618209152
3.99707560415237	2.29210758967487
1.32299620612197	0.809757663464108
1.29887259327307	0.925401889093792
1.86032097853236	1.26458056547672
0.7806172870996	0.474862977061082
0.0248968714464065	0.00954733722801737
0.54243735176106	0.291711813233561
2.31307978363624	1.18804908096486
1.84443102225476	1.03064623272624
-0.657855212188129	0.242129795147146
1.90438364965816	1.47094112869119
0.905996748468021	0.568530613730692
1.10526320824135	0.700276669805185
1.33029499533298	0.799022507349263
5.03336582511127	4.30162872204087
2.05513428503265	1.53981001330952
3.49326391678329	3.03532342342302
1.25532286801278	0.822969245313449
2.21710870654722	1.81927721832531
3.12155783635258	3.08562703214286
1.07004070751374	0.571267101620433
4.06397632729025	4.4743855918149
4.37945255972962	8.10025113773008
3.15916096481469	7.59984257191488
5.00086066136891	8.55260039461481
4.23506695012244	9.74992545178697
1.8471315772692	1.25363400999095
3.30255015015945	4.54707842034086
3.00816598056987	2.77791870372136
1.63464841371373	1.30421234998402
2.77890532830894	1.75624626442474
2.13800520048664	2.22916509157083
0.234608912081397	0.0878887646054858
2.64955314154808	2.15261715367424
2.07403774506818	1.31593724080286
4.86187046458399	3.96169567151216
0.861588221299083	0.48727699294461
2.29861000756894	1.58066388990967
1.86274031861249	1.29298244871355
2.78715566699387	1.75335838613405
2.02393635884699	0.919757114084648
2.97536093079635	2.05694843381854
1.39176249965756	0.760014959122548
0.380220335111381	0.0881615126503493
1.87789424899699	1.06580190749489
0.854044563104301	0.355523409681077
2.05725259549849	1.56413997765587
0.976362162135496	0.679323865898912
1.90442607602704	1.54410193042785
2.30478284098095	1.5849900083891
0.873346405170302	0.501947400087533
1.64914996960997	0.626657759006669
1.32191624921377	0.572374518696162
3.97417678633059	2.33916593813363
1.60775629869942	0.809945943353373
2.5788620866056	2.51275920584204
2.2446966525713	1.839489237259
2.85102306054344	3.13802379413996
3.49326391678329	3.03532342342302
2.69244832668969	2.77705188169279
2.56117895225789	1.47706250039003
0.704993430081691	0.392641284017516
3.97960812614647	2.34353774699792
2.30691037389992	1.60730009003987
1.83373242406175	1.24955647354581
2.02870997108043	0.894786986508672
3.16430079848652	2.39431378698732
2.50241353646898	1.83937713227294
4.18879855589809	2.66041140315412
3.76851885241511	3.63783212486991
4.06927325292474	4.48814300541029
1.64372849510206	1.00059059924566
1.42149708106469	0.786832048994462
1.89745888678822	1.5620312166226
1.06549888601782	0.682973398788241
1.86045009857214	1.63393982208966
0.950224758531585	0.343835241606336
1.29218445836016	0.847645865772208
1.14995929943828	0.359644120216764
2.08243018318515	1.27450227292858
1.64914996960997	0.626657759006669
3.73252041030034	2.01562686262797
1.15183329517599	0.556162460810786
2.5619320870104	1.48112300726901
0.935315120860993	0.342858748835626
1.64001387550127	0.631392365244923
0.819571237710143	0.373806391749298
1.3953809551741	0.764281583560854
0.848274607378448	0.345078783231135
1.55507236011225	1.02859742331608
2.5128475180684	1.87676542945841
3.07625684166309	1.31471095169835
1.54476933096175	1.05459002063684
3.43883926978665	1.62626264110372
0.246231564244815	0.0898479592565001
0.82560904487098	0.425742614800925
3.98129682801048	2.29234900534901
3.63580200026135	3.36413192907174
1.41596625259746	0.77581911272918
0.499698791395835	0.198402703433978
1.43076377419776	0.780614839875298
1.15812307708081	0.557048853310311
-0.375562995384722	0.121435971928447
0.468389954255068	0.156641470617017
2.7692543073591	1.76044171960393
2.0226074157099	1.50888577940271
2.04694307893088	1.54418795410066
4.86938324178032	3.94823574236004
0.81647386771584	0.416418246932876
1.6099274271248	0.806659250510531
5.25047344278222	4.98883892141399
1.14042235793531	0.549939985107815
2.76977459776617	1.72237297404297
3.51349277161146	3.03493076193292
3.11670524194084	3.12435711672558
4.68044779106413	6.86286447089838
4.99101622326708	8.5016634580151
4.67667613273909	6.82766736827219
4.99490846290009	8.5307045352971
1.85729200155569	1.66071557745754
3.1258574598455	3.22580812565366
2.07671783236676	2.32806756211612
1.61841608934905	0.811708837026955
2.09335156936031	1.84994211442935
2.00578852996833	0.903803680087074
1.09623362055932	0.583899677259453
4.37095498411373	2.92491481596657
2.09000472383326	1.2966632692032
1.62577152737221	0.613761115896957
1.07320609804772	0.635746457741094
-2.94269249920511	1.07887837307104
1.43936854625552	0.775397261789963
1.59530831963972	0.788266406951978
1.64945193411495	0.636815169113368
2.76777816209853	1.74164342306101
4.38215677378364	2.97870816395327
1.85753522036821	1.05023842698699
1.4149243254129	0.775854093311413
3.72484760623082	1.98748619153233
2.75761121531805	1.73287489521067
3.43622658713387	1.65895261894807
0.841157595565166	0.352192074310299
1.91123601235996	1.56963821946203
1.65002261094872	1.01309225045108
2.31021737511462	1.19601889706368
-0.0302910622156732	0.00845543634306828
2.77758194781341	1.76550976278697
2.00578852996833	0.903803680087074
2.01573707045514	0.907722729493127
2.56675760301089	2.48868856406257
2.10827138237343	1.30846699297218
2.66249399950553	2.16709350303895
1.43301309801248	0.79447322794659
0.235529086672684	0.0880830387395932
-0.565981349124652	0.229717682334854
3.06190782775183	1.28672322621522
3.73990509096128	2.00551060758524
3.44340697884079	1.64697714754139
1.16337990723535	0.561723252925943
4.54797163161382	3.22920490705215
1.14633839392253	0.560201575621088
2.95043971950629	2.01164520920076
1.26307689399815	0.834297515339457
1.92782983823428	1.56620643627881
2.66169872035068	2.2260651137846
3.25527378417914	3.4988304834064
1.87776278086104	1.05889946564701
4.16790577767715	2.56411714586626
4.86462337625377	3.94452766337543
3.4535830329024	1.6064509780884
2.07993522861241	1.30416759523036
0.805355449524119	0.373751163695913
4.37405141211931	2.93584102097404
0.783329999331623	0.359875643321701
1.15224659820535	0.548409532433493
3.32073485121922	2.68864119497521
4.21620861649095	2.54326976551679
1.30546545233818	0.78908004158732
1.89107858199403	1.06153357108472
3.43652865568349	1.6582101694691
3.3228373592822	2.6729645326824
2.30913251667633	1.19296208333495
2.77077880268099	1.75979169499821
-1.23148264416692	0.592054669463356
1.15548914150347	0.552351317987918
0.838645252599733	0.343326655139221
2.79265830919101	1.74887839511611
2.11991065416697	2.11574983574462
2.66903879656289	2.20661575428532
0.817739123121826	0.411156141694575
1.129315280991	0.529008743158365
0.476393651145087	0.16365021780216
2.08382172976887	1.83906680004105
1.05784277717351	0.619119505449631
2.81824761393406	2.47192087236308
3.80978513347326	3.73419423965523
1.96407915265961	1.83948135365306
1.74622718950917	1.28629104222014
1.61024358324003	0.810994391306939
0.676217380934895	0.37077380641765
1.51392842175327	1.0213004553022
3.42315414957002	4.96666243830912
2.88221088355319	5.81971437457838
2.23416094590507	2.10693594372746
2.95572288746905	2.02922682871286
0.602315229848702	0.29153944264294
1.99741362652594	1.90123517255848
1.93699664613635	1.98379401677391
4.05885527306838	4.49264210434527
3.25908551597497	5.23801908091524
3.72279520507538	11.1438159621266
4.31962590074831	10.4704333238762
4.77910756599288	15.1380410118973
4.42381461858015	14.0906448641931
3.92625091366752	5.75425823669552
3.0003313232033	4.18710483319903
4.59292697389585	6.48508093374377
2.69245216831326	3.77559339995067
2.67211869599663	2.20074278129223
4.20211123755856	4.79787505104066
1.19658345822733	0.990435266226375
1.25694279508872	0.821983707725648
2.38759934440667	2.07146889483424
2.29056575773901	1.17751874621644
4.18674521238862	2.62185214382663
1.14131431881911	0.355152076536781
0.342643669766959	0.145340649478056
1.87669927459825	1.05678508647825
1.73376690331937	1.27204179348801
1.15499106296025	0.357626976076535
2.5489930875806	1.47313229258585
4.72020384004408	3.62001987710544
1.64615230985651	1.30873270564765
1.86570066304935	1.28164750742823
3.15221428462415	3.2631625806102
2.37850461664375	2.48114381025844
2.02598821080934	0.916547038747042
1.34561993762644	0.798844914059775
-0.390346432480804	0.127347358957816
2.03764993435437	1.5173749938878
1.62857920417162	0.82306110467385
2.95111194035182	2.73384066986827
3.96102140456329	5.8855716165633
2.83026493036535	4.21862412908541
2.29225923542673	1.57852209698208
1.6296420852695	0.992033664052549
1.14890453541303	0.558839716072359
1.0526461903855	0.556900530922174
2.84856636614337	2.47828034607739
2.68555520028657	2.20191020897879
1.46294795449165	1.1703141387854
2.38024069339802	2.08062180721466
3.50334847911452	3.03846514287407
2.2483999940853	2.14275757424942
1.29474224805453	0.847529701432896
2.64008172982236	3.11685135512478
2.9346779537275	5.47364919332757
2.78497800546877	1.75533338940532
2.0839701181833	1.84116374730893
2.8335484105757	3.02770942733303
3.14652912042166	2.3583394531333
1.30885488365894	1.17580663162142
0.802321421697566	0.40693144566851
3.51447231191332	2.97167321227213
1.63426515218166	1.01193450805069
0.351536824116283	0.15022127181589
2.32406495526899	1.20040695768785
3.44139163272599	1.65421730138556
1.82595212967188	1.21404018975718
2.11382349215093	1.31002205360442
2.01700889749489	0.903908230667825
2.57335103037816	1.45352668039855
2.78455012489195	1.7646083652213
1.14923806084015	0.555010807322439
0.866605198703351	0.500370526505421
0.847895218390916	0.333445231479172
0.505433642040528	0.199705180315975
4.54797163161382	3.22920490705215
1.30632704810879	0.564725666890711
2.32406495526899	1.20040695768785
2.97188492438583	2.01255959750011
2.76669149121823	1.73526139152412
2.72279419280858	2.8037525347769
0.955781773720049	0.66103067517492
3.0081631033499	2.8625453767775
0.859911624002193	0.480816425551046
2.97303350792501	2.04169662231249
4.19960227757872	2.58479351687241
1.72440926136513	1.30172312226806
1.86649647708863	1.0706962245746
1.30536790603011	0.778495135632058
1.62316096497767	0.966174124962951
2.66414513105058	3.07505875923444
2.84026515805308	5.43320867787737
1.89946592144686	1.53978230928316
2.4676820919386	1.86967043881952
2.41958198015376	2.89377840670334
2.87025895544441	3.76363053352568
2.99362733148837	4.91799622825035
3.21840273751313	4.22434113267319
5.83710412689789	7.15430312188639
3.70799874310598	9.36773825948042
3.31618151904843	8.77322738489569
5.01410505112627	12.8705916434561
4.26215537321703	12.1385889772848
4.06330177801633	4.48391049687068
2.6200733882642	4.58742987230665
2.11666310511398	2.97660184253187
2.41563231935409	2.51902016988027
3.93430165897377	4.09049954084883
1.65855186031544	1.32893016942258
0.943078321249644	0.342123812424083
1.29721224379023	0.773897578159752
3.65788018316218	3.38902385126771
3.31547294332455	2.61140485382355
1.51927745623242	1.00236841215858
1.2671054323445	0.847298711084538
1.03499085604261	0.578367483508613
2.56254446493212	2.48636309895692
2.96939454434935	2.05336509769268
2.65312292876723	2.12524072933204
2.09095469683748	1.8425865404144
1.65483295167883	1.34166885520719
1.63031503331245	1.42530077481889
1.85415639608919	1.64766467997602
2.19511872230137	2.62503330544612
2.21819579948473	2.09529423890897
0.850911787379618	0.347942701856789
0.80761044185145	0.376662704553698
1.87918057885762	1.03822711251658
2.30302010441829	1.19630270244243
2.27394548525344	1.55766798037993
1.87081289700454	1.0646219432625
1.32203515901811	0.798362511490514
2.07969389309868	1.28376805473224
1.75048871481614	1.31140238569455
2.75976151829739	1.75162713601541
4.64233495345044	6.55072471833871
1.27763020186666	0.827550229544672
5.43004487690938	5.47008325007934
2.11888003804113	2.18039607460717
1.86533962410877	1.06994530398287
1.71790213630928	1.27661453127957
0.862279075328111	0.489202255157878
1.61591583568806	0.823032535434358
1.90887440235413	2.12874168286106
1.82708732297008	1.62054812851738
2.99204344873389	3.56169426111255
1.83610635657353	1.24612747439048
0.110390812046859	0.0349660125180996
0.849185495456383	0.485212226844147
2.68469955098811	3.22109006022943
4.20173821613574	4.81218533069207
2.5416335965891	2.45474139841801
3.34072971815824	2.71475644481476
2.38948342165448	2.45720700327539
3.80419917009409	3.76210055332971
2.29915759893354	1.59392490236753
1.54073372263718	1.03140087614965
1.48470828095134	1.07674649686188
0.468740614511173	0.160304172406953
1.61629774882858	0.8106208547367
0.106227805573364	0.034228328774544
2.0893155252126	1.33120036121877
1.64945193411495	0.636815169113368
1.86888027580733	1.06507705763447
2.9785505617599	2.08424790162632
1.4007402484647	0.777232432051735
2.57335103037816	1.45352668039855
1.32069774075863	0.782248944229573
1.0639469372807	0.621941051338204
1.63285596854307	1.02272737898663
0.842531476274027	0.347791598582168
1.85614209705105	1.27180088889057
1.8481395276808	1.25147420023041
1.54735857933937	1.05152105354145
2.32162491052609	1.19962003519038
4.39805965786859	2.96403987087132
2.69210010264912	2.19997955868631
1.36080510676765	1.22808515026148
2.06085290751641	1.56294566456878
2.21707561137217	1.82224948028581
5.13681915341632	4.66796939706238
1.07611897568719	0.575982898283268
1.04912358370729	0.525567043959668
1.26366696227302	0.822576337508979
1.72784960907277	1.28121300598341
1.99455515765403	1.89154792888065
2.52266601927249	2.81177358992377
1.31392432900697	0.573981450775339
1.48246666041926	1.09120909129302
2.18190984582012	2.46683798309769
3.14769908120077	2.34653962361526
2.83922085946867	3.11885413844683
2.0877213575282	1.88806216559923
2.83716583401105	2.5204409084574
3.855709681379	7.17197654937861
3.68585284026818	8.86238942348726
3.6471311132427	7.25703813378057
4.08416046742681	10.5842553502195
3.22603787725443	4.25917918097187
3.84148153072091	5.49939442986404
2.13287340003198	2.16991015568005
1.92838981965683	1.98425278431649
1.41623244104733	0.776623591503956
1.50366117360637	1.10526707016967
1.7641336452696	1.80199654959986
1.54915742859225	1.05121898123708
0.938338060407952	0.343201333933568
2.02025271131488	0.893223853886869
1.86284078205788	1.66300888847497
1.85164834724796	1.05657453506226
3.14892242424776	2.33702390518883
0.8083971584688	0.38266466497726
3.51921326382292	3.01377043650681
2.0976890328838	1.35155767981607
1.75201313398067	1.63580433230186
3.49885824697169	3.04706292628423
0.355117166751786	0.149196975327622
1.75660418310951	1.31273480187071
0.684058771006668	0.382872549488589
3.34070007443663	2.68800559670141
1.07377385240431	0.570518670856769
1.91314665564551	1.58948700057031
1.74729616725362	1.29868417758619
0.839695273635479	0.350263318073248
1.91919203370154	1.49201481199318
2.24321908388385	1.8669312380368
1.42637919902974	0.794030301152127
1.60424363921288	0.808967896142489
1.65463867976799	0.638533140878497
1.45600085500007	1.17770583355321
2.55541556109268	2.47354069740648
3.9589866728836	2.26525799100251
2.30393213880892	1.60033766956167
2.83890777192505	2.46532712233642
2.54689556754959	2.79655263354723
2.2975538689756	1.17762048472898
2.78294115743375	1.78765901257722
1.5358940880098	1.02349027463192
4.87802280647789	3.96225925426893
2.1394668768871	2.21797196544308
1.42411868720977	0.776626933868544
4.05934858727544	4.4970263362893
3.17244153146907	2.37976051455867
2.54968207877777	3.71217263751867
1.7258486228934	1.27872379290685
2.43283700875771	2.08252678934533
2.98081719717541	2.0826939456203
3.26237065624821	3.52577354957355
2.64640391495052	2.15441042570045
1.40307975914275	0.754380772906443
2.41635083737968	2.14752000343753
3.15755906187702	2.37445078589632
2.29724111587976	2.77334239726731
0.421948511589573	0.215567368967767
1.09801846008893	0.581782002176187
0.294907239499429	0.135674440812659
2.32023681938543	1.1870373540362
1.71027726071688	1.26316062005462
1.66233265874487	1.02416544292598
0.463438266935114	0.156604075489977
2.95796734542306	2.03238554064761
2.28637407669919	1.15092509446845
1.6728188688941	1.31000468562589
4.72244445500472	3.60784812782552
2.11178306966709	1.81303075533069
2.57903778556252	1.44477534189889
3.74527941797716	1.98684521183978
2.5778136971617	0.957067152435729
2.003439064311	0.904317302889556
0.825457732441887	0.386383297945063
2.02632123894676	0.915777749502837
2.80109287605157	1.75779473253385
2.96183473637825	2.04242469478281
1.61455367811623	0.818232760466454
1.0867852723826	0.58684108889984
2.66034344216076	2.17747319504746
0.573121500986003	0.251348069092985
2.09945953858494	1.85981854123701
3.92062748458932	4.02929626930505
2.05806746654258	1.78612268063738
2.01853983959565	0.928593142144826
1.30184639326982	0.841104441296172
0.821062490211312	0.42572582201411
0.506174423094541	0.255476827828818
0.855793074330536	0.356255162891984
2.30507720749545	1.19731082121008
1.66507717665992	1.35939124977898
1.99187152778503	1.89354761916838
3.72668448258291	4.95515776471643
0.348077095148686	0.145813191241947
2.7769935765532	1.74827210657584
2.56712007899184	2.42212773575425
3.64166765686543	3.37413329434172
3.5143789178332	4.15046374576173
3.54502598066523	4.32098795712241
2.40751463074766	2.88143745394464
1.28432461412769	0.852108811256587
2.49723947856087	1.88063709869025
3.74261410581148	1.95896815134987
2.98776680444256	2.02152195200803
2.09428850062842	1.33133041518765
3.14430346534554	2.35944635395317
1.15961926541019	0.567575418211296
0.216050688039579	0.0799822015013305
1.64185661906014	1.00754921666954
2.30472472594129	1.1794437176518
1.30854078954356	0.578826130306538
1.65725719273459	0.612982129384369
0.442856347300599	0.127861063358963
4.20607309742868	2.6191694791637
4.8686123398833	3.92340918199056
1.61591583568806	0.823032535434358
1.0521637705127	0.619314605327376
1.32261203622906	0.567591721240197
0.848791025992938	0.352493963638685
2.05528366189011	1.53005500234637
2.086415629004	1.30883166852143
1.82130566842539	1.60934832403432
1.60813492294571	0.809937325392738
1.40719203165316	0.782745559022105
2.81800321331064	2.49125135826828
2.67782013083049	2.19543949998298
2.01820946220312	0.913449531834958
2.08550107341417	1.30913490257145
2.9689448884115	2.06386405682419
2.10494952297719	1.30891851960049
4.19367658297347	2.60874213176604
2.31851839938804	1.20954950098339
3.80138625710304	3.71503412789575
2.7735631835142	3.48917347088806
2.05108278818654	1.56062688226805
3.00059344859215	4.18162775442878
1.29525837873145	1.00712270057254
2.46713869422038	1.88887809407981
3.72484760623082	1.98748619153233
2.76096691181491	1.73097006899876
3.06689999323772	1.30696449185998
1.88475913561729	1.04943322198946
1.75325274986308	1.31604951026093
4.54537251295497	3.2741866409801
1.62072142597783	0.829627764674628
0.537413174907879	0.235339141737672
1.93837140040677	1.59045374740607
1.30504225533939	0.567382727909948
0.234958308207763	0.0879365075462099
0.479975959754516	0.162847845377406
1.59858048712892	0.80598383827332
1.63454485746047	0.628731710084453
-1.45949126207084	0.555410853392289
4.38778464750062	2.97590268181663
0.946160588335457	0.33964074022882
1.62857920417162	0.82306110467385
1.62761370520336	0.998968710837625
3.16009990659329	2.32141954011169
1.86327596177574	1.29825943460209
3.9697565437118	2.2754313461342
0.460033100139908	0.23577784328491
1.09062110305045	0.587491164382777
3.24374074536953	3.44948815948259
0.802739285418287	0.370610464915132
2.28726969954008	1.5746747443422
1.84000032447207	1.61665497360813
3.07695428244317	1.27333343981167
1.87493338334949	1.07273022211675
1.52364037045386	1.01805400937119
4.19226163868993	2.61240207521829
2.26822526845618	1.52305322147707
0.509365675281412	0.195566139651097
0.49424111138552	0.185583558880567
2.32370581540211	1.20143849160006
1.31054775763782	0.568793948808771
2.76310970645605	1.74970222628579
2.55972210502836	2.44918874979186
2.30083617917732	1.17972477152085
2.76310970645605	1.74970222628579
3.32925044072001	2.70464532736417
1.27693815203256	0.910637829382228
1.91149733757964	1.54235114436749
1.86535957489492	1.04676363638531
0.787141550915167	0.388567411423908
0.626679671660524	0.31006023916082
3.16439594517298	2.37138989110933
-0.331111102557543	0.0810768152152729
4.37446530306221	2.97053747711016
0.814277442933266	0.376614048105585
2.57218773707115	1.48893973872411
2.36549756523691	2.08828359917734
1.64000549784903	0.618943794636741
2.57546976107155	1.4555865415491
0.388856236225614	0.0893513438012124
0.428641319188051	0.123631933533232
3.17641928000742	2.37437686558386
1.30747396521347	0.565488230981729
3.96876597421897	2.30544013526435
3.98711153078041	2.33565773639127
3.44139163272599	1.65421730138556
4.3907228434201	2.96539410694093
1.72980214329786	1.2914490032304
1.54158486663809	1.05109294747494
2.75780628649389	1.72238849355829
1.68191932864414	1.34142134641037
1.61765051314291	0.796891456115553
1.86867365227635	1.05881704818709
3.3216147704555	2.62908173468794
2.40297708875055	2.17648773722822
1.87371849321115	1.06384941968895
2.48829931987216	1.88076717385399
0.627270162980339	0.3100548053651
2.84842831678937	2.51009134005458
2.95796734542306	2.03238554064761
2.55325150236696	1.48854833903313
2.02155531887141	0.903820977688188
2.30251920977895	1.59855483119191
1.65067813250278	1.02404928326162
4.53493655721653	3.22714111252068
2.99246481011041	2.06912796830016
2.01942149664169	2.44515559699591
3.99818888448657	5.96281586616976
1.06591838172651	0.622764940028859
2.62464156983191	3.454677062223
4.51683194304821	6.12686536781773
2.98681875034659	2.08969706741623
1.30463950814452	0.570689346074082
2.9689448884115	2.06386405682419
2.31851839938804	1.20954950098339
1.86662570376479	1.24994198997733
2.96100655926467	2.02548181747878
1.60133085690372	0.801073363201848
3.07598371730536	1.29177815049463
1.84762829725528	1.28741931375519
1.45325237270366	1.23267346564827
1.06258382025321	0.558751342456499
1.15197220708405	0.359022029649851
3.43138577272834	1.63403113588099
3.96841487495481	2.27278275700127
3.15852335445024	2.35371884904156
0.815383057917557	0.376098430804889
3.00177090637069	2.02313249750718
2.01193882000167	0.880041980889198
0.428641319188051	0.123631933533232
0.841813442652029	0.345706249482656
2.30302010441829	1.19630270244243
2.83436244818406	2.51614775862599
1.85060099509764	1.28702852145877
2.30949099708252	1.16769311759462
2.56231542344525	1.50156499544493
2.01820946220312	0.913449531834958
1.65295288054042	1.02703861070027
1.61243200036091	0.819935397731363
2.76861833810792	1.74101197531504
2.08051756444764	1.32537031949937
2.08696853603738	1.29242391031161
2.0149619777937	0.892417341538631
2.56231542344525	1.50156499544493
2.02251223385999	0.892207985408871
1.42057390957993	0.774131894535017
0.473124537182601	0.164307426258768
1.85851300027179	1.05257558966641
2.54303761515338	1.44973679817509
4.71154760827788	3.57085028283469
2.07493439009866	1.28742521096927
1.62033624667548	0.830302092887581
3.44658077322804	1.62685228459315
3.97214139396321	2.31148558247758
3.32545944102223	2.68612553853438
1.6091861509187	1.40311303178005
1.40399643773486	0.772722339439735
4.38048583097786	2.93703848337421
3.71988182378166	1.95663455009405
0.500368882373689	0.194573444543626
4.38945849109322	2.91573270832742
3.43138577272834	1.63403113588099
3.06892463579121	1.30354025392078
2.0036191142006	0.902823052976482
1.84614392685188	1.02052625910056
3.06190782775183	1.28672322621522
3.43108543808854	1.63475119955058
1.63454485746047	0.628731710084453
0.938387366171497	0.340308443060998
2.30083617917732	1.17972477152085
3.96638721052615	2.30310378549378
3.98129682801048	2.29234900534901
3.14402434409053	2.33388820016694
2.00768130073925	0.913173903964439
2.54095674755528	1.44781654866013
2.65230547095523	2.17964491231402
2.54531485530651	1.45918702463599
3.43622658713387	1.65895261894807
2.97165096678601	2.04368689875379
2.00578852996833	0.903803680087074
3.73285043233658	1.98116726691183
2.2846510429863	1.57086802582756
2.23604647817092	1.83571050551296
1.63484785533067	0.62840735419608
2.3157313171078	1.19576831627677
2.57066000659288	0.949369245848186
2.5778136971617	0.957067152435729
2.45654926281661	1.81151772617503
4.85966611318909	3.95189820466669
3.43652865568349	1.6582101694691
1.99089662502541	0.890702019814301
2.22447157735473	1.86081673276446
5.00949032908956	4.31760698733147
3.7766865178132	3.66073588402785
0.217294709398533	0.0814683835067868
2.77758194781341	1.76550976278697
3.73990509096128	2.00551060758524
3.71955612444413	1.95697462182563
1.6380147533305	0.630239685678764
0.431075561350208	0.125077759967491
4.18087016840469	2.62073387155809
0.942749240237228	0.347582417012192
2.01080419021524	0.917878163437858
2.5850139056114	0.9375104362967
-1.41258048711295	0.392583212481328
1.31149991811851	0.573872985799551
3.73346085395007	1.93967756546813
3.71955612444413	1.95697462182563
-0.326086336851824	0.0802709064148997
3.73252041030034	2.01562686262797
1.30165119110891	0.559112811924567
2.57757744392236	0.957433505286922
-1.16399424397968	0.402583161382906
3.98200822752626	2.33564603127287
0.110829029393774	0.0359732977800231
1.42103538515983	0.787312634407148
3.98711153078041	2.33565773639127
1.63489476929393	0.621404558242662
3.73016083045583	1.99020875135088
3.73786491162249	2.01245103597413
2.02393635884699	0.919757114084648
2.78651492561384	1.75214876686772
2.30963055883074	1.18930988690182
2.3123671999841	1.18916171457273
4.56478120897344	3.30054897531452
1.61213646455477	0.819107620729212
2.00768130073925	0.913173903964439
3.44572997674484	1.64515659806724
4.40101842415519	2.93528261884059
3.14670348013449	2.34666602794861
3.43138577272834	1.63403113588099
3.78610252838919	3.74022820806307
2.55459250179266	1.47981872931032
3.43422193480066	1.63669384166705
1.85224355357471	1.03601763165779
1.85795497036055	1.05045443435398
2.5595526635351	1.44971462628632
2.47962568742308	1.91088988739228
4.19470472741518	2.62131643557818
0.843312125050286	0.350436459033435
2.31644400799118	1.19464091523016
3.71754361276202	1.95612799486888
2.2975538689756	1.17762048472898
2.31816119057749	1.21061446075152
1.30943067965115	0.566502865068024
2.02091505785162	0.912255878143907
1.30280391548738	0.560259357254657
1.64669580914721	0.63396607368491
1.30721476007764	0.774231045981018
2.29180701571709	1.17031328373143
-1.26312842960709	0.60712153961678
3.9589866728836	2.26525799100251
2.6564186580457	2.15557123506676
1.65231196394046	0.993042762735742
-0.151837830859457	0.0518536737517576
1.85982222133279	1.05445763844434
2.78812022005281	1.77866058288672
3.44371153517053	1.67619063326831
1.64200058293244	0.630315938547516
3.45124496470651	1.6478638279897
2.56021186521006	1.47855098181491
1.85713059201579	1.0265731768211
1.80577814402211	0.579897169515412
2.3072110100459	1.20755648528925
2.01036789923916	0.896991825646934
0.95088813430111	0.336680885950579
1.41480110813071	0.791581068805777
1.64975399817589	0.626066684434427
0.805883225731177	0.371831296325185
2.01887032465644	0.912360476103855
1.42405990679384	0.798137619522611
1.85692723434887	1.05154180271081
0.452669338422884	0.12760574663291
3.97417678633059	2.33916593813363
2.10920918229357	1.33756423744806
1.84054852765603	1.20936786221419
1.48157095241995	1.19391168582765
1.82337870399385	1.63264964563549
3.30238449271918	2.61484843634972
3.07422077314251	1.3181512074564
3.07394835948079	1.31896016410163
0.832926629026176	0.346415144127333
2.56968724266386	1.47176822617245
1.65722046319534	1.02183628520397
1.15197220708405	0.359022029649851
3.06919540525571	1.3027545160526
-1.15376694941863	0.396550468009439
1.14996928148472	0.357563393391782
3.73016083045583	1.99020875135088
2.58453692416693	0.9378225742295
1.81275735644485	0.578334100363068
0.442996854676574	0.125574990238646
2.5695268287883	1.47778250769041
0.801041358084305	0.373815873216068
-0.662846431257919	0.240752233696716
1.13163149768663	0.540449023554128
2.5827029666934	0.95444482507333
0.436097412031641	0.126050626741564
1.43610335491971	0.786212235455423
2.22912701502698	1.82967190181381
2.74615621553477	1.69575458465243
2.02598821080934	0.916547038747042
3.16481717786314	2.38378696521484
2.5850139056114	0.9375104362967
2.57551660914786	0.96051052751055
2.97165096678601	2.04368689875379
1.51894888609581	1.00490873090328
2.003439064311	0.904317302889556
2.55668936344375	1.49723334425118
1.99089662502541	0.890702019814301
3.97721168597421	2.30658432902081
2.76810427077216	1.75666097713263
3.07191541302791	1.30060988602716
3.43652865568349	1.6582101694691
2.78077687484394	1.75859398683312
4.38633663576122	2.91289383156391
3.44921730950001	1.62610415990411
3.44688635376406	1.62617441218239
5.13508615776057	4.66051664945491
3.43853636873109	1.65697509457057
0.2048293383948	0.0755288770166601
2.08234668443275	1.32392898267728
3.74261410581148	1.95896815134987
1.14332032705855	0.354549436983091
-0.821616397490762	0.241627993300445
3.72484760623082	1.98748619153233
3.06892463579121	1.30354025392078
2.57551660914786	0.96051052751055
2.30542980935331	1.17833170212861
1.81045946197748	0.578570674290805
3.07191541302791	1.30060988602716
3.07598371730536	1.29177815049463
2.99330929784772	2.07504032187164
2.54517641292758	1.46452645373638
3.73753322921062	1.98046047232227
2.00032619806454	0.899743023662988
1.63316712122693	0.622177018385784
0.485722129548849	0.188935725673147
1.09291285158904	0.589487220956911
1.83614510637525	1.24974973989917
4.3800692246704	2.97251801637422
1.85647670241233	1.05047416645324
1.62411816251489	0.821562803632701
2.01540673585469	0.923787604582237
2.58039599621734	0.941752296283537
0.373898439728092	0.0868259292003649
2.57757744392236	0.957433505286922
3.07899560381092	1.29851017680794
2.07501451984958	1.3000646527496
-0.319004015513152	0.078546017662404
2.47201733768411	1.8495371675594
1.38369010306777	0.749060750970176
2.86758980531841	3.17193993317551
2.22260675508256	1.82240555993998
4.19883144208265	2.65493549801475
1.29704901941466	0.561460256129736
2.53643595212966	1.44965479775098
0.467899864027144	0.161191776138274
-0.32103307202361	0.079007025149334
1.99948365898762	0.894173589477728
2.57066000659288	0.949369245848186
1.15728241410937	0.352515563851567
2.00578852996833	0.903803680087074
3.08308555311473	1.25920116126588
1.15224186187344	0.358935209934184
3.43823356696493	1.62843601559653
2.01667493821378	0.904658915251568
-0.326086336851824	0.0802709064148997
-0.806209579875503	0.240319387510702
-0.0303003282829474	0.00852825225991697
1.32417987428446	0.580459127084156
1.15036248959935	0.349527434081939
-2.11457542201993	0.632270703085136
2.01777812863276	0.907620344280977
0.820106230514994	0.376684136600951
1.31947872816854	0.58154081144167
1.25231004300029	0.870808310521704
1.63710663233436	1.01011997765787
3.72813331289338	1.95640430315638
3.43108543808854	1.63475119955058
3.50525340488135	3.05404940803322
2.1026507156367	1.33028603529919
2.69758376963754	2.76831853595006
2.98401917302211	2.03843222386494
3.7345529618008	1.9840170302838
1.86608088683562	1.05676457120866
1.85722737119886	1.05240434723355
1.59569470520405	0.801516917340079
3.07653005489351	1.29030396946406
1.65232884439116	0.630327623928871
2.02632123894676	0.915777749502837
3.1649146235667	2.35525773615385
2.56757605572457	1.4761964794174
3.32364536022103	2.69493047364096
1.84675732281981	1.25094887098114
2.15801941097188	2.25382901847448
1.51353149086842	1.01165961767932
2.29352920414862	1.59304064346811
1.24056419360021	0.776315374409079
2.40195829355595	2.13627912374736
3.7228276196854	1.9623996577694
2.01649806825886	0.916361250213578
1.91370163390037	1.58755802670427
2.78237536120608	1.76072701078593
1.39597136973232	0.754763800137888
2.4850373307628	1.8903566927118
0.135502741393715	0.0545154101748578
4.36124276340067	2.90728730663398
1.40976252103453	0.791855626825499
2.80456774408443	1.75143766236567
2.09153913884022	1.3165651497165
0.494263491726386	0.197198471621207
5.00742093196613	4.27561951025541
2.7496100500746	3.42210702755353
3.43883926978665	1.62626264110372
2.79525906992754	1.76798173252537
3.33756587813277	4.60228957251426
0.823133958747521	0.381442447856351
3.79324737454675	3.69324763341845
2.98442250435043	2.76894820139478
0.827268352431446	0.422471109480778
-1.14843226338874	0.38965250304554
2.00877313061238	0.905895491430518
2.57551660914786	0.96051052751055
1.3059766207843	0.564869257501267
0.938062948222777	0.340428430013029
4.54537251295497	3.2741866409801
0.934988669040866	0.34298285576984
4.18291616718493	2.61604493459816
1.31373024274041	0.579223878983959
1.32261203622906	0.567591721240197
-0.0282495775473611	0.00796852455760504
2.08651190130283	1.32630555578408
0.135581285419868	0.0426194446252775
-0.0295610216470226	0.00841923783770376
0.448049214856487	0.127036282979351
3.99017430362802	2.26671938569824
1.86407170365374	1.28228516897837
0.0951718060518237	0.0310414303580324
2.63811705875027	2.13011742913444
1.12826281229854	0.800793136732018
1.41241209518348	0.772995449512287
1.84588890488836	1.04402002336887
2.48558830222826	1.86440845722366
4.19676721241821	2.65961889293649
2.96939454434935	2.05336509769268
2.56442081734112	1.49863630620331
3.14516961659147	2.34662351880712
1.47133704366086	1.15942653292486
1.3953809551741	0.764281583560854
0.930775388686349	0.334820385943925
2.98344699593475	2.00048599410027
1.13276530124056	0.349622718568359
1.8576454267349	1.06630994776555
1.09905917287949	0.586605276339042
1.40133878569235	0.772634153956332
1.61698375359913	0.795801061070504
2.5062989256825	1.89795466350002
2.02804230441003	0.896378789519782
2.67392463365013	2.23748565697813
2.4186894289912	2.16728132230983
-0.907255492696106	0.367848609210898
1.86283071153265	1.26066984913881
0.503397986263419	0.199613469403709
1.52074990525749	1.01731044988516
2.6662233799933	2.14970663585751
3.0810393590457	1.29300842323713
1.59582364078043	0.788442244405021
1.50334876823761	1.0115010116412
2.29925029828771	1.60730960444538
2.0463726996881	1.53918158823864
1.85851300027179	1.05257558966641
3.17976082722283	2.38685541407789
3.43883926978665	1.62626264110372
-0.149446558819618	0.0504250171172843
3.07394835948079	1.31896016410163
1.63955817084745	0.627204809229306
0.861551740926013	0.359046644993109
1.32505514376962	0.577363361298982
1.62996247642868	1.4218250020317
2.30120381206663	1.17536938836456
3.46926664736113	2.95915864867655
2.96389439971326	2.00172938502803
3.12267652332869	3.94516231888999
2.22934418639112	1.83206810993945
2.57046039920441	1.49801167502871
0.860663648318877	0.493646929340973
0.52704648494279	0.232505097578677
3.73285043233658	1.98116726691183
4.36846789517916	2.92065733687735
0.797287859408356	0.363930562033928
1.86692727174906	1.66371981094145
2.003439064311	0.904317302889556
1.62373307132501	0.822214274816007
2.01080419021524	0.917878163437858
3.17192104229148	2.33795545780559
1.63489476929393	0.621404558242662
1.42994536662476	0.788744662326503
2.56269890815712	1.48018864562988
3.97452987189749	2.30377460218261
-0.379017765550647	0.121767912029554
0.224134957821341	0.0817265275649394
-1.41151445005737	0.392781075624489
0.378758799248336	0.0873510367033447
2.02124639331569	0.891346911824434
2.28812612517586	1.6188899744783
2.5827029666934	0.95444482507333
2.07887532086832	1.83508061065796
1.61213646455477	0.819107620729212
0.844167624843774	0.349045459375349
2.10035365639098	1.3368668321266
3.50449785550995	2.99985289222285
4.3773774997164	2.91660728751966
1.33959540417068	1.26113345265923
1.46185196874239	1.06987615436157
2.28214077071111	1.6080299809503
1.08400049969159	0.57966864898158
0.0203848579773015	0.00790011178741114
1.61910332591034	0.810617041018432
2.09988922922759	1.31565107362305
0.92918007563035	0.337781115996846
0.479077279120809	0.163923914378797
2.30302010441829	1.19630270244243
1.90154709372137	1.51254959542727
1.87818354485953	1.07266282374
-0.156565819274173	0.0526566966627294
0.122382192357164	0.0396572550715344
1.62349859180357	0.993538607557617
3.97417678633059	2.33916593813363
1.62431250305993	0.811464683915551
1.88298874433641	1.07299898399478
2.10643701526871	1.3348471165724
1.41872931894336	0.787812456711597
0.495364598134244	0.193973550678761
0.544992392240748	0.243951858655035
1.59896083162352	0.805975570685554
0.804898695580651	0.375342173209972
0.386804340501861	0.0890870371925953
1.72477176995359	1.26706235097023
-0.151397109839571	0.0507821635101836
1.15700129687893	0.359084261243201
1.86649647708863	1.0706962245746
1.31445340143175	0.798796764017352
0.936066970782149	0.340641495091394
2.07703236034383	1.84705238267566
2.10284903760461	1.32859217019797
1.45482317988729	1.23492151586922
1.5243617068249	1.02852544888858
1.45687698076253	1.15957956311745
2.77379785849714	1.77796058405828
2.30266841014004	1.19642351923203
1.12945193301597	0.533933130361748
1.08117400155169	0.577325404561717
2.56098365307588	1.48997693829259
1.07375864541013	0.576610132320172
2.48941280244834	1.87885860656006
2.80195100710037	1.76754027355949
1.31040755450802	0.567793004590796
-0.323262123993069	0.0802314869089757
0.554661503686688	0.246395486759157
0.868616799202394	0.485352625796577
1.14600493768333	0.550679065224916
-0.0318907411278532	0.00898739411486295
1.65239727675012	1.03468940761737
1.61553406980963	0.811254507951557
3.43652865568349	1.6582101694691
1.52372085337223	1.02964116027211
2.13312371915526	2.64028592125727
1.53463094522352	1.03990301113984
1.30269380415604	0.782944125012814
1.46489455379971	1.05856170602766
1.15659708317753	0.563662411517075
-0.366829849844997	0.138029327928836
0.450710760240909	0.154679725536126
-0.394705958972094	0.149263777128221
0.123533563351259	0.0399590363048431
1.7486580095241	1.92420037013288
1.66346880148747	1.47742036458424
2.98367720426982	2.07846875806825
3.32248538245066	2.66927678184185
2.2495199592592	2.18609435800535
1.60036945678109	1.48242982149174
2.49943812975877	1.89743958612653
0.845894492195785	0.422986652094158
1.09852335774633	0.58396226036964
2.53958641817754	2.4202934457939
1.64216290789233	1.01215110875928
0.788666128876317	0.363495664180777
0.0830330950537802	0.0273152715263391
2.003439064311	0.904317302889556
1.59518056851117	1.37897167053615
2.39463228763957	2.14109049702826
2.83902463060761	2.51616975188604
2.5843776311815	2.51308143341982
2.95800921789442	2.03153856994799
0.612868628006882	0.305291740171771
-0.402473552172693	0.151738496454949
2.30266841014004	1.19642351923203
-1.16329695906725	0.395576304534165
0.497332971839962	0.196101968926219
2.98769599759091	2.79625675040116
0.652159922387695	0.354357071678071
2.06024668232829	1.56389752547586
0.61196773163814	0.309475603509033
1.45444607574136	1.04648688891986
2.40671720477879	2.88208149024767
1.11050808971517	0.779489129024138
0.599370533072737	0.291708024364189
1.83808161002913	1.02383765557282
1.15224186187344	0.358935209934184
1.41032639837146	0.774579647866573
1.45440139728403	1.5559469824134
4.56840566444719	3.26543798884702
3.43823356696493	1.62843601559653
2.07823739487387	1.28413108628622
0.353426847821445	0.148019485679583
2.32059483267966	1.19253828972351
-0.64952996182499	0.233975572725277
0.475560001358425	0.164579254956042
2.5827029666934	0.95444482507333
3.00163672441737	2.06212016946317
3.9717892151763	2.31140447614342
1.87485665282404	1.08409849393683
1.75140292698135	1.79836005344497
1.07117103273743	0.683908924243197
0.96223469394185	0.669969817113709
1.14587269276834	0.55003575727462
0.829148198758855	0.426140726327614
1.87564071978678	1.0430595325402
2.10460190472556	1.31299446474536
2.56968724266386	1.47176822617245
1.87235326433565	1.03501028311288
1.28828031171509	0.847600540029141
2.77932398698815	1.78591308132808
-0.0359374609872909	0.00968916245985552
1.63285596854307	1.02272737898663
1.16470506272688	0.561920823071995
1.64956902881442	0.627538586047757
3.74766454481472	1.97844083639306
1.6633458376031	1.3240963069582
1.42613648638894	0.77370962366842
1.81045946197748	0.578570674290805
2.7712205356105	1.75236126583843
3.44371153517053	1.67619063326831
-0.307346293083227	0.130228563289797
0.484441967858216	0.165686129366764
0.8083971584688	0.38266466497726
0.128995831802756	0.0414549692138328
2.66740374466376	2.22453207137743
2.75454929941905	1.72583626182616
1.85229068898984	1.28096593565397
1.73573755374378	1.60460874156211
3.13312281813124	3.17746358715775
1.85753522036821	1.05023842698699
1.13969028029589	0.542814379380997
0.494663825071411	0.194477976434885
1.82464797263253	1.23266850008141
1.4007402484647	0.777232432051735
2.99189594419831	2.04187712858304
1.85583511564272	1.25405970748718
-0.334637994522283	0.0823107846793868
0.435365930825676	0.143532606190794
1.81256361946551	0.57834251056048
-0.0428047713823436	0.0113923918533766
2.58039599621734	0.941752296283537
4.73218122902985	3.60892818797944
3.631268725298	3.33776756399571
1.47854722612254	1.29584340205563
1.66405326517456	2.01208616596315
2.99957352311438	2.85228585348993
1.99113106496253	1.91195680024829
1.80622275250507	1.73535840378455
1.74555746028482	1.29753832008192
1.41180026342999	0.784014581144396
2.09428850062842	1.33133041518765
1.15224186187344	0.358935209934184
1.64233305827649	0.618571649232213
4.38215677378364	2.97870816395327
2.31816119057749	1.21061446075152
0.825457732441887	0.386383297945063
1.61281788268059	0.807632704794111
2.0485100417293	1.55548174039166
1.4149243254129	0.775854093311413
2.08935505848502	1.31352516211658
2.02665437623468	0.894794524411736
-0.00214517875284632	0.000380500091128385
3.1563365063945	2.34928517912217
2.08381694813137	1.86899905448741
2.47866670674611	1.85669208815114
2.1012831779618	1.31423542663125
1.11214814100612	0.769184117652339
2.31822793521056	1.58890784710222
1.07014103083279	0.55950075935641
1.41826918862592	0.778005800254908
2.24399135110218	2.19171156653616
1.80257090449194	2.09365301599849
1.07043622886496	0.581815859269056
2.06308454717835	1.79126310521279
1.51771501564031	1.01617138388105
1.15437603131723	0.550864867148768
1.46064733051309	1.16298216151821
4.55685584054468	3.29498521470563
2.01507650893365	0.908799355873569
1.05327008347008	0.622224116284542
2.31758464717512	1.17823157352
1.85173602792605	1.28148355802486
3.4044804525136	3.90961038762789
4.56262240285969	3.28655995019688
2.14751684699478	2.74613244234155
2.29437083436083	3.28576611625117
2.87426959065096	3.77993493921628
0.910352221473324	0.566177056384282
1.18378652750975	0.989528710843653
2.40858594298783	2.48583833034873
1.94317419430224	2.38341341988772
1.81828680364583	1.71328086442905
1.62734369251725	1.51415405024049
2.0577257290488	1.82072405040724
2.56442081734112	1.49863630620331
1.61290031837313	0.818448265581659
1.72142654560955	1.27341736558012
2.5098517697555	1.88670457220304
4.20270480371622	2.60159541861066
3.43108543808854	1.63475119955058
1.08549985820423	0.576480407186781
1.41262447063536	0.783639817903475
2.0056538942966	0.90131241581799
3.14180823071003	2.33053091143624
1.09393488487727	0.587279405175123
1.47402809919273	1.05236267171726
2.24801569221317	1.81671693666859
0.497969305233068	0.196839250851521
2.7656216909911	1.73787599175762
0.0198686059154855	0.00663809127619166
1.62160877051443	0.823923607148601
4.37904644580961	2.93488102114339
1.61577752936987	0.97951577891618
2.29473675652745	1.57902969716363
3.00291502007193	2.80390117315012
0.945502239418716	0.339849482937852
2.38509140484392	2.47076149629449
3.2953344249857	3.56253851034385
3.44542467887705	1.60699747927669
2.47890579527143	1.82303427194785
1.03683208540413	0.800308892899308
1.27132969431483	0.904829521371921
1.67534482395858	1.34539439816707
2.30542980935331	1.17833170212861
1.5929378344694	0.792979351257712
-0.375562995384722	0.121435971928447
2.32787379031398	1.16542142108727
3.44572997674484	1.64515659806724
1.84066853764599	1.01225562218204
2.51072978248097	2.83124248872965
3.29719152019356	3.63534428433795
1.79312487820533	1.74982314353248
1.66314476007914	1.35954666763179
2.68166980744721	3.20933784196487
3.16189868122105	2.38797219333144
-0.295905103612772	0.122669437901776
0.797169059610181	0.400538393675514
2.10404939722576	1.30322087081766
2.31235454503344	1.59826403652722
2.30693354310108	1.58894131577494
2.77431924179802	1.73238147861512
1.59208633352567	0.789740119695169
2.01141883635192	1.48347804538487
1.06718173281083	0.570199617362808
1.5381453561371	1.04803599924269
1.72508349137805	1.28910455626855
0.469272070923012	0.15940576857475
3.28143864496099	3.52135209270761
1.15523976799328	0.553512831362858
2.32025128382858	1.5962486640692
1.46853740233182	1.05250199928487
2.23165008188728	1.85626124018177
1.07379901498147	0.639629958964205
1.69587906510851	1.22748104176173
1.82306042015253	1.61155344785645
1.86107127627097	1.28775659759055
2.06040695547141	1.80371604105125
2.39571815786287	2.12906525435908
1.06542600159155	0.617137436871002
1.59099940288632	0.789553393196
1.31688936291046	0.789441627545658
1.84937517416377	1.04615865124347
1.92697873763837	1.58735950051924
1.55054933709309	1.05362250680762
2.21978015610531	2.16629530706776
2.376139513632	2.4727376999682
1.71616810260278	1.26275812046296
5.12607266797681	4.62844108644492
1.06747308859533	0.679044881833647
2.37530942547796	2.45905408489716
2.05365780269796	1.55592503762789
1.51642820632171	1.00114815608512
1.44711031520162	1.13451740858825
1.67077733800467	1.33713386207195
0.161930465396243	0.0726680891014191
1.62122478406078	0.812213201024747
1.6653960140699	1.31824564304448
1.70951883965749	1.25951020674829
3.16963001261673	2.3546438488051
1.32029674049902	0.563822481159023
1.63714305419071	0.61689256725706
4.72164918271087	3.58048546423117
2.5510832941741	1.47510558560549
1.71396160753646	1.27989027835721
2.30325361239839	1.18066465971766
2.4093087148422	2.15219344780681
2.14258879233172	2.23383579203041
0.471165733369126	0.160581735569019
0.0517911727027344	0.0225493298236329
0.627241849568043	0.309241174426409
0.538857844558431	0.241104341669491
1.85340574811927	1.02696417850383
1.64001786441139	1.44506769590703
2.09492339286401	1.34882181072262
1.93884805442571	2.00198982189874
1.86973142039484	1.05858039916493
3.65249033972673	4.65206361959412
1.10048857617034	0.775468392113091
1.29887771744066	0.568137783526693
2.57046039920441	1.49801167502871
2.84583727699544	2.52412867404219
0.53084901530787	0.234223854496207
2.24533756313176	1.83450599325471
3.14022299664698	3.20259475040523
0.567449021782784	0.246404766694505
0.939990685706229	0.339610739800664
1.63055864085233	1.01527479929855
0.953648574223852	0.341258450306898
3.65776454291701	3.3628771184358
1.85360996615418	1.25588176989833
0.189597058413589	0.0936653685310382
1.07516110793529	0.624252767731008
1.06765822756064	0.574605963106228
0.523871628780924	0.224209233215997
2.63340675486862	3.11640380858329
1.3960696013655	0.768164883305663
1.84390813385019	1.23728307985928
1.25201126078696	0.80264833548442
1.13178456848332	0.86903466059984
2.55305891628233	2.48531327354398
1.958207467297	1.80759409436119
2.02058383053804	0.913020231521983
1.14776316043758	0.553531410467616
2.98956267279208	2.07818087342825
4.1904717242452	2.60943292847499
0.476746483570221	0.163653018885719
1.15989880863725	0.558525705835394
2.27754001144531	2.54885648230992
1.84244162264603	1.25932615433934
1.6100217193988	0.820856254492216
0.820820959485424	0.415082963965085
1.3055951518881	0.774706296506909
2.296006386758	1.58388829211689
2.67017143377056	2.19688285289868
1.07233798981668	0.617664155548707
2.65290354386608	2.15948534051709
1.32840978439432	0.801446738411467
1.63426515218166	1.01193450805069
2.31401604904763	1.19388560818143
3.67889463484147	6.23967957062795
3.00190384501222	2.88001873687446
2.10920918229357	1.33756423744806
3.74527941797716	1.98684521183978
1.80347025012424	1.5710853998286
2.39160423119373	2.13929086110401
1.63887546360204	1.02166618563
3.43622658713387	1.65895261894807
2.57180027463651	1.45761584927976
2.02475380112723	1.49561780505494
0.232792565791721	0.0863444049114738
1.1400403013668	0.353386655811455
1.91840385384681	1.55540956645307
2.97641276729386	3.48154160150462
2.29537448019024	2.97270638204495
2.23604647817092	1.83571050551296
3.32925044072001	2.70464532736417
2.29913178004905	1.18284764464605
2.55421229831816	1.47965447556991
3.4440161917238	1.64474585229139
1.86173409698936	1.04245291806517
2.30472472594129	1.1794437176518
-1.45949126207084	0.555410853392289
0.204449683339827	0.0751137776841895
1.48891014341275	1.19319253019522
3.73786491162249	2.01245103597413
1.65295288054042	1.02703861070027
3.31782931639793	2.65068518144427
3.75038952483545	1.9153120530891
2.79265830919101	1.74887839511611
2.7692543073591	1.76044171960393
3.73285043233658	1.98116726691183
3.73990509096128	2.00551060758524
1.25912390529954	0.82840560521591
2.02091505785162	0.912255878143907
3.43138577272834	1.63403113588099
2.2936470084521	1.17994092221441
2.65974944724536	2.18598189109226
2.04913603347006	1.57618550489985
3.43652865568349	1.6582101694691
3.71955612444413	1.95697462182563
2.74615621553477	1.69575458465243
4.18329497067583	2.65018169404085
2.0236041875055	0.905052726321037
2.57066000659288	0.949369245848186
2.30302010441829	1.19630270244243
2.78755547174297	1.77656511984412
1.6392589264181	0.627523522545358
2.02522903252792	0.896437156313701
1.41022786892118	0.791353235958139
2.06339667621458	1.2567876831405
0.796746272593368	0.361425782724135
3.97996309256972	2.30819692162536
1.61853447618608	0.986897562133798
1.15727261407567	0.35899800278529
1.58759226042888	0.773901160182716
3.44891088252907	1.65655944931031
1.87244196400789	1.25485190855119
3.07625684166309	1.31471095169835
3.96673752968538	2.30317454746481
3.07191541302791	1.30060988602716
2.00183784492713	0.905539797049623
1.13632149957436	0.350693702520287
2.66034344216076	2.17747319504746
1.61370869514637	0.974903765664356
2.55573268854582	1.46940921769483
1.45874715801062	1.0432750232336
1.13380982166716	0.548008852948275
2.5847753763123	0.951434056294316
-0.0393380181516177	0.0106022122303944
2.42096289145953	2.12564767488554
0.109163365306336	0.0353723384603719
2.04404884195298	1.53779972650683
3.7996642941434	3.68956287654641
1.60001451097923	0.795888153424999
3.72484760623082	1.98748619153233
1.65695250422108	0.626785212871931
3.1572520952748	2.35270430388591
2.01113205441839	0.917539301536541
2.04950684315611	1.54549838092929
1.64176938163975	1.03430661719322
1.59802891989412	0.791797777618534
2.57066000659288	0.949369245848186
1.61341950195876	0.812934174888886
2.28791491461939	1.57968644825965
1.8456479655827	1.02799230765561
1.86492265125389	1.05109780104347
1.29023257364019	0.860878028867696
2.30526676901516	1.60890421115631
2.29329418887124	1.18005586470581
3.74118587579236	1.94595737087696
2.02426863885185	0.904008077144324
1.07277414849602	0.574661517208899
2.08885477676872	1.34775526430465
2.28587067821846	1.59731199435183
3.80717707289381	3.75132108840652
3.47500093465532	2.96774665703986
3.14437343709835	3.20014062643369
1.62797329210941	1.42346286336341
4.71572760148043	3.59685449082374
2.27731685887342	1.56171433132199
2.0035366643135	0.890966442211705
2.78090623769772	1.73776947598698
2.79308329735544	1.78273337554263
3.1332344484874	2.31510190223926
2.98035205667162	2.07538283619549
0.831109099015723	0.340595772782687
1.85777070496618	1.04337866317905
2.28788183995457	1.574997842544
4.5537134042029	3.27368196347263
4.53092895145908	3.17478642970619
3.43422193480066	1.63669384166705
1.53269303651273	1.01878566374323
1.62403493465061	0.987532097477069
1.54536860120402	1.05006802606216
2.56021186521006	1.47855098181491
1.618211767573	0.832082432091986
2.09437261129269	1.32594529177234
2.00923609517584	0.916358594417167
1.85928756907992	1.27537450445454
4.37487937495461	2.93489815976427
2.30815386597796	1.19935534798675
2.30507720749545	1.19731082121008
2.24074483397145	1.83589982322168
2.56796160237858	1.49633400284811
3.50319271427325	2.98482058025339
2.28298799116346	1.56410383204097
1.8774874610759	1.28388258664436
1.46871685150355	1.09085713161648
2.27510631692799	2.55515613687622
2.10840631839107	1.34629336154418
3.12328197213831	3.21121830287227
3.6555539647945	3.36304723175551
3.76059168436849	3.57542951719885
2.40464233915746	2.16164170975654
3.44139163272599	1.65421730138556
