x	y
0.695577446805718	0.502453615619796
-0.817948266047796	0.468484092732073
0.296215892282669	0.137032793446374
0.338112878448771	0.141821088719015
0.14647565255424	0.0596563194409768
0.314676452622725	0.161701407361483
-0.5783884037469	0.237748539356044
0.499698791395835	0.198402703433978
0.86631286266747	0.491342262920711
-1.23917812195023	0.604056582810968
-0.311486106368185	0.132334651458175
0.537911083524661	0.236303669357949
1.73959119985779	1.76716047877061
0.538857844558431	0.241104341669491
0.158210197688921	0.0644168045810318
-0.442141826388462	0.204000830053729
1.15440288282899	0.570387296916283
0.827464747940013	0.421889489309524
0.674984050127956	0.372329276031504
0.342126438404571	0.140892908067801
0.544933525354497	0.240035610513637
-0.202401648127356	0.0997776759842544
1.84692183472711	1.2155975794116
-0.183310908207178	0.0697800761612495
-0.386873856633301	0.149345032875685
0.529840561850887	0.233840374415109
-0.666772304938067	0.243013271503446
4.56209212345806	3.26117963999808
-0.664470251108374	0.240096663844206
0.186799791017854	0.0832106173209456
1.16140467405243	0.557635942791397
-1.26403709135261	0.614301831836148
1.29970294573681	0.558501468033368
0.598872681516136	0.294065127742878
-0.575898367263885	0.231486185220492
0.938062948222777	0.340428430013029
0.939988609255082	0.335834121484127
-1.0817650704374	0.489209144105754
1.14995929943828	0.359644120216764
-0.382630588333504	0.122511861567354
0.936872049107794	0.338054366423753
0.126484193825445	0.0408319373317654
2.06688000066452	1.81741121243712
-1.23921266158917	0.589262648468836
-0.174491540655688	0.0669615791581642
-0.387139285139556	0.147814196721118
1.0599180353964	0.628314863504035
1.64440170754647	0.635367436399987
0.145564606675602	0.0597883191642775
0.694540343475603	0.391253504908198
0.349505202748541	0.147348283361544
0.122908138887359	0.0390918509083662
0.449033107715212	0.214201387362448
0.0182021059952168	0.00625259934695852
2.04294926228746	1.54089650122577
3.15902710407567	2.37818207430977
2.29649100286165	1.58565785751488
1.41826918862592	0.778005800254908
0.499747174899533	0.19479255437843
0.788672464126263	0.357286409327942
0.60418494149834	0.294877056476208
2.49950980032617	3.11297432258165
-2.58792662580816	0.864420955691165
0.809191258591044	0.375643740088364
2.3060923745818	1.17963965804492
0.925746830821181	0.336341996047548
0.380220335111381	0.0881615126503493
0.44515396789369	0.128009718182639
0.380220335111381	0.0881615126503493
-0.327566199101949	0.0805649382219874
-0.376791147597663	0.14571723863861
0.223430495484794	0.082663181711295
-0.021472760417631	0.00646265874018739
0.381939954112183	0.0885630978825824
0.863225363269656	0.494582336057699
0.857629217045317	0.474460663148011
0.816133750793887	0.37713527052289
2.54702619286224	1.45626434175488
0.318252785700761	0.133216811340071
1.42637919902974	0.794030301152127
0.467549006141135	0.161188456679526
-0.546032817192709	0.265650615188944
0.812203679255373	0.420963385824613
-0.391576994944686	0.122860401956003
0.825294275614535	0.454439193745087
-0.169264852915389	0.0652579597890365
0.381939954112183	0.0885630978825824
0.813331907076348	0.370311112763447
1.07270377625461	0.577210788564985
-0.384548442715521	0.122897807723434
0.793895395682332	0.359707174871478
0.478831109466061	0.163927156744994
-0.0444539814381336	0.0119045916507196
-2.01846016665782	0.979764059105689
2.01540673585469	0.923787604582237
-2.11457542201993	0.632270703085136
-0.389174850910964	0.126288919434083
0.442996854676574	0.125574990238646
0.439450986635441	0.126147307935794
0.869263199640464	0.498745460533019
1.64722382977687	1.02244902914417
3.44169544984981	1.65349226807068
1.29180695099646	0.548809549436095
3.49635811039579	3.0483780536934
0.247405884988867	0.0885962349929548
0.813815816429334	0.376797122015105
0.829517355123041	0.334264672140666
2.27554726110919	1.54205210265212
1.14995929943828	0.359644120216764
0.502753298229144	0.197929495400242
0.790973272196033	0.362495186067458
-1.68036384915901	0.710935009132698
0.231845530087428	0.0869886000721084
-0.0288626870649497	0.00820000466987386
0.206036748320874	0.0731851770641798
-1.16837665212182	0.407051409037973
0.469272070923012	0.15940576857475
0.517661115579036	0.227078389598927
0.421836833841941	0.220758431422862
0.512766803203653	0.19510709114847
0.491654125952899	0.192514152150037
0.0292791121309792	0.0108762576161469
-0.64840491693026	0.335855329357116
0.462779244818401	0.264813712552281
1.86009937109169	1.05865588926413
1.29353377788534	0.767382169007667
1.6517151348978	1.03231541922196
3.14602965514501	2.32555718610942
2.06897211322141	1.2799766445807
-1.45319382393629	0.571863884400649
0.115278364336005	0.0373594789095735
1.60775629869942	0.809945943353373
0.469981724433238	0.159429371121851
0.464626427856318	0.159756215470171
-3.24401486805702	1.30306765327258
0.825612521197952	0.341432694879243
-0.390181221285334	0.125143916552518
1.06250100505052	0.55985085983593
2.30507720749545	1.19731082121008
-0.798989269292726	0.237086792656774
-0.554351386056726	0.265113504818
-0.731559062023136	0.333570018717962
3.42908906027034	1.63600040380876
0.856176363084216	0.356056417957548
0.476684327586483	0.15966815657276
0.947840778399325	0.34412338927013
0.831886758031541	0.343619155444981
0.946120618380072	0.344668852346196
-0.326086336851824	0.0802709064148997
1.06719302045986	0.567649630126407
1.59896083162352	0.805975570685554
2.0035366643135	0.890966442211705
0.926822466092896	0.338094740953324
0.124431569831854	0.039551757959044
0.0946484387380747	0.0306191420466565
-1.41258048711295	0.392583212481328
0.851671672071405	0.347739109595473
0.426642361438216	0.121417604811203
-0.0498671805121394	0.013087551895603
0.318224733162917	0.132811958337228
1.62072142597783	0.829627764674628
0.386804340501861	0.0890870371925953
0.8170515706425	0.328916534246741
-1.41258048711295	0.392583212481328
-0.0295610216470226	0.00841923783770376
1.15728241410937	0.352515563851567
1.06718689032621	0.624927548022859
3.45389116247129	1.56217730059387
-0.0473312811140323	0.0124436342142389
1.81256361946551	0.57834251056048
0.924635865825665	0.33105713336917
4.19806120838637	2.59145475914193
0.172233500205369	0.0697693444749441
0.794359264128367	0.364237604843912
-0.809864789800853	0.240720485251289
0.439450986635441	0.126147307935794
1.13976881409061	0.353470691301919
-0.338187610441551	0.0828220139637751
-1.16215021976043	0.402036390268638
-0.394774589280756	0.127119924033656
-0.330839191885319	0.0810158018596848
-0.381746209692436	0.120180703756353
-2.12405038734904	0.637549783253442
-2.60934350864501	0.851799232324918
-0.901645088427807	0.369239751034664
0.452366960240156	0.129014774531037
-2.59746896280767	0.856847653258548
1.32029674049902	0.563822481159023
0.550083644322697	0.241076091810393
-2.95670313229087	1.0799832472719
1.6380147533305	0.630239685678764
1.80577814402211	0.579897169515412
-0.34328080823096	0.0826394888061287
1.29887771744066	0.568137783526693
-0.388231026412499	0.123694882164994
3.07926967573396	1.29774028538104
-3.66875986481832	1.69765387828448
1.31185224408202	0.573723422401825
0.468844171066365	0.161561373222251
-2.12755727202608	0.636162768540828
1.14131431881911	0.355152076536781
2.086415629004	1.30883166852143
1.2957883078859	0.564787193927704
1.15197220708405	0.359022029649851
-1.41861533435082	0.392208760255697
-0.000922108327876561	0.000100866169712734
2.30507720749545	1.19731082121008
-1.41151445005737	0.392781075624489
-2.9540630304766	1.0929499144108
1.81256361946551	0.57834251056048
3.44139163272599	1.65421730138556
-1.41258048711295	0.392583212481328
1.81256361946551	0.57834251056048
0.925593614043723	0.335701156624668
-0.0275616124359281	0.00792257020973791
0.380220335111381	0.0881615126503493
1.80577814402211	0.579897169515412
0.114467459726941	0.0374168849206763
0.43975029804436	0.126166462053824
0.388856236225614	0.0893513438012124
1.30534863626412	0.78892477011031
-2.59010690959944	0.863676284132476
0.441297125214957	0.126926364329448
-0.037229770092943	0.0101638140400359
2.57757744392236	0.957433505286922
3.0813141475216	1.31594402364979
-1.15675679409825	0.398189095706627
-0.32103307202361	0.079007025149334
-2.97680548835302	1.04954093543767
0.385075707641674	0.0886838975959519
1.61290031837313	0.818448265581659
-0.388874538752129	0.125578914390253
-1.41861533435082	0.392208760255697
-0.378445280897942	0.122388918017083
0.433805550955191	0.125899356402515
1.3224437868472	0.785948703092277
1.07289586814004	0.566267385581337
0.481994972568043	0.163296581694503
0.539839096366183	0.238859893224841
-0.325496088733371	0.0796803271427964
-0.391516622867201	0.125477100605125
0.944745034979406	0.337789806366381
1.30266856875786	0.569776086271543
0.871166567261429	0.49357724997863
0.936066970782149	0.340641495091394
0.0917075018635401	0.0300781878709595
0.444634643362573	0.127016926089113
1.63316712122693	0.622177018385784
2.30685668830628	1.18939341039644
-0.652050667522919	0.238772256700657
0.129376114080453	0.0410065090465042
0.166581843686396	0.0673397480937937
0.375148585660825	0.0867251084402434
2.01225247399042	0.892222393938206
0.47847747897998	0.161640133702048
0.126484193825445	0.0408319373317654
0.31924219005988	0.13622433647714
-0.399581897952753	0.128989366910308
-1.43315273272459	0.552735525011202
0.682635798759109	0.375085901462978
0.129807059595018	0.0414384331158485
0.486892817250097	0.163683085240961
0.452366960240156	0.129014774531037
0.432316457341244	0.12480155231866
-0.319004015513152	0.078546017662404
2.57066000659288	0.949369245848186
2.29329418887124	1.18005586470581
0.949205425894075	0.342140036316259
3.42908906027034	1.63600040380876
2.01113205441839	0.917539301536541
1.15197220708405	0.359022029649851
-1.18122425098728	0.39999145970592
0.487599515131596	0.188382111867335
1.4090376835057	0.781986785878742
-1.16096363094197	0.401944501379568
1.14496257201798	0.35509824568904
0.510697771446257	0.193972104696197
3.07394835948079	1.31896016410163
1.29669747052123	0.56160372479477
-0.318733942823603	0.0784860044620643
-0.0459217426798082	0.0121188464838279
0.945831360339598	0.344958840724124
-0.393445326589083	0.12722699043159
-0.663656955190619	0.246003354070923
1.15956929141115	0.353848797342269
0.450357276379642	0.128882961127995
0.844544856932252	0.357658322288369
1.14633107034946	0.350033453802162
0.425156121978644	0.122416396667889
2.58039599621734	0.941752296283537
-0.40270838764842	0.130652585899306
-1.18122425098728	0.39999145970592
-0.0329258975039747	0.00919345456564698
-0.144618802022195	0.0491088260669201
-1.46909681516455	0.564782854629917
2.30507720749545	1.19731082121008
-1.438682487919	0.554847948067096
2.28134641911907	1.54813019870208
0.934573766617389	0.342610988823692
-0.884909538778598	0.361267680343823
0.436097412031641	0.126050626741564
1.61244626717653	0.796707474657398
-0.381192533949242	0.123695282248744
1.31616193600528	0.586796808071362
0.231346781581939	0.0865594918682114
-0.329588432169323	0.081030044295638
-2.94269249920511	1.07887837307104
-0.38407351350264	0.124656511760712
1.42280759092031	0.774550329297918
2.01853983959565	0.928593142144826
1.6142530853394	0.804319201448177
-0.224891016269283	0.100637439389946
0.185592865532679	0.0739586491586807
0.63513907652737	0.382807959165081
1.59871477647905	0.804488227161507
0.0209950257815866	0.0079201900987593
2.5595526635351	1.44971462628632
0.108333130273273	0.0353723234033691
0.506093361136336	0.201385678434185
0.24058410665832	0.0877145460868545
-0.664751234176569	0.239554795410855
1.1452086838896	0.557988021345671
1.40385452860037	0.769151120862845
-2.58792662580816	0.864420955691165
-0.15550880640873	0.053184989356019
1.63621749390513	1.0154867133813
1.31132975030243	1.0490502056878
1.15701435925587	0.563277231008659
1.86888027580733	1.06507705763447
0.550645350502675	0.245254852213325
0.619976625792613	0.30527242216812
1.29558618900847	1.02382688819987
1.14995929943828	0.359644120216764
1.65057326615596	1.02853383599239
-0.653270191580759	0.339304969204072
-0.310990476509036	0.130350665385288
-0.0407566831251633	0.010889156117425
0.475797214300647	0.162485623936584
-0.676283324345938	0.249958590797286
0.528047081451885	0.235135696464609
-0.666823314705305	0.243055652717483
0.488313373396673	0.192750378741739
0.466605233943584	0.220228773695007
-0.158233561737828	0.0547150565516552
0.489470435229122	0.191856415191084
0.922252493733278	0.578924909904962
1.07461727112416	0.620602545916466
0.788195778464175	0.361259982156351
1.43348284352007	0.790208312721337
0.0226836955148889	0.00752909070308923
-0.663916542899006	0.244445405245337
0.833519944953804	0.434767649556676
2.56098365307588	1.48997693829259
1.85547039179513	1.05401638890987
1.59475491406512	0.79929845672666
0.817639549042795	0.373156024950261
-0.399162962642511	0.127627824685404
-0.31437472206414	0.1349226329005
0.443603428119999	0.125667886188542
2.57066000659288	0.949369245848186
1.31449861794699	0.570133762055824
-0.715465718923429	0.326560633112302
0.534609667713727	0.235822003641502
0.386804340501861	0.0890870371925953
0.20365149836843	0.0751400609962971
2.7713928188091	1.73388902301766
0.335651766423061	0.144298042742284
-0.157818997562064	0.0545366677850971
-0.710195038533118	0.381729251440527
1.61570605715327	0.818416657762082
0.50079254666602	0.196703933797961
-1.43315273272459	0.552735525011202
1.05954931595146	0.559599501575141
-1.43599383316359	0.555497465507665
-3.47274287589245	1.51648375272542
-0.179266967942143	0.0698157043369999
-0.377967589873659	0.121478962124554
1.52925295397526	1.02688742166828
0.00783610199611839	0.00322181272205872
0.822670013911435	0.418031526740639
0.635212792172232	0.317403244178115
0.830910955886832	0.341632685785784
1.28810649201898	0.768950698879299
1.42048444620133	0.780543644450105
1.09003610537841	0.696914811846774
-3.2476383389973	1.26652450202552
1.81275735644485	0.578334100363068
1.63972271188828	0.621063177577433
-0.798989269292726	0.237086792656774
0.484441967858216	0.165686129366764
-0.796027809725694	0.236609990316831
-2.94269249920511	1.07887837307104
-0.558196828097333	0.233390325282335
-0.558899981080086	0.236626582387679
0.115027075335212	0.0370999532398839
-0.318665768752187	0.136816462719093
0.468740614511173	0.160304172406953
2.29966479340671	1.18965422676083
1.15197220708405	0.359022029649851
0.428641319188051	0.123631933533232
0.934244469311174	0.34273476266917
-0.34328080823096	0.0826394888061287
0.102946784443991	0.033510265345031
2.56442081734112	1.49863630620331
1.63955817084745	0.627204809229306
1.15728241410937	0.352515563851567
0.832926629026176	0.346415144127333
1.65634343005719	0.613781907873448
0.465476731299277	0.160919061330141
0.813354410418493	0.370245681639236
1.87295204792382	1.04617154707053
0.845425923854282	0.347115266672146
1.28163768076951	0.851007595705821
1.14121934705782	0.544467089425962
1.06251644049939	0.629086878445419
1.16072032844074	0.563843206387813
1.30234665530092	0.558644731139611
1.65187344979575	0.63567057185485
1.64001387550127	0.631392365244923
1.64715243246245	0.638228599311507
1.64176938163975	1.03430661719322
-0.148582310254708	0.0503660781294709
0.231981228388794	0.0880942918816796
2.54861505378794	1.47297572192773
2.78769746602762	1.78825040842562
0.4224166170612	0.121607112316988
-0.803562149352311	0.239959706780035
0.452366960240156	0.129014774531037
0.541096936892618	0.240437501832663
-1.07947618814481	0.469170472314334
0.930775388686349	0.334820385943925
0.849913518246919	0.353379547196403
0.491817341349179	0.189749226841333
0.59644711760111	0.297210404913361
1.27924692540811	0.847858571761447
1.15929717085138	0.358391556930121
1.14496257201798	0.35509824568904
1.81256361946551	0.57834251056048
1.80577814402211	0.579897169515412
2.5778136971617	0.957067152435729
1.14270422844595	0.353753757992918
2.5827029666934	0.95444482507333
1.64914996960997	0.626657759006669
-0.0405755758686544	0.0107813708187787
1.63831693084645	0.629915116837088
-0.320968214320357	0.0797036181189048
-3.68438222899582	1.71169604468664
-2.12234123160274	0.637594722384862
-1.45641507196522	0.571159867497038
-0.81167592729666	0.237617957305638
1.6380147533305	0.630239685678764
-1.15141971647202	0.395208639743188
0.440994633533839	0.126907233388428
-1.45067491742464	0.561246168911418
1.07050235035077	0.570493366611358
0.53509375224642	0.234749596509572
2.57066000659288	0.949369245848186
0.469847840927984	0.162846095129154
-0.800920844225984	0.236493729089377
-1.41151445005737	0.392781075624489
-1.41151445005737	0.392781075624489
0.842576781512922	0.345501734284037
1.15499106296025	0.357626976076535
-0.031502366990205	0.00873411095697342
1.14374327887645	0.553192139615426
0.497929543807433	0.192104254756707
1.30441693871638	0.568425994751934
-0.15877254842845	0.0622108775003867
1.47527325775163	1.09637212438676
0.856545534758357	0.483987442455239
1.41862706159422	0.791688280441916
2.5778136971617	0.957067152435729
1.30963483054806	0.55456170853349
0.842576781512922	0.345501734284037
0.546287841307546	0.242694711588145
-2.60241060369975	0.854963479137724
-3.46352301092958	1.49357335764936
0.467770002581612	0.160456936980304
-0.682065395224815	0.2474400876707
0.150961466459895	0.0608159681212108
0.245527044865432	0.0911846452129301
-0.917528960196335	0.363388183146008
-0.389966719080681	0.142937384225075
0.5462531682669	0.24019244054294
0.797198169806317	0.369680265832575
-1.40006205682569	0.718700159115067
-0.802325642185219	0.23737585303853
1.32714417152371	0.575860116379347
-0.588386194109294	0.248324322157688
0.550591729012362	0.242762272002387
0.835742018558492	0.340698738657701
-3.23785651969922	1.31106301795449
-0.0241868342818753	0.00714958363691553
0.832054286379679	0.342466072651541
0.432617977883664	0.124821313391821
1.31105506795374	1.11073540096122
0.94608854276359	0.631431993445943
2.09538711041693	1.33238578428355
1.59661553166388	0.803454095850284
0.611285948219636	0.301522087561469
2.57757744392236	0.957433505286922
1.83827473814222	1.22328507627384
3.33757031244398	2.60485392450852
-0.320968214320357	0.0797036181189048
0.804517684135164	0.408878989689139
0.22967487803876	0.0864190774809456
-0.0349262065046586	0.00968328522045341
-3.225852481252	1.28741618842071
1.14629242054235	0.557593921295282
0.231914439964775	0.0843144102140006
0.490509671140286	0.190829229821834
1.64030841542017	0.628865334977506
0.110315382886347	0.0357561486203398
1.15481901666545	0.562156927499257
-1.41151445005737	0.392781075624489
0.12073133532592	0.0388479715742952
1.61062329174893	0.798931387417613
0.439450986635441	0.126147307935794
1.85058141951535	1.27176119363482
2.28214077071111	1.6080299809503
0.942749240237228	0.347582417012192
-1.41151445005737	0.392781075624489
0.497083296417943	0.195236720388417
1.85775397003027	1.05102366843947
0.930775388686349	0.334820385943925
1.85584638843709	1.26204495863902
-0.0418953037054627	0.0110108528577802
0.950929049409976	0.341619656435165
0.381939954112183	0.0885630978825824
0.442155818180683	0.128560798875464
-0.0558283572477306	0.0143309534415615
-0.456969863675677	0.204944201473985
0.476746483570221	0.163653018885719
1.3039147078919	0.564624953568431
1.24517013043312	0.881618147241162
0.500162648693434	0.197508766552558
0.834374494064933	0.344096259967968
2.29605287110668	1.18042492980729
3.43823356696493	1.62843601559653
-0.709988664224423	0.321206687354065
0.439450986635441	0.126147307935794
-0.31437472206414	0.1349226329005
-3.23785651969922	1.31106301795449
-1.41258048711295	0.392583212481328
1.60775629869942	0.809945943353373
-3.68780935615076	1.70085765658161
0.455228766715258	0.156463962310432
1.87191211353778	1.06098173889791
0.44161412189515	0.149971025522531
2.32023681938543	1.1870373540362
1.2939702501286	0.558185767177898
-0.835795573990205	0.39915194709608
0.435519862573989	0.123890263170176
0.931909172312244	0.336578865596874
0.442614073530057	0.211212964592376
1.08115448686671	0.572062995455083
0.471044749097172	0.161892116773209
-0.38563997584433	0.146416650053415
1.62229156548548	0.612287105233856
1.14834556191308	0.354625935330237
0.330581062209816	0.140619937630242
1.2957883078859	0.564787193927704
0.117817402851732	0.0384609237878857
-1.17174817938425	0.404422952036286
-0.803562149352311	0.239959706780035
3.43853636873109	1.65697509457057
-0.666845009267044	0.247728888127117
1.14995929943828	0.359644120216764
1.99825529232209	0.903941100882758
0.477641493062624	0.185047520807918
-0.802627058429818	0.237488014708874
-0.388874538752129	0.125578914390253
-1.0991797645364	0.495960502936815
0.79979197350877	0.368862459929537
0.388856236225614	0.0893513438012124
1.0597288247989	0.665312235301568
1.66122184849042	1.32754377737097
0.204449683339827	0.0751137776841895
1.64914996960997	0.626657759006669
0.932206473479573	0.338134600172556
0.811787926094276	0.378322607805547
3.06190782775183	1.28672322621522
2.01820946220312	0.913449531834958
2.78132691850219	1.75202678253973
0.132318440148753	0.0420558902561727
0.929098016380985	0.336579673091412
1.84705617416575	1.01931394855051
0.541471740007603	0.231728904760939
1.73581447357537	1.29893175501223
0.462613864293989	0.157403421412273
0.94378479794137	0.345154379632816
1.99814205790989	0.889251788641863
1.2707025122078	0.810578099361988
2.11198606588471	1.32994623048172
-1.88017858414264	0.860586940539987
0.449939748356922	0.149886509349487
-0.375562995384722	0.121435971928447
0.830922126310611	0.415118192841631
2.56442081734112	1.49863630620331
1.47212967072011	1.16108009913232
0.911280436343942	0.567788458799001
0.935315120860993	0.342858748835626
1.61287138221364	0.783007919433988
1.68998769871052	1.38569365003766
1.32714417152371	0.575860116379347
1.80577814402211	0.579897169515412
2.30605563469161	1.19052651995119
1.41909123710019	0.781578327734153
0.147100564319057	0.0601737775917109
0.56644851847318	0.250551318384147
-0.3790188941407	0.145241743441945
2.31011164015775	1.55748585011244
-0.394373032269892	0.125613951680003
0.508872390244679	0.199550729912702
2.31057175053643	1.21438601153779
1.62122478406078	0.812213201024747
1.15701435925587	0.563277231008659
1.07230967558076	0.613978273875918
1.12979629767826	0.537267051168604
1.33539108033503	0.809917016876092
0.834374494064933	0.344096259967968
4.991809464766	4.27800019801824
1.75473858413937	1.29537559192895
1.0678766258116	0.681218377086076
1.8407542617645	1.24545943751744
1.59818138038382	0.802562336743285
2.0095675014684	0.900532144413778
1.30023411711343	0.789676884725166
1.39000128665457	0.755038046293226
0.599028984082148	0.298187600940134
0.822240373988758	0.424249417847009
1.61380032238757	0.812931003394543
0.485055427091523	0.191277215605066
1.5922007113082	0.770493019351961
2.31057175053643	1.21438601153779
1.60813492294571	0.809937325392738
0.457393185402055	0.219374276787802
3.31808847749448	2.62960635447012
3.73219049548292	1.98336590805057
2.12854268557403	2.18101650311544
2.76101522428383	3.42018523400037
2.56442081734112	1.49863630620331
2.39651402844592	2.1257130675546
1.48498350779835	1.08002066719297
1.11459208453837	1.01386062724095
1.16140467405243	0.557635942791397
1.14011093502361	0.550186068080187
0.447348430706313	0.12943332898132
2.576163891338	1.42444636338424
0.329218926283391	0.141144195656621
-0.158776492724963	0.0541735888840151
1.05829649736818	0.61439048049107
0.813395065963433	0.38320970561979
0.127677675941509	0.0404244131931137
2.01616843045719	0.916690493912292
1.08911168414306	0.572219122545845
1.29644795637954	0.850377815642587
2.10311671921523	1.3351686303287
2.9641932029952	2.04565723487888
2.54555453342024	1.46468317143084
1.74335478080575	1.28450047835921
-0.79568953618047	0.234098917075123
0.797988149022317	0.363106049848993
1.74041145365327	1.30800695388354
1.29144489123998	1.01739072429429
2.31816119057749	1.21061446075152
2.69782475766822	2.76535596232122
1.6385822657495	1.01551502917981
1.27381271307666	0.824186735548718
2.06153146782124	1.57371749119281
2.66702910174987	2.18423561763928
0.115278364336005	0.0373594789095735
-0.407015457233431	0.15265533691468
0.232756793497475	0.0874619156017347
1.65463867976799	0.638533140878497
1.30728955040604	0.567607374569349
0.848312147121465	0.350237164880564
1.14769202191641	0.358267165374319
-0.895877427893124	0.36674062281961
0.41991606482478	0.119791106795049
2.56021186521006	1.47855098181491
0.158011524320566	0.0637694348824363
1.0756243003917	0.575718964797232
3.13663406008249	3.24071794769224
0.485008629411478	0.189428250626203
1.15510280746455	0.558006668389131
0.491836229511908	0.193223265774988
2.76604054755047	1.73830892918756
4.18879855589809	2.66041140315412
2.78812022005281	1.77866058288672
0.794887595091541	0.367135785583934
-0.89568990985085	0.372029018289586
-0.330531747699963	0.0809413806785777
2.0184196238344	0.8992745781927
0.675332733584281	0.369054214686988
0.644318533124272	0.387885674034132
0.818740793722822	0.332061660807029
1.46001858524804	1.27699646479188
2.04435062096307	1.51455816248308
1.42901346446755	0.770669513242637
2.67211869599663	2.20074278129223
1.85639576877929	1.27546554968603
1.08823973586491	0.576349320763273
0.442856347300599	0.127861063358963
0.547816485926286	0.243049454378465
0.381939954112183	0.0885630978825824
-0.808104289984788	0.237789564664962
0.46649175384199	0.180061390580541
1.15956929141115	0.353848797342269
1.14769202191641	0.358267165374319
0.851671672071405	0.347739109595473
0.823099287944769	0.384576605994577
1.65418185081061	0.624026267228839
2.55630822031745	1.47679306157225
0.620947898204517	0.304046661422348
1.15525449123484	0.556821499712129
1.64241170212086	0.62688254731109
0.840108209898713	0.348852453471991
0.530395649589062	0.234428276849276
2.24109349343694	2.16147099650441
0.459930977582697	0.157383456693987
1.13231182715596	0.543998988689814
-0.918650754184982	0.370072020450788
2.00183784492713	0.905539797049623
0.452687638925565	0.153506259269692
1.40468308782885	0.769044976684497
0.019997576171444	0.00769327593290772
2.09530304995478	1.31168669345686
-0.151900774088415	0.058612455166838
0.419944025080923	0.216203253947599
0.946701418920103	0.654288728537523
0.484441967858216	0.165686129366764
1.65345987298589	1.02546530628534
0.711067447365605	0.393805573614984
1.45366640494366	1.17159055584551
0.523943728753902	0.312341988291622
1.39836380545484	0.769902911650217
1.62969067725294	1.01081160476472
1.10755302747464	0.774123038019926
2.08457099568642	1.82780482013271
1.52680523636269	1.02144936418821
0.82511675540162	0.339836941509444
0.240401850486427	0.0906095356191531
0.0148867065123637	0.00515946187003849
2.01316604350963	0.917368522828072
0.442455353988481	0.128578622840416
1.64200058293244	0.630315938547516
1.83894007247557	1.24285715016339
-0.567941706902724	0.238351548879863
0.00920339324149452	0.00332095472173592
0.824201789608163	0.564667131705923
0.803283566833094	0.413049429692176
-0.832186162402815	0.404346768850089
0.843240413001186	0.344116137479106
0.859798377180411	0.354162648324175
0.452064681910022	0.127513719934741
-0.138314540491988	0.0469903108615045
-3.23192452178718	1.29041714139757
0.388856236225614	0.0893513438012124
0.501306726311874	0.194458623453776
0.498184784650351	0.193919262086125
-1.68437825825523	0.722942852086679
1.64515726384629	0.629666678633393
0.316715161453526	0.132969347064447
-2.02193590339081	0.994030661506735
0.751508931829962	0.4672523440534
0.294502382358544	0.138286670701863
1.07879249980486	0.700088675980893
1.29237708427872	1.01959553283735
1.89857163224758	1.51633211929473
0.0345140978866816	0.0131167504352232
0.864364414544165	0.495055869944151
0.874371352121873	0.483833051248998
1.14834556191308	0.354625935330237
0.858957411685107	0.349307651096379
2.27779576434185	1.56516232584102
1.85505347406077	1.05380751699817
1.66230660371619	1.00530233891651
1.31025783309965	0.570150073146488
3.96841487495481	2.27278275700127
1.64388591704086	1.01207800624632
0.124354639596481	0.039812192398049
-0.381192533949242	0.123695282248744
1.61084801072991	0.788363495029566
1.32084970790598	0.569107154593922
0.817669084095006	0.382703821238031
0.824325686511946	0.336839619346449
1.88256548708813	1.06871842753298
0.450055740208048	0.128864448965258
2.0056538942966	0.90131241581799
-0.820682152269411	0.23928261522953
-0.0326812510839524	0.00899576734300455
-1.15916830230631	0.400381516841368
3.07394835948079	1.31896016410163
0.463191578148167	0.156823194878867
-1.16063721206571	0.40176670289541
1.15659708317753	0.563662411517075
1.59331598921323	0.79297232742095
-2.11457542201993	0.632270703085136
-1.4411239129881	0.556713781177132
0.43505979296706	0.124877085131086
-3.24418281608045	1.29246903367977
0.503397986263419	0.199613469403709
1.1378990993543	0.806761270271217
0.629841331536964	0.371731501393615
0.488265801337901	0.189287260562443
0.186878356731055	0.0748964430783808
-0.10966286495365	0.0456281271606654
0.129807059595018	0.0414384331158485
0.840387459886789	0.344045347608782
-0.031648209808821	0.00878795276388616
0.799941575726376	0.370877636950093
2.11119205348439	1.32688080348562
1.09218130749651	0.715510315978191
2.64859925136482	3.04547610141166
2.12318278604656	2.1757234946091
0.706117587461311	0.390190782534819
1.2790619437052	0.820504740491577
2.98035205667162	2.07538283619549
0.525746915053954	0.228785969354672
0.0216159451612608	0.0074072630517258
0.799795095677578	0.364697366778566
0.475235329487658	0.16344047903491
0.844160932691623	0.352381434666253
1.39393848968364	0.771171306297587
1.61973443768048	0.982296410699164
2.55878804979715	1.47897301748038
1.4655329483759	1.05844876426152
0.814822673136341	0.419655882068899
1.3039147078919	0.564624953568431
-0.0241868342818753	0.00714958363691553
1.14496257201798	0.35509824568904
0.387357416083663	0.0889793030361124
3.07394835948079	1.31896016410163
-0.0390092315591206	0.0105214493978848
2.01080419021524	0.917878163437858
0.851533307373167	0.356243754739349
2.00578852996833	0.903803680087074
1.30301894417387	0.569625767707351
2.00923609517584	0.916358594417167
-1.15794029345682	0.396880218661525
0.936872049107794	0.338054366423753
0.389091380780796	0.0893837858796829
0.918199397091705	0.330106725158913
0.943456416021064	0.345278425930188
-2.11457542201993	0.632270703085136
2.58246518877188	0.954808913265067
-1.45989997523074	0.56889299920966
-0.67677162017327	0.246422175486003
-0.822817526499684	0.235547006920247
-0.388812968986394	0.124486571922593
-0.809864789800853	0.240720485251289
-2.59624396554541	0.871838624210666
0.377430138069654	0.0870207847909504
0.473357139415205	0.159400186035603
0.497083296417943	0.195236720388417
0.441297125214957	0.126926364329448
2.02598821080934	0.916547038747042
-0.0398498714794004	0.010644008571733
-2.07642041044097	0.989062209968377
0.538804943532628	0.238135045399716
-0.152348476938033	0.0525603276063068
-1.44725578707284	0.563449404759838
-0.796027809725694	0.236609990316831
2.29515686468072	1.17676795335893
1.64440170754647	0.635367436399987
4.86551260282117	3.95486436754078
-0.0318907411278532	0.00898739411486295
1.30221829517681	0.570582628106818
0.796330454092713	0.365106069971465
2.38135220693697	2.12868372435128
0.00456359943212739	0.00193543159505945
1.8732557789182	1.27295695626405
3.44371153517053	1.67619063326831
2.02155531887141	0.903820977688188
0.381939954112183	0.0885630978825824
3.06919540525571	1.3027545160526
2.30325361239839	1.18066465971766
2.30472472594129	1.1794437176518
-0.684180588022125	0.251994157644648
1.30776092853854	0.570863045784087
1.15497990448255	0.354392783816625
1.72269001459427	1.30476196688268
0.462205290552163	0.159480032978756
3.07394835948079	1.31896016410163
1.61570605715327	0.818416657762082
3.43883926978665	1.62626264110372
-0.796328054790059	0.236721981992156
-1.15619345799842	0.394711335354762
3.06892463579121	1.30354025392078
2.00877313061238	0.905895491430518
-2.13371397678132	0.633029387849393
0.44723714183476	0.125792305512435
2.57551660914786	0.96051052751055
-2.11793804739448	0.63135655885096
0.465521601708862	0.158894560644302
-0.393606179882178	0.12822577632543
1.81256361946551	0.57834251056048
-0.66613484552771	0.244471547036967
0.452366960240156	0.129014774531037
1.15499106296025	0.357626976076535
1.29317573742514	0.774083661301819
-1.45949126207084	0.555410853392289
-0.031317755054601	0.00880240620455318
-0.32103307202361	0.079007025149334
1.6071227474701	0.806660645711992
-0.320720482499863	0.137657982248255
-1.24099312474916	0.591787366028284
0.850678213762888	0.353159646859981
3.42908906027034	1.63600040380876
1.41032639837146	0.774579647866573
0.162983476702735	0.0674821152331257
-0.169233578760191	0.0579154835632162
0.488770303239245	0.192745907389549
0.838193906136065	0.564260893945764
-0.574141613675565	0.243711038423906
-0.401492087413653	0.129859982678804
0.329762727856804	0.13961397459904
2.2301779002718	2.1595060963992
0.111276182205313	0.0360943721624379
1.25713264923839	0.808043444890942
2.0883277981085	1.89409801383732
1.13755397925631	0.556369233907148
0.240401850486427	0.0906095356191531
2.485001271112	1.91568650142379
3.66054234938923	3.40232544484679
1.70763258666526	1.98480416544398
2.24348288783866	1.81441029778162
2.70053223851771	2.7789234376075
0.873041750895515	0.500255322755152
1.54218238949366	1.05076373336655
1.85810109112729	1.05237460155735
2.052325174421	1.57035305709744
2.09382704846215	1.31014919780995
2.30017350790092	1.17825551390312
2.0752985029022	1.8553203350466
2.23103579958151	1.84077200176978
3.01699026350642	2.84414747708752
2.21972130431541	2.1354734735038
2.31780410476533	1.18602186413345
1.63520750056578	1.44149341835427
2.47873467744515	1.88745859453677
1.15701051518738	0.357024714890045
1.15270367057338	0.353055808149433
1.33381034311323	0.798283743681181
-0.361318271131525	0.1365271984688
2.01649806825886	0.916361250213578
-1.66342134906277	0.705438919862823
0.389091380780796	0.0893837858796829
-1.07825391249247	0.48191415695146
-0.32103307202361	0.079007025149334
1.99324176775466	0.890214780662
0.31786532470727	0.133500916086934
1.30776092853854	0.570863045784087
2.0236041875055	0.905052726321037
1.64001387550127	0.631392365244923
2.01113205441839	0.917539301536541
-0.11004432735608	0.0467943095254366
-1.71379676921038	1.01362250031555
-1.26842910433233	0.615699049158334
1.06527895203502	0.566702586808247
0.833996061868916	0.344121202764804
0.80089440696127	0.359746265319769
-0.0326012973407515	0.00911402884026209
1.06099695851379	0.562187386945001
1.00311402664437	0.760508844778262
-0.290074931357472	0.119261714366778
0.819131529251243	0.419628059830053
0.81920829520612	0.37674705236808
0.499172323996815	0.211846791590208
0.600963339498265	0.389882964537024
0.807148211556701	0.370030070985784
0.00272943088370083	0.0013267690191899
0.183297612576409	0.0897813321607133
1.72651071566849	1.28042198002016
1.91888303145106	2.01373406389132
-0.148448308291898	0.0574256722522463
4.38359921604359	2.91356156728146
1.32156378554136	1.14472765573312
2.36894141590619	2.07363929059795
1.0253764082115	0.784450475118618
0.810083474026291	0.410020252659693
2.7696366549299	3.41559217469977
2.6750137036544	4.26392155892942
0.78894537553658	0.484459725937892
2.24250302061541	2.16087485650972
1.27368512094031	0.824637209290701
0.853591435317034	0.482607844792909
1.28963170545447	1.05448431245333
1.09522687181518	0.57485837169755
1.85936345408069	1.29572876540134
0.229579432498262	0.0837551672108279
2.2394627000953	2.20326122491049
1.33550244931364	1.30193742475908
1.06854906507974	0.61360184008767
1.44111676574246	1.52287128591892
2.28065245216388	2.5303570579598
5.48236238797804	5.65837473024033
0.820918186446782	0.375668831050373
1.63345468466211	1.01630232427528
0.100449199241875	0.0328819881779644
0.811502629030223	0.380543040481464
2.30514871972302	1.19257714880432
-0.379598142307853	0.12188829003569
0.126863380535665	0.0409162175615673
1.62199290564277	0.811592032295457
-0.384128217396998	0.122448353493845
1.53415707961009	1.03283306846813
1.31912368943691	0.572635205782319
0.845659145413086	0.347755600001697
0.226507789691332	0.0832268382426589
0.521905107095794	0.201598223194458
1.29610866370156	0.862197876528239
0.507876038708287	0.195668810328964
2.08337322409178	1.32173184975687
-0.386909019927641	0.146064154222616
-2.32454324554213	1.27558360295915
2.08656203048137	1.32852160727739
-1.24669689194528	0.604251486836366
-3.69990316810184	1.67743748002323
-0.663556284054938	0.242633124254046
-1.09883097212866	0.498111604250136
-1.07532065390536	0.482742959532808
-1.07270526600652	0.476847367688363
-0.564014125465769	0.236943937143728
-0.416819376543194	0.131581540238756
-0.138742066589038	0.064726404164583
2.26384184004068	1.53244051784118
0.168396258399037	0.0751270604632076
1.40949525255243	0.792068798850318
0.864022503453111	0.697595496998685
1.77629892544718	1.84236588003152
1.06959135788469	0.687335790620567
1.62246261739342	0.815207310011033
3.9717892151763	2.31140447614342
0.835576232591092	0.427783075078336
0.548819649420176	0.240773994661365
2.54181961300667	2.45201631784098
1.60833209980236	1.5330982486648
1.46773213040914	1.58022946158879
1.49676939417231	1.07386289287237
0.387357416083663	0.0889793030361124
2.30201423931808	1.60597008426155
1.31540214294713	0.787916726106823
1.6368247085591	1.43532368062603
0.469981724433238	0.159429371121851
2.48269870706349	1.86637825625253
1.72721697291787	1.29339284290665
1.90148172766158	1.56085788997006
2.52399198657202	2.77132412153164
2.30300338401143	1.60145373003586
2.32148827806416	2.94305159618082
0.572627474284979	0.252944252555712
3.17107192349596	2.38503144240353
4.69918773923879	3.49802763144174
0.845798548427255	0.35138026186633
0.226777175537627	0.085563504777101
0.837579001790999	0.345663088049779
1.29914103498849	0.567225566812417
0.462482764549319	0.156472543648896
2.55535036785611	1.47050899082843
0.446633383608558	0.125700161843211
2.7783109907556	1.75665915110651
1.04151458315068	0.604422554470191
1.32750207667436	0.575442239657456
0.960124669560503	0.658551898311557
0.873041750895515	0.500255322755152
3.07394835948079	1.31896016410163
2.57757744392236	0.957433505286922
3.43108543808854	1.63475119955058
2.56768465986349	1.43854474390198
2.32542894862249	1.16433356375479
0.95125997466955	0.346753414627907
0.499534486308614	0.194153979635921
-0.0381209915176829	0.0104059926179332
0.226894003465577	0.0843083271933792
1.15224186187344	0.358935209934184
3.42908906027034	1.63600040380876
1.88447995121941	1.04737813404127
-0.88757439937876	0.364237549084632
-0.575371513695387	0.23717214836995
2.3109262473615	1.19487152641038
-0.143044450678675	0.0489566253911642
0.851291656626338	0.352980585937029
0.941707785549036	0.339092658120352
-0.381463604808591	0.122973030731371
0.799039133206539	0.368263014166468
0.435004018193736	0.1261236136782
0.116215549370316	0.0371476462153571
0.813395065963433	0.38320970561979
0.8536622289229	0.36106255589765
-0.00153152007022734	0.000102629352873312
-0.910928012878983	0.372581981118911
1.44557749543295	1.14981217257879
1.0882308562321	0.693837403315385
1.64673094060376	1.43037954542345
3.4981317100095	4.08590837985134
0.0145990659666195	0.00566352250485708
0.116597487600549	0.0379615967056015
1.85063694299235	1.25768298024007
-0.00541745522689305	0.00148789560629733
0.814572949083008	0.384837969680994
2.30634755340132	1.17952586013937
1.34488923831774	1.3972580769891
2.27946175178473	2.5147815148127
-0.0265281782541497	0.00763985645704447
0.469847840927984	0.162846095129154
2.4834483579014	1.87304877106253
1.03835011136877	0.596093684126904
1.67500603801501	1.36759481005498
1.41872931894336	0.787812456711597
3.13523892226486	3.24262175371336
2.3916057091866	2.12354993849837
1.32329814111229	1.14202756432402
2.37999231622975	2.10711265891249
0.689441214226727	0.382673058503077
-0.896324300352671	0.371638254380291
-0.162149172445998	0.0613035575688357
-1.42216381198801	0.392677803121387
-1.67570510161536	0.711283793605444
-0.66036227491067	0.244098023365411
0.944423553357379	0.338732370746466
1.15090865510945	0.349514078629439
1.60901353264659	0.81660285829985
1.13502620718873	0.543629120473664
4.20193176415863	2.65080183528634
4.39805965786859	2.96403987087132
3.30848542515184	2.65702014677105
3.73422231136844	1.94171078200836
3.34254915963567	2.68105096288945
2.5687512733702	1.48043284310214
1.15929717085138	0.358391556930121
0.468621981339156	0.160893246093263
0.942749240237228	0.347582417012192
1.29463986926007	0.561361137987999
0.569742905123858	0.247455603918528
0.445144979118104	0.213917605062958
0.228496659930228	0.0850676960210852
0.129376114080453	0.0410065090465042
0.133976310578605	0.0422729165290694
0.855793074330536	0.356255162891984
0.527456586956726	0.314626381251701
0.244292633626269	0.0878175268253869
0.798669663773392	0.40689099938317
-0.671680053445389	0.24279569254594
-1.85419005406869	0.841596230005183
0.803925454476885	0.683216058179689
1.61593284062363	1.35931178367758
1.86973142039484	1.05858039916493
0.612501690292582	0.307446169767649
1.63501019398778	1.41457935631303
0.551397647733158	0.239776605327089
1.30602246558762	0.788755401385642
3.16387752277409	2.37305233030225
0.677475253525978	0.375227271611687
1.4624704250162	1.28922643648278
0.724949809072791	0.48764904594732
0.800227951379314	0.59849863036183
2.08126894853543	3.14112421850592
1.82958956895326	1.2480163070773
-0.124880258266506	0.0579825585131213
1.32582476731954	1.38766675491953
1.48577293410018	1.10170975874257
1.60596461020403	1.75957098683574
1.61775153560021	1.41322754796336
3.2777924395035	3.61620319651963
2.80975622458464	2.41241791229754
2.830838402995	6.29292747171982
2.84368090016506	5.51517477079031
2.22354367444591	2.96350984682221
1.48923400260375	1.38008968155917
1.07851058469806	0.636414623390508
2.28237676235432	2.52433687834487
2.0749603248273	2.25934002719362
1.95041178287467	2.03692668322312
1.31064061953994	1.20965662153394
2.83969085797701	2.51302330271766
3.40476471964335	3.8971316156495
2.66031704931742	2.17220251339924
2.84627356408047	3.76003886955503
0.152653072796225	0.0622083659305674
1.82136388995362	1.20267717281312
0.474650142824183	0.180245078744918
0.942749240237228	0.347582417012192
-0.0279202244673484	0.00781168668048962
-0.393606179882178	0.12822577632543
-0.376093090261544	0.14337275443201
1.38787807323016	0.756961644763833
2.67016123071109	2.23258687400266
1.90307469481311	1.5808807931413
1.31645861881632	0.790782563368162
1.30499388071013	0.561491608631064
1.55660463117028	1.0503579105513
2.49576156827813	1.87969887468123
1.15398692934479	0.562471171203382
0.507171462629044	0.198760655004595
1.15701051518738	0.357024714890045
2.02393635884699	0.919757114084648
2.57757744392236	0.957433505286922
0.849541507254532	0.35199780765153
0.81727462549828	0.424917205793249
0.477325358479602	0.161438202036589
0.55733657672396	0.244916694036158
1.08681468655953	0.610975503249434
0.6707177348653	0.399011020462971
0.235081559740355	0.0871302172528265
0.808662020468154	0.417664223406965
0.340008925211203	0.144871606607942
2.29569731320146	1.18053200269932
0.692291066829484	0.37215985706053
0.318354449251751	0.133465325081986
-0.382630588333504	0.122511861567354
0.296985002747048	0.139256451770465
0.851671672071405	0.347739109595473
0.653763991299461	0.396933516074742
-0.0288626870649497	0.00820000466987386
0.321116379164171	0.147340273145896
2.48258744566681	1.91575509445173
0.227778932501751	0.0838637619559699
-0.326086336851824	0.0802709064148997
0.823403778424243	0.418430252474848
2.55637828392485	2.47213846296203
1.07896733316829	0.694826252332414
0.920594094848497	0.583104510122286
1.55894322070392	1.41724624049012
1.33122364078305	1.3159825919834
4.41316381513933	5.64555623405157
2.2211579280051	2.14143122627343
1.07312828770544	0.693213657818618
-0.672956546804338	0.246690952239154
1.46629370114794	1.07577007408077
2.36809448402212	2.06294279871653
1.07293262541959	0.701056921688446
1.27942646939754	0.93439143077075
2.38492114507215	3.18958364272185
2.61309491920536	5.40453366950182
1.73296157887706	1.8576224712066
2.23334875782419	1.81056824343597
1.86339890691577	1.25979815786474
0.926321664798957	0.588494055656867
2.41128300524044	2.48360880441235
2.2636283336693	1.53253972452974
1.75721444811951	1.31215957345321
0.909802327037431	0.691230757459282
1.92718558872868	2.0287477943055
1.07544013013583	0.688911369394477
1.86056016095652	1.05213531820739
1.26066765945745	0.881044809226242
0.892910282993285	0.565172313486814
1.30846617834713	0.860031805215427
1.65398137597334	1.02912417258869
2.05825570638345	1.52366971516932
1.64581704031956	1.00238662137527
2.06784874088876	1.8362448864408
2.4888649057538	1.92106724198432
3.43572403153232	4.02420570621207
3.28371109322656	6.58727459089089
1.61243200036091	0.819935397731363
1.5401445291795	1.8838121958543
1.94294558376059	2.00240137203305
2.31366056412988	1.19398564468062
1.59910635811898	1.77573521320289
1.46257976242145	1.25002513465161
-0.0418805318080997	0.0112361923080978
0.612118223712432	0.302357135017572
1.71554508820255	1.28367904295277
-0.167325102190176	0.0658045209789958
4.19676721241821	2.65961889293649
2.56290184744001	1.46826469538702
2.94075010374194	2.67833966143759
0.483299803866781	0.187494510161736
1.62553702402903	0.989980384422615
1.48407142280013	1.2916841578438
1.83841754155316	1.65087618685168
-1.61834822223703	0.937179990413981
1.59226797416884	0.798253222741959
0.548341664829931	0.294843166318741
1.30060862216191	0.569542795047425
1.28039781723059	0.853231715870061
1.16030158711879	0.572035362449104
0.432316457341244	0.12480155231866
1.14496257201798	0.35509824568904
0.869845774123445	0.499358068130497
0.476635198990701	0.160804589830818
0.338112246189353	0.145011743798405
0.633160078614865	0.312320906277995
1.66873603446162	1.31827151438974
1.46189571225599	1.2752337508535
0.0843037862888767	0.0426873077076125
-0.437527998581395	0.196360264877115
1.74785447839172	1.30059401055771
-0.143015050525834	0.0546965096157909
-0.733607031715012	0.45618239643552
0.443068271902246	0.211681551802352
0.576318200757918	0.306287864150005
1.48247037865494	1.38867480136134
0.832519327765848	0.886249833546648
-0.660779670631444	0.343595340073566
0.976485398574834	0.676167382996594
1.08350886542433	0.911515298672668
1.60766981894375	1.64463635836219
0.989587358768742	0.897318323279156
1.21811021171164	1.27416021376099
1.21139078228551	1.16809929292506
0.269448998760413	0.157363094576469
0.830898328606434	0.792974413374049
1.86855987733052	2.07679776687731
1.94933759849666	3.15444783236495
1.04846925749786	1.24482633176655
1.65431119431725	2.16456731065117
2.56395990636373	2.48405330514405
1.61356348806451	1.5523096810454
0.638596208243199	0.38608193516915
0.726664639139881	0.487727838484795
2.99661504336238	3.56316113225668
1.12606154035211	1.17715642011668
1.91825493207995	2.61130268572641
1.92747690707324	2.46928491795103
2.01340037861823	3.12703921685021
1.18575979691396	1.00353102004661
2.30843211765424	3.64132193052436
1.92050487477621	2.2532993419283
1.23757160260607	1.35403394497938
1.43185695335609	1.74839978249503
1.92507595325626	1.98333765160957
1.78035483673483	2.39089796942256
1.50126189532561	2.13213258848551
1.97032654510405	3.91194332206956
1.41425127450008	1.8895543830975
1.33766157263868	1.69647924764585
2.46525487011592	5.59256406766271
2.2277191393919	3.88506880328236
1.47292475598777	1.4756032379695
0.137136180586595	0.066119018232162
0.912211951029194	0.575416721271726
0.0176350077362769	0.00604257401240884
-0.561813086654293	0.236202388998702
1.05231415675573	0.547606887941049
0.0136515577202701	0.00470680535990991
0.939659676105033	0.341045578330067
1.86672867522131	1.04978292404679
0.0222850551626269	0.00868285662195519
-0.690103306490954	0.252030632949005
1.07977141819906	0.66919582888965
1.74447862412305	1.27425214044211
2.0028270046926	2.36934386945869
3.24201889673297	4.26407839006222
2.86050792904483	2.51862631578919
1.85042322144408	1.27358430937337
0.634351071342346	0.415963880364432
0.6117290292791	0.302253561464419
1.60533669379407	2.31678181936209
1.7144171560019	1.9992789862764
1.34397327092599	1.02686322631081
2.16735171892354	3.65808980241173
1.45857099745411	1.37349339834845
2.47314203058954	3.91704929402087
1.81324286419568	2.26392254556584
3.26444932008338	3.54341597871326
2.29710121628498	3.99294750472639
1.24209718022056	1.29346570180438
3.30387657895728	5.56552566203559
2.76554938953276	5.27223283316204
1.94746911889337	2.4788544659368
1.24111259792685	1.47771792598484
1.36092316018584	1.42150944836529
2.01099336579006	3.08978856861156
1.59210732272044	1.8594164384625
2.0676836199493	2.81973756137315
0.861499567702607	0.489037583818756
0.763490182005243	0.682274794293205
1.0096203819886	0.774203320336597
1.80477570265257	1.72989659742674
1.91878370150608	2.10898913613782
1.4689616199985	1.49888365903137
1.04327180667477	0.768601669979664
1.62503255781169	1.5387177510144
1.05880883351305	0.852651056485686
0.732442763436571	0.524833703908073
0.372227623346347	0.23002372604884
0.605941224989295	0.303984874466675
0.337605011824908	0.14496941110595
0.18177624544277	0.0813347769125607
2.48801861665659	1.86270977204454
1.07521074478634	0.629656993389788
0.343643534981292	0.175454828794766
0.914489123513254	0.584801489629077
0.523629654141038	0.312377429055662
2.1358551992798	2.70558176035143
0.622169890548011	0.523437937456877
1.02219280620635	0.789163210769047
0.188721318145173	0.100278871757147
0.719712863419089	0.397759176397412
0.977104397767741	0.683496210098155
0.873553091451999	0.877100565072031
1.06542600159155	0.617137436871002
1.07439544949829	0.636984680564361
1.40399643773486	0.772722339439735
2.26507245774173	1.52193914172096
1.09265539838575	0.702916479797495
1.08130806851633	0.708468551434441
2.08852147934142	1.30696597701952
2.05070164786469	1.54548677153376
1.04196240111108	0.604045707064269
1.81633657910392	1.62863804932744
0.457050955924914	0.222297985128647
1.14559043313532	0.553948816568397
0.288534022024664	0.13348414389689
-0.171872223815777	0.0668643133599314
0.564172242387265	0.305901662269166
0.0401668783915996	0.0150493504400773
1.15152306585387	0.568183477670576
0.62540612226721	0.304104025831305
-0.0134770635917006	0.00618031477309577
1.11794382541392	0.781383287593548
0.312767250763388	0.144029300316732
1.28826504270719	1.0191618677329
-0.299868196558239	0.176767494610466
1.35611196922991	1.44184805798022
1.78648231900171	1.70301720603624
1.20973353856031	1.19215098520404
1.112658655947	0.764978406349326
-0.056484400986002	0.0259216542217208
0.69815293588282	0.542060660049436
2.0589042758806	2.30803838183532
2.01310810844265	2.74098583035626
1.58121497156575	1.82141478937557
0.540470415497883	0.334248003421522
1.46154354641738	1.37524522062898
1.02053794041358	1.03906103402498
1.07314643226934	0.897448449976279
1.57521393718997	1.69343186387393
1.17295099292264	0.911492313729889
0.853091661994172	0.583904713396242
1.67624265941728	2.01348955921433
2.22987337984136	2.97275043321662
2.54873505894525	3.19553811620687
1.65852870766507	1.31936367197378
1.21739168888486	1.24399811519533
1.33941072322813	1.34669149594356
0.978230569937247	0.688822360196303
1.10784702933403	0.797018565537725
-0.902186308522883	0.375661837227005
2.23006639491922	3.68142645323273
2.09777839191381	3.14285944564395
1.190037207333	1.08607475215509
0.465991342138967	0.319463640063033
1.60211352123372	1.76257595852891
1.33008915739069	1.55674721426942
1.1404787769906	1.15359285536636
1.26823993949095	1.35254822953451
-0.855973463836411	0.41530207303223
1.3157654410896	0.574064043173271
1.4374861840077	0.761440730927403
0.439825689146049	0.125837796508768
-1.16711272959543	0.397223041441504
-0.326086336851824	0.0802709064148997
-0.802627058429818	0.237488014708874
3.15914197575432	2.35363717567151
0.51045460862951	0.200942581529646
0.241581484329098	0.0888278935359732
0.119589850690279	0.0378498806428069
-1.8869580911324	0.878231913004582
1.65623945311134	1.02128519268793
1.27534447053438	0.918706848386008
1.46893363619099	1.04312682321051
0.464275620623467	0.159751841895367
1.41056843836135	0.786761276349826
0.128929522368958	0.0410775743001175
0.33405851815603	0.141499777662598
-0.306686960789653	0.131841679489688
0.926545566423993	0.57813426539499
1.47181628736455	1.28810441818504
2.08789254181419	1.84443831869786
2.01445976664793	2.42697183552509
1.99997309733079	2.40009204836994
1.30231699363544	1.02336858234953
2.22362448571831	1.8407259734538
1.47293629662776	1.28505224853201
5.39884831902564	5.4365682399905
1.14289919268496	0.885198187796376
1.76088399823033	2.75613892288519
3.29550793306748	3.56189179210716
3.07189450624488	6.08910523514388
0.928174092503075	0.871664193615934
2.02090545791722	3.33693390739631
0.126843155950357	0.0617608523531751
1.47545743049804	1.28522107098352
1.20621633319381	1.10011355974063
0.601492062457249	0.429180946985425
1.25811051135064	0.906660409492171
1.74955757837695	1.9183278303945
-0.31437472206414	0.1349226329005
1.34458178210241	1.24258349036004
2.29822828286703	2.54447470514972
1.62122370899887	1.40654234182397
1.33881077457519	1.14672363686204
1.66466913780325	1.35494218676603
1.24253018232762	1.14921350715822
0.443410567562046	0.252115849016362
1.55315869707639	1.03856669412499
0.305427535004467	0.156332952316668
0.80643836146993	0.375927012555942
-0.847247882266044	0.417810881431818
0.819524214134814	0.375997041033967
0.951114441093635	0.774200548902567
0.129360727213851	0.0732505992321904
0.735218821032687	0.47090591036248
1.2629558533794	0.899778778470442
0.61031903917753	0.302152894902924
0.855759994320452	0.494698241300249
-0.855856565899199	0.597018381628297
0.717207620651463	0.481005333372359
1.07206764752089	0.567270965481906
1.28375591220862	0.917851540455126
0.611902401090033	0.395062352415348
0.861256100857346	0.693967698911481
0.980073324726655	0.673094829554527
1.00832135642062	0.767653789805271
0.20073896719461	0.160988715196482
0.434119559203801	0.310238688086433
1.63416731034368	1.54735484745435
0.720557073365392	0.482903898293854
1.63476667381617	1.00189017746127
1.53142567137712	1.0401263140533
1.453599819717	1.23724790178613
2.10000623419627	1.86426284106744
1.63554163363697	1.44850547704618
2.50167071796423	2.76889019204966
0.918103767285425	0.572773859101614
1.61182819772234	1.39844169411105
0.351536824116283	0.15022127181589
1.66004745015369	1.0102589737535
0.554305770749451	0.328318174598959
2.22417685676667	2.13228502318092
1.74729616725362	1.29868417758619
0.879753211042463	0.741762369575621
1.85987600247368	2.85813269610574
1.10850907182588	1.02532944241054
0.781515850386423	0.479453917568601
1.30097838841284	0.931865841270196
0.206364886815285	0.102623355886258
0.732168499761098	0.494660176343709
0.607760040906072	0.391103503486158
0.90165967803858	0.824872788649071
0.552250352687629	0.391569153305168
0.0781991824002703	0.049445642088623
0.359158187870939	0.233658490654465
1.61873405755643	2.22538903053731
1.69063114484223	2.78552951062097
1.34385443466967	1.66554136878156
0.429548712860839	0.228227365454548
0.526584873528498	0.505009722484905
1.68568240622537	3.15567420996476
0.350778472083077	0.210083062302307
1.53648098222512	2.57103626483102
0.530937246405183	0.49258919941937
1.74703834460566	3.59204093094579
2.20923829050535	2.64233937751129
0.435108136093631	0.387624952800322
1.85445763615726	3.42281401000844
1.92282470879304	2.32477424530522
1.95097002909515	1.98142054900599
2.311352652973	4.45214165950984
2.02280788493263	3.6083598215083
2.06941297489018	3.37172348419436
1.22601672940367	1.49700388884031
1.89550979950497	2.12339511148311
2.16434788146696	3.09167038437254
2.84386920877381	3.07287388379848
2.12208646090262	2.97892405036689
0.920131767601995	0.85357822535681
0.427406226860291	0.247122214476001
1.23094276609941	1.65586795929827
1.94055619426372	3.84538256938458
1.774491029406	2.74106825733481
2.78301811605408	5.86652691507311
2.26285594566107	4.4795307720013
1.9734350685809	3.12671409916244
1.15034470955699	1.38520756325467
0.433515785518042	0.230561684601483
-0.280891092569385	0.147122027834825
0.537821872738894	0.236729844989482
1.62054980359387	1.37450233961049
2.01872333657076	0.884994953380516
3.39876405146144	3.89578939818109
-0.390346432480804	0.127347358957816
1.08546900280064	0.582557891545404
-0.569640100788077	0.238544050528802
-1.67894839290492	0.722757505108272
0.169170881084161	0.0765060777375985
1.48748276878137	1.10010262619799
0.475235329487658	0.16344047903491
1.47261630196679	1.09784384288484
-0.176432851399491	0.0680005613874628
0.621758043673237	0.305469654912047
1.7402799394167	1.29878423600874
1.19014338256405	1.00972771896495
1.07487137883378	0.626309165518359
1.41262447063536	0.783639817903475
1.74987955101719	1.80407345716158
2.89626219368933	5.23324866598405
2.52699437386546	4.56684278740056
2.90002863465864	3.89292702627934
0.761777825946675	0.598449338482129
1.46786181763235	1.18411218622329
1.44834139268578	1.67139291433687
2.17460374504605	4.16094744674689
2.00446356267271	2.37763158685738
1.3669378215552	1.8606211942577
1.80496849814837	2.75793634193475
2.26405229638241	2.53492867978359
0.835375136079583	0.794658731211114
1.191161255919	1.56992158731318
2.05331433051093	3.93891180030646
1.2909772205323	2.16698444112361
2.55061085156412	4.21090014022765
0.775246170716562	0.737623087074178
1.67852728946709	2.48807086988461
0.426486512164066	0.310380493910947
2.39019228914468	2.84792268802906
2.38219404157679	3.52550558333201
1.70477488309649	1.9929174356503
0.810773416263613	0.692859770975615
0.921940058550912	0.864006563883645
1.5234318443532	2.015483756071
0.407407304101305	0.349523128438354
0.953078154658725	0.777212401297717
1.46006447403946	1.4704776041777
0.541652417334107	0.342513165532995
2.36753967969044	2.4145033544925
0.740864362996134	0.498613198341355
0.50981798673508	0.196222827616346
0.233862663052622	0.0847100845941655
1.43101065695666	1.69830261859681
1.07626351111676	1.07614936473448
1.13703308839806	0.806277086775593
1.48346206664509	1.40356892690237
1.78815780336247	1.70882154701668
1.13020654102126	0.796433394265574
1.45208590143598	1.47372345467012
1.17574106275114	0.916184471258549
1.32016873846461	1.1206424486803
0.340365522568531	0.187037677051398
0.721144740847027	0.511115693328562
1.15026111775687	1.20737668896996
1.5518092185114	1.89618767090608
0.591632902017794	0.469754403503182
-0.166036528200839	0.0966912472170725
0.450870734659043	0.287433173478944
1.33139712394337	1.35650431393772
0.362040257924196	0.270128554168826
-0.161541432245115	0.0971509360306682
0.775340074387133	0.61546238445112
0.627501091505606	0.411471540529724
1.36273845729439	1.52743816522384
1.21544852487897	1.47922506771103
0.213407039379605	0.133953803426003
0.709742351442414	0.513852930033723
1.39882142121936	0.760140231595239
-0.445261105332526	0.20246092434882
1.39544133231199	0.759418888479071
2.24957403325135	2.21469581125551
2.10642501950849	1.8340992426046
1.27458050768419	0.910772207378942
1.28170913056056	0.980172809743367
1.07601168599366	0.700499140636958
1.4443027601726	1.25179537536489
1.45307346618893	1.17219816711448
1.31055312749671	0.544307944051294
1.07388276290481	0.689335410261375
2.77221337807259	3.50717873377467
2.27492320594879	2.57526069739706
1.10677734500863	0.789233522526529
2.0921900420868	2.54766972220412
1.6328238373445	1.0062500183277
1.82668366886156	2.13452547357564
0.541541793357728	0.351591065451424
1.19263815566231	1.01935398725983
1.35211067972427	1.15915413408149
1.2688669920684	0.910683716942124
0.613330884485492	0.39931830092837
1.26553733224197	0.824853251101203
1.62569967276432	1.41944192985555
0.447384633808954	0.258365266514377
0.153768435096345	0.0824042495439919
0.32074719123801	0.2304189908544
0.681753893889339	0.535682683158821
0.487903708654058	0.358591179851999
0.240173000902261	0.132169447860631
0.0544326490401534	0.0304384050948099
0.836629944529355	0.673747275098122
0.779107336350157	0.615954192878503
1.995954444691	2.99568525676902
0.876939940831354	0.944898439599452
1.31730012125872	1.74589544815645
1.01107081742758	1.36768057412208
2.15968880398391	2.25316101475907
1.45093436304605	1.65401170647133
1.72113960387086	2.3904360770445
0.624935051760641	0.428213647037957
1.5826816641261	2.18824714778582
2.50192597386353	4.51461185448786
0.418961064901557	0.283023521363213
2.30908865409861	3.97611499564976
2.77003936784823	4.60711486363042
2.64806097641992	3.13479790536562
1.7219607727346	2.02654760828444
2.23212999333682	3.40754526458999
2.57631664432796	2.48378107037198
3.21658784115364	4.28420115770436
0.582147824544764	0.43070293103968
2.52721836442315	2.68417038916206
2.61063719725482	5.53935177912804
1.59228990854951	1.87240930757303
1.81301257852872	2.84215625783349
0.830600849518586	0.760626842611442
0.655063507371001	0.491482127878133
1.90251416595524	2.59335063785345
0.882697985451294	0.965836906542717
0.525061706472417	0.282153624341825
2.15500301170517	3.11196537089395
0.913806494934705	0.58491419558131
0.716330518454397	0.396508475969133
1.66958268838691	1.44924155956587
1.32995284641925	0.563498802429079
-0.156732716735994	0.0529011363543235
-0.412241271072983	0.155409095076023
-1.16096363094197	0.401944501379568
0.228496659930228	0.0850676960210852
0.51245064281072	0.195405651556527
1.07783682909336	0.576567812684474
2.12285872274846	2.73845246548812
0.525989491991999	0.283012869074399
0.337605011824908	0.14496941110595
1.65187344979575	0.63567057185485
1.30006428505327	0.784295052617445
1.91014841269308	1.53598628931605
1.50355148349042	1.53433624343418
1.64802592347063	1.32867996658921
1.54575143246106	1.84452511401833
2.10140779167349	2.57079981887493
2.55567214668134	4.19262357344375
2.71861044801316	2.78713167844181
2.52777042242497	2.80808099654788
2.39864591303282	2.4295061387821
1.86871532928984	1.29674148991826
1.22961504842645	1.12718611546687
1.97610624145315	1.99111709392411
2.39462179460804	3.63617488765909
2.14643235718977	3.38840923247025
0.422678728897651	0.220075139235623
2.31818952179395	2.96075155623402
2.85014658790482	5.75079569256432
1.35472278461137	1.72799226835186
1.64625298400001	2.14319065360322
1.45426085340824	1.86019666298225
2.41667294945805	3.66907520816026
2.56275307910596	4.80836127378107
1.51836035876776	1.96906472713785
0.9973604251779	0.698493559386246
-0.428719734015672	0.194021003958057
0.889615098639276	0.659011406282302
1.95675694539368	2.49209227645151
1.33589937470519	1.34590456525966
0.997198811275427	0.891299262996379
0.626003311013968	0.395640292780799
0.680449508189452	0.480949176038107
0.655468612714369	0.388449257442034
0.442936587017718	0.257651863989164
1.696954799739	1.34515809213156
1.11827461849187	0.804085496762126
1.31008644715227	0.788091511548514
1.46125888363908	1.15536788074815
0.315387120237322	0.161457869128234
-0.162432180315633	0.0867173526938508
-0.386873856633301	0.149345032875685
1.08865820781987	0.570558819984855
1.53652266207509	1.04047690147757
2.53552228889797	2.44950376710214
1.45647899820954	1.15023707209446
1.24623436695513	1.3827744256058
0.715583149985396	0.51203650079725
1.73504700343199	1.28690922690315
1.73462619794552	1.2831366901048
0.763644239126526	0.468864077144558
0.531289958882481	0.31371301167185
0.523592630759539	0.307803312433545
0.590238741427436	0.380362680136506
-0.435248229935831	0.284491017082439
0.601039357724273	0.418758307015608
0.718790012229174	0.396389677046207
0.25913310844357	0.140062095643488
0.533717421844175	0.313180646729286
0.335199726738359	0.144083605399724
-0.798275421197877	0.451847125492768
1.03682831939667	1.03403928337947
0.886385655114601	0.768729680246357
-0.305149541484134	0.144458660161459
0.628295920491325	0.372095055927241
0.852738743754175	0.69006284049927
0.441338596756836	0.317536770727855
0.931289163103955	0.871246652256638
0.90270957691883	0.674430123678043
1.10049958367232	0.763167275189808
1.41560946036606	0.796307416505371
1.64715243246245	0.638228599311507
-0.434072534041766	0.193607392902065
-0.317128931564604	0.134168983919317
2.29325130257144	1.59838741865874
2.0976890328838	1.35155767981607
1.06442970896458	0.565817894786998
0.472791496143998	0.161060642486673
0.673167067245704	0.367445570602415
0.554697686750718	0.245901695797952
1.30511836013643	0.783285988514856
3.32545944102223	2.68612553853438
1.29318986950233	0.82997305077666
1.9256106148321	1.5386866504469
1.0924091904454	0.579902252587137
2.86122773016023	2.49880039793753
1.06945860286143	0.571788959498251
3.00221677045503	2.84500885242642
1.7842829616247	1.66465592609972
1.11850596284132	0.79955428183334
0.415878402785051	0.220971534376618
0.772939512783579	0.475021035877687
2.79015762210559	1.77940352472172
0.66312695722321	0.397764267092354
0.622073050210548	0.311369260462454
-2.19012105763413	1.16536379363425
0.950522739687477	0.775238054526941
0.860017603088808	0.49478030430239
0.521968201148126	0.310769259474208
1.23318332430372	1.1859804524228
-0.0286172117131538	0.0137575899626625
0.426833652620811	0.268235275821056
0.816243663317686	0.602420244415286
0.77332956076271	0.547897894903632
0.440944370881349	0.232498100647897
1.35897855722559	1.46210790521642
0.874494296509744	0.703752556706818
0.337777220050788	0.204984000239962
0.824008590515034	0.554827513701763
1.06071469224036	0.890151077050651
0.910573656002998	0.847550795387153
0.848189569424681	0.764116735112726
0.951588535556473	0.656651362530865
1.12987111649354	1.10775739211949
1.31578071866498	1.12602452645913
-0.130985317945932	0.0611958143596017
1.78293126225879	2.65417556939805
1.95194413202838	2.48351203917551
3.12889842924921	3.17513473242486
1.77742067416657	1.7733349934218
2.06125896037866	1.57591683826837
2.77027706441273	3.51833072163122
2.50829016561713	2.80519507669663
0.666122676524651	0.400687769636321
0.927082271516189	0.591918451219868
1.29336208553513	1.00346974283767
1.16419249701518	0.88958387033651
1.74497150058388	1.89893025034782
0.098566438000455	0.0518772100011708
0.700966788698978	0.542660714539069
0.805437246453629	0.585678335624675
0.753418918129792	0.594011631636884
0.684327964093837	0.384355687117879
-0.898875852802886	0.362281024621829
-2.20260524239361	1.15537182215915
1.14332032705855	0.354549436983091
0.469626836713354	0.161679512601753
0.377430138069654	0.0870207847909504
-0.657733940901262	0.240769990758527
0.480332365599932	0.162862665418249
0.44515396789369	0.128009718182639
0.388856236225614	0.0893513438012124
3.18323215895714	2.35694494760311
1.84753304691886	1.21470029667037
3.73753322921062	1.98046047232227
1.15224186187344	0.358935209934184
3.49170343492026	2.99810218624418
1.62794552744176	1.44818130956702
1.28750545905733	1.01215757924357
2.64426868257973	3.48911625852656
1.48888514672209	1.39548784852245
1.4648194976319	1.18012100701324
1.07035655666149	0.627561716033236
1.46278150930161	1.15790715314237
1.26871926829677	0.936270674812265
1.85558230907905	1.25395757013784
2.5734762787032	2.50046584607599
0.182955042452398	0.0825919677234906
1.48154536156151	1.47497394295418
2.00879804682662	1.97089354693789
0.805286945014989	0.380458614696383
3.38830673396795	5.87144689974093
1.87083363850593	2.88139080071676
1.72863814530423	2.05921799224629
1.23266423302688	1.18727612159559
2.07552855747319	2.33702691711014
0.701555643276531	0.467577886927791
-0.411118039219733	0.210559090211128
0.838929039606798	0.426737495637079
0.17215524480513	0.0761456684489257
0.553833957390246	0.303652991620612
-0.565740791671759	0.24032830835817
0.608713525372531	0.302468004582375
1.17014236055863	0.885418157917144
0.967410031273848	0.679309105926197
-0.0964460424162557	0.0431600518639575
0.842766770480875	0.570826498634602
1.07880672990168	0.577642429223592
1.24161220467409	0.884602131380713
0.117048766034151	0.0378567196806426
0.353590738967168	0.150308040065867
3.73049001185693	1.98987141609617
-1.02910419166512	0.67531112093002
0.419697978040277	0.199977156649957
-0.375499181674293	0.141710502335228
0.556634117948424	0.303700380554481
0.415631792932834	0.197483174469937
0.123880972217893	0.0699600280927429
0.846812333322351	0.659239709605876
0.218235061417609	0.108643531548491
0.71483036101787	0.514554432083726
1.5051545645823	1.09081680678589
1.19857032018419	1.0751507916665
0.93709489465062	0.641850307343677
0.140804376394036	0.0683591653971529
-0.561813086654293	0.236202388998702
1.05093384932485	0.800328885496421
0.576409921088096	0.307915582850126
-0.737720541576707	0.406155869268456
0.506259022088858	0.379984021541285
1.2398397604347	1.12030627289607
1.45080100724689	1.02240855614533
-0.644602199654926	0.334547047993182
-1.83609526231001	1.22425710359207
1.68133223215325	1.35581936870972
1.04389028143374	0.987793505582614
0.0225807872903675	0.00877252138197201
0.630223915240419	0.442861691562288
-0.286931191712718	0.148970536907787
0.117219811166584	0.0661693518678936
0.734897621745874	0.489943596531137
0.985431818641521	0.810547739203293
0.696975818877688	0.382357201649993
-0.02493809233858	0.0108792660088052
2.40255315814829	2.13659503974002
1.71302289688166	1.28030931118057
1.45651148259339	1.15433139618952
1.43951477729521	1.50812855094801
1.2954522357634	0.937305415942031
3.95551982562849	4.09192772503333
1.30533462254855	1.11860531843977
0.121767666809778	0.0586032936848038
2.66543409710489	4.74009726397176
0.545478275825992	0.242636484778856
2.30577319607481	1.60816575401244
4.31652429512078	5.33376095584978
1.06113108299974	0.65618903961634
1.55115481062041	1.03655463297746
1.26952927730306	0.831191572426269
0.448736526144255	0.213952770670551
1.75331406049976	1.2798613600544
1.33123553141211	1.32943635706312
0.730914021755059	0.479508239781585
1.86357584654975	1.06731868312244
1.08010279501177	0.668697743689703
0.840482629161529	0.434923931894509
0.51516878316406	0.297299105371163
0.994978010315933	0.69630575016341
1.06304742524738	0.625828443198737
1.08382677669014	0.707647864496147
1.07573405617927	0.636581761591586
0.957041579497804	0.664883265425031
0.91257310418814	0.572879436463705
2.16655478178381	2.24622717053424
1.13558114707433	0.810014583128414
1.64976310549152	1.33004614656447
1.29547685644308	1.01308631256113
0.433568248526444	0.229610250140782
-1.02684195638802	0.795031720411179
1.02882758836188	0.590503708005635
0.152224108054884	0.0617443882132539
1.72106862216099	1.91148786466862
0.669786018856706	0.521033655048215
1.19572008306501	1.02664690646699
1.646001358168	2.035572472545
1.32614503114918	1.13620301454612
1.46309006768138	1.15320492058062
1.23747638705093	1.22412458906667
0.589907965064867	0.4468767683375
1.3189259718478	1.30643135935387
1.27895028718603	0.925561940750081
1.35758750930126	1.54597510648993
2.37694051414418	3.95983952684739
1.26601934950404	1.42429792960258
0.226378452260283	0.0841714199421304
1.08844446750004	1.16810980860498
2.24204649824121	2.99605754389813
1.32642865781804	1.46751319373176
1.6374236799433	1.40959784139167
2.14972374923838	3.11346844068023
1.2157462136395	1.00301185747735
2.5687344423729	2.51034845267928
2.08053463900748	2.33699599232317
0.430678455644533	0.205427744002335
-0.215593812815342	0.0940063735029241
0.434125905383193	0.226035341528415
2.40768207494808	3.96763552704635
0.981715729991376	0.696037803847024
1.0655865454721	0.886207350133241
1.61108821764912	1.50925059666048
1.93101853278959	1.99230223849749
-0.167534006478606	0.0563245155725488
-1.24822563159252	0.61244391769474
0.701460246430361	0.390942018890319
0.951591008006717	0.341409368628177
2.31816119057749	1.21061446075152
0.444854208791125	0.127991221299979
3.98200822752626	2.33564603127287
1.14996928148472	0.357563393391782
0.481523201986006	0.164009442196548
2.77758194781341	1.76550976278697
1.87195297784302	1.07000596743462
-0.399581897952753	0.128989366910308
1.72376509398526	1.26891574289154
1.89645174540276	1.53975441262463
0.817026804109432	0.421334885699774
2.15799371327063	2.23875596788066
1.15440288282899	0.570387296916283
-0.383275685747137	0.124741585395532
2.47972967919872	1.88169273730627
1.62229156548548	0.612287105233856
2.67588442304088	2.22702887599428
1.45212000708622	1.168635364285
2.24063307675897	1.86206749044046
1.5200827568094	1.00884684015213
2.06473333672684	1.82603069561416
2.06724040187161	2.30662741775563
2.04806913466763	2.27768595768882
0.837672660640989	0.57312780232183
3.07396090132345	5.27987521318392
1.45189525286342	1.64704936296134
1.78542596800309	1.82446720144487
1.1324458922645	0.80762796586127
1.60896378870025	1.77346221398294
1.06647227783641	0.615757994643481
1.46225362357419	1.04797884249229
0.0156152121116713	0.0061581449702171
0.982023248654383	0.679960208844205
1.30414679604245	0.790641622389112
0.520302866701255	0.328564838917025
0.438661195094495	0.209032279844794
0.336434941286948	0.17394345653024
-0.550499130495898	0.231773731553873
-1.60062293467816	0.926271442267501
0.431017296618259	0.202278980185097
2.22772032342819	2.15512753472032
-1.24099312474916	0.591787366028284
0.837524246584822	0.433328938331002
1.14995929943828	0.359644120216764
0.782577808743147	0.481085879299353
0.533237990139138	0.235015244658953
1.08628474234672	0.577243666050624
0.346007519923433	0.144966762598317
0.437881090724502	0.213551881032416
1.19942100587327	1.10138020662687
0.495832295418823	0.336416400732498
0.90162190563563	0.556594601159178
1.69749299759585	2.14759657457086
1.17443975432096	1.00025275207473
0.692830402581168	0.388011870655483
0.912414288470408	0.578012374683896
0.629899187019881	0.418663714810681
0.896339499702975	0.549724482073838
-0.149446558819618	0.0504250171172843
0.622679931471441	0.313366842375802
1.91596398769872	1.55291013500817
-0.0389685868045518	0.017039665526705
1.6100217193988	0.820856254492216
1.14320510615006	0.805182407053179
0.731939782725994	0.529794118974199
2.00841638784848	1.91413633827619
0.603999643936191	0.424813530919812
1.07231376605297	0.627899883591642
-0.180454129155942	0.0608907169041575
2.21243312578966	2.09824571108136
1.29191550420495	0.858362840587724
0.688362582771808	0.376762347384911
1.64692324593165	0.983449496982232
1.07973387315078	0.694315432103216
1.01304554323287	0.769681970815675
0.682455618464299	0.376342658756923
1.40897950491676	0.759724989678552
1.40673579485656	0.782502915774735
1.07835874427429	0.689680902507217
0.555239621332639	0.244383118211984
2.10229815803058	1.33188861833274
1.29900074747736	0.781891083425138
2.05634268321198	1.57319691067356
0.81861582816792	0.423861498673525
0.839300609463916	0.469756739472786
1.143393144085	0.545525079251933
2.98548688623069	2.05645024171426
1.53962544124484	1.01040572377656
1.40359602984866	0.778369073106993
0.970561117147355	0.677003170280012
1.27695823591354	0.835481648532981
1.93780926650521	1.56555867017614
1.40445680338961	0.782564506693401
0.553139769970429	0.299366570556532
0.861991772829372	0.476218104510505
1.88256548708813	1.06871842753298
2.29515686468072	1.17676795335893
2.30841592744775	1.17005224239874
1.97394971061258	1.8602109336478
1.47612367199992	1.08690581532419
2.51516700757704	4.02006749457098
0.821329689878611	0.372733949281641
0.931359779397168	0.565961511832015
0.571928687099663	0.30558625792896
0.349010881387321	0.213451810540547
1.86432106866013	1.05838464648777
1.27106836709843	0.834967464327056
0.442950136317848	0.21312567431523
2.56992658414742	2.47524023245179
0.810356524513016	0.416927288527303
1.80720323249955	1.53475089743652
1.15816442890442	0.906024935061288
0.454472173584905	0.289160909367825
0.550362356786978	0.296889194956969
0.439756222205303	0.21147792164683
1.30100499084673	0.981547314433633
0.178486829430784	0.079968668287523
1.30819672002246	1.18040382471145
1.83694210589095	1.61993800950551
1.35210554407535	1.27442894189917
1.46682685187839	1.16290535205258
1.7258486228934	1.27872379290685
0.0102937266234253	0.00425925058396487
2.38882911210393	3.1278393194292
2.06686400596779	2.33265414148003
2.00061282340976	0.903458292152553
1.87584285737563	2.08304562068639
2.0285703975964	1.96102764765655
1.32562508673351	1.31763666800299
2.64323593534081	3.59967871532802
1.26629803778026	0.901646567003814
-0.133871107833101	0.0542507026540297
0.93185218505652	0.622148448721316
0.0574293454231567	0.0249234189399984
0.75293145275165	0.495559545160574
1.85985027448597	1.26657257421291
0.942039636076362	0.344206436287347
2.0041092098943	1.94911958851826
-0.64952996182499	0.233975572725277
0.876605656373437	0.51613793604845
1.3065934848969	0.793456964576318
0.46117377911733	0.222655977293651
-1.37624323499806	0.70181753881822
0.94070627902179	0.347797326422389
1.14496257201798	0.35509824568904
0.842195038400409	0.350750149099873
0.38712249202939	0.0889469399976088
1.86973142039484	1.05858039916493
1.32137805859489	0.57355050744634
2.30171988958787	1.19065595647389
1.51894888609581	1.00490873090328
1.62066346323378	0.812873945017053
-0.370345557775619	0.141304194334508
-0.373470110750015	0.143700709530271
0.176868373152428	0.0803007742080787
1.61251831780817	0.831223392734876
2.10035365639098	1.3368668321266
0.890790474026452	0.504222754571473
-0.0357499776062767	0.00982234152565599
0.488301808436975	0.19128026269341
1.66741666314337	1.03328468665076
0.616085874107016	0.306061108108153
0.551846193397723	0.301456146695399
0.93510595774625	0.328469676211293
1.29252190224586	0.858540720978221
2.97901457764233	2.05176920194361
1.00273177562536	0.934594252736982
1.27010775622498	0.913082479713766
0.52525825553179	0.229570515853738
2.29925029828771	1.60730960444538
4.84275105640533	3.80176800480705
0.526299918987944	0.278066199938724
0.160640442196473	0.0729390373033361
-1.09063754199691	0.490243819902393
1.2862961423455	0.863707083454068
-0.563248537954342	0.277930109910853
-0.396547322570838	0.125375391013298
1.31453152141361	1.11833010360275
-0.326762130297956	0.139916243173946
0.111276182205313	0.0360943721624379
1.41758321511809	0.783202630115094
0.529905258462841	0.231978574299228
0.613101968919079	0.298477722634214
1.25078785467793	0.803349963984921
-0.392645373649864	0.145601553578692
-0.149505219707878	0.0505933715205689
1.85099637425848	1.25779319541654
1.40515127117756	0.768585069716574
-0.166985727615536	0.0647082615931143
-0.16965215461738	0.0580982722119126
-0.562299501054602	0.235693783484296
1.28753931115097	1.14015090379887
0.544523956025807	0.324924001457422
2.05000100455059	1.52958370736627
1.28689625791829	0.753371712160245
0.812752728154124	0.421612259330093
0.70284039358848	0.390956275274957
1.84472065088873	1.23512807850751
1.06903745393606	0.631245877140968
0.151038465956875	0.0621134443806051
0.829250508163718	0.467105160768121
0.7909020020041	0.361808604064635
2.55630822031745	1.47679306157225
1.16208270300144	0.560703382052091
0.117841368211117	0.0374428971559525
2.01573707045514	0.907722729493127
1.83917890928447	1.2583098439676
1.14334774195415	0.555429089681276
0.0176384270434611	0.00605812335333744
0.0154133504246902	0.00526664157071643
0.448715934575925	0.218150772860872
1.18444549524875	0.998007139421706
0.0169369530414372	0.00678706755152256
2.47787393246695	1.8877396680564
3.15159429677375	3.22809453226559
0.220329771058117	0.110910496459411
0.227457834589984	0.111693110813202
1.45587461491611	1.16367898579094
0.85391168128989	0.351000657462976
1.84478995987346	1.64069792621579
1.68358816458993	1.34552059232469
0.467899864027144	0.161191776138274
1.30136673873608	1.12513913396537
-0.0910493637078809	0.0385283413403298
0.170007960692458	0.0678774050626752
1.52885192758825	1.05090319618437
1.8352092790405	1.63144526467877
1.07561210617493	0.627838292559509
0.908091609738473	0.579441915941655
0.553934074170105	0.297772292381464
0.886142641142427	0.4934338914368
0.00267766266760639	0.00133886119754838
0.850291553400117	0.474042968983881
3.12925599256734	3.24088208667785
2.25189597135776	2.15057091360254
1.47808332268823	1.2642475470174
1.09991843897771	0.993668697012432
1.14041985452825	0.879020914698519
0.526692829216404	0.227828305235452
1.10243370972098	0.716955569414448
2.13436627088331	2.23619018707785
0.319737620949048	0.148475712267248
1.83340758058107	1.65311108388559
0.624476705560531	0.369969253518886
1.53676333576771	1.03063265192193
0.851974715584059	0.582180180283975
0.275565381765481	0.15367345641367
0.767596652120905	0.479779257335867
0.872280911249938	0.710942364484431
1.87056553683484	1.28116008609733
1.14013649225074	0.884233078705858
0.170447669333394	0.0896779198421014
1.15644476298123	1.26768319364071
1.34323289468828	1.36042611134413
-0.440105281041339	0.194599493026451
1.0620853939266	1.15507006874169
1.74294470133913	1.75529969055084
1.55278067252749	1.91427248231479
0.999779662011171	0.894335262433754
1.96118511627242	3.14205174895172
0.665408165415478	0.503990144153781
1.11948674852627	1.26866303123579
1.46847104388189	1.33642968060868
1.75769677808206	2.42146213548272
1.57579366234705	1.57400329123197
2.03362110563465	2.45394886664207
-0.433991552372277	0.281500530695177
2.01861691182962	2.4198952307627
1.44330977179815	1.43709584875103
1.58674639325391	1.72548537830109
1.22437738766029	1.48606547083156
1.59057670379171	1.87785474075774
2.4994060632108	3.6391427345648
1.82021131533967	1.7104155272363
1.79460666835963	1.74504071391946
1.34276988905128	1.41812700476843
0.920560865376686	0.700819463428429
1.1913576247446	1.01623348649455
1.02345394264421	0.974755565848864
2.71336292479134	2.79505846287354
1.20587150540983	1.01851042154208
1.00084739449449	0.749929532946861
1.29486572028167	1.09297106337837
1.18661482099517	0.989593719766978
1.67170581960109	2.04224889619349
1.63784719994631	1.44635711337598
0.318384671418328	0.148767840979515
1.13313481937631	0.800972095633881
1.16208270300144	0.560703382052091
0.444854208791125	0.127991221299979
1.15701051518738	0.357024714890045
1.0516717120652	0.611711889235724
0.335651766423061	0.144298042742284
2.99183994471199	2.05119605716682
1.31149991811851	0.573872985799551
1.16818948284873	0.56157707624506
0.598435763048372	0.297884546333023
0.324918747455762	0.137930927812538
0.228836946209149	0.0837894609526112
0.846536610438771	0.346584362875656
2.78016185134726	1.7539913146149
0.838814687604548	0.352243909900111
1.08920161462326	0.753464637450241
2.28783242637606	1.16181523891204
1.10694153392594	0.765834243667759
1.11819160712429	0.989563919037949
1.26862081295688	0.918474784966704
0.00783055950748776	0.00296415173403847
0.425273463993254	0.19671052821672
2.23934605101638	2.14136668624443
0.814109460572772	0.379728718408609
-0.571217667915937	0.279490688219226
1.26702153001676	0.821565638695299
1.44779368743767	1.1529090172162
2.8401827222042	4.25856514518158
1.45891791301762	1.27177649606106
2.72736653128395	2.79768647100614
1.26688206132945	0.90935628213899
2.50995209199271	4.34819812129098
2.25633925348319	2.46148913158963
1.46513141522399	1.16734909325316
1.44616078311087	1.81189292005473
1.60192795853259	1.39259761083746
1.29690665208791	0.861225577537256
2.58619177117794	2.4741010051507
1.48205056787753	1.5042628414801
0.554575132340206	0.39849943263715
1.08912066329413	0.973286708636945
1.45402801436098	1.16548216479313
0.936069442369784	0.580505455312864
1.09393254433838	0.990530999647771
0.541166082161814	0.238656888346376
0.50155720077886	0.191935798594586
0.725005917746051	0.490175169622101
1.19022396080823	1.00698042897556
-0.654433886920476	0.331417212823901
-1.09317160258946	0.498082269195895
2.24195433900037	1.8367402247744
0.644231739224168	0.427382296211054
1.83192470270523	1.59243120484802
1.61341950195876	0.812934174888886
1.41056843836135	0.786761276349826
2.01011766366011	1.95764553257386
0.229640040029076	0.114864712469672
1.31414074797018	0.79588020961274
0.511174943070898	0.327363494207033
0.737999245625802	0.438972247732502
2.09274038846858	1.87730886797789
0.695001871126426	0.490680313672945
0.22921253786992	0.0852128567162067
0.552415301837936	0.30325650070119
1.48457482012038	1.72258546611235
0.660752230974696	0.401895969191811
1.10407270823744	0.779018180659397
1.13068568994089	0.788713596106033
0.485828963471466	0.190491283102072
0.866663730060572	0.500007022037141
1.33087374494361	1.13357884631586
1.32071867811033	1.22663746821917
0.315196473760851	0.144384298190237
1.19552243489991	1.05690062768523
0.523427976139245	0.276014484832948
0.812457144693838	0.60275383818882
0.976830393331956	0.677699994510109
-1.87819107785954	0.878704717476309
0.0133262876517144	0.00513281598175328
0.971012966013786	0.665617249944873
1.34191255644247	1.24219079176113
0.509835254404995	0.296880421885177
0.805746061568942	0.588120663309454
-0.0528546792982039	0.0249452824135911
0.708870309580126	0.466135841346579
0.968790035824166	1.06217184115661
0.898079815711956	0.67081287795293
1.64199727941436	1.43911290790099
1.82597154390183	1.7486222915257
1.25419355195585	1.32422336441825
0.961632407937825	0.667295989956452
0.845106941643822	0.581189328729151
1.03999393910077	0.598501521486632
1.03683208540413	0.800308892899308
1.24965837788449	0.875232992620024
0.921628366792835	0.578776396987666
1.05866642601112	0.55491754055432
2.09681156957128	1.889342049095
2.16056056475542	2.23012610845442
2.31816119057749	1.21061446075152
2.30297439040786	2.96339489024651
1.82570416671375	1.61083659740537
1.62997000025923	1.01419451567632
2.51580626757614	2.80901673624676
1.61800675774354	0.792391261303092
1.62284097378443	1.54325589723823
2.70020893484821	2.82973961600628
0.8554459149109	0.47907457629712
1.42731237919253	0.792794554070493
1.91040762674901	1.5657583101233
0.605560111981246	0.298105412676627
2.07768028740366	1.30120983556535
1.59247178331438	0.789743802867695
2.65662198260919	2.18615248911191
2.73013136191272	2.86138037478359
1.84252412430062	1.25705469662537
1.06846234301986	0.694074576590252
0.962132575814557	0.667034947322957
1.29522603205916	0.938661054592841
2.29916138924008	1.62592456810548
2.65576167582789	2.17237990538617
0.61031903917753	0.302152894902924
0.527314220806116	0.272999350534797
0.342634260873674	0.147102547108706
0.258016961866125	0.141956398706491
1.62911089602547	1.66718351475805
1.62785065735202	1.43287083748585
0.774100944780914	0.476261896269867
-0.440403631299598	0.202138576199563
1.1595486901033	0.908343605406395
0.509697360022888	0.32334991272385
-0.387846386878776	0.193756540895981
0.401829120420319	0.225013071670611
0.857836606834837	0.592100140283426
0.862456965930753	0.693474128835528
0.962250381609426	0.797385914863854
0.722400309906656	0.60706676376843
0.373371493058986	0.249787294256217
2.31720070643653	2.9496523799619
0.204083775016409	0.0905779792858788
2.02126395107683	2.71140397137077
1.01929343831124	0.917260062429992
1.30801342090854	1.04570042519292
2.06370293426403	3.06161899080556
1.02836273508584	1.03846916362012
1.98344255009534	2.35541638572925
2.1450888479079	2.15048701000669
1.85181143870954	2.58723255665157
2.25965364009511	2.46367372870461
-0.540316466547779	0.261415448455754
1.66944996593941	1.46075085329457
1.60896083867108	1.77273230016622
0.735055486151781	0.441667278923022
0.428591192536321	0.248616929774366
0.670461164531544	0.518993669786767
1.10506713347871	0.786270725003617
0.622204929248506	0.44470261208419
2.22906410157357	1.8298718421776
0.766550990789628	0.470856351423488
1.60604403567396	1.73751218432657
3.74161427674586	1.91524829673632
0.137305190171619	0.0432149379644928
1.81256361946551	0.57834251056048
0.381939954112183	0.0885630978825824
0.442155818180683	0.128560798875464
3.44340697884079	1.64697714754139
0.821315676212261	0.422522877257931
0.386804340501861	0.0890870371925953
1.08725458675859	0.573733619394074
2.55363287980664	1.46740972276725
1.29699564523095	0.855619469035215
1.50950315122656	1.0065699229678
1.45386027428315	1.15754021631902
2.06956789702259	1.55333729255788
1.61084801072991	0.788363495029566
1.12055308291488	0.80212863666602
0.587240875211161	0.288294648888906
0.654973721132786	0.397741948561871
0.653936128476038	0.387024748391815
0.219137445157594	0.0806774738040552
0.828926876858358	0.423593853224716
0.300372110588807	0.154126572875546
1.27804325787958	1.00411391511949
1.60382566482618	1.54029536465435
2.48172974549634	1.88820088831126
1.35672939426196	1.4633069435067
2.67504379291131	3.15053581775571
1.12358783259945	0.804037582293818
2.67507130610436	3.19382084901654
0.988708358489127	0.745912358810943
1.87268897342243	2.03981321016594
1.6426426958595	1.0002293650863
2.07849137661068	1.83099925567584
-0.318317855979931	0.152333819745625
-0.390346432480804	0.127347358957816
1.32275041052723	1.144123934263
0.439266796903895	0.209830170937231
-1.37480479576715	0.694906074478562
0.825613953370661	0.424136326650239
0.843472949692001	0.48375533437777
1.01335008810147	0.773374294877264
1.26868443915294	0.851676974105675
2.55639186400973	1.46992532298708
0.117431929200487	0.03746061429278
0.853591435317034	0.482607844792909
-1.16670615080275	0.399031911652578
1.16166320999594	0.91229280296661
0.143068986015081	0.0643701785330743
1.93022778089859	1.97715886646834
0.635382953574775	0.380378966834834
1.27680661293557	0.845988105627646
0.979040517979319	0.686771967508562
2.38729081921674	2.07566801380692
1.47180295750819	1.46910677417947
0.693909748376713	0.381889043110472
0.850911787379618	0.347942701856789
-0.670867184721196	0.410955542218655
0.636180729729776	0.370769293522941
-0.466730134742414	0.248351272059289
0.531986350770932	0.285283476597232
0.773443055270951	0.473316661176678
0.558202024597505	0.327094243811949
0.23513293169277	0.0881191104661364
-0.126969498917063	0.0505908289512179
0.540616468623966	0.292255494394815
1.12157978705475	0.804447629943969
-0.00885965533185736	0.00465102216282187
0.298330123854722	0.139513192221185
0.0609398599707858	0.0266075391765058
1.83494253765847	1.55856297110758
0.527902521709677	0.368418452569943
0.696045799551256	0.385358387276026
-0.656168483257591	0.341131037952665
1.45493597789991	1.46695779819757
1.07104775234238	0.898922988392393
1.15631465170603	0.899144640666598
2.10598250484822	2.65424039192801
0.770645476590294	0.607611178254007
0.432463409368701	0.230247499505432
1.30095180988054	1.01482060139026
1.21804365598578	1.13099826336113
0.758834290971418	0.603226715837975
1.17467128390373	0.982024967103153
0.111326647016285	0.0585776332666356
0.0304764165129354	0.0146140550160633
1.12767058845921	1.10161347786598
0.638958139212747	0.385197159762913
0.795160327333245	0.36987328930976
1.84719762912652	1.64685683016238
2.84778318972742	3.18614962587892
1.64578798127457	1.46011034816971
0.870406638745097	0.503044752445566
2.39373539264152	2.12824928202315
1.60182721516271	1.40510298945136
1.19951350079309	1.01916512878201
0.637752082719614	0.382548005460884
2.51319810761845	2.79421837962397
2.2622716043947	2.48056855121504
1.77345936777397	1.70548878391231
2.09294618813785	1.83951818375351
2.41970556736504	2.18492954444497
1.83923829678878	1.64656266455627
1.27606999236585	0.847087783825701
1.07773558902686	0.700620873524104
4.0268943901081	4.35026121341488
2.47502715137411	3.52798859160998
1.74739164714548	1.59396688945324
0.201702559665974	0.100971341343746
1.89131685857014	2.09867500442996
1.32115078645359	1.22971922359632
0.961506230513776	0.656684465152148
0.276120365023029	0.152048721423437
0.433787954480557	0.315784931880336
1.23783959342496	1.3033880479704
1.223976275667	1.20641623570536
0.884456739805037	0.912560193494839
1.32954370015327	1.40594647636003
2.10095961865409	3.14458875132192
1.03490624494282	0.987382259711492
1.6085993894936	1.64192334262456
0.366892844738252	0.287732338455662
1.56315249881097	2.17569235944332
1.12499547333732	1.4388470836844
1.36163970934707	1.27068319522745
1.86701564831533	2.62082751082218
0.747182895218371	0.779669173348881
1.67724338570178	2.09163123152374
-0.405794365232871	0.230328042164104
2.22076749049309	2.98263089143094
2.47043065875848	3.91755950283071
0.82958971934821	0.463338857420266
2.13719822556459	2.6966833776642
1.44399726371682	1.24562769881902
2.96115142006065	4.06867622316581
2.16465242642506	3.07915820676311
1.4451900044277	1.25945723627496
1.75540721914605	1.77687809472278
2.20796892880646	2.62653051280843
2.12607671515755	2.62383619485656
2.67972569300838	3.17130749414753
0.931025640179582	0.713415069011075
0.763213962154361	0.503801611704263
1.43172365968848	1.83271227689641
0.769956556156964	0.60209993135344
0.9170928604741	0.806688118987831
0.869233942301564	0.583094205956554
0.83084028991084	0.691098105215045
1.80577814402211	0.579897169515412
0.429562719963691	0.123979614580192
0.568021572346005	0.248360868949996
-0.146394580238367	0.0492682043564467
0.83497053085258	0.340892329472099
1.4012130793479	0.749390477184641
0.941412837282011	0.340660708964588
1.63484785533067	0.62840735419608
1.78911093637256	1.83838481058113
1.29193987207869	0.849505837026793
0.534761774029744	0.234894611933763
1.26706430457157	0.902092340978121
1.4948333219666	1.09394741674536
1.68805457094786	1.37389013823367
0.783245299491804	0.490549444559886
5.00373162082817	4.3052457170926
2.40897578010201	2.53646964392386
1.08893444110898	0.697110824280934
1.79934010396346	1.75586108118066
1.76722445256143	3.08555772223674
0.87869610248923	0.938837496851652
0.717131959931607	0.617270533648208
1.81512964750893	2.29191097960606
2.19823170448165	2.63403417493116
0.22651094551092	0.112721317209954
2.10062229402764	1.86484270899576
0.621055058283425	0.36431577177823
1.1547339906703	1.12761968368444
-0.214916221741831	0.0982131415249574
1.06423961914691	0.625262512875164
-0.209372490655173	0.104262474556288
1.29146746251627	0.773895328706628
0.0235552917078348	0.0122782337224194
0.622586327428906	0.409488075834019
1.6245308275284	0.998878124112841
0.781051391057224	0.557030173966111
1.63142971926365	1.42691515511611
-0.890322182164131	0.360068459044974
0.204410413430282	0.0756092871554363
1.30477226290885	0.568283900864708
0.160731270111513	0.0727853598401078
0.313062460470793	0.147237125082848
0.417982345084446	0.218698980802059
1.29612299074831	1.0281981678817
0.816990650960377	0.45078716057526
1.47011021918733	1.59232471386784
1.31276820185762	1.72207055862272
0.282996402213014	0.17100766871927
-0.0260789451676212	0.0168534332459526
1.60246948004024	1.74604902170843
0.963481466247076	0.791886817741965
0.132642956044586	0.069409952618642
1.21654614490556	1.10167271988462
0.867317468843199	0.485438729042911
0.21501237883987	0.12715981701891
-0.0456894423913007	0.0269959163604259
0.346338566069268	0.196480796011209
0.633450028366883	0.381239469134568
1.20779753374788	1.11160939157314
0.359103585696803	0.204544175234057
0.429745213606605	0.24446518300668
-0.117401442688642	0.0553648428480249
0.671199857274616	0.478392469774236
1.04646196304991	0.986808244452959
0.94456810907678	0.754455313108446
0.427520012063806	0.284687019150998
0.541083654085134	0.428654498683005
0.382394302420086	0.252397309486785
1.2549528736838	0.891457866555039
0.971595008878831	0.806737782701731
-0.310114226964185	0.182977650275026
0.671260470405808	0.513944826785063
0.795196273091022	0.790488256547719
0.348395757349605	0.211240941088898
1.17517423983794	1.57006770845984
1.86639697166532	1.04123478994897
0.690776098911029	0.388249180374939
-0.148448308291898	0.0574256722522463
0.177564013917999	0.0805306871388286
0.513643410377024	0.301087226527906
0.50229830345082	0.339244768496215
0.837492856544945	0.777689750383342
1.05338402813799	0.610675295043368
1.22653299948586	1.18757638502442
1.01463651444213	0.773175696737435
1.72891603074854	1.29710659902829
1.59178006414658	1.60912682604671
1.30808770807503	0.778145566009412
0.492028004898728	0.194411795747989
2.85049329098215	3.20031245210149
2.39902745705605	2.13003939596278
2.49618381289288	1.88468808335875
0.151369087079288	0.0679999679458695
2.23619880282992	2.16791671035798
4.38945849109322	2.91573270832742
2.83652796821825	2.52167746121683
1.72949856683807	1.31466538036346
1.11080707350901	0.780847337843716
3.25937324123511	3.49765162954398
1.30862684428745	1.11896131190321
1.30897580612684	1.19741949901142
1.5128137663015	1.00011125812313
0.676852334337731	0.483108849756631
1.10298730862189	0.77445072678215
0.342643669766959	0.145340649478056
2.21774243499979	2.97949213330272
1.35939802571697	1.362197122453
0.146506911259537	0.070269397453373
0.577983388187537	0.279584642259244
0.896116844773368	0.667125913284169
1.24255696407387	1.22094311318199
1.5594332758897	1.65200505629903
1.03475674541905	1.07260649609886
0.314944920357512	0.161018567663364
0.526469811822883	0.312494861536435
1.68440283245096	2.11465270011859
0.347479863055139	0.228855370667376
0.334783270849058	0.188190561062948
1.75511780613636	1.8178564997747
0.96262094921546	0.961656147140777
0.688201984805391	0.606945660198778
0.810158175073525	0.756810831870843
0.219217566006185	0.107528951124754
0.696559896364471	0.386619334455338
0.222863270395106	0.109097149738028
1.31166028001919	1.45445631774312
0.522331846368354	0.56118748865559
1.65284417213458	2.0428069286124
0.911024064181436	0.585446052268558
2.00132037058489	3.61645740956376
1.68019465901586	2.09432611681754
2.3176014707763	3.2822332398109
1.86041120941873	2.10770943582053
0.200348587877044	0.118833119287226
-0.113172073925141	0.0619483519862236
1.62800755484831	1.54171900703802
0.641715688692258	0.422628240952734
0.697006723613706	0.391038167466276
0.427936073399382	0.226094598787402
1.40828625097514	1.88874306421431
0.630473477192614	0.417229412885968
0.576509623493141	0.479465836733014
-0.104935409748886	0.0488560837830052
0.530582799564434	0.39403989932036
2.32059483267966	1.19253828972351
1.15727261407567	0.35899800278529
-0.171916197549047	0.0584619375123662
-0.380841264699724	0.123517522888366
1.41544049321418	0.780724770199679
-0.394453361747011	0.124046891896993
1.65471998505866	1.02439718563525
1.597489662118	0.793020338799944
2.39796402980493	2.11518927068832
1.48127513109743	1.15079927867471
1.79812918936251	1.86890531883878
2.41169078702274	2.14747318880109
0.94378479794137	0.345154379632816
1.64063857260478	1.41802214612169
1.7402799394167	1.29878423600874
1.30193843484846	1.02514498139872
2.0786907816806	1.3023449289035
1.26637726864173	0.903673357784493
1.2750895807282	0.843338545293579
1.06894816283865	0.635182888954554
2.9882386912406	2.02335878913952
-0.997759019614045	0.632770711905267
0.443643082694415	0.214493738862019
0.496658024261827	0.403718453602159
0.830573856928676	0.614221075293625
0.624094262578064	0.370851673467361
1.32476309082463	1.32189795795295
1.15331795297972	1.19531947258384
0.191478185976927	0.0945397378792775
1.21309947490204	1.03928589521083
0.522806741356748	0.332941819433491
-0.178379989923677	0.0693168420078829
0.767810999058807	0.47393530694058
1.7433378120792	1.81140028790541
0.423249333759028	0.201385692904314
0.546027013983915	0.293917457665723
-0.56478195652255	0.313804118374591
-0.395683095478787	0.12929756844192
1.4627204692779	1.17490268075093
2.31057175053643	1.21438601153779
0.680402122684331	0.374332015098562
0.507171462629044	0.198760655004595
1.71952328465734	1.27952616759724
-1.41374057026328	0.986586395334823
0.0130231100805351	0.00509413485170654
0.446969934010318	0.280598780812534
-0.536879595879226	0.290688404874337
0.728507970885194	0.527142210843976
1.42938489016523	1.50572833753142
1.71157836396064	1.97237406783667
-0.175351992769435	0.0931189377754957
1.19683299631603	1.16556068753713
1.84362810872961	1.64996655239166
0.0544980994453907	0.025762277630595
-1.05901615230753	0.587710947586742
-1.2280724817955	0.734527028572995
0.119975641665357	0.0384202964390863
-0.176069297558952	0.102168875795812
0.187233608031888	0.101939954091435
0.62547423341006	0.448604132465115
0.0426130093900032	0.0204737022004042
1.06185886857129	0.891583747710889
2.36811203134255	2.42265117107389
1.91781635926848	2.59621899943319
-1.24597786236689	0.602112760250581
0.949228620476933	0.784883257185011
1.1470938093067	1.26114780460325
-0.216620799356939	0.0972935660841311
0.859701178915899	0.696305020281979
-0.56953344331133	0.238449175318986
-0.639922721364623	0.323232918622229
1.91822553689183	1.57055109703192
1.15620920267889	1.2585063816148
0.74362209343445	0.503434732406313
0.975614650560268	0.797249672206221
1.00148403559905	0.881120464663305
1.33192471490282	1.24647626171223
0.785795628907649	0.483229774942967
1.41207791419399	0.780358043321229
0.0171361067237964	0.00580737159179024
1.06286137030131	0.614590413919427
-0.12590181591457	0.058218504032105
-0.317502091802881	0.135200410246552
1.0691203631291	0.701334004006415
1.07302400027029	0.692552565165733
-0.312938768854805	0.12970071548547
0.111683662022681	0.0364039068986455
1.28663538702602	0.55059686906829
1.82208836004317	1.62751454973732
-0.0306301829834416	0.00860813989029093
2.55578557165008	1.47256534170951
0.117048766034151	0.0378567196806426
1.74746694126447	1.29156874365921
1.4090376835057	0.781986785878742
1.43193784233497	1.206388179847
1.85692985157907	1.29555494504846
3.16710895390745	2.35263793326271
0.867437383435673	0.492172686676662
1.8462630992724	1.26025856674028
1.58159563456133	0.767414815072639
0.828087547800511	0.383835534696136
1.64761380126863	0.997846072213731
1.54416753182648	1.03845482976582
2.65480272396315	3.15094733126175
1.54297414168644	1.02451602130693
1.2392804142006	0.872858012004803
3.74971754774673	1.93779831211469
0.61196773163814	0.309475603509033
-0.802627058429818	0.237488014708874
1.41872931894336	0.787812456711597
-0.0443812600774392	0.0114881357772456
-0.15763095586384	0.0539234542504562
-0.657074351791891	0.240344678366822
-0.30199177019884	0.14500082395364
0.0618825741820293	0.0270109666456771
0.68537947163577	0.605334354556409
-0.280312639059154	0.176631748568601
0.263524132034765	0.14501358633272
1.48117739529682	1.30042453272254
0.503397986263419	0.199613469403709
0.406281954177688	0.189561546902251
-0.184083405498052	0.0898808006940863
0.185121231879668	0.0750175663682367
0.686680925830001	0.527738512536095
0.619896797058832	0.410753792457171
0.431670251324869	0.248528438680031
-0.024677014904954	0.011923977209771
0.498184784650351	0.193919262086125
-0.749843773290801	0.5552561154173
2.39632972829263	2.54228070108242
0.170668355107927	0.0904645265154794
0.897715373325841	0.572803253160537
1.45402453094398	1.62056121293133
2.23777802060999	2.17982374649313
1.62040846156446	1.37687354884033
0.940440852116997	0.759463276226981
2.62852305599725	2.98525091403116
2.82838511731999	2.5431159510995
1.64892119176774	1.32055656792262
2.50057303866719	1.92652875523564
1.19126979698174	1.09204014241507
1.13359341250589	0.811701841308274
1.37051973413691	1.38180882736145
0.893598412292792	0.560099695845834
0.965256243886855	0.680097979834741
1.09377740010129	0.765469725942403
0.556233055093975	0.24641365912637
1.80577814402211	0.579897169515412
2.31401604904763	1.19388560818143
2.29385220044258	1.17127685776824
1.99364822504864	1.93121634757997
1.29235187045746	1.03437583601088
1.46100802801954	1.17218793268909
1.61737311024481	0.980546660623937
0.247869217553826	0.0904249466817888
0.505433642040528	0.199705180315975
1.06399991793184	0.678405572640571
-0.577126010092832	0.244784219870833
0.181703857427654	0.0735929490122777
-0.73139541232813	0.337821989074221
0.843671130179082	0.347418615646961
-0.343409117690209	0.190314979085739
0.196634409297637	0.097993591807144
0.482868758829724	0.414500980459739
0.419516038990512	0.332876687413738
0.292760777896664	0.136543470184582
0.500712236541541	0.369060845085749
1.23148842773129	1.14166851871975
0.426033699828222	0.264423713526451
-0.814485386645633	0.466946755087447
0.625134537345271	0.369565620899158
0.0654940280603481	0.0310323612410581
0.725052008549665	0.483593616522211
-0.199888819918536	0.0880777547276547
-0.0171616061381902	0.00765638782391407
0.433635909151681	0.271814960910113
-0.375874873627398	0.145412113388377
-0.917042129321688	0.371783282858167
0.0164260514673272	0.00611660299985207
-0.410214314887801	0.12965341673701
0.539284030213388	0.237842251177194
0.129376114080453	0.0410065090465042
1.54787207561061	1.04412419392205
-1.07889934450323	0.484743714044165
-0.223041694117614	0.108823021302532
0.455743401614183	0.217330489627217
-0.036868507315346	0.0176267668027663
0.204227728151813	0.103255173637367
-0.228303000948977	0.103370246489532
0.425774982989305	0.245001378480314
0.425875653097834	0.244212392997646
0.526968176856385	0.368522344804436
0.99896930894677	0.754396311471171
-0.70151892569187	0.428658677457183
-0.49126825157285	0.335372934195417
0.450020728405962	0.322204880513
-1.69073058659169	1.03389288594263
0.356363242027422	0.219218716726856
0.135915643285402	0.0825205816422573
0.33816629376246	0.191224812753121
-1.24211681344818	0.608041107525559
0.317197378933333	0.177222122772452
0.196102410411213	0.103527948987906
-0.724829087919155	0.530169767226914
-2.22146571212645	1.85910780085906
-0.188258345107939	0.110320986105619
-0.401016141146948	0.204811896421751
1.33438988719171	1.1529207356102
0.63171561973073	0.414182585990133
-1.01733444474206	0.891949839389598
-0.00472888909666232	0.00275441095866601
1.11944893658446	1.26757690741278
-0.6838096553311	0.582879096564209
-0.114572071640149	0.0482089595334179
0.717380188673705	0.527457459353256
0.0893567540515266	0.04681967407176
1.19233838742456	1.01923747039093
0.922365819812058	0.731271160906106
1.1993881142745	1.07524710237698
0.298408064685761	0.138309894898819
1.2926168362772	1.08648125117361
0.557464778418593	0.298911452914309
1.07878239784977	0.681586391864319
0.11512728188356	0.0564807722305391
0.295202207683007	0.151471530525338
-0.791476253065236	0.446472271081925
0.364948353155743	0.223138124214377
-0.126391888610381	0.0520658516848825
1.54726682867498	1.04854242409078
1.3233726691507	1.12297773564154
0.775353610935478	0.477780675424551
3.2777924395035	3.61620319651963
3.13849098096591	3.17043651103332
1.86068201931467	1.05438865691141
0.334848315016381	0.140830786764548
2.651275592066	2.1684930080802
2.99806142187589	2.77964904123403
1.8651272451545	1.2799893645328
-0.163463852089671	0.0634819449634844
0.805780421426488	0.371627668387467
2.38268547955109	2.09886540805322
2.08336726838091	1.30258213412441
1.53298656555503	1.03324550121314
1.86867365227635	1.05881704818709
1.07766771684919	0.683705835459587
2.53551520446432	2.43102333906639
1.73634572250278	1.28355734621715
4.7229566900869	3.62736792653484
2.00855610589191	1.44888410840535
0.425002932172299	0.222574008626821
2.69850780249104	2.74807644054599
1.89414883183282	1.51326400166296
1.84924575470113	1.25116098446552
1.78611435211038	1.71372160467735
0.838611273146793	0.568999890024304
1.30266668215953	0.790008427988354
-0.284035957885235	0.115790036379227
0.31558266524237	0.163241326364323
1.25262772004918	1.39347129175383
0.706547536237554	0.661402712083657
-0.313256562700529	0.184887289448581
0.731362369703766	0.489646023363399
0.0897785643278529	0.0470077094919365
0.849878408956517	0.687022156453905
0.93416003647809	0.876719883285855
0.766062154721353	0.609040583273904
0.652418221490278	0.531209007720373
0.717793831750296	0.676742269962941
1.44935020735377	1.4381827049467
0.0796247578845279	0.0478349565231118
0.913244636621917	0.844167592476541
0.799774333519726	0.59204761085889
0.693700667707899	0.762140650991218
1.4617691496458	1.47481491933543
2.16170774097104	3.09106356127202
1.49475417109036	1.09866754824094
0.90716806837039	0.984989940349543
3.33763031950711	5.70043240960723
1.69630195875533	1.99974023588788
1.18048981918123	0.99072304693565
1.77815322670561	1.86076920855414
1.66735723186181	1.32113894563119
1.46549579331713	1.18636703370197
0.674545850359718	0.370978980623452
1.29881552320161	1.01063255154157
0.915184837479037	0.586821471418396
0.311507972442133	0.14471604573493
1.28104863145208	0.853710083514789
0.811563601436687	0.412435212610821
1.26504397808896	0.805482470607092
3.99017430362802	2.26671938569824
0.613380884425281	0.307203668125906
1.6705654570026	1.32738184172395
-2.11625496161792	0.64084087948516
0.313810792746546	0.160958232953187
0.81647386771584	0.416418246932876
1.04351035048126	0.606565966582698
0.730224355967683	0.80146618510113
0.591149125170681	0.501545138859258
0.534101035056093	0.329666156824467
0.608701035148283	0.461813873976696
1.02926799305742	1.02053859152721
1.42093815589519	1.65602076105792
0.646959848860925	0.645935138586128
-2.05039809681286	1.0025753269067
0.851450997763602	0.486670535732616
1.32198144787821	0.807244461253525
-0.56454321109917	0.238736396668051
0.97736782426333	0.805237450389113
0.0166179675580855	0.00878222553110087
-0.805345768994879	0.543841731680611
-0.399456153530042	0.19990488635423
0.656135268585016	0.35655966047627
0.492491252941001	0.188899891553375
2.24699569605939	2.15173378374924
1.75878481445212	1.8163216951021
0.599452465260014	0.292197276958567
-0.313737743232515	0.131486747245513
-0.225297642883801	0.102364743774772
-0.54916703103093	0.272014249418758
0.7464266556587	0.449572123756969
0.352860464797225	0.217509118218473
1.59940531078695	1.39378578694048
1.04080730310173	0.64383257941774
-1.21176760273185	0.729321883953463
0.803393321235122	0.68920240472925
0.0202467793354653	0.0103893182631908
0.373851521089422	0.251543961927062
-0.872871347723984	0.769921987766356
-0.343115048664062	0.223454948972992
0.0753382215951509	0.0421847097615986
0.75405510756445	0.597356186268971
1.05063564401966	0.790392770552019
-0.515430930655675	0.41842189170096
-0.68210790285517	0.415807255128759
0.541580615018097	0.342508803572908
0.613234732626184	0.302750918762857
0.363566723110722	0.242884039173754
-0.165569259175991	0.11899562807091
0.548922986022732	0.297835898072359
-0.268277319584182	0.198410990463308
0.438447916646296	0.316521066230982
-0.75483285379779	0.546672540818905
-0.771540085690442	0.56729576306936
-1.15008141298512	0.980030064816155
0.929520382157817	0.877772535663396
0.214461852948128	0.13523235453015
1.00248377948126	0.864998626318404
-0.175016773793782	0.106982983844559
-0.0101046467676994	0.00500203942236225
0.883719880404033	0.909627210870175
0.81495838475208	0.8345593673884
0.756910461208855	0.456614054491448
0.62849210801287	0.413215007348341
1.608633444824	1.66798375682402
1.53072017433425	1.01390063422316
1.48951727727531	1.09869980508337
-0.389607396811794	0.148243444862439
-0.888295924094136	0.528498948671824
0.94743970040294	0.660614825583887
0.43372202925391	0.208636619501752
-2.58672852598582	1.61784305422966
0.329026212955664	0.186300336061668
0.831990004118442	0.45632336708622
-1.89349850032492	1.22520851656837
1.63844890822307	1.56603125227965
2.38956754779005	2.85686788306227
2.04873762525839	1.52433452625415
2.96085894847616	2.78452805100438
1.78720397234946	1.7363561793732
3.97925328168873	2.30998663039654
4.56957165732704	3.27787759388164
3.18218001765957	2.38456053495702
0.513190537639471	0.218928840497921
0.834374494064933	0.344096259967968
1.83501184517932	1.64225818453867
1.08778279121328	0.584158961059145
2.5380382175527	2.36367906423384
1.30959439159398	0.80293787684695
0.672859612711435	0.404542018299774
3.4083270505041	3.88427199970904
3.14131331460901	2.35504513111207
1.79138864436924	1.70933440105524
1.14603983901454	0.558335289015246
1.5401310352498	1.03106362227846
0.238151997056704	0.0895318798643221
0.847538348836839	0.470414451317397
4.84801806999288	3.9102898099361
1.05940504187917	0.67308990360882
1.26618653610141	0.912646897596771
1.48675373464292	1.08866301345418
-0.191626189885816	0.0946238060903925
0.620144485908153	0.402006602226842
2.05968292897132	1.54556812475991
1.4616577727354	1.57978373292895
1.34079854221692	1.49171609550799
-0.687569063505242	0.426104194559524
0.531939256078574	0.371271162910358
0.659702438833086	0.402228123695452
0.917183844542322	0.586296686288661
2.27303746209993	2.5415823722154
0.945632203875142	1.07893366827548
0.826080362680905	0.418346571800901
0.521148950568077	0.310308475714841
1.44841602527463	1.14981346675833
0.294856521291049	0.203307610963277
1.10773208045968	0.797804290732539
2.19948420987957	2.65049831607155
-0.403169148881979	0.204671840660842
1.4230362811945	1.81999910157734
0.434115773131955	0.210335142669697
0.857806210979726	0.6943209088337
2.40302087095808	2.79156307383116
1.11854929545603	0.845138679331301
3.49819740041752	5.39286382098697
1.29665760766346	1.03042053803177
2.14940433476335	2.74975993522044
1.94219654058909	2.03418249701949
1.69790361168374	1.37310558861068
1.8757490063465	2.6691251925829
1.0663816079978	0.634344758926105
0.809178586260851	0.377637682399552
0.386804340501861	0.0890870371925953
1.15224659820535	0.548409532433493
1.30522142381218	0.567344958342195
1.14610311986173	0.891556092938471
1.61646375887277	0.982534174341183
1.29669747052123	0.56160372479477
0.853459639935823	0.467497057709118
0.803893535339392	0.416278755296521
2.31307978363624	1.18804908096486
1.29389204612717	0.782606847337138
-0.666869930078025	0.244197590106632
0.827865175138229	0.459754359138784
-0.682179629707519	0.252708809593937
0.931319012110859	0.340374442344156
0.293310452602215	0.132479747329336
0.811226282868619	0.37833277810164
0.792437312315741	0.572669123665585
1.45517205690186	1.53178089314151
1.45940847789401	1.58970328182122
0.86027069919473	0.701633851217299
-0.640545054000476	0.376075667267289
0.274426195020248	0.166612104767221
1.02378793242981	0.786139865958109
-1.07804096476574	0.478684091697209
-2.05313775936377	1.03854612130225
0.565545852251361	0.302820279408303
-0.113326847725049	0.0477756297753542
1.45451596690329	1.16703511080261
1.06887802115343	0.92917109648598
1.12106837825148	0.805829845726423
1.13786927491064	0.880810669470075
0.153677173836458	0.0631265805049318
1.26971937083795	0.826994456146876
0.482402452376344	0.188538544794109
0.183004667944396	0.0831048829486555
1.85415487896221	1.0233821084823
1.31202467756449	0.805837609249198
0.842240077963481	0.578533804674487
0.645164553408474	0.390021342693165
0.662106938603215	0.393601114153552
0.949142466282178	0.658553184453345
0.752666018451996	0.595581471759967
2.33625108877876	3.70004291377729
1.33486883391681	1.15199455283388
1.57943905272509	1.60149859755419
0.165367373293117	0.0743945977491208
1.11809272143286	0.807675640040223
0.76637872399383	0.473420181440207
1.33187351201906	1.23610739236022
-0.200910263555026	0.0999938244435432
0.151367735320692	0.0728217392513017
0.612097904988912	0.360634996808661
1.28493620185787	0.982625973434374
0.411790183588245	0.291530752331012
0.768199716261399	0.605937257279443
0.797198169806317	0.369680265832575
0.597685633345495	0.450955542037469
0.767806636973164	0.60294372095252
-1.07746980983718	0.590842122310443
0.425478342221825	0.202486161571888
0.323174960038277	0.164462284890304
1.90705635364306	2.06161579429871
-0.00567267728145626	0.00296170126003364
1.12370927690906	1.10497999142437
0.0883858608409347	0.0382018806206045
-0.430257315039015	0.276668228690797
-0.198062219801687	0.104807825214163
0.695639359023368	0.389815359448058
1.10698176581648	0.970455836043077
0.343100836119361	0.194634290666776
0.52190919460213	0.305917714603815
0.518424655650792	0.308770559094817
2.02687052750029	1.52778089812084
1.91290051029376	1.52940914797472
0.639362400682117	0.369838859342023
2.98458644063446	3.54182439160653
0.967625787507908	0.666739765860767
1.06457212972389	0.623249976351026
1.30546133504798	1.02742924059826
0.105262199697513	0.0515530960805637
1.59943183630054	1.51680615580183
0.332293853956544	0.138195712043484
0.464267169339298	0.221418514404175
1.16337990723535	0.561723252925943
0.861821910024274	0.696505548756325
0.96855176400686	0.677352222511953
1.2676797038262	0.90027182489224
2.82973340442045	2.54850888824256
3.15852335445024	2.35371884904156
0.0717050241600324	0.0310232869536907
2.13661776613205	2.22516779802602
0.503397986263419	0.199613469403709
0.870839054601023	0.499462823944873
1.30728694482931	1.20410943528495
1.51712513471801	0.954300768655357
1.84407924577275	1.26514499964017
1.94829783283283	1.89432387495785
1.5745506025279	1.55073641243956
1.86274399264845	1.06785866480649
1.05094684127552	0.603843112175026
0.9089379537602	0.577094759903182
0.844724314098879	0.67698687857999
2.086415629004	1.30883166852143
1.28749715819461	0.864689657998557
1.05930526091741	0.563138426424456
1.65468059634266	1.01883668551349
2.08578212462603	1.88288722514636
0.944909518741329	0.650134427631411
1.2708020422091	0.896132782827957
1.45125326761564	1.4484466525399
1.29009657123439	1.00129215827587
1.27564801922658	0.832323612372703
1.063496190545	0.692156824289279
0.884801475459103	0.656266412593555
0.972219572841364	0.674520839733035
0.851891943089349	0.68925807176113
0.554661503686688	0.246395486759157
0.81386482841811	0.413226020975203
1.70809198576978	1.87278919385904
0.530317324344884	0.340823117586577
2.05254403405726	1.57205190228673
1.47827044642887	1.07601676825339
0.559754226630208	0.405505875424159
-0.618308738538061	0.407039673967354
1.1974337955667	1.1016217183614
1.9982933164102	1.90360387988579
0.614493110885686	0.304827019025093
1.93313955438474	1.59235898892239
1.47775863179731	1.27363698964012
-0.330410144171863	0.141241255030927
1.14958208754258	0.89599134165496
1.73438616476071	1.87955205530609
1.2780171533641	0.924278917970619
1.58206827560014	1.69652557831726
1.56815514944791	1.82580932343615
1.15179568245697	0.563169681372569
2.65253655708337	4.12822879369115
1.61341780443631	1.39239977750867
1.30146677098108	0.982127802332412
1.62160761825614	2.05277001105634
1.47327150286232	1.17020950831039
1.09623362055932	0.583899677259453
-0.319004015513152	0.078546017662404
0.809438420752461	0.360994467841334
1.15728241410937	0.352515563851567
-0.0251966205089305	0.00735448715938628
2.29811218581113	1.19514681166661
1.52893492327673	1.02864940649459
-2.0447979212153	1.02531475832328
0.709437066892335	0.3954431354299
0.807936690048719	0.377551806432968
1.52210993630834	1.02077812860883
0.857187854021189	0.48227330846609
0.200804523947643	0.0733873248393942
-0.048254102822229	0.0127017345516055
3.07926967573396	1.29774028538104
0.563633722262335	0.249073587464178
4.8791329090421	3.95694601487939
-0.0198267805830753	0.00913944805509853
-0.661020256599641	0.239727317215361
-0.558420262089623	0.270248991724823
0.544010767925088	0.239409053304726
0.621202558075527	0.311200704930122
-0.564129375746872	0.233832313032459
1.25928035313357	0.942264129360366
2.315092023563	2.9861012931875
1.60305386513445	1.52246413436902
1.30586748490732	0.776412688336833
-0.711023538500753	0.327842332436107
0.611886151381867	0.305527850418221
1.15634934318489	0.560525074330971
0.812207522462792	0.421323526298638
1.0770673389112	0.636449429481385
0.128929522368958	0.0410775743001175
0.836878123241514	0.569016606245591
0.420427965722631	0.195734701107429
0.957967583957985	0.673301472521571
-0.140018365502581	0.0471954956413851
1.72726831392642	1.23725499130318
3.50975176117984	3.04056930877822
-0.169723703882629	0.0573200424471105
0.932992903648687	0.343213802779003
1.91556938285272	1.54334885175751
0.646776199996733	0.393773510418947
0.531794381716253	0.235487202130682
-0.00398355890785952	0.00106916565623154
1.12607691043809	0.794322480996865
1.83143573971607	1.22425371879918
-0.146520604471312	0.0497594338461274
-0.57341596264145	0.277475697732345
1.25143287242662	0.815816089175151
0.540181989826546	0.237329737493529
1.48811481177952	1.1035519174105
0.55587719285994	0.301070968917801
1.3051914956561	0.948135983688632
0.750234309466408	0.451061879196607
0.342090899702058	0.145232810522236
1.45683699274578	1.48533957920816
1.59048132590762	1.44575687575064
0.608968764678425	0.306249599941009
0.554767296751069	0.300784235315765
0.344542398371583	0.145841085353077
1.64600599578111	1.45234576086
0.194793483242818	0.097099711392098
0.55450462775528	0.245379926454346
0.348341992123722	0.144210154694884
0.962890538079082	0.776847399111793
-0.745129998230492	0.399226605271347
0.76995146995321	0.469984097098364
0.165697947891198	0.0756732935845473
1.54643978221977	0.999045202314884
1.66101175764271	1.36652350305749
0.793690868372044	0.57662006683269
0.826275530767525	0.561157380660269
-0.632779424954518	0.325034143550111
1.07968310649268	0.900988915947561
1.21681920724462	1.15617009010518
3.004176884292	3.50468657505851
1.35973569116532	1.59330185233449
0.275616925511834	0.172155597961358
1.78174635917324	2.22172021877704
0.682702231176387	0.49209724296403
0.616873794599124	0.302032805403974
0.699266917395776	0.50006710284482
0.437822857991463	0.125700108084046
0.108464315585001	0.0571059761709616
1.34606395030811	1.13847327665278
0.793961484486928	0.584949280140572
1.33724183837127	0.805195473238124
1.86107127627097	1.28775659759055
0.547451184290275	0.298173853918491
2.77099113591411	1.75779269442633
1.31251489260667	1.03962477752307
1.45298212979912	1.22603324170173
1.65826881450668	1.33860026257855
3.51105908227533	3.03578082267048
1.2761085493088	0.835509128011183
-0.910344182663694	0.378489730435532
0.908395965091669	0.676766563490866
2.00418321408771	1.95648041828121
3.65704212550581	4.69176640065576
2.30097214686143	2.93301010961245
2.22076849507501	3.30086955670566
1.74784930675538	1.28860524678018
2.96939454434935	2.05336509769268
0.493791509384546	0.194088629122084
1.02198741967971	0.905968415961019
2.41416879019681	2.52200279773752
3.27289755612878	5.38899680018525
2.77674672401272	1.76616704687936
1.11146887226951	1.00663882049954
1.30130654305026	0.773363947108818
2.20775883901588	2.66557893468198
1.4826488691563	1.16532264922472
1.72865492214619	1.90318999386809
1.76758101672978	1.82308271933717
0.922988897549369	0.683217293272981
2.31275496202868	2.93800022415418
0.768879832949923	0.609346974675949
1.32314075491553	1.21789908624766
1.24004013903864	1.37998983434778
0.445631539029403	0.21149920005112
0.956003707799174	0.89810241541051
0.551068283470009	0.463988548639994
-0.481678025792165	0.244746941609596
1.80594458852872	2.8870221364346
0.205962752290054	0.101609274028025
1.58383337693793	2.25020014305894
1.05622435035514	1.18172355216709
1.34854722277876	1.35722743820896
2.0157268567461	2.41376944491789
0.55258642033736	0.355556523444884
1.47410534815006	1.27291305565514
1.84435110131751	1.64094091547006
1.29742229366441	1.60044675134817
0.976614719798943	0.669314978540003
1.45297657721439	1.64721704157183
1.82038420872485	2.24516048888928
2.23960265723705	3.03847621243925
0.82848856139555	0.754949643997859
0.717098068000746	0.477703834720855
2.13471498373924	2.17613630489129
1.34075120671402	1.15791819246152
1.71251477233437	1.87876189304167
2.39783237677586	2.77628315212567
1.03274210897782	0.800431102508934
0.450605986188488	0.210997476487446
2.16902357775756	2.26836493982632
2.29966479340671	1.18965422676083
1.40826695456035	0.779223844279508
2.76810427077216	1.75666097713263
2.31405772026894	1.57718645943774
0.422265706596003	0.202894206944586
0.763623043141444	0.468726029299112
2.983532984	2.01472861399949
0.49664213112728	0.194034453925833
1.15741469029184	0.560559246659765
2.57335103037816	1.45352668039855
1.07317032046272	0.566099247271721
2.30361004489947	1.17965243345041
0.845086894101001	0.483361274012395
1.06234148525439	0.693625646213048
0.990475260199119	0.697052266846571
0.854505959276968	0.470542183049717
0.676217380934895	0.37077380641765
1.26885620498748	0.834461225374576
1.61836635948129	1.65654914879294
0.894932822218824	0.666197505708187
-0.0937665718771524	0.0392166723739507
0.234152757399608	0.0857782849258167
2.51590288855325	2.81528665654678
0.833611041659356	0.473299046818805
1.74785447839172	1.30059401055771
-1.1345106653029	0.64606001118763
0.293670043825137	0.137162261914019
-0.455856881153814	0.235719244654445
-0.202827545856769	0.0993355163531973
1.09519214606358	0.712057816631029
0.347457683408052	0.14586322920442
0.902367181211664	0.677641100007582
1.65011564094709	1.03925677674635
0.97843483803542	0.68899768152786
1.2847997521293	1.07938713072499
1.64354275058959	1.01781606327869
1.83939170097244	1.25898932636794
2.58329078839447	1.44448913373216
1.14414360644374	0.547205651311619
2.552432404408	2.48268529619419
0.41093544770257	0.214796124275297
1.89845974493317	1.53657030304879
2.07864806905583	2.27059286969517
0.899228759936659	0.663434470784392
0.833306179850276	0.467015317081031
1.01524991325176	0.894045437517536
1.15768581731572	0.902283204551907
1.46183152161835	1.25672706934172
-0.103809393620873	0.042999641773439
-0.107405746393852	0.0499614674053993
1.07966522747743	0.881034109212055
1.48701985753156	1.10173326769204
0.172385196077147	0.076640500727179
1.48515410605026	1.62166131060803
0.848291208648963	0.573209927765869
1.63119878615803	0.794070380061484
0.974585005970261	0.669748296357016
0.609871591999697	0.30523898430035
1.45939870583541	1.16466624979534
1.4680477304854	1.37601883471677
1.2743018642027	0.824475899499275
1.71972646807244	1.27088238794324
1.14132460623349	0.875346844853374
1.35837730712385	1.35057984822748
0.151531062125513	0.060098875775618
0.972545136406277	0.670551390114772
0.773032840433148	0.484331748065829
-0.473141112400607	0.250843321941949
0.109536359156058	0.0581124379365571
0.818247786337981	0.418303690797958
1.05218683857674	0.549424906282023
1.63907685658774	1.32268599071556
0.537446777008621	0.321515291286591
0.158894657785432	0.0642800174154658
2.13360642854932	2.22983296956846
1.67020340748141	1.36277513390348
0.554697686750718	0.245901695797952
0.22944493522199	0.114432665032705
0.957746612140376	0.668213364184734
-0.0377800847371341	0.0165157360992521
-0.336037431567454	0.199026696327122
-2.18659919448505	1.16476183939529
-0.708961000776536	0.325625998733456
1.91672010910949	1.96173669264174
1.89328172072379	1.0428693960867
1.26025394884924	0.90624317175132
2.05365780269796	1.55592503762789
-0.908695438725455	0.37458253595936
-0.821583730054765	0.47383065399624
1.46116988264854	1.17371290564559
0.120781250455557	0.0381460420279336
0.147932334265432	0.0604013542143535
1.54639038549009	1.04517160822444
0.18721509939478	0.083791119433978
2.12127030851161	2.18861436573509
1.12736598188521	0.797974138440354
0.60989059409638	0.303975145077441
0.535928107060342	0.286778132649303
1.30714426312137	0.802601245126396
-0.183470158700583	0.0602601904119476
0.452252270492772	0.215934650924276
0.447069563587832	0.260998747931928
1.30824403208752	0.79206187940631
0.751434150658056	0.505885926344623
2.51410743424045	3.62097769227251
2.23797163457336	1.81439843250366
1.03942314924644	0.595204215063408
0.609291491906306	0.493305671400259
0.87024250748531	0.600608366117897
1.71341621908734	1.25366058335451
1.4741422766119	1.28628855908749
1.32974262765128	0.785417054709934
0.84197426567474	0.678447890066752
0.308090728879297	0.145075427323208
0.435751012478365	0.226882431899513
2.06860354739108	1.55011431490718
1.32299620612197	0.809757663464108
-0.555896916186215	0.310685314667741
1.47518759297296	1.25429891279574
0.811153612027826	0.413036885200569
1.19337750697039	1.00914630146477
1.16574299151263	0.967274647451073
0.549612814936838	0.298458233919444
1.32148635690189	1.143721526596
0.907229905466061	0.774101175919703
1.30176040771124	1.1078475185117
2.51969546413335	2.83063129034061
1.52482047090586	1.03142319932844
1.63369673760824	1.41616534648631
1.73117438284316	1.28562452783141
1.62817681984974	2.13439053677711
2.28085614724744	2.90540325836249
2.01260624759243	1.97196839672321
1.75113590282585	1.94013564802235
0.539407586375562	0.321813213665651
1.33556148503354	1.70455407017321
0.615190600214502	0.398305938574898
0.321661235458349	0.180214275554812
1.28286714350184	0.83991507940401
1.28461604492071	0.924786606248641
0.54691076889853	0.297379111338468
0.770031246193272	0.483372080104322
0.812203679255373	0.420963385824613
1.11469352276651	0.792719175016809
0.431075561350208	0.125077759967491
0.499997815075292	0.196402910307087
-0.396642430726297	0.152495243687286
-0.671815887648162	0.246483097283762
1.47123536580773	1.18368845145279
2.29915759893354	1.59392490236753
0.84103596075863	0.432869452576772
1.1408228428578	0.550280813686211
0.491602361172559	0.193427712020176
-2.05007421568809	1.03241444373421
0.830528578686303	0.341654234577183
0.851533307373167	0.356243754739349
-0.747123863576348	0.407054036719118
-1.42606403504207	0.713781934195669
-0.914190462324628	0.373839948180388
1.15370648964429	0.559983346549141
1.12342484504796	0.785416533306601
1.47819867304586	1.19155538663307
1.51810354295824	1.02827749800006
1.39278981853349	0.729876894135584
1.29917554414187	1.01221830391806
1.07611897568719	0.575982898283268
2.05178901623773	2.26673442797802
1.13128651190372	0.546620695946285
0.240933929592135	0.0892439315072993
0.781185489680797	0.488951133589033
-0.390241054922291	0.149377056687472
0.822361420885446	0.558546889842894
1.14821411018102	0.943467749294168
1.17685289921125	0.981895238327762
0.833481842663497	0.42823196618569
0.541612402073579	0.285997768916073
1.08936353498238	0.701184522002006
2.31618047107601	1.17068374000622
0.513387986462504	0.19218775410479
-0.374467041306491	0.138128943423394
0.299003447038611	0.137972109629263
0.812945712479012	0.378134891218562
1.06909385702044	0.566750036905552
0.612932126711693	0.304930104594982
2.56652804806831	1.47331594963881
1.62782062465295	0.997053535891714
1.27529039805809	0.826326882726224
2.85322849177576	3.16586677640142
2.66557621418763	2.10133051378041
2.2674728720251	2.18917508185006
1.99089662502541	0.890702019814301
1.8457916400921	2.12344876036789
0.0558272477671163	0.0261881092165017
1.67622482822364	1.38060777504306
1.30943067965115	0.566502865068024
0.866673035019351	0.499607094152501
1.92325049201264	2.00752124205476
1.85474858991956	1.27763988113757
1.52179443284398	1.0224741819074
0.225524101933855	0.111379693063177
1.64689001370609	1.02186125762842
1.47533271027418	1.08177517445125
1.63703953318575	1.01284206508751
1.3237731051744	1.22959200565004
2.00613181544296	1.90761865483524
1.09607562809207	0.764686139184908
0.958936879100091	0.665617360987457
0.64637475908277	0.387468604119569
-0.382048248523083	0.14658945392409
1.82312265486192	1.63702761171974
0.550575783748434	0.300527721272203
-0.00396137982300766	0.000839652142606312
1.0860183126308	0.575391331889099
0.84583964444236	0.479522891722773
0.842373560430751	0.43232470491052
1.86620579893895	1.24742917623962
1.43911604220019	1.44793364059358
1.18243995108116	1.07574366712775
-0.178804667211584	0.0693790172824859
1.42762990380304	0.789198036355685
1.85207790632748	1.64737076106483
0.774802394509351	0.466757275317415
1.29319236421741	0.999431831463903
0.870888285849054	0.496678859106153
1.66741572942303	1.35596233447062
0.166447209342884	0.0751814854292142
0.639239614202498	0.387160121335365
0.464487651112215	0.157269556750763
0.15928738010365	0.0702534729011943
1.13969028029589	0.542814379380997
0.0740342834746579	0.0323695331788529
1.06520411456208	0.619583257786058
1.07911111527153	0.6386529414226
2.83238770470699	2.56103659416468
3.92593533766199	4.07365708152714
2.3872290066054	2.81798936343229
1.29326436892335	0.997168748357772
2.51787251203352	3.62507025599906
1.89809251106455	1.55408670515349
2.38967219603729	2.53392127678662
-0.310908599947369	0.143793672092208
1.47789430260287	1.36799029352245
1.55839033228859	1.76829775840966
1.26731081705179	0.831239182428037
1.02187415036499	0.798436672698843
0.287039209746104	0.142246841214804
2.30686952554895	3.3317720981343
1.22218913217984	1.2763742620696
1.73684157360591	1.79172527600366
0.715417483486277	0.478597974454196
0.837485660710519	0.478353156912057
1.2325539190036	1.52226889706728
1.96062989443605	2.47209664256644
0.205751889471908	0.0995383885455545
0.638901505215239	0.416356436256984
0.52105659233142	0.331022858948952
1.03980979595759	0.848696361087391
0.714889594809344	0.471611555522113
-0.412267500081079	0.181637490250369
2.07291081204912	2.33280252602931
0.331321432916098	0.141716188448251
2.50943079456843	4.01342443930651
-1.15062044436383	0.674086365925076
1.19333498635412	1.00602512314719
0.927250671461147	0.6939116717132
1.05757133894403	0.800782996657268
1.920890958291	2.00297715425888
2.21731990973473	3.60043047226013
1.62338825742906	1.40737770026829
1.63567854983184	1.40471733637289
0.615947225045646	0.395674511296728
1.455564739745	1.3203276088258
0.805461455260648	0.592349112474827
2.70053223851771	2.7789234376075
1.44647965619941	1.1491204323067
1.46123909295556	1.28818356387792
2.51003683333938	2.70793750665118
1.123495051363	0.845047647199891
1.00896543326968	0.768015510281773
0.525283318347947	0.349600949474378
1.22747717525961	1.19634575669391
0.698054101658956	0.456324645822481
2.30671911174366	2.56452458794904
0.582099312471214	0.284610837793489
1.67911301396092	1.35989825077676
0.338030781418804	0.191443151224504
0.973698220171096	0.685809372060744
1.08505925348571	0.634781495006019
0.933359654007764	0.340188237502439
0.100449199241875	0.0328819881779644
1.09112407993369	0.577914917617354
1.14374327887645	0.553192139615426
1.87662719945986	1.06736735886679
1.31149991811851	0.573872985799551
1.8549198373601	1.24757041363576
1.6679326301198	1.0225045227474
-0.135080564948195	0.0627173357261083
2.76607926157132	1.73082789242852
0.0131786499257301	0.00448941088064551
0.808386852537043	0.414699069637206
2.20881949165441	2.63792127304041
2.72049550677963	2.8495605137387
2.15183562372255	2.24836378180306
2.40062571478343	2.13851359997498
2.28565775225577	1.59342527431904
-0.160482880836261	0.0548586824053163
3.28230771430902	3.56658808804694
4.7184742512847	3.61582391023231
0.622710137186479	0.310814630636767
0.464216542233196	0.222310783703333
0.834131582133492	0.576165587372143
0.0064827989126202	0.00246388166483067
1.32098064742689	1.11817174800702
1.44645684746272	1.23075279032919
1.27276445130554	0.921740852730794
0.226275502076435	0.0842100645021995
0.232290965857625	0.0871020395712512
-0.125439651383768	0.0518433905025409
1.74325354791623	1.29866656777236
-0.46203947883459	0.212070370260673
3.07394835948079	1.31896016410163
0.309204124247748	0.143823522658276
1.50698575801268	0.998212223738578
1.42132980635713	0.784650778656849
0.812750923360612	0.426084879413812
-0.00146343021513568	0.000340196892716069
1.66301197768213	1.33203045296491
2.38079447946525	2.48332258667622
1.50938861870467	0.99799188654785
5.01779287314493	4.32698710236303
1.80799501729727	1.71198939870061
0.29432536356312	0.138833588080003
0.419678693729125	0.20148866680532
1.27565640600013	0.82460661103851
0.546532223328277	0.23554552773272
0.59904766566663	0.298039993099892
1.94838342590485	2.02709379272722
1.63148005652065	1.01564126400277
1.33145496934925	1.38799246016374
0.232286267085006	0.0873338474644755
1.62985271930883	1.54799987568186
1.30792322369739	1.01604164423464
0.552910541029464	0.297722551605931
2.06346612999348	1.83506319880238
1.29549949953925	0.763324193055406
1.47979126417429	1.16846823228305
0.842156623036087	0.576026809469143
1.48411466543017	1.07828503661103
0.654376052770493	0.393856827042645
2.29044185641668	2.60360564469453
-1.49180750690181	0.790926357941176
1.12303350156185	0.791257064643503
1.65127618523038	1.33674924405854
0.809816733454694	0.603739325914931
1.64573905379244	1.46531301672935
1.13081081355661	1.22155297537133
1.61893348576175	1.55342511192914
2.03135040043964	2.23511522323713
0.53671160606258	0.288372331871558
2.21512075086483	1.7912396609958
0.326175315597089	0.139242119877465
1.86041055647179	2.05814234868854
2.06896360116133	1.55090465031474
2.39227540843033	2.14937765919028
0.684743802594939	0.381228188138082
1.15704194287237	0.975531160575534
0.526966564086693	0.274744452578688
1.11387974038327	0.792913162453625
0.404798266335479	0.18974567025147
0.992346245899873	0.891332898850056
0.504706331818077	0.31221806301656
0.881473117835094	0.6483395819567
1.06344767730151	0.611956527310836
1.52223875569907	1.04279293824529
2.36493426074395	2.44355158798015
0.844761074848082	0.581653720014286
1.49747809557758	1.51995577964956
2.80187490448362	2.43887194742294
0.150339192478033	0.0667893269859703
1.77637766138304	1.69150429129836
1.27699632462194	0.835469018964905
2.05153053128817	1.54318338889876
2.08928876165216	1.88204659580742
2.64914907928579	3.0949326066735
1.0023398009377	0.766418254538166
0.160127856844797	0.0651825638305149
1.81928817200564	1.76286547820945
1.48691087972446	1.27779492044195
2.63492020056373	3.12847133644523
0.83992264226905	0.770061803426463
1.21973300435834	1.34980342988616
1.42933852517919	1.21777289687685
2.55471544261667	2.4745167527305
1.60170764347433	1.63758354846029
0.189247797120127	0.0838498192254687
0.784143989217594	0.477732329484146
1.33062495718109	1.19608237091169
2.48890669252203	4.00243580265999
2.48258744566681	1.91575509445173
1.68748145950599	2.40701747434506
2.1989598444086	2.54187872931685
-0.715149686017046	0.390101964266309
0.59744497223248	0.513995622431689
0.623955703302095	0.403987136080938
0.0231037130431357	0.0114145524143426
3.15716640839712	3.21690554169913
1.83652929531652	2.17344845634006
0.703759677626087	0.579808191934746
1.0022301901856	0.895316220082346
1.45296165681449	1.26982058060986
1.05943303141706	0.870447868704115
1.33025650063796	1.04292308824161
1.52510282121013	1.8206135088812
2.05995509558751	2.80539258587361
1.29545986735047	1.59379358469364
0.497602269296355	0.282071192771694
1.02329258219148	1.01542208055373
1.07052014270948	0.890710761789283
1.13148796671746	1.38292381574635
3.18087793487884	4.91282595664782
0.904057522371603	0.67881693963203
0.533738558897926	0.314928599498896
0.753471591388001	0.505683548873916
0.805101985490183	0.602810217331805
1.46264096933776	1.16480659945374
2.4763266535183	1.90266759593414
1.16036907387271	0.899732933713735
1.61841608934905	0.811708837026955
1.32156028688205	0.572788874606842
1.05787075152955	0.631850186379533
1.54273520789525	1.05319311146223
2.96985383897421	2.07672301996329
0.217395711212431	0.0811590172452062
0.802240665917909	0.375758326125969
0.287938344462377	0.13158004498564
1.93970639568056	1.56033391460731
0.243726801550881	0.0898326188284971
0.838757058210689	0.347313215830591
2.0437801256553	2.28008340621275
1.63977738187517	1.45642400296838
1.47063339329259	1.3627973477982
1.07327478465707	0.577552759336834
1.47098189107925	1.19587837593433
3.00156639506312	2.83811699205549
0.817045808408816	0.376812718164192
1.16927316982516	0.557997053402581
0.527197613795473	0.311458578134209
0.434893851191535	0.231972591607498
0.743565088770578	0.502123784296439
0.0496333447643902	0.0235649479645898
1.81887577024439	1.56787766051615
2.07567907455709	1.86054225950354
1.14887872435126	0.562510868728523
1.40793492175606	0.757250323003476
1.04714348394766	0.801553870797082
-0.370379925352116	0.142453425384123
-0.66402264562325	0.341378241605378
-1.09578363713774	0.484638258298654
-0.397248298289515	0.126833141530758
0.921474075654193	0.59288395358688
0.530961487417702	0.231843065021326
0.15697509019412	0.0634308189612474
0.01152719725439	0.00406141463714626
1.32354851279449	0.80941846587461
2.26333564880323	3.73645569687097
3.92095812367488	4.06307735008527
0.720479223734844	0.479240612117018
1.59707664760421	1.63162184787112
2.22906724866355	2.13489436676983
0.732497401254881	0.48245410305539
0.588197932205201	0.28999787100373
0.191156077903879	0.103223719929009
0.912257073985567	0.57967859464334
0.554985061130976	0.241953072668736
2.42369207426158	2.87755889083465
1.45845521527866	1.46493911541294
1.42767993071069	0.785961548486385
1.63597450847827	1.00658385163636
1.63823802265276	1.46536798080972
-0.211165023116906	0.103167917322627
1.09065812807522	0.572234856141488
1.63134104839568	0.999088229004441
2.2551971951669	2.16551444766902
1.12674862453538	0.794643070610242
1.49952055198671	1.10378191617984
1.61853447618608	0.986897562133798
0.855826472194731	0.589344986406283
1.28736562722956	1.01823915902974
1.74448514680824	1.29551591630485
1.16813530949031	0.891518894849324
0.925609136940586	0.693522124896476
1.45859725239976	1.27718490254097
2.42571133017424	2.15259174063038
0.698222354394223	0.384330738617272
0.809820155365777	0.374789826226704
1.62323504434062	0.813710853706618
0.619900959655709	0.4094585822103
0.163823531221972	0.0667047919525442
1.48015336579475	1.06333236416003
1.29872524126677	1.09671889711537
0.977203140350643	0.672522367463561
0.831190736357268	0.386320410262102
1.86384223013946	2.0349729861475
0.419985648410778	0.223357752300351
0.346809527754091	0.239417912535021
0.164101385219113	0.0664077160877658
4.38987975573842	2.96961096390306
2.48931854501452	1.86721571340145
0.455719318447409	0.215829304805042
0.557339505973905	0.330692397164056
0.927709474707981	0.337276022613401
1.08967435112255	0.632474403536912
1.60401688707313	1.50602051329353
2.06911113269395	1.27791715625116
2.2224262137914	1.86021955930746
1.26306974672836	0.971046853195732
2.88005397500635	3.17196612368714
-0.302930525751645	0.125822677243797
0.563612390573392	0.309164991415777
0.688203339530151	0.385285598943982
1.44077344107006	1.12501382915886
1.30714293909765	1.02531102106466
1.62273717527104	1.57019456032522
1.93153767328698	1.98700607100541
-0.38407351350264	0.124656511760712
2.4853413149233	1.89308147604492
0.832926629026176	0.346415144127333
0.959161089026529	0.654505734718557
1.59400251415524	1.6059501798763
1.16641386869843	0.986881701647981
1.09451567539721	0.712364663703322
1.27480105372041	0.848695531268756
0.44236506587748	0.256262392322865
0.908130118259519	0.580925946860097
2.1337747342467	2.25011372357892
0.128182302440328	0.0626324911841305
1.77506613365698	1.68971895644267
0.646371297307717	0.48635851062905
2.10228935195785	2.69141618310694
1.61303554591773	1.40828853870225
1.30290855147982	1.02249136462266
2.96341311877754	4.05309184446862
0.536619002164494	0.285199397577497
2.14279551717481	2.23621492098923
2.36032108821028	4.25837625315267
1.71938401029089	1.89769656587205
1.99874426181709	1.93940036563939
1.94335694880308	2.89869398241603
0.963343923049661	0.673216865451214
2.58257201770024	2.45625095264598
0.222685802518414	0.120476853479244
2.23613949763024	2.58118399361883
1.04924596126882	0.611196695475252
0.961560749953518	0.677037590706492
0.00408917312937694	0.00169755796146677
1.09583113356344	1.0016020547
2.52808608769292	3.19144522962878
0.529935737556188	0.397968130979138
0.87398685361902	0.643957613117609
0.985436924483501	0.874205664003378
1.11559603540104	0.788491926474439
1.34608714845307	1.15160486365902
1.49082673590816	1.2108695221302
0.919518374465789	0.579254292652744
0.78547897554462	0.476208783683605
2.29809002239771	1.6044605084899
1.75799677041713	1.66171888003232
2.96343583989722	2.03286552685212
2.32023681938543	1.1870373540362
1.87634001303194	1.05225604322082
2.05486402037583	1.54500606662291
1.22370277193101	1.13716317995037
1.47662767689012	1.29798485153292
2.80810470228031	4.18757633592886
2.07785084075763	2.6089981106356
2.67985639681498	2.24196272045938
1.25511085848699	0.804467251901956
0.0194141465988616	0.00655425579360011
1.11844913368702	0.801870988162173
0.545314104086831	0.321374425051192
2.09750574700841	1.31121911870946
1.4636883430802	1.16428411274631
-0.380052648772815	0.122503233136032
1.32198144787821	0.807244461253525
-0.286644516715959	0.117543925329196
2.21605447447314	1.80819148833958
0.40820938586344	0.192073481122012
0.545944934673525	0.243203648259162
2.15661636291394	2.24677895389025
0.43505979296706	0.124877085131086
-1.37923882011382	0.717521506635847
1.04344816107895	0.608717657500093
0.597478514824019	0.292512087432571
0.935315120860993	0.342858748835626
-0.899432446920776	0.369502620903281
0.288901262736204	0.127087474798773
2.06365875205855	1.83159096252082
1.61945593259173	1.25445425693175
2.01306544178172	2.34486926606677
0.821651834956043	0.422110180563097
1.33001454997816	0.807554641891238
0.896755498869868	0.560733870150953
1.45111265478778	1.17072980921102
0.536522153249384	0.287852101929621
0.813333440009434	0.418773201975087
1.05986371588393	0.623195668178018
0.344540687351714	0.144083924562132
2.14397967005642	2.23855464798667
1.45216017594949	1.13535551038178
2.49130011419952	1.89558096208871
0.587142027093064	0.285660716466782
-0.322291349853625	0.155946145010484
1.28268080899728	0.913379351602454
2.09812823160644	1.85006661480427
0.41391084645932	0.187975227773059
0.0380249061821552	0.0178939338786975
-0.545668313883668	0.269592360158237
1.34014115089959	0.793285439644537
1.61380032238757	0.812931003394543
0.835361312918747	0.430206194667527
0.517726114220236	0.303942787682753
0.814029446609407	0.414598927642942
0.572673288999983	0.308608356049559
1.61477403887012	1.51070767295233
0.46242555703651	0.219947759993025
2.53275293392482	2.79332555914115
0.931159154125218	0.574967038339155
0.689921891546078	0.388355691867445
1.91971482744596	1.98231213479111
1.91940863359035	1.99952811130191
1.27033289534753	0.939118414222109
0.200866231539814	0.0963243424003472
3.32779838907577	2.66540317977435
1.19578294640407	1.00710440527459
-0.984158540358639	0.513106967517593
0.0153927092977579	0.00535780259833547
1.65239727675012	1.03468940761737
0.00418250593219816	0.00193326088020394
-0.296307827022277	0.139497216556187
0.124906734047314	0.0397707718961086
0.976958871229748	0.674061332150185
1.79713595468405	1.71887706895059
0.854686554327121	0.482704623929437
1.51613775603574	0.997613644778517
1.62969067725294	1.01081160476472
1.63949706670184	1.01971480579684
1.75379555507274	1.29774945462764
2.06207824368857	1.8192896122192
1.29669747052123	0.56160372479477
1.9890860225334	2.33484224196114
-0.574726857699334	0.243669040938771
1.98343398013742	1.90917708074382
1.65931297221931	1.3307455498089
1.61024358324003	0.810994391306939
1.06735869866382	0.686240822186796
0.318676124921549	0.133088626767828
0.555738389857919	0.247040644263123
1.07483058711587	0.68887535644387
0.59012068889228	0.287948532089604
2.40567462814475	2.14572974304746
0.994795681268204	0.753936837369739
1.81721023155015	1.75203473635498
1.46524846908493	1.27808039528894
2.29600392753096	2.55297167173748
1.75528475061833	1.82706490378526
-0.809179033918675	0.460963109556008
0.166817181978425	0.0677771830248136
0.789292913852541	0.356006383190386
-0.202100523824008	0.100222964350844
0.658068364442129	0.500508450096345
1.81255151596246	1.7434528181969
1.50201845977428	1.10431209628798
-0.294642348239833	0.137927149113855
-3.47274941096289	1.49184952202533
-0.56356402659255	0.233334730828208
0.849651017177183	0.58543467013962
0.854088691822926	0.685599607125723
0.8241031634477	0.609668019848158
2.01533366396785	1.92795535228159
0.905478310926063	0.564681708496893
0.990604135021906	0.879301765212643
0.0818771172103948	0.0356823160648269
0.43632936445721	0.204715744575048
0.715465460407469	0.514098707461249
3.66005968516556	6.00544784461637
0.676728308511136	0.525187532304978
1.40405267803675	0.778611653209578
0.761979292399945	0.537850418538188
0.23729117611907	0.0893437170596441
1.45056304828771	1.32816098810888
0.547512163455374	0.296985263006106
0.531305025905398	0.277288686288514
1.21914661380637	1.12310900778853
1.13897804842459	0.542170972876673
0.623551209301864	0.307674429964057
1.0286753229072	0.588928646333831
2.94549613274939	3.40077872720642
1.19918954376126	1.01862369822609
0.539293400998742	0.235599987313125
0.950383778221422	0.655451908073694
0.688480693051772	0.386784836196969
0.490981281728319	0.189713957828054
1.26733507840149	0.841312584331521
0.0170845673627056	0.00580584461841377
0.459551148063238	0.222124146108497
-0.367028486693351	0.137241150982323
0.758235941054676	0.4509680978519
0.525392296286737	0.32999928773077
-0.847265520060954	0.406975028901857
0.304156440422095	0.141135982331353
0.547598625131329	0.294770668127994
0.227436803122508	0.0846451655833345
-0.159173992937938	0.0608465021947896
3.44340697884079	1.64697714754139
0.431140294430846	0.207318021449959
0.0142233210339242	0.00562129395053992
-0.448659715973446	0.202134496388533
1.69861398855453	1.23894323531718
1.30967754465223	0.779624554577845
2.77077880268099	1.75979169499821
1.10126756039098	0.789729627994023
1.5246107982199	1.01643407131738
0.288343848541657	0.134174559311933
1.0456250049331	0.84432898936109
1.9083053366408	1.51940267166227
1.31318208834468	1.03436589959036
2.06441820660976	1.55281386838754
1.30538119854356	1.04751245189584
0.616867785660072	0.401972763682455
1.15470490988562	0.886612654701115
1.26298144304286	0.823975354828733
0.604116992447513	0.299312407126768
-0.324874102245179	0.135133757410219
1.84875748465637	1.27434613509638
2.21788719020667	2.05588831683773
1.4694445882903	1.08062791740493
0.93729224472921	0.341351702463887
-0.31972169505089	0.134635343184644
1.07341135402929	0.700979825002555
0.906816785023129	0.776706123347808
-0.157505740501214	0.0597393906731013
0.60023864726962	0.298345520658761
0.546079162075922	0.298769245071388
0.551889908865238	0.242781825738057
0.808282087057765	0.414173093653764
0.754706425171318	0.505745310055697
0.867292686307795	0.501800208737624
0.853934080145561	0.486953631147065
0.845867031326736	0.67754993611556
0.532001922536277	0.340254573581861
1.4628876336363	1.0609510456708
1.4685133054339	1.16898920132189
1.92315523402458	1.9663526787699
0.445628660085955	0.279598014994839
1.87818354485953	1.07266282374
0.81973564543556	0.426928012906049
1.2424638037256	0.791935259686519
0.805218204333553	0.492969213550234
0.446509840832335	0.214742760352474
1.66282485463003	1.02927930909427
0.680488953756238	0.378455830214581
0.660479423553021	0.393735409465743
0.810312779993789	0.407545446294127
-0.115828983788883	0.0490868719685856
1.87233019815442	1.27947379484581
1.63551393808068	1.45940396880895
0.744599293694882	0.460726985607767
-0.147963431437443	0.0836074036202635
0.773758673265056	0.607176845204069
0.685832611169728	0.378966101314065
0.732269167496421	0.488323761956846
1.79850666029459	1.55432911950706
0.797635005649328	0.68629900992045
2.499742724507	1.88761785178871
0.921461426450812	0.332262270675132
1.15670621715713	0.90477117299033
0.0177920362033071	0.0069987448534657
0.703964510239535	0.439506076640043
1.84872849524448	1.6652054762395
1.83793253339716	1.02533660299102
0.827148374657427	0.556575120284376
2.7692543073591	1.76044171960393
0.407638583107105	0.213639211822157
1.05962594689627	0.615545354537643
0.785419905789453	0.648854972655855
2.04708444706802	2.2517669032084
0.964322519600817	0.775677195104525
3.97721168597421	2.30658432902081
0.234535427109137	0.11761997153816
1.13182456253925	0.861479874381321
2.06680876803652	1.84630911268965
0.672111652524511	0.406069990841411
0.530944731298706	0.28925324065367
0.0446718402570993	0.0198376832542271
1.58985901319624	1.71576744299187
2.16888377269675	2.56225893355913
1.052801568762	0.624410695858399
2.40962277567671	2.17341115696498
1.62002429046109	1.53959354084038
1.40995303879611	0.781749004746247
0.851271862983134	0.575554121499032
1.87066157144669	1.25526191410465
0.0283720198921632	0.00957013605965669
1.6655352849892	2.04735452917325
0.864688330461223	0.482845126925451
1.0577470984424	0.6712837963785
0.0191295411913361	0.0071382371694324
2.08438065254903	1.31787692242577
1.87380039580595	2.01289431469294
2.10077959980655	1.8580650924976
1.16288799301368	0.898633726522315
0.916817464501732	0.58060762073297
1.0726191896821	0.902489469634034
-0.324892521844749	0.155394993081037
1.11317551915922	0.798105278486411
1.64373226416475	1.42399384525057
1.77331281409051	1.66340939755346
1.48372175647222	1.69413550692214
0.640925032919418	0.382660413482915
0.906199154177118	0.576746417431278
1.46641381910098	1.19124759621092
2.01950868212496	0.885581103225443
2.10035365639098	1.3368668321266
0.522492868850266	0.228394424060714
1.30467353763891	0.78319731785615
3.73049001185693	1.98987141609617
0.829391369439865	0.461447509663068
-2.95747105550978	1.08255074299022
1.40322191138374	0.772665384643254
0.0107192350843874	0.00387585277335906
0.839104567428508	0.467329431660717
2.8611579811922	2.50071416835033
1.85729879645011	1.27029788906811
0.808084310109329	0.374964379108528
1.08890058902127	0.748605776038788
1.07377385240431	0.570518670856769
-0.221365516718956	0.100315092294037
-0.208532914493683	0.0929216274368048
0.026217183035764	0.00891808158323065
-0.918560944834571	0.37404309959326
1.41607022232185	0.7859652282867
0.82267347928647	0.386583069910604
1.29407289888251	0.860620264799903
1.64910426012978	1.01687385551951
1.07839680095752	0.582870474293946
1.5237714045249	1.03915781760928
1.75071863785358	1.29155558937023
2.10066022567649	1.32115451252217
-0.0393380181516177	0.0106022122303944
0.033580513451148	0.0110515345931076
1.27430405584818	0.827843817435803
0.831060076672581	0.434253930120629
3.62714790282692	3.33827813984043
2.55070298876155	2.4967521727761
-1.88616296286779	0.858314603795509
0.607363746258552	0.287432250763934
2.24421149374154	2.18449259568575
0.955047697477611	0.670138904927105
0.709183876166922	0.392439512446664
1.08242165372378	0.705849650038591
0.92494031228421	0.332059525662511
0.341603429184003	0.145922425313786
1.48041809098954	1.38409626409055
1.97414799067465	1.88182091194656
0.456470069502491	0.215965913274392
3.14948479198776	3.26257038215807
1.46138835877312	1.18385046039359
1.30032852106454	1.02946159872098
1.67841326180408	1.36767957318789
2.03103020650106	1.52443294367285
1.27154603452512	0.826403933339285
2.82776421089848	2.51704107199038
0.815363775834227	0.377770118593118
1.51610048707807	1.00575394230283
1.6293916766916	0.620999763807038
1.60435800458475	0.817838126462223
1.31595358445903	0.788375647811026
0.817268072134603	0.423779162559802
1.30632704810879	0.564725666890711
1.48646345311666	1.08391134545033
1.09624756176949	0.585591740259593
2.29314398524508	1.60321357632801
-0.290089597346202	0.13486858612477
0.297335474310881	0.138024527410254
0.211535247646757	0.0763583655153502
0.2199878108509	0.081239518946544
-0.176229764951083	0.067713688256994
2.6721179334894	2.19062803029643
1.53867950344186	1.05793283573456
0.829000674435091	0.340091561061021
0.536516812003205	0.240244351481218
0.229893546737138	0.0859871833620557
1.66564938908755	1.36039309222907
1.23726814404094	0.768449538396087
0.0402629540755313	0.0179780706683396
0.425418946403759	0.20409684670005
-0.724384560763196	0.328611992888615
0.962906562097244	0.802139013864471
0.22967726900412	0.085400983169361
0.228543698759069	0.084281087130749
1.27703977029434	0.85563043487145
1.84520269014945	1.25453955288889
0.342634260873674	0.147102547108706
2.09999271550667	1.35056968406508
1.60739249103222	1.39856189040541
-1.09003659373185	0.488213655727875
0.609680618481667	0.30096788729321
0.926094113475635	0.584273100200628
0.732758157480706	0.49211151388051
-0.1235137387666	0.0516374400513932
1.67358980523284	2.09770215399449
0.244556168038998	0.0897178162968923
0.338669281980165	0.14508453603992
1.63749525413155	1.02188679010528
-0.110792724923888	0.0464341915622217
0.00732241640769716	0.00271846850416096
1.07971194296291	0.635850658617713
1.18765801295155	1.07314818020794
0.811046281824778	0.36563849942069
2.21197114408729	1.79119219238101
2.97618068075547	2.05613768238578
1.15810258703477	0.562731601072724
2.64485615186798	2.08414676081102
1.22099675619659	1.11055227143299
0.823454716604135	0.377619027522691
2.10081830591266	1.33610411726724
0.608308205496477	0.300887188420228
1.88298874433641	1.07299898399478
1.30651683046445	0.766831336835341
1.62411816251489	0.821562803632701
-0.370613706799223	0.141686025184354
1.32487479263435	0.790180335993552
0.517898526460357	0.201702611258816
0.817268072134603	0.423779162559802
1.02548661117966	0.966000041312607
1.52667736464488	1.02319179310057
-0.403992958065681	0.128033347447099
0.836695397279155	0.351729623975091
1.48389381994259	1.50135906142494
-0.568758163558495	0.232841670345195
3.38529235027402	4.78513106532275
1.07645055613756	0.545616365146114
0.566579892809844	0.300964458986319
0.769522512543543	0.475857654008411
2.0063183797953	0.898625667845164
2.5669134356882	1.47946583278582
0.841107726191464	0.344548668946282
2.31851839938804	1.20954950098339
1.64230005514351	0.629994079538676
0.497492840719318	0.195292349523659
2.66742051322096	2.15966994016448
2.58246518877188	0.954808913265067
1.60911315202705	0.813962912998561
2.56685431596855	1.46222025022661
-0.399854862450823	0.127154061767733
2.01887032465644	0.912360476103855
-0.0295610216470226	0.00841923783770376
0.549571401964572	0.245404002053394
0.420528580560609	0.199590535744089
3.72484760623082	1.98748619153233
1.29771658367267	0.564046794633777
1.39279873485249	0.762454259622526
3.73346085395007	1.93967756546813
0.80304164495883	0.369947308430604
0.112884907146623	0.0362699341022027
-0.362657035858508	0.136506396412591
-1.18429594493078	0.403955000491735
1.59305728696273	0.792959390695098
1.31025332231563	0.798429724303605
-0.675902924264723	0.249647194319464
1.41262447063536	0.783639817903475
2.06353068918332	1.83212162240257
2.09211902127591	1.33262483086036
3.98165246654708	2.33759141154984
0.48936568576343	0.189241211562954
3.43422193480066	1.63669384166705
2.02025271131488	0.893223853886869
1.85094788454045	1.27314924371687
-0.399228376041714	0.128806951358958
1.41032639837146	0.774579647866573
2.82238829550831	2.50472236049454
1.52896479995034	1.03929649129274
1.32065673595205	0.560238633972075
3.07695428244317	1.27333343981167
0.923720365901135	0.336533627959515
2.04277447758049	1.5238702635826
2.68549318077742	3.21555673112173
2.50057303866719	1.92652875523564
1.62199290564277	0.811592032295457
0.463717715812127	0.222151285469123
1.08505248634142	0.572906000075018
2.31021737511462	1.19601889706368
0.171113917528701	0.0699168390635162
0.946160588335457	0.33964074022882
0.381939954112183	0.0885630978825824
2.84776712348851	2.55514071652192
1.31840686417133	0.570977829157732
1.41032639837146	0.774579647866573
1.39597136973232	0.754763800137888
1.26982905995623	0.840044552084218
1.27135842560197	0.839674862320908
1.89785737254897	2.14567327911547
1.64465409530457	2.00599048708142
1.29618090552228	1.00528576371908
2.05068216891006	1.5419547210855
2.98718991729446	2.84564215771359
1.8675762404321	1.28140812579174
2.14436534216813	2.26955007069099
0.935255872538264	0.336820220895582
-0.32067485799558	0.136899065117243
0.303824507875928	0.15567306674341
1.07505571625894	0.574692908646239
2.97265720661743	3.51449503687912
0.410411288377568	0.218004892426683
0.310867034828689	0.131302053142942
-0.348691327327553	0.15661763736761
0.935315120860993	0.342858748835626
0.644246812413496	0.423792372718319
2.79741522958673	4.1576989409653
1.84847479984335	1.04603324648121
1.04386310729411	0.801919121017583
0.271620035427055	0.125102466632821
0.166652240488561	0.0685323725750798
0.965645090793787	0.674625321658563
2.18849021601264	2.63911234068268
2.98111155852031	3.50470160365139
2.05945603347459	2.28844151842253
1.45803751334208	1.06077205424382
1.76187689534179	1.82357319779043
1.41909123710019	0.781578327734153
1.66180302875355	1.03595141485746
1.61995941212332	1.66886727892056
1.04845791869023	1.06909729239619
1.33989101208288	1.24181835706485
0.541629367952035	0.239954570210253
1.60335324139981	1.75962900449628
1.00534143702678	0.88355002135764
1.73956043857087	2.2388501421625
1.75115699933468	2.25142756126471
1.45995027590344	1.28535557589489
-0.43057071260524	0.192730305143121
1.46862922797423	1.15484704076594
0.694238662246676	0.37913205164304
0.890231920971662	0.54237884640378
2.21506768105578	1.85162163023594
2.06711545978394	2.28938589406901
0.0671086823076429	0.0316120057538318
0.526666762296302	0.281611961376371
1.9530054876269	2.48353868954819
-0.731844627284585	0.338486913700531
0.633185604620282	0.38559447413187
0.823160186654115	0.423889678948344
2.32810913357414	2.90874104299607
-0.565719127830357	0.270641663669359
0.823914840595436	0.695957660651305
2.00434490578442	1.92741549085871
3.98746919305759	2.33373331391263
1.47134797008723	1.18146379220557
1.65399364551585	1.32152080907508
3.23563794030701	4.1940452766681
1.74321228322949	1.31579479175471
0.316555006169931	0.177004754995932
0.903884291570643	0.676372419411205
-0.311286043194308	0.149564271401146
1.27383219900558	0.841776213572561
0.962149911251473	0.660877806263211
-0.570223504337017	0.322764800477189
-0.344989376796496	0.187320393266717
1.31899309406844	1.14281399719872
1.60021342160261	1.58645757184456
0.818336048118481	0.375276613394766
1.28676937122324	0.839184140675997
3.91535666933783	4.06068370751638
1.84002304025272	1.25539052403016
0.467546506049969	0.161403330635755
1.86098180556382	1.06954412618467
1.15481901666545	0.562156927499257
0.345085202804869	0.147708051747059
2.30150951636719	1.60053176170676
0.827495286388797	0.427365780406089
-0.380392052105036	0.140993245896827
-0.429053292405006	0.194223244572525
-0.316141604115716	0.153416721791293
1.39568338746338	0.765259393319828
-0.905437039976906	0.374202693208441
0.227150553287969	0.0828943683372687
1.53459568411498	1.03767857077371
-0.883849777099837	0.359474689902593
0.527064944066461	0.230916635503714
0.485487351303987	0.191495118351584
1.41334173373228	0.785773077302843
1.30943067965115	0.566502865068024
0.0109857055915742	0.0037454454906612
4.04694034851333	4.45127604146859
0.907542624169368	0.580810814721205
1.48972110721852	1.09717295094788
1.440049352482	1.24409938373733
1.85228295186847	1.65607811820175
2.41007395887908	2.13998113618817
3.12716428480768	3.17024776124829
0.329125057809285	0.170125090746777
-0.291257913427055	0.122176705366781
1.87202440622686	1.06406349528369
1.45660655463817	1.061329303553
2.65267017224936	2.17359131286726
1.52576057038858	1.02521676470918
3.64874706881775	3.36728680726064
0.894440813389891	0.55623013561825
4.72838225061835	3.60690403611532
1.06225554955705	0.624897267664637
1.44336789964754	1.10711760293862
1.87160448161587	1.08420533088588
1.07851058469806	0.636414623390508
1.09535901192369	0.772476260854628
2.23370056141935	1.82189253943235
0.927709474707981	0.337276022613401
1.8684741667543	1.03886368602725
1.08813749096315	0.693930424551496
1.4899828583475	1.11408950537196
1.86892530832572	1.24769572657496
1.41361796786848	0.770590454731523
1.92783501621674	1.57477319814264
2.09766102408362	1.31171667682234
2.56585130568685	1.47015701926702
1.54279467994882	1.05493073897799
1.32524160556555	1.19954413841682
1.4816990715896	1.38898085000248
2.97618068075547	2.05613768238578
1.07638914205658	0.636340157935888
1.97938710356136	1.8291904727692
0.804898695580651	0.375342173209972
1.89907672071721	1.55971221076725
2.77397590022502	1.75982344434879
0.845810165620606	0.35511032086096
1.06983206141496	0.690715349210153
1.27490686493781	0.980376654364378
0.130708088476998	0.0628664985979274
1.12106174408082	1.09646552774809
0.434719187518101	0.209403496866803
-0.138821326813562	0.0623904143830229
1.07135752826865	0.89668852109641
1.08152950452382	0.906123869286723
0.818464810409352	0.591225433293566
0.123814620132046	0.0599012534079408
0.85115207193108	0.356271658167454
2.12310269399041	2.14948336174796
0.833162874649794	0.56771040170842
1.34507026275446	1.22414798972598
0.29482253480582	0.150466391752742
2.55363287980664	1.46740972276725
2.68972929513392	2.17063307159326
-0.107298271802597	0.0489265563769252
1.3289792730627	0.806484814356895
-0.406651997691127	0.208146833319464
0.626840712230402	0.375595358943137
-0.793788913816959	0.440821908363826
0.285808762686646	0.133342502875918
1.29675263496626	0.946392961149015
1.34181205488555	1.52189802284177
-0.429053292405006	0.194223244572525
1.08549392235288	0.582177748828266
0.897469876170582	0.65671837973603
1.05000934545253	0.667929373417392
0.668166501124464	0.365975540343128
2.70628748588089	2.83044547081724
1.32259746813037	0.792311514298236
3.47984767463755	2.95758790451316
2.17477762069312	2.62575152654764
1.47265842748708	1.07562019388251
1.11705403091373	0.789379789827341
0.178134638103342	0.0805419033377155
0.294122288460264	0.137210528947875
1.62945378065044	0.817472714071434
1.63953873173317	1.32870552483259
0.861412109873291	0.688274764878834
0.549731533639405	0.318837006294697
1.70271283908433	2.01662533142764
0.141315912728205	0.0580287443300755
0.829749663962053	0.405437687206896
1.28436289954167	0.854240587363876
3.30561328812332	3.47625484819315
0.456346721862352	0.218021924865348
0.763730733773269	0.472200693334257
0.350826052783541	0.14527963096078
2.04051826445295	2.27960418220947
0.752940628195713	0.595894032554631
1.22640210181285	1.20974751136672
2.22001350096006	2.61775213699794
0.640049546899526	0.384902322730424
0.992933795284117	0.729469370610761
0.899143557208161	0.681943272355118
1.02629135943619	0.917577850677917
1.06086825487975	0.61828613315819
0.240401850486427	0.0906095356191531
1.65573425526078	1.02627592556868
2.77379785849714	1.77796058405828
-0.803562149352311	0.239959706780035
1.31185224408202	0.573723422401825
1.29979501813621	0.850496179859317
0.84667217147535	0.347899889766123
1.04206159636917	0.53375875950348
0.16345146308652	0.072679329502801
-0.571918870756615	0.240264084648874
0.111180937239698	0.0361934202009832
1.15398692934479	0.562471171203382
0.499019518858708	0.196936170271778
-0.38650597004403	0.125887668683958
0.282669918451357	0.130572178499675
-0.56861893622655	0.238039268310016
-0.664353898809605	0.245879795765547
3.73786491162249	2.01245103597413
-0.38407351350264	0.124656511760712
0.927709474707981	0.337276022613401
-0.798689244210115	0.236974923937834
1.59858048712892	0.80598383827332
0.294847618502258	0.1375223666214
0.551889908865238	0.242781825738057
2.70448993055892	2.77241166795935
2.01074539231648	2.13320734585018
2.49008671030075	1.85471149321231
1.46651139318617	1.07772188699824
2.29512833005726	2.89375697385416
3.33582101449043	2.66533598671362
2.68621326830439	2.22680837174723
1.91823099914083	1.57626596138753
1.15163247195962	0.877111093991336
2.25279910977935	2.20093569815093
2.24998106295626	1.87631362957668
1.61976583586036	1.39891808296402
2.03526037443296	2.42235199714274
1.27278118431263	0.907219425428691
1.83588196084754	1.2465647169932
3.78570221128735	3.69743065252423
2.25674524253528	2.16659375084578
1.96487336538697	1.84428566535179
1.30769531725478	0.793591195295394
3.73016083045583	1.99020875135088
1.09837496126663	0.713371071266673
0.920594094848497	0.583104510122286
3.1502176985442	2.36651183265024
1.44455654214097	1.53012354960145
1.06637255100261	0.687203831659074
1.28112408455981	0.932456810178045
3.15237150362359	2.3105548830325
1.31959544317303	0.804732763129479
2.6885263106616	2.75354257949433
3.13886118808672	3.20302352737245
1.66899322124602	1.34505513103325
0.844945286729405	0.347912891395771
2.30963055883074	1.18930988690182
1.20471941039102	1.11028186219874
1.15259680218961	0.88123139123287
1.14851836395196	0.555429976892473
1.88484262966184	1.53079978211682
1.99711188172392	2.32164920638291
0.567274269395107	0.302459679657168
0.814647974113409	0.421820654561094
2.05375173102065	1.55046347980066
0.828054965591922	0.425978458459726
2.20321964099207	2.9364869188295
1.31456406884226	1.04652043172961
1.06495515435977	0.619421689050249
2.41828516399361	2.1114139170605
1.99240497518576	1.86483213127697
0.918769411971826	0.584291469166731
0.536662173500674	0.286702417172019
0.636532655744141	0.311305715935061
0.53831244719421	0.376190934800299
1.46353010962396	1.12405953049269
0.85535356350726	0.489954220972771
1.18765258135977	0.915134442053229
0.923653101437774	0.586438148202102
1.3260023504029	0.809773384696468
1.44551167597185	1.59588251916323
0.860646781190051	0.493052530381431
1.61243200036091	0.819935397731363
0.79717439420289	0.369636178329952
0.915094568252933	0.585233834346684
-0.49344313721991	0.258742421096463
0.3395707133296	0.201540663805404
1.03273588196381	0.595892972178472
1.79275667941841	1.71932259979026
0.320827322055047	0.132886876528273
1.10919093346162	0.773585658878662
0.591452506049258	0.413259844388991
1.37374993717273	1.45891213476869
1.48190559074877	1.50065268688268
1.31576399975571	1.12280905097124
1.41756842444578	1.61654335936974
0.882525434453575	0.644998614527775
-0.851781609467761	0.420963195094471
0.833162874649794	0.56771040170842
1.43029276384949	1.5989981653719
1.14301192527524	0.559336442964654
0.411835028038738	0.215361827252021
0.440381871085795	0.213961622412288
2.05527623066204	1.57747552324541
1.75543616547122	1.79856935102958
0.81973564543556	0.426928012906049
2.22865753489356	2.14697872135696
2.0595382191651	2.33555620404291
1.50182596154025	1.09582114874659
2.7178256921244	2.7816360407626
2.78349617751356	1.73770123232882
1.18838825733072	0.988309837372653
0.617397640411606	0.301211880611214
2.24738553947191	1.85442885103352
-0.165876247997414	0.0645429064778834
-0.0964038745103788	0.0401215420223893
2.06384012906263	1.57215594486798
1.82111211197854	1.61050239477878
1.2937319374797	1.09032244277791
-0.303248853132651	0.127905312380302
1.4090376835057	0.781986785878742
0.144561059137813	0.0696614912575969
2.24607197892953	2.13488658682615
1.28322189667414	0.99214853522892
0.404697817876981	0.212447437991933
1.88926983176414	1.56168751481776
0.407998249655814	0.20708350777913
1.69294793177122	1.37026246318766
1.48057928591678	1.15963105590165
1.5926495533521	0.798247580061366
0.306736296863077	0.143052589753839
2.01661543081884	1.49853171343156
2.83427669818242	2.51481303703631
-0.185443704471618	0.0711209556392493
2.08797778933285	1.30665858114879
0.22921253786992	0.0852128567162067
0.337555492823002	0.142588636282272
1.5941947555463	0.788183439443841
2.31589275440035	1.60630894317834
0.442856347300599	0.127861063358963
4.72613622745102	3.6121897743265
1.61629774882858	0.8106208547367
2.3182573018119	1.19298821163316
3.45265925660527	1.56744729400129
1.42963620555805	0.78506171696084
-2.94009917255636	1.06357285148769
0.40144439502799	0.209332080141683
0.196533773653251	0.0970568334970553
-3.22878680411869	1.29317391796469
0.4619681356042	0.158338415513484
1.0922795821011	0.764059237578449
0.117400929504504	0.0378978336106969
2.07449108904477	1.31636855648238
2.0648094285469	1.27673124425707
1.14960624694789	0.554078576274213
1.89543531522403	1.55497125272543
1.324935292639	0.786100677562618
1.29615785456138	0.930901395563111
1.78364615260632	1.68789578321912
1.65176747019226	1.3162226636988
0.320093719746069	0.177687614523572
0.00808789602391654	0.00282542618364123
1.87504656589964	1.27987289039701
1.07979322537536	0.705538066376012
2.0138718084854	1.94193510443755
1.62299635544999	1.40522628541058
1.47869848183529	1.3976057514341
0.445908338795191	0.216305294951782
0.592376164375368	0.28697561950263
2.40528489495919	2.13344615384548
1.66116982303184	1.35860542295279
4.17664993596455	4.84329959655999
2.52731206488333	2.82150501811441
1.62468093940369	0.997253505367554
0.494038506455032	0.196039118824394
1.53082873355077	1.04045596961951
0.60150558468116	0.297613783208053
2.56817418812907	2.45960267391784
2.83564920313525	2.49126059007645
1.46444916388028	1.16786875974104
1.10085888545541	0.581213008018604
1.73475219861951	1.88403799893907
1.29443426449923	0.783053649479783
0.545929806669263	0.296625432778156
1.08339529144226	0.702555387002789
0.837021934791956	0.343178084015911
0.453161409143611	0.156185955853759
1.74724686228106	1.79148735155783
0.823162331416831	0.42046492860295
0.874003673493712	0.69712709302718
1.8001493960626	2.27116101642493
1.27835255057872	1.00429318970736
2.22258842241347	1.82456897819889
1.61576878655432	1.51899180322457
0.736091371842	0.574885644298166
1.28894881293819	1.00430291841836
1.28647084692741	1.00140216681525
1.73979042186131	1.27265199434389
1.28682187706856	0.76716773185607
1.54502615570308	1.01840068368864
1.3072509527395	1.13579706828064
1.03561789430192	0.79748117002666
0.622101773290494	0.368415500804128
1.32870231848945	1.22587460377973
-0.446044120837328	0.19871827027878
0.938268520051732	0.767489901052163
1.07341135402929	0.700979825002555
0.424334149241758	0.221000401936461
1.06635699919826	0.555922873823073
-0.557293819644367	0.265136379233172
1.45777300488614	1.17858752575011
0.193738159584595	0.0871861060878092
0.631120207863599	0.376645277523809
0.421496244137306	0.221396167020935
0.867900220874467	0.638540486268834
1.09151110842178	0.71583391554823
1.24358797483181	0.849107255662673
0.844338437715382	0.481454452556159
0.808823453054147	0.414454280385387
0.40515717444833	0.212662087801836
2.33837017661247	3.01369941976548
1.61876652103218	1.43203723531274
1.94342743481613	1.98039032794912
1.48386182506312	1.09320862297319
1.68661667752511	1.95885923274591
2.37870657488725	2.12160709246489
1.93855209989204	2.02589141969633
0.749242590008766	0.583410846253415
1.22911787345504	1.20046314164325
1.16171108583142	0.897518047427759
1.45163996643897	1.36207287735989
1.84709618242712	2.20954963479505
0.340000377228612	0.143932081405435
2.41662466740037	2.91213866841197
0.735250317586225	0.533215203259262
1.14460189094333	0.883416057541117
0.962180574805963	0.673240252947626
1.91059162062755	1.55436367031981
0.971173251580744	0.798873417058472
2.09274038846858	1.87730886797789
1.88385985866158	2.09425392351108
0.444481839241449	0.212345295215127
2.8492760694493	3.20982528459518
1.67430741192886	1.37249173004441
1.90323302721588	1.5434015227485
1.11423406780087	1.01616537887327
0.313819963367067	0.162217093488352
2.41410439568634	2.0851585885663
2.05928038518849	1.57286676769028
1.86709862862098	1.65605565165223
3.10235314424209	3.91727321849812
0.861898794996355	0.494102796390093
1.45447769599474	1.36663005039961
1.32354851279449	0.80941846587461
1.66400500682659	1.35863426311636
1.6769297088929	1.3848926699828
1.70164282829865	2.01657953137041
1.45221894022084	1.33110135255268
1.62903361649671	1.42305968385237
1.19611250304726	1.07806849645033
0.849106883380262	0.489371927929068
0.923389850307275	0.693343678025232
2.51210696705336	3.2021702742427
1.72376500236522	1.29757531007185
2.3157313171078	1.19576831627677
1.3242762086036	1.13532189109307
-2.17924202500204	1.16116079625873
2.76229038496507	1.74284785118264
1.31297112698244	0.794663766555402
0.456254060569847	0.158186024819222
-0.378968684889587	0.146984398495341
1.84344460686241	1.02277715836141
1.13432878960984	0.813120302170124
1.46859151206134	1.17960520502038
1.48663943724803	1.09443278836528
-0.665918126479345	0.241814726338356
-1.50352194412348	0.829454193043017
0.147100564319057	0.0601737775917109
0.922165394343541	0.579387301105609
-0.649704519917089	0.333801761174604
-0.375480714933673	0.142480672606144
1.61664463086233	0.993164797950038
1.0673895979206	0.622171139476856
1.07838292798747	0.694647062614565
1.1452086838896	0.557988021345671
0.406636892310638	0.21192175153961
3.24248309495242	3.4493906243829
0.967631628103524	0.669560225985015
2.9813357394526	4.28136834805187
3.40571034071643	3.94570879806964
6.07930866691546	8.36099935733813
0.221100799246002	0.0826893734593839
2.02342957280552	1.51524371062241
1.2776802867253	0.837855347131874
2.27825748118404	2.50884981282437
1.85094863361256	1.27433304776508
0.524912929725828	0.341540372503957
1.72738037029924	1.89470907466586
1.65321233113788	1.33165476162485
1.70279597183059	1.23588252123151
2.39174807252544	2.82685117274297
1.5629507782986	1.02153601406376
2.0556896841722	1.53560292375039
1.8198002361371	1.63483385794832
3.43183743888262	4.0044034862397
0.615382920520223	0.304979987952985
2.12165008260546	2.72229140890314
3.33939451217678	4.70114945199109
2.05857322001176	1.48985748798805
2.23962626997039	1.82567730454048
1.83371601481996	1.59107224909824
1.83824357590203	1.63811840579294
2.24582202316043	1.87173600831322
2.6681710096869	2.18294622203652
3.80062736601363	3.75633843707205
1.60082439251408	0.805685526807474
1.45724376144659	1.15530121421005
1.42947930373415	0.785714157615431
0.625247434170197	0.312164810190106
1.0886913153544	0.70147982460979
1.06457212972389	0.623249976351026
1.08650028274596	0.696265250490266
0.0026612258489018	0.0014516884155892
0.217389400036045	0.108652264568972
-0.452801393581533	0.204926886707809
-0.137624966506158	0.0529133253312283
0.0107156680065983	0.0038530127895497
-1.14543289693347	0.667689877131961
2.07291081204912	2.33280252602931
-1.06922014093707	0.598271740689409
0.166417952482985	0.0676020408817148
0.625094348258994	0.310595558752432
1.47098189107925	1.19587837593433
1.61341950195876	0.812934174888886
0.207964222157343	0.0779120231905424
0.080900343750759	0.0350934189648961
0.443094613068327	0.213100166030934
0.903317317077068	0.685420838630584
0.288253582831449	0.135566601505174
0.535665055172612	0.233804400826761
-0.662248394025242	0.341543781329305
0.703876737581465	0.512788113973734
-0.0467582725472777	0.0204301867419453
0.708941295674242	0.467170188142686
-1.60754346914808	0.943718775158505
0.552121362239878	0.243254662429183
0.176689085270777	0.080671663489126
0.977237513825965	0.67608375958992
1.30003518128556	0.777173084938191
0.303850196676732	0.141895025326243
1.04903435451287	0.601309115470125
1.66521595257972	1.36517908141994
1.45299193315706	1.05558974746193
0.944632558258224	0.648109470185664
0.923479462137112	0.737010603544436
1.3305210645061	0.798107911315664
0.968978554184609	0.667469661904257
-0.656504590873959	0.239951843298324
0.0260240888189747	0.00996738845354262
3.92970100793415	4.120274189251
0.0918005689815119	0.0302411828418862
1.16115701596611	0.908208933880631
2.19869166535513	2.63248866741926
1.45779334273437	1.04116696693438
1.10232802575351	0.790703609523606
0.732415157207611	0.62067203297215
2.57811299109269	2.46686170765596
1.06150931883676	0.67599095379518
0.715739701827457	0.513645988259516
0.411999986676508	0.216916427156255
0.569327459287331	0.303376782482082
1.41233917601103	1.7835334741061
2.24695155587727	2.17997936320675
1.99704564997398	2.38091392482354
0.967661221233515	0.662956785675997
-0.889699899906179	0.361575030483217
0.825817785436305	0.560382678937748
1.12966065562772	0.792637191980665
0.240234547489283	0.120506871864475
0.102566396655184	0.0334227002021069
1.85394654725003	1.65525363972572
-0.200257617856088	0.0888816610712792
2.28247759379722	1.56309181384786
1.91812311027552	1.58004641263253
0.0542722788241289	0.0237323066859739
1.43682063839896	1.24734477025832
0.522046597096078	0.225227407833325
2.10877859077539	1.86086060382798
0.821250933784952	0.422204679184591
4.20107090752605	4.87090333332677
1.06434514869708	0.571720128162197
1.30838784753946	1.02933422615054
0.134511199632247	0.0648580717756436
1.41872931894336	0.787812456711597
3.08363665794131	1.28836071236096
0.782329720903564	0.482087786335986
0.902862220785826	0.566657052143009
1.09319574797719	0.777893618236379
1.86973281855354	1.04512493162147
-0.223639724958687	0.101498984197772
2.55342023039574	1.45963531929215
1.64956902881442	0.627538586047757
0.252106587445456	0.0918840059558344
0.809067419065954	0.370061963343061
-2.07222881499655	0.998109612060605
-0.393476933595543	0.150725865008863
-0.16566800184298	0.0650855126228668
1.14464078053653	0.900189802345894
1.60347198240754	1.40492719298699
-2.32720699249261	1.25689027366345
0.233516359602325	0.0862209237932186
1.53324929372116	1.00988854876426
0.00410614460994945	0.00167634831007287
0.312668762342897	0.162197763139991
0.55853074001433	0.250672158892244
1.88079572431718	1.074377501566
0.95865457745914	0.664626156403447
0.891713074745677	0.558077004880073
1.59858048712892	0.80598383827332
2.96165167215313	2.04324405909515
1.63729153052124	1.30855686346843
1.29561417597683	0.774457222158777
0.43264660107867	0.205149172244381
1.89745888678822	1.5620312166226
0.675711626480153	0.369298504009295
-0.445413214438282	0.200865147761508
1.1374471096329	0.553758462703157
0.664091739857044	0.401826049539606
1.6099454545621	1.51574687292508
1.60986402059743	0.799542692735495
2.04315093713798	1.55923376898245
1.89878281132862	1.55317070484562
0.551258039968693	0.295670411159067
1.42141528941987	0.793475751629294
0.171108244749759	0.0698770010495349
1.73299782901478	1.30647231066371
2.04159748481219	1.54401224547363
2.4850373307628	1.8903566927118
2.98414597326008	2.06851353812642
1.14264401215988	0.546742577873379
1.13218826067481	0.866161893312549
0.638054197153776	0.315825925140311
1.87711991635497	1.06098854272816
1.6013592509926	0.804492751424156
-0.396846514498242	0.1982766164182
0.731240080608305	0.488902462241229
1.83893844579879	1.6065053665555
0.473124537182601	0.164307426258768
1.50435309038137	0.991414870846235
0.502391115342233	0.199004026748267
1.43819301329469	1.76802924564479
0.599452465260014	0.292197276958567
0.807053509927723	0.600777015120712
0.120314602254937	0.0590319672844218
0.816821633527906	0.413300702942233
0.991877549307498	0.6988427008004
1.78920828074962	1.72213874303262
1.28925829647571	1.07331408013023
2.50166233893135	3.50092791627244
1.40710913046224	0.779622443460337
0.81519464964582	0.426941354841004
0.979379764719718	0.681745904684062
1.10930078490703	0.785352980840919
1.52334629201934	1.03109370037796
2.0982092595639	1.33062420021441
1.736613865924	1.30110391092257
2.25189597135776	2.15057091360254
2.23820232220696	1.82230286689442
4.18879855589809	2.66041140315412
-0.319402201491834	0.134916717714982
0.188891930245013	0.0847862921332589
-0.209445305754924	0.0948028457831271
0.813053341145072	0.414430890966286
-0.536078611631554	0.333348176707331
1.74924909362792	1.94441545174813
1.263809665617	0.900996236264986
2.21964879955736	1.81768957640292
1.28641380842599	1.08262837309041
1.82793338236284	1.25330262900396
1.27132250025807	0.920394873908538
0.150817882390377	0.0681381313370791
0.778513327889824	0.480822867174294
1.58685962320061	1.72773292120841
0.297626441173171	0.135315670728145
3.28292183645314	5.45139418217413
0.0271825683478686	0.0136597462058174
0.814898736417544	0.372911212200397
1.13737688113443	0.88189025911618
1.65253107892403	1.33200352627433
1.88276783689944	2.11106729398654
2.83189474700036	2.45926900959082
0.928928235978449	0.896930050375346
0.612771190798517	0.303975674699645
0.851610273527052	0.693975528764131
1.08857882708007	0.700373611663742
0.707787778658582	0.510482817742764
1.10803823746648	0.79427235525813
-0.0231789617051567	0.0100326402970612
1.99206536587682	1.93175478471257
4.20784434822614	4.92892805747994
1.34273137726991	1.34882713421438
2.52388816701452	3.19791547253339
0.513501579925746	0.329804286690438
1.58394583372347	1.82203629862536
0.622150046594382	0.37043357206925
2.66876933221025	2.19416580094602
-0.0151247906979395	0.00753537727951244
1.08211891816668	0.699572974927297
3.63967234508917	4.63311512597983
1.97084970689071	1.85422633666093
1.94137706658839	1.57329876109459
0.621617931424202	0.406939373616229
0.212905030714583	0.0782909999918047
2.06249801039264	1.57579531584025
1.2862961423455	0.863707083454068
0.841477456948198	0.569324431924501
0.748350811209546	0.453996183293616
1.21546233426593	1.40265285094599
0.604407562208198	0.456858171812684
1.35743131765306	1.36738761112124
1.41032639837146	0.774579647866573
1.43626509940682	1.42296027615191
2.09176398967232	1.32638460263665
0.595967663782323	0.293157014589495
0.655835000406699	0.355551599245652
2.47435912447047	1.86397143478202
1.85505347406077	1.05380751699817
1.86448906820713	1.29480408617181
3.49464174226395	3.0104910414302
1.51307000988363	1.03294039106132
1.55874446898593	1.05090551067842
2.97939896880264	2.0149353846944
-0.148841693306421	0.0580588687960664
1.3065934848969	0.793456964576318
-0.554418772045946	0.228627903190923
1.91833199910895	1.97310693419836
1.51750899059826	1.01752193552819
0.162195972727846	0.072415872897053
1.64412237639104	1.01046923115526
2.3024177697449	1.62890505624549
-0.134732138776192	0.0625617048439515
0.558492296790382	0.292906981531346
3.7228276196854	1.9623996577694
0.11743649206278	0.0383746708564829
0.595380261572656	0.292861976945529
-0.103357665083896	0.047730649801333
2.21166308060889	1.82273233185552
1.58940806221451	1.75704496014508
1.47771920502749	1.3805732133593
1.92451061672541	1.95946387255244
2.01130705697787	2.34243667180189
2.00443352525462	2.8242563262053
2.38998062189917	2.11340995410381
0.858605377149155	0.58938159167159
1.27557628786267	0.848554616492236
1.45637943296787	1.16450166770799
1.6225053324892	1.67561998843774
1.85448902158973	1.29048659885446
2.69959947320072	2.81979800676977
1.82961935427779	1.61866460796933
1.46931026499054	1.163335540824
-0.89694467448961	0.543853331262117
1.06393656986827	0.67145663796536
1.25250258415371	0.814548004248281
2.88063524403341	4.47925431260479
1.63375474863125	1.03022413337429
3.10157199729246	3.92577139766836
1.04508644781676	0.652909763221872
1.62503255781169	1.5387177510144
0.921391590497993	0.697703430600853
2.52129033379028	3.1681783243312
1.82086754202578	1.60375207259685
0.682636342189196	0.36570859106004
1.28840279158851	0.941348097722436
1.83209100064631	1.25299943061986
1.27515142054133	0.843357476266099
1.76360650695023	1.77763762462417
1.46625834437297	1.46629488057234
1.12971452959922	0.796147047034946
1.47495876041945	1.07807828921987
0.12102456414645	0.0388637416886172
0.537809413554086	0.292824161740245
0.720714543203352	0.528799127730316
0.564876519387761	0.304183162291009
1.2760075025984	0.99551971781412
0.0174703768643419	0.00655593924405376
2.08804643487222	1.85645312776151
1.98154635131124	1.91911311294602
1.08783027096469	0.574552411880204
1.50708463893686	1.00458906961764
0.966659335171077	0.672508735644857
1.92796138684981	1.95724011023492
2.30266841014004	1.19642351923203
2.84307546033345	2.5420880495008
2.74542356048669	3.47297700606429
0.541636341925919	0.239196338345615
2.5301729689493	2.41668507872216
2.03740038189988	1.54500421442698
1.60813492294571	0.809937325392738
1.28977216490684	0.930568797583602
1.78594696801031	1.72986312837929
0.339643119962333	0.144533485783277
0.0188297773916662	0.00650570294849674
4.57414636226941	3.19903417398566
1.13969028029589	0.542814379380997
0.4237502590514	0.322448772000142
0.788867745743093	0.661118763694802
1.91478565779373	1.58449592069294
1.01354910894893	0.780459862643332
0.820308886049509	0.556489831436704
-0.547494962423301	0.267656671272922
-0.557757857356025	0.263096200894314
1.29635106287223	1.10243109769454
0.832594857690336	0.432463527825664
2.0102881694894	2.43467057275303
2.0354085010673	1.53787291052708
0.291978053160669	0.137298143307225
0.817070802117422	0.424046194145098
1.63806798276162	1.43256925373045
1.46441915927254	1.25794154746751
0.623655375013597	0.40565359448432
0.692783755639036	0.279416255504239
1.25923517181252	1.30515097966204
0.203233043123022	0.100446740793433
0.846698475833184	0.475899933620039
1.06016035469284	0.56250809726656
0.31001304850396	0.143197518885775
2.047437258797	2.27896842383159
1.29181513820907	1.01679430698902
-0.119101097238038	0.0500000236078245
1.30925025260133	0.78717743505126
1.36903744267256	1.48414727581618
1.93517763626079	1.60521644574663
0.825132866885808	0.423766993537812
2.06574403180266	2.81468772087723
0.0758718453377224	0.0325305193603858
0.799121098623851	0.373586562238492
1.79732632103933	1.69289734963524
1.8363138305748	1.61446197887013
1.84319986740834	1.66300878040549
0.706445906977202	0.466849093872748
1.66891645856131	1.32710330704792
0.902052841047075	0.676210865312706
1.55145601727679	1.05020952045961
2.31021737511462	1.19601889706368
1.52557246093733	1.00657843777603
0.928239118781637	0.749658088456497
0.809757816924424	0.418031003744497
0.842195038400409	0.350750149099873
2.99788185961053	2.8942655794471
2.13275389092245	2.1714023174688
1.4657213496636	1.34591057312102
2.70294616195737	2.8475594764161
0.622725356003223	0.369276901286652
1.88582842820714	1.04777995502086
1.88625296981392	1.06592990897373
2.63736175513192	2.10486107533869
2.49515909953304	1.91985600373879
2.41373178654146	2.1554744147309
2.7738935661948	1.76226593184663
0.293381625517094	0.136265361839709
1.05182360187458	0.619139926837539
1.27351598308282	0.835670812321399
0.943028353752369	0.338295614826429
1.31804999401075	0.562481032296792
1.6056901131194	0.791857113352993
1.06105243038518	0.632422073155385
0.121108290053757	0.0389322606487385
1.57306817578761	0.760291914415693
0.324149836880143	0.163317201640638
1.30309945655759	0.780794032625368
0.311333959984314	0.143675835051971
0.108701801195225	0.0354304256642511
3.43108543808854	1.63475119955058
-0.798339580557216	0.237512976825991
1.46434050584743	1.05953482641772
0.314673890026229	0.132962815250616
0.415980481637038	0.119167631906881
1.42831385904431	1.31409546504774
3.21587669302551	4.21811330299003
0.123154290037716	0.0398741874002629
0.856465125328797	0.490957234789664
1.87144668095876	2.05216209222231
1.57084596389075	1.43371060315912
2.22781138580302	1.85949541681689
2.70901380075365	2.83093496881973
2.47523082267991	1.8771449798733
0.631109609668317	0.311328606739244
1.38471387529165	0.749381832517852
1.84405819460441	1.63858718927543
1.05531149766814	0.624512400310377
2.24793259111242	1.86481090447983
0.94579058507587	0.344789749807915
0.90894915293835	0.582292476696563
1.32655642258711	0.805958162088068
2.71077216050434	2.77596905133279
1.65120368878549	1.3219044571247
0.155570485257892	0.0626388099332297
2.22454241020375	1.80606943007386
1.11449693134536	0.791185294326942
1.32815939226644	0.767815526493949
1.62014810326538	1.00128833933639
1.84339401198281	1.03026168122208
-0.395948096879285	0.126981850543551
1.29947550863189	0.945650408225527
2.06111080334328	1.54507357585085
0.5450335913367	0.228324504496999
2.05860040341395	2.20529259046729
0.827067947290929	0.42800631381041
0.619989397686678	0.505758423332674
-0.0303006348858606	0.0135962843646399
-0.978034238041888	0.497361795881764
-0.216134471650582	0.0964835233743397
0.793133413673472	0.565813315055345
-0.0263017780311285	0.0114476279487891
0.444664245025179	0.21199857225057
1.58119757492763	1.4781276241217
0.542917150371705	0.348237735017516
0.921552377350854	0.579274508826144
-0.0406043833157787	0.0179325835413344
0.71634041638819	0.517426176065714
1.30573061360268	0.773298328268219
-0.262487307466732	0.135428450911957
-0.5703655063612	0.279503966131898
0.950246584509443	0.774544403888718
1.08425525468762	0.755602984974161
-0.116931903676808	0.0493464495767953
-1.48114204780537	0.775577809798068
1.61634006548115	1.55566778906957
-0.722425681153221	0.333162565101037
2.05928038518849	1.57286676769028
0.453887123442918	0.286742184836924
0.0176598952188393	0.00665887683415851
0.339637830752993	0.144202112417291
1.46839235710527	1.59749765601322
1.72648862473828	1.28666851180124
1.27355780067474	0.915638211301764
0.822686966276506	0.424992801160231
1.59366909198007	1.6381769171685
0.326351237865807	0.183380673318271
1.31003033477007	1.03064198579616
1.86728225206554	2.07311476173818
1.56204438349728	1.69381711698764
-1.51150365054187	0.845122590604854
1.8213349239782	1.20477553841821
0.884133078416666	0.644197449332555
1.85322506093116	1.28920769730458
0.62934028083617	0.315390947689814
2.06367725837156	2.25769447592786
1.149426769367	0.946314027952545
1.57682185628691	1.46568570686647
-0.114375931487743	0.048047568487328
1.31288159723133	1.23465229088306
1.47535192149807	1.19654989533426
1.13155036704184	0.810062806931267
0.209487367213926	0.103791758147136
1.48222179563285	1.3807467897936
2.87394322452712	3.83875401166888
2.38656732887024	3.18509223546419
0.138810999692298	0.0560595050425525
1.18033509135592	0.99672861170542
2.9794089921085	2.8710763053678
1.29838214528781	0.869763295208491
-0.324427980631128	0.156756525424316
2.10988545667688	2.15134222861367
0.422331536120422	0.219295490016753
1.13833037243611	1.16657840436909
1.43999550341669	1.52965079073635
0.964495419833284	0.676268210640488
1.25443738962974	0.897081006012851
0.583080431484851	0.282115760105409
2.01260624759243	1.97196839672321
0.689526195233222	0.486130226781441
0.44134128910917	0.214037342118733
0.645822792447527	0.315090993010824
2.54573574075943	2.43758093544903
1.34648164410144	1.41634764919647
1.4038693603708	0.762701265330988
1.12453489507082	0.797998390656643
0.756380903035037	0.459753569020574
1.40215642623581	0.773444094066432
1.47532159889046	1.17609075268708
1.64669580914721	0.63396607368491
2.78217007471368	1.78026665832039
4.56740847285983	3.2929732373066
3.12874865103557	3.19393981821338
1.86028479503992	1.29220163059317
0.625049226890378	0.308610037341351
0.842933246440353	0.430325165031932
1.52731716461988	0.998792218847453
0.762584368434731	0.472373786681933
-0.569034754620779	0.242713949158945
0.56103836646091	0.295858761093289
0.442996854676574	0.125574990238646
1.29458621073676	0.860147605491901
0.444553222968952	0.211961839825325
-1.0507102966228	0.581483384338532
-0.552693134645595	0.272799333869308
-0.38650597004403	0.125887668683958
-1.16215021976043	0.402036390268638
2.06953751337223	1.85295420831036
1.11460507392936	0.803765232031983
1.03388117733395	0.591894197753712
0.789804691501864	0.402003763289104
3.39955263569966	3.82685926398334
1.04950616503007	0.80201144688612
1.48472134048903	1.50194935245996
2.05731424386504	1.56796949062654
2.6343164575252	3.54859564857348
0.597069514617476	0.29611964877585
1.83402438515372	1.6059575591633
0.052224276729173	0.0241010440172585
0.502566505583756	0.194426805998353
3.12252337897533	3.15852278913087
2.00242466407475	2.36236557997173
0.542702233619819	0.239821587973679
1.3113355984511	0.861883362842453
3.13966231202427	3.94756791565733
1.0821498253172	0.585825455412949
2.0697618758398	1.84257473130211
2.30142892647018	1.60548623994132
1.28261821062494	1.00922612608446
1.73800636504551	1.8837869401613
2.36681004754742	2.41470645260523
0.645933707962627	0.39135117830303
1.71505945401902	1.27738105389737
0.819229715991298	0.408579814249075
1.46617793888612	1.4945249820717
1.05846235749036	0.632247610598494
1.28442134367674	0.935979993985285
-0.353881579325582	0.131645997566249
2.95279952629878	2.0148242164181
2.21040804345902	2.945662423228
1.16030158711879	0.572035362449104
1.85234046875029	1.2595927553362
1.30585482633129	0.768212750189908
1.09007135860627	0.580536664685179
1.14778401903313	0.541360418770515
1.32615734704883	1.32202166651598
1.87307162884793	2.16042593482461
0.783588836218861	0.484868880854844
0.429863030289977	0.2458095031447
1.85101080721263	1.23571736284843
0.933379584235135	0.586310771703354
0.202915214871888	0.102130725664479
2.83584035376822	3.10716603129269
1.99080100757874	1.93998737068222
1.64963169384094	1.45446224173463
0.0159678489620204	0.0059616920848062
0.820002536481013	0.372542129920804
-0.20924654577607	0.0937364671528294
-3.2317279398944	1.29267978140064
-0.557611417373953	0.316667547790333
1.31901339481033	1.20059149983789
1.87676334363807	1.05585270808823
1.27827512651805	0.823183698656424
-0.306582202503001	0.146985048279541
1.28423272252999	0.842650264014148
1.65796097363013	1.47522640351693
1.64987179723688	0.627226773784909
1.09741617615659	0.702117052095129
2.1112007433147	2.1723278295177
0.686526542746914	0.383918968657597
1.0926873267939	0.989468076380797
-0.0983139018830336	0.0458045237178865
-0.145317405637579	0.0493502345928643
0.629055727258019	0.481560851348281
-0.105800078455304	0.0543687310289066
0.978121771663242	0.688195615675089
0.984738879934131	0.853198601934472
2.68037413656327	2.16503819838767
1.57159931733424	1.6918997002435
0.32390410250192	0.182191002459526
0.0240647772505691	0.00914000822342415
0.606305129906276	0.29935486606937
0.0317750911818466	0.0106498419274751
1.34018825893442	1.58958744198344
1.1481218412854	1.19636300094303
1.5086414842427	1.94471854412312
0.831045911142282	0.431559196197351
0.103035834409638	0.054172054476225
0.30390102112443	0.143379332103686
1.43347112551179	1.41600325626682
1.4683085646357	1.3853649924277
-0.31408552560727	0.148307426393026
1.47239362400453	1.08599114828567
1.85068505872135	1.63689491514147
1.61317990412622	1.54430254855218
2.06826668726672	2.27050156475856
0.167005224768551	0.0685515989495888
2.28347791519173	2.57591956796791
0.347581855505157	0.149308421493687
0.54828299047133	0.324554896437637
0.732270280536365	0.488197671452047
2.38723035466394	2.40832153032536
-0.399432198256299	0.201137352069522
1.2152088292084	1.1270106133358
1.71452319685904	1.87393437377363
0.44134128910917	0.214037342118733
2.65288047617755	2.17896240893794
1.06282177617078	0.681736199652754
0.526301485499204	0.307785405008531
1.00567043800765	0.906444336919543
1.26930663715482	0.910350269577659
1.83476086338361	2.31310880427975
0.703267582679675	0.543703773265438
0.448223267931473	0.262591670738692
-0.194242457093977	0.105439724213147
1.30591586285549	1.04699600943637
0.00525410618351113	0.00244067067178937
-0.550566381357567	0.266899826688833
0.987197551120157	0.688738077181853
2.85779877763415	2.56013313505265
0.905006126524678	0.568640733427692
0.849257728453887	0.482918314072402
1.47278113807447	1.08669653667662
2.2822849371277	1.57179157760513
-1.61672532165345	0.931485432685422
0.0165760555789596	0.00551150118709506
0.480702326255453	0.186778465695092
0.543144343081368	0.243784708141317
-1.82749886207958	1.17244649355042
-0.965550452257871	0.510272765659148
-0.41152681206857	0.131010340197482
0.226378452260283	0.0841714199421304
0.174857443680916	0.0782650983031795
0.223987410512659	0.0830838021793317
0.943554274090493	0.644752259099921
1.13188791474715	0.808915241456431
1.638883882174	1.32758420314654
1.74191007892942	1.31146049410708
2.26225991011009	2.51546561494085
1.13755397925631	0.556369233907148
1.45851419853413	1.2701350979944
2.2507924285309	2.44292387831906
2.21844243977168	1.82781556681134
2.55952252774832	2.46263970767217
0.677118969694642	0.474847795196198
4.38633663576122	2.91289383156391
1.76858725098033	1.6577156202333
0.803782444181647	0.372768332299437
1.42254507337853	0.788321920187214
1.62677381592082	1.43144306621382
1.41010508309026	0.776890796175962
1.605450382569	1.39464623586356
1.09323699728406	0.763638336420756
2.56672326393966	2.47848484970198
1.26157670674872	0.828362585103897
2.2845280193866	1.57120020549058
-0.913124056652528	0.374955145282426
1.48836180525761	1.30243444075677
1.0978767718811	0.781347925347391
1.0952723366889	0.695326608885908
2.40231751217208	2.16402742318426
2.42069429890357	2.18841127210031
1.30449159652403	1.12662239367497
0.474020567924796	0.161565797523244
0.000164036551901891	0.000342537272531061
3.5097569125889	3.03152061626529
1.65606157440622	1.0082468763286
1.46167695832837	1.151577896789
1.40673579485656	0.782502915774735
1.08429578884813	0.638759460395867
1.6235649676215	1.42156929629982
-0.636424562675645	0.326149226407831
-0.162736470784985	0.0621406571979368
2.07777766977657	1.3062327618159
0.326772312282493	0.140877801786117
0.011796024193046	0.00451263593789541
1.12199020596559	0.785549769363188
1.06234726108055	0.610841134085651
0.29097891448272	0.136084970779555
0.499019518858708	0.196936170271778
0.82841492311564	0.337244044271314
2.10113587666761	1.31094739551452
2.08100357314305	1.30893391372794
1.64321532845592	0.991497736679807
0.0657781118290314	0.0284676779254556
1.62166229303489	1.00672223004318
-0.553300205077213	0.233348345330007
2.97213508729731	2.03401223887268
2.3090315899297	1.59404831658861
0.85367575414482	0.354671154884543
-0.026866480369894	0.0117214887098393
1.06050693947732	0.880671698874321
1.27602244250909	0.846455502230637
0.102083414644064	0.0331186627681933
0.434136061765905	0.122462050020994
-0.322587042343976	0.135629485036228
2.41265795106607	2.17427894723774
0.618243536727964	0.310097714677367
1.28164993172339	0.930262322958089
2.41491420362997	2.53750217723514
0.687010516262939	0.37729763229795
0.440782864587542	0.276220451442634
0.804963178104611	0.593696012100291
-0.166276950269434	0.0643804735780678
0.346181669886751	0.145876072677471
1.54206739804943	1.90761027600481
0.565692537747664	0.303452038898383
0.961919493850511	0.772568129388232
1.42743439443373	1.23029847260054
2.28391857437984	2.51528049116361
1.30486449529073	1.42500548395753
0.927571974334868	0.737133180559725
1.71269212416817	1.26304336922357
0.574159805035127	0.43197221250357
1.30362512116662	0.793273583061908
1.07483723746698	0.630759874105739
0.870717355096666	0.586356674838939
0.126863380535665	0.0409162175615673
2.66897444668407	2.16975252410135
2.24885590492973	2.49559241329559
2.5599745395779	4.8098543546455
1.7324376881227	1.91821310953318
2.06323719977317	1.54552432739693
2.26455531603908	2.20084482253192
2.98308551707541	2.05523325918273
1.27841435303442	0.847763923616942
1.29341978107916	1.01399180106479
0.313180603444272	0.159092464530337
3.52294520477124	4.26978934103132
2.1026507156367	1.33028603529919
1.91354963900021	1.55439861803259
1.7635312699186	1.78030969657474
0.349442590001482	0.148985113268704
1.0522580167513	0.677185107734457
1.53845011187117	1.03039024685674
1.76128608390753	2.36114325005397
0.15835333194905	0.0650571151713966
1.9611846458666	2.50802205237629
1.09287881736266	0.68674588356318
0.822195023139246	0.427163391751846
0.860434491411613	0.696230354868006
1.27365765309156	0.842398604775484
0.606621908199475	0.295714128526457
0.808955026194097	0.41224873618024
0.683854777360098	0.379771790521898
1.1636010915521	0.566689211723311
3.00116097414841	2.06373060621125
1.64402336605155	1.44465582663492
1.90853089649645	1.54936513124096
1.2992453841124	0.766725921103854
2.79029198527908	1.76036913034791
1.27690253365528	0.824774779177252
0.349970409308132	0.146795707383374
4.39909484333952	2.91894920490819
-0.679220813289479	0.251933164163036
1.12957956714831	0.786665700069596
-1.17767395141126	0.406313223762234
2.3109262473615	1.19487152641038
2.13078751484323	2.25750212132647
0.477885530068221	0.164888796649793
0.222391820233222	0.0814462152331408
0.113594061651886	0.0361221808061739
1.61901375688448	0.789038661475177
1.85360274061608	1.25240844291689
1.27305136824355	0.897540207641898
1.65057738963275	1.01714182551105
1.31408443078823	0.579073162500088
2.80071596371977	2.46305854657711
1.6859110211447	1.21331413465518
2.0511181587214	1.56283379214527
2.31481926743634	1.60330894176704
2.6365265013226	2.117110328693
2.24321908388385	1.8669312380368
3.13266053297737	3.24006228173451
2.29474293503746	2.90558553416541
1.05038927776382	0.614313780378144
2.2936470084521	1.17994092221441
0.00308229804673566	0.00164801552750769
1.29877037336073	0.949069536313445
1.86869699043264	1.05069010294074
4.72796118191646	3.55981241594247
0.838929039606798	0.426737495637079
1.1215866076873	0.80654876457726
1.04600991167574	0.545432765602685
1.27038059445011	0.970393514385921
3.91782241090898	4.03331716505057
2.46565552957077	1.85195049682298
1.39358942495757	0.753699994975612
1.05102984002027	0.613829863385272
1.07579325596727	0.634109003672118
1.90641699019874	1.56476806966519
-0.0946121929186478	0.0398072497565123
1.83924859866478	1.62778313002586
0.1684700505022	0.0683430873322568
1.41284082095768	0.783964244746652
1.28510725727759	1.02272589302066
1.07371292797626	0.583131685298075
2.30815386597796	1.19935534798675
1.62984111859406	0.816841916921024
0.814648564977156	0.371231929585119
1.60596887557668	0.803933652203827
0.815768466184898	0.419240887396202
1.73014237782413	1.87238980849019
0.335758533481736	0.203188047468655
0.368216381043924	0.209768701866104
-1.23983855300048	0.604308108594902
2.03848066464925	1.53298066365493
0.824903365402754	0.550792381517131
2.28637651080067	2.4964617667646
0.0147517612774062	0.00507405934719917
1.52238250675763	0.992794207153559
0.237740951915282	0.0882847937783077
1.26868443915294	0.851676974105675
0.819211927901257	0.425481655613482
1.4249903640473	0.783659129951272
0.481994972568043	0.163296581694503
-0.288056685843797	0.134056832317998
-0.00382414927296705	0.000745952974857264
0.33595872460098	0.140359018828148
0.322808564848673	0.136632736013874
2.46180620024758	1.84613037650189
1.45467122079365	1.26477831564826
-0.164892616733936	0.0647254986905059
2.30854768662347	1.60510211270775
1.27345370017978	0.852089573369644
2.10840631839107	1.34629336154418
0.0434107291750717	0.0206665909412294
0.761144988475954	0.452480915908877
0.552368324396849	0.248346926246729
1.07239204077179	0.684583842791145
0.5454203779361	0.236647294110743
0.817819211994198	0.420039275616973
0.0564820272355841	0.0249684037033363
-0.436007274108474	0.199661624197064
1.31508245929318	1.0411756732284
0.17082954328689	0.0695455490636876
1.20834454151421	1.10343030228886
0.640063932859586	0.382630854651232
0.670951699019264	0.372190219763448
1.30811630597354	0.570719315214867
1.76918637246977	1.83369289389516
0.702140683182565	0.639590897568294
1.93609287150363	2.01867528597638
-0.235811396352068	0.105918414141134
0.179154362003675	0.0798299991937354
1.34416777951219	1.30148130864558
0.998961640283409	0.69897389630332
1.27415375207511	0.820440823482311
0.551270148955198	0.321230032011175
1.72877622912995	1.30081139564646
1.44561219150641	1.3569048844315
0.756640905420271	0.457916371764992
1.6994932022776	1.25240891966707
0.210391981841958	0.0763303655402898
0.321684168474272	0.137123701530555
0.958625854145159	0.655229616204169
1.17944944818421	0.983448769505321
0.643637760243962	0.38548479753846
-0.330667394910018	0.158799387598937
0.803893535339392	0.416278755296521
1.63108159190841	1.42891343363797
0.0318818428966259	0.0122118161869026
3.66906329550044	3.37690859384423
0.500158877945801	0.198934780025628
1.9514459405717	2.44697369318204
0.434395516085724	0.209071116592394
0.718925659468131	0.484223275588785
2.65581959898004	2.10260745975807
1.45678606776218	1.15669666651334
1.53183083181695	1.0239838276873
1.31116836631675	0.792292168327262
0.54760486965504	0.298241567622907
1.07525902774992	0.688409074722989
2.05365649180345	1.51940510084537
3.14815396786855	3.21936396731711
1.70730662985037	1.27489455909407
1.14969984760416	0.357649385936917
1.73458741305069	1.29216859572212
1.60770072192241	0.958778207429894
1.32653195290465	0.797617743170556
0.560594788776931	0.243067185146223
0.0261943766150226	0.00871889097396423
0.321311045854822	0.132964559414079
0.533180419517982	0.237854901760182
0.0171789648217268	0.00581608319151194
1.08216407629905	0.578611976128268
0.327020901026097	0.13771629357866
0.627110477280352	0.314366770700079
1.61800801370805	0.950252368131783
1.1319686762045	0.538320845953882
-0.165767984542377	0.0559259726673095
3.13206929546638	3.12260123439976
1.31906330060018	0.796308543381896
1.90487689908197	1.94928780038531
2.67816047984979	2.73781978739838
0.169127628888565	0.0691362976597138
2.52944473687699	2.83634814813631
0.613380884425281	0.307203668125906
0.497554971336198	0.19678276701094
2.23507417257497	1.86256221348728
0.906905638386066	0.578154334464172
1.25405697249703	0.884298648083469
1.08957478220689	0.581323176146219
1.48862648754588	1.27752095998619
1.6355272783331	1.01376390410517
1.1508535236904	0.954555954412433
4.20128371410681	2.61028572585752
1.63878604840568	1.45951529208132
0.924777995557479	0.587887845843669
4.38424591088143	2.96246337804809
0.321185257818673	0.16362747478668
0.805399149298069	0.41154949947046
2.65382068781255	2.14139551736241
0.191457156656936	0.0864479647343987
0.609257189696524	0.304716889447811
0.56861834432537	0.329862989013919
0.942369764086414	0.578245525696599
1.14374327887645	0.553192139615426
0.822912943866532	0.412327894285581
1.64153312911119	1.31812770368199
1.6329598711551	1.01586116576048
1.07034271436275	0.563900950119901
1.82636727228036	1.23227710403634
0.845810165620606	0.35511032086096
2.37257207547673	2.04881599412309
0.0289735840874523	0.00960779370114592
2.10101020793149	1.34382609252205
2.51234197648292	1.91064979554388
-0.542630579057161	0.261818721060667
2.30061409776127	1.18168020956518
2.05989436069761	2.27041655417397
1.60878956895873	1.52246757803699
1.28514436811872	0.853259152841426
2.30507720749545	1.19731082121008
0.488789486136254	0.191591696024446
0.831238237371211	0.465918647897714
0.847647199908869	0.484299605392357
0.81175142910248	0.373326226663008
-1.2596507766405	0.604832732403124
-0.211363212384406	0.0929868262950404
1.28500938991778	0.852766657742033
-0.0955986166467934	0.040592578426372
1.07932539386195	0.574104293419227
1.26600368165241	0.961805673462022
0.135962635430607	0.0427024194977899
1.38322010385823	0.745052644407541
1.41480110813071	0.791581068805777
1.27531848134083	0.919520064306346
0.850678213762888	0.353159646859981
0.720127025127607	0.481421386383949
-0.95730696315778	0.502099479024897
2.10035365639098	1.3368668321266
1.47671750103163	1.29122663306107
1.44944329385647	1.23088285297483
0.523398495874167	0.226624097836512
0.682073276086011	0.376462418458632
1.61450661251489	1.41964133754824
0.155687480296353	0.0753209733779314
1.42947930373415	0.785714157615431
1.13457441031782	0.546114821835204
0.845810165620606	0.35511032086096
1.61717808281338	0.979109866496432
1.70082592337665	1.84663576375388
1.29443199212132	0.76610039330322
1.44425433210226	1.14248975093157
0.288702910328874	0.134462997844466
0.845810165620606	0.35511032086096
0.0277117755118858	0.0104366974349791
1.5421950223157	1.05140933710814
0.959771056705226	0.659761424977105
1.05180036142971	0.612519136287095
1.97790259104231	2.34305247726304
0.958465819516373	0.670819140608819
-0.979228041295888	0.499536428590052
0.757659407268773	0.46457209171088
1.39625381230815	0.765347113609302
1.62945378065044	0.817472714071434
2.51999339959518	2.81750961883283
-0.954812592790902	0.494590274397299
-0.477864890693127	0.257307662059522
2.68766960570398	3.1938653107755
0.865745270334056	0.502312691435559
2.1733388205731	2.53915403741222
0.343996585020893	0.186195001838603
1.93283456952789	2.03260549829136
1.5370703889385	1.01600195337776
1.90595385765587	1.9674935050366
0.47020057266011	0.162848463750761
1.49065434659434	1.11768149058147
1.25667894165423	0.913546455252842
1.84219473089361	1.61594609610373
0.905370547352227	0.570974755633882
0.552547663815969	0.300445673500891
1.05687715602182	0.626871845232668
2.07554670700432	1.29787227386852
1.6385822657495	1.01551502917981
2.30658759404352	1.60102727250056
1.27359581440586	0.918684378804445
1.61629774882858	0.8106208547367
1.63653520145614	1.029370878241
1.85063694299235	1.25768298024007
1.15040929494016	0.559008921135339
1.14260781180548	0.556824397771701
-0.0357499776062767	0.00982234152565599
1.65032514099311	0.618715942293314
-0.856843841488928	0.425828690648073
-0.720438158323692	0.333816805761233
0.490965802630496	0.195573851936731
0.494678068881331	0.19725442867476
0.380220335111381	0.0881615126503493
-0.384528761771481	0.146262355364824
0.66670147076122	0.367325439220506
1.59537939481937	0.783587704957088
0.809659773505558	0.370708818697778
2.07761214576391	1.80621862228128
3.78676394047934	3.72740876016552
2.71934774766291	2.86110507031135
3.33542065875957	2.70539366155701
1.06304760044483	0.627020827622381
1.27804224419048	0.93454685543131
1.41745880711836	0.782180084965027
2.05314773294479	1.57156979374624
-0.390480244339446	0.148698927664043
0.611009391499039	0.43444439201868
1.28816449126547	0.931363243756575
0.580019243434552	0.279312511336837
0.803656303231812	0.372089708198306
0.214231260332997	0.0774797225223404
2.98361292326638	2.05427252461089
0.0746374970143222	0.0328181374103265
3.3298027619597	2.70368490010792
0.645371561646157	0.390459325434689
-0.734463113970915	0.33209176547966
0.119863833554519	0.0381010681220277
1.93360405022014	2.00248309739725
1.07505547509504	0.641868123843498
0.119727256078382	0.0580576166608227
1.92449878806427	1.58594003467635
0.76971043852718	0.483054461905166
2.69364115113924	2.81025898982277
-0.303353693981266	0.128259880555785
0.826642612709282	0.420957323796729
1.09600195664688	0.748023677397153
2.50290338543476	1.84564596497355
2.22650452832521	1.8430363464832
1.52576057038858	1.02521676470918
0.692161586780499	0.38169362884609
1.65951089722833	1.03616654111986
-0.160898985284633	0.055036138394784
0.716224888621973	0.393818847751698
0.824995900402876	0.386579345781144
-1.67742645111141	0.718005578983979
-0.944060412307934	0.48567918406533
3.98711153078041	2.33565773639127
-0.371179587758895	0.181697546264214
0.869402369358886	0.496033993559513
1.32094405051908	0.78482490158295
1.08915548338247	0.70184384309711
0.82267347928647	0.386583069910604
1.32613026187522	1.24094052319468
0.0222514103215013	0.00747417473316638
0.617171327685141	0.311673270437635
-0.313035136072567	0.131974961960569
0.821437527569147	0.378565230699991
-0.312853051504157	0.131828885247959
0.306795295985144	0.142177959595586
0.189571822261327	0.0853367965150558
0.303719398785586	0.152891809959092
0.618104715629305	0.308110250188968
1.26529508436164	0.834834592580154
2.64502346911194	2.17878165928094
0.803024496616931	0.4035581356182
2.23101315140284	1.84673421812033
1.63382522769266	0.990035023558845
1.86378483656248	1.62762109076353
1.31190677580978	0.779231749678903
1.3178388180847	0.792212451920927
1.48984776971106	1.09534638507966
0.431342030449656	0.226028773588224
0.856047869178096	0.357173412300367
1.89371014348636	1.04483374842457
1.66182432552089	1.02913625027151
0.476746483570221	0.163653018885719
1.05381447998789	0.621465897096416
1.35694491570911	1.36840519628315
1.33151788244218	0.796277711747611
2.04821525941234	2.20120021082543
1.83322358742875	1.23546028459731
0.920680749593449	0.587826746108577
0.220049755387033	0.106593026565971
0.165580579041546	0.0678146337269976
0.826156089271715	0.43085236257783
0.776427955860995	0.479744226474971
0.240472784520121	0.0891692619331778
-1.35329579317634	0.879398458559478
1.68120880964427	1.36894643198979
2.22921453991516	1.83264023950064
0.325030803348074	0.197544806542317
0.171854915302333	0.0771986834813493
2.66448762209556	2.14979970806927
1.07262329049464	0.699248234022518
-0.40236940060479	0.201210512243359
1.06359735665982	0.628239878466807
1.44261490572368	1.12990729840831
0.441154054139837	0.211250112326549
1.07183951344814	0.639311884653697
0.136811483262616	0.0554379892779803
0.274204449254638	0.124519789749072
1.06578213094372	0.692226209895635
-0.0175395430666692	0.00780296963542542
-0.152815657112722	0.0525923579603125
1.77896707086854	1.69478662803318
0.551064079434487	0.30153357067545
0.547780226089428	0.244292611097167
2.29949709336067	1.57660597140512
0.747051910037726	0.459819172564451
1.52323513154441	1.02494095258287
0.906380939048941	0.574193410372608
0.126568605013276	0.0397984823848972
-2.18657682128659	1.16781590195904
-0.317570014358091	0.135175534528386
-0.667653716278859	0.244760380809172
-0.447834686314661	0.206816397599026
0.824692526757459	0.381438688944743
-0.161750565654759	0.0622818122936064
-0.798339580557216	0.237512976825991
-2.58575103484108	0.851921364801337
0.00553524517309371	0.00214628678152478
-0.399061847888034	0.128616241882316
0.796805797779758	0.372454796346541
-0.155506611747378	0.0601900022237188
0.523377262497501	0.203818681684161
2.08280426876134	1.34007772150229
0.152571196862783	0.0619792410147594
-0.393476933595543	0.150725865008863
0.704529807501157	0.392398244797509
0.761790829677726	0.60779211723191
2.37754511923459	2.07505786780837
0.549552212357732	0.240954857379204
-0.110363602006741	0.0504214714283514
2.23942515660147	1.84895762698402
0.346994961859565	0.148286451164704
-1.5215559681033	0.823604243605511
1.68952459480849	1.36987482606143
0.293155344331721	0.136137062464748
-0.183237118453397	0.0713752157328531
2.23517063239601	1.83967287576993
-0.317511779402037	0.151382809399653
2.08839424755765	1.3315185199245
-1.86854603562738	0.870132078242586
0.0154438202511577	0.00536962490868221
0.301529190054109	0.12250536588504
1.08726731825001	0.583864886517766
0.84916995159376	0.352466211956781
1.53004746914656	1.03562395605789
-0.57244312975224	0.241914976973715
0.910304422428831	0.572203370368639
1.27068921255422	0.901382228094781
0.214905996026375	0.0794980902357622
1.12397401809839	0.527593625965689
0.319787738469249	0.136419341494104
2.11857993626149	1.31382118557686
1.32487479263435	0.790180335993552
0.844439128248846	0.477621297534854
0.697065391762985	0.384267514603249
0.833481842663497	0.42823196618569
1.15398692934479	0.562471171203382
1.31017734630584	0.784547317576219
1.52559765820252	1.01252947772993
1.53928214546146	1.0533379457712
0.492070561493288	0.194346983595212
0.463895117391503	0.161555490322894
0.438661195094495	0.209032279844794
0.21648111795432	0.10698675012099
0.51800486212342	0.302016712757845
-0.384443244326779	0.148311504161713
-0.440491691644078	0.199841776838201
1.63572107405905	1.02753951082638
1.05849192430426	0.685720072350767
0.439632042795437	0.210109227216045
-1.15741603323185	0.396231221189313
0.608765563520454	0.304071227888487
1.08242165372378	0.705849650038591
0.959098432106715	0.666201908924677
2.06319414909941	2.31685138927475
1.2883927595121	0.856147348990506
0.692725603108836	0.385303434628936
0.71608420156801	0.389885298044152
-0.00285704946013505	0.000478366409606113
0.177812666510337	0.0724688017153684
0.868133493956329	0.492712903891677
1.68376730601587	1.35999721696831
2.10066022567649	1.32115451252217
0.422916553992623	0.24359355264795
1.63602636408747	0.621870313032743
1.8407282535025	1.24436549749896
0.49489667941898	0.19457779720273
2.96668180766051	2.06542174863888
1.63090129897264	1.01503291421844
1.29562516291389	0.858806542110615
0.437463282999677	0.126015112770028
1.80836332589594	1.728038413125
0.610302928345027	0.301176705565541
0.236652523785144	0.0869258830772839
0.537911083524661	0.236303669357949
2.24395808624669	1.8736129169711
1.75666804986155	1.80108751008468
0.472281301611165	0.163121468929922
1.62067304397817	1.43608132243809
0.302801103330524	0.139439496048469
1.06532225563811	0.56703619335332
0.21028529452214	0.078675905016783
0.213398959563884	0.0788485318289051
0.903923260887334	0.568999179566967
1.52297042199333	1.00798962806242
0.268212324769776	0.145794889330912
0.185805703205424	0.0842293396963573
0.772935668207959	0.699904403661288
-1.85629381795863	0.843954350918636
0.541871960178615	0.296372041880943
1.52981921051391	1.02794431904517
0.349110189141013	0.147355833819064
0.990280228362338	0.715498168930632
2.05784650638192	2.31527923119247
0.220831521715675	0.110463029794259
-0.406644664295214	0.206590790875099
1.51221191883793	0.994562980287662
0.643412800010989	0.379672438891309
1.14006896771357	0.874106451467012
2.49702238386228	1.89517706275871
0.442769084665714	0.257909589920624
0.848208119431161	0.477997265332857
1.31076211401395	0.942708173075586
0.404411500616178	0.212124593006392
1.61397435709951	1.66746177873305
1.64416080838412	1.31925360738235
1.42102485824044	0.781933681813233
1.84905298753547	1.04425852712804
1.05123378484405	0.625837200238389
1.31661071624203	0.804754483200086
1.6199512167225	0.814069332860057
0.423740457863727	0.198658407184515
-0.592059194930661	0.243538643125439
0.165885359030875	0.0674514872376183
-0.155099304989432	0.0530128447325553
0.819988648731487	0.382714446366715
-0.682179629707519	0.252708809593937
-0.42949514535127	0.195485888635753
3.98988195073213	2.31325466312312
0.336833166986612	0.140864295474623
-0.571000842102764	0.239530603249211
2.04814414306213	1.54482423527396
-1.49840034090999	0.829586485163647
1.60651100456436	0.799971115192223
-0.0966486838285906	0.041096772858327
0.209579002939528	0.0782154036370822
1.32291554240635	1.1536196850407
1.2520043516423	0.884115280288421
2.5735961621316	2.468800751993
1.66165021681741	1.33976389998219
1.84886786414571	1.59517473653365
0.959115515471925	0.667782172228699
0.839144513616497	0.349211749136388
1.29721130257621	1.01751436695415
-0.661458677984282	0.344349523722148
0.515960045682557	0.324950493848237
3.79902497946116	3.7526042701056
0.00465302092214464	0.00193079695560581
1.84169864729723	1.63504125338835
0.360463634963785	0.152582501351552
2.94023629710229	3.3475793765509
1.77324595787597	1.69140764674903
0.546834988906153	0.295712627543133
1.73034461221621	1.29938917691088
2.82688294841208	2.49259109426828
0.50079254666602	0.196703933797961
0.619223254958279	0.310656405485869
-0.105197519772746	0.044369075610528
0.423944522080696	0.223896079226998
0.557481588144323	0.247123412331484
-0.223031873935047	0.0997038072197044
0.93628469764127	0.337326267145544
1.88406934111637	1.49089871183228
0.816502260534305	0.590315786951782
1.46815410431322	1.06800996382008
1.91550314863909	1.59888105257936
2.27417320504115	1.56753541370516
1.07219212085031	0.626359613121992
1.46420125979938	1.16919522216336
2.67151890767328	2.16846007609729
0.338112227360422	0.146001950279231
2.00032619806454	0.899743023662988
1.49683934850742	1.06427415601419
1.73299782901478	1.30647231066371
-0.214531882188483	0.104393076523102
2.23448771910258	2.17072073763557
0.0244027521867411	0.00820933291012438
1.87152519948176	1.29773313543441
0.606357768778272	0.305414943719949
1.44292475953896	1.44840576272375
1.02303066415038	0.829742927945381
1.65849364778874	1.03757176453183
0.973869494541509	0.685443374969739
0.183866443908015	0.0834200287740864
1.26784382695076	0.829411447924579
0.328675395908186	0.13934525169359
0.188830443383747	0.0849390010902443
1.93668145561086	1.97575546051194
-1.60409583740961	0.93316079570257
0.970744696184212	0.848158904596088
1.25353230692766	0.887971757969926
-0.816401175922075	0.239207561479631
2.38729379953732	2.11848361320688
1.06189259478266	0.557594621137396
2.6658766561241	2.20053135311273
1.67296358893903	1.35842062240067
2.07078398348737	1.85140929387154
0.867298521473055	0.499551773545885
4.54949109223011	3.1756349209456
2.50219914228039	2.66237733156363
1.30373039872868	0.782385084277518
1.49060169999178	1.09670799991962
3.15088141503913	2.34422283713155
0.544023517060209	0.292538829955732
1.96917646954967	2.52517359682368
1.78867511541683	1.68306624602241
1.45804659102453	1.25648822969741
0.719107013444758	0.474958546963801
0.418085914797325	0.238221201135685
0.797843728037391	0.587234507568432
0.991217757960487	0.734304738127279
1.63012127287573	1.56023496950097
2.03408757583497	1.9306781390467
0.722486928539861	0.52526027326541
1.44902663193289	1.3544738854287
0.515998424105646	0.330484155335584
1.31924374661476	1.13418502140489
2.04818506532702	2.76226862090652
0.83897766423004	0.57701283116664
1.30144693765235	0.936261932828562
0.422133173357654	0.241792556280385
1.01011634869362	0.961655687231431
1.1491821645677	0.893207675247716
0.150887129478193	0.0721637555305247
-0.106779798809522	0.0490822525812231
-0.958124720784751	0.504107467410588
0.538845059199696	0.236440305438566
0.0975813047422978	0.031747769481636
0.0190028714867925	0.0072664573510924
0.255173542838913	0.142028341917217
3.7653973856065	5.17614262758384
1.02426302475622	0.977313387536745
1.72314716238262	1.28695354494778
2.69995373990091	2.7434044135314
2.1129279623086	1.29256280597376
3.50080489245391	3.03944657611454
-0.651725684529573	0.334090875311232
0.618598103083781	0.30708427297069
2.32126670253074	1.18201717984333
0.914020491303115	0.578542140029292
1.07778788035822	0.628086429827793
1.06954909730713	0.571008357093577
1.09724610033204	0.580145309734587
-0.661189501626272	0.336825091707328
1.06954909730713	0.571008357093577
1.31121238766589	1.11672608816204
1.09160275358484	0.563592379272068
1.29755800488119	0.94046969024394
0.338658789660563	0.144395130757743
0.776772882295842	0.350483137400619
-0.899129992433957	0.36833037579776
0.057731330767862	0.0253018463621478
-0.543064395619984	0.258981207541298
2.03901896085353	1.52886322324877
3.07422077314251	1.3181512074564
0.868213104444902	0.495812209067407
0.72239850135122	0.488477321437885
1.72711161752049	1.90661536835418
0.755818601206807	0.58874236323084
1.83721080457654	1.61003902272203
1.6455101231432	1.45632451913166
0.42971381382098	0.222180407491307
0.225388110195818	0.11948212406498
-0.112516292686145	0.0520596001612617
0.810555328425423	0.57597121037152
0.79775562098266	0.581746810822915
0.191636899195176	0.118330444720846
-0.407091670342187	0.130674563839898
0.15206391348316	0.0613428342165335
0.545382560177359	0.295552886885954
2.30401396142075	2.49200185519875
1.34347753304895	1.34696722524068
0.630418665159809	0.379774018406163
-0.232086949162847	0.103410615579951
-0.561221276188046	0.236748713732064
1.29679774450826	1.02550749231418
0.216702821012007	0.10384637729504
3.52248734579491	3.0289257988016
0.624245610318041	0.37264703322787
1.29250003308169	0.852336853536086
0.296299601529723	0.151186529793471
-1.86917159207582	0.873771100049978
-0.311317374091431	0.132831303383085
1.79700899658622	2.15655083007891
1.09494654509453	0.57172535564018
1.52729678501983	1.03697052118241
2.80802428404661	3.03230132456804
1.31185224408202	0.573723422401825
1.14995929943828	0.359644120216764
1.31460638721163	0.788842404787606
1.31116836631675	0.792292168327262
1.29967907075393	0.927772659106842
0.450298757952013	0.216903237931971
1.49567204726696	1.1918036498826
1.90566530451509	1.54445005373749
-0.11331720337581	0.0535437289443296
0.950705546366054	0.760044013337681
0.801981581734894	0.68441166965449
0.544148854843379	0.345120360247293
2.19663124370392	2.64034474400924
1.31307332316385	0.788129540791445
0.770681769256689	0.480395995585896
0.455406970506386	0.219314277899983
0.441052126109521	0.257547505605401
1.31352314443381	0.795128991191138
1.8563781437207	1.29608917200437
0.456969804168749	0.220538325892642
0.841086982033314	0.574431332869245
1.74414184828819	1.28985268472445
1.06126031834709	0.717870140769262
0.692773774112359	0.379171371076128
0.825713408805061	0.375889496935853
1.45008108710646	1.15296842880684
2.97673503237534	2.02835398458598
1.27288845390553	0.828948383251537
0.681626466879453	0.383182952359818
1.4611914244027	1.05953103731913
2.65974944724536	2.18598189109226
1.84078230731908	1.26382536835935
1.28301618831347	0.975308867052563
2.66683753075494	2.15585529791683
1.6347521435902	1.3023576962689
1.30362512116662	0.793273583061908
1.05934127267306	0.623816719349347
0.564657909319105	0.247177277691134
1.85782342508257	1.65119022336638
1.63225653769557	1.55951180661129
-0.308425680611818	0.130423701086006
0.115287763338001	0.0553577594855752
-0.854013449431981	0.418506322955376
0.673167067245704	0.367445570602415
1.0170590385538	0.781085465102775
0.53086484143325	0.30033522977997
1.11599249092309	1.18196911063651
0.428828658481642	0.201364881042786
0.83758335750568	0.467946372141579
0.634621793330417	0.52536675873394
1.08005597906088	0.890661308421177
0.973912339127353	0.867325385899421
1.55049037089575	1.8545414434099
1.53047369481308	1.0142981394064
0.904299801298356	0.79013282395323
1.06249867140132	0.869023566554143
1.03813786406497	0.863270523577218
1.02033821497049	0.952928529311845
-1.21879758388539	0.737402640826747
-0.20037930823967	0.0985672597611675
1.20262251852154	1.10549918627614
1.54547934943981	1.01886373712546
1.55570287683149	1.8003630337173
1.80313045050511	2.20780373031308
1.33979671153835	1.13037652040515
2.26066571393094	2.17178010884274
1.82556478278122	1.61854289976895
1.73715805996186	1.94906505906196
1.48204493468999	1.19134856318974
0.964252426264907	0.659882235083242
3.1856562185279	2.35637948605856
1.3048303153967	1.02188445810303
0.82975980565608	0.563012851784941
1.48856662922613	1.19523190461816
0.900871747685262	0.561522683821908
0.547756161644432	0.240215066516853
1.73578978210074	1.25324427710409
1.30321360739388	0.799128762729173
0.820013041762821	0.382416137215944
1.6128514781839	1.74219394374221
1.67471126150132	1.3630066267449
-0.167789089916166	0.0654716286462259
1.3014913423997	0.782525429390775
1.27734048933206	0.979446034878388
-0.162749278969334	0.0636675338965736
-0.0449649855621062	0.0118575605665375
3.07191541302791	1.30060988602716
-0.72685155967994	0.332902337460616
-0.723902940389864	0.327548289360899
0.0143670537628726	0.00563393205982972
0.967199760849922	0.675852965453897
0.909675726920788	0.568640428368257
1.99413616016344	1.85392001256616
1.46746828804731	1.16597998861128
1.70597147482063	1.86458744021272
1.27847936311671	1.00557308994348
0.98031740161318	1.03378746215985
0.64145879797321	0.41387949504323
0.425168956876777	0.226392750466566
0.0123099088504474	0.00631414330353548
0.43059950240663	0.246340083525625
-0.588359274803119	0.386068999195011
-0.345986800696868	0.206703631612292
1.71996370521936	1.90882993931465
1.32746688927528	1.72783051282204
1.08749603752046	0.972635449030953
0.630223946267273	0.377690714683904
0.619273954821307	0.405875846872812
0.433412095708196	0.275391853605603
1.38949962282893	1.72523115194367
1.09528130062033	0.906491086596701
0.410174292379018	0.271421398125763
2.06099480869311	2.73384223280951
-0.96666621037485	0.511466042696207
-0.096257582919131	0.04878094032421
0.706122213961854	0.581242738910645
1.02053135494616	0.964442262624923
2.01578541733892	2.41029039611105
0.0956564349786092	0.0498508552500933
0.892732100158386	0.668721647770458
1.35053665983891	1.32463117708884
0.842478934082314	0.483937949477019
1.07894931647481	0.958198578931398
3.43622658713387	1.65895261894807
0.818186972948803	0.423566851674742
1.80247055380726	1.69996746961528
0.51373160010622	0.202086552584456
3.44891088252907	1.65655944931031
0.438292281749834	0.208788624260184
1.40653825053244	0.77105869826173
1.38496243761852	0.746096251963823
0.905013655385471	0.562577072894339
-1.13714169063919	0.656298808347624
0.499019518858708	0.196936170271778
0.763278383830749	0.46814367523964
2.15840958548981	2.24306057323599
0.0241716666965171	0.00910357122223643
0.844675773539981	0.572228132819079
1.06453849536231	0.631242585843837
1.52885192758825	1.05090319618437
0.703280655967751	0.390091020486218
1.0756243003917	0.575718964797232
1.1632983330436	0.890930962853938
0.839530346508611	0.472849395309397
1.17925667262329	0.913559039875922
0.601456327635012	0.298009621545045
2.39119180195422	3.23522109376796
0.168948046828181	0.0763526529538855
0.145627934137677	0.0642883301862117
1.97509519528239	1.88080945913348
-0.148573713425382	0.0507853959026437
3.49117456907621	2.98230285721427
1.52626613747523	1.04705070421767
1.81769317040951	1.60366318971148
2.40627014946772	2.1665595560051
1.26770186903102	0.839677192055183
3.79902497946116	3.7526042701056
4.51944940625345	6.07862393921996
1.47633911652641	1.39767338553563
1.65334652080646	1.01682719417373
2.55762421869663	2.47812475766767
4.60802864713226	6.50815550603952
1.41127073814212	0.77829209151478
1.87557563504824	1.05412814381887
1.30551523483975	1.03358704533347
1.05000934545253	0.667929373417392
0.221555211751303	0.0828104975247421
1.26609509515636	0.8272953032561
1.44283835016811	1.55230990875556
1.4648194976319	1.18012100701324
1.77630488317869	1.69385071975531
1.11404004153202	0.802985402533246
1.05122074696175	0.592917035532278
2.00964138857531	1.92651887221562
1.05556921523433	0.671628933597476
-0.278550165732415	0.145242291212055
2.01659816260766	1.94914383414459
1.32682315141985	1.40553264833665
0.800910848361234	0.410833576574342
1.65818260369088	1.44871930656689
-0.118283607087996	0.0551147490781863
0.760970660935378	0.604780529676317
1.65850669541312	1.44565154399437
0.771818878379192	0.616526549866757
0.771901141275618	0.56556895865099
1.99866354710386	2.36003214839826
0.87995211645505	0.76906179376411
1.84814655392241	1.64607763414245
0.550342533011386	0.301651620135727
0.641500414631174	0.42018319767165
1.00049346298735	0.764821726581728
1.70279597183059	1.23588252123151
-1.69271745133675	1.01740063764305
0.800296339575657	0.68182007248187
2.08829408763961	1.86432057083882
0.816528890047604	0.384436015984764
0.136882669251212	0.0672084329201922
2.98221215979291	2.83779630830432
2.76352103111753	1.75012145464247
2.00546242502354	0.904131435092317
0.438552723517565	0.126104492778476
0.84917536895568	0.486190419150252
-0.297700313041363	0.122992267793633
0.760204385368439	0.464643379429683
1.28844814733241	0.854928729815487
0.832076426649514	0.465900064068606
1.61213646455477	0.819107620729212
1.4643032329005	1.14385637292423
0.500158877945801	0.198934780025628
0.900169585479821	0.563373660547792
-0.0020969351423028	0.000377026564841848
1.44874035367571	1.15843466979649
0.807847839178371	0.417803599882563
0.512044775759286	0.201696170750873
1.0589572529085	0.672874419519734
0.912532989073092	0.57610193160022
-1.29038788003844	0.608085147430428
0.774005213722775	0.472875355429266
-0.40317001103446	0.12729755817665
1.05881742484025	0.622528405900572
0.942371595359813	0.338883052187767
-1.07583100228426	0.482467110638473
2.29956483420463	1.59471304765084
1.51194550608256	1.01140299313206
2.2198460811792	1.82736489678787
0.69956365029943	0.509413556628457
2.53030943099809	2.75529841804748
1.32214206493389	1.22769501204765
-0.229756032829221	0.102662101090697
0.297172780251589	0.136702373409537
2.65995781319724	2.16392864560865
0.773757446512023	0.484451780041802
-0.0367244544023809	0.0156099451682242
1.2813785162722	0.835843225308438
1.76226073338672	1.68164462225524
1.94368439277422	2.03606291290625
1.64079297721732	0.997298791844006
0.647249665530041	0.396266694819544
0.420720320259822	0.262063556737084
0.432069206964764	0.20952230945276
2.047566800703	2.25203284123969
0.627114857482386	0.449272696716836
-0.0596851537823503	0.0256794236883279
-1.32335522053628	0.813016193243311
-0.208377773157733	0.103047193524263
0.86568084525652	0.497933707216331
0.338658789660563	0.144395130757743
0.258436749490869	0.140996556149964
0.589702393209195	0.448306933315874
1.26893554804688	0.835688410784308
-0.304659393500604	0.130438856319906
0.293485564695062	0.135097542917249
-0.0941715517984974	0.03903938423619
1.47553542991581	1.39525677551637
0.882457825869767	0.501071667417174
2.39252594896388	2.80811461668277
0.976185670240904	0.675594976638237
-2.17909378027386	1.13936913186839
0.614653750963044	0.3082293770184
2.38986158115167	2.53436018380988
1.72698336252615	1.30025168932835
0.662690728531475	0.357384981504027
0.842468390988295	0.582340645957009
0.243507179862932	0.0915556508474631
0.892276692136996	0.566441395944112
-0.0173331512443029	0.00762163892925152
0.766369783387799	0.479653058128007
1.44521742210491	1.34583859691802
0.337555492823002	0.142588636282272
1.46969786617591	1.07216687896795
0.014909921016075	0.00559582973473318
0.549614740592751	0.241745734776165
1.91916715780089	1.54939634795853
0.331668247957708	0.141884477286824
-0.168337421954614	0.0657267081717784
0.861500449393068	0.692057595984086
1.01137278105131	0.780032648749095
1.12368445149858	0.787489680037218
1.66639076732045	1.00739421954591
1.3073315424661	1.19612759630675
0.435968147022147	0.206492328932112
1.26936787774367	0.914680061003709
0.810356524513016	0.416927288527303
1.98809907158282	1.91215267564947
1.40719203165316	0.782745559022105
1.1690941912802	0.555067431425361
1.61380032238757	0.812931003394543
1.40096926087919	0.768195641160664
1.98639174518286	1.9377987347127
3.53544429724748	4.31454278762307
2.87308163215936	3.83073660400118
1.41901341174317	0.788633428720966
0.691192705179181	0.382843984399324
1.05531149766814	0.624512400310377
1.40359602984866	0.778369073106993
1.13709397376818	0.551941837091681
-0.104976125842564	0.0480439206504357
0.740827112940803	0.627167107407161
1.20345787123491	1.11013262918984
2.30209338423977	2.92844493788393
0.979693918540103	0.732351400353591
0.398296943248093	0.203963954256666
1.2296603348528	1.28434749753662
2.31816784547552	3.36527877253939
1.92570051698506	1.98352456569389
0.66241273876378	0.513742606883302
1.24401801627671	1.22884051366552
1.63932898092832	1.44594957098505
0.8961147292445	0.676877998701143
0.160437142453483	0.0708764636951321
1.32235152817905	1.21755330146015
0.908764429851104	0.674160981178192
-0.30666362664808	0.147657623969279
2.53094482097611	2.83466160813342
3.54988655438214	4.26035471698041
1.71174897698399	1.22255792096895
0.129457806705875	0.0409304673264114
1.84610768863943	2.31279234698693
2.26934696992406	2.53694769217154
1.47714981323689	1.16588453973408
1.06154759771082	0.558856446020799
0.429562719963691	0.123979614580192
0.772844556019432	0.477260819689494
-0.432808273307608	0.192633713172414
0.817209759672655	0.376057549496323
1.29809409829682	1.08912495297829
0.812752728154124	0.421612259330093
0.814277442933266	0.376614048105585
0.2215380163409	0.0825667005263179
1.7294024453105	1.28856574226251
1.5671778295027	1.7981559320722
1.14889949286081	0.902864587510783
0.883019336291396	0.49871115657425
1.54062705908305	1.04739701370356
-0.396786693896996	0.203773017015783
2.9641932029952	2.04565723487888
-1.14163298257209	0.641454769621915
-1.3886928786667	0.723109399522007
0.525618334087241	0.277270606839486
-1.61130224624617	0.895283812909173
0.773757446512023	0.484451780041802
1.32569328059797	1.19720894459786
1.18701111488253	0.989829467027236
1.44346336249058	1.15807367709009
0.902364693437414	0.679327052245656
0.0439571881701306	0.0195423313042954
0.916727239517618	0.582197309855957
0.794206081498999	0.36121136844781
1.83866514732363	1.62378153737735
1.09231464142061	0.98476922492695
1.74693187728574	1.7814595819276
1.50182879378754	1.62103513840182
1.31530789204775	1.13361330176506
0.420428451430181	0.217315470130584
-0.00917369600032747	0.00229241109777757
1.01326772840368	0.764355474598403
1.29244912067997	1.0260906426229
0.521837147504725	0.300072390512457
0.576873593333283	0.391728745525755
0.683529230222853	0.467758875215618
0.718925659468131	0.484223275588785
-0.458218608478564	0.207105684789783
0.423851159903617	0.246514228782912
0.669376679088665	0.363070414069549
0.62821636771247	0.411438521367642
1.73745842710041	1.77421336089452
0.667151431763134	0.367415190563642
1.69777022022079	1.98161631665006
-0.112952256296894	0.0466062528040771
-0.0486313402017277	0.0251037649764587
1.09688778781981	0.972571173425385
0.744438800565766	0.489639107442309
1.76922382198916	1.67686407951864
-0.103025851281148	0.0433912986372565
3.15527692810662	2.34960839328479
1.07236714463883	0.677200376929525
0.916038775381176	0.572312107120856
1.87882054369102	1.05797836388088
1.09392091524937	0.57942887215529
1.33323445596313	1.21366574162054
0.390749154358087	0.201197025362127
-0.556714549625397	0.273943878964982
1.66277355515548	1.32140901184953
-0.0164343103622961	0.00766256697254905
2.41509515108397	2.17239143290949
0.290053568816651	0.132576071891161
-0.902184421879492	0.37219474276083
-1.09257481680309	0.481641583651119
2.7274897663121	2.79964230950063
1.44815472304312	1.15902775719472
-0.189624362009589	0.0941169454769247
1.13998760746953	0.888278329054838
2.68697956464189	2.7838263456491
1.47070762334531	1.46911895721407
1.0981654864649	0.773059932883038
0.815064214269368	0.379633520033222
3.77251578014565	5.16686880321351
0.922942277139753	0.587114673870287
0.77706172238362	0.485001789192755
0.30287381314732	0.123819100086755
0.89461334621758	0.550706253567272
0.949014736328873	0.657635891243388
1.50515834629606	0.981442790633291
1.3819554531017	0.740667080838854
1.64257925186444	1.01427264877273
2.51709891548253	3.16552169884698
2.03359043972666	1.53382523008045
0.675366539103365	0.377794348978437
1.32653195290465	0.797617743170556
0.398412526394533	0.206024078291084
0.435884248534588	0.272756223710664
0.540343185948024	0.288695933127881
0.40985356042904	0.231912315285764
0.771918281802334	0.475178629194335
0.404308133261098	0.266980713575227
1.29295615961307	1.03430397223125
1.0671878084834	0.870118980862927
-0.952966157485637	0.598297664360442
1.81828068880509	1.59392089858282
3.12301880309932	4.66472193833429
0.943716020657659	0.626207989217537
0.431501796404861	0.250411644972575
1.02229347744323	0.778034927485917
1.15170216900033	1.20382273733415
0.904386520652759	0.684368266128205
0.529909639379068	0.283608896884726
0.825178192930292	0.423840161266751
1.31333809860848	1.13432427566139
-1.14147659619818	0.668843789163879
0.966233591981191	0.658122257813028
0.450901525808645	0.214614223493107
1.63690932696707	0.998859321095776
-0.174348447261179	0.0673427526412239
1.43510413754423	1.39706272225827
0.544109500583083	0.297863581637361
0.823439797710884	0.564469961861563
2.40900924259919	2.14310170644624
2.5495050936373	1.45841194494343
0.819258078215577	0.412164780155334
1.64230005514351	0.629994079538676
0.456254060569847	0.158186024819222
0.94378479794137	0.345154379632816
0.811936235958745	0.377518188001608
0.475206421015891	0.162241215471821
1.06954867224086	0.624308046150802
1.11988702242669	0.805786494989575
0.42866110721923	0.265680326207463
0.800580489177471	0.403016534639414
-0.855353866664752	0.426127847706707
0.858557650494766	0.495318534721577
1.31906330060018	0.796308543381896
0.909881626478426	0.577172322919878
1.21471744014632	1.03065352213065
-0.023610083630477	0.00708374101200635
-0.0265281782541497	0.00763985645704447
0.147591378444252	0.0606327360698552
0.532862296498883	0.233795333758435
2.09179847735424	1.90405858950615
0.606717882520703	0.303169967047971
1.02296826468986	0.786771749970896
0.3021409515682	0.166041789407836
0.317466002873604	0.16028265375192
1.25834985424381	0.880788640175127
1.04573853746381	0.662126645674027
0.310668879145621	0.144902023175019
0.900821677192933	0.668036366653082
0.95279547329206	0.812381843067577
0.535115794308747	0.310577301909441
0.316495346944837	0.164005925068073
1.09104466716398	0.957650759616108
2.04363341628245	2.37260357590699
1.63243365879532	1.43261455957644
-0.962474586127044	0.509557255781221
0.854683410592067	0.48339980444788
0.842753953995741	0.578047456897802
1.55348954523801	1.85678472323062
0.832562947374915	0.573674406812946
1.66398857723743	1.36015626074419
0.525793386129588	0.330496309212211
1.93177470814009	1.96711902748226
0.141142044163107	0.0685885683139523
2.23968720032685	1.85619246639016
1.06081372577008	0.683514348120887
0.324365449852967	0.139435463152419
1.21932214891837	1.20322906764762
0.455179355748931	0.23696969613741
0.855160743925235	0.684068295536582
0.762354168884466	0.67231889066017
4.87469297034096	3.89553545254192
1.28022245990114	0.841528385537981
1.30486920204768	0.567489527502324
-0.905437039976906	0.374202693208441
1.53237220609327	1.03315061346648
0.426100198935308	0.219443794210736
1.79704149733152	1.70904119723834
1.63903105222465	1.44745866359002
0.791779225274219	0.368106195854676
0.616693884495836	0.400345376023572
-0.163100995490389	0.0552230722732595
3.30725199625115	2.64344343985196
0.943125836168673	0.774987091175197
1.4643389454959	1.26949834029864
0.183653851891093	0.099229182805289
-0.724510435478228	0.332276753646324
1.35743131765306	1.36738761112124
0.440488655116167	0.213829505262645
1.61463588707244	0.820202639412946
0.227920335674625	0.114145580380058
1.48340393130404	1.08653827270737
0.148915644624531	0.0594509666918921
1.44445178802988	1.22594317640229
1.33038967027086	1.29996714012424
1.46035066304239	1.46685160212863
0.795610528444633	0.584762812149705
1.28677768489964	0.846138800502926
0.115278364336005	0.0373594789095735
0.60157762249874	0.29317566578692
0.913312081555623	0.670615448107442
1.494228995539	1.09147535502329
1.03831963034384	0.80466927984473
1.08306241877315	0.640099529294306
2.7206078606027	2.83615790250247
1.09906124539948	0.587309736095541
1.67284193722961	1.3701929049709
1.618211767573	0.832082432091986
0.597164778511769	0.289412767240503
-0.21501845460604	0.0957690610052563
1.0370310370831	1.00540800646273
0.0438107797789489	0.0200264200697595
1.35583212822585	1.55310562631743
-0.326462545044476	0.136590758153258
0.42918750988532	0.249871778242598
0.627776084397818	0.377962502026673
0.813534812931335	0.605064762394099
0.317344222020256	0.161846838872234
0.113246949976313	0.056055760278611
1.44343736498533	1.55546246655297
1.71913610526477	1.8939153754776
2.41240271865364	2.84428609490541
1.0625843334483	0.87243586734766
0.901342635536094	0.571348721504356
1.08048675469738	0.638521363878743
-0.0165953789566152	0.00768635851559076
1.94788373898823	2.89479972566942
1.52749177268034	1.00457492565981
1.92362097966397	1.57918232005038
1.45606173402883	1.56714770713865
-0.201638008408072	0.0771746294633762
1.8968704540063	2.08978366777628
1.73285902234859	1.27929982914475
1.09799902497641	0.718912201363807
1.33299678904089	1.04183044508972
1.08216407629905	0.578611976128268
0.114537748605724	0.0372284574625642
0.623897868628474	0.314902982265779
1.61024358324003	0.810994391306939
1.72698336252615	1.30025168932835
1.06286137030131	0.614590413919427
2.02920964400472	1.50755186433584
1.86941710128494	1.07160604184406
-0.221208524546354	0.0980686265720691
0.550627584174767	0.248634953665885
1.17214348231687	0.915606953686821
-0.285075064660848	0.150461446586304
1.60225196865673	0.80774890999215
2.74487564463043	3.39394053260469
0.304009755933036	0.142325958990721
2.38995292798354	2.0935633163704
0.331272252044101	0.140373022865688
2.10572650609751	2.12481327282066
2.17348800193324	2.59907994721585
2.08114788937784	1.86269220500175
0.0552365655182078	0.0241880340766182
2.06201830450054	2.81187525765985
1.57272334750861	1.6777929663422
1.57213293784137	1.69728695829738
1.70498811726853	2.00767704445277
1.04098607865329	0.849536358911433
1.04781393707048	0.613176427545036
1.83704614864747	2.12299647308656
1.16228714316351	0.900067590718058
2.77135998126593	3.45365771799317
1.17550042511637	0.989429920061445
1.16553656486086	0.974052461045041
1.82254441949592	2.51014410351824
0.166417952482985	0.0676020408817148
0.523526850401987	0.275766004584783
1.81330770536126	1.60063814787679
-0.572330410187644	0.27789103611854
0.604483628025161	0.466214265766443
1.2881369453466	0.867613032271938
1.02990291387634	0.793679119571024
0.934992003902924	0.639527340193841
1.16691403727133	0.993533818936385
3.73016083045583	1.99020875135088
4.85418057452545	3.87812602473375
2.35958752709755	2.4017111614864
2.33886929480418	3.39768183847082
1.66180302875355	1.03595141485746
0.610999142112699	0.296727077643678
0.806424331766591	0.369414104922233
0.84583964444236	0.479522891722773
1.05540020243828	0.617810559798558
-0.00988615770451208	0.00518141691074536
-0.558355381604519	0.273039245074183
-0.585073240770628	0.247806231463062
1.31025332231563	0.798429724303605
-2.42769730201049	1.41964710244083
1.16478937857312	0.986329050162093
2.41439093286227	2.14374322432966
0.543417770529917	0.294504373527934
0.855500837308181	0.490103558299055
0.831613009480119	0.428018156027419
0.326810646805482	0.138339728982195
0.835920448494607	0.423448528482547
1.60189050763761	1.60322683876611
2.22178953619517	1.8606765729662
0.553336857824859	0.299840428889522
1.06252475512089	0.615787646418736
1.2836211344744	0.85714306142889
1.09919357097442	0.983750222818394
0.544454543070291	0.239001532157362
1.26310586340602	0.838391429135035
-0.316162772877546	0.13439085656898
0.317849288354546	0.135757722637278
0.863784332292366	0.693017131120387
1.29547085807032	0.857433648406899
1.13788853394661	0.876004437904445
0.771944080404903	0.479879206695262
1.51267472099825	1.0120976925438
1.31445340143175	0.798796764017352
0.872555987504515	0.506235514201308
0.437725605910049	0.20758277601427
0.849870710148664	0.485579557927253
1.70572023409705	1.25831767183666
0.403982087893674	0.30709261837707
0.0572506568829228	0.0254394193481926
2.77439236314393	1.72982905901667
0.950167934668141	0.652949298968777
1.15063673018281	0.893725386916156
0.843047090486599	0.581737401837085
0.841787822899971	0.470795825389473
1.06861847095072	0.957997738275448
1.75940971442013	1.80710694729262
0.97937670296217	0.724004487469546
0.711337341476996	0.47306078535847
1.0756243003917	0.575718964797232
1.71450582216789	2.01789376256164
0.319195229927281	0.16388156735631
0.615356244500775	0.301164319862807
-0.189642648094278	0.0840882021148642
1.06310896085887	0.628910202729961
1.05231415675573	0.547606887941049
0.438292281749834	0.208788624260184
1.78383119119718	1.85055081242254
1.07640773335379	0.704296770334338
0.987575075061051	0.860994094075087
1.45529363042135	1.27493153277131
1.29499603807903	0.862314843402712
1.14060462130631	0.815016565140726
0.445640466488212	0.213714010833474
1.0849681237038	0.58847151068049
0.800288965945214	0.367739722621858
1.40599725582376	0.764656414123858
1.6199512167225	0.814069332860057
1.90364725607786	1.57340699819784
1.83345602884938	1.2303742166976
0.813395065963433	0.38320970561979
1.08583269453431	0.701543903477536
0.55007689677058	0.244946479777805
2.1376970700468	2.25233010044947
1.06124789036834	0.547064745922462
0.859462602827902	0.692129068816759
1.28261977650338	1.00052855909091
1.83176800308718	1.25611210073926
-0.383552104755553	0.122329731101183
2.08892748295589	1.27198764017467
1.04312071701654	0.614897646552752
-0.0010535308339837	0.0000276575270497144
2.56746039267422	2.50407836484815
2.06906116571249	1.81724890751549
1.62855372361739	0.999792900822047
0.905037614315079	0.687808003569814
-0.231664381858618	0.104471806770453
0.855618990787289	0.48621433097559
1.04705072782158	0.668914691505003
2.48153540335813	1.86665406616963
1.71294341669161	1.25293376752481
2.06200958011353	1.26326203344222
0.340008925211203	0.144871606607942
0.420511779287251	0.19709617326935
2.24743610663285	2.47927976809916
0.610894489402634	0.40339913392497
1.29873138067635	1.0207692144863
0.614894800370041	0.301532330492555
2.40130064000534	2.17305731770856
0.967198001546835	0.679752135270175
1.76996131659121	1.67896303789801
-0.899129992433957	0.36833037579776
2.2255821514978	2.0925700088642
1.27523378301611	0.927067307576416
0.438905380606476	0.209934208115817
0.753468141714035	0.469076242838172
1.63639421211837	1.51307059489517
1.47485388693916	1.09056322511878
0.216687397302644	0.10734278649346
0.00616377610114383	0.00274195194168975
1.53296687196021	1.0479296779019
1.82605909031481	1.73339319107978
1.04723611945631	1.0083251223253
3.80813544710808	3.75801592976308
1.11173820006235	1.07798751317987
2.18627023323767	2.62692028588117
1.89779814704554	2.12614592304378
1.2056738326131	1.02268187559751
1.48318214246091	1.10956693133913
0.906113469822979	0.575360824472351
0.67265564898244	0.371966906551621
0.402163808986535	0.211620629765584
0.935985543406783	0.752146365209557
-0.306047796780325	0.144340987918462
1.18324105345748	0.988327265714118
0.758028302032587	0.595118506169076
-0.66237295293449	0.462330218150521
1.22448695264544	1.29404680304019
-0.395893207149522	0.228407025825976
1.47460296735389	1.60963197052606
1.78798452186603	2.34893917938317
0.978335643041587	0.683505647217299
1.4460094313265	1.14433987560476
0.251878416298018	0.13910414863239
0.544896213705161	0.293687728248614
1.63777116534179	1.43809766054323
1.34103247750294	1.35287808334329
-1.04560925254118	0.566042257057686
1.32179231275397	1.13905563222084
-0.0318533549817876	0.0139088275980618
0.845331831930198	0.58522673987926
0.64207884393056	0.391599146703647
1.26473009930466	0.986530169109174
0.536108098589954	0.349223563843776
1.63294511360188	1.49402605980453
1.55070422332226	2.03938923032435
1.4893276631114	1.52303968850205
0.77984027036601	0.643071888502141
1.46682049712146	1.86687774863679
0.843807124088345	0.577119164375913
1.0756181882203	0.69885064765089
1.01455798181115	1.14527871143212
-0.31847018538909	0.153271966975385
0.620721850591016	0.308683819174062
1.22824755979466	1.21632074410619
1.47882997040516	1.46259806324294
0.19316735022688	0.138745232091768
1.31924148570393	1.73875115297532
1.66961325075703	2.03059146594098
1.05472669960919	1.06116106481415
1.5911030281642	1.71503594682192
1.62060486403333	1.41757407564278
0.445921557082549	0.302486569045289
1.46196001400147	1.36946476923063
0.320781109237007	0.179223937725886
0.0152233441160618	0.005970465514754
1.78824271840456	2.1782627483277
0.954836723885332	1.0036556822081
1.40027577719603	1.89663472742599
-0.732213935871011	0.403903409282686
-0.378982700335104	0.190932701041116
1.09459887404569	0.718382010034885
1.22572492146272	1.10783990745045
1.68961537100483	1.93461161376037
0.64832735619822	0.389575570214826
0.601206679731289	0.302114865827717
0.458263524798382	0.156476561504026
0.914641100230198	0.576627247099925
1.37002855496041	1.54875105221254
1.46558330308755	1.16820462280547
0.625985058166172	0.409985193419572
0.810572156560556	0.59265272406944
0.650639397001743	0.631159892724203
0.963047403398758	0.818894630958465
2.15057410434788	2.73017363744516
1.34460788429764	1.30915428172227
0.775375610417606	0.558161205724994
-0.678438323886907	0.25168522811587
0.232792565791721	0.0863444049114738
-0.439043783801541	0.197248803948371
1.29699579901125	1.0232146502638
1.8897678231263	2.11297215323617
-0.192610230044509	0.095717575046916
2.68038816824163	5.35746875877839
1.73191457430711	2.70757786661878
0.411549491339865	0.195306693999897
-0.267609279999274	0.152877498556204
1.43862736436967	2.06004241389272
2.26080895035892	2.73389507578313
0.249656801188521	0.13855438791002
1.14284691747404	0.886217151570024
1.00333957269429	0.941392566440229
1.4777667376284	1.96301241364978
1.46947496272082	2.13443148250707
2.81596261681996	5.48163932553703
0.430630475228572	0.30725469212854
2.48244795162411	3.84194108435641
2.25737192509429	2.50755064227507
1.29515478907721	1.11504407997666
0.860960398011876	0.79854156493302
1.00279155631287	0.86050726634938
0.795794310011066	0.789395826975484
0.645617814829938	0.484881471139035
1.46423661175534	1.42980252979193
1.35527379273545	1.44588036643542
0.5902016441877	0.442306092927652
0.6593629940461	0.492303955482253
0.442771308712703	0.370438354320778
0.940813881803856	0.643486167679541
1.1535922104743	0.899283132043043
1.09961518354707	1.01952008071468
0.806262101301227	0.77209805657048
1.68289547580368	1.89674779757853
1.34567991499453	1.3317171652028
0.890320849650092	0.559338067892159
1.75706155970747	1.2982840423801
1.46618436470493	1.2760435387383
1.85137815463426	2.18445909693754
0.687389065458522	0.368118636756431
0.534687864826027	0.238125427003669
0.689574449016003	0.386326606342966
1.19450119521031	1.002681489739
0.8693340777387	0.680202049481291
1.07201764088013	0.569205483872232
0.311104553497387	0.160040696560548
1.21740439906011	1.12487072929788
0.124429040114296	0.0716115471747909
0.338324673368686	0.251166821959969
1.09203524981706	1.08642078567526
-0.584941074758148	0.384412703240727
1.04703031878276	1.20921586872248
1.27114476242835	0.919848452618169
0.596979154840868	0.380534783545894
-1.2975063382348	0.82419568258027
0.931157593535034	0.738380096055436
1.48290410846708	1.30039198976932
0.370249071650399	0.261510714085345
1.49807539233306	1.40493080063402
0.688200731347072	0.490896843369381
1.20839682821896	1.11995770516614
1.76192306832452	1.80553128047574
1.61238496701117	1.41774295003759
0.641722656640635	0.528030069405991
0.958330353043848	1.09998357566389
0.774157421024298	0.701657170964869
1.07446027010159	0.904967045255417
2.31596319897837	3.24753057736022
1.3832167663647	1.53812051962604
2.31045918629237	3.99887650975881
0.493287694712662	0.366341556446342
0.387253390151915	0.258886866422483
0.853175141086283	0.568997634343823
2.3838815344205	3.93973254462857
1.70310535150059	2.01687516047193
0.232665535468784	0.132786394681589
1.37523887531013	1.92834183774137
1.1302511804406	1.37814862626096
1.12999530741799	0.799968298109259
1.61703267442479	1.55967979674371
2.00618400776592	1.94818061447504
2.62805294020083	4.50098285473644
1.87748628274973	2.91663431789111
0.520907919659658	0.332927671908566
1.59583647732429	1.85714526895331
1.07015617614195	0.887256101905989
1.13857909352655	0.869514786654235
2.39060939477251	2.5210539022981
0.714063785109133	0.478223344123261
0.60036151823846	0.385338640278166
1.31262283189562	1.12392639763496
-0.0897059235306699	0.0457514539167987
-0.552339628152468	0.269290738764266
0.91599730228428	0.582848800139693
0.197704425644668	0.123015477628948
0.630134724648456	0.378434730597214
0.729547212901963	0.494420246028508
1.16190284492357	0.987185047083902
1.0980091655198	0.565609360587469
1.97729502081636	2.65845228423159
-1.43524384937498	0.554349554798128
-0.328426563193531	0.140014525222036
0.905874491056167	0.688837709319028
0.814402654040935	0.703555483052492
0.338408915260134	0.218470352693297
-0.124019760020973	0.0574976250600284
1.13805131498342	1.37292842678069
1.55204568711699	2.12337603186827
1.50378019987686	2.14409733154564
0.885757702823804	0.996466001887156
1.13362816524945	1.10989101635688
0.706020454430368	0.622798879080838
1.42953856229478	1.85131283102219
1.14070700442156	1.19075163078538
1.03499599604503	1.02452491855338
0.426176469148904	0.323118240136884
1.25706632266652	1.50724432599396
1.73107069648456	2.89336852130357
0.984331805955464	1.0827982747272
-0.168242770228827	0.0906122491848073
0.952911191115838	1.10716963669292
1.3315422843176	1.47375258220495
1.03943291697461	1.19660503059133
1.66069378029322	2.14952358540454
1.68324213950959	2.45309714958415
1.10499588140707	1.34440602504252
1.06476085687302	1.16446231930251
0.0888629732759618	0.0459265905756258
-0.32758312778871	0.214737433143536
0.471244643889411	0.380214771226133
0.162501278165529	0.0997753163796728
0.458702462348354	0.349880382343877
1.13891793531907	1.10748134616955
1.56316172012492	1.82516092646994
0.127116303353896	0.0715371383821666
1.35192193505851	1.44598369318429
1.26623152025577	1.24209216024054
0.943213159123853	0.759872986426958
1.13791330778971	0.887830954727591
0.968288814199745	0.801937338334778
1.38633761561374	1.78587726304753
0.913125027794051	0.692282796664931
2.84252962856593	3.07290637916022
0.898372168204344	0.663500669219251
1.74439831313733	1.60261531860949
0.220805073514558	0.147297554112894
1.15814806160675	0.968850467291572
0.795396249821457	0.587435776143093
0.424809755772679	0.226344902338532
0.782451718642551	0.782879455978732
1.10259577384245	1.07167006612749
1.13171952323322	1.17316244680254
1.28775519874896	1.58053889144065
1.08077386698806	0.681900028485649
0.859368410721357	0.69041948971165
1.6108981007192	1.53277852365238
1.45116291366913	1.37430278981015
0.188688295913145	0.116722454861985
1.61603857903341	1.51506448191354
0.945070047220564	0.776233499630485
0.675537373423795	0.619148112695011
1.47728654039337	1.07168715332209
0.819743272232328	0.60297145760602
1.44974924814433	1.57813682010391
-0.204600902993963	0.0911169271147578
1.18968419549584	1.09162456957832
1.33444146044383	1.58427846550022
1.48113557971927	1.98966464866129
0.968484247535067	0.679743347102809
1.35328491356196	1.43896787536809
0.641549917199702	0.523810411831576
0.685582695786816	0.530101192430354
1.34440083888799	1.6064418437694
1.82033819428111	2.70029387850588
0.735270048677114	0.733804734970653
0.741486208830484	0.825674600473079
1.01615214212415	0.90163979067368
3.01079974275974	5.03647953900975
1.75179451182894	2.64187167185611
1.85688111628532	2.19231221373827
-0.142151176670209	0.0895840402555962
0.509138424367027	0.353080669116603
1.34084788021551	1.52858972607188
1.46353728210281	1.47123417380982
0.630423238760981	0.380592995591836
1.57112532780486	1.92410467843312
0.829090270367768	0.76331474547893
0.63913249147765	0.421342982932927
1.04650824511335	0.875241466213966
0.288793958396083	0.174267282178034
1.22028051840665	1.20186805400706
2.43433791904342	3.60481328646894
0.988723037175989	0.732212240215472
0.853625248725409	0.874248750145263
1.00408242798938	0.902461226111191
0.703178615125831	0.579382772572591
0.832254394464842	0.572790944297877
-0.712106746760446	0.379380275328134
1.35132250886261	1.44030211982484
1.23710015035956	1.22406255023762
0.727748589083366	0.485130787833185
0.944804036080894	0.653413582096098
0.971300891612732	0.685709019793333
1.30863845113326	1.72063699968304
1.92258671245547	1.59722352031758
0.85279397026165	0.479097006745337
1.20962622170118	1.11973857997184
1.49340917816076	1.09954132083467
1.07889308876684	0.575722948064248
1.49969332311435	1.41787136697006
1.58986596414562	1.46339400562687
1.8276567586387	2.71272693417912
1.43464977688653	1.23184785467024
2.29699271146907	1.60298089731837
1.79739375709259	2.26682316336256
1.63683949224192	1.54505308972667
0.785800226079857	0.573703733114619
1.10884757682717	0.784122363608209
0.463344856656747	0.356999302634748
1.81752775125507	3.28742895142023
1.7340571005407	1.94058968879451
-0.847745552939783	0.417779885504375
1.47079676432567	1.49307770998641
1.836548999645	2.52983723662167
-0.235389050821014	0.129731198438568
1.58465970621964	1.73985809063333
1.448769307999	1.67722176240755
1.189686663882	1.49325083754984
0.79158367697886	0.665429287683534
1.32328691967955	1.14853383573183
1.16504828683346	1.27042678464802
1.80436229430423	2.29186178104289
0.353673441108928	0.219527391548399
1.09820143729355	1.05273156603448
2.14245116712332	2.22876704517641
1.69042025112791	2.00528086067348
0.602344225610622	0.352090672998594
1.58624027058388	1.86015910491537
0.890308950604513	0.778217789331067
0.597822280911885	0.448795488884852
1.3452700719759	1.45262182375779
-1.42375371134057	0.944856942053488
0.341706747261282	0.192706740326272
0.111254764967501	0.0582056943753775
0.94398349954757	0.893059205418947
0.538291248794329	0.315795415906025
0.0136644031445285	0.0055196390979988
0.173859245140358	0.0928541694508335
1.48439791603628	1.35891459085238
1.64064661381295	1.44768408331459
1.05936410144522	0.621353065381022
1.46003313289529	1.26895043039485
1.6030734393552	1.63754340628288
0.140497122065268	0.067939753881791
0.897673374529065	0.558943763229053
0.631834841204526	0.385093307231394
0.00822738838912879	0.00462167257823215
-0.579493695326126	0.32530091273779
0.318605138491407	0.178361934992418
1.35116117685568	1.24864593904535
-0.828307798891881	0.472884770197868
0.16826024862495	0.069134428701312
1.32106031500469	1.13926556439412
2.12657716018009	2.91513521063012
1.12688255957198	0.899378304125975
0.864046189747004	0.490668726136747
0.60735143285652	0.430886871956687
-0.654375840234498	0.334307662204344
1.58561809902396	1.56905390932569
0.524074960834217	0.309477693252272
1.16300954432229	0.980913538711261
0.285081499705793	0.130414354390045
0.775823329649124	0.485570818169809
-0.10822924334786	0.0453296086750233
0.426103403626438	0.262975271551729
0.602676385215495	0.391787807852339
1.44428230526455	1.32369695821598
1.31830470532853	1.13620907496215
1.21793405840848	1.55492092346981
0.52200928778511	0.334393974165186
1.47518446433654	1.60409002998657
1.22300618747998	1.13426063911904
1.75560452969671	2.27627817142571
1.24448866041081	1.37598017915923
0.333728459590467	0.173439735366124
0.975425609223778	0.836813039510833
0.135958955092265	0.0781616546805339
1.05799536502742	0.868984500841375
1.14819866048286	0.899926091042495
0.540278591359653	0.317694089110221
0.921577088828753	0.564150450494413
0.00595513021073412	0.00356555665503107
1.03338980159585	0.981788043212525
1.0675418613413	0.564981773206104
0.00398525481037432	0.00290507839437476
0.437444085967379	0.292838650749022
1.32419292426057	1.22565750969479
1.46825991302167	1.48690034632386
0.702949268230641	0.506859687516322
0.719470473623934	0.479624415342033
1.82393011769593	2.27347060956763
1.33298256046414	0.809410543816354
0.732614619300964	0.703634518121921
1.7289788992926	1.93562589332241
1.09686971850196	0.772488466462029
0.162972837101402	0.0658481610861668
2.52276897799382	2.80090562984693
1.10844888025969	0.797841580230813
-0.195392246138291	0.0871200010934522
-0.72488937052719	0.332072271094975
1.65202817725727	1.46249968003146
0.434942949520702	0.296968702009954
1.28304814750871	0.921647458861598
1.30566471203711	0.79218204734876
0.0102344547542242	0.00363566338425763
0.643057546403341	0.3884477043704
1.72332647821146	1.29953108299288
-0.298026751963414	0.143248454968841
0.43295408684301	0.204386774838271
0.0292791121309792	0.0108762576161469
0.0109516220496255	0.00431798155532007
2.6076650405409	3.54093004750037
1.58449540927424	1.61034726004949
1.06485538015809	0.626513114487701
3.49167459787256	5.38175711966166
1.91087716735603	2.51615761208726
1.98151487067586	2.35018824419339
0.437586980270144	0.290555621937564
1.9856545875265	1.895000185752
1.25340234837609	0.790018291781213
0.327928475782855	0.168666678757115
-0.113326847725049	0.0477756297753542
0.800244937757806	0.593042807650886
1.44985476343461	1.24147508080307
0.87406632318813	0.505684253480349
1.72601988995612	2.77236663748248
1.34497514061968	1.23017135646198
0.284784303080479	0.132836927482903
1.47170615375018	1.1917240666315
2.07337280910013	3.1102870246338
2.0824543079981	3.14589006635903
1.21918968967917	1.18099193036587
1.18300140691006	0.970825367257792
0.440035936405977	0.251197002346676
2.66987727022527	3.17697998124656
0.609122547883042	0.464986291716437
0.330225436968662	0.171411999497756
0.98387336268425	0.861765888884421
0.452252270492772	0.215934650924276
0.377596225712539	0.231426151809768
0.334359598476106	0.204272731501178
0.928273341611694	0.591004346702828
0.323605555247324	0.18107457783256
0.801893407259419	0.599899670376339
-0.354890129642343	0.21192184700303
0.305222704828293	0.141756347534129
0.2343121691897	0.08774117784386
0.345950259888525	0.193236045560824
1.06702014838428	0.895433980488429
0.743249695548456	0.588369381360099
0.914651708391012	0.692810248804235
1.09729196243918	0.708549501879275
0.703348602024784	0.585389670568473
0.918316221289733	0.695204843607507
2.02558637792314	2.44661145496326
-0.338026385027639	0.162707110968117
1.45891474334718	1.35365086529137
0.811992802617158	0.601637877580749
1.21602809854935	1.20256263116411
0.757250692862532	0.467370368338588
1.7963117217733	1.71471855913943
1.10065179756128	0.983310059807959
2.2510222461581	2.18416915810518
1.3001513890194	1.09186544777562
1.81934889720435	1.63060272260218
0.774717909987483	0.543995354493923
1.89364363899078	2.10881377663744
1.98969249735232	1.91213208581236
0.612572885973852	0.433153432188611
1.27105017994564	1.49218721900522
1.27238289480295	0.821970380091736
0.839434640628327	0.475116454163296
1.11132837144762	1.007904567349
1.25067755212743	0.782169729454829
0.706168240023588	0.386828205956689
1.4660477975078	1.26061558209681
1.44765618096154	1.67128217715558
1.1480094052063	1.27630221098228
0.72239850135122	0.488477321437885
2.15266761752002	3.329283364632
1.36251656381769	1.26809948664536
1.05864813156763	0.889273221044933
1.48240103663731	1.6056268171799
0.76973283565055	0.608159403407886
1.03912200980704	0.852252065671831
1.04178525786028	1.16191759217332
0.989574795167473	0.711649244575517
-0.109579282119433	0.0460934048723784
1.8861043358562	3.12753431603201
2.07344621843575	2.33793968080739
-0.235637562796506	0.102912215067017
1.46744934453625	1.17408870714231
0.634961383820127	0.658047119472577
0.414100499417881	0.288866174165243
1.12094975037903	1.14763708884242
1.31965176754866	1.60987401156189
-0.0927829166748841	0.0427165446393601
0.868795935718773	0.704711897294667
1.26373937353686	0.830203935250484
1.61782769325316	0.820037874601173
0.869508771256667	0.493343879676654
1.13994015415765	0.879140331838166
1.46326795811133	1.05496382095947
1.44803751385465	1.03379838424397
1.99342008063237	2.83882108557521
1.46608542125166	1.17494576502678
0.299662958658371	0.141049548662257
0.515216444137636	0.322105605389484
-0.372886969894334	0.14194521781332
3.38889425047093	3.86338672587638
0.92567154900631	0.58863747168196
0.816836754791871	0.366783991613564
0.162938839863126	0.0660269197068976
0.545855851361412	0.29126471151225
0.296602120357851	0.13755315195105
0.608502476130302	0.430456698199938
0.21887627915332	0.109591316014166
0.424463481792758	0.201861198636091
0.81944449551278	0.333372938307333
0.669597480345083	0.365065523093438
0.699898599793558	0.461138197450108
1.29731513010945	1.1008788016417
1.29631856762408	0.776406096949468
1.16558628462606	0.951864463219915
0.231161775414562	0.0834772960596634
1.71185264279368	1.86539721106434
2.68046216373775	2.24067174909136
1.85063948298203	2.15149995013179
1.19538930020921	1.06738405690962
1.91233317329738	2.57331440192304
1.16401344614636	1.03209751159836
0.351530560508066	0.257489668550232
3.19680178197074	4.2450553832201
2.48800218774806	3.06478318112971
1.5764073380464	1.96739595004839
0.830481548755812	0.465958215646026
1.34635504186963	1.42807619869502
0.192879408759804	0.0871157486471279
1.19688593854786	1.00868218264161
3.19347719567627	6.67218090279755
1.55499577872254	1.92760845563118
2.06887339738019	2.81262343738358
0.860695057767474	0.677709206319292
0.523677995772963	0.338445450063543
4.18928228448883	7.07090991554804
2.97947238892625	4.25986602617528
1.03840810939311	0.800096390913652
0.59950212381499	0.450119290587379
1.57285780881979	1.82360278412458
1.06564966383831	0.879193173916944
1.736613865924	1.30110391092257
-0.181918349916622	0.0964844300699632
0.271917862286867	0.173661309930472
0.0566614847594931	0.0249830827444388
1.07932496933589	0.907520019636329
2.30302442794838	1.57093175337187
1.72821015457924	1.89422601934972
0.146075480139337	0.0600091148369743
1.69257974983607	1.80455397124905
0.42342567948665	0.204477993427704
0.776425773458531	0.481316417174261
1.92503499242913	2.37442360664644
1.19780651109005	1.14249874398848
0.975488485574634	1.01736656798691
0.443846967525625	0.255629968004408
1.76796912570581	1.68092021757331
0.606270653263148	0.391713060498135
0.557087985792264	0.438776235582336
0.869243840906111	0.827457775417709
0.570295445401764	0.573121711524943
0.764744113593449	0.609869741664486
2.7011717123652	2.77355049105456
0.828995233419675	0.629151086626964
1.59098342150266	1.62679899460314
1.9928390649724	3.11952031542812
1.13144969782761	1.18283627903584
1.83513067098648	2.7144063691373
2.28506020875409	2.18324381607771
0.543945696808609	0.292138253053558
-0.831596787202176	0.532623765710519
0.17626206572806	0.0792908558085557
0.5482550743037	0.295513981222598
0.0680755906595198	0.0296495075061498
1.71771337969157	1.87969985872592
1.3483335392799	1.67101570289104
1.65816479291957	2.0322138199209
1.11443265166503	1.06305916863841
1.10627004000452	0.791006593660934
0.336474942931917	0.233877012177508
1.08407411220194	0.887719205333286
1.37605570316732	1.77596637604629
0.7201475095369	0.719219512305726
0.357919078515512	0.222104775121132
1.89909345635827	3.17793341378842
1.23276868004493	1.30180952285966
1.52048965617585	2.14258359797083
2.83572921447259	5.67021314783385
1.34786189445385	1.53625865175105
1.59050204914472	2.13512057662905
1.6748279644788	2.20301587008305
0.773016757804867	0.604182177334699
0.706601643866863	0.467398344748596
1.24513789250709	1.39541605757351
1.43820756120281	1.76299810135221
0.416966454733949	0.260025658248569
1.92919858351138	2.02051548870691
2.24760188479882	2.40048299486311
1.037839025527	0.859874471537424
1.71634322466212	2.04043384624006
1.22907815665073	1.11450096220655
0.85618058088197	0.831972564454309
1.0061026289093	0.944252943019069
0.975277443577206	0.674091182605042
1.13746017340201	0.545699083112852
0.428580653551591	0.202486052785986
0.53733324951776	0.236572675782452
0.549382814748575	0.32779273841731
0.493530036243804	0.351168670230066
0.811086474561941	0.594966833217317
-0.373250335356579	0.142141213450807
2.41602970912605	3.28765881986549
0.521095822691523	0.303419132129862
0.839840150492437	0.474869200025971
0.0420779097366596	0.0201039815882965
0.261128877954115	0.145533224532675
0.18950575775356	0.0857353902014821
0.749305220466508	0.460035408324757
0.902031634990133	0.577256428770551
1.78555681152513	1.73210615998176
0.970838817286002	0.807049903094322
1.29753459409775	1.01378439436396
1.07731829701175	0.741292076101531
2.0862562780895	2.31271362646306
1.32126062755407	1.21848832340405
1.46435723585435	1.36698414597366
0.555187729948906	0.299756245913767
-1.29438514929914	0.790315748527503
0.318064679708179	0.178408752496184
0.58045497350326	0.310914474060078
0.832438977864133	0.559570414024742
1.44927475899867	1.43454575475307
1.36973218098849	1.38624830252094
2.81369101615371	4.86055758163097
2.36902487444636	3.45821835005343
1.70289538877806	2.11274357720924
0.360308325453436	0.236019393425899
2.00892664100476	1.95697588725213
0.607394231401196	0.398057573044325
2.37999231622975	2.10711265891249
0.05424953639625	0.0236445498191442
1.45900069374403	1.69089494786401
2.4084695568298	4.01668272254226
2.81419067692147	4.19145272331013
1.13068118109258	0.85809883219392
0.300271558911355	0.13711352823786
1.25900712794004	0.895863990820219
1.06295513407899	1.14637110371182
2.60643735608687	3.97268310123089
2.38756880307176	2.14751359906639
1.22179598280673	1.16652019780737
1.25034401598493	1.2319097137205
1.85682447880673	2.50544009687943
1.7536361556235	1.80117135131611
1.31489456372277	1.10335848433124
0.627643959068562	0.502016162399795
-0.325387267667858	0.195359850469679
0.91755140591761	0.69074212263444
1.45590183590466	1.23230640195536
2.41902452502755	3.18025404900355
0.801422838705985	0.59711742698194
1.48597148652366	1.20032913867958
1.72793706690535	1.28394984354285
1.47967373284818	1.20116419342453
2.21971726552652	3.02720307793085
1.28892224961378	1.02835199155287
2.0579013120005	1.82202836382524
0.711495054920945	0.519060911076735
1.10600496993975	0.759084200795629
1.04325291833137	1.11792785550273
1.17027928397799	0.973794565323574
0.737623309835259	0.573073296735699
2.40230896937761	2.85135567314718
2.3840832602666	2.79257179333425
1.70200054878039	1.25136126581687
1.16005630056047	0.878167807431055
1.63195738699843	1.56256673146249
-0.444664374504711	0.2003681735196
2.20699577434625	2.65227811860615
2.03051662449657	1.52603743778468
0.64547838854631	0.389964087005609
2.10665678222344	1.87052211278812
0.712338587838866	0.45825180122446
2.27744345588342	2.82338739876046
1.19504673852594	1.03729887197264
0.761418025632422	0.461714362831149
2.71788557915432	2.85428872150908
0.851707931733263	0.494143548676049
1.54295201433077	1.99984700246149
1.14604687737519	1.32776524602912
1.25141961655828	1.23880565848987
0.852774486447051	0.693870036383147
0.663542190212675	0.398493166835413
1.47013938263569	1.66367759446331
1.38554954165106	1.65400424016309
1.16987996876921	1.35537666502205
1.11763466579205	1.07594271853079
0.664324457543558	0.399117499750282
0.55730303203251	0.45879597322262
2.22011271300698	3.02934612383408
2.9879328650624	4.89198619422853
0.883854656810515	0.849515351569729
-0.728422815818519	0.459171397435563
1.75326015320564	2.20112876412631
1.88957482017725	2.10959864691478
1.49106100908076	1.29549183523243
0.914085309137433	0.852833267896608
2.72068952885315	3.87161891057779
0.0353154298349944	0.0131120937162168
2.40986579715384	3.69168324590311
1.32400311580212	1.31451088962075
2.10769547610454	1.86331463752694
2.48696925324798	5.20093550467158
1.06321961328257	1.19830110601783
1.6137049621219	1.65456995647565
1.1926315943115	1.01037318968495
0.613330884485492	0.39931830092837
1.16001803039907	1.25792014023871
0.80520702159486	0.412871271073259
1.1289958306882	0.855015593305362
0.572782280902961	0.309220206869489
1.0149084685421	0.777609192136414
1.30302622406464	0.788720481920987
-0.667223689061263	0.248039590784861
2.42069429890357	2.18841127210031
1.66665378178134	1.31781585326629
0.188634907116304	0.0853095606329051
2.47721708465937	1.88316465696644
0.558014980197852	0.247873294624134
1.21554321198631	1.12183668925216
0.247789340574211	0.134410102431496
1.83934801555122	1.23820322681481
0.701507017255867	0.388769979528763
0.978866369116017	0.872599739984756
-2.32044635566234	1.3017200112077
1.4146116931682	1.57251871932513
0.943560636538397	0.641415244728545
1.41920137181508	0.773852855562747
0.916376493189533	0.567450408973467
0.176101764390051	0.0955448056492219
2.27192939762257	1.54718625291603
1.0872359923819	0.750566437523532
0.781716869334637	0.568182886974411
2.13545935610746	2.18850746844966
2.37528816809675	3.20485476718188
2.62767420136837	3.05317683633268
0.992866283501766	0.87985124570354
1.46229656460482	1.05430245600127
2.71257867497146	3.87337242287771
1.52765800993523	1.0258723012789
1.07563136298554	0.917735844989003
0.398677929455038	0.208026049659988
1.96822048996488	2.89446110666315
0.549469115622324	0.318255046341086
2.0720360014186	2.55534679406927
0.435320792756665	0.207784839416015
2.26231929469668	1.8524326920626
1.94451923013477	2.01934873853868
0.815441820480249	0.768067937616959
1.59069648030769	1.76304894503705
-0.55197380614123	0.339926797209184
1.07322473013694	0.69529664512531
0.875662312781877	0.646693481306931
0.614618044320405	0.385514060362115
2.83834418563273	2.5523297523834
1.78357966652884	1.86100624879083
1.32472418775902	1.31608292158131
1.15106912193819	0.887864125104442
1.60221235447045	1.62304396174639
1.89480533604671	1.50028637649689
1.16973876668564	0.970394182095218
1.08535872267041	0.703750670855726
0.428066883317396	0.226376672415272
1.84281599299411	1.66202031355994
1.09214457862902	0.707796982488199
1.62585926360463	0.807558803318097
1.43671552910643	1.30547733496668
2.70102218566191	2.75527543087639
1.82535198285788	2.1267861895804
1.86651431698222	1.26777390004251
0.665752412834885	0.366145023890273
0.943203806416806	0.883018658850376
1.12362344223715	1.50215574017433
1.28865595598536	1.08442924587061
1.61100103084413	1.52228244609263
0.0213250537753277	0.00820189767524324
1.63402587231842	1.45984783729541
1.73028886383934	1.93895364613007
1.62787336239408	1.28230042893432
1.46020141484712	1.53273432427873
0.148599080883888	0.0611007807791932
1.36365527516996	1.42061377674292
-0.205962433652037	0.102338245830478
1.70823776437059	1.2643589248059
0.479077279120809	0.163923914378797
-0.402250625290896	0.233181267978472
2.10276616469028	1.3307050295423
1.27717316018114	1.0021580669296
-0.494981392551839	0.2651273422813
0.28295947183732	0.129452813463714
0.518085766552901	0.277133153435726
0.246460061123128	0.134690954976714
0.960672768594373	0.663815445922304
0.301056726402901	0.138578940335568
0.910849712927877	0.682061768344033
0.896570236010054	0.784527648110337
1.6217786476925	0.996246596799164
1.275280160537	0.991934129894041
0.416539580053146	0.221060172281992
1.22058149554864	1.26647038485684
0.685747513376472	0.493241488270498
0.730166055170743	0.477868192482635
0.823969389326327	0.554329391800832
0.953282202944037	0.773016177253708
0.515499551601878	0.297608688963408
0.629935394903019	0.315381358887628
2.31262038241423	3.6642444709367
0.21032337402638	0.139271358695898
0.570080741083781	0.528262016096469
1.67437136648468	2.05783232662972
0.84888813978346	0.587246156048103
-0.268872020802957	0.152245873681782
1.06252475512089	0.615787646418736
2.40464233915746	2.16164170975654
1.62928984275159	2.25366781726261
0.773817902961593	0.566424172176374
1.29922658866448	1.03912216257111
1.35128497314034	1.54133876524726
2.53619776435999	2.39185772267819
2.3273917429734	3.34714730268531
1.07525509422019	0.699106427026441
1.20532408833192	1.09809499513131
0.811984731082022	0.606592611351905
1.84688728929221	1.27442742083836
-0.415140131162406	0.211154049778586
1.05008588410118	0.614704859780915
2.07098408207044	2.308862617956
1.91364840699236	1.5829524584781
1.52970291975719	1.03046077862945
0.698738219228755	0.391939105281358
1.07714887025431	0.694610400983778
2.29463124242363	1.60495086645132
0.713926214511878	0.391977965591178
1.75630978900844	1.82060080611371
0.543454662816528	0.292139102851229
1.27712516959546	0.910232550617397
-1.8449737868529	1.21806255109909
0.534079733422508	0.328783338000583
1.47688331234065	1.08067829437625
0.699092410157696	0.381830216773264
1.28120364841724	0.832362514055616
1.84206801250328	1.63246852774457
1.59178814885838	1.50731950137565
1.46573300780959	1.15768724781596
1.65486164462842	1.34137140112515
1.30085937131665	0.831103883524248
-1.15293321227306	0.680111981810319
2.08656203048137	1.32852160727739
1.88904916652519	1.54236306489322
2.65391042976769	3.12496537201798
1.56290144752479	1.55391354244688
2.40806299605312	2.89904655293365
1.1441081409142	0.894487021803803
1.07191677616191	0.899009127327562
0.95619797329232	0.658699957602614
1.62102767743232	1.55286334965604
0.724911140667038	0.618108328444191
1.47214229980016	1.39890090665186
1.92523694812833	1.57010600360138
1.88503535339714	1.51775027395231
2.70109850439676	4.30237981113865
0.365194372966877	0.257395001461978
0.367424535711907	0.228621822485599
1.48456406937224	1.39681938988222
1.64320932705392	1.0164162382932
1.45511196120376	1.34041866623946
0.666945138459731	0.404880928166957
0.763807268620565	0.47428156958354
1.43399323141141	1.321857288743
2.35433037636056	2.39522666383478
1.782928285062	1.71131685598623
1.66471688163688	1.33540550511816
1.92615046214395	1.58843913874656
0.837530579387745	0.381465475952154
2.38905069409402	2.49544908054287
2.0292896407297	1.5226458991932
1.61894053000447	1.54718332677315
2.70046408922679	3.84263743732718
1.63507327683433	1.4342782228076
2.97865729105135	2.06518874279512
1.05572932599072	0.859251743451939
1.31204648546586	0.793393155822303
-0.0260405952974444	0.0127002532489011
1.46332923738978	1.36706901231209
1.64067979837924	1.29992809319316
1.87204959999786	1.27907672492698
1.61757403219959	1.41465200435304
0.860913604718549	0.591142748722933
-1.05650353971587	0.590980222183525
1.28934698958247	1.02040639998951
0.564141659627215	0.251720393934644
1.21803097763432	1.11865327588439
0.450297269655266	0.218047874466465
0.629902431418697	0.417031089829781
0.698723794343311	0.384737720539864
0.637401064873819	0.381192219685855
0.670693432360631	0.363904635115617
2.2711333020396	2.53504716362843
1.60717959927273	1.66748163312868
2.2507878508218	2.44976452878176
2.17532419397286	2.89238835955119
0.115405656886552	0.0371853517547142
0.806637616042193	0.8093019410098
1.20255438428224	1.16944766011077
1.30166197893711	0.954555454971326
2.05196071303259	2.27641682096564
1.35652267621744	1.42018736882882
1.14707339368241	0.883709794589544
1.94128392796411	3.48757319540169
1.63541328320768	2.23922888103106
0.682069684683605	0.380298606971463
1.94425524177239	2.39140344897998
1.76810003932279	1.81784963366791
-0.556607090939749	0.350467490911663
1.46670186672477	1.27962419813135
1.67865697320124	1.34681050139922
1.61687985604421	1.52246784251916
1.08959736235111	0.700912382286485
1.97311974565692	2.5120824381578
0.0349574224006557	0.0164986278160041
0.255109487254714	0.138923612197469
1.50070086055136	1.8623322428109
0.917839471913827	0.855440254953982
2.08014723914278	1.30779495601099
0.985859875151962	0.793903943429629
1.27665764940633	0.911205747644574
0.510952547552941	0.323425541596655
2.29119577459843	2.56327214649125
1.44576275177054	1.14559377189594
0.931423780335329	0.584812518614627
1.04926336610859	0.672392212546105
1.62067106501266	1.39782212624039
-0.656336386008073	0.339530142620898
0.447734963990769	0.215972416312304
0.318302666799178	0.162344078283404
1.49609763032978	1.10392310901471
0.438296520557935	0.205307972816784
1.43896511308079	1.24033150398007
1.06953793126501	0.565839890233634
0.654194383146091	0.392326668231458
1.63405605353505	1.31360646048038
1.11244148491179	0.778587985199422
1.16176118313656	0.984564957237366
1.32783565946802	1.49125897761808
1.18076536209256	1.00831065021151
1.59243980219503	2.13482165402322
2.40177593470235	2.8678531115141
0.97760165983239	0.794960563410363
0.521304329977528	0.307757018616538
0.624537008942092	0.412201982551364
-0.065404866433132	0.0374320903238488
1.74984886867354	1.78263623987417
1.10208015299517	0.769491662632807
2.78537566408376	3.55070968745012
2.31440590647734	2.86251762129633
1.62804206959468	1.45483576391015
1.29260189370426	1.0886967126214
1.08100686054423	0.910378653696583
1.47613143445815	1.25721128292386
1.72998764045255	2.04816941696866
2.03835773481866	2.68645637025064
1.10331197529521	0.784908927124683
0.62899772628604	0.411131071877373
1.3187293132463	1.35510137563315
1.60908822558151	1.52431016579203
-0.0956725536013025	0.0447393131171001
-4.58480248520004	2.73760711541227
1.70395477916519	1.97179099385058
1.07831653801136	0.575416798438247
0.318698343495326	0.147968122326514
-0.091376765654899	0.0379553833391563
0.889121846099395	0.655368551351081
1.13071477932059	0.865980241605647
2.12120877393638	2.70909852743272
0.840273026134365	0.571132362196698
1.64235407839334	1.00798927502249
0.738035290535237	0.488798653339781
2.8382451551802	3.09999568343168
1.3002579587113	1.58641651089215
0.739247429467971	0.496175721513782
0.96060744503941	0.787304677301485
1.17855662034113	1.00771256757293
1.06164598956904	0.628486933035245
0.335665163036685	0.14362140466251
0.922263895696304	0.700029071933793
1.13279196329784	1.15737592945274
1.61920471403643	1.54343315746219
-0.241818638705196	0.106693897176371
-0.377831415860967	0.142989081967061
1.2803673506412	0.927752749898433
1.19531408522258	1.09040358664582
1.72286694769172	1.91818649047465
0.698804380405985	0.392795138491178
1.44143816845602	1.11461861427945
1.044360526472	0.767857051294977
3.00718614805767	5.77452751277024
2.1314018785769	3.03951796542808
1.48023543533465	1.0926672550627
0.756027789077805	0.45362757003722
0.740642256033593	0.577961166722689
1.1174338186033	1.38963098026078
1.49118357828233	1.39635914111783
0.823779906868417	0.731115757929751
0.964780122877201	0.783191021314512
2.06300988764328	3.06501007661084
0.423957510009662	0.284508091331996
1.14759084404601	0.894830573711161
0.211183698741123	0.129696370256624
1.10774821295181	1.06373586831816
1.78894248222345	2.21233421026893
0.231784764541688	0.124884315320836
1.47684160000816	1.51071374419575
-0.000477110857034576	0.000223430964338542
1.97770021849751	1.89050584864111
1.00808730455601	0.764380695403522
0.25596449823092	0.140096977366768
0.172110999425024	0.0696474697284299
0.669394490059827	0.472462691878168
0.303488206333192	0.20066675642518
0.537291888696221	0.320468017909227
0.768501910983363	0.477337685872839
1.17102914972973	0.908112780599607
1.03025111263272	0.843233268859311
1.08321719822093	0.960481348873331
-0.747860000873333	0.409554761682981
0.985420080857636	0.691562239325617
1.86274031861249	1.29298244871355
0.712127776846671	0.471462433476904
0.635878412083881	0.413058782681607
0.803237055053795	0.405962916982614
-0.954049423528106	0.503206470401725
0.226049744266515	0.0843245171634045
0.90406262752699	0.577227434462907
2.4855361688021	1.87858956226127
1.14960624694789	0.554078576274213
2.04771732152799	2.26692121053001
1.44753135365289	1.31224637346803
0.777135737893412	0.550687811481357
1.22541831054052	1.19292968831284
2.50375380393489	3.55767529169009
0.525480332828413	0.433383741592762
0.919997420988875	0.693023818866732
0.556603655517869	0.305214380414547
-0.0937121471043883	0.0432054618950725
-0.390986131478258	0.199350530311277
0.716265052943456	0.478377900324925
1.24023428646192	1.26811529407991
0.71035525447712	0.502933910179399
0.68377925254859	0.48330458492865
0.423249333759028	0.201385692904314
0.155852791325605	0.0696209966558289
1.85871470247773	1.60520887324521
1.29029680002011	1.02099857039321
0.910109792115306	0.692606540238471
1.60943230340734	1.49559805407084
1.28749715819461	0.864689657998557
1.24479121684583	1.22160787208374
0.264621212291136	0.144452228480632
0.00462608623781549	0.00218640772467799
0.118464240353869	0.0571399066118083
0.442399553121039	0.301186112056793
1.0785762450851	0.912588903846487
-0.0455710732248406	0.0235129440927825
1.82934004752067	2.32423423306007
-1.21606520363916	0.730193998127044
0.149336245933925	0.0916724700881561
1.89729535524104	2.13754950468031
2.30268733734084	2.93434706619887
0.440255800408313	0.256340918436078
1.60598150852232	1.36446490655367
1.27802789127396	0.925721074781002
1.44564832900475	1.76765392982395
0.939003810560178	0.965522523769693
1.15096359988433	0.897159503566459
1.0826316823874	0.699404931429074
-0.0994188058001346	0.0497359206070582
1.88133641517162	2.11735261763922
1.07000984425047	0.92661617229674
0.600978464293879	0.424359644457121
0.849506956019023	0.467625951598721
0.455996507301713	0.308782539202654
0.0528234859824837	0.0247963013255727
0.910720270687253	0.693347749483598
1.07759656876728	0.898014670406472
1.34049245418334	1.24999323158519
1.18153961831244	0.960065144804453
0.829363159022301	0.716897648254521
2.17060474567087	2.58218527427279
1.26057004577764	1.07963718422053
0.772340848137771	0.473373516875798
0.68919450992129	0.472498558305549
1.7322993801069	2.48983181290581
0.291004990521062	0.20975494005887
0.62531396518212	0.405069860269037
0.587634864361258	0.552624696210006
1.60673479820397	1.74017647520497
-0.375305961309067	0.232353301458164
0.674135789204692	0.545575515362379
0.810915680855609	0.594778116660205
2.16061299929882	2.57555091358006
1.64043084668167	2.13372775215266
0.369804035143196	0.261083787702752
1.48118484729483	1.59720215290119
0.97904744122685	1.03960349677077
0.439292705112292	0.274016709940648
0.333195618691029	0.141092347891745
0.913801475455706	0.575973283030195
1.35086778394965	1.35957413951028
1.62634614492917	1.65731461204571
0.195049943019208	0.0956495794856277
1.47768238843402	1.30504131320331
0.772160155636159	0.48008730884705
1.70005813284674	2.10001192059372
1.96459357126943	2.49092323273027
0.694228986960002	0.482798291632842
1.64653730330924	1.42989720018681
1.60815775570476	1.65673662978585
0.646563438694721	0.389385405924187
1.03013481783881	0.790839004451081
1.43010449887235	0.77857363591595
0.719331211597414	0.479328338895845
1.10453548011847	1.05688384640752
0.522312891297065	0.304427671337516
2.20432144177138	2.62200757088012
2.0662379139713	2.75946186049654
1.85153688904978	1.63407236804015
0.983941717840579	1.16576275475599
1.31675566747496	1.21191054496183
1.59069219163948	1.62412231420191
0.993392587226961	1.16081808640393
1.61651181396249	1.63277754753482
0.266711375789977	0.159988710242022
0.527049923654589	0.281039681357974
0.344878729141119	0.224476284147181
1.24465341584506	1.53395992920119
2.50919263432575	3.18689577823565
0.915820310517483	0.559584423161066
1.08379819297202	0.763752463781603
0.29882480626773	0.15223912502742
1.04293225025786	1.07179689764707
1.76311931142036	2.34993879916242
-0.359918745443499	0.197064543470628
-0.391467781345804	0.194677629992886
1.07105652510637	0.946558907366974
0.057554388573147	0.025229948892288
1.6235649676215	1.42156929629982
0.119817321373735	0.038732411468013
-0.133037521865999	0.0615366756480828
2.3956101984959	2.14527359229166
-0.350123023971877	0.190295554050795
-0.335648257379833	0.180411584126386
0.0292692397813699	0.0143177702419969
0.71332082356709	0.595765112866676
0.605362557039282	0.413807134266159
0.451627501981637	0.263466365055465
1.44593313529385	1.43879006150592
0.537911083524661	0.236303669357949
1.06839143020308	0.548777664758774
1.68660874191078	1.34724827646206
0.795577480900921	0.490159223442867
2.06348684173562	1.80884857820709
-0.231200516091837	0.104269872841657
1.08624752798582	0.578101212079765
0.417042036512194	0.221820692301732
1.08492579396902	0.700602642432848
0.723195683014689	0.515930748919292
0.84916995159376	0.352466211956781
1.09350402053352	0.98787771213059
0.596840719223123	0.290991553241462
2.30447841485867	1.59421884458743
0.235403504357341	0.0880493943115348
0.0283938400388056	0.00941170681802103
0.909452282624633	0.563987789022493
1.04739305369341	0.656164909329913
0.64188750784792	0.317265117367509
0.699897473085064	0.392086554752428
1.02073980580444	0.777544521956547
1.46809372831575	1.43798078276286
0.426101822613477	0.268277822369261
-0.796119979115207	0.447304123948811
-0.212896837583105	0.104562081714507
0.687466860231724	0.3823502555201
0.708648195785479	0.39750749776396
1.21354308231395	1.12208535376708
-0.396475860292518	0.197362722941368
0.302239578999816	0.155060789096863
1.5489853261726	1.9209187957746
0.803961698930017	0.532128637450709
0.462185520249279	0.356684111744526
0.742626575104389	0.653507329021319
1.33763204576922	1.35971095294606
1.0799999233485	0.968564582361915
1.83813928835942	2.15081751940314
0.725854105648992	0.558306950759166
0.46011580385451	0.37828239069805
0.851983015058938	0.583295868236219
2.30774904769786	1.57185956243482
0.740946691995722	0.499509900776764
-0.430685814896045	0.24953947210091
0.304388730257335	0.141501163897654
0.807157929112021	0.373076229162658
1.71474830115406	1.29512065383955
1.29691116672767	1.02457613256436
0.759722895906889	0.463707062695038
1.03353857293897	0.794098996453013
1.15649929579213	0.901575478485277
2.10081830591266	1.33610411726724
1.60994811205067	1.41598339938
0.69743441063137	0.459113739312809
1.4486624339978	1.05532510738846
1.10767244400053	0.699865221188034
1.4098705716455	0.774339442110914
1.56659764251742	1.56379590350947
2.20396945780109	2.63143951835178
1.74626312928717	1.94342892450653
1.31411971231348	1.21840791520495
2.00488846724319	2.37223792203853
1.77982983481423	1.82971201309577
1.63629325607226	1.45287781620821
1.31438184804659	1.2105793383656
0.419497957355747	0.197242588911517
1.46006589363971	1.16725928968525
0.913802960413457	0.725749774649561
0.0458920865873824	0.021799909366709
1.35301846551525	1.26818122205915
1.94998321584754	2.47633374619152
2.88916538491276	5.07879400618994
1.33589018461116	1.60780937486902
1.15095771846733	1.78403110819274
1.96326312321827	3.18392381036047
1.56784930317357	1.9019835254792
2.09693191653343	2.62885402714934
0.32442533628388	0.223259492778041
-0.571918870756615	0.240264084648874
1.14878895248384	0.890363476673903
1.01634622304298	0.97668975777338
0.833719093097762	0.773448148828014
1.41868210822636	1.8093721378529
1.47556786185925	1.50774502152143
1.30415605717537	1.59460576739386
2.31762052410231	2.99748754863333
1.47840211374264	1.17951480496991
2.27289915258974	3.84150426403915
0.448167503413445	0.306679562170123
1.10747180022532	1.07822611182732
0.761918559125789	0.507508247680871
1.9940264211293	2.39242471367313
0.523310548349324	0.336902665812636
0.636643742030561	0.413570646721315
1.20100960174358	1.15806485486923
0.638046731804384	0.386265950403424
2.25390692822165	2.16309676180395
1.06044400220904	0.619433221029401
0.823817259715538	0.948983147689204
1.10442193909413	1.03931107439842
0.943899770077261	0.777355235627607
0.321299237596684	0.175049764392145
2.38581979201408	3.24391058507472
2.10397075366727	1.85644074027515
-0.0343064416797777	0.0177352324921191
0.0968447784473124	0.0505403797756974
0.346540741388799	0.255957791643308
-0.706150561912694	0.316209492696411
1.47119679396037	1.4335905164948
1.28881973819459	1.01997668947853
-0.0404858376922702	0.0171792304520986
2.13713346617996	2.2555146670645
0.320398297753647	0.163223633720134
0.461819645875611	0.159167239469046
0.70238468679507	0.378636708356994
0.341749727348098	0.144353052152451
1.32239899766366	1.21598720030034
1.27254043771727	0.922795325634525
0.298957107028994	0.138729300735723
1.46366248476548	1.36819151892381
0.0409350021562647	0.0184684380154924
2.27364041751511	2.44945207452509
0.74304063247796	0.454854500749708
0.910697180582065	0.690537475115199
0.846720946380099	0.782694631695298
1.82296757038582	2.24342826322846
0.736009847458623	0.854591986658784
0.377670934457934	0.234782380939501
1.50498869887126	2.16258642741238
0.772401901891843	0.731593087506098
1.47263495930122	1.50068604908791
1.33769654109345	1.5599718740068
0.548870643707117	0.403670884255312
0.758895063984064	0.660274994144944
0.543322164285337	0.294771568039865
2.50469885444201	3.14826068027732
1.18006436940182	1.07355607361813
0.74606118905137	0.579030581761969
1.1797830097257	0.984526406405664
0.683559460063238	0.528596487167103
0.925629127412262	0.695805735947005
-0.665050398611803	0.404248650180233
-0.496573592894511	0.266506191829557
-0.20424513483621	0.100054848751792
0.927234712479314	0.591096857822756
1.79017197966134	2.20438331717423
0.741366694764584	0.501464071205372
1.86432106866013	1.05838464648777
0.440805998178066	0.254345397866877
1.44314924674755	1.12554419652623
1.19118448041058	1.00779474645377
0.990562834924092	0.889248223060308
1.08612618594966	0.691814628774708
1.01533961188159	0.762996620835357
0.921378614383185	0.814481512619372
1.28811969574048	0.84892975027576
1.54736122469437	2.01387813872476
0.927588241236904	0.912085183700697
1.03072003915866	0.985521523866102
-1.36437199607781	0.902433801309782
0.894691652908696	0.663080042150255
1.98846922800909	1.93037706450543
1.87463597694219	1.0434825866917
1.28237459100071	0.927610639715379
1.32725489608873	1.36093549903139
2.69118640643127	3.68961542963507
1.13981413150966	1.37628350453923
0.216009929166729	0.13380454241596
0.171668950710001	0.0977063472294596
0.958599163473681	1.09948333609834
2.62153615522884	5.96042887197985
0.862106223800697	0.964823494632277
1.97974056603061	3.84825466624573
1.4115762883871	2.01183977804523
0.699290663396556	0.618628800663862
1.61261500118654	2.04370229107132
0.719911507864267	0.708685633653634
1.13575068908419	1.25368154529333
1.59460250366391	2.17748578782116
1.59938219781277	2.66162587524348
0.814364261997412	1.04260268770775
1.26221216951439	1.43175071441469
1.80484334414338	2.56274680477866
1.57656723102161	2.22857210242694
1.63005630064353	2.56745000248676
1.40398991562349	1.53668469328171
1.5122912567979	2.04569713754538
-0.0835971553340769	0.0574084688776167
1.20888235471497	1.41807121069961
1.3325072140131	1.88399769751429
-0.0262539736347304	0.0137052305810025
2.39630492978472	3.20049828745613
1.21679899707081	1.1782383227782
0.157586899207394	0.0846514999975304
1.46725181742219	1.15634304110065
0.94794684681044	0.763526048342235
1.95950918041788	1.97988003149281
1.00528484940114	0.76447323542812
1.34676236598137	1.43129738707444
2.04245913669885	1.53430599175883
0.677961738948011	0.372986674162302
-0.330204526263046	0.195889443812666
0.737888720418202	0.445656196963314
1.58993577932603	1.71156959898203
0.605558903215399	0.421286504515741
0.847546872416122	0.482426810547596
1.61455367811623	0.818232760466454
0.544125280117197	0.293562348429604
1.64670720140982	1.0148474524468
1.75570019106662	1.81393266909348
2.07553797622263	1.83080873553509
1.8850785670605	1.53335823380304
0.830838336582094	0.374512915863257
1.17671106182199	0.99292073058712
-0.215819227465046	0.0973878792299732
1.60157277339642	1.78169292964099
0.807703584093777	0.694410725040792
1.44721358616671	1.12291935022622
1.29381911405606	0.931298916579222
0.410902422080158	0.214594924839485
-0.109189544514646	0.0452455444446598
0.331476919362792	0.187003918836987
1.32485052810591	1.31030656964738
1.46374543208136	1.68485706727814
1.36177017449154	1.37627460594215
-0.631947086636013	0.373029404076511
1.02413221159915	1.01880626943794
0.856781531084038	0.688319013993305
0.953100480428982	0.951767457765521
1.35150461103167	1.60999752156065
0.249061511261901	0.135410630212167
1.45127519393114	1.55645075789996
-0.320519024950773	0.151960980919555
0.66136786750888	0.400944075348724
-0.584049824935955	0.273575272570197
1.88290812456819	2.24742358124876
-1.41615540263208	0.971194798730589
-0.105378439098599	0.0580624269547672
0.167687988251397	0.0759135918573366
1.28216591732868	0.857776869123454
0.788535469312843	0.485160529057324
0.628672201663752	0.410478170236682
1.47197379489409	1.18661786239026
1.26844710150035	0.890284999638235
2.08170222733461	1.85607656420973
0.304004058820903	0.138886070752441
1.21525080080047	1.08095728182939
0.310673305160926	0.159858974653603
0.9048192659598	0.568968551228605
1.14012984091867	0.882849118418686
0.894315723463413	0.677196384592498
-0.104662638653386	0.053581841022857
0.930278094572487	0.749997345575701
1.07261195361025	0.626439822246483
1.31408203034116	1.21463965269154
1.45066896404792	1.68153362272531
1.41557998486623	1.70092638493512
1.91345036988274	2.83915296044315
0.834956329014587	0.834988082467952
0.329706908317502	0.185458649017027
1.51367159413021	1.92909160522287
1.36555655925528	1.3801217414942
1.53729634664424	2.39143542929239
1.03042485045581	1.24716719908666
1.32687038285713	1.67432318789004
1.36219752352905	2.13466382058441
1.47673386940557	1.61339937071666
2.66850177097882	3.21397324823086
1.30315840013986	1.20831866370959
1.44211303427524	1.44560562694048
1.23090152860586	1.54117858506172
0.675970370306268	0.650953016416731
0.981781041279798	0.868550151671229
0.701113714754521	0.464560062060475
0.546139263250929	0.296545586119574
1.2495917190981	1.40281943816477
0.379920456275873	0.269600116546925
1.01946119592031	1.22233436418143
0.813539326025904	0.872939492903071
-0.195882563708645	0.129332642509377
-0.155561060156827	0.0803280338797801
-0.317426462529656	0.133730766478794
0.12036151976277	0.0708009472382733
1.5819023083493	1.86612791075632
-1.58720955179388	0.893988122938231
0.0730476095172834	0.0319251036475548
1.21098491372852	1.16970020571999
1.02767209220593	1.02852283171659
0.997218992493379	0.748174474951193
0.915273072629507	0.702458114715708
0.783046916994356	0.476407090994039
1.6658497184378	1.35713445909327
1.21507777486906	1.07217623121635
1.05146255915401	0.852967977942676
0.0544395669471032	0.025963344980325
0.321513542397795	0.163172202877485
0.768328534960175	0.476717251460624
1.43474909724589	1.53089499733752
1.74223610549175	1.31152861692354
1.1210639752561	0.807547387746477
1.25693119361217	0.894169351331101
3.12856184088135	3.23180439223834
1.40929739586133	0.778301696480945
0.454132314068892	0.261586732932006
0.832733238479585	0.574655480745133
0.422889259315839	0.203262680883952
2.50260361255012	3.59167915418855
1.44796868810628	1.04051129774524
1.97365184154972	1.89850603630259
0.689261932196712	0.38831205579252
0.246326305814748	0.135565601123833
2.11565194949718	2.68758806402341
1.10552520629398	1.01013552396216
0.872925180795985	0.738411876666833
0.636845909098681	0.610535242767315
1.22890918315487	1.2914626507589
0.523184100007826	0.320036375094194
0.281838444305764	0.239510394397006
1.43045510868567	1.83542110038819
0.908115609584662	0.6849967093347
0.52869431844238	0.440960786156173
1.31474670891506	1.30066940415672
0.694092866614163	0.679187547089062
0.624102389265907	0.496765787039235
-0.315781321820789	0.205714740606669
0.63750002395199	0.547323357360207
1.47864524678912	2.05647696897379
0.205860395574505	0.143706327146634
0.369342954654165	0.226692362379879
0.629048609805174	0.378430637536319
-0.215979617674337	0.105357702535588
0.0466102916857561	0.0207055588792719
0.999563842172759	0.879354759458103
1.09774742148601	1.00468282248502
1.03982050124117	0.859340093985958
-0.264135084937493	0.138083830630738
0.753467322930624	0.492686518183833
1.10806010346493	0.773281033141777
1.1993621958893	1.00690951142738
1.81812579356749	1.59449234469375
1.39671762487792	0.755743069875426
1.45684966876848	1.42318042706339
1.09991675647895	0.761640720229535
0.518292991391897	0.328311387244469
0.507284888703948	0.294035986127718
0.813121155165055	0.537594112535354
1.77822839793552	2.20284685913961
1.07582000485049	0.963257179434435
0.805671947903411	0.955716604891338
1.39626119284768	1.88622381546916
0.959084511725139	1.08666389869853
-0.321900000460958	0.194549879584823
1.0471728915303	1.1460186675973
1.31507825607131	1.75241181946089
0.482020944287778	0.459432945597321
1.16623038067909	1.8122526932779
0.885463687621444	1.08050136572174
0.993086718358738	0.998601115368042
1.79452456714686	2.22162935549812
1.32727211861785	2.34518313147127
1.4083220295171	1.66418151101059
1.5828024447025	1.71496290699937
0.79189266295361	1.08651018953091
1.1173004632296	1.35227338925211
0.705399065934377	0.830226426640067
1.05089481444315	1.40755094397361
-0.465971602364414	0.277879294445265
0.753354463051091	0.710008140988722
1.32699263063011	1.39690329562511
1.00718983864891	0.952700226336152
0.205939222028801	0.132954591400376
1.45015214389377	2.4400673324288
1.02784875178422	1.07307585487155
1.08999826529493	0.983125139482256
0.668206666471908	0.757880858911165
1.23159552095838	1.6049908582756
-0.876486407931454	0.620173058604403
0.00106103743177739	0.000454539543377918
0.943096050975204	0.777007928563836
1.97334991440497	1.8898467690579
1.32910722137594	1.46044354606473
0.356095327751091	0.215412045077327
0.893974849795382	0.664554742994308
1.24231028698697	1.32002053312616
-0.0124826042344203	0.00656046882553232
0.836567390458837	0.766948958277339
0.00833651293447095	0.00308894259408847
1.73132818433559	1.28892619225314
1.94306932361979	1.59030602196481
0.791320418275688	0.365818347754715
0.857473500305157	0.486191267713468
1.08813487219237	0.714596948277678
0.401862506968683	0.208363006644946
1.09157723557466	0.978465297185159
1.09644444061897	0.752553849975359
1.27458852710095	0.835869195673418
1.61034180413591	1.51934251589616
0.973111634643818	0.658283302617304
0.787730234409537	0.566089617618545
1.94789050606765	2.45208906410018
1.86206063430631	2.58675439854192
1.72317040375719	1.9142547874906
0.808091404032089	0.810772903789537
0.498759037759061	0.368945365730755
0.959838479688912	1.01760967791911
1.45016179469372	1.67583555910389
1.30784979232622	1.71610730794169
0.8515800865033	0.792998409678201
0.999434336092063	0.942345612175192
1.1242583179603	1.08481574632703
1.4103475182574	1.74183955261062
-0.177260501297353	0.10200141338992
1.32431724782421	1.66622566725866
0.342468018108118	0.264305479952947
0.842221872418482	0.896367946604418
0.859314996916566	0.874752435796048
1.02688922192387	0.979862639351428
1.14128344080629	1.22210717797812
0.326510175375499	0.165519812822167
2.06546786680634	2.34289388866438
0.252824720567956	0.148893251544924
1.03294218561848	1.02203770753482
1.57218937014601	1.92205452295029
2.1243481464503	2.19740776216064
0.996837562632742	0.761186516804459
2.31250690969925	2.99306698332776
1.89237458841666	1.54348616612525
2.05777110728518	2.31502051551012
1.73583621825514	1.94569748045394
1.11348213993003	1.00905878015489
1.21486743709921	1.08839794821229
1.47944433372635	1.50053665560245
0.871066048384471	0.528414423652437
1.46444916388028	1.16786875974104
2.7159806827941	3.79489162824521
1.33894050450012	1.42950106207738
1.19315181613222	1.02394476880338
1.44173277329943	1.53200709574925
1.01795535630442	0.778177721064887
-0.0693044816342721	0.0410363482135601
1.00740974495149	1.168011325723
0.596545237451718	0.509929030902837
0.578118127425718	0.467839564036533
0.421663989079348	0.303397766315112
0.385888208230431	0.352326814091628
1.13830360366261	1.17393781298051
0.932229313364036	0.954320648733286
0.777780527397595	0.78324487409177
0.866007235142258	0.892439741479808
0.796235377051367	0.844497184315106
-0.396219067768749	0.200331055053658
1.47362969282959	2.35535552876795
1.02352918010462	1.22131162291165
0.131395427713129	0.0796583775283042
1.28090312491364	1.5856780732095
0.540308213390465	0.349467191578579
1.64039615765498	1.98788942735465
1.30391361762279	1.62966569388976
2.02524255417567	2.39255540929231
0.940304997739283	1.00486011355388
0.658755582231098	0.542108971362655
0.443439916270771	0.321032569102372
0.98881604416123	0.739499520057463
0.48056737195558	0.414379124252592
-0.537268399010152	0.303947657724389
0.808023078944139	0.6943502661376
0.55683980519464	0.438063200864732
-0.217837237617948	0.0992576064934125
1.16175919364	0.971846228561753
0.91120065278975	0.561908153732449
2.50030271243373	3.59804437927707
0.418235550565452	0.220322394031734
1.27547984365316	0.925387951051731
1.39298740414806	2.32121519281819
1.34054799077578	1.43348191620436
0.830502559479794	0.338669887071478
1.74312220000863	1.8961622654844
0.604661226787317	0.302006065179038
-0.555324455850566	0.268673878203172
0.182639672131871	0.0826286923282351
-0.315440614833674	0.131995444196893
1.4355889004753	1.23062482031033
0.864457016676892	0.595225667506769
0.168284671374364	0.0763819524060768
1.62468156785519	1.54393969132402
0.595859184050714	0.294106582662282
0.999597410445969	0.88479142957567
0.948523079481199	0.765790213882948
-0.394570103894454	0.241104142645838
-0.808008981310498	0.455465327000041
0.262781446293085	0.14591962513531
-0.17982022454533	0.113329150513441
0.944365748823054	0.774689882139365
0.681510960011039	0.761036352771152
0.312812618098159	0.155070330849319
0.612434876210314	0.431277945243629
2.10083268921822	2.59303804690682
0.864339588226578	0.741191864431569
0.433642704935633	0.268763258063637
0.688411714900447	0.613025485270172
1.08938482060369	1.03203782216969
0.158527492004004	0.0975160534311502
0.773076792153496	0.536923240282548
-0.639961504357856	0.435528634727203
-0.227601290810156	0.125720986867238
1.22194869903544	1.28656531817695
0.190268774700858	0.102344510249136
2.37260439636945	2.45690071863531
1.1514053508807	1.20433470308062
0.423519504305127	0.213383837566489
1.30584933905056	1.04338020972847
0.323416080539574	0.167296791969938
0.218177217631202	0.109478254389371
0.172076716594514	0.0772616119558072
0.300949394575368	0.155571827449662
1.98579203202744	2.80595590838831
1.0366919490784	0.80039966015026
1.04112015354349	1.11258856559092
1.29723493703369	0.780385919844199
1.09535003579955	0.752244112099348
1.06715190975676	0.630460860319654
0.523800925742743	0.333798302181599
0.552544599730112	0.296757109827442
1.13459130463932	0.874103238415082
2.07331941240985	3.00862930961901
1.43085003283797	1.61267410150982
0.438227039169856	0.318944789542641
0.906558085757231	0.799651561957941
1.30174421245855	1.88855227564706
1.43031362909508	1.76196521748439
0.115587118154544	0.0563613705591453
0.0111629599029248	0.00583978019598641
-0.402218779488375	0.230836958979946
1.45234626992975	1.64150276190384
1.01373886955611	1.1981730282382
0.694700965829722	0.781173479353735
0.825817785436305	0.560382678937748
1.05073318040985	1.13632710286233
0.667606866919938	0.560590503231442
0.985152569376559	1.09623526356355
1.14072257154461	1.45123339999447
0.475998024909751	0.406016933550799
0.572919478503085	0.580251806966873
0.202455665374362	0.117445321132219
1.23846436262141	1.1395989228594
-0.0646766185303917	0.04077349777873
0.546461532603147	0.470841804925253
0.285246482606541	0.185032084267758
0.329777088041933	0.243256331310363
0.492721135481691	0.387808459632049
1.29663442186543	1.03456813195804
0.411751269714695	0.269654827413871
0.281586512045963	0.170789602382935
-0.491395478278152	0.334386771263623
-0.0114870922632765	0.00736278480907392
-0.113867655972365	0.0561292749855882
0.661117359279363	0.51293548985632
-0.174836949104688	0.068528841629164
0.223066521542741	0.111728982463664
-0.559993644850846	0.232659932749461
1.10321109007853	0.999059086017985
1.3261590823796	1.1025835802637
1.02334518425619	0.982971158726263
1.46616858784545	1.35806248087179
1.48963726788954	1.40710368712651
1.07416410550359	0.879928872415851
1.44964246812305	1.15695413225774
1.5481389455206	1.64495719768803
1.18158602162969	1.00663203321312
1.13388468858739	0.870683850445896
1.8486675352261	2.19059190127062
0.772173787222855	0.608739370373117
0.800438423391539	0.578852800533187
1.12297451892605	1.00240438566797
-0.115645480666638	0.0593128698799943
0.508852628208618	0.506777649674929
0.131497276293522	0.0796601192285911
1.03448097171391	1.30354674197513
2.08013336039962	3.94536249761513
1.57697538370767	1.70993899689355
0.612433721117299	0.544534187206273
1.19873321320718	1.02169329630986
0.979302356349748	0.857573074249
1.22015851082213	1.73212531044049
1.35128492135101	1.59985479351355
0.939127191472214	0.874247086915576
2.21966475330534	3.33324007382869
0.5245804189799	0.274638774328597
-0.184803103133294	0.107707969300316
2.17594215353773	2.62944594490824
1.39467157497802	1.84133393234339
0.547684899969534	0.297679573083538
1.04889425264917	1.12845710998335
1.14739473875612	1.17117323552785
-0.155080530555929	0.0951489153767004
1.05519391591846	1.18379670174961
2.29962206826002	2.85943743420556
-0.352153143587574	0.192626646213362
1.04727397792362	0.78899564101338
2.86874353551078	3.88985405635192
0.906199154177118	0.576746417431278
1.48625019522044	1.40305763552212
0.942008827872986	0.934817709894348
0.294511207915197	0.215268484869249
1.22286914523237	1.24520090976631
1.95326917156732	2.50975146256768
0.793866709757184	0.793185807388469
0.6608732505001	0.725692658400299
-0.578172439518273	0.453985811396841
0.575531941809273	0.572422599341437
1.07890213649851	0.977240512407468
0.255830022107056	0.180922661842472
0.85608241946924	1.03245404781201
-0.428935918987781	0.238532889876845
1.32013309869654	1.31815985484919
-0.445735640745626	0.426224592436247
0.995606489289161	1.14856619836895
0.66807697810108	0.587718961776061
0.588635965472727	0.499639620283392
1.31858146355618	1.77779101550259
0.913275387918723	1.39407719091323
0.270948345299574	0.204024333997216
0.238388871935415	0.17100310401984
1.91679287842463	1.57276745376871
0.473602739974945	0.317081769534816
-0.123375365135574	0.067332193024664
0.804019133615282	0.60047770258905
-0.228469032228161	0.140063852048606
0.0855775207823193	0.052672449902534
0.910032448967523	1.04352755639891
0.240392550636835	0.18131816586709
0.59433749532177	0.498736246483359
0.861108318327153	0.725391880356216
0.295599404558711	0.174882131093971
0.174480866769268	0.107955222095678
-1.40585004570087	0.969118830863323
0.41959697429377	0.235895557027677
-0.642089731419561	0.322137333276274
0.686582031441578	0.49423143860226
-0.421936841312359	0.190652319870332
0.945716268294574	0.772920882404743
1.1954577904684	1.01159988972109
0.296698430118602	0.138306080549035
1.10433049167087	0.714390124944985
0.621175678053207	0.309025887157505
-0.366829849844997	0.138029327928836
1.16648146880478	0.987040927285966
3.56735677591272	5.63419457805501
1.33678363637445	1.34377974350577
0.921371166149497	0.857308373316139
0.633373931679273	0.373508877150345
1.18172370017759	0.987689165054402
0.930763649933741	0.915669824834196
0.948091614435398	0.763205166872966
0.529302553504119	0.315766529352521
1.03561513103521	1.05441905286155
1.0516730663615	1.23103741407313
0.721183716255612	0.603898261866971
0.81407793141279	0.608093488085967
0.45243910039479	0.277081550364406
1.04473651345633	1.23211037943674
1.93988037841149	2.02176420421112
0.888511640165921	0.767997887951471
0.695211685695078	0.48041018469254
1.61806035662876	2.23432864593932
0.468847497565027	0.359049509792159
0.53016138659104	0.372149435756126
1.06909280301039	0.680913592291897
0.0880525058252119	0.0478571165576732
-0.135928631745243	0.0630052786453263
0.559045609793366	0.249057877832064
1.34406080471668	1.23637289655935
1.56962135819317	1.94952515421684
1.32392179826035	1.38184379605664
1.59362433766718	2.29417449720751
0.941140224329544	0.775454265941644
1.09156360921178	0.981072936396535
1.09322863569688	0.977773236410354
0.573641095769643	0.421647556580751
1.0281567973103	1.01984911490912
1.46517182117738	1.38196508861976
0.0246932873951469	0.0155500037415584
0.937202405938722	0.956808446482832
1.5740205646182	2.45779154691546
0.855062948174574	0.793120850827085
0.777481676362978	0.763657087770067
0.812121538635869	0.958869760582689
1.4608374540769	1.49175442945231
1.03806390936577	1.44853310453147
1.59389660531797	2.71156916152169
0.726972712477819	0.631808589358615
0.71546367555247	0.854630095441761
1.58522324597129	1.71924163754531
0.759792802130002	0.685374405617937
0.788761547346766	0.863222880822307
0.408717929712279	0.302638599180595
0.696928492911632	0.540212206391533
1.20184354716011	1.09714695210419
1.22380941998113	1.2590883447837
1.59226664362221	2.51473243692494
0.352189073637819	0.214911917905581
0.329736854179939	0.244992402476584
-0.233512975936582	0.139172631418377
1.57936620976897	1.72836718320324
-1.25611649477856	0.615197320909449
-0.364720878753461	0.225330500472931
1.4642178910669	1.36269209749653
0.128222612716173	0.0823391721277695
0.101440029393977	0.065056985778308
2.57773841958475	2.51304249396408
1.60673575425969	1.65659591829461
-0.494152608888553	0.266599706969591
-0.436444029167822	0.194972124529583
-0.0943949978399101	0.0439080188781319
1.57528218856833	1.82320494561497
-1.4222046282883	0.976673588651264
1.03559215918265	0.630755751586238
-0.567683201175236	0.3208373599418
1.31846232700103	1.13433184497439
-0.325195975445672	0.156736076915422
1.59208149137738	1.75268159678144
0.328190667353699	0.185833303540062
1.50481674360167	1.8910499653741
1.07077763016825	0.901170625759069
0.552907066123548	0.245682709183561
1.59301561270694	1.82738093375533
1.69456671297619	1.9887619084973
1.07565620583323	0.679224867367496
1.21886558205463	1.10306250342835
0.40792244408562	0.312565435433287
1.15950357062344	1.26517122358263
0.928835195574958	1.02974821064672
0.886458331919015	0.854292919520206
2.0270949439226	2.39124862397676
0.810037030933059	0.59339847290393
-0.376791147597663	0.14571723863861
2.00211865470818	2.38773333428796
1.26808497171883	1.34374054213666
0.442007275832635	0.213960344335037
1.02000596324767	0.81978496463723
1.70313189330131	2.0061155552554
1.44893897258427	1.23580506725019
0.615322797526451	0.440047439666257
0.806001438774435	0.683954551623492
1.48827169469005	1.10871175504921
1.24597616139436	1.29349706495561
0.794810877917823	0.58345340276648
0.901124504785146	0.680950472115232
1.44973872372948	1.25680778615918
1.15588673250144	0.908300507285458
0.558048872383811	0.349787583439316
0.791597828092973	0.587092226396308
-0.127356259748095	0.0698616370862756
1.18719135760627	0.992087487031516
0.846896507949103	0.583798673698935
1.71111318986974	2.04356029139647
0.276796977694506	0.164766446608027
-0.322692601751591	0.154673349073491
0.289283581894698	0.131885543204163
1.48877511551809	1.99912668250264
1.35618965019597	1.35114436297456
1.96644640798866	2.50274508000997
1.30634061260513	1.90573361500528
2.37112672246399	3.15718424822211
0.615507216674556	0.576030709450556
0.121819087323551	0.0596348699176272
2.1299798066425	4.14269656754125
1.0228133329066	0.792562148927722
1.17539137198358	1.21759639675915
1.18244980758782	1.11811950381407
1.35745620013319	1.55043863960895
1.18462642441301	1.00697026902232
0.175051005289933	0.0976016623295463
1.74036676920445	1.74537950482906
-0.821330774885549	0.466694405118434
0.0174666125989424	0.00911498783280278
1.41838814027538	1.68559173068312
0.312137354692119	0.174054860118092
0.167592784513292	0.0679759270048956
0.61182120277679	0.399761706388119
1.33615823232338	1.23922512293085
-0.49462713365995	0.292605520192626
0.443786083864644	0.232344636911942
0.0257820945576916	0.0125873119412241
-0.151236283127996	0.0511389913615603
-0.171289086330434	0.0661088226307353
1.62679659580753	1.39611133809971
2.06172964854409	2.28098848820219
0.128105256416355	0.0609137189817696
0.239924304750339	0.0889955050533325
0.570655350501474	0.306857003338688
1.27677107545308	0.98933937989212
1.28650592138484	0.928334327178791
0.766814384961821	0.613102793511192
0.244859090571642	0.135439528843077
0.854857449051279	0.579408597609047
0.542973641430168	0.375417316238607
0.195646103081227	0.0862490262479055
1.71656196961395	1.96868145186263
-0.47183209765071	0.285151402599824
1.20945730754611	1.11332265984044
0.282500321351251	0.20769073936144
0.445706894852842	0.30259597643768
0.71353780849058	0.678150665288931
0.263339932913879	0.157913634209435
0.317173937433698	0.164455141108572
0.103423400645418	0.0542944198796486
-1.51799997233468	0.827345591231497
0.631034873769802	0.382584668382979
1.57539558016886	1.46966991971541
1.46214508841012	1.24035377104074
0.915818981717474	0.694181636596167
0.67107734547445	0.551653821026218
0.933493017286977	0.756219009014359
1.60027257228495	2.50252275642799
1.74808492912297	2.31364581363118
1.47243240713726	1.29365771194577
2.08168233865532	2.3398709624115
0.924337689829464	0.698953889212208
0.798068601267753	0.588157032938913
0.939448622060556	0.628511159476721
0.807922065690725	0.411813313062461
0.527555750421294	0.393365134054999
0.293508116807114	0.210335530252964
0.63289829715924	0.374004256086119
0.668937906409059	0.515979001620588
0.254913215213908	0.14969177743303
1.85431148468443	1.64906286922798
1.1085656270745	0.78733831475879
0.618233612832752	0.409488941970324
0.505408436426904	0.349291788668549
0.93430356983074	0.8778264095401
2.40168477175178	3.68079871217767
0.994295307528929	0.889364283822595
1.69004819737547	1.99576905395535
1.31130139160459	1.17888415852384
1.04386565694691	1.07035179805401
2.51090862361365	3.20159369083809
1.11721819983927	1.09066776533166
1.63217057625688	2.05687048176067
-0.0268721068525316	0.0143876899524366
0.851892905077072	0.780115727855096
0.856735092864763	0.683307570344906
1.6600977652198	1.34760292106396
0.636577749755618	0.380244245225207
0.536303656089462	0.29024070974057
0.439695512653146	0.277203897043355
0.49852897135641	0.370396745337413
1.4656500872114	1.38791953929692
1.44915841446689	1.55915450521543
0.506961079489066	0.318622139443415
0.683313118224913	0.517273680944442
-0.615825265376051	0.35396231965394
0.54146730777395	0.2899061464477
0.678606156457208	0.375898820341505
2.49397798887359	3.59237373096124
1.46912853056312	1.47738702536074
1.48433894821314	1.19722506115456
0.920195037003899	0.582391084359403
1.1686539851597	0.913107102502349
1.07876913973675	0.903132916243097
0.237198063585527	0.129935347361841
1.36093188545737	1.45692077768133
0.480630418406411	0.363525256469624
0.782776247388054	0.640843319057262
1.31202638653323	1.99002606822234
0.81418461168551	0.601820753077771
1.24511217659212	1.31084040175437
0.230028403040607	0.153893723680967
1.21289054124864	1.17276511278513
1.54247307177917	2.01504656300286
1.46615249660669	2.08949452306314
0.10568001541918	0.0591113949014538
0.971987993661986	1.17868244116241
1.3308269977068	1.98473337911614
0.376481592062656	0.294506466132832
0.589499943175067	0.569058916006455
0.647888164016319	0.386893331072621
0.669781328170143	0.515664833293547
1.58104760556745	1.73101638942927
0.925721214297413	0.590159879148196
0.35555994243795	0.20254899478973
0.588454838003476	0.551079207683582
0.436307098109244	0.310642605373535
-0.177460222395942	0.0941155017867467
0.90436934622369	0.682084027261242
1.54062705908305	1.04739701370356
1.69197360819165	1.89192300187118
0.725695963487709	0.483264031499657
1.33674053027427	1.62141815117863
0.550246971802385	0.357261096912039
1.26634834879432	0.890249812227586
0.968245961937804	0.843874849675457
2.25290089556749	3.40503131109196
-0.419448475680028	0.213405426603553
1.45548261080787	1.6528262799292
0.494260144114298	0.38284246601901
0.72683994471481	0.481114169910056
0.286930236749683	0.131470119304929
1.00702924567438	0.77341144250359
1.42655192308071	1.91578704363645
0.395340665857399	0.269521541360422
0.347709101819644	0.227990131058682
0.878024662777334	0.935192551275268
0.432404373037202	0.346730841138148
1.41398210089781	1.57745744115411
0.883257527836649	0.913911909979111
2.98963832199865	3.43135137639545
1.15473192185068	1.67656221049553
2.49230734147229	3.9970632240783
1.40206250284815	2.10937388978168
1.60798289113615	1.59433836087558
1.50803706139073	2.06019984074596
1.59582967722276	1.75960884693097
0.525614633855318	0.336425248531205
0.764267252053245	0.689078531461233
0.740357673847778	0.56773507578855
0.464378779283421	0.293039262079581
1.33344774193452	1.9471758418558
0.768735977483587	0.561921275104376
1.59933770312604	2.15166880074123
1.8233295144772	2.24395967725461
-0.0273415067473899	0.0134075870685934
-0.713466095432526	0.330494060097655
1.46883080277549	1.70017933195901
1.00387256838456	0.953341343752786
1.14433815783966	0.895555808680882
1.31757332098971	1.04909574236911
1.15041543218298	0.8690579059994
1.26595749193522	0.899728612984188
1.08116564991626	0.979523246354391
1.31954984084906	1.65090168834713
1.42332568051357	1.71807736125173
1.36396162911054	1.47630263106043
0.194251121566892	0.11299948604953
2.82275044124154	4.16047238350819
0.584081246163262	0.491175783477042
0.908055558469355	0.683105723710433
1.93768979501415	2.46062650097994
1.07905822451057	0.696959901166574
1.06208237032014	1.06636405684173
1.2472851770329	1.6383880121929
1.14125250414019	1.38814253150755
0.924805906005562	0.869971977569818
0.752984434499591	0.707889738732104
1.23306545921017	1.28235433377855
2.27493654669894	2.54889732247772
0.789542465898581	0.579454664001669
0.539432119085568	0.350117246237322
0.997728182680241	0.892231027401882
0.770705363567747	0.634630714484546
1.12590801824833	1.05813133753089
0.0225082049445036	0.00856806918125362
0.673500562774048	0.595134560999455
-0.801695789737752	0.521937147627667
1.88064044087128	2.09957581059891
1.22247668999082	1.34030997531876
1.43628020143095	1.4414327072429
0.76448219111468	0.600086855088902
0.639692159763113	0.390364979909004
0.345753818929517	0.196885385275896
1.06392969974368	0.628030703723827
1.19828595495572	1.06140332432174
0.817307677275118	0.701809265331147
1.25446501846732	1.64679605497591
0.756972826962821	0.679251455199349
1.703411480296	2.85935559238636
1.60627716256169	1.64423793359891
0.673574364689843	0.485485728877375
0.765596532720806	0.610105277457534
0.36893310207531	0.228194937212251
0.123989808775367	0.0598056929842474
0.358076994580567	0.235479684684272
0.848491758319304	0.673130890470685
1.34926203447494	1.80761623843833
1.21525962942782	1.58701604672945
0.174857443680916	0.0782650983031795
1.25271332570455	1.24328553541888
2.00411209515003	2.84839288069691
1.53080066824234	2.73493859020856
0.846676165634671	1.00833379413711
1.99535077742445	2.4006405939882
1.92027703864613	2.80449946934279
0.224419749983362	0.111959715916648
1.13090201519172	1.31281527691837
0.0538011379770458	0.0252671495180251
0.686703360772835	0.534041773045389
0.156306229242051	0.0882227188164988
0.717697762326987	0.522880486874859
0.817668960661801	0.727530823243979
2.15535757150477	2.23809022527313
0.972091950003857	0.845518396344114
0.019604010658293	0.0113002310411265
-0.336131175741542	0.217591442613503
0.549985516421452	0.35628437712884
0.633938108789149	0.314945431778361
0.0241545756696952	0.0124181693657504
-0.0282239593564271	0.0134900872602645
1.07781418506488	0.695935890071275
-0.943927383044085	0.589199468589841
1.00720740212844	0.9801139297367
0.988105195420459	0.880956475141022
0.429498071526259	0.309432420993559
0.20809893986576	0.105424306408996
1.32452701791272	1.21808806063368
0.618948521754384	0.437023751683799
1.58434045953351	1.83451976174345
1.34527712401958	1.60143721736702
1.11546525870717	1.15526695587495
3.13571929777501	4.86640876126884
1.09377740010129	0.765469725942403
1.48526629350283	1.72021703669811
0.783095741347922	0.747605706654809
1.33176363119498	1.89729257193905
0.608883725250372	0.542810380286158
0.944641597182326	1.04302131253345
0.929379107546252	0.820703373054236
0.86048422709479	0.914019408207728
0.209443969166291	0.103246386911553
0.9506652562829	0.646188275810367
0.111778636709046	0.0545840742701618
1.00121160389462	0.753523032312782
1.72257665797241	1.87086579606224
1.09095221714707	1.03528307786187
0.719508619112173	0.511989149673012
0.217470902914085	0.106600223459077
1.6273796313958	1.5498412588714
0.928439479009307	0.878917499694304
0.771115626298463	0.687361463040751
1.46179621251573	1.43874074025535
1.83832604495508	1.23069217773169
0.847777793068351	0.350007773680301
0.700014502460798	0.388040491857171
0.373552193839956	0.247840187637752
1.45527610766555	1.17773596996446
1.03026094773515	0.790462978138676
0.838721610881894	0.770766444042746
1.17806430066053	1.64647260029516
1.45208977556649	1.66531609274202
-0.364619887215307	0.200041892686198
1.02805617311655	0.830612328695958
0.525757062039181	0.332626441013177
0.802736768700358	0.671099390502393
0.629863208352908	0.377528483620026
0.328658802648772	0.225112201293276
0.686135440162992	0.593947551146875
0.973184863270251	0.826838843853096
0.854537917461808	0.706431839773529
1.46452248984087	1.59237680781016
1.7933628280804	2.19349154498454
1.69875401318671	1.98911020759555
0.897239592378998	0.932013944006212
1.10854876359862	1.46574052711803
2.36922882715547	4.25491167359457
0.797428535277894	0.851777985841869
0.958117695032341	0.791122184948797
0.898509134852083	0.679068957750357
1.01811677215285	0.976775052558064
1.45983293929198	1.47011560491361
0.560115607924448	0.302443927792171
0.538420300777586	0.351569920757528
1.61660951586745	1.74459403719908
1.92290439322636	2.52733096221785
-0.382617851335074	0.194238256933955
0.529764480605588	0.393339600266036
0.069832693492424	0.0358309908075462
-0.173394627707138	0.0923781887829689
1.25397958384178	0.824647546599944
0.024392784703427	0.00924009866266386
1.59983094451946	1.38652535161896
0.711695931177238	0.475055763034823
0.792472020985065	0.580530657461505
1.23189841908101	1.20437682983187
1.24502801973101	1.19801225126792
1.47825251503422	1.61635517057655
2.46139910493192	3.84460074246888
1.67528605891281	2.10891919013638
1.59984542355914	2.63070690840674
1.13945866784242	0.873496223578946
-0.461402783364921	0.241833983599391
1.35441182260856	1.46872250151916
1.99789109304378	3.07682385800081
1.10661103966417	1.04157969166893
1.85625376872703	2.04079827209261
1.44401758194707	1.64353104625036
1.93412279790274	2.02554921404218
0.710169376533741	0.688881156048653
1.72906739438895	1.73174354121504
0.687133878809697	0.385756544668151
0.707624230695489	0.597316226925382
-0.0426154291468947	0.0181834128192928
0.432259532762194	0.247175979672033
1.03427579234688	0.992785266572281
2.12723399439965	2.73378401539107
1.62088168569331	2.09369566217717
0.909518603125172	0.793611510984971
1.47447566241413	1.29004439892783
0.602112463736614	0.295207539031094
1.66541616769408	1.35198827067543
0.216955021543537	0.0801367156264967
-0.844683986647504	0.40835450252649
0.528111651152604	0.369124916713464
0.630038773782738	0.373870545323813
0.294009920951149	0.13679531953232
0.976062828486399	0.800315433604031
1.05947986792992	1.15751057337708
0.846546711809411	0.807298950230138
1.04453347934446	1.06870159191739
0.158956538821912	0.0852038967708875
1.06256011123674	0.675528980499936
-0.239842995203836	0.106749583742476
0.520910163409903	0.307448555722176
0.19885089279469	0.128200441663283
0.681910418042916	0.526261285656592
0.863926466246868	0.839357052683003
0.588593983423259	0.566686543445691
-0.610673906470242	0.398421116016206
1.22853364827199	1.21487718179545
0.748404111793456	0.658673958641664
0.903367536116858	0.925252297609131
1.88571973478122	3.13007966685225
1.94077934940005	3.1226831538281
-0.0524239383307267	0.0326740919576994
0.80615111138311	0.673565985440429
0.421950928219659	0.262655688425953
0.990288802157779	0.876045900737634
1.67685098989374	2.08727458616973
0.396351688569691	0.276648527126063
0.72338621761388	0.529409617035934
1.11955502197248	1.40230109338044
0.469994708914827	0.363480908146426
0.725609495626927	0.674087012723277
0.447276678457091	0.30027041011748
-0.2152179145238	0.0949813577348508
1.61772746469818	1.55848175090565
0.948049332227721	1.02942507051154
1.11956617531899	0.854796031587519
0.515999395518691	0.199724015667092
0.852396536212502	0.475651380623929
0.436273420332232	0.212844139675834
1.16445458697785	0.97994033794507
1.58611973948129	1.59650787918984
1.47392907032045	1.38618030891245
1.23887638240805	1.37508587985607
0.792615338806312	0.568486022323939
1.44396053127691	1.25746332083998
1.07943070677113	0.908349462765359
1.47142897763003	1.16923788903499
2.06160528397663	2.75647129738241
2.07283120594071	2.3093339343145
1.31996861909011	1.58260595375479
0.863948116560646	1.03639374065694
0.845238252686958	0.676483300043956
2.15602216633512	2.24919417413487
1.01149599804604	0.771504630793111
1.13574344833061	1.18274786873731
1.3535094959637	1.55121967525358
0.984915842012351	0.881274677998474
0.849890888373329	0.818875264321366
1.61630940424546	1.65898504769028
0.922874855597814	0.581906333529824
0.166442636126778	0.0884407585258014
1.03248515291157	1.04481049251249
0.724160288938663	0.525512285945463
0.842999851893029	0.673913946722746
1.13910290405203	0.892290770830541
1.25477974742619	1.4901717050948
1.47852597093262	1.35022311385402
0.993987686614844	0.712732115511236
0.208920253839395	0.102750760404375
-4.4709226251253	2.63620655123441
1.6770761283781	1.37357005395714
0.981569016349096	0.694203049640604
0.634052429541681	0.416503804298767
0.14179340865161	0.0716109978083737
1.60165510003447	2.20429738208192
0.769428736996483	0.473395746299691
-0.0314193173307844	0.0147543285806548
1.77935245508237	2.33866044137334
0.841201646918782	0.570756152973126
0.56416824278939	0.446726723543912
0.567886319007062	0.418822855204978
-0.0290155454857877	0.015246353805206
0.528312185721091	0.44378543156046
0.120055358774225	0.0582828212656574
0.888725580254139	0.657658383868564
0.883885018822194	0.770531490143461
1.20280495739112	1.60305383456627
0.93479048788905	0.870842568651561
1.02322037700112	0.790213529813692
1.45874352880665	1.48344342510407
1.60422994942937	1.75420625217994
1.44685746985918	2.24730450408611
0.813005058772271	0.592106111230252
1.0073168164352	0.946369663727507
0.688352547897363	0.501236503904854
0.970695695487204	1.07892704085612
1.22866648924688	1.1943730974024
0.70184722394845	0.646467584122836
-0.593297220545139	0.339978300880297
0.518387142737326	0.383610833599906
1.27068921255422	0.901382228094781
0.910643538061556	0.687155179923676
1.05159220391613	1.06947162461458
0.660138583385897	0.43405026683178
0.535568766255158	0.31888633294627
1.06744748342257	0.622390537118493
0.860913604718549	0.591142748722933
1.30143088857139	0.784069889893454
1.58772008314445	1.50256349179059
1.06910261679679	0.562140792986267
2.22969953543423	1.84719016406331
1.27346779597117	0.908006210736905
0.845682624560525	0.683453863118674
1.10947079036973	0.784730631617994
1.90805110243126	2.53154470365196
0.0501508422711791	0.0254417726937967
1.10605693895392	0.777660341569086
1.51974682424081	1.81772079414426
1.09678655652109	1.03103503991486
0.613443283153626	0.651096534678182
0.503695700702112	0.371044943329163
1.10722647427608	1.12779601963059
1.20504989302813	1.11393514888066
1.22029413147683	1.11673547550356
0.825770218250364	0.383824373663186
0.875894189545023	0.637973386130603
0.316791421675383	0.133976017365958
1.32961723395868	1.22301534491283
1.07959927179793	0.957416806759962
0.907288493994777	0.574118601405916
0.852316054132591	0.483365495611233
1.04812476180203	0.864811470280312
0.0640508838889285	0.0280178168787784
0.917739074792695	0.570781326190983
1.22185736171568	1.35603563422269
1.15396852281259	0.940882271257794
1.30075269503647	1.19193374976426
0.91476511042748	1.06744156755183
0.00861386258716463	0.00536462035476662
-0.0538877531686791	0.0308469158822497
1.03081862777153	0.950989540222245
1.19589560496933	1.30992691005262
0.561828019790827	0.438857837128889
1.35080097734256	2.02547921112958
0.265364796109377	0.159168420793706
0.746215059659567	0.699765368257579
0.961723032579041	1.05448818741107
0.111053668616797	0.0738309010858321
1.23329545328033	1.64788197045416
0.364146964864384	0.25458651807503
0.598960263470876	0.414691490626716
0.659631933194505	0.565233865627587
0.227026375943657	0.168967966807374
0.400325169333001	0.245080013341221
0.496373739410992	0.364104747148529
0.361803185215534	0.24292674956252
0.224550505066185	0.142019269110172
1.15116244501763	1.16820555943121
0.519968602723754	0.387854975224315
-0.635003198831469	0.526874163264805
0.69627330668285	0.541824553027116
0.838975076419096	0.763843280541298
1.07270686645852	0.556062233607861
2.28290011948006	1.59479301514075
-1.0617714916919	0.586051201925032
-0.419716994127379	0.203055341841933
0.95299497247332	0.654714690776535
1.60488176179656	1.52629544665247
3.14249336548151	3.19098263492714
2.41903391662327	2.8925204767505
1.82382838671885	1.6221783008492
2.68554596632284	4.3016171149127
0.530158604228905	0.283392277638716
0.132407110272475	0.0644954267309197
1.10992752473849	1.00822890713567
2.25333244744181	2.52732061271355
1.16313059061784	0.899532919236944
0.970288210093811	0.665410967861172
1.17124141564277	0.998575874991642
0.864596198645573	0.801484986658453
1.54718963063513	2.16640407520891
0.612165057176638	0.434374006890775
0.843166466559706	0.81181909513063
1.58732162316498	1.84679996062471
1.59981562062261	1.51442847262218
1.22473485618601	1.28331285762461
0.737390731922038	0.448495161498248
1.27890748541317	0.914203585565691
-1.12886786411999	0.924796565094111
1.42396908428797	1.19722489917927
0.991055643834355	0.721709942798928
0.780394962394809	0.621202245794189
1.19599065982833	1.08719586550187
0.459193867443919	0.383569300741794
0.438201635497111	0.365576646604978
0.360486937592804	0.276430751319762
0.678147232019172	0.598044428313237
0.433573854075912	0.313756752789154
0.68060216558447	0.598787229220678
0.991623718797577	0.870165930590605
0.880352390549608	1.03858783101726
0.424894933617001	0.385788387856736
0.036236571017367	0.0258888109570109
1.89430701407169	2.10711358036937
1.33900608713604	1.6047089978514
0.263883239927572	0.177320510816018
1.93968795228368	3.07537845323122
0.562361777174916	0.520372997305338
0.987295800752933	0.880758228797089
-0.0509823767102408	0.0303263737651921
0.196889870878945	0.122266552389638
-0.0559096441942577	0.0331613622363517
0.011223007353463	0.00710327230252168
0.443947469103952	0.280731128812884
0.960092472900775	0.786260404199799
0.953919710264112	0.994754323876639
1.21547763888601	1.1884134306771
1.05962464794925	1.14441097580211
1.16147186783256	0.970988838463208
0.687157726737023	0.491718396955524
-0.392425292541432	0.128417277530768
1.0691974964012	0.634236055486667
3.30268815415327	4.63030219641818
2.48611530642916	4.84535648818779
1.99044277014976	1.92392186972625
2.38361423591004	2.42634454461734
1.47255827749312	1.19315488830733
1.19540809558866	1.0998769814672
1.44023523355861	1.33073199053393
1.68988730634741	2.07386958028757
0.234740635782767	0.116728442881643
0.9849387787631	0.876081689567045
0.494319792845531	0.399747833968464
1.42014870170756	1.78181686613211
0.155732640070275	0.0829498094224368
0.98218405623238	0.740014064580246
1.15998489287418	1.21204317911967
2.71375016531476	2.83646230751601
3.2842120582564	3.60814409118558
1.57546590813541	1.94854985694401
0.967830617835581	0.653799659805587
0.9854709370968	0.867580403075809
0.851347120923416	0.588045316881988
1.75131177062867	1.82536004875763
0.929579475492443	0.585223259992349
0.821062490211312	0.42572582201411
1.12556221271335	0.855001493786636
1.00449054212762	0.897604105557415
-0.205248950947646	0.100840267258619
1.84954920536606	2.60475285218217
0.889001035336278	0.983116411371503
0.035670821370199	0.0169036968685874
0.588683180242878	0.582774277540217
-0.0497388480212688	0.0337908366261913
1.58636895977356	1.76527247866531
0.92486500673568	0.7048751972292
1.11753352909648	1.39496843124137
1.08812757299639	1.19363212809838
0.420821345602888	0.365780729040196
0.439455091985691	0.317929583603895
1.40042888746795	1.72849447750396
1.24438072672746	1.37809139514772
0.687028284949005	0.696946631361127
0.223170404789285	0.153732990348574
0.583524269216628	0.549243037414499
-0.739484566210336	0.540949690639687
0.758028302032587	0.595118506169076
0.173514809447239	0.118694592449898
0.642082211733596	0.523950672843588
0.834105708203105	0.754117585951618
0.787685709775723	0.783635334026298
0.539874207509223	0.423432147984391
0.320997460057113	0.20968253065217
1.20942486326549	1.10277220835421
0.53514758727123	0.313773136106515
0.543157960237301	0.430829097346801
0.700248324656787	0.576786889969819
0.587832261174232	0.288590830632015
0.432119908900537	0.230640031986361
1.05760254784691	0.873613566304777
1.36023589364653	1.45128162617602
1.6483771777321	2.00247966574745
1.71604720368178	1.72586415124696
0.611815956988568	0.302824670345524
1.51126500428409	2.15832199653432
1.36627468353874	1.44676949077119
1.10061375965401	0.973262090347884
1.75759123260315	1.82793162534808
2.244376548025	2.49398632699311
1.12643912564129	0.858047459062528
1.31855308333286	1.13011937749392
1.78558392835615	2.33350549898734
0.886905077896689	0.903645358090826
1.12793570050134	1.3078674602341
0.870497354193239	0.757434178358776
0.957155026436682	0.775974357629513
1.05211458652893	0.607186103837675
0.708097764508655	0.475092023931676
1.03839603409063	0.988808787661363
1.3201222735585	1.14234238390808
1.84242793056306	2.18999056713843
0.67425944925122	0.479190852613068
0.828568964082464	0.384947509383402
1.32472745198835	1.32059902383746
0.925476678108453	0.918805567885063
1.55245563298999	2.76925819569454
0.926919476017593	0.895965203933967
-0.505407461124951	0.346630464402304
1.62651271734094	2.75393592790533
0.874627358548126	0.986802025953804
1.39363835881778	1.98119292273852
1.12111161099395	1.13760759879824
-0.185629747910712	0.100263715351421
0.87259796127464	0.911266303734487
0.676632975212916	0.685127255592646
-0.0295207615938237	0.0202823430638283
0.721951234494899	0.732472335449751
2.50532864158274	3.584806030702
-0.00324817879830833	0.00181233102900242
0.802732417564427	1.13550180313925
0.584877421512819	0.71004506462784
-0.336178539461358	0.262581415002982
1.11624764617654	1.82001032045217
0.31498927923767	0.242775410562002
0.308247189521422	0.243036898427406
-0.675397470015403	0.565627743536238
0.0271010780105673	0.0170505825618975
0.595638786654094	0.615439800400777
0.233367652474016	0.17943124754676
0.462087800345652	0.394513448066565
1.22516481116504	1.50055378743004
0.137328239077488	0.0790316967048114
0.186790941933488	0.133549321674605
0.358263775356135	0.232007212927421
0.967326712841173	0.679881746985554
1.85653132979122	2.13992908998472
1.67091350771174	2.25158950569215
2.99832903982475	4.3113776293417
0.781989473882278	0.736237785859737
1.12369431773359	0.866081027530487
1.57415867599499	1.95656638407912
0.914483883695221	0.685289094635276
1.75375551532172	2.31377294294545
1.81567801256001	2.27218296155138
1.83724087878729	1.62482627466309
0.721702404175474	0.481325747493676
1.06417614845475	0.563587794840585
1.45342491048309	1.14561401944819
0.643160629633871	0.388179247040163
1.14057646039442	0.929922607188104
1.33784543020293	1.48044278284682
1.38348227626845	1.8463405166772
1.46650204150624	2.27050754216505
0.947260389772248	1.18094912759278
0.711408765214753	0.707430724380946
1.51105693900762	1.96715599476592
1.04842297684701	1.23633014110306
1.06431957576614	0.897400334628791
0.848708195744248	0.851255389835618
0.516961088164361	0.43084038305033
0.703610012559401	0.737223866008616
0.356507097884568	0.253237622641497
0.883401378904344	1.12976826816644
1.77978054916361	2.39548121157576
0.642027335844776	0.619617929529801
0.519865350036608	0.359549497024726
0.162295792497217	0.102806895095391
0.65533576924405	0.681720109228246
1.40020531809356	2.51105596341122
0.191217737462406	0.17012007882602
1.05592975350954	1.08639320198308
0.829511035553924	0.836709366441767
1.10250685434477	1.00759502110556
0.65632669562711	0.500454663757763
0.0933134742111202	0.0581374985065237
0.654972519923184	0.690452169425104
0.49519866835355	0.447165758111728
0.279959262531155	0.20210073918528
0.361433999616285	0.256739930623576
0.224604163381199	0.149178115748375
1.97479809238847	2.50510543397868
1.45730609975914	1.35813382870963
1.40626083028547	1.2444289902385
1.14166406572703	1.08632343405661
1.31544610382672	0.795909599154591
1.59698284508374	1.61615902424271
1.87295204792382	1.04617154707053
1.20791300906467	1.11120263811492
0.42935210127017	0.221006490078038
0.906557084121841	0.560760453289763
1.10604555978978	1.00706404671219
1.76606537410322	2.36994149624143
0.633877239476756	0.420935875905638
0.288559730210928	0.207445974332622
1.54406516906105	1.8590158253709
0.89104014150519	1.16369934628623
0.781596882432149	0.750989661538599
1.52668020336022	1.81218143876513
1.04778633984483	1.4669573681719
1.33038233860957	1.8954145915487
1.04189681991494	1.06866565789401
0.665102808922016	0.648757404855107
1.51506223541943	2.30247060151726
0.949815042304111	1.14457932144145
0.53772026445348	0.421237870729395
0.551884665972207	0.493288801098922
0.479400180095863	0.47738016841382
0.594157164989303	0.52623672660798
0.267339414368116	0.221691734591792
1.89930954961145	2.95824695515384
0.0307736008768756	0.0167658104406089
0.468350755414165	0.404835819495836
0.300275682684397	0.237040920680353
-0.876670585202663	0.622915183295915
0.376961741298756	0.252697239167276
1.13855587799564	1.15444018708706
1.6078610108506	1.5454745121816
0.850672418750483	0.809740770101814
1.30668320088677	1.19854525366006
1.13398533213828	1.23850264263219
0.660302981029208	0.403340232524501
0.999184417086701	0.9890639926762
0.645423559256056	0.487016066266992
1.31711380101398	0.797639828149907
1.23370258051633	1.23086433476386
1.1237090043372	1.22246386698317
0.500881830467969	0.449660451454504
0.839914561940245	0.770231961896609
1.44506291837073	1.83176375144487
1.45637983256769	2.36679096581281
1.1135428339505	1.43448335114188
0.860874410540059	1.01992560278086
0.543790946248958	0.582719780752619
0.625554227884624	0.575075537823031
0.560747062848708	0.605392419165551
0.9054578508408	1.12258214433456
0.443152059777041	0.440122113422759
-0.0951923842409663	0.0719971825221212
0.709975529984936	0.659261544619572
0.173682623379396	0.106526726520418
1.73803407895936	1.93466089280454
0.723969715113225	0.707728013647639
-0.233508777260314	0.143032611068022
0.930077468540709	1.13925181092768
-0.247826500509348	0.198976286338351
0.393155050475045	0.325389461914833
0.951713105093835	0.953845143315818
1.76867279095358	2.31951328649439
1.67606726144195	1.34960538376779
0.706485372396336	0.467824310524419
0.598483415924491	0.557949661856314
1.15067597658217	0.559171509577685
0.931920472724958	0.874440553322208
1.22599181512104	1.12682724321195
0.943747994119609	1.07430547917095
0.813832957398187	1.26595792261085
0.78296794152463	0.989462055961122
0.405234564709611	0.426269282268845
0.0416856345925788	0.0364229629976271
0.562221560619001	0.654986506671706
0.300316249256282	0.265306109468615
0.621932249911745	0.817122863031421
0.776112600018834	1.03867305812817
0.480809921228598	0.417002435227026
1.12270978433546	1.5296780724989
0.345989254404504	0.331238346917779
0.837049919062411	0.665397319629102
1.4516412410916	1.33585369574056
0.797632467250541	0.369759394745377
0.861587055656026	0.967860870913417
1.19103654300224	1.92897335924504
0.257286686904085	0.193085963193352
0.872193022709195	0.930750427392393
1.24709664437153	1.81751886367118
1.06951071170341	1.3313765856298
0.541907838929202	0.510245380481606
0.472230158139224	0.451424483772001
1.86649647708863	1.0706962245746
0.811477335033934	1.16791181471997
1.036771066115	1.68136241539895
1.02527577130476	1.60162035875438
1.46397178947672	3.06194721279696
1.13713650168676	1.78933299660034
0.214120801627542	0.163410863160798
0.461716256374724	0.45944025855396
1.34405932903838	1.15627872216427
1.03093029983403	0.835911056024041
0.54372989907208	0.670318176600711
0.775594603302496	0.795596890093202
0.811208181962655	1.02645068595409
1.02432557929773	1.2545016283377
1.04679629044075	1.61328742951023
0.884071078256263	1.27564968799454
1.52779023165525	3.2397486834318
1.20871970375313	1.56485195786447
0.77364887856516	0.926521553448121
0.475312426941495	0.456355010772312
0.256852395467314	0.205390928284284
0.708235097110704	0.683574158417217
1.15020118636724	1.33076964804041
1.27165127834617	0.980332059429631
1.25846992766881	1.33619422767589
0.337088714447708	0.189176672025807
-0.0333395611115161	0.0147958278035658
0.546952226073392	0.586008706068454
0.86518024345336	0.697521887553349
0.808106713690418	0.681042351138234
1.05630533722281	0.622717242794041
0.794032447540214	0.39536484933368
0.555193369219525	0.4642775909723
0.94766198943911	1.0495839548751
2.05495196961446	1.84479340807901
0.816177775819449	0.423010191999652
1.25237694635294	0.897237925137302
0.22191223667705	0.112039143601038
0.330280924542242	0.213638068663712
1.63416672924442	1.2830178538667
1.27806111879762	0.751406085146433
0.338177946048601	0.188409488556219
1.09005267112614	0.694921222530958
0.129376114080453	0.0410065090465042
1.29991080913734	1.24548184407167
1.20916381013555	1.13183912475322
1.2877169180399	1.01457564698429
0.873881334550161	0.62905529997418
0.47768301209864	0.161454092492172
2.09999271550667	1.35056968406508
1.98231928123184	3.04845023590858
0.708511349101272	0.46498704180208
1.44608034067462	1.21584219279161
1.64391005206805	1.3431427371477
1.52955614276607	1.024694526416
1.6065086938776	0.803406937978316
0.878528220142179	0.919438013764513
0.523870041453833	0.363667832174623
2.00600176035767	2.83171639701687
2.10548045826323	2.70338370955467
0.531392095093255	0.233508401172406
0.99647020788373	0.715616351614462
1.41124987927122	2.01524496971073
0.379011167423529	0.235702426512793
1.06149280851441	1.91092847019622
0.771366092173054	0.685876713461826
0.83464228822033	0.566786931524809
1.44160047405062	1.32612097947582
0.847932044808245	0.35562378034594
1.10456456367445	0.777069664082639
0.673102420135597	0.514560058314306
0.833390956179522	0.817841390485145
0.881383370066242	0.761965827474795
1.30654910394735	0.551401172433226
1.26243536752731	0.909818139672001
0.708151692224082	0.741372533471119
0.674676089705843	0.634336445888783
0.926990592310671	0.839294521786893
0.950383778221422	0.655451908073694
0.684608946075824	0.37848622849027
1.49274559158558	2.55106587723113
0.932838772040598	1.34446253217328
0.576088395879927	0.621473845709733
1.37027172611032	3.26719869369359
0.74245579191528	0.656264880920825
1.12666012686576	1.13382566684163
0.934968600939876	0.766329182992575
2.28924453714765	3.18399062704501
1.66423224104508	3.68206575972943
1.17912018299992	1.99461116401784
0.742168300349962	0.852461427614643
1.31475269616301	3.53995555769915
0.946806659600127	1.32475338582525
1.45028219966145	1.24642274517996
0.634669672344826	0.765305326497413
0.805245072694909	0.916498480732873
0.445987808435825	0.409195612593783
0.536501805685536	0.757468594408671
0.885070114987606	0.957738016021577
1.80027901339397	2.06793350194634
2.5274214574996	2.82616040936026
1.56875795860247	1.62253682895471
1.13176192696361	1.24970321727118
1.0890657817666	1.48600862518836
0.978668217293923	1.20409306748885
0.908797410245589	1.19872267875403
0.652806744877092	0.722167029670179
0.564063647015647	0.570794932403801
1.04603075531445	2.17138648434408
1.01907085057905	1.17732560779247
1.03547127749473	0.948759355935714
0.490109475480049	0.382393190141557
0.964649905057387	1.17543275069396
0.855797544798933	0.690095966862111
0.899431395167411	1.01958043943621
0.89907247881403	1.16489100341759
0.955394207978245	1.1460357601628
1.66453223371521	3.58528028313027
1.73614945546062	2.61319659256373
1.05181665539477	1.13804721158002
1.16612966913349	1.03888057414763
0.183450495236396	0.107382157691786
0.92101730918718	0.861005166683946
1.33976440976479	1.49499012537946
1.03764944799786	1.058917344204
1.71561143508122	2.52506254540495
0.945054006444412	0.947149116916554
1.60840734986404	1.65684760973349
1.30649463531425	1.04171526263546
1.9379874098987	2.03203095611948
0.665964596732555	0.364788531226395
1.06600782892491	0.676404448919077
0.945343357559085	0.874418532917328
1.14994534260262	0.948790868180837
0.249077833571854	0.13691846771573
1.1439295551309	1.17748188577688
-0.130565348594683	0.060904348268
0.802107884291984	0.839475785713069
1.13108264283673	1.26835258248876
0.582053194275633	0.280239989478092
0.211801031936968	0.124528008040223
0.821088968648165	0.423651524850453
0.855542771934513	0.492691880342214
0.77978206888133	0.744444336228312
1.20169952681947	1.09981043355633
1.15711324217293	0.970590282993364
1.27687805657991	0.838567326779607
2.29570709958746	4.3476637700676
1.44921559063544	1.46311614725585
-0.222885191193086	0.136065069126357
1.6197254781933	2.23548860686044
0.670520363239259	0.687981135024142
0.962477319946509	1.00207862462462
1.03627301141553	1.06736900831131
1.02396719754085	0.982282454182045
0.296700737382113	0.151401009067831
0.974862386404232	0.665047873595083
0.685880877401143	0.375657200876358
1.60018065513229	1.75009876109063
1.09317321665769	0.711737448533826
0.636206416707437	0.384867369237018
0.705515755423636	0.463883901313752
1.600247151615	1.52978778289132
0.964102076375974	0.977255720543404
0.537828354769841	0.376046459311084
1.3618934674763	1.4661866494805
1.8287688976361	2.1444927553266
0.579580025487412	0.491665192315329
0.692136649208414	0.602381202277704
1.61444645426376	1.4195879081927
1.94701657781445	2.89012997230545
2.37979420117556	2.80684886693608
-1.83720231704785	1.20194781832226
0.698080625531623	0.589464815717765
1.30233371972916	0.931402054311576
1.45782078499699	1.36406097691043
1.01536185566704	0.768179871781449
0.942406214232567	0.764620160950544
0.945692301119711	0.922639221819374
2.07356872441378	2.31122311344343
1.28578955388982	0.907361142752884
1.30266668215953	0.790008427988354
0.0879418680951442	0.038213784411699
-1.23641866317551	0.594881258792373
1.44383965971626	1.53843323985159
0.767435138118262	0.60715807822335
1.79298236104379	2.25082015460492
1.80888445524226	2.28206375043295
1.26310586340602	0.838391429135035
1.48332585774028	1.27355884264866
2.11165935053648	2.58993188075019
1.47191231750658	1.38156618232221
