x	y
-1.41258048711295	0.392583212481328
3.08391234553555	1.25717266780208
1.81275735644485	0.578334100363068
-1.41151445005737	0.392781075624489
3.07191541302791	1.30060988602716
1.80577814402211	0.579897169515412
1.81045946197748	0.578570674290805
1.81256361946551	0.57834251056048
1.81256361946551	0.57834251056048
1.81275735644485	0.578334100363068
3.06919540525571	1.3027545160526
-1.41258048711295	0.392583212481328
-1.41151445005737	0.392781075624489
2.5850139056114	0.9375104362967
0.381939954112183	0.0885630978825824
1.81275735644485	0.578334100363068
1.81275735644485	0.578334100363068
2.5778136971617	0.957067152435729
1.81256361946551	0.57834251056048
1.81275735644485	0.578334100363068
1.81045946197748	0.578570674290805
1.81275735644485	0.578334100363068
-1.41151445005737	0.392781075624489
-1.41151445005737	0.392781075624489
1.81275735644485	0.578334100363068
1.81256361946551	0.57834251056048
1.81275735644485	0.578334100363068
1.81045946197748	0.578570674290805
1.80577814402211	0.579897169515412
-2.58575103484108	0.851921364801337
2.58246518877188	0.954808913265067
1.81045946197748	0.578570674290805
-1.41861533435082	0.392208760255697
-1.41151445005737	0.392781075624489
-1.41258048711295	0.392583212481328
-1.41861533435082	0.392208760255697
1.81256361946551	0.57834251056048
1.81045946197748	0.578570674290805
1.81045946197748	0.578570674290805
0.380803655273878	0.0876138298096458
-0.319004015513152	0.078546017662404
1.81275735644485	0.578334100363068
1.81045946197748	0.578570674290805
1.81045946197748	0.578570674290805
3.06689999323772	1.30696449185998
2.5827029666934	0.95444482507333
-1.41861533435082	0.392208760255697
-1.41151445005737	0.392781075624489
2.57066000659288	0.949369245848186
-1.41151445005737	0.392781075624489
-0.319004015513152	0.078546017662404
1.13276530124056	0.349622718568359
1.65695250422108	0.626785212871931
1.81256361946551	0.57834251056048
0.381939954112183	0.0885630978825824
0.388856236225614	0.0893513438012124
1.80577814402211	0.579897169515412
0.389091380780796	0.0893837858796829
2.57066000659288	0.949369245848186
-2.12755727202608	0.636162768540828
3.43823356696493	1.62843601559653
0.38712249202939	0.0889469399976088
1.65494252092978	0.627760779975998
1.81045946197748	0.578570674290805
1.81275735644485	0.578334100363068
1.81275735644485	0.578334100363068
1.81275735644485	0.578334100363068
2.5778136971617	0.957067152435729
2.5827029666934	0.95444482507333
-1.41151445005737	0.392781075624489
0.389091380780796	0.0893837858796829
-0.323477055228385	0.0792210886710328
3.74938172502484	1.92174354987649
1.81275735644485	0.578334100363068
2.02124639331569	0.891346911824434
1.80577814402211	0.579897169515412
2.57551660914786	0.96051052751055
1.81275735644485	0.578334100363068
2.58039599621734	0.941752296283537
-2.12755727202608	0.636162768540828
1.81256361946551	0.57834251056048
1.81275735644485	0.578334100363068
1.14996928148472	0.357563393391782
1.15700129687893	0.359084261243201
-1.41151445005737	0.392781075624489
2.58246518877188	0.954808913265067
-1.18631169961659	0.39363588589829
-1.16091154093962	0.394233043740248
0.389091380780796	0.0893837858796829
1.32156028688205	0.572788874606842
3.08158902571449	1.29153111501543
-2.12755727202608	0.636162768540828
0.381939954112183	0.0885630978825824
0.38712249202939	0.0889469399976088
-1.41151445005737	0.392781075624489
3.08363665794131	1.28836071236096
-2.12234123160274	0.637594722384862
2.57066000659288	0.949369245848186
3.0810393590457	1.29300842323713
-0.388231026412499	0.123694882164994
1.64975399817589	0.626066684434427
3.73957266722255	1.96234725257727
2.3116020522937	1.18170357601973
3.97925328168873	2.30998663039654
1.80577814402211	0.579897169515412
0.435796705805032	0.126031508905256
0.941412837282011	0.340660708964588
1.81256361946551	0.57834251056048
1.81045946197748	0.578570674290805
1.80577814402211	0.579897169515412
1.81256361946551	0.57834251056048
1.81256361946551	0.57834251056048
-0.318733942823603	0.0784860044620643
-1.41151445005737	0.392781075624489
-1.41151445005737	0.392781075624489
1.81256361946551	0.57834251056048
1.80577814402211	0.579897169515412
-1.41861533435082	0.392208760255697
0.388856236225614	0.0893513438012124
-1.41258048711295	0.392583212481328
-2.11457542201993	0.632270703085136
0.381939954112183	0.0885630978825824
0.388856236225614	0.0893513438012124
-0.0369699604589276	0.0100897792767604
2.57551660914786	0.96051052751055
0.478831109466061	0.163927156744994
1.65433493911478	0.628354033763453
0.447348430706313	0.12943332898132
1.07600606737047	0.583157399354419
2.57757744392236	0.957433505286922
3.07695428244317	1.27333343981167
0.378758799248336	0.0873510367033447
0.373898439728092	0.0868259292003649
-2.11457542201993	0.632270703085136
0.836598703771419	0.38192522279863
2.02837608295513	0.900949915778934
4.39848504493759	2.9615283142019
1.65463867976799	0.638533140878497
0.450055740208048	0.128864448965258
-1.42216381198801	0.392677803121387
-0.34539287476452	0.0828936507595409
3.73488371986947	1.9821477033994
1.3259111496072	0.569076169650202
-0.318733942823603	0.0784860044620643
-0.0194418509515638	0.00592241143405884
1.65725719273459	0.612982129384369
2.5847753763123	0.951434056294316
0.38712249202939	0.0889469399976088
2.57757744392236	0.957433505286922
2.02632123894676	0.915777749502837
-0.318733942823603	0.0784860044620643
0.380803655273878	0.0876138298096458
1.80577814402211	0.579897169515412
0.950929049409976	0.341619656435165
-1.41151445005737	0.392781075624489
0.452669338422884	0.12760574663291
-2.59403623540671	0.862321687590532
2.5827029666934	0.95444482507333
1.64230005514351	0.629994079538676
-2.11793804739448	0.63135655885096
-0.323207416487251	0.0791611694499776
0.806426595205203	0.370714819736443
2.31263807543784	1.19696621950212
0.820453306111948	0.382523011715268
-2.58575103484108	0.851921364801337
1.14996928148472	0.357563393391782
1.15727261407567	0.35899800278529
3.07625684166309	1.31471095169835
2.5778136971617	0.957067152435729
2.58246518877188	0.954808913265067
2.5847753763123	0.951434056294316
1.80577814402211	0.579897169515412
1.81256361946551	0.57834251056048
0.4748786090376	0.161143092102704
-2.58575103484108	0.851921364801337
0.44515396789369	0.128009718182639
-0.152348476938033	0.0525603276063068
2.30507720749545	1.19731082121008
1.30632704810879	0.564725666890711
0.450357276379642	0.128882961127995
0.805621528715737	0.377544450138018
-1.41151445005737	0.392781075624489
1.15929717085138	0.358391556930121
0.13183352983593	0.0417373873245678
1.10594861516328	0.565879138463038
1.40976252103453	0.791855626825499
0.0125396503268801	0.00440537870832704
3.98476880467596	2.23749651428562
0.944756371967017	0.331879730870075
3.17066934071352	2.32744400063051
4.57849084156267	3.23614332283495
3.99950301186774	2.24970295793692
1.62624531373193	0.811107246732369
1.60635559704734	0.807294975454622
1.08112343048039	0.578036784459306
0.943456416021064	0.345278425930188
0.953980463775633	0.334377551424029
1.60742240423497	0.778888892141685
0.936944882784015	0.337118207559377
0.942420266311117	0.342341795936149
0.444854208791125	0.127991221299979
3.96841487495481	2.27278275700127
1.6293916766916	0.620999763807038
-0.79568953618047	0.234098917075123
1.1590251393429	0.353864364305867
1.63088677759272	0.623536989564542
1.32678638983929	0.564150660063721
1.80577814402211	0.579897169515412
0.925593614043723	0.335701156624668
-1.41151445005737	0.392781075624489
1.81256361946551	0.57834251056048
2.57757744392236	0.957433505286922
1.81275735644485	0.578334100363068
1.15224186187344	0.358935209934184
1.15727261407567	0.35899800278529
3.07625684166309	1.31471095169835
-2.11457542201993	0.632270703085136
1.14769202191641	0.358267165374319
3.06892463579121	1.30354025392078
1.32959400684453	0.567092508391974
-1.42216381198801	0.392677803121387
-1.41151445005737	0.392781075624489
1.59565802017416	0.773497739689997
-0.675151380791707	0.239978322961532
2.05365780269796	1.55592503762789
1.4151489178282	0.78619665347299
-0.649910288011254	0.237143364649956
1.81256361946551	0.57834251056048
-0.806094556751972	0.237007516344902
-0.796027809725694	0.236609990316831
0.444854208791125	0.127991221299979
0.437688456191057	0.125580008034337
3.08363665794131	1.28836071236096
3.98952336149582	2.32799170849379
0.934573766617389	0.342610988823692
-1.18597899406131	0.393464874410165
0.945502239418716	0.339849482937852
0.850793249767413	0.35103853850186
1.0649240747671	0.566077192066188
1.60986402059743	0.799542692735495
2.32059483267966	1.19253828972351
1.15497990448255	0.354392783816625
2.01540673585469	0.923787604582237
0.934573766617389	0.342610988823692
0.381939954112183	0.0885630978825824
1.64715243246245	0.638228599311507
-0.326086336851824	0.0802709064148997
1.15700129687893	0.359084261243201
1.40445680338961	0.782564506693401
1.30463950814452	0.570689346074082
3.98916489636801	2.31773613701183
1.64945193411495	0.636815169113368
1.42994536662476	0.788744662326503
0.930775388686349	0.334820385943925
-1.41151445005737	0.392781075624489
1.8652008259573	1.04695208258574
2.32241711108323	1.18517827761754
1.15224186187344	0.358935209934184
-2.11625496161792	0.64084087948516
0.43383186850962	0.121076235007108
3.07625684166309	1.31471095169835
2.11198606588471	1.32994623048172
0.93543970532409	0.322062539281611
0.864910157968724	0.356405707147254
2.5827029666934	0.95444482507333
3.44891088252907	1.65655944931031
-0.149552641970306	0.051600733788748
-0.388231026412499	0.123694882164994
1.63714305419071	0.61689256725706
1.62519317276719	0.80096528889681
1.30468603449316	0.567523931414314
2.5498890630153	1.45732713332459
0.516464076680565	0.198889036099929
0.452064681910022	0.127513719934741
0.44515396789369	0.128009718182639
0.859152002739183	0.353649040812554
1.86432106866013	1.05838464648777
2.55512034621809	1.44765856413715
2.09988922922759	1.31565107362305
1.81045946197748	0.578570674290805
3.97382382163932	2.30558199214761
2.3116020522937	1.18170357601973
0.938788048593155	0.341975772325577
2.56741073596755	1.46106127688289
0.232378594946573	0.085851414503892
1.32191624921377	0.572374518696162
3.07191541302791	1.30060988602716
0.373898439728092	0.0868259292003649
-1.45182876174187	0.559000530147217
1.14633107034946	0.350033453802162
-1.41151445005737	0.392781075624489
1.80577814402211	0.579897169515412
1.30463950814452	0.570689346074082
1.31650284501101	0.545162469090835
1.15063552749799	0.353954663248934
0.476967828435195	0.158443616258941
3.08308555311473	1.25920116126588
-2.58792662580816	0.864420955691165
-1.41151445005737	0.392781075624489
2.5827029666934	0.95444482507333
0.386804340501861	0.0890870371925953
-2.11457542201993	0.632270703085136
1.81256361946551	0.57834251056048
0.380220335111381	0.0881615126503493
0.381939954112183	0.0885630978825824
0.389091380780796	0.0893837858796829
2.58246518877188	0.954808913265067
1.81045946197748	0.578570674290805
2.58246518877188	0.954808913265067
1.15197220708405	0.359022029649851
3.06892463579121	1.30354025392078
1.80577814402211	0.579897169515412
1.80577814402211	0.579897169515412
1.15197220708405	0.359022029649851
1.81256361946551	0.57834251056048
0.380220335111381	0.0881615126503493
1.29285178941363	0.552813790487839
2.32895645652721	1.16178393029637
1.15396319162051	0.548472436473273
-1.68179165584229	0.720272159575314
1.64715243246245	0.638228599311507
3.34636874029716	2.70214228205594
2.3265088001755	1.18937090698941
4.18291616718493	2.61604493459816
0.938455437643554	0.33692150481169
0.936944882784015	0.337118207559377
-0.326086336851824	0.0802709064148997
1.31616193600528	0.586796808071362
1.81256361946551	0.57834251056048
1.15499106296025	0.357626976076535
0.946160588335457	0.33964074022882
0.471044749097172	0.161892116773209
-0.806094556751972	0.237007516344902
0.852385560539946	0.347586758419631
2.02058383053804	0.913020231521983
1.62663151388246	0.806110545900882
1.17435019638922	0.563015600876368
1.63197524306741	0.815254269464837
2.31851839938804	1.20954950098339
3.74194744404181	1.96312025935539
3.98746919305759	2.33373331391263
3.07422077314251	1.3181512074564
1.32714417152371	0.575860116379347
3.44572997674484	1.64515659806724
1.16098750642447	0.557560073134016
2.31956149494671	1.14651015409317
0.381939954112183	0.0885630978825824
0.125358887991355	0.0396599941950707
0.452366960240156	0.129014774531037
3.44891088252907	1.65655944931031
1.81275735644485	0.578334100363068
-0.369531633103615	0.11660431236669
2.57469215360523	1.47033885322185
1.6211067547256	0.812583096934565
1.64349137347739	0.622236474866519
3.08336106048288	1.28907279021901
1.66182432552089	1.02913625027151
0.855409933868943	0.349309148741465
1.65187344979575	0.63567057185485
0.866966281065479	0.482873266247794
0.856639233045946	0.353138579021108
2.5778136971617	0.957067152435729
-0.0288626870649497	0.00820000466987386
2.79611193101932	1.7779184374033
0.115278364336005	0.0373594789095735
0.459983583943312	0.154602458098012
2.32859544255231	1.17330910144145
1.87195297784302	1.07000596743462
0.463191578148167	0.156823194878867
1.30463950814452	0.570689346074082
0.944090843994677	0.338827354082021
0.381939954112183	0.0885630978825824
1.15727261407567	0.35899800278529
-0.318733942823603	0.0784860044620643
0.452064681910022	0.127513719934741
1.14995929943828	0.359644120216764
2.01853983959565	0.928593142144826
-2.11457542201993	0.632270703085136
3.98165246654708	2.33759141154984
2.57551660914786	0.96051052751055
2.58039599621734	0.941752296283537
1.14995929943828	0.359644120216764
0.950929049409976	0.341619656435165
0.388856236225614	0.0893513438012124
0.419497657047192	0.119103234571081
-0.0211459386071139	0.00638536373142674
2.57551660914786	0.96051052751055
1.80577814402211	0.579897169515412
0.381939954112183	0.0885630978825824
3.43823356696493	1.62843601559653
2.58246518877188	0.954808913265067
2.5847753763123	0.951434056294316
1.63286670681234	0.622491454865693
2.0134947482036	0.901527174354077
2.5850139056114	0.9375104362967
1.80577814402211	0.579897169515412
0.388856236225614	0.0893513438012124
1.81256361946551	0.57834251056048
0.938387366171497	0.340308443060998
1.42069718745854	0.787292122107404
1.62373307132501	0.822214274816007
1.29864027977035	0.7618945209316
1.64515726384629	0.629666678633393
1.07896494344252	0.570906764744235
0.291368148013934	0.135399731865834
1.61341950195876	0.812934174888886
3.08158902571449	1.29153111501543
2.96390192810976	2.06422511188039
1.84566832768826	1.23393674054221
0.943456416021064	0.345278425930188
1.42057390957993	0.774131894535017
-0.326086336851824	0.0802709064148997
1.14083223935049	0.541214735620211
1.61114596948654	0.794627908415577
1.62373307132501	0.822214274816007
1.6392589264181	0.627523522545358
2.09483648910648	1.30063121203171
1.64230005514351	0.629994079538676
1.61841608934905	0.811708837026955
0.560830183251905	0.251054004098789
2.10311671921523	1.3351686303287
1.31606402254914	0.795664811558636
1.09673736553494	0.574411829545089
2.08038969107197	1.28866226505266
0.506093361136336	0.201385678434185
-0.370239898105824	0.116883078438658
2.3109262473615	1.19487152641038
0.514384468086187	0.2006180927596
1.88560815650232	1.05555318177013
0.513831589999617	0.198141811505326
1.17327326838219	0.559100003319479
1.32469816957793	0.56869392912137
0.821234901359326	0.378134576174389
1.55552582575095	1.04549252577461
0.686179996455689	0.374171259132791
1.60106689329585	0.807030039185058
2.68299436943034	2.19527390796914
2.88928448652776	3.12474498368014
2.07677487870684	1.55314905006781
1.30398013942049	0.774578429645632
0.805675986736911	0.369148525113292
1.94185063547818	1.55732936878075
1.18627257879308	0.907647994680474
1.16554733949734	0.561016112238245
1.64715243246245	0.638228599311507
-1.41151445005737	0.392781075624489
-0.318733942823603	0.0784860044620643
0.473357139415205	0.159400186035603
2.56897338925992	1.46498420588301
0.474311922169683	0.161280084742063
0.432316457341244	0.12480155231866
-0.0265281782541497	0.00763985645704447
0.442856347300599	0.127861063358963
0.388856236225614	0.0893513438012124
1.85231474903388	1.03535174489085
1.62411816251489	0.821562803632701
1.14995929943828	0.359644120216764
0.838371477298464	0.34237345058199
1.65953429092439	0.985468720446325
2.30120381206663	1.17536938836456
0.943456416021064	0.345278425930188
3.73016083045583	1.99020875135088
2.58453692416693	0.9378225742295
1.65573425526078	1.02627592556868
2.30850744815963	1.19924213664799
2.01113205441839	0.917539301536541
0.380220335111381	0.0881615126503493
1.30927765427811	0.566669541786359
1.15221049797947	0.56323794143731
2.02091505785162	0.912255878143907
2.306704981668	1.19727867372278
3.07899560381092	1.29851017680794
1.64230005514351	0.629994079538676
1.14496257201798	0.35509824568904
2.54861505378794	1.47297572192773
1.14969984760416	0.357649385936917
0.386804340501861	0.0890870371925953
3.44169544984981	1.65349226807068
0.847932044808245	0.35562378034594
0.437463282999677	0.126015112770028
1.66880448457393	1.35528478229364
0.425156121978644	0.122416396667889
1.86743790094467	1.28755478069467
1.07452359352272	0.621210484476312
1.65232884439116	0.630327623928871
2.00183784492713	0.905539797049623
2.09223390186025	1.31961454101514
1.13702489442653	0.546234917943916
1.72635311068418	1.28810218545857
4.72889763381259	3.62631023895443
2.08649445799244	1.30703386336604
0.822213219418964	0.381498943940183
0.952985120754325	0.334647448570223
3.68546227305171	3.37507670237048
2.31847534146404	1.15005966757453
2.99834833951434	2.06343689735716
-0.793673019859011	0.233322412272975
1.72856010174623	1.28365245620262
2.24699569605939	2.15173378374924
4.38778464750062	2.97590268181663
1.32191624921377	0.572374518696162
0.465115098970867	0.159040228236869
1.08778279121328	0.584158961059145
0.506345115262919	0.193070663659979
0.94378479794137	0.345154379632816
2.08696853603738	1.29242391031161
0.945831360339598	0.344958840724124
1.14332032705855	0.354549436983091
-0.141318654810299	0.0470101380069982
0.00536907781902951	0.00200746414006123
0.381939954112183	0.0885630978825824
0.821899549050042	0.385381423147217
-0.319004015513152	0.078546017662404
0.85991855347236	0.346458290012234
1.2776802867253	0.837855347131874
0.794440274444538	0.36487079548786
1.94338480300254	1.55713423260753
1.32243584381143	0.798376254895767
2.31861557990301	1.17452579234462
5.01720012489919	4.32059739716908
2.01113205441839	0.917539301536541
3.96841487495481	2.27278275700127
3.99223199918892	2.26418939456017
3.98060809201368	2.24564261860673
2.57046039920441	1.49801167502871
1.15197220708405	0.359022029649851
2.86441994035631	3.19825202176136
0.8536622289229	0.36106255589765
0.941172403247387	0.336573390963605
0.835917334388117	0.431830607393771
1.15812307708081	0.557048853310311
1.07977095385063	0.609275122770595
2.04511553956129	1.54404046112002
0.528546671257546	0.235298749124788
2.9778498993924	2.79337879192352
3.23208065684523	4.22251151767963
4.39638001432661	2.95531752059746
0.847924699560602	0.356090909941725
1.06635699919826	0.555922873823073
4.37238526885879	2.93051769325777
1.63831693084645	0.629915116837088
3.73049001185693	1.98987141609617
0.942420266311117	0.342341795936149
1.64715243246245	0.638228599311507
1.30734135217383	0.77022871050325
1.81045946197748	0.578570674290805
-0.173619584958331	0.0559039039983617
0.442856347300599	0.127861063358963
1.14996928148472	0.357563393391782
0.389091380780796	0.0893837858796829
1.40386031476089	0.770818465233963
1.60775629869942	0.809945943353373
4.37136766001687	2.92325978895694
0.116215536609213	0.0373834496317321
0.933359654007764	0.340188237502439
1.89103786481553	1.54992004978396
0.835917334388117	0.431830607393771
1.50441587644836	1.08983933079396
0.54215302339245	0.241250409134783
1.63454485746047	0.628731710084453
1.92619285757088	1.5748737856851
1.42767993071069	0.785961548486385
1.696954799739	1.34515809213156
2.67391984148907	2.16617210146113
1.30798321842089	0.857007008473408
1.16250241213615	0.57131899763523
2.5693083486908	2.46888630518416
1.87966737205975	1.08439474733127
1.40294507747929	0.769374873684136
2.28693824231538	2.49055330978621
2.1026507156367	1.33028603529919
1.42103538515983	0.787312634407148
0.51259959569833	0.200534954182712
2.41401781448762	2.15464696483565
2.02091505785162	0.912255878143907
1.84474368617415	1.24612225979747
1.30776092853854	0.570863045784087
2.96939454434935	2.05336509769268
0.486536310755296	0.163667996145275
0.85118066201444	0.345891373540155
1.28042880804933	0.832861361105451
1.54378147341038	1.03278958900707
1.61243200036091	0.819935397731363
1.31373024274041	0.579223878983959
0.8536622289229	0.36106255589765
1.32156028688205	0.572788874606842
1.02659918232984	0.586160542342838
1.86924478226162	1.25877056138753
1.86271817688557	1.27575207314856
2.96119661056967	2.04258013891427
-0.135484632324475	0.0460381231163961
2.23618795101357	2.16635647715796
4.19599888002108	2.61530651258708
1.86776807815517	1.04817013905801
2.48889057196787	1.86866382655783
2.50297643089103	1.90101157758595
2.25990664922536	2.21981262713254
1.27512600318335	0.818085778151736
0.634918253857128	0.377116135586218
4.2011884427043	4.86193155432374
1.14344185087047	0.882425973409214
0.907664827904687	0.676843280209332
1.63530082319754	1.27495893759178
1.48081479551958	1.18771376011774
1.91520934582081	1.55793892427958
2.43124790059263	2.90716819073676
3.02124736337842	5.77547900456485
1.65362078165434	1.29040368216493
4.51295160835704	8.84546888228799
1.66899322124602	1.34505513103325
0.456072182855435	0.21828868189101
1.463586196014	1.36217928017437
1.4007402484647	0.777232432051735
0.31418658872123	0.146414076598333
1.9266555261088	1.60564372264932
1.99646196580919	1.43452999121313
0.758524318039988	0.46378073082033
3.62939585120135	3.3011944636982
2.21892356658698	1.84639056079074
0.82560904487098	0.425742614800925
1.27841435303442	0.847763923616942
1.07435180485789	0.693821988495999
-0.372334809753372	0.119258916185993
0.843312125050286	0.350436459033435
1.46750016336848	1.18884517053969
0.692196592052889	0.384268773741751
1.68832384989019	1.36756084330994
1.64404337580805	1.03398828673186
1.05882605093389	0.611375020448644
2.09816446545951	1.87557657771524
1.06488522141546	0.616561579570449
1.64184015076848	0.99048006105823
0.610736789116939	0.301876760236845
0.560111356674115	0.244066943343939
1.66342695503107	1.02103830905932
1.64114824351718	1.00856593540574
0.484086390900423	0.163375631246897
1.29096118973437	0.847655529637193
2.315092023563	2.9861012931875
2.82412446516612	3.44533822700606
3.43275565142625	3.94843856104859
2.9591097886716	2.04497622720421
2.07040008547121	1.55621913644518
2.5175689117776	1.84953982258664
1.50268916226376	1.10610498168482
2.30828007703475	2.58652559990596
-3.225852481252	1.28741618842071
1.77030339368337	1.28489496497902
2.56540533562271	1.45018566797928
2.26216486595985	1.8611982688592
0.509837907725092	0.198065443413371
3.34963173835529	2.65186456647693
-1.06677033555623	0.473129152007828
1.40515127117756	0.768585069716574
0.953980463775633	0.334377551424029
1.86973142039484	1.05858039916493
0.452366960240156	0.129014774531037
0.119565395421238	0.0384118471908133
0.484797667092695	0.163396545300606
1.29424891858496	0.549611801716394
0.948171556452984	0.349388848464886
0.829474625519427	0.372180121858243
0.814812535468908	0.417244435339581
2.53924052910922	2.39680346240375
2.85740128154246	3.21614495185172
2.77019094866247	1.75096064138591
2.05551982052307	1.54895655109898
1.87191211353778	1.06098173889791
3.73016083045583	1.99020875135088
3.73252041030034	2.01562686262797
2.49923544159998	1.89311986259794
3.98952336149582	2.32799170849379
1.86867365227635	1.05881704818709
1.84202536164446	1.63663799714487
1.4337391075387	1.11359993637711
0.620630347421368	0.308064096266279
1.78405660891696	1.71199591976737
1.88106549713333	1.50896583981314
2.26670797978983	2.17037936439825
2.97798411668373	2.05405116230894
1.28787352690857	0.848456146775177
2.47415906863084	3.94585864447907
1.49614998836053	1.28785010669006
4.08661091498648	4.52148340069396
2.16191161803264	2.26757000860821
2.30361004489947	1.17965243345041
2.10628292376314	1.86499157006989
1.29526973234901	0.552958703518828
0.751775122785507	0.450523547576824
0.945406403009458	0.337586240202851
4.072398361171	4.51699778110154
1.1433964867461	0.552836987022346
1.46181574025659	1.14797849993122
1.40132780939676	0.78813649497836
0.792120445921622	0.365898908133902
1.64709052359523	1.43970976343742
1.64301133500008	0.994985357132832
-0.390346432480804	0.127347358957816
1.61370869514637	0.974903765664356
0.810005074840853	0.375832621978322
-0.451021527321828	0.204611946448966
2.65995781319724	2.16392864560865
1.29790344101064	0.76495797102832
1.27885211173498	1.01201450361382
3.98988195073213	2.31325466312312
1.06799292723513	0.615633112357829
1.15525449123484	0.556821499712129
0.944090843994677	0.338827354082021
1.14496257201798	0.35509824568904
1.31491269925337	0.778443892705133
2.07552855747319	2.33702691711014
2.43347953148452	2.18051814752004
1.26322662076887	0.896819459851825
0.84664058716897	0.345599247877596
2.00800901489845	0.912839221353983
1.15036248959935	0.349527434081939
0.692369387211209	0.380461618655686
1.30266856875786	0.569776086271543
2.04220859216525	1.51284220899323
1.4011854482627	0.777462790389692
1.65463867976799	0.638533140878497
1.4151489178282	0.78619665347299
1.64914996960997	0.626657759006669
2.56913897553737	1.48662283410716
1.62780256969646	0.801296569746011
1.64715243246245	0.638228599311507
0.471932521046143	0.163603418226591
0.558014980197852	0.247873294624134
1.12998152415517	0.529726583504182
0.845415666808121	0.351404854856244
-0.370239898105824	0.116883078438658
0.804885948706483	0.368458920517434
1.65463867976799	0.638533140878497
0.42368775281162	0.201249920397387
2.01540673585469	0.923787604582237
1.61859599061753	0.819391455322061
2.78758490568901	1.73918517583851
1.0521209833262	0.596195921099647
0.450055740208048	0.128864448965258
2.01616843045719	0.916690493912292
1.50562594288799	1.08975375271306
0.938062948222777	0.340428430013029
2.003439064311	0.904317302889556
1.1452086838896	0.557988021345671
0.15931210628927	0.0633809212770527
1.13823313059755	0.547751032708644
1.16799939070451	0.556902237203585
2.56403653148661	1.4710919407754
1.87152837578664	1.0707500103503
0.499747174899533	0.19479255437843
-1.09514897132631	0.478430856745764
0.856176363084216	0.356056417957548
-0.804636941304096	0.238276931876845
1.0821498253172	0.585825455412949
2.30119169062823	1.19760543205678
3.6517083854231	4.68062687720823
1.64715243246245	0.638228599311507
2.2418842066218	1.83606916544648
2.31038423443536	1.60590708367914
0.648523771123412	0.378381774636503
3.15902710407567	2.37818207430977
1.72496498638542	1.30552451377167
0.449849650139637	0.153588758901524
2.47419976487499	1.84384211176907
1.63653547354424	0.617469073502468
1.71475304952032	1.26909368273544
0.514800100929338	0.203414119342654
0.856198125188317	0.353987354363276
0.110445430495309	0.0354282109158889
4.19844625005781	2.64435108733641
-0.883597039795796	0.358916002784361
-0.698848420666889	0.248126957825293
2.30756545321288	1.18826106055597
-0.180657111675512	0.069578754581567
-1.45319382393629	0.571863884400649
0.468740614511173	0.160304172406953
-1.16399424397968	0.402583161382906
-0.0265281782541497	0.00763985645704447
0.439521630292905	0.124373875385759
-0.382048248523083	0.14658945392409
2.57443181820548	1.4710108979326
1.31616193600528	0.586796808071362
2.77458983303608	1.76233303311063
1.15703135173469	0.564130151481844
0.719089862364232	0.391744112490576
4.20154547112569	2.60532911959528
2.4088829645448	2.88430880482311
2.24348475525863	1.82453753034367
3.98880655527552	2.26636505711523
1.64114824351718	1.00856593540574
1.87754074165946	1.05503454855137
-0.847785587558331	0.412277056089132
1.65634343005719	0.613781907873448
2.84567327709953	2.56027374216704
3.9643614677728	2.27619493235249
1.07268627079837	0.614104318163732
1.162943793637	0.555721655491286
3.17682081187112	2.38635685970349
1.06635699919826	0.555922873823073
1.87711991635497	1.06098854272816
1.12979629767826	0.537267051168604
2.5147133842421	1.88579591062471
0.842576781512922	0.345501734284037
0.85740357906837	0.352924821051702
-0.0194418509515638	0.00592241143405884
0.509285589869683	0.196863236026994
1.31427756846191	0.564757260839845
1.41104114047274	0.778279611137344
0.55109580050864	0.245861244517389
1.64200058293244	0.630315938547516
0.514800100929338	0.203414119342654
1.60962322805908	0.791571069740851
2.0063183797953	0.898625667845164
1.58233815295918	0.774187689712905
4.1904717242452	2.60943292847499
0.542692806329927	0.242574005700351
2.50057303866719	1.92652875523564
1.31272008109077	0.790103851433849
2.56147864400806	2.48618752391547
1.29463986926007	0.561361137987999
2.3030334003546	1.54386856264118
2.54303761515338	1.44973679817509
1.64230005514351	0.629994079538676
0.459930977582697	0.157383456693987
0.684991364601636	0.384403781544715
0.553391386953942	0.246254416369868
5.0160821407982	4.3042738330797
1.94374799942656	1.59511245533299
3.1563365063945	2.34928517912217
0.119975641665357	0.0384202964390863
0.831655606452352	0.386132036167147
2.46713869422038	1.88887809407981
2.01616843045719	0.916690493912292
1.30280391548738	0.560259357254657
2.30815386597796	1.19935534798675
1.40995303879611	0.781749004746247
2.09153913884022	1.3165651497165
1.14890365043037	0.550847540395568
1.08675560336892	0.574903582510438
1.04943390775108	0.539815450633486
0.843091780938852	0.346361005482139
3.74023762331473	2.0035974580432
-0.376410268387516	0.142550095816166
1.86107127627097	1.28775659759055
3.72813331289338	1.95640430315638
-0.326086336851824	0.0802709064148997
0.47847747897998	0.161640133702048
2.31299336831842	1.19592723591125
0.806560540375095	0.372619277770295
1.8507207232324	1.24442511130241
0.93729224472921	0.341351702463887
1.64001387550127	0.631392365244923
1.14769202191641	0.358267165374319
0.851291656626338	0.352980585937029
1.06671828148775	0.568282239554909
2.06381682938997	1.55907362918974
0.942749240237228	0.347582417012192
0.458887633151483	0.156375675856684
2.21718590770758	1.82722617386964
1.07086789781608	0.685651022187438
1.87451388971115	1.07347938949285
2.56861792861817	2.49976472591131
1.32149164432041	0.796640966398133
4.56116393793864	3.28707448967484
0.44515396789369	0.128009718182639
1.25445176503622	0.895748662533219
0.475560001358425	0.164579254956042
0.883190644932866	0.495826330206313
1.62199290564277	0.811592032295457
1.7359752968455	1.3018115177461
2.78336142986817	1.76515449358433
1.52386265814739	1.02138003565923
2.2793964090602	1.59090443497824
1.16663880534221	0.554907683031205
1.11913889642095	0.760916351442831
1.41134135807258	0.770779814658639
-0.021472760417631	0.00646265874018739
4.19367658297347	2.60874213176604
0.835361312918747	0.430206194667527
1.14995929943828	0.359644120216764
0.473477319500604	0.164308696666005
-0.386741610697938	0.125060166850504
1.63479041688941	1.42873761072327
1.08110109110453	0.67739993765401
2.05290589837499	1.54163669758508
1.61948635979013	0.810622558898794
1.41623244104733	0.776623591503956
2.02025271131488	0.893223853886869
1.08165781690502	0.581515748692419
0.813914736616823	0.379435207958077
1.90496615483623	1.55362548957197
0.354534612870809	0.150983248979651
1.10417004504638	0.58593344971627
1.63256120991127	0.999243217655596
2.98689727999629	2.05179489769154
2.50297643089103	1.90101157758595
2.98962023005889	2.04588946004154
2.56231542344525	1.50156499544493
-0.154441198858761	0.0528662941268858
0.437463282999677	0.126015112770028
0.906227395342069	0.570842866519885
1.13423088825703	0.541592637757461
0.128689567233414	0.0407589002220662
2.77379785849714	1.77796058405828
1.47491521541183	1.2796567992605
1.65664791667999	0.627065647997308
1.16537986707334	0.555697645851226
3.07394835948079	1.31896016410163
-0.10854538520673	0.0448219684714114
1.60144832728969	0.794996169339333
2.01160656021423	0.90043988185378
0.932206473479573	0.338134600172556
0.90048898624029	0.574247338144726
-0.649142629691236	0.235421428801905
1.31580694910012	0.577645369801217
2.57066000659288	0.949369245848186
1.85250672670368	1.27111807921827
1.65263184144526	0.630012728055625
2.5778136971617	0.957067152435729
1.62027436290437	0.813505783260569
3.73422231136844	1.94171078200836
1.82049289125555	1.21007996126615
1.05299713701247	0.621475813706328
1.6392589264181	0.627523522545358
-1.41151445005737	0.392781075624489
2.00483626902845	0.888901005133367
3.07394835948079	1.31896016410163
0.608380777186104	0.299599080264632
2.31272343054008	1.20719390426135
4.18572350600616	2.61781818698671
1.05123378484405	0.625837200238389
1.6544661124734	1.32550546477331
1.87535305972253	1.05317368850673
2.85582559852792	2.52666478242631
0.552885509613407	0.244449668477603
1.58852347173828	0.776945143033785
2.4952878729903	1.89978305495306
2.40731334858936	2.16583048808186
1.72584479848996	1.29172479231564
0.0130064909717064	0.0046450475777294
1.72362556043183	1.27569822835961
2.08280426876134	1.34007772150229
2.7948329207419	1.73146440485931
3.49635811039579	3.0483780536934
1.1176440990767	0.796601337980903
-0.326086336851824	0.0802709064148997
0.111563083107334	0.0362805495458475
2.0866825638583	1.32130641381818
1.07327478465707	0.577552759336834
1.16579933022599	0.566012661660537
0.463717715812127	0.222151285469123
1.56849277099698	1.02599549316592
2.0885815609844	1.53633958644911
1.74169637849335	1.29194403843831
2.996906815249	2.85014198319393
1.64001387550127	0.631392365244923
1.07897860249657	0.627543011890561
0.331598775583966	0.139228106807165
0.465115098970867	0.159040228236869
2.01649806825886	0.916361250213578
0.24613474811103	0.0911753247128404
0.575420274057276	0.251745236232998
0.479905669158614	0.160240436002626
1.84894307652395	1.25695526178691
2.00686943242492	0.904742311032226
3.16762653774777	2.3855929313256
4.70615797958608	3.61052143211941
1.06498858010837	0.612411915189223
1.08312027348547	0.555387462238063
5.03982153736106	4.19429893505656
2.00808311079027	1.90512257277513
2.7956854066425	1.77956358080194
0.819111344560308	0.3803029797
1.29313264164099	0.750013525804066
1.85547415932732	1.26067812721583
2.10967842091055	1.33078853616378
0.917459877056715	0.579797285420987
2.00565415509061	0.899686384113477
3.06892463579121	1.30354025392078
2.69149000798618	2.20610601897638
2.04096908906186	1.5567774618449
1.15197220708405	0.359022029649851
3.97417678633059	2.33916593813363
1.30684540237885	0.575745262655125
1.14268955586356	0.550025818169294
1.14226601753037	0.542705484515381
-0.0298858259093641	0.00849839766739087
3.74057026434324	1.9578984029178
1.15812307708081	0.557048853310311
0.452064681910022	0.127513719934741
1.63489476929393	0.621404558242662
0.94378479794137	0.345154379632816
1.53340654540465	1.03742085470599
0.450357276379642	0.128882961127995
0.22655658438256	0.0841649815440372
1.64001387550127	0.631392365244923
0.442856347300599	0.127861063358963
0.478831109466061	0.163927156744994
2.11685236344782	1.33020372108263
3.72686972326692	1.95663938703862
1.62204557248321	0.792974113283462
1.3141763786529	0.793336781040195
1.31470400139314	0.795220968595547
2.09492339286401	1.34882181072262
1.14960624694789	0.554078576274213
1.87191211353778	1.06098173889791
0.440163025510079	0.128436134724386
1.53845011187117	1.03039024685674
1.30113231203782	0.777126795552566
2.68043577192158	2.16575694658457
0.825919785271969	0.379413181514699
3.4440161917238	1.64474585229139
2.01283744550179	0.902585732964593
2.56442081734112	1.49863630620331
1.64715243246245	0.638228599311507
2.49130011419952	1.89558096208871
3.16086956853166	2.3556963733529
3.16138399831549	2.38897850145517
1.30782262892204	0.778920604402208
1.86533962410877	1.06994530398287
1.31262577473445	0.569086801583862
3.7428980888441	1.95380606105303
-0.373210236361301	0.139327745841716
3.16154315372983	2.35097162985634
1.09535715370397	0.707343121401332
0.810198657624007	0.372793351775095
2.31644400799118	1.19464091523016
2.56518983583209	1.46864702335576
0.557481588144323	0.247123412331484
0.947456719632445	0.337443815736873
4.20684997559332	2.63459002323363
0.79534023280894	0.351159052829957
0.939659676105033	0.341045578330067
1.09287520778415	0.576444209166472
0.850822802021927	0.344220750272313
1.41872931894336	0.787812456711597
-1.41151445005737	0.392781075624489
1.30568863799101	0.561018529333691
-0.32103307202361	0.079007025149334
3.43652865568349	1.6582101694691
1.31947872816854	0.58154081144167
1.86009937109169	1.05865588926413
2.23477530042776	1.81334650823318
2.30776702987384	1.16868755597229
2.46659556617799	1.86951907807093
2.56329178536015	1.43309092366328
-0.331850542208865	0.0814286802002607
-2.58575103484108	0.851921364801337
0.430325447807246	0.124665397522017
3.06190782775183	1.28672322621522
2.98361292326638	2.05427252461089
3.73957266722255	1.96234725257727
2.31156381875515	1.16878329434935
2.003439064311	0.904317302889556
0.386804340501861	0.0890870371925953
-0.0318907411278532	0.00898739411486295
1.60775629869942	0.809945943353373
0.458516496522157	0.156535544608464
1.14995929943828	0.359644120216764
2.32406495526899	1.20040695768785
2.99920821314862	2.01419373852706
2.57757744392236	0.957433505286922
0.138484600061493	0.0432695118393231
2.05587505696939	1.57094696789888
0.805356450848244	0.363780243506672
-0.328306601286335	0.0815148772018528
1.14890453541303	0.558839716072359
0.938387366171497	0.340308443060998
0.932235476672269	0.336463516126845
1.29180695099646	0.548809549436095
0.373898439728092	0.0868259292003649
-1.45741130381453	0.553823507268703
1.65387749255181	0.624303921069819
1.80577814402211	0.579897169515412
1.14861788270583	0.354542163913968
1.30711681740938	0.574815634179781
0.380803655273878	0.0876138298096458
3.73252041030034	2.01562686262797
3.43883926978665	1.62626264110372
0.460695513500032	0.154633169983258
-1.41258048711295	0.392583212481328
0.942420266311117	0.342341795936149
0.459546171764579	0.158057903005613
-1.86315309073306	0.85732566522373
1.85775397003027	1.05102366843947
0.937620332174016	0.34123146611026
2.56585130568685	1.47015701926702
-0.371981541305843	0.119086720502077
1.42132980635713	0.784650778656849
3.67398972372412	3.35314077058848
1.08518422607338	0.6350604741601
0.839944740781573	0.348092956656499
2.50353719854887	1.88854811650065
2.25208265030062	1.84366072101649
2.57257535044153	1.49519937857978
2.5191882510507	1.86355201358577
1.4370422385857	0.76683631880524
1.64200058293244	0.630315938547516
2.32486080446851	1.16824980754806
1.30120740545056	0.558776441477479
1.33661367998858	1.12770372746623
2.78391881320785	1.7713584790422
4.89541259288444	3.93131613778034
3.00918014273583	2.88103913025792
2.29611071684051	1.55123909022653
1.41057424066309	0.778754875184714
1.10466970362292	0.583125022694456
0.381939954112183	0.0885630978825824
1.31185224408202	0.573723422401825
1.61290031837313	0.818448265581659
2.30302010441829	1.19630270244243
0.820453306111948	0.382523011715268
3.44603537524276	1.64364191375367
-0.665020917590695	0.238627541033537
1.31185224408202	0.573723422401825
0.845810165620606	0.35511032086096
1.87451388971115	1.07347938949285
4.3903012064704	2.98044884300894
1.63831693084645	0.629915116837088
1.59143452696741	0.771048665483688
2.08601120183141	1.30422229202302
-0.805317901758974	0.240245271413442
0.112411679249141	0.0362522346472621
1.87572241461684	1.28679234388632
3.32254741829375	2.66065622018956
1.80577814402211	0.579897169515412
3.98165246654708	2.33759141154984
0.95125997466955	0.346753414627907
3.07899560381092	1.29851017680794
4.56740847285983	3.2929732373066
1.65664791667999	0.627065647997308
0.938062948222777	0.340428430013029
0.839309718696575	0.347130765241293
1.64440170754647	0.635367436399987
1.31392432900697	0.573981450775339
4.55593393453783	3.24905701097495
0.131068420293887	0.041566886033362
2.78090623769772	1.73776947598698
2.2975538689756	1.17762048472898
0.436097412031641	0.126050626741564
0.389091380780796	0.0893837858796829
0.476393651145087	0.16365021780216
1.42132980635713	0.784650778656849
0.44515396789369	0.128009718182639
0.484797667092695	0.163396545300606
1.14121934705782	0.544467089425962
1.15497990448255	0.354392783816625
0.943758243817856	0.332148452845056
1.59439888866932	0.782314508038597
0.444854208791125	0.127991221299979
2.31401604904763	1.19388560818143
0.381939954112183	0.0885630978825824
1.15063552749799	0.353954663248934
3.06919540525571	1.3027545160526
2.95957448202857	2.02194835520018
0.386804340501861	0.0890870371925953
0.79134670933739	0.366307352375874
-1.41861533435082	0.392208760255697
0.502809460160087	0.201853649871956
-0.793673019859011	0.233322412272975
1.15770718788246	0.565036447606221
2.08373399519787	1.32032467756876
2.24371445699053	2.15156115941453
3.43486723186861	3.97635856527755
1.74609632719318	1.80318254979733
1.76063936680587	1.7730169054204
1.3095888342746	1.01840664138372
1.86047066242057	1.26797646985697
3.3188101297054	2.65136106957292
0.498630019857069	0.192143700513533
2.97892712347776	2.05137768328852
-0.649910288011254	0.237143364649956
2.30376993788502	2.53527348598788
1.86888027580733	1.06507705763447
3.27452803534062	3.55161400257785
1.66742139122057	1.01896348189758
4.39848504493759	2.9615283142019
0.110891514477034	0.0355482605571112
2.32323561811765	1.56957931209595
1.65750740630441	1.00731623019014
1.87535305972253	1.05317368850673
0.028887430623023	0.00956718932301686
0.331104025000699	0.140059996956415
1.07937505287412	0.581486134566566
-0.0242289563047771	0.0108947069214325
1.88560815650232	1.05555318177013
1.40307975914275	0.754380772906443
0.868392996366654	0.48822770142644
1.41538303735484	0.775390290976691
1.60211357991502	0.796913300085756
2.78299170311751	1.70007622806876
4.99466944782168	4.27567400035711
3.15295168705765	2.37151982431542
4.18982232597381	2.56516352020151
0.82465275799264	0.423886007655544
4.68646378725425	3.47596463175004
2.2325222286648	1.85116479449223
1.62732252572942	0.815849392005204
1.31540731833566	0.565421036221788
2.3024177697449	1.62890505624549
1.05560734595413	0.617288635053291
3.1308104078159	3.18921118977905
1.09065812807522	0.572234856141488
0.347534574910606	0.147384732097227
0.825770218250364	0.383824373663186
2.24843965401554	2.15082717875915
0.843091780938852	0.346361005482139
1.53501040707219	1.03903379066938
0.828548970931037	0.383647888150369
3.32703099353741	2.61131993383739
3.3368523918397	2.63574968944416
2.08322092191876	1.3100847440103
2.00546242502354	0.904131435092317
0.819988648731487	0.382714446366715
1.64512028697895	1.01041123804119
1.8803736236464	1.07511913768525
1.47831195751714	1.0841056704634
0.934573766617389	0.342610988823692
1.64745365950878	0.637896288405134
-0.140045452886164	0.0542651860620101
0.462841480106263	0.158686001177802
0.238224004287189	0.0889688765259384
2.10894275698725	1.31283499887867
3.06892463579121	1.30354025392078
3.74594816942165	1.94050498464307
3.73786491162249	2.01245103597413
0.386804340501861	0.0890870371925953
0.924635865825665	0.33105713336917
0.439825689146049	0.125837796508768
1.3039147078919	0.564624953568431
0.348555093841537	0.145544466566323
1.53475797848925	0.999515791143537
2.40245127342624	2.46454541783101
1.48460930788119	1.08194137299935
1.618211767573	0.832082432091986
0.246607180424701	0.0918471184805148
1.38409868580327	0.752683438657805
4.38801784348649	2.84674643551136
2.55421229831816	1.47965447556991
1.64733335387686	1.02420444351981
3.00089190962121	2.85360634073341
0.5168393975067	0.203437308011134
3.97960812614647	2.34353774699792
2.40688850768027	2.47123843736391
1.28313089590775	0.845681293556201
2.31608760129162	1.21400243950159
1.858063663965	1.05188837126634
0.435796705805032	0.126031508905256
1.63030587740668	0.997057452680256
0.500111161003371	0.198458101784122
1.14834556191308	0.354625935330237
2.50274274595685	1.8842115626668
-0.157243437767139	0.053506824765491
3.73753322921062	1.98046047232227
1.14150004587507	0.541953952305529
3.32601001183028	2.69444133446192
0.928951292617984	0.335943603021174
1.87636574099723	1.27762432821873
2.05766539594274	1.56414012270184
0.388856236225614	0.0893513438012124
2.81519262962006	2.47218421760497
1.86432106866013	1.05838464648777
2.96344554726323	2.04103432549203
1.86867365227635	1.05881704818709
2.00183784492713	0.905539797049623
1.63199673339106	0.997955070878545
1.31427756846191	0.564757260839845
0.825195655554353	0.419119856743701
-0.0357499776062767	0.00982234152565599
2.56900987601411	1.42117609759824
3.9643614677728	2.27619493235249
2.78106564615392	1.72611892262242
2.08595824274399	1.32480443299272
2.31851839938804	1.20954950098339
4.88669917338745	3.9559568348319
2.98635063212264	2.08237705036747
2.58246518877188	0.954808913265067
1.3135712102727	0.56529479795381
1.14496257201798	0.35509824568904
1.44894971944468	1.14216325463429
-0.387313047168267	0.12517636660844
-0.16358589805749	0.0554958724533101
1.29820769874746	0.564904895606997
2.5648052520912	1.49748988372418
1.40699267411726	0.761358437174657
3.06919540525571	1.3027545160526
3.74261410581148	1.95896815134987
1.64200058293244	0.630315938547516
3.07653005489351	1.29030396946406
0.945502239418716	0.339849482937852
0.450357276379642	0.128882961127995
2.57551660914786	0.96051052751055
1.15197220708405	0.359022029649851
0.237692426248232	0.088284798039757
1.64975399817589	0.626066684434427
0.924635865825665	0.33105713336917
1.16558738952219	0.561113954593436
1.85035899283355	1.26857252988663
1.31268353307166	0.79205495917828
2.01820946220312	0.913449531834958
2.96961682916526	2.0439170746341
4.2124359222807	2.61550476302832
1.28367539242313	0.928190310843445
1.62334812943437	0.806428792727589
1.68928395364009	1.37210756292754
2.07616699875208	1.55767678102046
2.96986764552182	2.03080746691222
2.56585130568685	1.47015701926702
2.01127440925714	0.901185770645912
2.30221687273215	1.15585561588387
3.32217091045633	2.61279076468282
1.08503854118803	0.633977539877961
0.941707785549036	0.339092658120352
2.02091505785162	0.912255878143907
1.59569470520405	0.801516917340079
1.33613017414286	0.788821267981022
4.20128371410681	2.61028572585752
4.37446530306221	2.97053747711016
2.01283744550179	0.902585732964593
1.0985523557196	0.585104892100545
1.87818354485953	1.07266282374
2.78831427499912	1.75740754542839
0.881984688498273	0.500652384586453
3.09194822992853	3.82663299756161
2.55917028286865	1.47785885007858
1.63356845192836	0.990420015576129
1.07830092723702	0.575449038265942
1.40169319145985	0.76543140995046
2.5778136971617	0.957067152435729
2.79700926217422	1.69729208781276
1.65187344979575	0.63567057185485
3.97417678633059	2.33916593813363
2.00546242502354	0.904131435092317
-0.338235133026113	0.0813814649363035
2.30201423931808	1.60597008426155
0.950556392128097	0.343735514019762
2.81256241393546	2.49919461207222
2.32578877449518	1.19171322020389
2.557728695413	1.45269564214102
0.237572178102679	0.0887552731724226
2.30136746176839	1.17298476681293
3.4440161917238	1.64474585229139
-2.59010690959944	0.863676284132476
2.78190542849795	1.76607996296772
0.851291656626338	0.352980585937029
1.31912368943691	0.572635205782319
0.486536310755296	0.163667996145275
2.07224782899783	1.30924347325987
0.101577221380505	0.0320542065252797
3.98711153078041	2.33565773639127
2.77397590022502	1.75982344434879
1.28606663382878	0.548444607036556
-0.796027809725694	0.236609990316831
0.437688456191057	0.125580008034337
2.00877313061238	0.905895491430518
0.79134670933739	0.366307352375874
1.64241170212086	0.62688254731109
1.15197220708405	0.359022029649851
-0.330531747699963	0.0809413806785777
0.816174093515008	0.379211803040392
1.9961712128195	0.892433163338891
1.47145980323851	1.08603249705965
0.511526702782082	0.204205845686417
0.464113549874101	0.159393035679127
1.14932489679307	0.540549460670868
-0.577564994548921	0.244448558027421
-2.11457542201993	0.632270703085136
1.15224186187344	0.358935209934184
4.19470472741518	2.62131643557818
1.159654299729	0.557333122917497
2.58453692416693	0.9378225742295
-0.0360780165374078	0.00990291792495191
1.29398780699501	0.849484392414617
0.449579518525211	0.153653151577197
-0.326086336851824	0.0802709064148997
2.56368075078738	1.46564944310546
-0.15550880640873	0.053184989356019
1.32191624921377	0.572374518696162
0.517002458096845	0.201350540844714
1.64515726384629	0.629666678633393
1.62411816251489	0.821562803632701
3.73786491162249	2.01245103597413
1.16993625294651	0.554802114840787
2.3157313171078	1.19576831627677
1.30955139278234	0.565785848352264
0.45168894552535	0.153788969904163
2.78758490568901	1.73918517583851
0.845810165620606	0.35511032086096
3.73488371986947	1.9821477033994
2.97628561132457	2.05659622099285
-0.0265281782541497	0.00763985645704447
2.56098365307588	1.48997693829259
2.12060485768953	1.30304495541219
0.468740614511173	0.160304172406953
2.10479204029583	1.31634844807405
1.1590251393429	0.353864364305867
-0.378662433969994	0.120221704790373
1.65494252092978	0.627760779975998
1.31233422737005	0.562172576504392
1.65494252092978	0.627760779975998
0.517419418564067	0.201312710874984
1.3135712102727	0.56529479795381
2.77932398698815	1.78591308132808
1.06513034334856	0.631062928546709
3.72686972326692	1.95663938703862
3.42397981700002	1.60913005792329
0.246158327437128	0.0905913218532892
0.341238744225682	0.142710225493425
2.56546671265016	1.46997364399663
0.938062948222777	0.340428430013029
1.15368341488225	0.557773853353727
1.14633839392253	0.560201575621088
-1.41258048711295	0.392583212481328
0.51259959569833	0.200534954182712
0.92494031228421	0.332059525662511
0.480702326255453	0.186778465695092
0.796886147159592	0.367247492718687
-0.808863158909727	0.237861761227588
0.452954269384604	0.155546680127535
3.72719788451597	1.98803617077715
2.31057175053643	1.21438601153779
2.54095674755528	1.44781654866013
2.1087401695055	1.33269881124326
0.854892585477404	0.353608864450429
0.102899268021653	0.0330987865812319
2.5778136971617	0.957067152435729
1.99324176775466	0.890214780662
2.01316604350963	0.917368522828072
2.30083617917732	1.17972477152085
0.800346184897653	0.367789145534827
1.40215550805573	0.77506606923
1.3119116851813	0.55788695388313
1.31025302748794	0.561076306929956
-0.0467869681712449	0.011967016446903
1.15701051518738	0.357024714890045
1.15197220708405	0.359022029649851
1.10237381379661	0.581167992292923
3.44371153517053	1.67619063326831
1.53426700407178	1.04034474224802
0.946160588335457	0.33964074022882
2.56968724266386	1.47176822617245
1.32156028688205	0.572788874606842
0.129807059595018	0.0414384331158485
1.44169666823535	0.768326938935187
1.53756801160116	1.03502134647756
1.32959400684453	0.567092508391974
0.486536310755296	0.163667996145275
1.32750207667436	0.575442239657456
1.13792188660179	0.543483885488648
-0.0374706500293339	0.0100667275994257
1.64404337580805	1.03398828673186
1.30818851542872	0.578982775039473
1.61380032238757	0.812931003394543
1.66409685729335	1.022907058955
0.936066970782149	0.340641495091394
-0.813679051015412	0.23839751781527
1.31912368943691	0.572635205782319
2.75976151829739	1.75162713601541
1.81256361946551	0.57834251056048
4.3761319005654	2.91999927762599
2.02058383053804	0.913020231521983
3.16670481610659	2.38467497212459
3.44340697884079	1.64697714754139
1.42380628661552	0.779122105048694
2.79786407796019	1.74916226167184
1.15224186187344	0.358935209934184
0.51259959569833	0.200534954182712
3.00946988573576	2.00752851741874
0.503893275953106	0.198499202729613
1.42947930373415	0.785714157615431
1.74729616725362	1.29868417758619
2.0976890328838	1.35155767981607
3.72686972326692	1.95663938703862
1.06122957255945	0.559143896037062
-0.376565472316231	0.144593388029677
-0.0318907411278532	0.00898739411486295
2.56368075078738	1.46564944310546
0.941412837282011	0.340660708964588
2.30083617917732	1.17972477152085
1.87669927459825	1.05678508647825
2.01540673585469	0.923787604582237
1.15727261407567	0.35899800278529
-0.335412606311641	0.0819421330423094
0.932992903648687	0.343213802779003
0.433362055900206	0.125230081425831
0.385075707641674	0.0886838975959519
1.65463867976799	0.638533140878497
-1.15916830230631	0.400381516841368
-2.58575103484108	0.851921364801337
1.80577814402211	0.579897169515412
1.86270442061197	1.26130264737305
0.389091380780796	0.0893837858796829
1.15727261407567	0.35899800278529
3.43422193480066	1.63669384166705
2.57066000659288	0.949369245848186
3.06892463579121	1.30354025392078
-2.61087567939654	0.834878684881132
2.5778136971617	0.957067152435729
0.49138062373107	0.195630674124891
-0.805317901758974	0.240245271413442
0.388856236225614	0.0893513438012124
-0.384045642965915	0.146091752277271
1.6408451511112	1.00656277098763
2.5847753763123	0.951434056294316
1.53473453429651	0.99966962748493
0.235403504357341	0.0880493943115348
1.87191211353778	1.06098173889791
0.504075959872507	0.196026199484824
0.817493504987996	0.376932157373063
-0.329588432169323	0.081030044295638
0.823874262187634	0.377645338157826
1.40618417489826	0.764885665332759
2.02058383053804	0.913020231521983
1.86607050078185	1.26964385983229
-0.327295126009007	0.080504045045159
0.241408217061261	0.0879264646328802
1.31149991811851	0.573872985799551
1.15499106296025	0.357626976076535
1.63727736835462	0.628591326830438
1.65187344979575	0.63567057185485
2.32126670253074	1.18201717984333
2.31515215449936	1.20279706380842
2.96435852568055	2.04066023852354
1.15063552749799	0.353954663248934
2.02025271131488	0.893223853886869
-0.802627058429818	0.237488014708874
2.00890479722788	0.901593751617142
1.15112776649805	0.556612881315378
3.42397981700002	1.60913005792329
0.465115098970867	0.159040228236869
2.57551660914786	0.96051052751055
3.98952336149582	2.32799170849379
3.43622658713387	1.65895261894807
-0.0288626870649497	0.00820000466987386
2.79891075446816	1.76627448492499
0.943078321249644	0.342123812424083
2.01316604350963	0.917368522828072
1.81256361946551	0.57834251056048
-0.0265281782541497	0.00763985645704447
1.30463950814452	0.570689346074082
1.64515726384629	0.629666678633393
0.942749240237228	0.347582417012192
3.96673752968538	2.30317454746481
3.44371153517053	1.67619063326831
1.14995929943828	0.359644120216764
1.52836622964299	1.03745971979657
0.927709474707981	0.337276022613401
1.59710441916719	0.782075135510778
1.62323504434062	0.813710853706618
1.31262577473445	0.569086801583862
1.14131431881911	0.355152076536781
1.15673870532033	0.352530629186162
1.13999781907188	0.541490915126722
0.108199187383631	0.034966264420076
2.57551660914786	0.96051052751055
2.00032619806454	0.899743023662988
1.52186605369267	1.00780545648778
3.42908906027034	1.63600040380876
1.14995929943828	0.359644120216764
-0.401276258432776	0.130110612431314
2.57066000659288	0.949369245848186
-2.11457542201993	0.632270703085136
-1.41861533435082	0.392208760255697
0.433805550955191	0.125899356402515
1.65725719273459	0.612982129384369
0.381939954112183	0.0885630978825824
1.15728241410937	0.352515563851567
1.32786010536419	0.5631537306585
3.43652865568349	1.6582101694691
0.844792717819175	0.347175287249887
1.13776306063067	0.354069155994464
1.13982212580302	0.525449862913608
-0.0211459386071139	0.00638536373142674
2.31228290443762	1.17287684324415
-1.41151445005737	0.392781075624489
1.89150583168658	1.0605012044061
1.64745365950878	0.637896288405134
0.81413498667935	0.375704157203462
0.0147517612774062	0.00507405934719917
-0.0221508280820278	0.00666304303458571
-1.15141971647202	0.395208639743188
-0.019112171237002	0.00590721952268206
-0.793372555865882	0.233212461554592
0.934988669040866	0.34298285576984
1.30955139278234	0.565785848352264
-0.0306172706397265	0.00853360453925992
1.65463867976799	0.638533140878497
1.29669747052123	0.56160372479477
0.476393651145087	0.16365021780216
1.15224186187344	0.358935209934184
0.843468501514109	0.346336074922184
1.15497990448255	0.354392783816625
1.14603983901454	0.558335289015246
1.65695250422108	0.626785212871931
1.81045946197748	0.578570674290805
2.11198606588471	1.32994623048172
0.448049214856487	0.127036282979351
0.926822466092896	0.338094740953324
0.386804340501861	0.0890870371925953
0.386804340501861	0.0890870371925953
1.59661553166388	0.803454095850284
0.381939954112183	0.0885630978825824
3.07394835948079	1.31896016410163
3.07926967573396	1.29774028538104
1.64200058293244	0.630315938547516
2.00890479722788	0.901593751617142
0.941412837282011	0.340660708964588
2.02058383053804	0.913020231521983
1.84582533359077	1.04050938399962
2.30533734024783	1.16768103128698
0.469981724433238	0.159429371121851
2.02058383053804	0.913020231521983
2.01003934477999	0.912671361854122
-0.328306601286335	0.0815148772018528
1.62072142597783	0.829627764674628
1.15700129687893	0.359084261243201
0.370283326854797	0.0861979910131646
1.65695250422108	0.626785212871931
0.839944740781573	0.348092956656499
0.120779405653191	0.039060616069566
1.1590251393429	0.353864364305867
0.373898439728092	0.0868259292003649
1.64230005514351	0.629994079538676
2.01820946220312	0.913449531834958
0.381939954112183	0.0885630978825824
0.121108290053757	0.0389322606487385
2.5778136971617	0.957067152435729
-1.4411239129881	0.556713781177132
1.81275735644485	0.578334100363068
3.71754361276202	1.95612799486888
0.481994972568043	0.163296581694503
0.426812278742705	0.119455494571867
2.57066000659288	0.949369245848186
0.381939954112183	0.0885630978825824
-0.323477055228385	0.0792210886710328
0.936066970782149	0.340641495091394
0.381939954112183	0.0885630978825824
-2.11625496161792	0.64084087948516
3.06190782775183	1.28672322621522
0.498184784650351	0.193919262086125
1.64745365950878	0.637896288405134
-0.0306301829834416	0.00860813989029093
0.439825689146049	0.125837796508768
1.63236369867744	0.810236810554681
0.380220335111381	0.0881615126503493
2.5778136971617	0.957067152435729
0.927709474707981	0.337276022613401
2.01853983959565	0.928593142144826
0.47847747897998	0.161640133702048
0.950929049409976	0.341619656435165
0.496458256026245	0.195165973280316
-0.327566199101949	0.0805649382219874
1.31704500353289	0.574153621318026
3.4066699607562	3.88961293867619
-0.151753320158073	0.0514395632352977
1.86867365227635	1.05881704818709
0.952985120754325	0.334647448570223
2.31156381875515	1.16878329434935
1.5455479942472	1.02231410171227
1.4317952016728	0.772701463721005
0.115278364336005	0.0373594789095735
1.09007719329301	0.578372320041583
1.15743181661776	0.55249103659196
0.124521400186196	0.0396828529097693
0.832847794914151	0.341330415017095
1.15224186187344	0.358935209934184
2.01810931344505	0.886922147273673
0.351557350410293	0.150329737830836
0.473477319500604	0.164308696666005
3.98200822752626	2.33564603127287
1.64914996960997	0.626657759006669
1.0447400725303	0.591965551682989
1.15438670748653	0.558611370466484
2.48068796436015	1.85039764892302
1.15551737888362	0.558076648421692
1.15727261407567	0.35899800278529
0.449956490366664	0.128136304667589
0.388856236225614	0.0893513438012124
1.65263184144526	0.630012728055625
2.28762705687968	1.60098362186901
1.64230005514351	0.629994079538676
-1.07276763540325	0.478794279293684
1.51014489671695	1.10843751073207
0.92918007563035	0.337781115996846
1.618211767573	0.832082432091986
0.882270300772354	0.503168942811137
2.55887807938513	1.49286019534392
1.60004428650631	0.799597209023778
4.19638297135427	2.66144867507993
3.74228072037679	1.97275912819201
0.934244469311174	0.34273476266917
2.98180997568381	2.07634498559889
1.15929717085138	0.358391556930121
2.31263807543784	1.19696621950212
2.01853983959565	0.928593142144826
0.246607180424701	0.0918471184805148
0.381939954112183	0.0885630978825824
-1.41258048711295	0.392583212481328
-0.693463827636862	0.254796091501373
1.65494252092978	0.627760779975998
-0.396301670042704	0.12716144748305
0.431075561350208	0.125077759967491
1.30818851542872	0.578982775039473
2.58246518877188	0.954808913265067
2.01316604350963	0.917368522828072
1.15497990448255	0.354392783816625
-0.0390092315591206	0.0105214493978848
0.921461426450812	0.332262270675132
1.42487439025478	0.790605833928822
-0.326086336851824	0.0802709064148997
2.57551660914786	0.96051052751055
0.381939954112183	0.0885630978825824
-0.334637994522283	0.0823107846793868
0.942039636076362	0.344206436287347
1.62122478406078	0.812213201024747
1.80577814402211	0.579897169515412
1.81275735644485	0.578334100363068
-1.09850972369465	0.495023964263802
2.5847753763123	0.951434056294316
1.31392432900697	0.573981450775339
-0.800920844225984	0.236493729089377
0.437688456191057	0.125580008034337
3.73252041030034	2.01562686262797
2.01036789923916	0.896991825646934
0.815726368693201	0.373408398088987
1.65664791667999	0.627065647997308
3.97417678633059	2.33916593813363
-0.32103307202361	0.079007025149334
-1.2364401433092	0.581891215311066
0.495085852210081	0.193462793382431
0.94378479794137	0.345154379632816
1.31272008109077	0.790103851433849
0.459930977582697	0.157383456693987
3.72719788451597	1.98803617077715
-0.0224803639255798	0.00667019887072759
1.31248227200543	0.566315056199414
0.381939954112183	0.0885630978825824
0.801041358084305	0.373815873216068
-0.386805833561759	0.124365076639947
0.824138594088219	0.366444776198535
2.01853983959565	0.928593142144826
0.466303499512406	0.156344756611226
-2.11457542201993	0.632270703085136
1.31704500353289	0.574153621318026
0.950556392128097	0.343735514019762
0.864078137506154	0.354248468921601
-0.0418805318080997	0.0112361923080978
0.347581855505157	0.149308421493687
-0.021472760417631	0.00646265874018739
3.74323155302746	1.98463369420543
1.86930645347479	1.06434018995674
0.938062948222777	0.340428430013029
2.02091505785162	0.912255878143907
3.7381967022267	1.97829622589877
-0.0194418509515638	0.00592241143405884
0.442996854676574	0.125574990238646
1.63714305419071	0.61689256725706
1.31947872816854	0.58154081144167
1.64715243246245	0.638228599311507
0.44515396789369	0.128009718182639
1.15525449123484	0.556821499712129
1.60068560633126	0.795608038279715
-1.41861533435082	0.392208760255697
0.517002458096845	0.201350540844714
1.99814205790989	0.889251788641863
1.16884117434582	0.556030447511478
2.01616843045719	0.916690493912292
2.003439064311	0.904317302889556
2.58246518877188	0.954808913265067
-1.16813538595839	0.397245421956287
0.386804340501861	0.0890870371925953
1.64975399817589	0.626066684434427
3.4440161917238	1.64474585229139
1.14995929943828	0.359644120216764
1.8803736236464	1.07511913768525
0.478831109466061	0.163927156744994
1.64715243246245	0.638228599311507
1.14969984760416	0.357649385936917
3.07653005489351	1.29030396946406
2.31644400799118	1.19464091523016
0.140658944590514	0.0556145907609914
2.77758194781341	1.76550976278697
0.94070627902179	0.347797326422389
3.99193889814941	2.2835522443539
-0.0398498714794004	0.010644008571733
0.84916995159376	0.352466211956781
-0.0409069494505557	0.0107492437337842
0.442856347300599	0.127861063358963
1.30266856875786	0.569776086271543
2.01853983959565	0.928593142144826
-0.0288626870649497	0.00820000466987386
0.381939954112183	0.0885630978825824
2.01853983959565	0.928593142144826
1.15956929141115	0.353848797342269
-0.0449649855621062	0.0118575605665375
3.07625684166309	1.31471095169835
0.932992903648687	0.343213802779003
1.15197220708405	0.359022029649851
2.02091505785162	0.912255878143907
4.2112641320531	2.54497664346576
-2.60241060369975	0.854963479137724
0.445346987709576	0.12757256264033
0.128929522368958	0.0410775743001175
-0.380887389973227	0.121921418821155
2.003439064311	0.904317302889556
0.385075707641674	0.0886838975959519
2.3109262473615	1.19487152641038
0.426944013429163	0.121439069846579
3.07394835948079	1.31896016410163
1.39836380545484	0.769902911650217
2.5778136971617	0.957067152435729
3.44891088252907	1.65655944931031
0.484441967858216	0.165686129366764
-2.13371397678132	0.633029387849393
1.62906659344336	0.80204511713467
-0.333395733905057	0.081478310496245
-1.41151445005737	0.392781075624489
3.73252041030034	2.01562686262797
0.442455353988481	0.128578622840416
0.385075707641674	0.0886838975959519
0.381939954112183	0.0885630978825824
1.63088677759272	0.623536989564542
0.512921388074742	0.194655813924372
0.450357276379642	0.128882961127995
-0.157963160342476	0.0603384138919278
2.01573707045514	0.907722729493127
0.535526087747063	0.239869290867017
1.07839680095752	0.582870474293946
3.71988182378166	1.95663455009405
1.32243584381143	0.798376254895767
0.854269149530363	0.47488271333568
0.549571401964572	0.245404002053394
0.292167166242401	0.136452011167352
3.44572997674484	1.64515659806724
1.06810120743835	0.574057047008921
2.31758464717512	1.17823157352
2.08280426876134	1.34007772150229
2.30302010441829	1.19630270244243
2.3109262473615	1.19487152641038
2.01744705198217	0.908376275722839
0.859152002739183	0.353649040812554
1.61341950195876	0.812934174888886
1.15438670748653	0.558611370466484
1.81256361946551	0.57834251056048
2.28972052853184	1.15718217062454
0.839309718696575	0.347130765241293
1.63327264509056	0.99533243262082
2.30302010441829	1.19630270244243
0.840075921644172	0.350235500359094
1.41213954724832	0.775923213353165
1.81256361946551	0.57834251056048
0.812929528077513	0.362326790525573
0.917527892845812	0.32762076209919
2.06310223224488	1.57482661478938
1.32133954373964	0.790880274338249
0.034572604766091	0.011539530582
1.14359097696905	0.354465121810182
1.64030841542017	0.628865334977506
1.65418185081061	0.624026267228839
1.15727261407567	0.35899800278529
2.01853983959565	0.928593142144826
1.65494252092978	0.627760779975998
2.05168429231484	1.55424739038077
2.01887032465644	0.912360476103855
3.07394835948079	1.31896016410163
3.98506013393121	2.3321657640001
1.14995929943828	0.359644120216764
3.72686972326692	1.95663938703862
1.64172189544531	0.619150292228001
-0.326086336851824	0.0802709064148997
-0.132243384045739	0.0446408354007194
-0.658114804033006	0.241070630945361
3.44340697884079	1.64697714754139
2.31987892957447	1.1597336745959
3.06919540525571	1.3027545160526
1.64745365950878	0.637896288405134
2.55829377283035	1.45580784014341
2.58038123981332	1.47571362614302
2.58453692416693	0.9378225742295
1.64001387550127	0.631392365244923
3.07653005489351	1.29030396946406
-0.326086336851824	0.0802709064148997
-1.41151445005737	0.392781075624489
2.30266841014004	1.19642351923203
0.847552088742419	0.350451375075466
0.109553831034966	0.0353281207927758
0.389091380780796	0.0893837858796829
3.42908906027034	1.63600040380876
0.435796705805032	0.126031508905256
3.07598371730536	1.29177815049463
0.505675260999043	0.1985848341501
0.843312125050286	0.350436459033435
1.9941534946851	0.892604853591944
1.14629012217799	0.550843411847862
-3.2317279398944	1.29267978140064
0.381939954112183	0.0885630978825824
1.80577814402211	0.579897169515412
0.469981724433238	0.159429371121851
3.44891088252907	1.65655944931031
1.61803322730635	0.812342767477625
0.805812729083578	0.368851760704696
2.57551660914786	0.96051052751055
3.07191541302791	1.30060988602716
0.0194455020696942	0.00656036523867664
-0.328306601286335	0.0815148772018528
2.5778136971617	0.957067152435729
0.934244469311174	0.34273476266917
1.80577814402211	0.579897169515412
0.381939954112183	0.0885630978825824
-0.806209579875503	0.240319387510702
2.01887032465644	0.912360476103855
3.07926967573396	1.29774028538104
0.938062948222777	0.340428430013029
1.86785053604752	1.05244633258449
-1.15141971647202	0.395208639743188
2.00150906992668	0.90586930039781
0.381939954112183	0.0885630978825824
0.123533563351259	0.0399590363048431
-0.887978252803709	0.364690752517914
0.237394742654637	0.0887811075321845
1.64945193411495	0.636815169113368
1.16951513015756	0.56250310313533
0.559045609793366	0.249057877832064
0.941688298195015	0.596466470965246
2.10016227503645	1.86267804094522
3.51045392025685	2.98874099662374
1.43348284352007	0.790208312721337
1.31185224408202	0.573723422401825
4.55064776424605	3.29323803988734
2.23807647665658	1.83947338077683
0.619871579296826	0.30249073026744
3.07926967573396	1.29774028538104
1.34912270870441	0.798075923444181
3.98506013393121	2.3321657640001
2.01113205441839	0.917539301536541
4.8730371271614	3.95838938135391
2.57218773707115	1.48893973872411
2.250075720845	1.86205860365385
2.30569642529185	1.19156303729253
0.948875245579521	0.342255962349792
1.64515726384629	0.629666678633393
2.31675587637199	1.18102934191751
1.31185224408202	0.573723422401825
3.74766454481472	1.97844083639306
2.54740906702345	1.47615073859668
2.02632123894676	0.915777749502837
-0.0449649855621062	0.0118575605665375
1.81256361946551	0.57834251056048
2.51205253598526	1.87244675063692
2.02124639331569	0.891346911824434
0.862772385731621	0.356894609403813
2.02393635884699	0.919757114084648
-1.43315273272459	0.552735525011202
0.857078629905223	0.481970416602285
0.452334479714931	0.153496776198341
2.57551660914786	0.96051052751055
3.73049001185693	1.98987141609617
0.850911787379618	0.347942701856789
2.42435543846116	2.52149860186149
1.32296820533309	0.567462255942279
1.16031583962182	0.558155361776749
1.31580694910012	0.577645369801217
2.57551660914786	0.96051052751055
0.943456416021064	0.345278425930188
3.44542467887705	1.60699747927669
3.08158902571449	1.29153111501543
1.61629774882858	0.8106208547367
2.29225923542673	1.57852209698208
3.9697565437118	2.2754313461342
0.122908138887359	0.0390918509083662
1.65725719273459	0.612982129384369
-0.0318907411278532	0.00898739411486295
0.942039636076362	0.344206436287347
-0.71960770630799	0.318861296019885
2.00183784492713	0.905539797049623
2.31377739528582	1.60521976723737
1.87274862972721	1.0604746684869
1.16050144537344	0.542146259307198
1.41056843836135	0.786761276349826
1.61341950195876	0.812934174888886
3.97621411812397	2.3079922179444
1.32417987428446	0.580459127084156
1.85466930680868	1.02550756778047
4.38778464750062	2.97590268181663
3.44542467887705	1.60699747927669
1.16030158711879	0.572035362449104
2.09258692208882	1.33185856065471
3.44371153517053	1.67619063326831
0.122111861059233	0.0384702472341683
1.64975399817589	0.626066684434427
1.08081939071997	0.635651143810167
2.24287350954191	2.15125959053481
1.63489476929393	0.621404558242662
0.314384734007006	0.145229530085867
-0.364398682876857	0.138132547495532
-0.156028617171119	0.0531380655030706
1.14935489730769	0.555128655524875
1.9201487036995	2.00698998332335
2.07730671286221	1.30254936222466
0.389091380780796	0.0893837858796829
0.938387366171497	0.340308443060998
0.139860356771054	0.042899213399872
1.09166805397245	0.561798262300863
-0.0275616124359281	0.00792257020973791
-2.12234123160274	0.637594722384862
2.78510716474827	1.7915886071351
0.381939954112183	0.0885630978825824
1.05573883851192	0.610254545632157
1.30851591805641	0.773361582605989
0.824692539626325	0.418244608133679
0.471165733369126	0.160581735569019
0.932992903648687	0.343213802779003
0.618573017372715	0.311945439037987
-0.026853185526583	0.00771779362285273
0.445346987709576	0.12757256264033
4.39197645870277	2.94590976696054
1.07389043605823	0.61724216516057
3.97756573866962	2.30667897883758
1.34610602770597	0.801187950916758
2.31674962035582	1.60907861104057
1.1467471173858	0.556162704604856
1.89648119176893	1.5163482319333
2.24253158434496	1.82012244524066
2.04708603441971	1.53392066451329
2.5847753763123	0.951434056294316
1.85826703694834	1.26133533330266
3.98200822752626	2.33564603127287
1.65849364778874	1.03757176453183
0.94378479794137	0.345154379632816
0.849026020870343	0.350075806650686
1.52609757223268	1.01801130682569
3.16419922508015	3.18783365272825
1.61024647690014	0.770185882198231
3.800707769495	3.71708144544394
1.1007166890857	0.692876692447324
2.84446577553805	2.51353548648562
1.64454731933082	1.42992415735103
2.78090623769772	1.73776947598698
1.65664791667999	0.627065647997308
3.06919540525571	1.3027545160526
0.437688456191057	0.125580008034337
2.78510716474827	1.7915886071351
1.64715243246245	0.638228599311507
4.39197645870277	2.94590976696054
3.06919540525571	1.3027545160526
2.09216242689288	1.32644354637173
1.53035359910982	1.03313370833138
0.450357276379642	0.128882961127995
2.83123998225574	2.50973806725908
2.99739992579798	2.06708280027766
3.50080489245391	3.03944657611454
1.09175399160468	0.63489960959152
-0.160534967007403	0.0616734468521885
0.505626594132621	0.200065067276513
1.61608917870363	0.818418634265718
0.836695397279155	0.351729623975091
0.12193247700894	0.038936471699858
1.63216729459535	0.618689664722546
0.436097412031641	0.126050626741564
4.73485439747794	3.60945166343046
1.42162477271202	0.767330770580764
2.31263807543784	1.19696621950212
3.99743692829853	2.28959645783844
1.15440288282899	0.570387296916283
4.19432143450658	2.65657542580077
1.08961180534755	0.581555901248114
1.15183329517599	0.556162460810786
1.07889258552853	0.564295815498416
1.91189166752462	1.53821402906786
1.09444687189416	0.584290965250221
0.825770218250364	0.383824373663186
1.65011564094709	1.03925677674635
1.32209202645759	0.573000380323749
1.8803736236464	1.07511913768525
2.03002708241493	1.49315172354869
3.82509322509911	3.73180218047198
2.67678831547349	2.19510824627007
1.8576454267349	1.06630994776555
0.811502629030223	0.380543040481464
0.945831360339598	0.344958840724124
0.171057097400534	0.0684081801892143
0.772003663134172	0.475060983167948
0.249011024022007	0.0915838445301316
1.42179912920362	0.787696852133824
-0.434747992631429	0.198508274081254
3.30347959009224	2.60285453899353
1.42994536662476	0.788744662326503
2.69405776156388	2.20105378781351
1.29914103498849	0.567225566812417
2.78391881320785	1.7713584790422
2.0236041875055	0.905052726321037
1.3135712102727	0.56529479795381
0.833804099856782	0.348037033827075
3.16721181941645	2.37608136031998
0.551095667544872	0.245161306568804
1.1598848451385	0.546729301688264
-0.369632402060189	0.135645396763823
2.01853983959565	0.928593142144826
0.859152002739183	0.353649040812554
4.72071463678485	3.63145789339598
1.48385726501656	1.18518531864347
2.58836176820769	2.47193876174406
1.54271105431895	1.02490256149257
0.115278364336005	0.0373594789095735
2.68037413656327	2.16503819838767
-0.663537949315469	0.244141591576344
-0.378027690602318	0.142761099790891
1.87233028073294	1.07493101587053
1.08439838094176	0.556122840708241
0.386804340501861	0.0890870371925953
-0.0342097368811425	0.00937089362924517
2.98120500369888	2.05001639115089
0.550394344783789	0.291286684885955
0.0181409941990957	0.00621479195506188
1.84659574799952	1.04246774495451
2.31608760129162	1.21400243950159
2.31021737511462	1.19601889706368
0.444854208791125	0.127991221299979
1.3043540035995	0.842173489154138
-0.156879835450095	0.0612006343010036
1.87451388971115	1.07347938949285
0.859152002739183	0.353649040812554
1.87195297784302	1.07000596743462
-0.318733942823603	0.0784860044620643
1.63727736835462	0.628591326830438
2.77458983303608	1.76233303311063
2.55801671156526	1.45043481883947
0.872091968625249	0.499174717853502
3.06919540525571	1.3027545160526
2.57066000659288	0.949369245848186
2.79774946196899	1.74809623165565
-0.0234907643938396	0.00685714721839183
2.76243699167482	1.75475715657275
2.02598821080934	0.916547038747042
3.73488371986947	1.9821477033994
1.61380032238757	0.812931003394543
1.48653564997328	1.09946753992218
1.06197352735594	0.613905070488542
1.65433493911478	0.628354033763453
2.01113205441839	0.917539301536541
2.23647385330373	1.84103824922193
3.96841487495481	2.27278275700127
0.435796705805032	0.126031508905256
0.54685177135852	0.238362439560762
2.58246518877188	0.954808913265067
2.05152591830839	1.53342418717692
3.7345529618008	1.9840170302838
2.10920918229357	1.33756423744806
0.933059712539244	0.328582090783244
4.38611029369331	2.92843519675873
3.06190782775183	1.28672322621522
2.10690466432353	1.3341014281851
0.620026106251445	0.303834486734254
1.29424891858496	0.549611801716394
0.862772385731621	0.356894609403813
1.31609223727425	0.784758013683678
1.06560214470727	0.616159473235416
2.77140610827329	1.77973211485229
3.28303608956766	3.57651215729703
1.72285120321851	1.26125737171461
2.77099113591411	1.75779269442633
1.28994875751727	0.924411006902556
1.15700129687893	0.359084261243201
2.65995781319724	2.16392864560865
2.56729897292128	1.47068740218222
2.64619203288401	2.16862152123861
2.56796160237858	1.49633400284811
0.55010004023854	0.246407230622646
0.238611787477187	0.0884779165889223
0.810645069908415	0.377721491963686
0.469714873574934	0.159093326653204
-0.3404581794267	0.0832225366533605
0.449352281882547	0.128044336772013
1.6099274271248	0.806659250510531
1.86681404865922	1.06990333714466
1.14414360644374	0.547205651311619
1.08351210992346	0.572529968907308
0.819657163267598	0.381703731552266
1.63653520145614	1.029370878241
1.64515726384629	0.629666678633393
0.450357276379642	0.128882961127995
1.30975831802149	0.781006466188529
0.437688456191057	0.125580008034337
-0.377653853770415	0.120805263960155
0.462036703243277	0.157078389130511
-0.00225207098248992	0.0000246332671671088
1.4149243254129	0.775854093311413
2.01036789923916	0.896991825646934
0.953648574223852	0.341258450306898
3.27044132533266	3.5806352991776
3.98675399205376	2.29074180934224
3.34004086528613	4.65578782019279
3.02479508822504	2.85694971451265
0.488729735331229	0.192809043157185
1.61553406980963	0.811254507951557
4.56378557476738	3.24246867615465
2.1547213947531	2.20903014314813
1.08956139786132	0.576814260923578
3.45063071627363	1.61114356741606
1.66197089209376	1.33046728230646
2.57007374578076	1.49914613888324
1.85334821647433	1.26321315436384
1.56720818409924	1.03084520191906
2.29088389173615	1.61743276051151
1.86025597352413	1.65714385029251
1.07195461624349	0.622316446427831
-1.16427443776813	0.399365136721548
1.5441703567076	1.05107965300327
2.31290995379986	1.58947613171876
1.56771546531423	1.03906370496738
0.449268991555644	0.231045496159307
1.47196581331899	1.05271643978254
1.81275735644485	0.578334100363068
1.65433493911478	0.628354033763453
2.32095296952997	1.18470375149857
2.09521206552392	1.30872397073155
-0.377967589873659	0.121478962124554
1.3106108999453	0.579073050182864
2.02665437623468	0.894794524411736
1.29681480001486	0.560835977007853
4.19085363041179	2.65560020831302
1.61251831780817	0.831223392734876
2.30266841014004	1.19642351923203
1.62480790799047	0.800947285542056
0.813778077916337	0.375118967426249
2.40368677447944	2.13772246340314
2.79653864319059	1.76335665313056
2.77182126037124	1.75712836725798
0.814362675137527	0.379554461246451
3.98711153078041	2.33565773639127
0.450357276379642	0.128882961127995
1.62547336340413	0.79000722587011
3.71955612444413	1.95697462182563
1.41872931894336	0.787812456711597
1.30266856875786	0.569776086271543
1.30653919747319	0.855096484203954
3.07394835948079	1.31896016410163
-0.153063609962455	0.0584854154181975
-0.0187823840576346	0.0057714860946153
1.86098180556382	1.06954412618467
1.08395504136945	0.585806732893634
1.07393621769042	0.555769165570436
1.59565802017416	0.773497739689997
1.87191211353778	1.06098173889791
1.76875608475016	1.6368713906784
0.892692149719929	0.556009000951261
1.53039564184473	1.02749808996776
2.97612481313838	2.81187612715758
2.29925029828771	1.60730960444538
1.63082720833853	0.99957879147966
1.40675895943564	0.774729003697479
2.09245958351054	1.31626828987914
2.29325130257144	1.59838741865874
1.42789422326923	0.788683952973249
1.78815780336247	1.70882154701668
1.87557563504824	1.05412814381887
1.86357584654975	1.06731868312244
1.64515726384629	0.629666678633393
1.16208270300144	0.560703382052091
1.61024358324003	0.810994391306939
0.842896110202194	0.431578226032955
1.62450340309976	0.804994001422891
1.5078386121424	1.09693234927348
1.85748479302116	1.28487683505721
0.44515396789369	0.128009718182639
0.497969305233068	0.196839250851521
1.331802849922	0.798383201909964
1.49919634858505	0.986539418968594
1.07240466257759	0.566011238133533
0.94378479794137	0.345154379632816
1.09575220346353	0.768627604310391
1.15701435925587	0.563277231008659
1.7534423866569	1.29283231272825
3.72484760623082	1.98748619153233
1.86272096978046	1.29878429156176
1.62373307132501	0.822214274816007
1.30943067965115	0.566502865068024
2.96611450292079	2.78232548664655
2.0944184090045	1.32606388157617
2.09028792163408	1.31324567380919
3.45327500543837	1.61835543480303
2.48833810480309	1.88732702575336
2.85299107391872	2.51538821895386
2.96759776031132	2.04907550165974
1.32191624921377	0.572374518696162
2.25719737786256	2.1676941218625
-3.45722643835723	1.46453702446525
0.486536310755296	0.163667996145275
2.29099948967505	1.59901570107257
1.28616218738096	0.834577761814495
1.91381576381195	1.58001868369909
1.65954052122911	1.02613121957778
1.61024358324003	0.810994391306939
3.3401711961693	2.70054201468134
1.61591583568806	0.823032535434358
2.29916138924008	1.62592456810548
2.09530304995478	1.31168669345686
1.65569917623482	1.02271537742649
2.97609531818726	2.05793050529693
2.56021186521006	1.47855098181491
3.44688635376406	1.62617441218239
2.06848251451027	1.29464272404756
2.55677434150955	1.47009869602302
2.54531485530651	1.45918702463599
2.0574877063341	1.26904013634736
0.627270162980339	0.3100548053651
2.01316604350963	0.917368522828072
0.803050417576697	0.372632871520673
1.80577814402211	0.579897169515412
0.502309990449695	0.199130909440101
1.64975399817589	0.626066684434427
1.31377413902868	0.779804106599018
1.43331387253877	0.784434295372784
2.55578557165008	1.47256534170951
2.56757605572457	1.4761964794174
1.90279305495925	1.54093519364973
1.64354275058959	1.01781606327869
0.470814825306987	0.160576989852627
-0.026853185526583	0.00771779362285273
3.07899560381092	1.29851017680794
1.15497990448255	0.354392783816625
1.51161625059891	0.997351462493202
1.6293916766916	0.620999763807038
2.96971112718613	2.05675505848599
0.939990685706229	0.339610739800664
3.4440161917238	1.64474585229139
3.43853636873109	1.65697509457057
3.43883926978665	1.62626264110372
3.07625684166309	1.31471095169835
1.92768374800058	1.52939684097307
1.92045375730469	1.54137334123811
2.1054168847191	1.31706866647899
2.79393383391658	1.77998616645985
0.94070627902179	0.347797326422389
2.77026534812116	1.73855396176494
1.61281788268059	0.807632704794111
2.77614369270259	1.76649910992419
2.30803961338251	1.61252528426301
2.75199314045442	1.70716154450967
1.64454424527324	1.03344399251751
0.378758799248336	0.0873510367033447
2.01540673585469	0.923787604582237
1.40359602984866	0.778369073106993
1.61290031837313	0.818448265581659
1.64002749416961	0.620755736230304
0.943078321249644	0.342123812424083
3.31460699259487	2.61439104736481
1.14834556191308	0.354625935330237
0.95125997466955	0.346753414627907
1.15929717085138	0.358391556930121
0.841814158891072	0.430718358781183
0.484789892034762	0.18572884166444
1.64454424527324	1.03344399251751
2.28825201999625	1.57743702819257
2.08704097874885	1.30693167935141
1.8673837471076	1.63028756708901
4.38987975573842	2.96961096390306
2.09161136303264	1.34591782977341
1.6612336012312	1.35249335063154
1.69951651380873	1.34953938080371
2.06647861833743	1.8425530561506
0.381939954112183	0.0885630978825824
1.29235203538511	0.926784164159734
1.15456847464751	0.556086819752274
0.847304501457715	0.346533021017891
2.09576478331769	1.31213239627246
3.48664420582498	2.99061932577278
0.452366960240156	0.129014774531037
1.39985619794861	0.766122471870048
3.71955612444413	1.95697462182563
3.99089172298893	2.2650873225994
2.50021686708743	1.85115920494
2.68319477304169	2.18261526488762
-0.793372555865882	0.233212461554592
1.26770186903102	0.839677192055183
1.88330479000938	1.2768654953796
1.30082591740755	0.811465336746076
1.14380258362296	0.545590511675069
2.73893967441372	2.81075664893188
2.82776421089848	2.51704107199038
3.98880655527552	2.26636505711523
0.437688456191057	0.125580008034337
0.476393651145087	0.16365021780216
1.14625967837475	0.553351650974492
0.450357276379642	0.128882961127995
0.825042388422176	0.424644343966885
2.07871680687591	1.28816573542179
0.951591008006717	0.341409368628177
1.86068201931467	1.05438865691141
2.3037703650711	1.57713892788058
1.2956252402704	0.54438665603116
1.92053074830233	1.53176698658347
3.29130474835902	3.60436997409902
3.97214139396321	2.31148558247758
2.01160656021423	0.90043988185378
3.12879686062171	3.1350979023972
2.31057175053643	1.21438601153779
4.72029167498923	3.55569279795695
2.79829176853072	1.75234968499278
0.809468218892722	0.371306191865476
1.32786010536419	0.5631537306585
1.88049308172362	1.27544452523497
3.27463191252322	3.46255891995867
1.64975399817589	0.626066684434427
0.548566648588914	0.240833032450096
1.81275735644485	0.578334100363068
-0.0342097368811425	0.00937089362924517
2.78077687484394	1.75859398683312
1.54992337269579	1.03859153456074
2.4850373307628	1.8903566927118
2.57305191065324	2.46642899634862
1.14131431881911	0.355152076536781
2.66484833667392	2.22401427600593
1.9242174476166	1.56358543166769
3.23007009832139	4.23296894886217
2.56231542344525	1.50156499544493
3.16378467359295	2.38647510924436
3.49635811039579	3.0483780536934
1.64127013561797	1.02225556363389
1.63055864085233	1.01527479929855
2.0134947482036	0.901527174354077
2.27714970576742	1.56994417727957
1.65494252092978	0.627760779975998
0.814277442933266	0.376614048105585
1.64134252998758	1.00606200620667
0.440994633533839	0.126907233388428
1.31149991811851	0.573872985799551
0.936614736339765	0.342415694432161
1.87818354485953	1.07266282374
-0.370613706799223	0.141686025184354
1.14629242054235	0.557593921295282
4.55685584054468	3.29498521470563
1.87409457867988	1.0547013424166
3.33510059373703	2.69955732008136
1.62139089638145	1.43348266951906
3.97925328168873	2.30998663039654
3.15857924710955	2.37176022364327
1.61494052065698	0.817580149315401
2.77716424516821	1.7882009108053
2.29699271146907	1.60298089731837
2.01336863343963	0.911680747451113
3.06689999323772	1.30696449185998
3.15182938071974	3.21881655394561
0.822213219418964	0.381498943940183
0.0317967984134248	0.01200883705139
2.69846783274847	2.17153115229632
2.10081830591266	1.33610411726724
1.86813214029159	1.28566248371572
2.5619320870104	1.48112300726901
0.84916995159376	0.352466211956781
0.856894305249755	0.353349141495498
1.74179596621393	1.28239707596098
3.32521449454551	2.66354301266562
2.26140491194985	2.14912921966127
-0.0265281782541497	0.00763985645704447
3.45327500543837	1.61835543480303
0.115027075335212	0.0370999532398839
2.32059483267966	1.19253828972351
0.238224004287189	0.0889688765259384
2.09488767136218	1.33093720039555
1.61244626717653	0.796707474657398
3.73957266722255	1.96234725257727
3.47480515917713	2.99279783102984
1.63937913125247	1.02113769574912
0.443491738948516	0.213039598591693
1.14965005629589	0.555076670006774
1.54767996356979	1.02942408728967
1.32299171637424	0.786400618829636
2.84117116635472	2.51593757471183
0.444854208791125	0.127991221299979
1.42711730576233	0.788583403197634
1.29827010836921	0.859879522884792
0.468740614511173	0.160304172406953
1.59042996919255	0.788623841285076
2.56403653148661	1.4710919407754
2.79715700784894	1.76521195559602
1.27862623168314	0.848045273598572
1.62683247785045	0.808076037101208
1.62644490041238	0.824714433122765
0.50626674581185	0.198829242151314
2.01225247399042	0.892222393938206
2.09508949631829	1.32608886538438
1.60813492294571	0.809937325392738
1.64715243246245	0.638228599311507
5.28353757484197	5.01282210013839
1.40129076319929	0.766697222768503
1.8844068751294	1.52201116051101
1.52896479995034	1.03929649129274
2.22277177804399	1.79508923990402
2.77314351622965	1.73201404957501
0.484797667092695	0.163396545300606
2.50244123076801	1.9166093171614
2.07555942210848	1.55524371758996
1.39279873485249	0.762454259622526
2.03298892070809	1.51348934630417
1.87924386521415	1.07999169089818
1.6498218116923	0.996212327433128
1.4245896091297	0.775920084594689
1.65494252092978	0.627760779975998
0.940378043901016	0.347926721823808
0.552885509613407	0.244449668477603
1.89329386358097	1.51434407833708
1.07120167991622	0.636383904540852
2.38960005711078	2.07827226152992
2.09488767136218	1.33093720039555
0.00588713968381395	0.00221765477639925
2.22997694529608	1.80934427639944
0.845415666808121	0.351404854856244
2.78468592982756	1.76190632052241
1.93159395405658	1.59596357848596
2.57757744392236	0.957433505286922
1.99113333565669	1.86897769109111
0.819657163267598	0.381703731552266
2.9950749502406	3.57737064608198
1.29545849118694	0.918936806655802
2.25123167607853	1.86328006032749
2.38286020244082	2.48384796847047
1.08623643947628	0.620895456918278
4.3761319005654	2.91999927762599
2.99003260471458	2.06269951538552
2.09561424686509	1.85795656255384
3.69075352953794	3.33967430459494
3.15692043045332	4.88312347390663
1.62122478406078	0.812213201024747
2.29033035003765	1.56503801803969
1.4370422385857	0.76683631880524
1.42284801363059	0.779438905439273
2.79940481065391	3.45798691547666
1.60646590314667	0.807117876325573
-0.399061847888034	0.128616241882316
2.31851839938804	1.20954950098339
0.857549379255043	0.574516078447742
0.848166694685093	0.353863275571942
2.30266841014004	1.19642351923203
4.72346918234017	3.62493957252558
1.31983388874284	0.572079754885801
2.30649254402134	1.57685426162186
1.30854078954356	0.578826130306538
1.66410981558163	1.02482611018562
1.13961788922573	0.806534153404954
1.15510280746455	0.558006668389131
0.113808481183932	0.0362008405806948
1.31445340143175	0.798796764017352
0.452366960240156	0.129014774531037
0.437463282999677	0.126015112770028
0.438994815557414	0.125095952267076
2.11810605544684	1.32399466933868
1.64000549784903	0.618943794636741
2.00719998838068	0.904422183456058
1.3262698133357	0.571865772170264
0.944756371967017	0.331879730870075
3.34693053748576	2.71629054517457
2.22531282293596	1.82438432992961
1.39855076952953	0.756563345564071
2.56386216526115	1.46236099038567
1.46982807561709	1.08834595313437
1.07389043605823	0.61724216516057
0.848791025992938	0.352493963638685
1.5282532108498	1.03668377689313
1.87101255009573	1.2770985467225
1.1489377486542	0.553316343682994
3.07422077314251	1.3181512074564
2.086415629004	1.30883166852143
3.13988367733953	2.33429519225071
2.02124639331569	0.891346911824434
1.16842019060423	0.559247946780206
0.830993464406083	0.345502750404931
0.468978721471379	0.158666360074115
4.376546918496	2.96675586069124
2.40329679247353	2.13579350439695
1.59042996919255	0.788623841285076
0.932235476672269	0.336463516126845
2.09428850062842	1.33133041518765
1.64030841542017	0.628865334977506
1.33724183837127	0.805195473238124
1.30334599003777	0.925772556172702
2.52524466686793	3.08288450762161
3.43753514883726	3.94247038903003
2.52247561081408	3.23773585574254
2.83324664333976	2.51448628600176
2.96615385513481	2.04489148758227
0.814889621332743	0.376313177441965
1.67488725638478	1.36873110907114
1.45959308599756	1.1124326167131
-0.796328054790059	0.236721981992156
1.48944430006164	1.10285956565394
3.74799972558349	1.96462444989917
0.838766668164251	0.557503536844443
0.221386493889583	0.0822764077855546
0.537533786663313	0.237013691719493
0.950224758531585	0.343835241606336
0.543387184815883	0.241490587004101
2.02058383053804	0.913020231521983
2.55840596422665	1.45209192454518
1.09623362055932	0.583899677259453
2.4967479045059	1.88402897701288
1.02624613712271	0.573594450142639
0.435004018193736	0.1261236136782
-0.377653853770415	0.120805263960155
2.57046039920441	1.49801167502871
2.79611193101932	1.7779184374033
2.42140282492615	2.48993467845713
2.09639683604543	1.31735219024732
1.60106689329585	0.807030039185058
1.14861788270583	0.354542163913968
2.31021737511462	1.19601889706368
-0.148496552470678	0.0506662659320605
2.31385614504856	1.58649907406263
4.55279423901393	3.27773259230945
1.3051160742284	0.864391611311708
2.66800335732138	2.21063264003197
2.04436345071167	1.51854814585303
0.95125997466955	0.346753414627907
1.64460598887186	1.32715473632689
1.29023478426994	0.927654463386451
1.60862771201588	0.804997638533045
1.29253840528332	0.550846514816341
2.98204498998291	2.87226083203858
2.04277447758049	1.5238702635826
3.3241947445637	2.65915069537719
2.05766539594274	1.56414012270184
3.62542282971871	3.2948460249683
3.93555231080378	4.13352057424018
1.996998391017	1.86821810461568
0.817291549065899	0.42164228326784
1.16250241213615	0.57131899763523
1.74707978931412	1.30662167799078
3.16670481610659	2.38467497212459
2.29122589775082	1.60319833504018
0.830811879893724	0.338796360744055
1.65067813250278	1.02404928326162
4.38717686886989	2.92853944761163
4.57901995362714	3.24473110273123
2.20243029159195	1.76513267639747
1.14995929943828	0.359644120216764
0.934573766617389	0.342610988823692
1.14996928148472	0.357563393391782
3.16479691202076	2.37395793105739
1.30266856875786	0.569776086271543
2.55054997429741	1.45784176453383
2.42770921977856	2.14170814953044
1.12619478447253	0.531338865077752
4.17577000562397	2.60797817643706
1.86909055884387	1.05809087464781
1.16470506272688	0.561920823071995
2.56768465986349	1.43854474390198
1.54156019125865	1.00191692278175
4.8791329090421	3.95694601487939
2.58286086646088	2.47849570187086
1.74261000625428	1.30677185841082
1.65645245999897	1.02495228570518
2.21291005251798	1.8077213662901
3.33100114515712	2.63179824166957
4.3903012064704	2.98044884300894
1.31392432900697	0.573981450775339
1.32787255675151	0.80743232676687
0.332701424963655	0.137995134122971
3.44371153517053	1.67619063326831
0.803355771433226	0.370188601450012
0.233200648939029	0.0858357528010988
2.76669149121823	1.73526139152412
0.821062490211312	0.42572582201411
2.086415629004	1.30883166852143
0.793023929581561	0.355315081849376
0.235902491131991	0.086687507819947
1.88298874433641	1.07299898399478
0.550629123370921	0.239869325079091
0.442960627198968	0.216442631267882
2.08146556722896	1.30937693324026
2.5778677589961	1.47938019151026
3.43622658713387	1.65895261894807
0.388856236225614	0.0893513438012124
2.30025721729872	1.58261769005312
0.552412675280356	0.245520974217397
2.01649806825886	0.916361250213578
1.29669747052123	0.56160372479477
2.02058383053804	0.913020231521983
2.99882289164828	2.04444319881395
2.12089688089648	1.3131160840912
1.6302286073714	0.800661002738607
1.15483351266699	0.564809301295307
1.06258382025321	0.558751342456499
0.85991855347236	0.346458290012234
1.61181885781329	0.969411993546661
0.13183352983593	0.0417373873245678
0.552382408737584	0.239900995873621
1.67317766511589	1.34888183034844
0.352685436633245	0.14642796367008
3.07191541302791	1.30060988602716
2.57257535044153	1.49519937857978
2.5778136971617	0.957067152435729
1.61243200036091	0.819935397731363
4.36124276340067	2.90728730663398
1.02860269426099	0.580579606912445
0.17154351074688	0.0758610957380428
2.50129583311227	1.85984644433787
2.1130093397795	1.32102937280373
2.08752548024419	1.30788678811291
0.787820989570543	0.392957645550357
2.78510716474827	1.7915886071351
1.61243200036091	0.819935397731363
0.15074077052027	0.0619265726050012
2.24027149771004	2.14428061739219
2.57469215360523	1.47033885322185
2.30685668830628	1.18939341039644
0.939990685706229	0.339610739800664
-0.0426203745364812	0.011279985869755
3.44603537524276	1.64364191375367
1.42836100508057	0.778828775066033
0.800346184897653	0.367789145534827
0.850296421945032	0.356184091751605
3.73049001185693	1.98987141609617
2.079531377443	1.2871824307213
3.98236411101984	2.28806178045914
1.86944049805218	1.25712377600775
1.31019145586118	0.578228622623603
0.916592367162469	0.329090486530562
0.835308606663643	0.339328382051496
-0.0318907411278532	0.00898739411486295
0.500658904156684	0.192904851362664
2.5778136971617	0.957067152435729
1.87535305972253	1.05317368850673
0.905623344133703	0.55139506454422
0.824590192494068	0.423085686950392
2.03721294102214	1.53015185098846
2.24655818236258	1.84973733023002
2.2566446823939	2.15484105766335
1.45638550947932	1.04217070033428
0.822379785718703	0.377786228136124
0.138102145865239	0.0437391504475944
2.66880056097766	3.13260271840513
0.808084310109329	0.374964379108528
0.941707785549036	0.339092658120352
2.30266841014004	1.19642351923203
-0.310901383531996	0.131123411253714
0.945502239418716	0.339849482937852
3.7345529618008	1.9840170302838
3.98988195073213	2.31325466312312
0.554126482836206	0.291555633178374
1.40133878569235	0.772634153956332
0.85740357906837	0.352924821051702
1.86390315174869	1.05611504934616
0.389091380780796	0.0893837858796829
2.57757744392236	0.957433505286922
1.62527248152444	0.984234360181043
-0.804636941304096	0.238276931876845
3.44340697884079	1.64697714754139
0.851291656626338	0.352980585937029
1.8576454267349	1.06630994776555
1.30943067965115	0.566502865068024
0.163931664104729	0.0658126639709728
2.30171988958787	1.19065595647389
1.8834121869547	1.06692710232058
3.72719788451597	1.98803617077715
-0.800995785218802	0.237876280195171
1.14905792652472	0.540612719178803
1.30191770917304	0.558246192538212
1.15929717085138	0.358391556930121
0.946160588335457	0.33964074022882
0.484797667092695	0.163396545300606
1.32469816957793	0.56869392912137
2.08656203048137	1.32852160727739
3.08158902571449	1.29153111501543
3.34749262084386	2.71462368934192
1.854366518451	1.26841153536943
2.003439064311	0.904317302889556
2.78595018693674	1.75966452644368
1.48433551202703	1.15659013843079
1.83373242406175	1.24955647354581
2.49153008121829	1.88447475344882
2.30479519118018	1.19268786498736
2.04951269043861	1.51712157950074
2.9785505617599	2.08424790162632
3.32465744738166	2.63099762245899
2.78294115743375	1.78765901257722
1.5908413513529	0.791956713910039
0.934244469311174	0.34273476266917
-1.1660050778183	0.403771297016287
1.06979328019821	0.634060130484248
1.64440170754647	0.635367436399987
0.231845530087428	0.0869886000721084
1.62072142597783	0.829627764674628
2.30273570856291	1.17318471612485
-2.11793804739448	0.63135655885096
1.31149991811851	0.573872985799551
0.114537748605724	0.0372284574625642
2.31401604904763	1.19388560818143
2.32406495526899	1.20040695768785
1.30165119110891	0.559112811924567
2.28818336486286	1.16170385811228
0.327248349073942	0.159206192789626
3.73990509096128	2.00551060758524
2.55878804979715	1.47897301748038
1.14995929943828	0.359644120216764
1.31025783309965	0.570150073146488
-0.896871348745044	0.357660012680822
3.43853636873109	1.65697509457057
0.93628469764127	0.337326267145544
0.843468501514109	0.346336074922184
1.64715243246245	0.638228599311507
1.61910332591034	0.810617041018432
2.54652758987736	1.45605578890893
1.62450340309976	0.804994001422891
0.461616103100794	0.158332835591707
3.99229841775263	2.26180360424411
2.01820946220312	0.913449531834958
1.30854078954356	0.578826130306538
3.72484760623082	1.98748619153233
4.19921678455742	2.63995082292234
2.31299336831842	1.19592723591125
1.86649647708863	1.0706962245746
2.97518769851199	2.02596633287181
0.943456416021064	0.345278425930188
1.09573012271879	0.584183709734036
1.73850674940139	1.28615405906037
0.94070627902179	0.347797326422389
3.44169544984981	1.65349226807068
0.93068357977678	0.329228324582842
1.6590955234839	1.29478075137016
1.15197220708405	0.359022029649851
3.72719788451597	1.98803617077715
1.87818354485953	1.07266282374
3.73549595926684	1.97830280590037
2.58077221926498	1.47419068333273
1.40619400722811	0.77503279518525
1.64211026823538	1.03519625487077
1.15727261407567	0.35899800278529
0.440994633533839	0.126907233388428
0.938062948222777	0.340428430013029
2.00578852996833	0.903803680087074
0.0995155650015166	0.0321349072621443
0.847924699560602	0.356090909941725
1.14996928148472	0.357563393391782
0.939330850052488	0.336036186330138
0.44515396789369	0.128009718182639
-0.0398498714794004	0.010644008571733
1.65664791667999	0.627065647997308
2.02124639331569	0.891346911824434
0.186242158600286	0.0750665798623045
1.30060862216191	0.569542795047425
-0.140431317957399	0.0479671428545671
3.98236411101984	2.28806178045914
1.14969984760416	0.357649385936917
1.30266856875786	0.569776086271543
0.467192541106162	0.1613997080241
1.618211767573	0.832082432091986
3.9589866728836	2.26525799100251
1.31912368943691	0.572635205782319
1.15727261407567	0.35899800278529
0.938062948222777	0.340428430013029
-2.59746896280767	0.856847653258548
0.388856236225614	0.0893513438012124
1.65463867976799	0.638533140878497
0.518124094115029	0.200033639762776
3.07926967573396	1.29774028538104
0.378758799248336	0.0873510367033447
3.42397981700002	1.60913005792329
0.440247518617901	0.124766169889262
1.80577814402211	0.579897169515412
1.14995929943828	0.359644120216764
-2.58792662580816	0.864420955691165
-0.379416390538574	0.147298134690039
-0.0218211847619584	0.00651731127597014
1.65494252092978	0.627760779975998
3.07394835948079	1.31896016410163
4.58166882376159	3.23580193106196
2.49814416472158	1.92087204782718
3.73285043233658	1.98116726691183
1.64176938163975	1.03430661719322
3.44139163272599	1.65421730138556
1.16512610915011	0.56433101113941
-0.321604433072644	0.135318285825057
1.64699764467914	0.623313109655108
2.29874720817747	1.58387455504831
4.38424591088143	2.96246337804809
2.06337657050641	1.82586947908552
0.849913518246919	0.353379547196403
1.99948365898762	0.894173589477728
0.834694298249852	0.342126262484039
1.54663200483707	1.05554768562983
2.01667493821378	0.904658915251568
1.31392432900697	0.573981450775339
4.36887927203214	2.95513897807749
1.64745365950878	0.637896288405134
0.452366960240156	0.129014774531037
3.0810393590457	1.29300842323713
4.181248040751	2.62116383248772
0.689067696373738	0.380534736475454
4.20024921495748	2.60538612108495
1.55112435318181	1.01375889246479
1.84873799145836	1.03223818614052
3.7345529618008	1.9840170302838
3.07191541302791	1.30060988602716
0.848312147121465	0.350237164880564
1.73639336092138	1.29798351879568
3.07394835948079	1.31896016410163
0.433805550955191	0.125899356402515
2.55878804979715	1.47897301748038
3.07625684166309	1.31471095169835
0.433805550955191	0.125899356402515
1.30612124828286	0.571426383853241
0.459930977582697	0.157383456693987
-0.0360780165374078	0.00990291792495191
1.85516888524963	1.06362538717321
1.61199712290166	0.787001496661785
2.05527623066204	1.57747552324541
3.9717892151763	2.31140447614342
1.15700129687893	0.359084261243201
0.95088813430111	0.336680885950579
4.17818736306159	2.57656582897955
2.56442081734112	1.49863630620331
3.72517503969138	1.98713699848761
2.31887573126939	1.18359931319103
3.98916489636801	2.31773613701183
0.226869702561217	0.0841507958730245
1.07289586814004	0.566267385581337
2.06620850198732	1.2888728699463
4.38424591088143	2.96246337804809
0.842195038400409	0.350750149099873
3.47558773342107	2.96890579381452
2.7703574789971	1.76089251568796
0.468389954255068	0.156641470617017
2.02091505785162	0.912255878143907
1.39709902864501	0.754596811117064
-1.41861533435082	0.392208760255697
2.02058383053804	0.913020231521983
2.00923609517584	0.916358594417167
1.81275735644485	0.578334100363068
1.3135712102727	0.56529479795381
2.01810931344505	0.886922147273673
-0.382630588333504	0.122511861567354
-2.12234123160274	0.637594722384862
0.923720365901135	0.336533627959515
1.61654665935163	0.797754139384406
-0.798689244210115	0.236974923937834
0.594543380754893	0.291050449346006
-0.17561488437353	0.0596661041262453
0.162652133593139	0.0722279858323257
0.0126263231946521	0.0049305400271372
2.83969742079515	2.55478241741076
1.83739667425419	1.64017047827726
2.79133327449026	1.78556725644158
2.57733663894676	1.46589413942338
2.50055582166422	1.89551471960109
1.143393144085	0.545525079251933
1.73503320748981	1.26369504581738
1.61553406980963	0.811254507951557
1.05108097600238	0.605122601182642
-1.41151445005737	0.392781075624489
0.441718514429049	0.210403394671725
-0.154595421437084	0.0520451519559878
1.62319800940964	0.98054870370248
-0.165917243555585	0.0646542312760473
0.165473695848523	0.066292392170138
1.64320932705392	1.0164162382932
1.03751763232787	0.595464982785388
2.78812022005281	1.77866058288672
0.83177949081203	0.376815750776191
2.04322190613842	1.77844806624188
0.616403933487316	0.304854677192496
0.830869484478511	0.379997876232409
0.234462162305732	0.0878101309682754
-1.42961553507968	0.544826870455008
2.56859261221053	1.45123345073409
2.09153913884022	1.3165651497165
1.14332032705855	0.354549436983091
1.30612124828286	0.571426383853241
2.5648052520912	1.49748988372418
2.67893909108818	2.19121923390195
1.86101432594023	1.26380078367261
0.936614736339765	0.342415694432161
-0.331111102557543	0.0810768152152729
0.941412837282011	0.340660708964588
1.6612835728616	1.34839646582255
0.945831360339598	0.344958840724124
0.514148803599278	0.202045931617421
0.0274289968311744	0.0102183113288219
1.59858048712892	0.80598383827332
0.440163025510079	0.128436134724386
1.33875565463746	0.783864910259233
2.31851839938804	1.20954950098339
3.07926967573396	1.29774028538104
3.45063071627363	1.61114356741606
3.73488371986947	1.9821477033994
3.74323155302746	1.98463369420543
0.558510586827336	0.244887320854733
2.9785505617599	2.08424790162632
1.08593494913071	0.673454011268919
4.98359787393434	4.24553272495458
3.79835730840264	3.74230929664158
2.31159184335545	1.17150222099997
2.67472618313849	2.22484030737423
4.39343063777523	2.95940935239316
2.08280426876134	1.34007772150229
5.05250349056918	4.22277025481279
1.99814205790989	0.889251788641863
3.26524187537779	3.53091667567143
1.41792069564217	0.795768315261856
0.437688456191057	0.125580008034337
-0.372786227012017	0.142918396958764
0.477312760694937	0.186021440553333
1.64975399817589	0.626066684434427
2.27403645350124	1.57928329651848
2.5850139056114	0.9375104362967
0.833365580956097	0.340011376876358
1.14995929943828	0.359644120216764
0.856639233045946	0.353138579021108
0.845415666808121	0.351404854856244
0.389091380780796	0.0893837858796829
2.97257244087943	2.07403756175957
0.938387366171497	0.340308443060998
1.47712289400095	1.09155727754561
2.99977493195506	2.78472574975771
1.88560815650232	1.05555318177013
0.851533307373167	0.356243754739349
2.80456774408443	1.75143766236567
3.44139163272599	1.65421730138556
2.49612481623021	1.89433427250981
2.50412981336834	1.897711529798
2.5847753763123	0.951434056294316
1.09338500451427	0.575978246213385
3.99229841775263	2.26180360424411
2.06348684173562	1.80884857820709
0.131450901026321	0.0421956349352187
3.07394835948079	1.31896016410163
1.31788572380749	0.565820294103945
0.525589440895573	0.201833878076155
1.08492876340538	0.555713461252117
0.427576880420163	0.123842706131724
2.99189594419831	2.04187712858304
1.41267299402128	0.753200309490267
3.98200822752626	2.33564603127287
1.30341332162142	0.775981853630994
1.65463867976799	0.638533140878497
2.28578961121646	1.16085664090864
2.78651492561384	1.75214876686772
2.56452477760872	1.48771959875872
2.30001802335968	1.60358943246256
0.833996061868916	0.344121202764804
1.64757050248653	0.616029108102346
1.39015391172221	0.753138749124434
0.719892199123085	0.395296064554699
1.60722534812274	0.806482076002563
1.64715243246245	0.638228599311507
2.02804230441003	0.896378789519782
1.17519764212167	0.54780461706859
1.6095493019389	0.815376215401802
0.832120699636488	0.379289657684258
0.943742649585856	0.338487113702478
1.31513719670741	0.568834084418898
1.3157654410896	0.574064043173271
3.73049001185693	1.98987141609617
1.63489476929393	0.621404558242662
3.98506013393121	2.3321657640001
2.57231084266854	1.47535006805394
-0.341811192363097	0.0827452652748743
-2.94009917255636	1.06357285148769
-2.59403623540671	0.862321687590532
-2.6058742381228	0.864133359977702
4.19432143450658	2.65657542580077
-0.384364921061612	0.124864438939779
4.55156426184271	3.24256267814763
1.65433493911478	0.628354033763453
3.73252041030034	2.01562686262797
1.9171984237874	1.53497344241237
1.8639066104761	1.05817719259993
0.796401567404193	0.361701511804689
1.64001387550127	0.631392365244923
0.466548086024478	0.159679671801702
0.925921868307251	0.335584544705645
-0.319004015513152	0.078546017662404
0.447649743178098	0.129451169297451
0.84916995159376	0.352466211956781
2.56585130568685	1.47015701926702
1.64230005514351	0.629994079538676
-0.32103307202361	0.079007025149334
0.435796705805032	0.126031508905256
0.449956490366664	0.128136304667589
4.20853572048127	2.5886812660912
0.484797667092695	0.163396545300606
0.440247518617901	0.124766169889262
1.09239054536761	0.58597894268618
1.31947872816854	0.58154081144167
3.07625684166309	1.31471095169835
1.60962322805908	0.791571069740851
0.953648574223852	0.341258450306898
2.02025271131488	0.893223853886869
3.44139163272599	1.65421730138556
1.3326874155176	0.804689121014493
1.61629774882858	0.8106208547367
1.65290264190884	1.03843364813681
0.85991855347236	0.346458290012234
0.525246491749693	0.22862377081138
0.948171556452984	0.349388848464886
1.33031181009735	0.55000734747396
1.31912368943691	0.572635205782319
2.30302010441829	1.19630270244243
2.28239826712305	1.57743788136167
3.73016083045583	1.99020875135088
2.09769253031624	1.88408553574263
2.3109262473615	1.19487152641038
-0.0444539814381336	0.0119045916507196
2.79319098746424	1.7535580640454
1.86421523495402	1.05123479131179
0.639115445810364	0.311168564132376
1.62906659344336	0.80204511713467
2.76352103111753	1.75012145464247
0.836809689085791	0.346638906555122
3.97996309256972	2.30819692162536
1.3173992433676	0.574009779693994
-1.1698340856942	0.401038649080332
0.547811576804223	0.241120280844262
3.43853636873109	1.65697509457057
2.30851835312729	1.58557003428643
0.852819056325205	0.355475784989805
2.57180027463651	1.45761584927976
0.924635865825665	0.33105713336917
-0.800920844225984	0.236493729089377
1.3165170447775	0.577068890321654
1.15727261407567	0.35899800278529
3.4535830329024	1.6064509780884
2.56702384349089	1.48939139580466
1.65695250422108	0.626785212871931
1.85593495017584	1.0404183108629
0.442455353988481	0.128578622840416
3.73990509096128	2.00551060758524
2.56098365307588	1.48997693829259
4.3882049509002	2.97421694181317
1.41669880876907	0.786380838657698
0.444854208791125	0.127991221299979
1.14995929943828	0.359644120216764
1.65263184144526	0.630012728055625
1.30943067965115	0.566502865068024
3.44139163272599	1.65421730138556
-0.403975423630403	0.129031954880859
0.852810189987461	0.353694042596512
3.7345529618008	1.9840170302838
1.15727261407567	0.35899800278529
-0.798339580557216	0.237512976825991
0.430325447807246	0.124665397522017
0.949205425894075	0.342140036316259
-1.43280120331209	0.552488700743599
3.97621411812397	2.3079922179444
3.43883926978665	1.62626264110372
1.14995929943828	0.359644120216764
0.381939954112183	0.0885630978825824
-1.16096363094197	0.401944501379568
-0.37442758009302	0.118667129552938
0.450357276379642	0.128882961127995
1.7367373724674	1.30242884640778
1.14496257201798	0.35509824568904
0.904314191134795	0.568597145241749
1.15923100530663	0.554980397083575
0.452366960240156	0.129014774531037
3.07899560381092	1.29851017680794
0.506136383254552	0.198399599233564
1.15929717085138	0.358391556930121
-0.0333682518872536	0.0093030242749044
1.64200058293244	0.630315938547516
0.126553618896463	0.0402694815143621
2.0134947482036	0.901527174354077
-0.140069871093073	0.0540036824852624
1.13632149957436	0.350693702520287
1.30811630597354	0.570719315214867
0.811502629030223	0.380543040481464
0.380803655273878	0.0876138298096458
1.81275735644485	0.578334100363068
1.86566554445842	1.0691042670157
2.57757744392236	0.957433505286922
1.15701051518738	0.357024714890045
0.239543121545688	0.0868426492754593
1.15961926541019	0.567575418211296
0.859152002739183	0.353649040812554
-2.94269249920511	1.07887837307104
1.63088677759272	0.623536989564542
1.64914996960997	0.626657759006669
2.01734296661414	0.883438419325631
1.63489476929393	0.621404558242662
0.850437708554883	0.351228590556478
0.936066970782149	0.340641495091394
4.56209212345806	3.26117963999808
0.452366960240156	0.129014774531037
1.14332032705855	0.354549436983091
1.60347032586404	0.802848893078291
3.49617094778549	2.98645747903819
1.6291975426807	0.999195771734223
2.77741277359286	1.74871357249702
-0.0357454376847874	0.00976622940795512
0.437688456191057	0.125580008034337
1.15197220708405	0.359022029649851
3.43823356696493	1.62843601559653
0.388856236225614	0.0893513438012124
0.444634643362573	0.127016926089113
0.387357416083663	0.0889793030361124
0.459731243071328	0.155819424860174
2.00546242502354	0.904131435092317
3.98334232709371	2.24433981298606
1.1590251393429	0.353864364305867
1.81275735644485	0.578334100363068
2.5595526635351	1.44971462628632
3.98165246654708	2.33759141154984
1.14633839392253	0.560201575621088
0.315324151896032	0.130951516605503
1.85810109112729	1.05237460155735
1.1408228428578	0.550280813686211
0.486179927024554	0.160654944222246
0.130186159774809	0.0415218847979018
0.135581285419868	0.0426194446252775
1.15036248959935	0.349527434081939
-2.58575103484108	0.851921364801337
-0.331111102557543	0.0810768152152729
0.453438979146362	0.152675045937396
-1.41258048711295	0.392583212481328
1.14270422844595	0.353753757992918
0.375148585660825	0.0867251084402434
1.32469816957793	0.56869392912137
1.86013908077209	1.06647630909986
1.43331387253877	0.784434295372784
0.34028182544169	0.145002802267612
1.3967278958832	0.771338658079497
-0.0288626870649497	0.00820000466987386
-0.3926894370382	0.149974674341956
2.5778136971617	0.957067152435729
1.64745365950878	0.637896288405134
1.31513719670741	0.568834084418898
4.54850278775973	3.28579104366787
1.31983388874284	0.572079754885801
0.468740614511173	0.160304172406953
0.473477319500604	0.164308696666005
2.57057974027307	1.44911653714254
4.19393829070921	2.62262304806424
1.70000875795816	1.35844572904701
3.14892242424776	2.33702390518883
2.09868017760688	1.32987506085859
1.65443107554221	1.00026990952184
-0.0391395322654192	0.0106916023514308
0.462205290552163	0.159480032978756
0.450357276379642	0.128882961127995
0.854768877363549	0.484097643744862
1.27446312423653	0.846814408975366
1.06485174120175	0.560300764431858
0.484797667092695	0.163396545300606
1.81045946197748	0.578570674290805
1.62829510724406	1.00428209295421
2.9641932029952	2.04565723487888
3.73016083045583	1.99020875135088
2.57757744392236	0.957433505286922
0.850295792145554	0.358635176544262
4.37965280105572	2.937958782602
2.01887032465644	0.912360476103855
1.33600523030346	0.803915554386713
0.828548970931037	0.383647888150369
0.138102145865239	0.0437391504475944
1.62199290564277	0.811592032295457
2.32859544255231	1.17330910144145
1.54958473108912	1.02395771738976
1.62199290564277	0.811592032295457
1.80577814402211	0.579897169515412
1.31291611478354	0.778060878867962
0.943456416021064	0.345278425930188
1.80577814402211	0.579897169515412
1.470496617141	1.17755356670972
1.53239372622182	1.04384618951906
0.509365675281412	0.195566139651097
-0.15224709352767	0.0520240776307377
0.802752794942182	0.412344758598916
0.839944740781573	0.348092956656499
-0.389827945380013	0.124966303174743
1.15224186187344	0.358935209934184
1.64715243246245	0.638228599311507
1.61519142991207	0.802802456798736
0.794440274444538	0.36487079548786
-2.11457542201993	0.632270703085136
-0.399609577232682	0.125786499533744
-0.802627058429818	0.237488014708874
0.440163025510079	0.128436134724386
0.388856236225614	0.0893513438012124
1.86649647708863	1.0706962245746
0.440853636624332	0.124859142052462
1.87521464350019	1.0567722315545
-0.331111102557543	0.0810768152152729
0.476746483570221	0.163653018885719
3.9765679923611	2.3060975503741
1.81256361946551	0.57834251056048
0.373898439728092	0.0868259292003649
1.64914996960997	0.626657759006669
-1.15916830230631	0.400381516841368
0.948502442595783	0.343903809983503
-2.11625496161792	0.64084087948516
0.380803655273878	0.0876138298096458
3.06689999323772	1.30696449185998
1.99858482013502	0.903611930187647
3.74938172502484	1.92174354987649
1.15125951807553	0.54172164662488
0.450055740208048	0.128864448965258
1.15727261407567	0.35899800278529
3.42908906027034	1.63600040380876
3.07653005489351	1.29030396946406
2.02598821080934	0.916547038747042
1.14332032705855	0.354549436983091
2.57757744392236	0.957433505286922
-0.0303003282829474	0.00852825225991697
1.62577152737221	0.613761115896957
1.62969290549516	0.620685538228065
1.60986402059743	0.799542692735495
0.381039818852264	0.0876463229858444
1.81045946197748	0.578570674290805
1.30632704810879	0.564725666890711
3.98916489636801	2.31773613701183
1.15497990448255	0.354392783816625
-2.11793804739448	0.63135655885096
1.14496257201798	0.35509824568904
1.81275735644485	0.578334100363068
0.45748705446365	0.156861144440292
0.389091380780796	0.0893837858796829
1.12889394771594	0.5363025870623
0.468621981339156	0.160893246093263
-2.11457542201993	0.632270703085136
-0.34328080823096	0.0826394888061287
1.65664791667999	0.627065647997308
1.06349226414811	0.560691024751784
-0.806209579875503	0.240319387510702
0.469626836713354	0.161679512601753
0.111683662022681	0.0364039068986455
0.440163025510079	0.128436134724386
0.816978199762131	0.379281649219134
-0.80771409352105	0.23856018920677
1.86351046175666	1.28321224197695
1.61494052065698	0.817580149315401
0.126484193825445	0.0408319373317654
1.14332032705855	0.354549436983091
1.86909055884387	1.05809087464781
1.5251788736114	1.0210258084708
0.768501015634332	0.470815631073472
1.32959400684453	0.567092508391974
2.55801671156526	1.45043481883947
1.32261203622906	0.567591721240197
2.57757744392236	0.957433505286922
3.08158902571449	1.29153111501543
0.95125997466955	0.346753414627907
0.940378043901016	0.347926721823808
-0.386636329362106	0.122268896182343
2.97901457764233	2.05176920194361
2.02058383053804	0.913020231521983
2.29720404792069	1.17773750266794
0.452669338422884	0.12760574663291
3.07625684166309	1.31471095169835
2.76984130995681	1.73208472735686
1.06621310155746	0.554385710502041
2.99460287588052	2.85133543630174
-0.328306601286335	0.0815148772018528
0.915305569303413	0.582812558481041
2.01316604350963	0.917368522828072
1.16007777970758	0.554099406775207
3.06919540525571	1.3027545160526
1.31427756846191	0.564757260839845
1.40180309000003	0.772162024714706
3.34072971815824	2.71475644481476
2.58039599621734	0.941752296283537
1.3378465233124	0.81030597137184
1.14890453541303	0.558839716072359
-0.371736354424244	0.140756688202675
0.435004018193736	0.1261236136782
0.8083971584688	0.38266466497726
1.81256361946551	0.57834251056048
0.386804340501861	0.0890870371925953
0.449352281882547	0.128044336772013
1.15224186187344	0.358935209934184
-0.0306301829834416	0.00860813989029093
-0.327295126009007	0.080504045045159
0.918365667911048	0.330735535577961
-0.326086336851824	0.0802709064148997
0.116227302153979	0.0370844289672421
1.14496257201798	0.35509824568904
0.828861890077274	0.384904636037371
0.435796705805032	0.126031508905256
0.94096487413992	0.337280211131075
-0.0221508280820278	0.00666304303458571
3.62869483601945	3.34761692990878
1.65494252092978	0.627760779975998
0.515215914292594	0.200638421934397
0.130186159774809	0.0415218847979018
-0.800995785218802	0.237876280195171
0.122834348776804	0.0395414959297988
2.29056575773901	1.17751874621644
1.07937505287412	0.581486134566566
-1.42996711146731	0.545068652261678
2.5847753763123	0.951434056294316
1.68596148402897	1.32707523693622
2.01649806825886	0.916361250213578
1.84767625199773	1.25427793463109
0.941707785549036	0.339092658120352
0.486536310755296	0.163667996145275
1.64515726384629	0.629666678633393
1.61879909936535	0.795494139074061
4.57050896452021	3.23808529118596
1.17172002550034	0.563992593288382
-1.68070001194223	0.727670564495973
1.87233028073294	1.07493101587053
0.460339487354658	0.15676209981504
4.19085363041179	2.65560020831302
1.16663880534221	0.554907683031205
1.40467797734198	0.763941470706247
0.389091380780796	0.0893837858796829
0.375148585660825	0.0867251084402434
0.943456416021064	0.345278425930188
1.33665940197715	0.803566735654868
2.29329418887124	1.18005586470581
1.73173259947236	1.27965225972936
0.925746830821181	0.336341996047548
0.553960962979358	0.244517497305459
1.80577814402211	0.579897169515412
-0.793372555865882	0.233212461554592
0.442155818180683	0.128560798875464
1.13632149957436	0.350693702520287
0.822776058334291	0.378838510108734
0.847924699560602	0.356090909941725
0.00125623761253363	0.000799233976014322
1.86216625710462	1.2801334728461
1.86437574559209	1.25057042296103
1.1636010915521	0.566689211723311
1.32191624921377	0.572374518696162
0.365880440426119	0.152982523904181
1.29353460749896	0.834784360417444
-1.16063721206571	0.40176670289541
1.1590251393429	0.353864364305867
4.19638297135427	2.66144867507993
1.09677976490979	0.567749932458401
2.42236111640377	2.15747116077075
0.452366960240156	0.129014774531037
1.29336115053316	0.849651845350519
0.930351553873165	0.32933188613749
1.73645462981444	1.29085751572793
2.00269140271469	1.91043127659184
-0.661814627796917	0.241245112400162
0.471927771891935	0.160813290873863
0.811509644068842	0.372003235907605
1.86068201931467	1.05438865691141
1.65011564094709	1.03925677674635
1.31912368943691	0.572635205782319
1.4765166377182	1.07483189152231
0.110829029393774	0.0359732977800231
0.936614736339765	0.342415694432161
0.830614945770783	0.345529873559549
0.817638548605132	0.423700236723892
0.22967726900412	0.085400983169361
4.21035588179788	2.61065773862815
0.132698635653452	0.0416078948708039
1.05685198970968	0.611069773509571
0.941412837282011	0.340660708964588
4.40373855196101	2.93397326845961
0.119366221127822	0.0375665920102395
0.834920808378495	0.376254487156983
1.31999688630784	0.794040748346281
0.938062948222777	0.340428430013029
0.460175326017992	0.155132016057303
2.57757744392236	0.957433505286922
1.13790011506819	0.549353550637414
1.6681099293575	1.36012558452203
0.515215914292594	0.200638421934397
2.97031335247986	2.05299600643149
1.65232884439116	0.630327623928871
2.04870883691273	1.56710300969415
2.02804230441003	0.896378789519782
1.42195899746138	0.773227879542274
1.31392432900697	0.573981450775339
1.16007777970758	0.554099406775207
1.62014810326538	1.00128833933639
1.16261548279569	0.895758434988293
1.42563988718725	0.782893170576724
1.32542419726046	0.798981001097312
0.603708368947715	0.301200168200671
0.810005074840853	0.375832621978322
1.32094405051908	0.78482490158295
1.32261203622906	0.567591721240197
1.32678638983929	0.564150660063721
1.15224186187344	0.358935209934184
-0.0360780165374078	0.00990291792495191
0.933273311045106	0.335984475684876
2.29931315281949	1.18977247319073
0.951591008006717	0.341409368628177
0.486536310755296	0.163667996145275
1.59871477647905	0.804488227161507
0.450357276379642	0.128882961127995
1.41538303735484	0.775390290976691
0.926974841528138	0.327039751357353
0.947840778399325	0.34412338927013
-2.94269249920511	1.07887837307104
-1.41861533435082	0.392208760255697
0.611285948219636	0.301522087561469
4.19470472741518	2.62131643557818
3.07191541302791	1.30060988602716
2.56796160237858	1.49633400284811
2.56269890815712	1.48018864562988
2.78190542849795	1.76607996296772
-0.140045452886164	0.0542651860620101
-0.646623278350286	0.233538911903472
0.228836946209149	0.0837894609526112
0.440928291530497	0.20590877653305
0.254289097272386	0.0919600058997353
0.936066970782149	0.340641495091394
1.40005687692051	0.775336281675505
-0.0221508280820278	0.00666304303458571
-0.335412606311641	0.0819421330423094
1.07733899814518	0.567229024904248
0.112064934240391	0.0362110987286125
1.41056843836135	0.786761276349826
3.43823356696493	1.62843601559653
1.09062110305045	0.587491164382777
2.50725980534857	1.86358972132734
0.841813442652029	0.345706249482656
2.78232559444289	1.75670721857387
1.30530064972261	0.840677285303275
1.42149708106469	0.786832048994462
1.87818354485953	1.07266282374
0.619439173929645	0.299313865473233
0.381039818852264	0.0876463229858444
0.938062948222777	0.340428430013029
0.843468501514109	0.346336074922184
0.953316793236908	0.341353812581636
1.31392432900697	0.573981450775339
1.1636010915521	0.566689211723311
2.31182692556511	1.59563860817184
1.41560946036606	0.796307416505371
-3.85060210691185	1.8686062379331
2.30850744815963	1.19924213664799
-0.339796198674237	0.0822833342900926
4.19367658297347	2.60874213176604
-0.793673019859011	0.233322412272975
3.96638721052615	2.30310378549378
0.475235329487658	0.16344047903491
0.94070627902179	0.347797326422389
-0.955901043711738	0.496293770440231
0.47847747897998	0.161640133702048
0.380220335111381	0.0881615126503493
-0.330531747699963	0.0809413806785777
0.467549006141135	0.161188456679526
0.389091380780796	0.0893837858796829
1.31722417292572	0.56060927615561
2.31401604904763	1.19388560818143
3.42908906027034	1.63600040380876
0.562730689824659	0.300477105075111
2.84178906251169	3.11163765055461
1.14334774195415	0.555429089681276
1.64813563915037	1.00381522962158
1.87493338334949	1.07273022211675
-0.165369472396257	0.0644011698375419
1.14769202191641	0.358267165374319
0.81477603169469	0.371893215154259
1.42809482924313	0.775643331786184
1.6570013077003	0.988258234883369
1.40653825053244	0.77105869826173
0.381939954112183	0.0885630978825824
1.08956548844823	0.570916936305457
3.68348805958855	3.3796171727632
1.60435800458475	0.817838126462223
0.133444692345404	0.0414337874322502
0.435796705805032	0.126031508905256
-1.44085809609572	0.55973672067728
1.14633008495015	0.556092256452776
4.56431584440783	3.2894874300433
2.30905601002442	1.57743771103297
3.35723985401643	2.6787511917596
1.85694542434786	1.26221692185592
1.50692096405594	1.01375000084467
0.825310366457842	0.378866565587843
0.813778077916337	0.375118967426249
0.540670212654784	0.237486448728386
0.949205425894075	0.342140036316259
0.238510683116507	0.088374441921256
1.87534686176924	1.26441123813389
2.71991390748212	2.8572262653088
2.27233639617998	2.50389558720719
1.0882895177011	0.583867748204233
1.31912368943691	0.572635205782319
1.84707910981454	1.03606874137018
0.50347632437226	0.198441083688404
1.47222746084272	1.05955320228629
0.690146859317728	0.383550462169815
1.31851717613427	0.787481734935633
0.432316457341244	0.12480155231866
0.503287436864674	0.196472521132076
0.558510586827336	0.244887320854733
1.64318741758573	0.622544119852876
2.55303500271031	1.48042818211611
1.41180026342999	0.784014581144396
3.43853636873109	1.65697509457057
4.52924972134053	3.20490499065502
3.79159941888669	3.71107193937482
1.09065812807522	0.572234856141488
0.129457806705875	0.0409304673264114
0.500368882373689	0.194573444543626
1.14629242054235	0.557593921295282
1.64975399817589	0.626066684434427
0.827320156877228	0.381032818831309
1.62160877051443	0.823923607148601
1.2963239733476	0.543959900725629
0.560298087501598	0.245974843483199
0.602315229848702	0.29153944264294
1.42331764298534	0.769819566265263
1.33029499533298	0.799022507349263
1.14633839392253	0.560201575621088
1.31947872816854	0.58154081144167
0.246607180424701	0.0918471184805148
1.05038927776382	0.614313780378144
-0.899051162553468	0.361021630120487
0.22365542347489	0.0845025015633034
-0.0428047713823436	0.0113923918533766
-0.031317755054601	0.00880240620455318
0.553385936102212	0.240433713727188
0.820646327688217	0.369160511659197
-0.327295126009007	0.080504045045159
2.77674672401272	1.76616704687936
2.08984952237617	1.81870429354643
2.81100355517971	2.44987212378756
2.25283089149267	1.82093551732231
2.68984477157616	3.21792034881634
1.94271498868918	1.99302922189061
1.62227317808932	0.99667751131966
1.08445622610926	0.585506398746287
0.822824254395498	0.378228363193894
1.65714878500708	1.35168458938354
3.15857924710955	2.37176022364327
0.3073314686793	0.143669535682084
2.85983136871266	2.51889947498511
1.08243865139888	0.63118440039187
1.0576971548897	0.610863462956686
1.02500055955222	0.573315397978591
1.41918966856364	0.777791485227182
1.29058981988399	0.843400949719061
0.936066970782149	0.340641495091394
0.837579001790999	0.345663088049779
1.64512028697895	1.01041123804119
1.30468603449316	0.567523931414314
1.64200058293244	0.630315938547516
3.0813141475216	1.31594402364979
0.523377262497501	0.203818681684161
3.73753322921062	1.98046047232227
2.81278046802929	2.41263397139257
1.09573012271879	0.584183709734036
1.9141847241299	1.57075502733166
0.934573766617389	0.342610988823692
-1.45674913579359	0.565325216320415
1.62027436290437	0.813505783260569
0.386804340501861	0.0890870371925953
0.813778077916337	0.375118967426249
1.28582657302452	0.855168413940367
3.73990509096128	2.00551060758524
0.468740614511173	0.160304172406953
-0.654567332774764	0.237200050326492
2.01160656021423	0.90043988185378
-0.32103307202361	0.079007025149334
0.471575852075247	0.161273286940854
0.473124537182601	0.164307426258768
1.31427756846191	0.564757260839845
0.389091380780796	0.0893837858796829
0.943456416021064	0.345278425930188
0.621568749995173	0.302764869585311
0.450916482564019	0.152669408034553
3.42908906027034	1.63600040380876
1.31185224408202	0.573723422401825
4.19676721241821	2.65961889293649
0.828087547800511	0.383835534696136
2.48644714310058	1.8932685236275
5.01571281578644	4.29332548501446
1.6590338415461	1.02663646272201
1.88335859268868	1.07634320559517
0.130186159774809	0.0415218847979018
1.42179912920362	0.787696852133824
1.64200058293244	0.630315938547516
1.48424538670828	1.0814262059288
0.452366960240156	0.129014774531037
2.25830083982103	2.16060675490183
-0.671815887648162	0.246483097283762
1.14041493858747	0.548832384570526
3.15994974974222	2.34060680339579
0.500111161003371	0.198458101784122
0.470814825306987	0.160576989852627
1.30818851542872	0.578982775039473
1.08938793019205	0.745222572365123
-0.319004015513152	0.078546017662404
-0.390181221285334	0.125143916552518
1.81275735644485	0.578334100363068
1.30612124828286	0.571426383853241
-0.326086336851824	0.0802709064148997
1.65189215940493	1.01609950809109
0.939988609255082	0.335834121484127
1.3336891844569	0.790936964177567
3.98988195073213	2.31325466312312
1.32728443916376	0.811662675742973
1.85715518716965	1.26644550231356
2.09199925161662	1.33231840586103
2.31816119057749	1.21061446075152
2.74616466490899	3.42297523896253
2.48689077767862	1.88429392447458
4.20762746412408	2.55296332039595
0.432617977883664	0.124821313391821
1.41241209518348	0.772995449512287
4.20750012943075	2.61610968175506
1.81045946197748	0.578570674290805
0.823133958747521	0.381442447856351
0.326202681804767	0.13787658547222
2.05954315541423	1.56820247016028
1.65533463433252	1.00652826408848
1.39882142121936	0.760140231595239
3.97517203870817	2.26532703327679
0.856639233045946	0.353138579021108
3.73016083045583	1.99020875135088
0.450055740208048	0.128864448965258
0.847924699560602	0.356090909941725
1.08035670762994	0.57671313148354
1.09394560275435	0.575330468447808
0.444854208791125	0.127991221299979
1.74397470177878	1.29424541174386
1.08245344684314	0.631354471523749
1.33328744834225	0.792638912535544
-0.021472760417631	0.00646265874018739
1.33142855925147	0.800229681487797
-0.371981541305843	0.119086720502077
0.858120214911122	0.344068003404028
0.124054701143789	0.0394683074303551
3.43652865568349	1.6582101694691
-0.654567541113656	0.238422342764492
3.42908906027034	1.63600040380876
1.41949726587919	0.780233867591966
2.76884046099436	1.76001338712733
2.99283795225182	2.08497193330371
2.5619320870104	1.48112300726901
0.818183190942003	0.419224805480918
0.481167552798875	0.166353187604787
0.529097107975321	0.22755546376455
2.9780867681281	2.08532702927787
1.93195739326953	1.57469289057225
0.450055740208048	0.128864448965258
3.47669739734302	2.96192151061476
0.441297125214957	0.126926364329448
1.53556481171729	1.04730489036737
-0.159719172853174	0.0616802481064015
3.73252041030034	2.01562686262797
0.850682755923926	0.350821923327107
4.58114012920519	3.17597906322705
0.51218510562655	0.200477738689466
1.55340292430918	1.04985325020163
2.49346536759157	1.89378925168044
0.94070627902179	0.347797326422389
1.5068514127013	1.09076697940673
1.80577814402211	0.579897169515412
0.948875245579521	0.342255962349792
0.819525221576109	0.414375915351499
-0.0405015864007129	0.0178377773064163
0.945831360339598	0.344958840724124
1.52580329618223	1.03892720663348
2.66776000752749	3.16164777464219
1.59896083162352	0.805975570685554
3.06190782775183	1.28672322621522
1.07839680095752	0.582870474293946
2.30023823532766	1.57486196105357
3.28686436934407	3.53823209239426
2.04755095194845	1.54529516018546
2.66512068698752	3.16446855814983
1.14592615532061	0.560137527829204
0.122908138887359	0.0390918509083662
1.4591765775182	1.03261149248122
2.5584041521538	1.41914222305472
1.81045946197748	0.578570674290805
1.08033889291039	0.578697959194438
0.938062948222777	0.340428430013029
0.938200553116344	0.693531264911482
0.850911787379618	0.347942701856789
1.53307797116611	1.0263961888148
0.320357294105465	0.133139425939891
1.64262305578536	1.52226329508034
1.64001387550127	0.631392365244923
0.811787926094276	0.378322607805547
1.30036000493835	0.954047519688034
0.506007715074619	0.197536501498307
0.804755244623314	0.3614473096441
1.30447527434346	0.864857165748896
0.486536310755296	0.163667996145275
0.845040779550187	0.352390076113334
1.06542600159155	0.617137436871002
1.07700363250742	0.577735753335306
1.39000128665457	0.755038046293226
1.84607005832093	1.04125455114975
2.79380846178934	1.75539422267084
0.0176142454211009	0.00594173064910082
2.3051963375509	1.63260852181364
0.0299967667109748	0.00996068037669443
1.32077582490211	1.03333529761425
1.63411127519797	0.801156986692475
2.0475917195974	1.49481260255024
2.56442081734112	1.49863630620331
-0.800920844225984	0.236493729089377
1.65006723643999	1.03365097005741
3.45124496470651	1.6478638279897
-0.385213220885427	0.147887021021336
2.50265809255328	1.88618698660596
3.67820784260975	3.36518984652581
1.47342375881575	1.29715249808321
2.78187546961848	1.76148966774296
1.85675339347862	1.28667001605193
1.61553406980963	0.811254507951557
0.95125997466955	0.346753414627907
0.546779136362096	0.24285381163802
0.804668044092592	0.396501161052508
1.54073372263718	1.03140087614965
0.442455353988481	0.128578622840416
1.32029674049902	0.563822481159023
0.511399302035964	0.20224554593107
2.07993522861241	1.30416759523036
0.950556392128097	0.343735514019762
2.14050820807494	2.2331893910537
0.315413796767232	0.143675428917014
2.04499712772333	1.54027299937921
3.73252041030034	2.01562686262797
1.94474030499758	1.57336328125908
0.76322932459052	0.463255694741766
1.40006341199149	0.758134950903313
-0.800920844225984	0.236493729089377
1.64803259410203	1.28075228827826
2.79233724443524	1.76958095912024
2.50404035251178	1.89250053092023
3.96841487495481	2.27278275700127
0.12193247700894	0.038936471699858
0.229638176231432	0.0850255677793978
-0.383804538351963	0.146951345815768
1.87014844721192	1.05879492510408
1.59554116073434	0.802698827869905
1.62896774864103	0.817898309685265
1.14789659425724	0.52885025794157
0.0922470863448188	0.0393966515087393
-1.15141971647202	0.395208639743188
0.784185552993552	0.344274000244505
0.435519862573989	0.123890263170176
3.99193889814941	2.2835522443539
0.845425923854282	0.347115266672146
2.30854768662347	1.60510211270775
2.96344554726323	2.04103432549203
1.5384058953933	1.03447562702486
2.3086903344051	1.59665343984835
0.163303020867159	0.0656571659581629
1.8669122473614	1.05624944039603
-0.377604611597479	0.14119094936436
-1.16678320396686	0.397047937886877
1.09326696651046	0.700266698814116
1.65494252092978	0.627760779975998
-1.18264819326552	0.400290039700725
2.65097191129433	2.14875032341254
0.813354410418493	0.370245681639236
3.73049001185693	1.98987141609617
0.921461426450812	0.332262270675132
-0.367294901454838	0.140798599444729
0.616576183999041	0.31168560954583
0.470814825306987	0.160576989852627
0.388856236225614	0.0893513438012124
1.40780163658101	0.769561399670383
2.77458983303608	1.76233303311063
1.08377073458699	0.755379024229444
1.40405267803675	0.778611653209578
1.46771610940753	1.18509321666965
1.93195739326953	1.57469289057225
1.87260759934084	1.26111808862794
0.539787746037112	0.240890761091883
3.73219049548292	1.98336590805057
1.72508349137805	1.28910455626855
3.19090752195369	2.35735752635265
0.809191258591044	0.375643740088364
3.0813141475216	1.31594402364979
1.15224186187344	0.358935209934184
2.27834155930205	2.1957895496012
0.0373666918778088	0.0123565989076772
0.819657163267598	0.381703731552266
2.06518707366225	1.86433617091716
2.57218773707115	1.48893973872411
1.64945193411495	0.636815169113368
2.08555185059433	1.32613676288251
0.55060411951548	0.243959425397366
1.15440288282899	0.570387296916283
1.15197220708405	0.359022029649851
0.831594142366521	0.431421302231574
-0.031502366990205	0.00873411095697342
0.129807059595018	0.0414384331158485
0.83414995696614	0.428728084524364
0.131450901026321	0.0421956349352187
5.02381334553132	4.33382995516752
3.97692198801645	2.25963459928828
3.17055237536044	2.39548837525059
1.07244127195775	0.639134390486081
2.65997056276319	2.20071127795272
2.07091198779956	1.82577943686443
1.41671065277152	0.781127849683716
1.05594825271156	0.610996361947533
1.42374115642496	0.793005963685815
1.88092543614811	1.29306803417405
-0.0265281782541497	0.00763985645704447
1.71167861582487	1.26338235734837
2.78595018693674	1.75966452644368
3.92900605791046	4.12193753818575
2.00877313061238	0.905895491430518
2.57482176385341	1.47706885249757
1.1371127958289	0.771973325260816
2.4850373307628	1.8903566927118
1.04753728398474	0.604223432877807
1.32896122249525	0.789485828418032
1.13614984626785	0.794089929626809
0.471165733369126	0.160581735569019
1.48630702294246	1.09201772612254
1.54416753182648	1.03845482976582
0.845431153393745	0.355141528539788
1.30428525709536	0.562029006621389
0.839898783045886	0.431193147369472
-0.394774589280756	0.127119924033656
1.107477048031	0.580366388904906
0.945502239418716	0.339849482937852
2.09750574700841	1.31121911870946
2.79997278666956	2.44345816974565
4.20788879340278	2.61439874997882
2.54454406286656	2.45285374555155
3.29606403637724	3.53594533141209
1.12190013736016	0.979212377026425
3.42038801007446	4.00469196145824
3.33217434482151	2.63089335430634
1.85694542434786	1.26221692185592
3.14720115950537	2.37127727656345
1.87818354485953	1.07266282374
2.38069193875807	2.10308341304154
0.326317602734949	0.137752444640894
1.3165170447775	0.577068890321654
1.7452507609497	1.29329406682875
2.46669656135438	1.84545230542246
2.53889967318655	2.39266845298139
2.53178076493581	2.80670758267163
2.98728709408122	2.07963180111142
1.39359466209435	0.760082229424742
0.603466442797148	0.295506397719487
0.386804340501861	0.0890870371925953
1.73255368063309	1.26635263344828
1.08185640056093	0.631513206947228
1.31799536704177	0.788541939397767
1.40609326365645	0.747825495792288
-0.404782242369549	0.131729957716222
0.555193454901312	0.249076217146782
1.86348232156215	1.07054643718606
0.846564640558191	0.481060764920274
0.536020951632117	0.240030705358954
0.949205425894075	0.342140036316259
0.821052333442959	0.421084271490192
0.821407200169595	0.364683702864342
1.14823482585875	0.559455428686476
2.27232134826112	1.56016892526212
2.56269890815712	1.48018864562988
0.850793249767413	0.35103853850186
2.08589966939372	1.77855631268439
-0.134629693557511	0.0510911241896455
1.3585157597238	1.33373475077797
2.39720291896024	2.87260578096917
1.6100217193988	0.820856254492216
2.06059011863559	1.5537673051983
2.07059984076785	2.81485069159938
3.49499532242813	3.02630828596435
1.51120873746195	0.991983821460517
2.31299336831842	1.19592723591125
2.65076034077432	2.16876765491336
4.19986372587674	2.63992766022316
1.96237565545322	2.01275259080804
1.59893202842387	1.50469406463743
-0.171473690259794	0.064869174889098
5.01860668420944	4.32041840542526
1.29751719841761	0.925825005377788
1.66802760413388	1.31455524984969
0.938062948222777	0.340428430013029
-0.665712898623327	0.345786256236767
1.49772102165416	1.09463392764737
0.837579001790999	0.345663088049779
1.66094809875831	1.01786314026316
0.796401567404193	0.361701511804689
1.84201328687224	1.65071331449603
1.07050235035077	0.570493366611358
1.08267406488201	0.586458536766582
1.41896454423725	0.781919247625865
2.08778295780358	1.29142209969486
2.77890532830894	1.75624626442474
0.0395043088274436	0.0146054256998012
1.38237240505271	0.717486951154004
2.16396251115688	2.22135514898075
2.39358870381862	2.10154046899314
3.80944648203045	3.73920246509409
1.61662555744781	0.964185165375876
2.04499712772333	1.54027299937921
0.326725702393865	0.139439740190159
1.64914996960997	0.626657759006669
3.35283298310537	2.69541848456036
1.59746757930771	0.773228754488704
1.81275735644485	0.578334100363068
2.56117895225789	1.47706250039003
3.9697565437118	2.2754313461342
0.867822863573236	0.349714016711836
0.129807059595018	0.0414384331158485
0.938387366171497	0.340308443060998
1.30321360739388	0.799128762729173
1.42284801363059	0.779438905439273
1.32242681010487	0.809124978055909
1.92661257545318	1.56124550400049
4.18636518481299	2.62141191259237
0.82062065956224	0.42079106792426
2.31851839938804	1.20954950098339
0.486319022836154	0.186857415570117
-0.66613484552771	0.244471547036967
1.06300164612117	0.56011455671098
0.856432541145851	0.351833342147511
1.60813492294571	0.809937325392738
2.28603847246283	1.59388176246119
2.00923609517584	0.916358594417167
0.546779136362096	0.24285381163802
0.938338060407952	0.343201333933568
1.60661628768955	0.804050759995702
1.39652225362347	0.753071314731664
0.442996854676574	0.125574990238646
0.44515396789369	0.128009718182639
0.830811879893724	0.338796360744055
3.98506013393121	2.3321657640001
1.27313883962981	0.981346521740607
1.09062110305045	0.587491164382777
1.30975831802149	0.781006466188529
0.810475192262321	0.369152794974805
0.455210738035094	0.150729114975407
1.32138653923297	0.803651166617792
0.551397647733158	0.239776605327089
-0.0360780165374078	0.00990291792495191
1.41716540032626	0.776421852610332
2.77099113591411	1.75779269442633
1.08546900280064	0.582557891545404
1.60673909803989	0.819043463951337
3.44891088252907	1.65655944931031
3.32451827784531	2.6521167178288
0.00428235399149298	0.00190588715268937
0.440163025510079	0.128436134724386
0.812945712479012	0.378134891218562
0.432617977883664	0.124821313391821
1.6120462679043	0.808254503166547
0.380803655273878	0.0876138298096458
1.31368284499842	0.564192204246345
1.60873121132105	0.802422248334896
1.59607619708624	0.801510274782362
0.447833181752124	0.150964645373651
3.14402434409053	2.33388820016694
2.79611193101932	1.7779184374033
-0.328306601286335	0.0815148772018528
1.15224186187344	0.358935209934184
0.943078321249644	0.342123812424083
2.01283744550179	0.902585732964593
1.62770890038047	0.803935570808727
-0.0485838036634142	0.0127843612705088
0.848312147121465	0.350237164880564
1.31054775763782	0.568793948808771
2.28880117958217	1.57222048785641
0.388856236225614	0.0893513438012124
-0.387664218003172	0.125354780385854
1.14969984760416	0.357649385936917
1.1614043797508	0.558676347551552
1.31226866839143	0.569501199004394
0.821921375641256	0.37796576740903
2.56442081734112	1.49863630620331
2.57218773707115	1.48893973872411
2.01412961239258	0.90045959750674
4.19844625005781	2.64435108733641
0.514800100929338	0.203414119342654
4.56116393793864	3.28707448967484
0.851671672071405	0.347739109595473
1.61024358324003	0.810994391306939
0.934988669040866	0.34298285576984
3.07695428244317	1.27333343981167
0.818740793722822	0.332061660807029
0.811502629030223	0.380543040481464
1.41949726587919	0.780233867591966
0.426932427213027	0.202427998470507
3.73786491162249	2.01245103597413
2.56546671265016	1.46997364399663
0.514384468086187	0.2006180927596
3.98165246654708	2.33759141154984
0.121108290053757	0.0389322606487385
1.33384186313066	0.792067309068739
0.474606886065513	0.159503970161166
1.10849726370852	0.564380890463888
2.38224158754372	2.12123725306641
-1.16329695906725	0.395576304534165
2.55421229831816	1.47965447556991
0.545951208427216	0.244139364906181
-0.134869109044964	0.0455989142877073
1.30531464881378	0.792164476679929
0.938387366171497	0.340308443060998
1.39347293653469	0.761561290760224
1.60673909803989	0.819043463951337
0.593388156281328	0.284627483863148
0.476746483570221	0.163653018885719
1.0931586100825	0.687021935354143
1.32327390193587	0.801187960220632
1.64041163115281	1.02450118378976
1.64235407839334	1.00798927502249
1.29979501813621	0.850496179859317
1.60424363921288	0.808967896142489
1.62373307132501	0.822214274816007
0.481167552798875	0.166353187604787
2.30478284098095	1.5849900083891
1.28982119827333	0.846105034044356
0.436097412031641	0.126050626741564
1.41526363147604	0.791086564829385
0.452366960240156	0.129014774531037
1.15699570265637	0.568665461742964
2.06578654633488	1.5505937902548
2.41066257052525	2.16538083265309
2.64814753166409	2.20046154651165
0.458887633151483	0.156375675856684
0.474311922169683	0.161280084742063
2.04075799536555	1.52946663554051
4.37821396670918	2.87166033484789
0.950929049409976	0.341619656435165
2.57472982240696	2.45483033837043
2.09245958351054	1.31626828987914
1.46317854683725	1.1562425309877
2.06294066680658	1.2758588829795
2.01820946220312	0.913449531834958
2.10864246672375	1.30708314736173
1.30257175068484	0.570433159223239
0.475206421015891	0.162241215471821
0.840075921644172	0.350235500359094
1.8471315772692	1.25363400999095
1.61629774882858	0.8106208547367
1.74179596621393	1.28239707596098
1.32383008574216	0.804011221420747
-0.808501676107518	0.239618852733624
0.515215914292594	0.200638421934397
0.564657909319105	0.247177277691134
2.4092986068332	2.1262927098877
4.37178051605659	2.87608767167031
1.54995013640457	1.03805915659488
2.77974282795856	1.78478163746822
0.844928930021063	0.352159041581013
1.27816875382988	0.847154492334305
3.00113952619553	1.98155852903998
2.31055215025487	1.60461763094397
3.43138577272834	1.63403113588099
0.32624874344617	0.138329075090384
1.49690170725011	1.09098048696154
1.54378555165871	1.04510342636383
1.27974178027582	1.00011766628644
0.887898382558779	0.499017320101322
4.20646146026451	2.63715898472087
1.8675762404321	1.28140812579174
1.33483425161179	0.813716354795905
1.88045407029559	1.48483839977616
1.32156028688205	0.572788874606842
0.627898628253353	0.30373698223784
2.05210507270665	1.57275360150902
1.0636433753138	0.628039416036297
3.4440161917238	1.64474585229139
0.939990685706229	0.339610739800664
1.50342440380547	1.108187303162
1.63149411836249	0.997512956161039
3.72668448258291	4.95515776471643
2.16734400421387	2.2528419589642
5.48597331307932	5.76939018057744
0.380220335111381	0.0881615126503493
2.32614872498826	1.19722770624278
0.934988669040866	0.34298285576984
1.14923806084015	0.555010807322439
1.64945193411495	0.636815169113368
0.86004460776531	0.48833298544818
2.77182126037124	1.75712836725798
-0.317213546869251	0.133705078770495
1.62160877051443	0.823923607148601
1.65448631004632	0.610342979268593
-0.381192533949242	0.123695282248744
1.31502213097415	0.79904351482894
1.64412237639104	1.01046923115526
1.26348454340642	0.822083411087428
3.80785113828602	3.73676826890612
2.05981669919705	1.55095118521324
2.08384826204823	1.29021225606379
2.30351328845049	1.60133578060415
0.450055740208048	0.128864448965258
3.07653005489351	1.29030396946406
0.825166372203317	0.424377375148274
0.94579058507587	0.344789749807915
1.06855419004964	0.566706651615078
3.73990509096128	2.00551060758524
2.31263807543784	1.19696621950212
1.53700398274105	1.03246230996827
2.28502363638991	1.58841649450902
2.80413721863913	1.75808298007436
1.32065673595205	0.560238633972075
1.66542128749995	1.32982381873059
0.435796705805032	0.126031508905256
0.707790970962994	0.387095386266512
1.93058686285574	1.52501741708436
1.09801846008893	0.581782002176187
1.93439112034675	1.57301984235357
0.555737558416284	0.250081418856059
1.70215366704104	1.24728228625807
2.29198347642466	1.55302575913735
2.05409057067783	1.55099907654156
0.798756515659785	0.405136224994586
1.3106108999453	0.579073050182864
0.569742905123858	0.247455603918528
1.09469090096127	0.576910808186665
1.45672247035923	1.15862644204246
0.765308724014688	0.46474697327654
1.38954815235624	0.754806444275476
1.64440170754647	0.635367436399987
1.3135712102727	0.56529479795381
2.30302010441829	1.19630270244243
1.06207105877537	0.570125864838222
2.98128256095618	2.07263201799424
1.86234741395877	1.27349221806881
1.61591583568806	0.823032535434358
1.31616193600528	0.586796808071362
0.94070627902179	0.347797326422389
4.573205792894	3.28292146708123
4.99296751124891	4.22427403793029
1.87274862972721	1.0604746684869
3.17003308420789	2.38768760782727
1.29505067205026	0.841586297448102
3.16387752277409	2.37305233030225
1.60318249196502	0.793989755405987
1.15224186187344	0.358935209934184
0.839348066293475	0.42455260389196
1.64200058293244	0.630315938547516
1.11810565431454	0.790264607656226
2.2955047419043	1.5785787584408
1.54407129333384	1.04313831341034
0.149598212450456	0.0608154922424942
2.20974730027405	1.72748827159253
1.88009106435831	1.0781370977264
1.27035039347068	0.826683099237303
2.54517641292758	1.46452645373638
1.6511802998272	1.01238801750549
1.07987723678706	0.574425092342132
2.79133327449026	1.78556725644158
1.96822220850095	1.88218079849268
1.2939702501286	0.558185767177898
2.54861505378794	1.47297572192773
0.137688840343699	0.0425655475640994
2.01080419021524	0.917878163437858
3.3180501403144	2.64067065841387
-0.720802328141939	0.333678416194278
2.08595824274399	1.32480443299272
1.15727261407567	0.35899800278529
1.07271808091196	0.576514210679251
1.41996880259804	0.776074859430151
0.816897669922417	0.384836695694736
1.54079601871762	1.03637124177423
1.14769202191641	0.358267165374319
2.02284500200814	0.911874667768063
2.1012831779618	1.31423542663125
1.07205033406253	0.686392698270676
0.836235827102449	0.343762280898841
3.98916489636801	2.31773613701183
1.15197220708405	0.359022029649851
2.5778136971617	0.957067152435729
2.5617528478302	1.46033264697999
2.02426863885185	0.904008077144324
0.444724771497099	0.149857958134888
0.0261093466928968	0.00855820586241015
1.60775629869942	0.809945943353373
1.13632149957436	0.350693702520287
1.88513463700518	1.07453252586175
2.30472472594129	1.1794437176518
1.15224186187344	0.358935209934184
0.104975452814962	0.0340669266195492
1.3039147078919	0.564624953568431
1.86228713118229	1.04715764151696
0.448049214856487	0.127036282979351
-0.793673019859011	0.233322412272975
2.31641708732641	1.61848272612489
2.11170320626531	2.11562004618966
1.52326492887912	1.01803041517539
2.10596959082536	1.31388126545742
1.15497990448255	0.354392783816625
1.6319105978584	0.998973654097668
1.14863310428612	0.550886449636838
1.38338168344598	0.738895040461069
1.53098601857746	1.02718094754169
2.79029198527908	1.76036913034791
2.76607926157132	1.73082789242852
-2.59010690959944	0.863676284132476
0.466682223854877	0.159548327440312
2.96744522298132	2.05175416130666
-0.323262123993069	0.0802314869089757
1.60651100456436	0.799971115192223
2.31515215449936	1.20279706380842
1.15261247358524	0.551445156023266
2.31299336831842	1.19592723591125
0.83674057958604	0.346515866013808
0.508714726191408	0.199284116157632
2.514085994569	1.86063240276629
1.29914103498849	0.567225566812417
2.5847753763123	0.951434056294316
1.61693177744498	0.813224137259766
0.442155818180683	0.128560798875464
1.63533730014144	1.01355354087012
2.48444851917329	1.90947032887941
1.64230005514351	0.629994079538676
3.07394835948079	1.31896016410163
1.07703352384743	0.573856082669153
2.31851839938804	1.20954950098339
0.811094359160654	0.370676264831542
0.826180895654697	0.382493816057024
-0.026853185526583	0.00771779362285273
0.66240356851171	0.398057839652516
2.05830324077012	1.53510334477725
1.86306167486717	1.05662293906529
0.94070627902179	0.347797326422389
2.01316604350963	0.917368522828072
1.31947872816854	0.58154081144167
0.126863380535665	0.0409162175615673
0.442856347300599	0.127861063358963
0.859535203937106	0.353458165619954
0.942039636076362	0.344206436287347
1.56052507678564	1.01561537836431
0.437519545965918	0.125680336036434
0.44515396789369	0.128009718182639
2.3250651360644	1.58057474575998
0.843091780938852	0.346361005482139
2.54861505378794	1.47297572192773
4.37487937495461	2.93489815976427
0.434893851191535	0.231972591607498
-0.90113158478948	0.3697567220646
0.94378479794137	0.345154379632816
0.135581285419868	0.0426194446252775
-0.148448308291898	0.0574256722522463
2.28214077071111	1.6080299809503
-0.0245134527273917	0.00722807305418947
1.7143165219743	1.23663348384495
0.939659582542919	0.339726365267853
1.87192554359762	1.05699531748412
2.5847753763123	0.951434056294316
-1.15619345799842	0.394711335354762
0.128689567233414	0.0407589002220662
2.02804230441003	0.896378789519782
0.480812025913124	0.163991093066024
0.475235329487658	0.16344047903491
0.857021332247413	0.358312381862468
4.99238834402758	4.27661756977854
2.30986517362387	1.59664986921077
1.15929717085138	0.358391556930121
0.948171556452984	0.349388848464886
1.88776476975338	1.07250524733014
2.30913251667633	1.19296208333495
-0.146781354805702	0.0500645404588765
2.00546242502354	0.904131435092317
-0.668949718106803	0.244701607943837
0.130186159774809	0.0415218847979018
2.02393635884699	0.919757114084648
4.87269746152435	3.95139952800797
2.52048618321948	1.87909496976743
2.31997721885779	1.17106622377621
0.8083971584688	0.38266466497726
0.856198125188317	0.353987354363276
1.14995929943828	0.359644120216764
1.63088677759272	0.623536989564542
1.41623244104733	0.776623591503956
1.73265069947611	1.29594848185484
1.17021374472696	0.553855441200837
0.444854208791125	0.127991221299979
-0.0434792554011729	0.011577526227439
2.57652489508901	1.45494083927755
1.64033375186611	1.02009122624118
0.483930131573698	0.188869823544156
1.15727261407567	0.35899800278529
1.30711681740938	0.574815634179781
1.61281788268059	0.807632704794111
0.257076888454475	0.0928344066283145
-1.15174529517287	0.395382663763623
1.15270367057338	0.353055808149433
1.30711681740938	0.574815634179781
1.63255659446758	0.620382768290144
0.381939954112183	0.0885630978825824
1.61396747212338	0.805796858131849
1.0681560841725	0.574872794849776
2.02091505785162	0.912255878143907
2.21658726420706	1.83198352192092
0.821437527569147	0.378565230699991
2.9780867681281	2.08532702927787
-0.0234907643938396	0.00685714721839183
-0.392101578237076	0.126718309048001
3.06892463579121	1.30354025392078
3.72752615202171	1.95450332694679
-1.41258048711295	0.392583212481328
0.822240373988758	0.424249417847009
-0.708961000776536	0.325625998733456
0.542164703074535	0.242883652829648
2.31608760129162	1.21400243950159
-0.174535493349914	0.0664240177662774
0.857948000758159	0.347897839447855
-0.393785920618733	0.126510489357895
0.44515396789369	0.128009718182639
0.388856236225614	0.0893513438012124
1.64030841542017	0.628865334977506
0.444854208791125	0.127991221299979
3.74766454481472	1.97844083639306
-0.377653853770415	0.120805263960155
-2.12234123160274	0.637594722384862
2.31401604904763	1.19388560818143
2.97031335247986	2.05299600643149
2.10920918229357	1.33756423744806
1.1467471173858	0.556162704604856
1.61853387130112	0.799998675581868
0.0363883920529568	0.0119554216429984
-0.727910138811567	0.397420205744033
1.64745365950878	0.637896288405134
1.64611892968575	1.00041623176915
-1.15473967554762	0.397017347944234
2.31612449925767	1.15541593075068
0.467899864027144	0.161191776138274
2.01113205441839	0.917539301536541
1.63454485746047	0.628731710084453
2.96343583989722	2.03286552685212
1.60473671552621	0.817825535166193
2.3157313171078	1.19576831627677
1.42762990380304	0.789198036355685
0.611518198104011	0.306887616655721
0.836133101823166	0.37443972309362
1.2822192857962	1.00480471142043
1.15197220708405	0.359022029649851
0.106643055889754	0.0345110847640806
-0.367621286776004	0.137110264608022
3.07926967573396	1.29774028538104
3.97996309256972	2.30819692162536
5.14823745275799	4.68574900459007
4.20853572048127	2.5886812660912
3.35132250744824	2.68910692600778
1.86179452845461	1.27914158659693
0.841813442652029	0.345706249482656
1.74297388063801	1.29033636499455
0.525168677482657	0.200907458230169
0.500162648693434	0.197508766552558
1.31496838649989	0.564279998932843
2.78552858374168	1.79046075418453
1.75514110173101	1.31433367507419
0.119565395421238	0.0384118471908133
1.39836380545484	0.769902911650217
0.860326056252212	0.350288505696982
0.100393458877524	0.032106207757593
-0.0251966205089305	0.00735448715938628
1.82486070035677	1.22157428485771
1.06715190975676	0.630460860319654
2.09759526730227	1.31776544045315
2.68491877601388	2.17295423103149
3.74971754774673	1.93779831211469
3.9765679923611	2.3060975503741
1.42162477271202	0.767330770580764
1.42094975640172	0.79396536260198
2.01540673585469	0.923787604582237
2.8464799636903	2.52793968435246
0.950929049409976	0.341619656435165
1.6392589264181	0.627523522545358
1.6408451511112	1.00656277098763
3.16911073420866	2.35086533536116
1.88079572431718	1.074377501566
-0.655596346174673	0.239134421894972
-1.41151445005737	0.392781075624489
1.89107858199403	1.06153357108472
0.832412482697213	0.377365389606141
0.131068420293887	0.041566886033362
1.87562112717346	1.03668826045309
0.57772080142913	0.248878948420531
0.928852569216364	0.337899830653765
1.1688504560917	0.568800692996467
1.30851591805641	0.773361582605989
1.41826918862592	0.778005800254908
1.24321227913792	0.794425504287079
0.690799233269873	0.378974379975859
0.824534288986893	0.379752353296921
0.857021332247413	0.358312381862468
2.0758583611741	1.29800579729104
2.40219042903586	2.89192344799687
3.28507255716946	3.55299033413709
2.70123045331346	2.75217385881975
1.31893752234492	1.05011073908935
0.761425630531863	0.467810902496699
1.28933990880573	0.844022891078678
1.1484825880789	0.551212261152822
2.10445093455602	1.26420170644119
1.2954423691991	0.913498559315575
1.15456847464751	0.556086819752274
1.80777234492758	1.75302095398532
1.61281788268059	0.807632704794111
2.79611193101932	1.7779184374033
2.56796160237858	1.49633400284811
0.526010388442479	0.200808244403522
2.54662478893305	2.85238163145647
2.78727489702017	1.78143272151952
-0.326086336851824	0.0802709064148997
-0.555053893445715	0.233636721686378
2.42056242661286	2.92744163567036
2.78812022005281	1.77866058288672
2.41666509486675	2.17109638889552
1.67692458359058	1.36162790828092
1.6227949514904	0.811292848652496
2.31972702278359	1.601559186974
2.09210411403418	1.31937014469109
1.91812311027552	1.58004641263253
1.47935963213615	1.08812059647686
2.57881946212648	2.47391332140349
2.98956267279208	2.07818087342825
-0.387544450738841	0.149893253630454
0.467192541106162	0.1613997080241
1.31226866839143	0.569501199004394
1.09239578440162	0.576214998855671
0.793731843277506	0.363978385750274
1.32261203622906	0.567591721240197
1.64671299048977	0.993219713750264
0.78091274376242	0.338942824285119
0.834273126726586	0.383624786328856
0.448049214856487	0.127036282979351
1.64888461499203	1.46224563742334
0.822838414203411	0.371165240224399
0.442996854676574	0.125574990238646
-2.59010690959944	0.863676284132476
1.15929717085138	0.358391556930121
1.6811750606902	1.36514272531855
1.15989880863725	0.558525705835394
1.41596625259746	0.77581911272918
1.08823973586491	0.576349320763273
1.73222952100039	1.28820600199647
1.61024358324003	0.810994391306939
2.01283744550179	0.902585732964593
5.01489920680718	4.33190998955602
3.16479691202076	2.37395793105739
1.46840772699507	1.15728672981518
2.3192030217991	1.5989283405506
2.55236459896314	2.48570972940771
1.32678638983929	0.564150660063721
2.28119704738627	1.55719015905557
3.43422193480066	1.63669384166705
2.31299336831842	1.19592723591125
2.57109431556402	1.45548097023705
1.15701051518738	0.357024714890045
0.45294379536279	0.219142995119727
1.66331042285713	1.31861663995255
2.647216626051	2.11711351233777
1.61841608934905	0.811708837026955
1.1574534864605	0.563743430022637
0.919622668996446	0.329461159083839
4.40502313939924	2.85098378239864
1.30120740545056	0.558776441477479
2.96119661056967	2.04258013891427
3.07653005489351	1.29030396946406
1.85919225599838	1.26526862091524
1.08728604699325	0.586540469224673
2.08144349664855	1.32127437376407
2.1054168847191	1.31706866647899
3.0813141475216	1.31594402364979
3.07625684166309	1.31471095169835
1.87409457867988	1.0547013424166
0.450357276379642	0.128882961127995
1.88560815650232	1.05555318177013
-0.300550539597907	0.125243931037522
1.50019149384144	1.12045126609252
1.07461727112416	0.620602545916466
0.241331862806991	0.0899106753643362
1.62519317276719	0.80096528889681
2.57551660914786	0.96051052751055
4.2124359222807	2.61550476302832
1.07469449103611	0.573856662033614
2.0811048475242	1.81902666291515
0.779108476736946	0.482268289734306
0.831655606452352	0.386132036167147
0.833585229763957	0.464136562749795
1.11315370537005	0.778644804721356
0.808282087057765	0.414173093653764
1.1576851743398	0.562657258346986
0.517002458096845	0.201350540844714
1.03044777852127	0.70280178306051
-0.140844091487094	0.0475191673645468
1.49648945299671	1.09591377404266
1.1467471173858	0.556162704604856
1.74793587184686	1.29800097293711
1.62072142597783	0.829627764674628
0.478831109466061	0.163927156744994
0.388856236225614	0.0893513438012124
1.170637250842	0.565733650576488
2.10737253816015	1.31250684338862
1.62644490041238	0.824714433122765
2.4762567802122	1.84556887099358
3.15902710407567	2.37818207430977
1.86890690599459	1.03320451258524
2.39796447436335	2.16377624774368
3.13381798464152	3.17690579500019
2.38758056082789	2.12319169013573
0.62506823662565	0.305651279673503
2.39807561188258	2.50839583129287
0.834454123057604	0.384084326827356
3.11458761979316	3.10275142032989
1.8698830860523	1.28686937054376
1.48436421078539	1.08577902378208
1.64975399817589	0.626066684434427
1.13490954962828	0.550850715032877
1.15929717085138	0.358391556930121
1.48391745620581	1.208262392987
1.31744222579796	0.792198803738562
2.66618603278966	2.13135513826568
1.06140994882802	0.625168647272906
0.553897111031256	0.246210439025836
0.381039818852264	0.0876463229858444
2.2975538689756	1.17762048472898
0.851409198158074	0.577478795969847
1.47773860405206	1.18589169975089
0.639033256354331	0.314745768422638
2.10894275698725	1.31283499887867
1.64200058293244	0.630315938547516
1.05733815026308	0.613642878487617
5.0394280825337	4.28337683663129
2.68207828458374	2.1500197229497
1.15224186187344	0.358935209934184
0.458534768547991	0.156368311139024
0.83952863816635	0.349187850563596
3.1332344484874	2.31510190223926
1.94609722683876	1.56598401398226
2.5489930875806	1.47313229258585
0.469847840927984	0.162846095129154
1.85865434726799	1.0488846452461
0.843091780938852	0.346361005482139
3.00669552792738	2.04314935105951
1.63092207769013	0.954182624089179
1.45733117575249	1.36606548306437
0.843091780938852	0.346361005482139
1.6426431055877	1.5369885192405
2.08778295780358	1.29142209969486
1.32597994259006	0.809948261575606
0.615406418220933	0.305338522306978
0.941172403247387	0.336573390963605
1.16031583962182	0.558155361776749
0.508247159152995	0.203047088123134
0.855793074330536	0.356255162891984
0.549071057669064	0.241241956880723
1.51770492597546	1.00755231806208
0.556606715678426	0.303897946389692
1.90924118382734	1.93021430651505
0.776764382494046	0.47060120550902
1.5487235816565	1.03354449520072
1.41637701599687	0.793739165079669
1.29268946882519	0.851328252404735
1.0959394211034	0.703415512144099
2.24341580452856	1.82478600022982
1.07496135480648	0.689385216565312
1.11192837958133	0.796723896472337
2.24608340026518	1.82064116295903
2.98797434308119	2.89585883355501
2.05070164786469	1.54548677153376
0.861373156089116	0.478811144269995
-0.422710465963544	0.131699711586061
1.85357882297338	1.27102950506241
1.86347298798492	1.04772180042551
1.28625236653409	1.00954371167256
2.22392473559406	1.8404463317234
-0.672956546804338	0.246690952239154
0.555689464359024	0.246019867001035
1.85825735808423	1.26985793980332
1.86608752508844	1.06835265948795
2.99008975545996	2.07673884386938
1.5380414122679	1.04359394051107
1.52107792040953	0.988180939381617
1.08737481335288	0.702658254829473
0.55010004023854	0.246407230622646
0.862388038612866	0.351838843649266
1.80577814402211	0.579897169515412
1.09673736553494	0.574411829545089
1.29201677603412	0.934135108144685
2.30850744815963	1.19924213664799
1.39279873485249	0.762454259622526
0.433805550955191	0.125899356402515
1.8432595010156	1.24804058381502
2.01225247399042	0.892222393938206
1.0886547866895	0.617680955440172
-0.105712531371573	0.0433692027830409
0.821329689878611	0.372733949281641
2.31608760129162	1.21400243950159
0.301425368822425	0.139621675854798
0.85991855347236	0.346458290012234
2.08866836913405	1.88708207911664
-0.390307997585268	0.148747916628069
1.47551274773707	1.0805923819831
1.48899272570423	1.26730532358229
0.810117175778092	0.405595586848651
1.87233028073294	1.07493101587053
-0.143044450678675	0.0489566253911642
0.13064037046301	0.0411424510888162
0.474311922169683	0.161280084742063
0.240939383638942	0.0874609178503716
0.473124537182601	0.164307426258768
2.0930468352815	1.31745062517084
-0.882087192199324	0.360152170235307
1.32542419726046	0.798981001097312
1.15497990448255	0.354392783816625
2.03139593580384	1.50518572271301
2.70447952580809	2.81275868245725
0.517419418564067	0.201312710874984
1.49573913238931	1.10947519507625
-0.801356882747648	0.234590282374083
1.07287978656056	0.628697744565172
3.73252041030034	2.01562686262797
-0.0388116394118026	0.0106099560293831
3.74228072037679	1.97275912819201
1.14496257201798	0.35509824568904
4.20646146026451	2.63715898472087
0.633042091515795	0.311107921942558
0.179550395207472	0.0725279978698559
2.22531282293596	1.82438432992961
1.63632104671227	1.00460935505849
3.73016083045583	1.99020875135088
1.85894547992296	1.01963218579154
2.0642651578483	1.56124389678892
0.953980463775633	0.334377551424029
1.09153701587886	0.575097234804668
3.73422231136844	1.94171078200836
0.486319022836154	0.186857415570117
1.159654299729	0.557333122917497
0.853280042410562	0.355748323965588
1.66233265874487	1.02416544292598
0.227734428125929	0.0845295033766724
-0.381920147155898	0.122221657770732
0.373898439728092	0.0868259292003649
0.36051421708011	0.152085529848586
1.90825729491878	1.5229834628518
0.502566505583756	0.194426805998353
-0.0295610216470226	0.00841923783770376
2.01316604350963	0.917368522828072
1.15727261407567	0.35899800278529
3.43652865568349	1.6582101694691
1.64715243246245	0.638228599311507
2.32614872498826	1.19722770624278
1.80577814402211	0.579897169515412
2.10323439624075	1.32018591433068
1.15499106296025	0.357626976076535
1.41838280460656	0.79526700472631
1.64914996960997	0.626657759006669
0.223852678323524	0.0833277571476855
0.608380777186104	0.299599080264632
3.0813141475216	1.31594402364979
1.87995170739338	1.05642985348459
0.98452979536483	0.868352539814146
2.29211039804104	2.92364097065899
3.95280403249784	4.10237658692983
2.10377852387086	1.88598497867676
2.4850373307628	1.8903566927118
3.17871267579464	2.3753533172496
1.30742998431371	1.12434900937274
0.895579174364596	0.661735282338153
2.02289024083159	1.48773027861937
1.69077459995501	1.36195930658566
-0.327295126009007	0.080504045045159
-0.382102381222057	0.121705065745181
1.67637845389701	1.34798072874059
-0.83266685574816	0.4014625393252
1.65239727675012	1.03468940761737
0.85115207193108	0.356271658167454
2.02632123894676	0.915777749502837
0.46462012299533	0.218905566200019
1.28708532823701	0.854398721638913
1.85582671246901	1.27736187521568
3.16147123741629	3.2087357647931
1.64409815935758	1.46688974426918
0.437688456191057	0.125580008034337
1.62892946786307	1.00807178013159
1.85622565756131	1.29528757014201
1.176811549921	0.901409471249518
0.683068821849317	0.365777433162095
1.40028520723876	0.741436219624233
1.14932442570261	0.558915115162988
0.632538963753874	0.316205764631399
0.826980852252363	0.425446378861655
-0.329039601890828	0.139262588062593
1.85848921839112	1.64525149270534
4.54751485494958	3.24395641278135
1.14996928148472	0.357563393391782
2.54186205671642	2.81450261930967
3.66658566670558	3.35900095983644
1.33968189111139	0.802742222831987
3.15260502716474	2.35371405509155
1.83669150144548	1.2631914644103
2.30089339918502	2.55857989331969
2.49342547237106	1.89299069513278
1.15703135173469	0.564130151481844
2.12225047879185	2.16726203904899
1.9369659889109	1.56644329066319
0.44515396789369	0.128009718182639
1.07820252138156	0.675927374455975
1.33968777285967	0.802502129937456
1.30593636461383	0.779132665010714
1.66743970236411	1.43946293328985
1.52283313962258	1.04244716775187
0.813914736616823	0.379435207958077
2.49517073934135	1.88925749789642
0.558014980197852	0.247873294624134
1.09179284741782	0.709802730539958
1.65645245999897	1.02495228570518
2.39959169856266	2.53009864067264
0.221138876535267	0.0827975659805073
0.441407380437612	0.148790184139208
0.435796705805032	0.126031508905256
-0.0411789260057872	0.0112006867095667
4.54635931055273	3.23793347980614
1.6378039311983	0.998365006350498
0.506007715074619	0.197536501498307
0.932992903648687	0.343213802779003
3.06919540525571	1.3027545160526
1.31947872816854	0.58154081144167
0.506041568964977	0.200122115724529
2.97295907509068	2.8288150850453
0.842195038400409	0.350750149099873
0.837186843134931	0.570100906765322
1.46527575429934	1.17274147538633
2.09729702456737	2.37908852279767
2.78252106826113	1.76578903213022
1.30000647717782	0.848362787770634
1.09189402886482	0.574077685400339
0.324238137797977	0.147569609634365
2.83162154927396	2.47985097112047
2.31972702278359	1.601559186974
2.30171988958787	1.19065595647389
1.15770718788246	0.565036447606221
1.10541177323955	0.706792134455458
2.5863201038894	2.47763299717068
2.56347653967484	1.47103859129765
1.53954335036919	1.03236598665786
1.61380032238757	0.812931003394543
1.84139402969178	1.24849132925925
2.42168332334023	2.11841140358801
2.78854315922564	1.74332033436954
1.85639576877929	1.27546554968603
2.85049890632381	2.5274601907169
2.77873606252208	1.76328940978545
0.388856236225614	0.0893513438012124
0.813814962329981	0.41594475598171
2.48656577905169	1.89853333579786
1.13031318399708	0.872224220764305
1.85449817464198	1.27828618703111
0.517002458096845	0.201350540844714
0.0391629687080746	0.012724442912755
0.823749149690333	0.37033629202809
0.846781999562854	0.341205593177123
1.61983093155432	0.797466535178054
2.81800321331064	2.49125135826828
5.12472143176052	4.60988435992647
1.3157654410896	0.574064043173271
3.74161427674586	1.91524829673632
1.14995929943828	0.359644120216764
1.31149991811851	0.573872985799551
1.14516912228833	0.554323507500941
2.09153913884022	1.3165651497165
2.13835134205105	2.24363248639919
1.75473285209624	1.71866263457499
3.163123113755	2.29793155981821
2.65903961887803	2.1014107131736
2.26093015651215	1.83785696471299
0.796964886288821	0.407599284343225
2.25552621796406	2.16523950709948
2.00800901489845	0.912839221353983
-0.1688463304046	0.0561419686219979
2.66389214932201	2.14878218030286
1.32299620612197	0.809757663464108
2.07915473200911	1.30278753747923
1.15224659820535	0.548409532433493
0.855793074330536	0.356255162891984
1.65179879835951	1.02346526907711
1.08467660269554	0.681901612110727
1.31624378521234	0.787855532577916
1.61380032238757	0.812931003394543
0.801247060389721	0.388627753453146
0.425712735034341	0.224994502537857
-1.27058106502201	0.598683422378063
1.65664791667999	0.627065647997308
2.29966479340671	1.18965422676083
-0.14899133482272	0.0505331092438469
1.39855076952953	0.756563345564071
-0.0342097368811425	0.00937089362924517
-0.798339580557216	0.237512976825991
3.73990509096128	2.00551060758524
0.820352893440889	0.380230497876337
2.07017249340961	1.54879232369259
2.30815386597796	1.19935534798675
3.7345529618008	1.9840170302838
1.29064314367646	0.921152325797519
1.69093502507678	2.48533166175998
2.27641023987245	2.53797966476868
2.98635063212264	2.08237705036747
1.99806984240819	1.93365940008592
2.69692998468266	2.77452338739431
2.64189445422866	3.0323453353831
1.74052296903406	1.29097377708708
2.39130649785912	2.14736728450608
3.09792594729546	3.03436315050392
3.15909273194944	2.33241770418301
2.10329563466486	1.32691677478547
3.73016083045583	1.99020875135088
1.14087673151501	0.553152932689537
0.838123214804921	0.427905455339388
2.00152213304486	1.93458696237262
1.27016143034897	0.846890336533983
2.5619320870104	1.48112300726901
3.97925328168873	2.30998663039654
1.66608560167215	1.34775411065688
0.695394710643674	0.386436139479066
2.09621187605659	1.89444357961128
0.478831109466061	0.163927156744994
1.41544049321418	0.780724770199679
2.4662622050982	1.85223023535089
2.30424303637058	1.58282752966456
2.65243131796283	3.18142580638894
1.09062110305045	0.587491164382777
1.08495299978864	0.69186984210092
0.797893946891278	0.364484503797267
3.47854061605029	3.00649098824174
3.98541699570749	2.29742497019563
1.63653520145614	1.029370878241
1.14410405228853	0.550738968792726
1.86477632095943	1.26367897566342
1.30428525709536	0.562029006621389
1.47711149024486	1.19541512188699
2.59254321739895	2.45941753826272
0.505675260999043	0.1985848341501
1.62199290564277	0.811592032295457
1.31889810892956	0.79355854900893
2.6792282600091	2.20665698505197
1.29636239667308	0.936112627093819
1.61217583909861	1.52830543989499
1.30546545233818	0.78908004158732
0.436255794655854	0.12428749263571
2.04708603441971	1.53392066451329
1.06101336039367	0.554272192752392
1.40390552057458	0.769183501007207
-0.0194418509515638	0.00592241143405884
1.9122273739623	1.95913813380039
2.47879118204371	1.87761269456145
-0.140480395443402	0.0474965058169939
2.31087986898792	1.15940695381328
2.77294098040769	1.7416336773842
0.64020650645115	0.379337681980153
0.569186500215073	0.30682826559382
-0.388729681592021	0.148764742963772
2.48527533608574	1.85561222273103
1.15196695983293	0.5457157332249
1.55336779799184	1.04334626798915
1.88256548708813	1.06871842753298
1.40757560942816	0.762904979679016
2.78468592982756	1.76190632052241
0.951591008006717	0.341409368628177
2.30809515684641	1.62451199121361
3.44572997674484	1.64515659806724
1.73453513252436	1.29277891750289
1.89647624444002	1.55088346082029
1.92765360841423	1.58663339648539
1.87409457867988	1.0547013424166
1.65876680766822	1.35324539291906
2.40550282519562	2.86821705258839
1.9206861300036	1.57501147595889
1.83844753337022	1.23166696722063
1.71319827938222	1.89592703864731
1.08455513035507	0.572640017063836
2.63175379824204	3.52497237202046
4.54850278775973	3.28579104366787
2.37022907565249	2.04895438825637
0.676419006874667	0.376689915968593
1.42742766540149	0.779012622985199
2.6792282600091	2.20665698505197
2.98588273923715	2.04608826167958
2.57046039920441	1.49801167502871
1.08216139380228	0.58122121322793
2.01853983959565	0.928593142144826
-0.56124753506566	0.234773155538224
0.821256523783719	0.418093368431832
2.25483031810632	2.17370067987084
1.61991308179534	0.806873813005262
3.33542065875957	2.70539366155701
3.44371153517053	1.67619063326831
1.63969914820557	1.00099833935097
1.42762990380304	0.789198036355685
2.96985383897421	2.07672301996329
1.87448706719433	1.28547020670808
0.125974671265477	0.0400295705986204
1.09811284851359	0.628842622582028
1.09101195877076	0.697011013845917
3.43823356696493	1.62843601559653
2.99464560408686	2.06942488567293
1.54072820061547	1.03680461330247
2.07823739487387	1.28413108628622
4.54797163161382	3.22920490705215
2.29925029828771	1.60730960444538
2.76459008551862	1.7364930255418
1.73900545772087	1.30766982936842
1.67560823486873	1.34913859941549
3.43622658713387	1.65895261894807
1.61553406980963	0.811254507951557
0.494713869409866	0.193251608934519
0.841654079939216	0.3538837494916
1.63467439728196	1.51643080180632
2.09129430346956	1.32153704227887
2.48163781410782	1.88431609551531
1.31999688630784	0.794040748346281
1.87451388971115	1.07347938949285
1.10977853646494	0.775888532002713
1.63287269562583	1.01039528597043
2.99559080854731	2.08014868945087
0.854430512005476	0.588042565303612
-0.0426203745364812	0.011279985869755
3.06636574803882	4.51020998153235
0.84916995159376	0.352466211956781
2.07638222585125	1.28279330746165
1.15197220708405	0.359022029649851
2.32387697214659	1.60872971801517
1.31226866839143	0.569501199004394
0.821062490211312	0.42572582201411
2.12273894418882	1.29761915467782
0.824274590278209	0.420644850606635
1.60962322805908	0.791571069740851
1.87936777463408	1.27746064325352
-0.161069771322249	0.0550241573171265
0.693356834354181	0.385539349908302
0.444854208791125	0.127991221299979
2.6667566373866	2.17704733646752
1.65902719583603	1.00502546317677
1.61463588707244	0.820202639412946
2.10941948126053	1.32095579294707
2.28587067821846	1.59731199435183
1.28216591732868	0.857776869123454
1.4017621937753	0.760502310391679
4.32078555112043	5.26128448299845
1.33674855269692	0.810265688593285
2.25143837791879	1.84865519328015
4.37136766001687	2.92325978895694
1.619259860712	1.50192493142659
3.10548529338566	3.83166144739299
2.42879228802917	2.15054841634944
3.49326391678329	3.03532342342302
0.453120762149549	0.214831324878268
5.00144309587448	4.28111726271469
1.41380688707114	0.772077965860675
1.64638980143735	1.00619556214874
1.6486588937468	0.991269447518679
2.56231542344525	1.50156499544493
1.31408443078823	0.579073162500088
1.62665033414627	1.00538096001913
1.75159574775199	1.28085695573063
1.86098180556382	1.06954412618467
1.32438655067583	0.800255591770258
3.1455752537959	3.21628641451395
1.65263184144526	0.630012728055625
2.01734296661414	0.883438419325631
2.8322831423712	2.5086278289044
4.57267639334862	3.20951665234124
2.57733663894676	1.46589413942338
3.45063071627363	1.61114356741606
1.48017689131549	1.26881306880631
3.97382382163932	2.30558199214761
0.94070627902179	0.347797326422389
2.00835711551095	0.898536168739489
3.00669552792738	2.04314935105951
1.54476933096175	1.05459002063684
1.31427756846191	0.564757260839845
1.01549172618693	0.766384521930467
0.826156089271715	0.43085236257783
2.98361292326638	2.05427252461089
1.61784110817721	0.783868465084509
0.854061999957395	0.349407647980288
0.437688456191057	0.125580008034337
0.287775934342462	0.132724746257042
0.827320156877228	0.381032818831309
1.48094963316235	1.36877885765689
3.22965840477121	4.18789345120797
2.0877213575282	1.88806216559923
2.65974944724536	2.18598189109226
1.04453736123504	0.605594653651453
1.82971216912264	1.00557615259783
2.22934418639112	1.83206810993945
3.99501232405532	2.30930011440539
1.7109037431158	1.24722352610076
0.498184784650351	0.193919262086125
0.339938085279362	0.142519104459786
-1.26906942077701	0.584418661618972
2.00062324245739	1.89958077173431
1.31001014804393	0.942430297787072
1.89812089467339	1.53139152962513
1.59858048712892	0.80598383827332
0.12073133532592	0.0388479715742952
0.0311750704472155	0.0104097582358905
1.15853279024107	0.547615019314914
2.88021699178086	3.80479074743147
2.0236041875055	0.905052726321037
1.31435417441331	0.790195422963086
0.34508355616478	0.14684301859843
1.49792796268889	1.10229549436836
-0.56115233131512	0.238883976621454
1.41024899720454	0.775932891093381
3.66513344069134	3.37040849542613
1.64269041487271	1.01691917137281
1.54019751865356	1.05108014220224
1.63653523407307	1.01168212249361
3.50274737331787	3.0499368250961
3.14131331460901	2.35504513111207
1.84197002717916	1.25639284201396
0.839309718696575	0.347130765241293
2.48385478174244	1.80835268007154
1.29842031414935	0.55487473653893
2.06642357491881	1.56155839513845
1.48549954146163	1.29164056814908
2.30292461690475	1.62813430741546
1.2741126646345	0.884124969302846
2.10376952863398	1.32574482146204
3.44572997674484	1.64515659806724
4.18674521238862	2.62185214382663
1.06755139892659	0.566375432752555
2.55459250179266	1.47981872931032
2.78294115743375	1.78765901257722
2.83567688667266	2.44379252969151
3.98506013393121	2.3321657640001
3.14892242424776	2.33702390518883
1.04704439693028	0.578394973837414
0.161053095799373	0.0720146275583643
1.14861788270583	0.354542163913968
1.31076169026545	0.567654024165005
0.95125997466955	0.346753414627907
3.73753322921062	1.98046047232227
1.3039147078919	0.564624953568431
0.472158954748995	0.161430188416902
0.489788230145985	0.189304729289936
2.56652804806831	1.47331594963881
0.84916995159376	0.352466211956781
0.811620885411504	0.374092971015305
2.77716424516821	1.7882009108053
2.65669325385415	2.12416105472892
1.6153275137877	0.801050928488908
1.31704500353289	0.574153621318026
1.81256361946551	0.57834251056048
-0.657855212188129	0.242129795147146
0.468740614511173	0.160304172406953
1.15497990448255	0.354392783816625
0.50298585841701	0.199558613628505
2.57007374578076	1.49914613888324
3.07422077314251	1.3181512074564
1.08915142276501	0.636059690869151
2.7656216909911	1.73787599175762
-0.308749355476577	0.131010293488919
1.71973139623026	1.28761525659789
1.54381842363541	1.04371640321455
2.00877313061238	0.905895491430518
3.14996898060378	2.34345241591864
3.07598371730536	1.29177815049463
-0.546547137522076	0.228783367070338
1.31427756846191	0.564757260839845
0.315246125460051	0.143603326515852
2.31377739528582	1.60521976723737
4.57267639334862	3.20951665234124
0.235403504357341	0.0880493943115348
2.32095296952997	1.18470375149857
-1.16711272959543	0.397223041441504
1.64824045147599	1.02106828228826
1.65494252092978	0.627760779975998
2.32218388289461	1.57896951958754
2.08980582309137	1.32584781070276
0.443300091130079	0.127060121744837
0.388856236225614	0.0893513438012124
0.813395065963433	0.38320970561979
1.31477728544222	0.569247060626374
1.14603983901454	0.558335289015246
0.823099287944769	0.384576605994577
0.819657163267598	0.381703731552266
1.32750207667436	0.575442239657456
1.61952183172037	0.803363128193852
2.76588032503928	1.75044711130464
1.13713929162904	0.556304146802826
1.84621268968896	1.25143512749949
0.79998401140283	0.408766070345239
1.26156749780207	0.814478926331601
1.14380258362296	0.545590511675069
2.55982947537622	1.47837759015437
2.55287027186609	1.46834081520608
2.0610161648202	1.54018595741742
3.50585595817546	3.05240074986136
2.2560992313394	2.16482862445258
1.07719295985325	0.617711051675692
1.41032639837146	0.774579647866573
0.854892585477404	0.353608864450429
0.763470867753494	0.327660183790915
1.64945193411495	0.636815169113368
3.07422077314251	1.3181512074564
1.87456387727076	1.04405259028595
2.03323629499499	1.52352154104531
1.6227949514904	0.811292848652496
2.05872332807726	1.25763221825474
2.98728709408122	2.07963180111142
2.30851813899806	1.62347331242949
1.31947872816854	0.58154081144167
3.43422193480066	1.63669384166705
2.4918408446669	1.91842884999502
2.01700889749489	0.903908230667825
0.949205425894075	0.342140036316259
-3.69027169623845	1.66414356883853
1.15700129687893	0.359084261243201
1.85823328986459	1.04866824488831
1.26952469463371	0.83108684501746
3.44139163272599	1.65421730138556
0.430325447807246	0.124665397522017
0.122329477691513	0.0393581393961156
2.29122589775082	1.60319833504018
2.55459250179266	1.47981872931032
-0.389827945380013	0.124966303174743
1.14347534642364	0.546455530529709
1.65849364778874	1.03757176453183
2.0333050973703	1.53364167008884
1.62663151388246	0.806110545900882
0.452366960240156	0.129014774531037
0.930351553873165	0.32933188613749
3.17412105699647	2.35014615046613
2.55668936344375	1.49723334425118
1.35214467952137	0.786906171240319
1.60343987207751	0.802125813273229
3.97925328168873	2.30998663039654
1.87123910059935	1.05859447811219
0.132318440148753	0.0420558902561727
0.93628469764127	0.337326267145544
-0.384364921061612	0.124864438939779
0.689736948828718	0.375650345641568
-0.680853155160024	0.248723594768244
0.122498770494847	0.038558198748798
2.56913897553737	1.48662283410716
0.444854208791125	0.127991221299979
-0.327566199101949	0.0805649382219874
1.53236671955777	1.00070010534626
1.61455367811623	0.818232760466454
-2.13371397678132	0.633029387849393
2.02251223385999	0.892207985408871
1.43226262892912	0.777744187192864
1.53499991748527	1.02137072008043
0.450055740208048	0.128864448965258
1.42762990380304	0.789198036355685
1.6094952400941	0.80180684986679
2.58453692416693	0.9378225742295
0.386804340501861	0.0890870371925953
2.29226343073181	1.16116331989488
2.98361292326638	2.05427252461089
0.50079254666602	0.196703933797961
-0.0288626870649497	0.00820000466987386
2.30302442794838	1.57093175337187
2.10920918229357	1.33756423744806
4.20361430408515	2.59083214310198
-0.382275428929081	0.123817195823049
1.62268141246912	0.785273956830886
1.8670206210044	1.26054752955753
2.32162491052609	1.19962003519038
0.514800100929338	0.203414119342654
2.55037921510515	2.43492976197365
0.286260607982313	0.13274227135377
3.76492619082888	3.61433062391998
2.29678520964499	1.57045849181096
1.49171339058027	1.0812148292071
1.87451388971115	1.07347938949285
0.572122366951253	0.251890277501991
3.07422077314251	1.3181512074564
1.65463867976799	0.638533140878497
2.3060923745818	1.17963965804492
1.65217706200316	0.624994148349967
-0.0279155254022547	0.00787348180772118
2.05725070485414	1.55560283518956
2.0976890328838	1.35155767981607
-0.188673267779832	0.0624220917268381
1.3178501151722	0.572565456734137
3.97382382163932	2.30558199214761
-0.825916607417963	0.241693505079377
1.31965002725338	0.572300271769544
3.07394835948079	1.31896016410163
0.469846579897172	0.161201064176794
1.39606269711745	0.76262451295593
-2.58792662580816	0.864420955691165
2.31758464717512	1.17823157352
0.480812025913124	0.163991093066024
0.378758799248336	0.0873510367033447
3.44921730950001	1.62610415990411
0.824692539626325	0.418244608133679
3.98711153078041	2.33565773639127
1.99825529232209	0.903941100882758
3.73219049548292	1.98336590805057
0.437688456191057	0.125580008034337
0.452669338422884	0.12760574663291
-0.0413806507884578	0.011105134807854
1.64975399817589	0.626066684434427
0.947840778399325	0.34412338927013
2.77716424516821	1.7882009108053
1.88560815650232	1.05555318177013
2.2333246673656	1.85361430200941
0.318412695924483	0.148201607736352
0.857021332247413	0.358312381862468
1.60911315202705	0.813962912998561
1.31262577473445	0.569086801583862
1.31054775763782	0.568793948808771
1.81275735644485	0.578334100363068
1.81275735644485	0.578334100363068
2.80370688368075	1.75489398431251
0.512026796159716	0.198986955044177
0.246607180424701	0.0918471184805148
0.240933929592135	0.0892439315072993
0.953316793236908	0.341353812581636
1.65108325371328	1.02885539799373
2.01316604350963	0.917368522828072
0.478831109466061	0.163927156744994
2.5687512733702	1.48043284310214
0.495320067190023	0.194042804860557
1.92091091155598	1.58197905497329
0.942039636076362	0.344206436287347
-0.0211459386071139	0.00638536373142674
-0.339523285866918	0.0822222516814915
1.42207365031248	0.788796083848784
1.1590251393429	0.353864364305867
1.15929717085138	0.358391556930121
0.860253160854148	0.350826791704066
1.6116700930755	0.813703335041224
0.442856347300599	0.127861063358963
1.0749935773736	0.572061461976966
1.16884117434582	0.556030447511478
1.86888027580733	1.06507705763447
1.73265069947611	1.29594848185484
1.88763429013146	1.25392619181138
0.568034135647454	0.249106802439458
1.83454371850179	1.19373189962864
2.00598621304406	0.914412291031552
-1.68472752702945	1.0190668434684
1.47907920755129	1.04444452770771
1.46949330934844	1.17476923262038
1.64169416810199	1.02864373232002
1.66182432552089	1.02913625027151
0.89148489926488	0.560570415416497
1.53930436716924	1.01254115425458
1.73251702148684	1.29854823828342
1.32052798709813	0.55651541065379
1.87711991635497	1.06098854272816
1.30468603449316	0.567523931414314
0.57032259033068	0.250160508843968
0.475560001358425	0.164579254956042
2.55913142960405	2.45749702520032
3.42908906027034	1.63600040380876
2.29099948967505	1.59901570107257
2.69217085025343	2.23260844691621
2.30950967322538	1.58996715119069
1.29511756666123	0.559572180561108
4.38987975573842	2.96961096390306
1.62411816251489	0.821562803632701
1.08074203485386	0.570689255882018
0.499956408596576	0.194122744534615
1.14559043313532	0.553948816568397
1.41032639837146	0.774579647866573
1.72877622912995	1.30081139564646
1.39939522521861	0.765879970283662
1.90247163597088	1.52404294834334
0.686994693620945	0.386470740282446
-0.0100899185413583	0.00282341279742118
-0.376791147597663	0.14571723863861
2.01080419021524	0.917878163437858
1.11908950173581	0.801247542320395
0.484441967858216	0.165686129366764
2.06050774264069	1.56959886998863
0.936066970782149	0.340641495091394
2.58039599621734	0.941752296283537
1.16140467405243	0.557635942791397
1.14121934705782	0.544467089425962
2.53782141663152	2.43102138665729
2.25938518636967	2.12928936518397
0.633351777092202	0.313203730590435
3.63196940197237	3.3203817127744
1.64945193411495	0.636815169113368
1.31392432900697	0.573981450775339
0.121108290053757	0.0389322606487385
0.45748705446365	0.156861144440292
0.490981281728319	0.189713957828054
1.85936901937319	1.27894298805131
-0.149824271472333	0.0576845758323401
1.41358879041584	0.791948880732175
3.07394835948079	1.31896016410163
1.62984111859406	0.816841916921024
1.64030841542017	0.628865334977506
0.245684273039406	0.0911059995962533
2.55342023039574	1.45963531929215
2.40971446649092	2.11451207881617
1.80750757019359	1.71322162294511
2.48414852029125	1.89300651125959
1.15677307202887	0.557223404398003
3.0810393590457	1.29300842323713
2.32095296952997	1.18470375149857
2.55617419338917	1.4521504236364
3.1944010652289	2.33546466557176
0.213761740015653	0.0783191955659272
0.504075959872507	0.196026199484824
0.479905669158614	0.160240436002626
2.20840208978085	2.56201913756406
2.03082562370235	1.53158075960913
2.05845284990171	1.5716421346572
3.18781128888781	4.19259231576138
1.86186217464527	1.04303610181462
3.55981830642912	4.35765809706873
1.0868325545228	0.574558979580544
2.32611936940071	1.59476532195071
2.2845280193866	1.57120020549058
1.29990518691915	1.03091645136662
0.0087089144768643	0.00314435347684384
2.00821480416032	1.94328008238216
1.60028602656029	1.49031111971149
4.55947176879665	3.28729895892741
-0.646623278350286	0.233538911903472
1.31947872816854	0.58154081144167
2.05569624444563	1.76202009860825
-1.08393307877706	0.492244747147054
2.56231542344525	1.50156499544493
1.1574534864605	0.563743430022637
1.32585428566552	0.794230485656605
1.55854099565809	1.03822742541507
2.45675750779434	1.81350073648547
1.34214316457217	0.800155020370771
2.78986807695415	1.76198366427652
1.30854078954356	0.578826130306538
0.465945509314173	0.158497536177318
2.77458983303608	1.76233303311063
1.87377383749728	1.02351659644197
1.64215860835922	1.00722687366748
0.832828103238724	0.342264710853917
1.09823141174033	0.703483247069418
0.44161412189515	0.149971025522531
2.11221515630273	1.34215593836834
-1.41151445005737	0.392781075624489
2.98953853976317	2.76208527979023
3.43422193480066	1.63669384166705
2.78614485195059	1.74714593030472
2.01744705198217	0.908376275722839
3.65579216291038	3.38887177026226
2.30014908981436	1.62123991655111
1.42420827513628	0.788692562254958
1.64904787549987	1.31458528977518
3.72752615202171	1.95450332694679
1.15183329517599	0.556162460810786
1.61814573845908	0.811883417008159
1.07343680307699	0.549348384186538
2.67521018667899	3.13056491647833
1.90500736252873	1.54966972759873
1.64789117081823	1.00532412109537
1.33483425161179	0.813716354795905
-0.398021750944472	0.129235526935931
0.115761517441725	0.0369479381486428
1.32137805859489	0.57355050744634
1.84994140393434	1.21098720158515
-1.40393685650752	0.723805409916655
-0.401492087413653	0.129859982678804
1.28500938991778	0.852766657742033
0.450357276379642	0.128882961127995
0.848308684982479	0.350694961445645
-0.895143363768504	0.359536646140911
1.91924035941351	1.56148240883734
1.15154727172043	0.556238500832595
4.19432143450658	2.65657542580077
2.95868705891662	1.98553020625003
1.60068560633126	0.795608038279715
1.64312631982206	1.64306837746487
2.30193570898393	1.60423533362731
2.01283744550179	0.902585732964593
0.444854208791125	0.127991221299979
2.57007374578076	1.49914613888324
1.86514625125429	1.28214583496402
2.57150577533888	1.40704788358025
1.87499769520849	1.04035379963746
2.07419113112595	1.54809836591118
1.25891293994208	0.833610773173445
1.71747290962269	1.98633176814547
0.904175465439989	0.56439655845906
0.754910361157841	0.461855426876994
1.88219886757687	1.51618365163664
1.29221602357055	0.841810105420104
0.477535391645368	0.183527012960941
0.544948242475281	0.23973718635739
3.31074575902689	3.54321312780229
2.43179977513801	2.85072050472084
1.32209202645759	0.573000380323749
1.61879909936535	0.795494139074061
1.40698514896969	0.782296580259849
1.29201535570173	0.938629891576371
0.494222859457907	0.195082704491415
0.941172403247387	0.336573390963605
1.05214647274284	0.616853549746759
1.08555667669214	0.628203466828073
3.99779837824832	2.26783700430492
2.55657344018481	1.44990834486938
2.01616843045719	0.916690493912292
1.51765628228087	1.01549611043008
0.508247159152995	0.203047088123134
1.61420640348354	0.975328374876684
0.461616103100794	0.158332835591707
3.98200822752626	2.33564603127287
1.64689001370609	1.02186125762842
1.62373307132501	0.822214274816007
1.31616193600528	0.586796808071362
0.111940719493071	0.0362371038412318
1.60911315202705	0.813962912998561
1.14957376454956	0.550266975525292
2.31057175053643	1.21438601153779
1.09573012271879	0.584183709734036
4.19676721241821	2.65961889293649
1.63088677759272	0.623536989564542
2.77500622007687	1.7627695206282
1.30441693871638	0.568425994751934
-0.140899616767009	0.0476603689799139
3.14748827547002	2.33182928176843
1.41271872893072	0.769867651971398
3.73346085395007	1.93967756546813
2.01283744550179	0.902585732964593
2.28587067821846	1.59731199435183
0.339643119962333	0.144533485783277
1.42380628661552	0.779122105048694
2.55677434150955	1.47009869602302
1.17655992100341	0.55423051289117
0.44515396789369	0.128009718182639
1.86274031861249	1.29298244871355
-0.151182098283794	0.0513601892232481
-0.401492087413653	0.129859982678804
2.0944184090045	1.32606388157617
2.08714216512487	1.28054564852225
1.30734135217383	0.77022871050325
1.65017621063184	1.01243215808179
2.56585130568685	1.47015701926702
0.465056243532857	0.155565267818191
3.74766454481472	1.97844083639306
1.30782505700467	0.78953418269046
1.87776278086104	1.05889946564701
4.4014453543152	2.90703673249294
0.476393651145087	0.16365021780216
2.57757744392236	0.957433505286922
1.16689228118763	0.552315502209425
1.13464911181781	0.534167541037381
2.98093212901173	2.07441764971207
0.44515396789369	0.128009718182639
-2.59746896280767	0.856847653258548
2.00877313061238	0.905895491430518
1.14464936584338	1.26161681885058
1.60410520642087	1.4564210385737
1.58135316346192	1.56989287371512
-0.113403386331583	0.0529555506646187
1.28983079126407	0.841579085767902
1.64715243246245	0.638228599311507
1.08395285149512	0.699601923703461
1.32128182061973	0.797726033869433
2.07578368347403	1.82289739700478
1.32808129812609	1.10032981549291
0.517061325536033	0.201680023190661
1.9154494220568	1.57862657281614
2.77916132103059	1.75395865945644
-0.0328368079630474	0.0141336677623413
0.802739285418287	0.370610464915132
2.04755095194845	1.54529516018546
0.00860208993737052	0.00301795593353709
1.31269320137499	0.570719872794606
2.30136746176839	1.17298476681293
2.08280426876134	1.34007772150229
1.59896083162352	0.805975570685554
3.7228276196854	1.9623996577694
3.07422077314251	1.3181512074564
0.84726168755217	0.472490845255105
0.8119732283074	0.371829005319228
2.32823455383932	1.17459303975935
2.0670282642367	1.57243106653212
1.86327596177574	1.29825943460209
0.223365110073498	0.111379943771994
0.84916995159376	0.352466211956781
0.934573766617389	0.342610988823692
4.37756797174027	2.9257832975621
0.860877338046138	0.488585272699993
1.31373024274041	0.579223878983959
0.826230289521497	0.378817920339691
2.77099113591411	1.75779269442633
-0.675548601043062	0.246470343569275
2.02124639331569	0.891346911824434
2.38866078744193	2.15129381063198
1.0747177354704	0.694019732946276
2.08870017424483	1.3113104890238
-0.202172629713976	0.0900482525484736
1.83345602884938	1.2303742166976
2.00673379822217	1.914298585835
1.6374915885175	1.00253368458232
1.39332242572794	0.75908027041009
2.29275127865251	1.57507707737009
1.06419772986787	0.628069671458142
4.39343063777523	2.95940935239316
1.65263184144526	0.630012728055625
1.95898529039196	2.01678392647842
0.108711884577264	0.0354590411913721
2.23807370259607	1.82215162231566
-0.140844091487094	0.0475191673645468
2.10967842091055	1.33078853616378
2.02703414298559	1.52210800675437
2.56729897292128	1.47068740218222
1.61130680821943	0.79991165743195
2.5850139056114	0.9375104362967
2.99336525552406	2.01577136537766
0.473477319500604	0.164308696666005
1.61065372174392	1.40036035307485
-0.818733849003735	0.241394804846786
0.445346987709576	0.12757256264033
3.9408599385239	4.11975767587695
2.78769746602762	1.78825040842562
2.30266841014004	1.19642351923203
1.07752190016213	0.576101338968526
1.2656897023293	0.911673268729311
1.66605493086904	1.33857470234739
2.21130886073377	1.83451849211024
-0.0103002228845074	0.00314755861431881
1.32243584381143	0.798376254895767
1.3059766207843	0.564869257501267
0.551610574763389	0.240865626525206
1.85773875514392	1.26248593278101
-0.658114804033006	0.241070630945361
0.46649175384199	0.180061390580541
0.843091780938852	0.346361005482139
0.767883862464358	0.471751169260898
0.442455353988481	0.128578622840416
-0.326086336851824	0.0802709064148997
0.503424002563349	0.196428908766918
1.30892060123837	0.56708052424307
-0.32103307202361	0.079007025149334
0.147547856982852	0.0581925614713748
0.854892585477404	0.353608864450429
1.53010532856559	1.00761284001806
0.921515279545264	0.584549304581449
1.05902634805925	0.621983352639454
3.73285043233658	1.98116726691183
1.81045946197748	0.578570674290805
1.61024358324003	0.810994391306939
1.65695250422108	0.626785212871931
3.43652865568349	1.6582101694691
1.30854078954356	0.578826130306538
0.856639233045946	0.353138579021108
1.64134252998758	1.00606200620667
1.63562743464494	1.01303232971526
0.712170001041805	0.38503877738308
0.440163025510079	0.128436134724386
1.88631799993745	1.27541848018501
4.19085363041179	2.65560020831302
-0.145883706086829	0.0502692564827147
0.930775388686349	0.334820385943925
1.06071248017726	0.554551558974542
0.463191578148167	0.156823194878867
3.43422193480066	1.63669384166705
3.44603537524276	1.64364191375367
3.96135400725738	2.26752368350372
2.55668936344375	1.49723334425118
0.381939954112183	0.0885630978825824
1.6385822657495	1.01551502917981
1.60962322805908	0.791571069740851
0.0294242697958602	0.00982550759145776
-0.389174850910964	0.126288919434083
1.14270422844595	0.353753757992918
3.43652865568349	1.6582101694691
1.41901341174317	0.788633428720966
3.08158902571449	1.29153111501543
-1.41151445005737	0.392781075624489
1.31912368943691	0.572635205782319
2.01853983959565	0.928593142144826
-1.50276146023245	0.83527516857998
2.3213112300092	1.15604374189437
-1.41151445005737	0.392781075624489
2.28214077071111	1.6080299809503
1.70017670253909	1.24560936304637
1.62003127500043	1.42043119129638
2.98840859797932	4.92396654966811
1.47341751085436	1.29695927935741
1.29821254445249	0.784233772868934
-0.0506207852351623	0.0132959683576046
4.70982170771223	3.6038680267478
2.47933892470112	1.85187074269594
0.542025932643612	0.288308965599763
1.11875448647652	0.759541163159621
0.820235943428372	0.419798377883089
3.31631621202046	2.6605853063874
0.450055740208048	0.128864448965258
1.15224186187344	0.358935209934184
-0.383552104755553	0.122329731101183
2.03280664976476	1.49160969944146
2.57585879254796	1.4213271878114
0.82007280330115	0.420917470682638
1.08180566881737	0.741390949853193
1.3059766207843	0.564869257501267
1.60813492294571	0.809937325392738
2.293751570283	1.59763819745876
2.2725837616627	1.54270134598523
0.157199455417882	0.0638298302760282
1.30321360739388	0.799128762729173
2.70388406313779	2.73624828517528
4.19161788787649	2.60558873064914
1.27206715248951	0.833518532209262
-0.403106424392844	0.128183627358625
2.97031335247986	2.05299600643149
3.73990509096128	2.00551060758524
-0.0303003282829474	0.00852825225991697
3.73346085395007	1.93967756546813
1.86271817688557	1.27575207314856
2.01853983959565	0.928593142144826
0.461091762108685	0.21640668259436
3.45124496470651	1.6478638279897
1.30373039872868	0.782385084277518
1.0783300333814	0.576136239226369
2.55459250179266	1.47981872931032
3.07191541302791	1.30060988602716
0.448049214856487	0.127036282979351
1.29923111964859	0.567989995058686
0.844185054512833	0.348122267403657
2.0134947482036	0.901527174354077
4.72071463678485	3.63145789339598
1.15376889078895	0.889348054230458
1.46705555923792	1.3949846250263
1.44823771979341	1.22669312622213
0.600612834577458	0.298736128952312
1.9171984237874	1.53497344241237
3.08562996456429	3.90961082558347
1.31373024274041	0.579223878983959
1.5501845417087	1.03803485859087
0.838259932274055	0.348516378873886
-0.38501568153313	0.122158652619044
1.63582664333943	1.00417566061101
1.46288753828205	1.14309564549986
1.66838290159363	1.34232306786989
3.80621340457302	3.73270432955723
1.42103538515983	0.787312634407148
1.65513889857699	1.31178934866239
1.7124008649627	1.26100540134934
0.842063944075378	0.352752429844344
0.943456416021064	0.345278425930188
-0.326086336851824	0.0802709064148997
1.59647722075963	0.796178585342629
1.31149991811851	0.573872985799551
2.53637159059787	2.43134311674404
1.09861449314387	0.702330001483192
1.6506196120274	1.03871416395875
2.306704981668	1.19727867372278
1.59143452696741	0.771048665483688
1.30254544787623	0.78947915062373
1.30351562704479	0.772892385892399
2.79359798610745	3.60506238751083
3.53318081907434	2.96405238402207
1.15224186187344	0.358935209934184
1.61251831780817	0.831223392734876
2.31851839938804	1.20954950098339
2.68770815786539	2.19289668488717
2.31334878315064	1.17051070527872
1.08591396912791	0.561183021392561
1.63632104671227	1.00460935505849
2.55287027186609	1.46834081520608
4.37487937495461	2.93489815976427
2.56117895225789	1.47706250039003
2.5827029666934	0.95444482507333
2.99102948607634	2.04400686112119
3.73753322921062	1.98046047232227
1.70060197743222	2.10845195674141
1.50464822681674	1.08996698086341
0.337197347453967	0.141758226488934
2.24747336274553	1.84006873428138
1.07320088129785	0.570179454317844
0.794206081498999	0.36121136844781
1.70985848425752	1.26323465397776
1.64426624240225	1.30629932018608
1.07600606737047	0.583157399354419
0.80256806304192	0.362591180759913
1.61784110817721	0.783868465084509
0.702964780631941	0.39582999845488
0.8350534484071	0.434355772644148
1.30943067965115	0.566502865068024
0.823328056015744	0.333659495997179
0.117400929504504	0.0378978336106969
1.29970294573681	0.558501468033368
1.15440288282899	0.570387296916283
1.30868157287658	0.947780173670163
0.18390816646211	0.0824850586138323
3.16404211289648	2.3157821965513
1.27671019489837	0.936552630153746
1.05844216397685	0.62598467697623
1.85058141951535	1.27176119363482
-0.381463604808591	0.122973030731371
1.23090970982679	1.11972323076382
1.34136188478332	0.781289796539748
1.63008027386433	1.00821327454254
1.86639677468814	1.06968714620111
1.64241170212086	0.62688254731109
2.10051473966412	1.32849284514232
2.06176399653909	1.54422907833821
1.99324176775466	0.890214780662
1.14995929943828	0.359644120216764
1.29949532822514	0.567078691159717
1.64945193411495	0.636815169113368
3.97452987189749	2.30377460218261
1.17149319395153	0.978207042873577
1.3265186573407	1.22256483811329
1.8130495738737	2.24673558909756
1.60673909803989	0.819043463951337
5.26477787197109	5.04480629044976
0.483596608510244	0.18741247427677
1.58880102556087	1.83642295768025
0.442856347300599	0.127861063358963
-0.159732313301097	0.0615895387902678
1.14410405228853	0.550738968792726
0.943456416021064	0.345278425930188
0.827626345177577	0.3771777000744
0.872910620964276	0.498931129788217
1.65156993810123	0.62558156229815
1.62450340309976	0.804994001422891
0.547030936265245	0.284738986372004
1.32054538589288	0.794499860828701
1.07839680095752	0.582870474293946
0.124431569831854	0.039551757959044
2.77346807765121	1.76336385484048
1.65232884439116	0.630327623928871
0.745862771366854	0.451371726268847
2.30803961338251	1.61252528426301
0.132258921907305	0.0420249454071196
0.816174093515008	0.379211803040392
1.06272257673455	0.606715925343061
2.30809515684641	1.62451199121361
2.38409774918053	2.4481531654634
2.67647230572121	2.19203675591683
3.15673038659431	3.21070138009817
2.65247381327738	2.16662149576118
2.29522228831439	1.56706235760992
2.38731471528434	2.10912921260448
0.80763528621886	0.414649579940275
1.60174295718603	0.804491536360546
1.27605108343712	0.847458130418464
2.30815386597796	1.19935534798675
2.56652804806831	1.47331594963881
1.61379276093927	0.799254527609164
1.46078650056719	1.282095409694
1.73290847479112	1.86171478930376
2.61203347473812	3.43201472677134
1.87411948047197	1.26188108672058
1.61696575434626	0.966590478022451
2.99492505671486	2.84694657988937
1.30269380415604	0.782944125012814
0.835493732480559	0.573016339856598
1.42823267571754	0.764282526161436
0.483520572113642	0.189457192081291
1.84434558879632	1.24819380396894
0.945831360339598	0.344958840724124
0.486892817250097	0.163683085240961
0.855793074330536	0.356255162891984
0.0857176361557252	0.036483999689964
0.525892034154544	0.360778121674568
1.05755298039008	0.552174641072484
0.170922176887485	0.0703972629192003
1.61803322730635	0.812342767477625
-1.43599383316359	0.555497465507665
1.85342764527359	1.25579829693063
1.41408230918053	0.786072220430993
0.764574176147096	0.46541362534837
1.98997292253452	1.88734478144608
0.520330236638644	0.200967576765505
4.19599888002108	2.61530651258708
-0.656504590873959	0.239951843298324
1.5203603125823	1.08549457890731
1.28940051143451	0.849391389857586
4.1904717242452	2.60943292847499
2.80586069557782	2.47248153315768
2.32787379031398	1.16542142108727
2.05468696939923	1.5505345455163
1.15510280746455	0.558006668389131
2.29964388316854	1.60354340018266
3.74023762331473	2.0035974580432
1.45581959186022	1.58381535698215
1.29782080251441	0.845446398682424
0.969033795761543	0.653107216325444
1.26270978855764	0.822481181630974
3.36077100381202	3.68261582652147
0.381939954112183	0.0885630978825824
3.49445659568578	2.99675192386372
2.5695268287883	1.47778250769041
1.86905783349136	1.27149327725864
1.13162468314002	0.541294389083815
1.14010487193132	0.855215648668878
1.29954202008289	0.761533348891401
0.825770218250364	0.383824373663186
0.843312125050286	0.350436459033435
-2.11457542201993	0.632270703085136
1.17350349343518	0.549105694256925
0.467899864027144	0.161191776138274
1.11987764840266	0.803344491864543
2.36569871406583	2.08640393241487
2.4023426704848	2.10890877524375
2.0965794921649	1.31309257645101
2.5619320870104	1.48112300726901
3.98200822752626	2.33564603127287
2.12116882751496	1.86523013730034
1.61706504311048	0.807151746007526
1.15224186187344	0.358935209934184
4.38508385795963	2.95823579851177
1.81971900021247	1.59329381628625
1.25962397543301	0.883373815954969
2.12185370399371	2.61540704077012
1.76841779707558	1.67978773708267
1.51915116535042	1.01861332863594
1.86524374813586	1.05036183847106
2.66169872035068	2.2260651137846
-0.379184418372666	0.144553744103329
1.63805440251352	0.997966924862034
0.84916995159376	0.352466211956781
1.8923863263354	1.54559808348636
0.559045609793366	0.249057877832064
0.938062948222777	0.340428430013029
-0.552115786766078	0.234258805346388
0.428329365684688	0.122384336555758
0.56442179295694	0.3019607143731
1.49946251378164	1.09870949757253
2.24842617441358	2.48878387502796
2.02899507721655	1.46477130368523
1.27343365907677	0.991480022302145
2.55171040693957	2.42616884383807
1.06050911814352	0.62167448922724
1.66923819632606	1.35384161268909
1.28625859994674	0.924891941677689
1.61375147136532	1.54324712817935
1.13614202082645	0.862995587654858
2.27633509522301	1.56010834357967
2.05070164786469	1.54548677153376
1.84434558879632	1.24819380396894
1.30551942771292	0.776481715108752
1.28765378562765	0.855882077598533
2.19781599674297	1.77652332837286
1.83290434123919	1.2297331837304
0.501252944039708	0.19430850769218
0.831947553371388	0.34171228190297
2.97762319657844	2.05375701127382
3.14277277530415	2.3131057279591
-0.019112171237002	0.00590721952268206
-0.15894608338253	0.0609030402854046
2.49315610479381	1.89501498855665
0.753074967602923	0.461528481212644
2.40029672213997	2.18193202534202
-1.08358420757708	0.481430676351645
1.83590139977455	1.64206241846142
4.559540001961	3.23517231780805
2.0976890328838	1.35155767981607
0.346029314688046	0.144549008760764
0.938062948222777	0.340428430013029
1.25959010582283	0.799581120793785
2.10378495135579	1.34942084082421
1.64134252998758	1.00606200620667
0.15351838831469	0.0626071589927888
1.62533662261549	0.996742755136155
0.558510586827336	0.244887320854733
2.78336142986817	1.76515449358433
0.815351343485014	0.376442599291463
1.8803736236464	1.07511913768525
0.465115098970867	0.159040228236869
2.5778136971617	0.957067152435729
0.934988669040866	0.34298285576984
2.32578877449518	1.19171322020389
-2.59624396554541	0.871838624210666
2.08752548024419	1.30788678811291
1.84132579004121	1.27757557796913
1.65664791667999	0.627065647997308
1.88003721957678	1.06332998579187
2.31272343054008	1.20719390426135
0.843312125050286	0.350436459033435
0.851291656626338	0.352980585937029
1.5212802957646	1.01796612622198
1.63316712122693	0.622177018385784
3.43652865568349	1.6582101694691
2.30300338401143	1.60145373003586
-3.23820194400546	1.29276369359999
3.66577708934403	3.32463515526535
2.78106564615392	1.72611892262242
0.479077279120809	0.163923914378797
2.78510716474827	1.7915886071351
-0.663916542899006	0.244445405245337
3.74561373886639	1.98499084274848
0.93628469764127	0.337326267145544
0.117456541759816	0.0373566126528392
-2.0384246915858	1.00558663408507
2.58246518877188	0.954808913265067
1.64715243246245	0.638228599311507
1.31427756846191	0.564757260839845
1.30817566483728	0.547027524135739
2.09722396463369	1.35235075131212
1.31326321900061	0.781482257761101
1.33613017414286	0.788821267981022
2.01113205441839	0.917539301536541
2.01887032465644	0.912360476103855
1.42762990380304	0.789198036355685
0.107391184824442	0.0335359336418115
4.54277775728808	3.27864935768578
2.82111545895141	2.50656796063176
0.808171968263719	0.412355629814214
1.33084764119774	0.801805656155742
2.22451010235075	1.85039692583429
1.86891543081145	1.05455292190643
1.64914996960997	0.626657759006669
0.805768106365903	0.36714519844698
2.3157313171078	1.19576831627677
-0.019112171237002	0.00590721952268206
2.01853983959565	0.928593142144826
1.17613531066307	0.550331010254621
2.97766593750368	2.07146917258393
0.440163025510079	0.128436134724386
3.44371153517053	1.67619063326831
1.14633008495015	0.556092256452776
3.07653005489351	1.29030396946406
1.41335156933442	0.770705629406888
1.31146975616018	0.789495203084399
1.61243200036091	0.819935397731363
0.503033038696086	0.189643398167312
2.59070371990506	2.47574428660133
1.60813492294571	0.809937325392738
0.923563842937334	0.335887092708272
1.47800959543099	1.08250516506989
0.953316793236908	0.341353812581636
-0.6512799029807	0.233630226757024
1.32840978439432	0.801446738411467
0.480812025913124	0.163991093066024
3.72752615202171	1.95450332694679
2.22260675508256	1.82240555993998
-0.815224899677312	0.241902883503242
-1.44500628318681	0.557161040596032
3.4440161917238	1.64474585229139
1.63197524306741	0.815254269464837
0.840075921644172	0.350235500359094
-0.377967589873659	0.121478962124554
0.839731403183543	0.348880637921056
4.38550310827871	2.90233640343359
0.444854208791125	0.127991221299979
2.01113205441839	0.917539301536541
1.0928075066708	0.698686697191785
3.43138577272834	1.63403113588099
0.79717439420289	0.369636178329952
1.62373307132501	0.822214274816007
-1.15619345799842	0.394711335354762
0.934988669040866	0.34298285576984
0.44515396789369	0.128009718182639
0.561857522209683	0.242204800822681
2.30850744815963	1.19924213664799
1.61629774882858	0.8106208547367
2.30119169062823	1.19760543205678
3.98916489636801	2.31773613701183
2.32370581540211	1.20143849160006
0.439556680597082	0.20747571909842
0.31771166638272	0.133026606365034
-0.157919461494169	0.0616101320905347
0.464626427856318	0.159756215470171
0.389091380780796	0.0893837858796829
-0.172466181700708	0.0581796208523524
1.33084764119774	0.801805656155742
1.30602246558762	0.788755401385642
0.948875245579521	0.342255962349792
0.539787746037112	0.240890761091883
1.15221784454182	0.555640106581245
1.32786010536419	0.5631537306585
1.41996880259804	0.776074859430151
3.07598371730536	1.29177815049463
2.0236041875055	0.905052726321037
3.06892463579121	1.30354025392078
2.30302010441829	1.19630270244243
0.118608941215722	0.0383113543303187
0.804895437017483	0.369854240553983
0.444854208791125	0.127991221299979
2.30065454409242	1.60348924797971
1.30344195083849	0.774144264557763
0.864524849761189	0.34958622617345
1.43506079734909	0.775043970729092
-0.328306601286335	0.0815148772018528
-1.15675679409825	0.398189095706627
0.470814825306987	0.160576989852627
4.56431584440783	3.2894874300433
2.48208435716373	1.88561605875691
2.57242286589968	1.41358670551864
4.55064776424605	3.29323803988734
2.5847753763123	0.951434056294316
3.72813331289338	1.95640430315638
3.07191541302791	1.30060988602716
1.27139666525508	0.994229245088246
1.15989880863725	0.558525705835394
1.92429395260359	1.58397036626077
1.46835113324987	1.43623236046572
1.55400664036868	1.05572449327754
2.31644400799118	1.19464091523016
1.27360615420506	0.830380682316434
2.01853983959565	0.928593142144826
0.530961487417702	0.231843065021326
0.514037319337047	0.199173782124982
3.73957266722255	1.96234725257727
2.09196145315864	2.61748702941517
3.15002137949182	3.20661688670548
2.23871372570524	1.84502604657458
2.83123998225574	2.50973806725908
2.41868893532072	2.18753223327854
2.56729897292128	1.47068740218222
1.82944794838562	1.59174050333446
2.54341349577986	1.44988938691764
0.449885745255258	0.211031289999094
1.27246796957191	0.834695875219506
1.73216718845359	1.93746412861966
0.300494655126425	0.140259641034666
2.63946999499093	3.17124553626976
1.66231461144428	1.02977877620053
0.879647935384486	0.488307168552554
1.52308820327192	1.03025565469613
2.48359102785217	1.89370830360208
1.64215860835922	1.00722687366748
-0.661162482440447	0.239990685926977
1.15150855451272	0.558863737154374
1.4742341800827	1.07951609924897
0.816951870777811	0.417941037273027
1.06874289879177	0.588631768083587
1.86669165645964	1.06263111531526
3.15953110076389	2.35362638423366
0.811175877476411	0.373976703508556
1.31251985562695	0.78844677910805
-0.405534330144405	0.153672585667363
1.31149991811851	0.573872985799551
2.30569642529185	1.19156303729253
0.800401207674011	0.366024065441147
0.339715172785496	0.141039055192057
-0.66036227491067	0.244098023365411
1.59903036448733	1.50541907382055
2.06596073740255	1.53110616027713
1.4854855123734	1.04650850141619
0.592358526348684	0.288759217033126
1.63375474863125	1.03022413337429
0.92494031228421	0.332059525662511
1.31435417441331	0.790195422963086
0.857021332247413	0.358312381862468
0.176316069637786	0.0705366915793181
2.53540554485904	1.42396743257476
1.49475417109036	1.09866754824094
1.29139933103773	0.835425559921981
1.28901520229102	0.931654405629406
1.86825692652705	1.0405012596826
-0.369531633103615	0.11660431236669
1.84659574799952	1.04246774495451
1.63832789259183	1.01301761747334
1.17783487172188	0.536443200659014
-0.552115786766078	0.234258805346388
1.42127887880181	0.785862798619895
0.449654336195934	0.129577583705201
0.935649964889113	0.340390568081351
0.172919702719506	0.0711782912912224
-0.0211459386071139	0.00638536373142674
1.42149708106469	0.786832048994462
1.64349915666491	1.39774194810558
0.451917435311722	0.217449092571519
2.04499712772333	1.54027299937921
1.4149243254129	0.775854093311413
0.292846602494207	0.134118979047591
1.60565043928877	0.800117413044635
1.50358718830409	0.991455310765971
1.47360133593974	1.07997235307437
1.08503854118803	0.633977539877961
1.65923374557457	1.31887624125978
1.69822635108961	1.23168334203462
1.30675979278879	0.566036197007207
1.93463368416216	1.57223790921841
1.06304742524738	0.625828443198737
1.27066106609408	0.891665896922945
1.26208865422977	0.830522951346252
1.07118663947	0.684273372490863
1.06973400784146	0.626163337741054
1.45961966754142	1.15228859579984
1.64813793713236	1.46265434984985
1.17327326838219	0.559100003319479
0.800900195685995	0.49572004112566
0.516585678960528	0.197701890374019
0.247056232970758	0.0907737040375414
1.30163460868751	0.764276292051599
0.430510263727358	0.205805427969236
-0.312895618331086	0.146648045601614
0.451463500434525	0.15554011008814
0.840979901721941	0.345859273630559
0.355710637219003	0.146202739177331
0.791779758464525	0.365942596634653
-0.412889544216833	0.181345036548521
1.27802789127396	0.925721074781002
0.535584717910265	0.23490740490346
1.06803874425172	0.622850103620702
