x	y
-1.61238237026897	0.934770291392303
-4.00113994255983	2.05958887003212
-3.49128703399549	1.51134713331351
-2.59845649583922	0.862453075010557
-1.17139462629325	0.407686012078872
-1.40867940021366	0.722793910519864
-2.11793804739448	0.63135655885096
-2.59624396554541	0.871838624210666
-3.4791206633941	1.50957597543244
-4.03145859407804	2.01338167174668
-1.44405320380797	0.562802545205695
-0.160983644737761	0.0544078212073634
-3.4791206633941	1.50957597543244
-3.46037115145863	1.48533559797057
-1.69633237940189	0.731594702042536
-1.45046587518472	0.561786605061018
-2.50889501809938	1.50083444219853
-2.96292808933484	1.07602572428339
-4.00726474069071	2.05008627832581
-2.49702695278789	1.52784184415848
-4.26897431223224	2.37647447752687
-2.89872535363478	2.17453374243746
-1.41258048711295	0.392583212481328
1.14332032705855	0.354549436983091
-1.15975377431805	0.39756928416027
-1.87562044421907	0.875732800381027
-1.68441166666079	0.717970659101674
-2.31556759039298	1.30329700577347
-2.96012918084926	1.06994382147187
-1.41258048711295	0.392583212481328
-2.12755727202608	0.636162768540828
-2.59010690959944	0.863676284132476
-2.94269249920511	1.07887837307104
-3.24401486805702	1.30306765327258
-2.96292808933484	1.07602572428339
-2.05354869673866	1.02466040409092
-2.31556759039298	1.30329700577347
-2.51502851489441	1.5218461414214
-4.15118753585204	2.21751426798802
-4.01323484477366	2.05758564997037
-2.5168699871002	1.53868254891849
-3.68452290555594	1.7077560848722
-2.95217308542817	1.0695463308063
-1.70169212499288	1.03712465311942
-2.59010690959944	0.863676284132476
-2.05047581443448	1.0284087258942
-1.88985375248893	1.26442991132147
-2.95670313229087	1.0799832472719
-1.41151445005737	0.392781075624489
-1.41151445005737	0.392781075624489
-2.19716676634472	1.13969868322619
-2.60192339491697	0.856976680712227
-3.46984827545522	1.4929651247195
-1.68947823836045	1.03316329368964
-3.86305699520573	1.89246132471238
-2.03923812428246	1.0205895306449
-2.58903056152452	1.6547182077946
-2.67112457761364	1.77570497244239
-1.44755169538948	0.566291028072655
-3.2317279398944	1.29267978140064
-1.25654596074706	0.594670748221741
-2.5877163502001	1.65774750070614
-1.88373919130614	0.878687271659894
-2.95050784791928	1.06273716713851
-2.11625496161792	0.64084087948516
-2.59845649583922	0.862453075010557
-1.46108567237994	0.563075382074259
-1.88371877391589	0.880444988845575
-1.45046587518472	0.561786605061018
-1.61182462148953	0.942119774519666
-2.20864381544753	1.81008984389055
-3.04697318437648	2.39565354490319
-3.70005908769438	1.63523227457909
-1.15975377431805	0.39756928416027
-1.89262891783755	0.866027978575856
-2.12583185726159	0.636206454826058
-2.32919258814542	1.29632827467123
-2.96012918084926	1.06994382147187
-2.18811267045224	1.15484513822788
-0.400746369677049	0.205187313424389
-1.17139462629325	0.407686012078872
-3.46984827545522	1.4929651247195
-1.71132421555312	0.717188275423977
-1.50830116487177	0.835538629419784
-1.46633290854963	0.554269249687723
-2.31309128549347	1.30758393972019
-4.48055985608852	2.60695601184505
-4.26509369474405	2.32243649621304
-1.90186514278602	1.29268983862238
-1.85590650772517	1.19972610343189
-2.67696753316964	1.75557680645293
-3.02941465714378	2.4024619920285
-3.61079088052219	3.97740213873237
-1.80160577655629	1.85925559968685
-4.39033160604092	2.4187196718824
-1.87238878007545	0.864445596983595
-2.04272728485859	1.02174471784078
-1.2447671795043	0.594938420997421
-0.0114208048635845	0.00389538019331803
-1.50870834208067	0.820428292249031
-0.678438323886907	0.25168522811587
-4.00747128212739	1.97572696308562
-2.06787195603815	1.01138317543492
-1.45904301504696	0.566912864180753
-1.89761627056657	0.877428265959498
-1.88939419272685	0.868089633024695
-2.0623574124174	1.03688071338324
-1.81922287251046	1.1860600311378
-4.12811018847702	2.1852759111493
-2.84876119952891	2.06598434175517
-1.71246003753916	1.009583503419
-2.58225016910781	1.64358672709407
-1.77935679645675	1.12458385440902
-2.05368251216876	1.02467836216485
-2.21596254808081	1.77545096828256
-1.66472191885084	1.66959420566792
-2.28234072051449	2.65816648847549
-1.87839847133938	1.75689055126031
-3.69096202375265	1.70490332957872
-1.50865740402361	0.829667944460933
-2.06824738496399	1.0019586146737
-4.02547625718188	2.03261944888254
-1.88952025895706	1.25790273826239
-1.68666063834073	1.01655309968478
-1.59639094867594	0.915379777765706
-2.31029154577027	1.29626726952734
-1.61237933661217	0.949183892806381
-1.24425487991158	0.589509060739581
-2.20287205186309	1.16808576156981
-1.58998433393607	0.917824990221841
-0.319781087784014	0.135013918351243
-1.82909091354778	1.18075714603334
-1.95770125566522	1.36583497388808
-1.54628199496992	1.09715266645475
-2.15204765212545	1.70578088412558
-1.59243568540609	0.890795254295176
-1.04814137133605	0.571663874079779
-1.40473470988176	0.942855635674775
0.429462473089785	0.204697830311511
-1.42247013150532	1.20486001138494
0.357518962254369	0.267110477641115
-1.41154976544045	0.95161648691029
-2.30814286451033	1.30821432399356
-1.45792233451535	0.559583866907468
-1.87822309919765	0.872932573708714
-1.2793414953286	0.802588540740606
-2.04477109848982	1.03555051751709
-0.717191176975703	0.316596660287272
-2.42587538501431	1.43281758433188
-1.87926422690358	0.872961501720823
-0.89638889112	0.3614742083693
-1.09674695956178	0.487420479793516
-3.66600935104818	1.68463206614575
-3.48804567023145	1.49730631111214
-1.16813538595839	0.397245421956287
-2.05090483169391	1.03497461534066
-0.882170787626031	0.525969210848776
-1.86593217339802	0.864761256829874
-1.95720185905864	1.38854981990773
-1.6238693417364	1.25734407392821
-1.715674881102	1.74237693924578
-1.69633237940189	0.731594702042536
-1.87726843424518	0.871089601775042
-3.86899746364205	1.89450480590333
-1.09055112261206	0.494349666951632
-1.91012597757415	0.881501140862168
-2.51908219398725	1.53996655903851
-0.715388459890061	0.321480071131362
-2.72300041990914	1.82499138775221
-2.18709090478396	1.16543924842858
-1.25051848116168	0.616247474143185
-1.6935016634167	0.727450305838071
-0.0467869681712449	0.011967016446903
-1.59729969412792	0.937448097312384
-2.52628677232759	1.52395215276151
-2.66042706639459	1.75521106885778
-2.03718290725899	1.00525769033857
-2.27666646416344	1.87338057979538
-2.32913222960139	1.25845547871697
-0.655770119368422	0.334252555658866
-1.43558366079597	0.980954363099192
-2.83702780279365	1.98353382360251
-1.68145573307092	0.725202237092618
-3.25037831047555	1.31072968763222
-2.19206290495423	1.16732827351816
-2.59746896280767	0.856847653258548
-0.733958459715056	0.320499049726392
-1.88727516247431	0.884129303669026
-4.15978852184039	2.21039612548005
-0.835125509587162	0.400984749025853
-0.176794704864677	0.0588199737670593
-3.47274941096289	1.49184952202533
-3.66925862482574	1.68447953125519
-3.48518174918694	1.50928886670032
-1.44163221685713	0.558016897010047
-0.80771409352105	0.23856018920677
-1.89308145418658	0.879790675489251
-1.88972119153788	0.889304176084449
-3.47302173405553	1.48451825877499
-2.11625496161792	0.64084087948516
-1.70546611776843	0.722881976104016
-1.77653478771839	1.13281423163291
-1.91012597757415	0.881501140862168
-2.58305185373809	1.60700794479482
-1.82701892487226	1.1954536318231
-1.946866788385	1.35288003279852
-1.95542798740297	1.37202903507878
-2.31296686417014	1.29507713727864
-2.20333290838475	1.18552001149533
-2.04244285188072	1.0131283531258
-2.68748928473437	1.70101699719475
-3.86899746364205	1.89450480590333
-4.14233945681384	2.2022423612061
-2.50554421859434	1.53875698462563
-1.90042281233802	0.853632396570251
-2.94529170648287	1.08184221173329
-3.67527655271152	1.70975740420734
-0.186687160299225	0.061736838208457
-2.11625496161792	0.64084087948516
-3.47302173405553	1.48451825877499
-3.24083293406887	1.30703683631488
0.495364598134244	0.193973550678761
-1.44997964687726	0.5695873399959
-3.86305699520573	1.89246132471238
-2.5877163502001	1.65774750070614
-2.42489885848756	1.42629656367901
-4.15399365134595	2.2118440807869
-0.163185624737722	0.0632535418495101
0.537408065180713	0.234067107256011
-2.06204791388431	1.01615853732563
-4.15399365134595	2.2118440807869
-4.27883342806633	2.35293557453507
-2.41910301544055	1.41791702417583
-0.810583200719	0.473056870928957
-4.02535237843381	2.06015621938038
-2.41390617870132	1.41746852628683
-4.4913828705544	2.60675188317488
-3.47913644203901	1.49827557598933
-2.07049767616317	1.04000525096621
-1.46279212028382	0.560930056799218
-2.192802851774	1.17977128840411
-2.68679587997421	1.73981655908796
-2.41448824865153	1.41842773421014
-1.26133891054013	0.603106892547583
-4.01033333195033	2.02883040737488
-4.15096101556994	2.19769235093951
-1.24822563159252	0.61244391769474
-2.5803462178808	1.64186970044684
-0.319259919978915	0.130686535413068
-3.84788768555929	1.85439809264094
-3.67904807038136	1.64741286165732
-4.01938478742973	2.01922850809758
-1.79391532266325	1.13096095729268
-2.41271573379703	1.41569531602319
-3.8599695100187	1.88935533200801
-1.68436042499227	1.03371048843048
-2.30170001615101	1.29175153838723
-1.67496927014951	0.719256786998181
-1.26238364406972	0.612567475713486
-1.82633179738773	1.20248148871864
-2.96648371879925	1.06024656258489
-1.77215243210438	1.12795427972105
-2.51992458631825	1.54888113636776
-2.49810376725907	1.52511184305033
-0.945131334531557	0.569627872965938
-1.61931181954453	0.931460403797059
-4.63948620798458	2.85294421658929
-2.43564698596558	1.40939335979589
-2.90493431388918	2.14222304967084
-4.38333194994727	2.50381477909898
0.125666186600699	0.0404995289769152
-1.50092407960914	0.824311307284965
-2.51940812403802	1.54333694310647
-1.49715637535504	0.818565511613171
-1.6905214881482	0.724445650204547
-1.46384576041722	0.565425275967552
-4.13952093842072	2.21154169368165
-4.56900397136714	2.77330441463233
-2.33675543647526	1.2978258170877
-1.17139462629325	0.407686012078872
-2.94663782959736	2.23914134174509
-4.16549242197866	2.16710696535674
-3.2317279398944	1.29267978140064
-1.88972119153788	0.889304176084449
-2.73392341767488	1.83578822381373
-3.23785651969922	1.31106301795449
-3.86354336259684	1.8293332788529
-0.687514925283428	0.25308371020134
-2.20369467341879	1.17497915249663
-2.41836122453529	1.41502055135442
-2.94529170648287	1.08184221173329
-1.59748820203789	0.931676681056669
-2.0677403871779	1.02999743746443
-2.42110607092156	1.4311572863998
-1.08280086236379	0.479180294934561
-0.338187610441551	0.0828220139637751
-1.50316901412865	0.830262170786836
-2.42784241779855	1.44626343904716
-1.0764071089193	0.480765224845522
-2.59010690959944	0.863676284132476
-0.401656394392245	0.130052735724093
-1.70514014861998	0.734640141605143
-4.73075640481798	2.97272059455962
-1.49421159956577	0.819502045218854
-2.52016690056334	1.56198760816103
-1.69514913295956	1.0318700492959
-2.06544034329221	1.02614602390759
-2.30448163141719	1.25837916034532
-1.83518610861893	1.18330745902233
-2.52180564747706	1.5562657800278
-1.12053285264558	0.497528249725559
-2.88450312542824	2.09293470846243
-3.49740803096527	1.47753513624128
0.964048910557281	0.672489974298673
-2.03368204441574	1.00700844752415
-0.319004015513152	0.078546017662404
-0.0413806507884578	0.011105134807854
-2.7411001863954	1.85563890086813
-0.169041090734642	0.0574361617055303
-1.89867580000354	0.876220271711724
-1.62159044729245	0.941021958213636
-3.24702004054533	1.30325594009619
-1.44725578707284	0.563449404759838
-2.05110739373372	1.02742073559167
-2.30116511132094	1.29094142072033
-3.25003230842772	1.29016178378762
-1.76918413112649	1.10769642400042
-0.914692741825975	0.372643236235019
0.338682347280853	0.144745492402987
-4.14252391175364	2.22227784076576
-2.49615217187704	1.49965835234465
-4.25675514902016	2.30675741747277
-1.45674913579359	0.565325216320415
-2.44198579331413	1.34979510251616
-3.68780935615076	1.70085765658161
-1.16536589894551	0.401887753836726
-2.11625496161792	0.64084087948516
-2.32233428928948	1.31130920564553
-1.69931377437524	0.73464404791869
-4.15689863310083	2.14075668664459
0.820301612825063	0.378176328004066
0.0100638739848178	0.00377899689365858
-0.736391034194021	0.338806797412898
-4.27070820685157	2.35778304530818
-1.45466864163867	0.563686323272081
-1.44869322969647	0.563969391250078
-1.38220926051981	0.712515786290237
-4.77676869187731	2.81630393678629
-2.19940955202359	1.13947648345818
-4.27038738564078	2.33787789290751
-4.25422812594247	2.31883745622699
-0.312919263350677	0.132186682993314
-4.36506461523693	2.49434129603357
-2.84712339557454	2.03968240102983
-1.36229814546761	0.882676882254601
-2.65602181889886	1.74565833881432
-1.66994896558393	0.711740951160208
-1.89531226839055	1.27341147204642
-3.26608738640915	1.27635253398581
-1.50011895069378	0.824379497501171
-2.17826331513076	1.15229798519285
-3.25370128193614	1.28060334617641
-3.26608738640915	1.27635253398581
-3.4791206633941	1.50957597543244
0.231520843094971	0.0868458192222488
-4.29268492998812	2.32181626383452
-1.87513453329791	0.867029988526422
-3.4791206633941	1.50957597543244
-1.47484619401422	0.569949683114
-1.68726682211297	0.732414310581257
-1.589654101291	0.92229504381258
-3.84146597740596	1.8631571120044
-2.33893709868304	1.30909111777687
-1.44163221685713	0.558016897010047
-1.69088972069864	0.717532972351686
-2.94269249920511	1.07887837307104
-0.913760524445803	0.360450692682705
-0.798989269292726	0.237086792656774
-4.15978852184039	2.21039612548005
-2.05093341579944	1.02120364874613
-3.23467591426078	1.28622604981977
-3.24418281608045	1.29246903367977
-2.94269249920511	1.07887837307104
-2.59845649583922	0.862453075010557
-1.88972119153788	0.889304176084449
-0.722888492891639	0.331251790536249
-3.86916788074677	1.87536218619534
-3.46984827545522	1.4929651247195
-2.9540630304766	1.0929499144108
-3.22878680411869	1.29317391796469
-0.931110830521076	0.375925859866167
-3.69053858523696	1.69693808059739
-0.842891532095251	0.412182194235446
-1.67901150351531	0.711186770557504
-4.01617381977495	2.05726238397563
-4.0404534044128	2.02286940405444
-4.64965647100113	2.81576871773127
-3.47302173405553	1.48451825877499
-1.70514014861998	0.734640141605143
-1.09057070288157	0.488691001914006
-1.44085809609572	0.55973672067728
-4.13711030127788	2.19877872196596
-1.50809429739582	0.826584114022541
0.442155818180683	0.128560798875464
-1.15088790014913	0.674509623843751
-0.963085395719613	0.507952842928808
-2.44040114617403	1.39479665412295
-4.36506461523693	2.49434129603357
-1.7736331165277	1.13469991813681
-0.854941743494762	0.424657034857651
-0.576156918894757	0.274688066443204
-1.23602480328162	0.591741443352793
-2.60342582214452	1.49944435975084
-4.13657462867054	2.16755630507318
-3.34334554524333	3.1497765047572
-3.24381632723908	1.29116659560307
-2.96012918084926	1.06994382147187
-4.01933598765421	2.0319540246635
0.452954269384604	0.155546680127535
-1.37807184555923	0.679786278260737
-2.06787195603815	1.01138317543492
-1.10534746011513	0.492159158126615
-4.16871728124788	2.18105294780381
-1.86958190369252	0.874205623848129
-3.48231979349352	1.49089983107
-3.68780935615076	1.70085765658161
-1.12899318958519	0.658439356006253
-2.05327235959141	1.03036898891268
-4.49690866038752	2.54265026159707
-3.70629306244067	1.68222269331011
-2.43601454157198	1.41572253101799
-1.06912731708829	0.575308809774531
-2.52207800280441	1.53530277055153
-1.17322126516035	0.399151424009822
-2.96292808933484	1.07602572428339
-2.73301511794076	1.88579729704788
-1.8832500550001	0.883723793210484
-1.25505915733219	0.607792492050688
-3.86646347593009	1.85675163811185
-2.31808858040401	1.30594187911967
-2.04147617338671	1.018681207757
-1.89053187704286	0.874924290704636
-2.0623574124174	1.03688071338324
-0.905516461676007	0.369623991050963
-1.46425576673524	0.552702925872395
-1.69137652066294	0.725350368861357
-1.37588534563605	0.70002689833415
-2.66042706639459	1.75521106885778
-3.67839745439908	1.68952363071105
-2.05982210516788	1.02748695961434
-3.49453050645579	1.51184658520737
-4.01924500846893	2.05438449966812
-4.40688182620516	2.4228492310013
-3.69426157430998	1.68498614948823
-1.10497225143348	0.492014604255965
-1.0927067438628	0.486183053909784
-3.23467591426078	1.28622604981977
-3.47592836562483	1.51632163436114
-1.68153170595574	0.720876388916263
-1.4363453151658	0.555745907017857
-3.84746453687368	1.88988334428878
0.462665561524581	0.156912380069925
-3.4791206633941	1.50957597543244
-1.44725578707284	0.563449404759838
-2.18483004383609	1.17447557243767
-1.89248301644839	0.891676467775313
-1.88601050667858	0.873485868513566
-3.23785651969922	1.31106301795449
-3.86269040343164	1.88216356455309
-1.68591880536479	0.714188772430448
-2.6616149459667	1.75181688847215
-4.2984447950809	2.3137765403844
-4.02232086914182	2.0442906094292
-0.538095586326412	0.256191185788821
-2.50387466007975	1.53938869421987
-0.561879183446069	0.27061582542209
-3.2471838157023	1.27710488997357
-0.807322725496377	0.241045063064016
-4.47716665842652	2.64075207074447
-2.11793804739448	0.63135655885096
-1.90106152372511	1.3132484449662
-3.30552091543832	3.08005428953694
-2.20639374032868	1.17411145741172
-2.73281183845556	1.85148892447214
-4.5687970675713	2.7303840790506
-3.68452290555594	1.7077560848722
-4.47264069829053	2.63389132281593
-0.316825240379509	0.152549207551588
-2.53621852800626	1.49166687794078
-0.896813118455164	0.367893475171397
-2.05393067210348	1.0237002571277
-4.50165105997078	2.54317316244624
-4.12811018847702	2.1852759111493
-2.32487746983275	1.3109370527341
-4.26574533775288	2.37238392591889
-4.01933598765421	2.0319540246635
-3.24735865467129	1.31057679645978
-2.73202563593002	1.87999018015063
-2.58903056152452	1.6547182077946
-4.1481456263688	2.21220429496963
-1.61066779978703	0.930722968167603
-2.59301700711016	1.66404554846573
-4.72184504115844	2.96032482422596
-3.67251481995334	1.67967374591679
-2.50475443099746	1.53338674114503
-3.25653960740236	1.30282593007707
-1.89200041646565	1.26752112921558
-1.1691635545435	0.398400554593618
-3.87223983494234	1.88721411983426
-3.85068427695974	1.88992207687603
0.106215684973608	0.0342283398942624
-3.23467591426078	1.28622604981977
-3.23467591426078	1.28622604981977
-2.29871271836214	1.29002293065775
-4.45059533107147	2.5886503977428
-3.46984827545522	1.4929651247195
-1.87499118248909	0.874215330847115
-1.69931377437524	0.73464404791869
-1.15675679409825	0.398189095706627
-4.01340823611124	2.00922312626271
-2.18719133489869	1.14745086908432
-2.1866802110484	1.153482810629
-3.48840057735364	1.49270604695819
-2.61437079512944	0.848659677798509
-2.32720699249261	1.25689027366345
-1.86664915297889	0.862818845113634
-4.15998894939557	2.18518631681849
-2.7222636276963	1.84758343164772
-3.68438222899582	1.71169604468664
-4.01939749451161	2.04826798894708
-3.23785651969922	1.31106301795449
-3.84788768555929	1.85439809264094
-2.58575103484108	0.851921364801337
-3.85110756709483	1.84215401690584
-0.810808327140363	0.240524640358914
-2.59403623540671	0.862321687590532
-1.89806360414049	0.872921406163811
-0.800920844225984	0.236493729089377
-3.86037983785432	1.84911973413399
-4.16900738259711	2.1651120884277
-3.48519446347385	1.51875923517547
-4.39029595674111	2.43874912363281
-2.11625496161792	0.64084087948516
0.48762527976277	0.190158864755782
-1.88711116328023	0.877556333086352
-2.96012918084926	1.06994382147187
-4.13685534380548	2.1941318698915
-3.25003230842772	1.29016178378762
-3.8662956021459	1.88288158778806
-1.60663637672748	0.933997149966382
-2.67954067931878	1.75391291978534
-3.87223983494234	1.88721411983426
-3.67251481995334	1.67967374591679
-1.95965524058119	1.33798297738542
-1.14919637172426	0.671540101412055
-2.51657188821896	1.51942356778119
-4.36723089625793	2.48608205113081
-0.92564338247151	0.374437818912818
-0.571421977788559	0.242687972308734
-2.13078712491058	1.66556739614495
-2.51028613087317	1.53994748958961
-4.47946617825577	2.649878417931
-2.66243583813244	1.74294227950998
-2.11527941770401	1.64375858960511
-2.40610365850104	1.40053641185806
-2.3133731792096	1.30119334223234
-4.26290364899377	2.36943005395946
-4.28781925037915	2.36207019005384
-4.00713236672378	2.05964320072428
-3.24735865467129	1.31057679645978
-4.00133422003336	2.01727394290592
-3.50395571933828	1.48951789945412
-3.46956417000721	1.50979888537416
-3.69687683466292	1.68774945391247
-3.86305699520573	1.89246132471238
-4.27920340471118	2.3517894780702
-0.818903257684985	0.240815018057717
-0.72487158040897	0.335454123213361
-2.05138011401312	1.02174550633121
-0.159918037789883	0.0533774223722189
-4.67120888640122	2.81074071005153
-1.89524862254189	0.885448212724622
-1.67566243297121	0.72186736717631
-2.94529170648287	1.08184221173329
-2.52806957432081	1.53786581813578
-4.29605372553013	2.27473508347717
-2.9540630304766	1.0929499144108
-2.58802173827434	1.65398504708595
-4.56750430796307	2.74408429406584
-4.66199348892947	2.87683160149153
-3.86321343301995	1.8798065710895
-3.47274941096289	1.49184952202533
-2.95050784791928	1.06273716713851
-3.48231979349352	1.49089983107
-1.45641507196522	0.571159867497038
-3.47302173405553	1.48451825877499
-4.01323484477366	2.05758564997037
-4.14278706889237	2.19748007074535
-4.29364782186647	2.28547226121438
-2.5922919016647	0.850808961904777
-3.48234022750493	1.49179332032826
-3.66925862482574	1.68447953125519
-3.46668204335763	1.49581723292627
-2.95747105550978	1.08255074299022
-2.60640601381403	1.65753808441181
-2.30598676729182	1.29024920559237
0.447649743178098	0.129451169297451
-0.325496088733371	0.0796803271427964
-3.69328702948595	1.6602056176365
-2.94269249920511	1.07887837307104
-3.68823984385248	1.65731256868317
-0.392101578237076	0.126718309048001
0.440163025510079	0.128436134724386
-1.16513923828607	0.401391514506918
-1.67894839290492	0.722757505108272
-2.12583185726159	0.636206454826058
-3.48518174918694	1.50928886670032
-1.4456137539323	0.54888625748728
-3.68780935615076	1.70085765658161
-0.15550880640873	0.053184989356019
-0.685088183686335	0.25078994660355
-2.9540630304766	1.0929499144108
-3.48234022750493	1.49179332032826
-3.25340478521311	1.29746019164863
-0.699629938521559	0.25508907562411
-2.07250514796193	1.02229519629913
-0.154552034109595	0.0534162166521825
-0.803562149352311	0.239959706780035
-0.330531747699963	0.0809413806785777
-3.24401486805702	1.30306765327258
-3.67201505118702	1.7069892564667
-0.326086336851824	0.0802709064148997
-3.24083293406887	1.30703683631488
-0.810014808525441	0.239459859761047
-2.96012918084926	1.06994382147187
-1.50719181548947	0.834909039333021
-1.66918995382422	0.712245562596916
-2.59845649583922	0.862453075010557
-0.0298858259093641	0.00849839766739087
-3.85659591814298	1.8920871760735
-2.11625496161792	0.64084087948516
-3.66600935104818	1.68463206614575
-2.12583185726159	0.636206454826058
-1.46996165803965	0.56041920703237
-2.41070177433958	1.42697844875023
-1.84200928620473	1.18682346391032
-1.09915406611645	0.497153278495573
-3.46668204335763	1.49581723292627
-3.85060210691185	1.8686062379331
-1.18421332155665	0.856511993399984
-2.4124273442707	1.42029667199661
-3.8441678467826	1.85181818122733
-2.11625496161792	0.64084087948516
-0.899439226360332	0.36495616260348
-2.51696962629682	1.48047531844495
-4.86530102648501	3.11003619956816
-4.13952093842072	2.21154169368165
-1.7012329602998	1.0494408831664
-0.382752645265094	0.194513662326796
-3.85060210691185	1.8686062379331
-4.15708429182525	2.20719115973864
-3.49453050645579	1.51184658520737
-1.41258048711295	0.392583212481328
-4.38402373606921	2.49746516420362
-2.9540630304766	1.0929499144108
-3.24381632723908	1.29116659560307
-4.03755682510395	2.00186533908011
-3.85382830176229	1.86873556004725
-4.26326573543211	2.37220214881887
-1.2443613217819	0.595245783348593
-3.25003230842772	1.29016178378762
-1.45641507196522	0.571159867497038
-2.32720699249261	1.25689027366345
-2.18238128840858	1.13356826192497
0.439450986635441	0.126147307935794
-1.89020299807991	0.869963167694228
-2.94529170648287	1.08184221173329
-2.12405038734904	0.637549783253442
-3.48841798874408	1.51483381870319
-1.67496927014951	0.719256786998181
-1.69056011620065	0.730434854301542
-3.87513145808762	1.86340028102317
-4.54416124326608	2.7394648701499
-2.96368015470176	1.09391132840251
-3.23488705770369	1.30740157520254
-2.31054679504327	1.2941143450391
-3.99808452887576	2.05711630458218
-2.04229924208882	1.02049861377361
-2.95670313229087	1.0799832472719
-3.68181858219134	1.69781016916074
-3.67904807038136	1.64741286165732
-3.23785651969922	1.31106301795449
-3.67796917626224	1.7001819651395
-2.96012918084926	1.06994382147187
-0.809864789800853	0.240720485251289
-0.806094556751972	0.237007516344902
-2.96292808933484	1.07602572428339
-3.67201505118702	1.7069892564667
-1.70301027306125	0.70805372125293
-1.41151445005737	0.392781075624489
-0.335412606311641	0.0819421330423094
-3.86884090056628	1.86593771696869
-0.808863158909727	0.237861761227588
0.389091380780796	0.0893837858796829
-2.59403623540671	0.862321687590532
-3.47302173405553	1.48451825877499
-1.8869580911324	0.878231913004582
-2.58792662580816	0.864420955691165
-0.382534765239814	0.145925773288629
-4.26860096408237	2.30696724668417
-3.23785651969922	1.31106301795449
-4.02529571578415	2.04345326111534
-4.14233945681384	2.2022423612061
-0.902758359677976	0.362594912580734
-1.15376694941863	0.396550468009439
-0.02957039970885	0.0083052187660716
-3.225852481252	1.28741618842071
-0.590681181243645	0.250102935678843
1.14270422844595	0.353753757992918
-0.811373560011242	0.237506493790577
-1.44240008219954	0.55453972021473
0.939249145187285	0.337334113786526
-0.818733849003735	0.241394804846786
-2.22756952419752	1.14327179147224
-2.12234123160274	0.637594722384862
-2.95747105550978	1.08255074299022
-3.47274287589245	1.51648375272542
-1.15141971647202	0.395208639743188
-1.41861533435082	0.392208760255697
-1.10159733662297	0.497996621042042
-3.46984827545522	1.4929651247195
-1.88727516247431	0.884129303669026
0.433061576647609	0.125210690141933
-3.70962452084372	1.66790773942698
-1.10033149231135	0.47435898494089
-1.89524862254189	0.885448212724622
-2.5786842033655	1.62481086754871
-1.77671278450615	1.13760125995131
-1.38816431452747	0.678686270440759
-4.4635537677229	2.63448190890383
-3.67854438961601	1.70689968903158
-1.38364040640738	0.714542157683502
-0.713168955429754	0.32429247001689
-1.96777725737758	1.39593719499362
-1.71817403463988	1.44744742617412
-2.88594000220382	2.13575325540287
-4.8533950477906	3.19244389879999
-2.61221796096211	1.66984929137483
-1.1869188831301	0.400652185031206
-2.19433624226522	1.16940703501115
-4.48615365314756	2.61369544981918
-3.8904044016585	1.78008297297741
-3.23488705770369	1.30740157520254
-1.88152556105869	0.877880941167999
-0.381192533949242	0.123695282248744
-3.2317279398944	1.29267978140064
-2.6529856732441	1.69931888052464
-1.45182876174187	0.559000530147217
-3.85337342026436	1.88188480474079
-0.384424733773961	0.124835389855752
-1.68224095000138	0.720852067164121
-3.47593951133455	1.49837863953396
-1.87603123090927	0.876167402641253
-1.08174363223758	0.483419545168297
-4.00710359501678	2.06276135485689
-3.84425082353111	1.88458645748332
-0.387628026428125	0.125739774549482
-4.45239010394842	2.58876770258777
-2.51688588617922	1.5636846789639
-0.666958416988103	0.246968401285415
-4.15399365134595	2.2118440807869
-2.33675543647526	1.2978258170877
-4.49832333429469	2.46349839213046
-4.14830733828943	2.22258933002162
-4.29312338687725	2.31648179052993
-3.87497834022209	1.88466424034208
-2.06129333687719	0.987084763298548
-4.93266374205551	3.31764634262282
-2.41390617870132	1.41746852628683
-1.70609858225151	0.718115246715507
-2.20132485217901	1.14314777025322
-2.18762880515884	1.17672265970871
-1.61780570236278	0.910034604316158
-0.330531747699963	0.0809413806785777
-2.43317651349465	1.41500287347198
-3.85714190938429	1.8734837156198
-4.1481456263688	2.21220429496963
-3.23785651969922	1.31106301795449
-2.18189431567392	1.1329274036434
-1.10651849242275	0.494836652074732
-2.96012918084926	1.06994382147187
-2.94880090077179	1.07960497488258
-2.94269249920511	1.07887837307104
-1.17526492060144	0.400329339215736
0.474378170050486	0.161581005259043
-0.814403181494763	0.238427968213454
0.239952516132419	0.0893451298164263
-0.019112171237002	0.00590721952268206
-1.4539110501941	0.560619271863998
-1.4109034874639	0.705283680241596
-1.90642484793646	0.880773137081602
-2.59010690959944	0.863676284132476
-1.41258048711295	0.392583212481328
-1.16074992863818	0.392371141727899
-1.39779996507999	0.732001651372975
-3.66875986481832	1.69765387828448
-4.00420000968637	2.05733472632605
-1.09608947782464	0.49642939581291
-0.330531747699963	0.0809413806785777
-0.68010420578215	0.248648642390541
-2.94789681561174	1.07770443059943
-0.329833379522388	0.080964167982724
-3.24702004054533	1.30325594009619
-1.87887040048453	0.851386479713517
0.419497657047192	0.119103234571081
-1.15473967554762	0.397017347944234
-1.47484619401422	0.569949683114
-1.52888708417365	0.834854037425748
-1.17441985022447	0.404210618344489
-0.916501716307076	0.376966196183319
1.81045946197748	0.578570674290805
-3.2317279398944	1.29267978140064
-0.662215970129191	0.244198424650593
-0.902261490658849	0.369777848565237
-0.807322725496377	0.241045063064016
-2.60241060369975	0.854963479137724
-1.68261954234258	0.721187773901018
-0.406906768632812	0.124834065757259
-3.86576047734617	1.89417001372751
-1.86988031677169	0.861594655751102
-2.43009693051917	1.43501536272236
-2.05417833913904	1.02368854974962
-2.19323585193996	1.17356578785679
-2.41670245836982	1.42039470193256
-0.544804032277873	0.265048403475919
-4.71177648670138	2.98698169154883
-3.2317279398944	1.29267978140064
-0.65902470585797	0.241897265044718
-0.722707683412649	0.332479835237826
-1.40932406097028	0.728037003173457
-2.82657210181896	3.21253352922294
-4.26574533775288	2.37238392591889
-2.58764600644847	1.63191661460992
-4.81105460518037	3.00453131457444
-2.51226389939978	1.55490787722519
-3.85382830176229	1.86873556004725
-2.95670313229087	1.0799832472719
-3.47620244611808	1.46505327692983
-1.67650270386278	0.708820000926994
-3.47274287589245	1.51648375272542
2.57551660914786	0.96051052751055
-1.69383348841653	0.718295523961638
-2.59969374965312	0.866171839638
-0.0326012973407515	0.00911402884026209
-3.4791206633941	1.50957597543244
-0.694326390810986	0.252491286740788
-3.24702004054533	1.30325594009619
-1.69237007865427	1.02074644774636
-3.67201505118702	1.7069892564667
0.465303406065437	0.223027206689219
-4.01310729273402	2.05372579850783
-2.20611957090082	1.18488875369333
-1.06547803125126	0.594717546452728
-3.8446738283004	1.86102422932933
-2.67361457385547	1.74756835639897
-4.25226608334787	2.36026387890982
-2.67432594873144	1.75944487751958
-3.68780935615076	1.70085765658161
-2.59503168393445	1.66989276800141
-1.87562044421907	0.875732800381027
-2.18419321257164	1.1645561793127
-4.27104721673248	2.36503699943191
-2.19774335131977	1.14881731069202
-2.50163694748548	1.5350081602822
-2.0478632550508	1.02492381031875
-0.580462755838491	0.243414172817055
-1.09253821574432	0.495927467906351
-2.19786412012163	1.15900293092126
-3.69110222471061	1.68102151484746
-0.902758359677976	0.362594912580734
-2.31999304097732	1.3122795183028
-0.170250498303173	0.0576988384373715
-1.250433137471	0.580790251282381
-4.14516103457883	2.18650780913944
-4.26789154210047	2.35479472842848
-1.7000565212775	0.711253272596045
-4.00113994255983	2.05958887003212
-4.28781925037915	2.36207019005384
-3.4791206633941	1.50957597543244
-0.812541713209379	0.243528463709759
-0.661526691533113	0.24432167342332
-2.03062808597457	1.00707041271182
0.933498827943787	0.340835073421789
0.442455353988481	0.128578622840416
-1.06982916919079	0.476743623213911
-2.95670313229087	1.0799832472719
0.141315912728205	0.0580287443300755
-2.11625496161792	0.64084087948516
-1.87494747167472	0.879016918730882
-3.67577796043795	1.66934043248277
0.202963189272378	0.0746429860953629
-2.20538020573165	1.15937435714138
-2.20400469487734	1.1603287394096
-3.25037831047555	1.31072968763222
-0.800995785218802	0.237876280195171
-1.09663619509984	0.480726983582777
-1.09653671468843	0.497092497390993
-3.85982377183437	1.89529372747147
-4.15377943007964	2.16819269559824
-2.19571664714681	1.16240613122817
-2.12405038734904	0.637549783253442
-1.44275146806576	0.554786216830674
-3.71255418369506	1.66579947746204
-1.16703216165977	0.39920669027665
-1.6901896333918	0.728165798295602
-2.12234123160274	0.637594722384862
-1.6905214881482	0.724445650204547
0.426642361438216	0.121417604811203
0.388856236225614	0.0893513438012124
-2.18747848921958	1.12347948585231
-3.46668204335763	1.49581723292627
-3.24401486805702	1.30306765327258
-1.16399424397968	0.402583161382906
-0.328306601286335	0.0815148772018528
-3.23488705770369	1.30740157520254
-3.68780935615076	1.70085765658161
-2.9540630304766	1.0929499144108
-4.00133422003336	2.01727394290592
-0.669245162501796	0.240624605718315
-1.4391934507221	0.556145620330514
-4.13952093842072	2.21154169368165
-2.60813195408957	0.864987713070213
-1.68145573307092	0.725202237092618
-3.66600935104818	1.68463206614575
-2.05902248495915	1.03570467846488
-1.87311773288447	0.857806892373468
-3.4791206633941	1.50957597543244
-3.86646347593009	1.85675163811185
-0.917458714534625	0.372245914074574
-2.72748426254308	1.85378645154672
-1.5112520460186	0.836228735204122
-2.58015883081378	1.62568914034327
-3.86037983785432	1.84911973413399
-3.69370334741452	1.70983375401694
-2.43435643347728	1.4332719044442
-3.87513145808762	1.86340028102317
0.381939954112183	0.0885630978825824
-1.89870563830954	0.861297958167093
0.0971303009269647	0.0315570267686363
-2.17678260524821	1.14344969598865
-2.41596616558275	1.41263319987902
-3.48841798874408	1.51483381870319
-3.23467591426078	1.28622604981977
-2.05061262839263	1.02616822807019
-3.24083293406887	1.30703683631488
-2.59624396554541	0.871838624210666
-3.67854438961601	1.70689968903158
-1.88476238569551	0.875684175886376
-2.30607388701379	1.2852933717124
-1.68474853956681	0.723279418107133
-2.59010690959944	0.863676284132476
-2.18142848417846	1.16048073137871
-3.22878680411869	1.29317391796469
-2.31774331033199	1.31337608586124
-2.95759521661126	1.0747264122287
-2.5246771203273	1.51188096324027
-1.35002002993567	1.1134739931915
-2.95068842537279	2.2623365756128
-2.04272728485859	1.02174471784078
-2.45413022101725	2.35937602236834
-3.09333272961678	2.54117103708587
-2.03061721967285	1.47923398105285
-2.38504461406509	2.86570826506806
-1.84414650376376	1.21620406779539
-1.23487400705382	1.23272190167944
-1.00040575712892	0.658755958403459
-2.93233834822979	2.20068247888426
0.0462014328126626	0.0220658398033388
-5.02725388058566	3.50158285279054
-0.524724727560062	0.327453375477866
-3.03089726299131	2.40462492260498
-1.19175762248308	0.84873443679097
-1.22798281963805	0.740402293983056
-2.24829200611948	1.84492551354804
-2.90978228881978	2.16988942336004
-2.53061264815774	2.47934668944375
-4.57212697555732	2.76429727031631
-2.00453214345531	1.43086836457802
-4.47095235341127	2.56890841350965
-2.41921321773636	1.43030784741653
-2.71070313705858	1.80534541862411
-1.08149893777515	0.700697368147048
-1.76471818318929	1.12595064703075
-1.35697049101031	0.897179881156196
-1.37723285797789	0.717475399308706
-5.08188400584717	3.54921250073831
-1.40966878467021	0.948663339571124
-0.910762915970115	0.658533066803458
-1.53697740376539	1.08197668335459
-0.54355529312542	0.384650118788107
-0.94764568489375	0.668639026487625
-0.447295702386638	0.203049792732954
-0.800965712874422	0.457730850701945
-0.731536329730673	0.390080187561326
-4.45776909015776	2.56755278319629
-1.23382697636397	0.76195962458557
-1.95164170798279	1.34173176749209
-2.59703906700737	1.66734155268432
-0.952843256274924	0.598979692638889
-0.798689244210115	0.236974923937834
-4.63221214828307	2.8056411692134
-2.30853263099428	1.29770486617115
-4.28738808555467	2.32183175960454
-1.50660651319414	0.833517874932287
-0.202393184871351	0.0897756330567327
-4.01033414601557	2.03656248690179
-4.17515727286022	2.16888952175508
-1.69574710961088	1.38188701747088
-2.89658985282173	2.1510663181956
-1.23346607000105	0.75136082990476
-2.18596380700869	1.76869683249837
-4.36648382159089	2.50589619795124
-2.23356384866899	1.83651528040151
-0.808501676107518	0.239618852733624
-1.23230679547248	0.752419066237863
-2.84067195263952	2.04832414415787
-2.82021940119614	1.9135456938344
-2.17960524361063	1.66227289710096
-5.12929196938047	3.55513205754079
-3.0680133440537	2.41852698836045
-2.80048039261643	1.91247897262044
-2.0222743357357	1.47539614767757
-1.68808155966852	1.03519107925681
-0.9469187519598	0.477894487168996
-2.83691283551519	2.05056081825888
-2.65498079019621	1.74251528057946
-2.19519726736175	1.74083387533419
-4.85881952143458	3.08146155846906
-2.3115542414001	2.03670630419424
-4.48896820882328	2.59086271244633
-4.96957923601751	3.39062069473045
-2.12563476777449	1.63290922914549
-4.93024823615875	3.29286592155094
-4.82295407725596	2.84700938561663
-1.05394137370035	0.589486722661642
-1.89574594433996	1.30211649068468
-2.73920938907762	1.86106433702839
-2.26691795796097	1.93144121006605
-2.95105374207072	2.24252680474812
-5.0024689469672	3.28400367038004
-1.46563715703717	0.566615110452374
-4.26041160545188	2.36928021693728
-4.27352526019608	2.35680763042535
-2.99376046640942	2.32281946257982
-0.0177914614721758	0.00758575619255835
-2.16283593428848	1.70066243759136
-2.7867114255806	1.9369100800983
-0.746642941675707	0.409186447464716
-2.51028613087317	1.53994748958961
-4.71083297911627	2.9446260730208
-2.18470895685903	1.15834135575237
-4.58111192991778	2.69623751338915
-2.89755633308092	2.14893075455598
-4.02535237843381	2.06015621938038
-4.28207041273051	2.36903441261806
-1.57115542340985	1.20915692073934
-2.8935187323335	2.11504001276867
-2.50127648448424	2.46401617820263
-1.74672287721568	1.06627163914765
-2.34917783258029	2.1203582968875
-2.44241283738554	1.42396297847814
-2.31061637604699	1.3091337624444
-3.03968642774039	2.35126043076518
-2.11735596554793	1.65182523077991
-2.20408488950269	1.75972435786924
-2.21162732943534	1.17102408871276
-2.31556759039298	1.30329700577347
-1.39376564779409	0.921622460374995
-2.13200688891545	1.66309453059917
-1.13673022018502	0.643562288658431
-1.43148258352081	1.19060459291868
-2.72710367611101	1.86177453043093
-2.2070370836751	1.81974368277864
-4.98894714748823	3.33442164999287
-2.85303164005554	2.06042666303217
-2.7903703532724	1.95903535598039
-4.6979189531464	2.91669022040919
-2.95664371014387	2.22483265322994
-2.53414792260565	1.49116987702076
-5.03919912353475	3.54526824056182
-1.21647517274283	0.743099054931468
-1.94976343953084	1.36681638816734
-2.95759521661126	1.0747264122287
-1.83696964064257	1.19105316726137
-1.38255656236369	0.712447779191324
-1.14706611870571	0.674977331000613
-2.18981128384113	1.13834114348049
-2.50795838082278	1.54687404690111
-2.73559130315971	1.84887304673415
-1.08639311086918	0.601287230522298
-0.837660676749832	0.397628768542765
-3.10562431468719	2.55119970472864
-3.8695396065672	1.85976740204307
-2.31284212401598	1.29314586132554
-2.07525823061452	0.999361053542328
-2.68306539973524	1.72047741343868
-4.01325561168654	2.06569761494079
-2.8061127745044	1.93410975509159
-1.41177318895225	0.727920146305434
0.438284654816887	0.148890716307875
-1.39574034766206	0.706204371069605
-4.00726794386139	2.03579041100125
-2.95142896060397	1.0932285262034
-0.484387850210775	0.259123692441988
-3.25653960740236	1.30282593007707
0.0315140932889983	0.0118801918393697
-1.69056011620065	0.730434854301542
-2.03616373116641	1.02170997485325
-2.32724883363595	1.28018218589468
-1.522710311862	0.835630213409316
-2.58903056152452	1.6547182077946
-1.39966305012139	0.728774535898495
-2.06209845689634	1.03687784089109
-1.46264639121504	0.561913082610442
-1.4280161254864	0.969027616251732
-4.26509369474405	2.32243649621304
-4.56199112095875	2.7437106782348
-2.51505511809521	1.54014932688387
-2.51122010535539	1.51721435757598
-2.89466876301929	2.14054446261719
-3.48234022750493	1.49179332032826
-1.46602813118027	0.558006452549911
-4.72983213200784	2.88383111922561
-4.56197710678787	2.67195418680471
-1.84801532066156	1.21087080458515
-3.48840057735364	1.49270604695819
-4.26539696220948	2.36477543438229
-2.31970212669699	1.27860043742473
-4.13685534380548	2.1941318698915
-3.8599695100187	1.88935533200801
-1.45067491742464	0.561246168911418
-2.41867125691179	1.38971435356918
-2.6463687630151	1.73002364181349
-1.82684582471658	1.20194492988167
-2.8414242131449	2.05013979159595
-2.9094837989605	2.1014780255982
-4.36433581850275	2.49881557366598
-4.67276930534417	2.76879709021313
-1.98455990065167	1.39805258426443
-1.49383237779816	1.07200099916608
0.11582738405848	0.0370581357774036
-4.72302949666249	3.00842098743123
-1.22074310741105	0.71614325575392
-4.98765622187268	3.30808523327734
-2.94111084881507	2.20658239750503
-2.04987356582359	3.04502301609806
-2.29675996417675	1.9930047574286
-2.19282235173864	2.42175690697624
-4.6386542520484	2.79925068450387
-3.21773456975177	2.82593380927185
-1.41504133390857	0.950887097917023
-2.72522017043256	1.82264141686827
-2.12369821542739	1.56633885760795
-4.63396307393028	2.81107503939401
-3.67201505118702	1.7069892564667
-1.26926321091397	0.61321479251121
-4.14252391175364	2.22227784076576
-0.668136083579747	0.245355219166983
-2.20032806853967	1.15906545437654
-2.83192645454132	2.0318216418236
-4.26789154210047	2.35479472842848
-4.87320618457629	3.13705190141924
-1.6790062605428	1.0146077737903
-2.20015331937445	1.14641278005532
-1.3948457962809	0.730705017853382
-2.95670313229087	1.0799832472719
-1.20006004334842	0.700133614352016
-0.149622937252539	0.0516635077305643
-2.79883564055806	1.9541495521206
-2.03966499944737	1.0232719479279
-3.88132798124416	1.86140266702648
-4.4667862219985	2.56874311731137
-2.42704596047099	1.40722273535404
-1.67857154746367	0.985784712706818
-1.08851618300468	0.48070509161799
-4.27676995408422	2.33423480520092
-4.26290364899377	2.36943005395946
-3.85068427695974	1.88992207687603
-2.78626850977285	1.96435957341584
-2.04783554318364	1.03656651542859
-4.17764032215511	2.18943108990363
-1.7027856679353	1.00630442564909
-3.66925862482574	1.68447953125519
-2.43258332466724	1.41403823170778
-2.96766231382954	2.2684037079379
-2.68330842913031	1.77882528429289
-2.65166285404083	1.7439360008714
-4.79040386137254	3.08316328690113
-4.71957900523364	2.97975146563645
-2.81318182793703	1.88358429049702
-2.72960077501385	1.87369745455619
-2.88307697851867	2.11265666554736
-1.76483909672315	1.11795411970474
-2.72637578989629	1.83823990839228
-3.87822448826411	1.88059587171275
-2.80303183203903	1.9450096328124
-1.86915735994329	0.86568344180703
-1.53506993498908	1.09882902226913
-2.66593167962815	1.73501478638759
-1.42907064805254	0.970263191344397
-1.75390555771655	1.10649021197434
-0.470514315130458	0.241139963149478
-2.63488022915051	2.74576583607792
-2.32046437062168	2.0318194682633
-3.11957735171064	2.59056149414392
-5.53666259336472	4.76654282139121
-2.51915688033916	1.53654947694642
-2.89972666350754	2.13954493238724
-2.22985997352489	1.82781799089919
-3.00389985631286	2.34126706649151
-2.5168699871002	1.53868254891849
-4.54555177350626	2.74322614687717
-2.16157945860914	1.73461007141833
-2.30881150952025	1.29596563242236
-2.78651595110956	1.95597745328906
-3.11348488122292	2.53672489028932
-1.59944146728887	1.22734842862625
-1.83254167208056	1.17498299138946
-1.95368413734388	1.37924989560617
-1.75719003266247	1.09809772498752
-0.754652827107816	0.410770255847147
-2.9423629325915	2.2058698171965
-3.09693190493404	2.55740425042005
-2.72738223935227	1.86321792533088
-5.17771776621489	3.63143834550938
-0.856205114747832	0.591382697451467
-1.95455658577387	1.3764485265387
-3.87513145808762	1.86340028102317
-2.72433371814272	1.85500464833164
-1.46635436542912	1.02672719002331
-1.83553224212677	1.18780487733547
-1.59809897916156	0.922074046318875
-2.88929419480719	2.14553216227875
-2.41815354091207	1.41874612697125
-2.06470762551608	1.50317487679915
-2.06517928493688	1.03423490451552
-4.13375005707081	2.17779523015968
-0.854093639245004	0.587575248049681
-1.70906374808453	0.714796742818417
-4.00726474069071	2.05008627832581
-4.27390156745635	2.37688371940949
-2.03323691283804	1.01048370105648
-2.85094035483642	2.07797619143995
-2.05417833913904	1.02368854974962
-1.77109087162361	1.1240850563812
-0.859108386762821	0.42660560134994
-2.72855087427768	1.86268612921784
-2.58453399463514	1.64338494956268
-0.382515621389407	0.14839481296864
-0.327215690569615	0.137477318957587
-1.40008206653032	0.703108008916481
-1.47817752666472	1.00906794894463
-1.40222257257215	0.73120801759538
-1.24316948067729	0.602780116050456
-2.21598458132932	1.15449537615069
-4.37360102773137	2.51001353124822
-2.51251567890561	1.53547946830281
-1.68867000881654	1.03305909146168
-1.51452152271525	0.839227248479958
-1.61001409304313	0.938435050583078
-4.004207216381	2.03788502622324
-2.41271573379703	1.41569531602319
-2.04550569444448	1.01169954040621
-2.59044608737432	1.66566004359551
-1.70263298542501	0.728301637896988
-2.41694803467861	1.40079627970059
-1.38175841811053	0.727404704575041
-4.00113994255983	2.05958887003212
-4.37996858439121	2.47169847592855
-1.8723932461738	0.876048547880952
-2.19043073984268	1.17646994300594
-5.15002993054433	3.72361663906172
-2.41815354091207	1.41874612697125
-2.84124025594125	2.04094727931572
-4.72872147031084	3.00599304845526
-1.59496385178393	1.22985306445672
-2.58350681758142	1.64153883004008
-2.78116939566626	1.94795334560457
-2.7786649665136	1.93576797101451
-1.75695174843993	1.45853657557009
-1.94699486679771	1.3703503461243
-1.95718063637555	1.36305793714793
0.0229202062656217	0.00770833247548935
0.0767504830896478	0.04288797250192
-2.7576136564727	4.10331769105307
-1.29991106274405	1.21484156932987
-2.23564393139062	2.52664105786733
-2.05708318008079	2.11392676535082
-4.47828529260204	2.63021157295546
-5.02277739925711	3.45208691013596
-2.80195044004946	1.95572612484309
-2.83368825822971	1.90837041567832
-2.89343289529084	2.15394167609098
-4.83917925744876	3.12876784260263
-4.13657462867054	2.16755630507318
-4.48235551748703	2.6096087114707
-1.88078066400755	0.887768995044079
-0.71781369430182	0.332647199964254
-1.69770610272143	1.027739786154
-2.1998303979646	1.15839111217304
-2.59042814263479	1.64916837677644
-1.13885369637555	0.654983020665874
-4.27676995408422	2.33423480520092
-2.42243924682172	1.41590078958448
-4.65066347875698	2.87958170549196
-2.86354113067931	1.994607109065
-2.20287205186309	1.16808576156981
-2.51098254001367	1.49900366696063
-0.841079725803348	0.407743869589959
-1.06145196416775	0.593378930513143
-4.4926699421288	2.55215457485902
-2.66234680846724	1.7494453226715
-1.67932689904086	0.723095437837306
-2.43760170606256	1.40367456236364
-3.49453050645579	1.51184658520737
-2.97361712032513	2.24105178883089
-4.54971241061713	2.73183583080721
-2.94731221451269	2.20974534647093
-0.74774637995063	0.54191975676077
-2.30903640571205	1.28995099361166
-2.5979052139855	1.65052680330921
-2.72855087427768	1.86268612921784
-4.00726474069071	2.05008627832581
-4.62715328723619	2.85528794185945
-4.87979155640607	3.05052031572196
-2.66853556026216	1.77124507376939
-2.78244024731316	1.95433109343364
-4.38820561172421	2.47224743148039
-5.25242352966639	3.89835893705617
-2.42328368858008	2.2413625169636
-2.4253711081865	1.41216798934289
-2.8928648220577	2.1472612444317
-3.07985674563785	2.51052926362667
-0.909067561706478	0.65266301098275
-1.19465510048422	0.882177078405755
-2.18191743026107	1.16115188660865
-1.92395201714088	1.30574468075069
-0.81289639234851	0.458738964680765
-4.9321263422848	3.28245470546355
-2.26288718627997	1.86437893355342
-1.12368761394353	0.803900243503551
-2.05956325768717	1.53510929225521
-2.06229775668683	1.56348989666948
-2.88613889973674	2.07075401366373
-2.90703275509484	2.18676086553636
-2.26324869651141	1.92572329496242
-2.44436278657638	2.33721584646753
-2.02190942159597	1.45160458089465
-2.58997706283432	1.63382810830289
-1.35032317637764	0.878170373377251
-1.84120164839241	1.22183958288166
-1.91529483065308	1.77807481350245
-1.18313197474417	0.866358965446544
-2.12042389729604	1.65026693729833
-1.8718004248236	1.7308349592748
-1.96807456037126	1.38900510159491
-1.61383025794426	1.24429689403143
-1.51181267412824	0.84244058212986
-1.292211352342	0.800609640337966
-1.22813874558174	0.739149715860639
-4.57710204953873	2.75213324620828
-1.83464026830015	1.19646401834789
-2.88504869902444	2.10553744544585
-1.60144507939523	0.928707604286175
-2.26532128142571	1.90880935398722
-2.30170001615101	1.29175153838723
-2.66941990688205	1.7837777093755
-2.610427632826	1.65879935775014
-2.4096087921118	1.41645259328942
-0.920188691133773	0.375791841528573
-3.46984827545522	1.4929651247195
-1.13310584788797	0.648487013716059
-2.20818938447416	1.15280794334935
-1.26477871383732	0.607270672747239
-2.8567841417275	2.05948951728941
0.858796396757818	0.479671439915889
-4.00420000968637	2.05733472632605
-1.69825132763279	1.03876752111802
0.00641867211745916	0.00236215373150008
-4.00113994255983	2.05958887003212
-2.66596387311587	1.72747761386073
-3.07378389720184	2.49931882564992
0.214607971875386	0.0801982582358153
-1.78832072533131	1.12006132639394
-2.95411972943228	2.28325163504629
-2.05061262839263	1.02616822807019
-3.84746453687368	1.88988334428878
-2.42040298548862	1.40629419043383
-1.35542012873567	0.911503801123696
-4.71020761864652	2.95930434836535
-0.927699943142079	0.674562560086226
-4.3657919007957	2.47859958556511
-3.46668204335763	1.49581723292627
-1.49797928266778	0.813598735495137
-1.59221947937036	0.91137459290457
-2.31309128549347	1.30758393972019
-2.18440562385728	1.15013269190246
-3.86864641979647	1.86217586710826
-0.707303938766702	0.316810569112389
-4.16278651315527	2.17277541632059
-1.500702194781	0.82574554199909
-0.318209518142152	0.134101174673035
-4.97482531856957	3.385449378303
-1.83624445839378	1.20449695767226
-0.302330818968398	0.140588333652186
-1.66444024086128	1.31759381477365
-1.71635592907963	1.38518941807218
-4.65433937118313	2.83892220547994
-2.96466371106081	2.14538627497827
-2.67858894511986	1.73524381218827
-2.99899132290745	2.31724624019402
-3.04598843640584	2.43855733306219
-2.33644531666576	1.27481892111777
-2.30361883507121	1.28945263238451
-3.40680523587208	3.34532203837317
-2.07901960433811	2.56883919863322
-0.367353749134546	0.228173884234448
-2.46890072809064	2.33853566204445
-4.13389306689628	2.21575561168969
-2.71998819504948	1.85018213885608
-4.92312980225731	3.23529625639387
-2.49101808001709	1.50704467588338
-2.40969663476091	1.41051706003319
-1.77482346729345	1.13799778547214
-0.438072233554119	0.20026617574469
-1.14317543033444	0.671631483443825
-1.25112645006772	0.610964765198216
-1.19792279431049	0.886386576452641
-1.06656331705446	0.711235226863472
-0.709040598405299	0.320148236861282
-1.60493077141669	0.915699909925704
-2.66529684779159	1.77438833172742
-2.04228301421096	1.02120301867068
-4.91675950873898	3.32153538331652
-2.31296686417014	1.29507713727864
-2.59165335631956	1.64039074333554
-0.679314190120471	0.250445451912004
-1.19667244910437	0.849238274782644
-1.69946286732348	1.03258593014568
-4.63276934517639	2.86870026176134
-1.24324544642665	0.755709587787007
-2.04680273770961	1.51445211001012
-4.15961483944164	2.17086406540574
-1.13612223582491	0.642986306636468
-4.00440040818918	2.00305580117864
-2.20768739319289	1.15213639188666
-2.83953777098644	2.02213791535901
-2.62944547561362	2.77769845216633
-2.7274557981457	1.84486365032314
-4.45971878004611	2.62233270447917
-1.89468804912059	1.29767045386438
-1.58253883072663	1.20368412210926
-1.84317015689039	1.16843550354198
-2.49444176840225	1.50432546093781
-1.69433362633878	1.01954759423225
-2.72866523219732	1.8543987508029
-2.41236160841133	1.40588608280781
-1.14051123341041	0.667564051420422
-1.59873749558645	0.901147498733563
-4.47264069829053	2.63389132281593
-2.66737680206864	1.73212360597561
-4.01016688847683	2.06295522559025
-1.60129352310575	0.906691123129565
-2.32959156185596	1.3079025030662
-3.039458365312	2.41629081503039
-2.99936930715578	2.35022733377842
-1.96074148602258	1.37813640783469
-1.59555237055118	0.910181394526023
-0.171840416853926	0.0584996408657312
-0.260078544531851	0.135899270822504
-0.17561488437353	0.0596661041262453
-1.40726681427614	0.735119725453877
-2.89924387553612	2.07665382619278
-2.31581010371245	1.28696234949465
-2.78402418777795	1.94189881084709
-4.57008778330259	2.70872490367259
-4.14252391175364	2.22227784076576
-3.48518174918694	1.50928886670032
-1.87603123090927	0.876167402641253
-4.26290364899377	2.36943005395946
-3.24118886779147	1.29634317978052
-3.85673168870693	1.89216987090797
-3.24702004054533	1.30325594009619
-2.33914078776146	1.29191474549593
-2.95694766948739	2.22952286863191
-4.15096101556994	2.19769235093951
-4.0254014121313	2.01962246157684
-4.16646900919166	2.06296760554995
-1.68398012816581	0.731527525691984
-4.16849563939014	2.18346462816089
-4.63938645807691	2.87348678431166
-1.38914450865324	0.728463116895886
-2.41223390310033	1.42091103526247
-4.02842744249755	2.06059641500427
-2.49908970804481	1.53168085715889
-2.51063430564203	1.52828022819531
-3.67854438961601	1.70689968903158
-0.968236835578605	0.511814133246943
-1.27663245039157	0.795825491454863
-4.84478643983602	3.16588312463898
-2.6063830429467	1.66030044938514
-2.18110840664124	1.15142319509265
-3.85068427695974	1.88992207687603
-1.77715568313907	1.1284351305944
-2.051040392381	1.00893161987787
-1.68327098535957	1.02017224628637
-2.19604414548947	1.16731812058729
-3.88132798124416	1.86140266702648
-0.862567705842818	0.426272020361083
-3.86916788074677	1.87536218619534
-1.10738209066621	0.499624093755875
-3.4791206633941	1.50957597543244
-4.01632421818916	2.06033669142515
-2.95670313229087	1.0799832472719
-3.23488705770369	1.30740157520254
-3.46668204335763	1.49581723292627
-1.90687934501099	1.27200370927376
-0.0379691139427916	0.0102769992534417
-3.87241471425325	1.85424491984573
-3.86576047734617	1.89417001372751
-3.46668204335763	1.49581723292627
0.380220335111381	0.0881615126503493
-2.20054932060505	1.18271003435291
-3.70641830473568	1.68082106237409
-1.39966305012139	0.728774535898495
-1.45046587518472	0.561786605061018
-3.50105332151971	1.48294128470258
-1.89354487994251	0.866244393005343
-2.18249340723154	1.15954940324115
-0.410532748148843	0.130971481610973
-2.51434935635464	1.52720780655862
-1.28693549699951	0.61324733887156
-4.39373007949548	2.46604275252962
-3.86305699520573	1.89246132471238
-1.62482786172258	0.935594928297695
-2.31580653811068	1.29785023069273
-1.60222824357552	0.924522239022233
-4.55787388892495	2.72022958832049
-2.29452720297733	1.27520308255982
-2.59845649583922	0.862453075010557
-3.49127741530072	1.49785185241679
-2.33161042060624	1.29025057493184
-1.41151445005737	0.392781075624489
-2.18470895685903	1.15834135575237
-0.325496088733371	0.0796803271427964
-3.48841798874408	1.51483381870319
-3.494516148328	1.48434688336176
-2.59010690959944	0.863676284132476
-1.67496927014951	0.719256786998181
-1.61237933661217	0.949183892806381
-3.23820194400546	1.29276369359999
-3.8599695100187	1.88935533200801
-1.60912739814751	0.934453238043701
-3.86899746364205	1.89450480590333
-4.14533325944625	2.21993058099643
-4.13389306689628	2.21575561168969
-2.50123660315898	1.53083432595806
-1.82829862510529	1.18475270261047
-4.15719431536459	2.19064106488154
-4.26857037216963	2.36753420535821
-0.641628887136339	0.329702599585733
-2.50123660315898	1.53083432595806
-0.962986247431214	0.726840331913716
-2.18825459844023	2.3823624024716
-2.43643353431034	2.23450277122686
-3.15506230257125	2.6443069257376
-4.26259517594984	2.33342514521628
-4.37426174039757	2.50690671086614
-2.1945734779773	1.16728946896967
-1.62364538925309	0.929141095697319
-2.19323585193996	1.17356578785679
-3.85714190938429	1.8734837156198
-1.60034612965334	0.918638413262079
-3.24418281608045	1.29246903367977
-4.01019166464809	2.06548744474952
-2.5046811103857	1.53078410987377
-3.68167186441117	1.68682802761657
-2.41184591085328	1.41933465919348
-2.96025858149038	1.08487677119721
-0.743192447842144	0.33769428845839
-2.95747105550978	1.08255074299022
-2.71116039931722	1.78938122719877
-1.88705796260666	0.874160499976044
-3.85391006178274	1.88479387627154
-1.08146005888574	0.487944468693305
-3.24118886779147	1.29634317978052
-0.813708543411042	0.4727792896491
-3.87497834022209	1.88466424034208
-4.27143736252527	2.37940059387057
-2.05373010294764	1.0231435928053
-1.59894725963198	0.934859425637745
-1.3976902521356	0.720170487541606
-2.21416360160285	1.18018118359117
-3.47592836562483	1.51632163436114
-2.94789681561174	1.07770443059943
-3.67854438961601	1.70689968903158
-2.18186380682294	1.14332224254194
-1.0525332053467	0.564221286570899
-0.699716096540036	0.253906414575287
-3.24083293406887	1.30703683631488
-1.91053891275286	1.31524423116385
-2.59856259073923	1.65178596619696
-3.46668204335763	1.49581723292627
-2.18483004383609	1.17447557243767
-0.148508707280194	0.0494744790653275
-1.39005433071507	0.704626414854622
-2.5809915385438	1.64310616276654
-1.60083214848985	0.927089445008367
-0.714931267293636	0.325907227181754
-2.610427632826	1.65879935775014
-2.41444693157927	1.39659593145288
-4.26230168914892	2.34284064191303
-2.59685882193003	1.63854788650682
-4.04345512491529	1.98651681801082
-0.859576656583349	0.416504597455969
-0.662708157457436	0.34548013591727
-2.66494925114794	1.75479286751543
-2.30881150952025	1.29596563242236
-2.32946072482135	1.31082566494342
-1.69935796137054	1.03308848257759
-3.67854438961601	1.70689968903158
-1.40044330724134	0.938590871175045
-1.68249258076691	1.0026101883825
-2.04721369506857	1.50114231641976
-4.62053336972783	2.81712056018379
-0.372502926510959	0.181841196002067
-2.40730221877126	2.2047195699066
-4.79662302996795	3.04648669438585
-5.15782227416038	3.75832135269559
-2.98582088160531	2.29852573376734
-1.94542476425014	1.34566933773069
-2.50039788386802	1.52207020082211
-2.19043073984268	1.17646994300594
-1.84736926915063	1.19682699317037
-2.75112122780911	1.7806225087327
-2.12317944095467	1.65608477089735
-2.59147918757234	1.6536248990864
-2.50983775774563	1.51619004462222
-2.72737771896296	1.79004660630363
-3.06428105464788	2.42369156927942
-3.10309606054917	2.59497003410617
-5.0508796956887	3.46044441593127
-4.9610556472363	3.35178895270288
-4.46984248790328	2.63565389197313
-4.14233945681384	2.2022423612061
-1.84450231294016	1.19669465666406
-1.50922569346864	0.83719671834042
-0.849327796180559	0.402916799738747
-0.447383988858314	0.201321941117447
-2.67696753316964	1.75557680645293
0.0083869428179869	0.00317107830646064
-1.05840698191534	0.704464444267187
-1.89403665680555	1.29800740583932
-2.41961433069422	1.43892103647516
-2.65913737706136	1.7593983749608
-2.49978809153822	1.52099391725157
-3.08437316276359	2.53194448966568
-2.06908645367621	1.45233461957592
-1.39569170317039	0.726496725329238
-4.65066347875698	2.87958170549196
-1.75906379894357	1.11860678537811
-2.67074176801479	1.69915089269865
-2.51826668506222	1.55453928839411
-1.35280442686037	0.872957942237937
-1.83871585176214	1.17152351706961
-1.13580240056641	0.63445817677794
-1.88402476481714	0.887428786491993
-3.8662956021459	1.88288158778806
-1.44405320380797	0.562802545205695
-2.53213083183264	1.55036121247738
-3.23467591426078	1.28622604981977
-4.5730657533571	2.72358586506481
-4.24413406959704	2.32580750403562
-3.86029891144902	1.8529405916714
-4.1481456263688	2.21220429496963
-3.23488705770369	1.30740157520254
-0.156619834245172	0.0607409064512749
0.428641319188051	0.123631933533232
-0.670912442501323	0.242336715965649
-3.68181858219134	1.69781016916074
-2.04536520324964	1.01813725078315
-3.85433349086914	1.81759249342373
-1.27804591959733	0.601675572312703
-2.42844361475159	1.3746161036816
-0.158776492724963	0.0541735888840151
-1.10764050490226	0.500226976188849
-4.51464047197841	2.5178792835366
-3.24702004054533	1.30325594009619
-3.85982377183437	1.89529372747147
-0.690935803544614	0.243262398138321
-0.960543224930811	0.508335552874354
-0.859593006343946	0.419335147662231
-2.49997996883485	1.51400541450442
-1.25903159287893	0.615074540704782
-2.41910301544055	1.41791702417583
-2.19215386151851	1.16699293103573
-2.04830971493088	1.02546989708079
-1.49715637535504	0.818565511613171
-2.50512117141076	1.53430740694824
-2.18910578145743	1.16629086106825
-2.57846835516583	1.63438034480614
-2.17408857553331	1.14984478164414
-1.38632326296809	0.728941276733378
-4.36939760604034	2.47277693425965
-1.89867423806074	0.846936663032236
-3.99827270715305	2.02570098460923
-3.2317279398944	1.29267978140064
-2.30165138990291	1.29472030475818
-2.33478471056086	1.28600032225073
-3.68181858219134	1.69781016916074
-0.924837765677177	0.367422789908698
-1.40266996300134	0.734435083041047
-2.04024674273112	1.00019397935518
-2.5237530864828	1.51072727510611
-2.08503937252249	1.5549827540398
-1.69460428239798	1.04285056339711
-2.41622090517812	1.38528916565318
-0.0891748577032908	0.041454324165877
-4.79040386137254	3.08316328690113
-4.5730657533571	2.72358586506481
-1.83919911174566	1.18664106537306
-1.58253642284044	1.18911733897213
-1.69611167942984	1.01667438106262
-2.43512353174795	2.26204416913431
-2.96797336501196	3.71605678748301
-1.40051488191754	1.20457629912785
-2.59211231269114	3.50276804281521
-2.88568353958068	3.52701136009079
-2.79394457501908	3.1578524896597
-2.77902162212559	1.91234373116438
-4.95149268711377	3.24642847220018
-5.09125517013202	3.60862675363354
-2.66355669385094	1.76974318800948
-4.55385649137469	2.67811814011964
-2.32302176452374	1.28354217669897
-2.59159027099334	1.64385291741106
-0.965657875209495	0.510168646099595
-4.99166878871711	3.40568251585329
-1.22574974591759	0.586076628914329
-0.685513069110309	0.24936073551453
-1.96622745090789	1.4037804630657
-0.797938314597465	0.444935103050723
-0.115007229340332	0.0468973208977246
-1.95424743742727	1.35179308767276
-0.673457768144544	0.24816676895898
-2.32963750728257	1.26792275170594
-2.31061637604699	1.3091337624444
-1.7702738857953	1.1255386683292
-0.707637489290712	0.311799928741626
-4.62053336972783	2.81712056018379
-1.83775422578002	1.18713849961906
-2.66175559773017	1.74156849747669
-1.77588870033535	1.12127595934065
-2.1866802110484	1.153482810629
-3.68181858219134	1.69781016916074
-2.6560569629123	1.72554393343565
-1.6930265598319	0.732323542829214
-4.58270558501076	2.65642200299426
-5.04522612043328	3.55404775961151
-4.37572382646845	2.50319464219864
-2.51731541570282	1.53426736043174
-3.85391006178274	1.88479387627154
-1.37914006572694	0.709142995001787
-2.58576604944035	1.6386232716061
-4.25170250383413	2.3263204533791
-4.45239010394842	2.58876770258777
-1.89897303051726	1.29987552397058
-1.88899640902584	1.28032296918525
-2.33417878290672	1.31194717151964
-1.58128512810058	1.18285789039881
-1.33704812440074	0.870055944691333
-2.86144672254325	2.01021989991074
-3.46037115145863	1.48533559797057
-2.99497426285143	2.32133610433528
-2.58373567557961	1.63470818305688
-2.07341349791734	1.46364340197458
-1.6015986102859	0.922842909325072
-2.58160417507428	1.64235000140705
-1.0932417900729	0.492844772488251
-2.41496263705704	1.42467045079621
-1.40376225866141	0.942957909006223
-2.16925319685981	1.72238203780138
-2.73408949293911	1.83643757557043
-4.47946617825577	2.649878417931
-1.56038752033663	1.15770156453934
-2.52685020246759	1.49637147179505
-1.60677203509962	0.917201124786032
-2.74947204789738	1.82509092465964
-1.51034493905598	0.839405276259202
-4.8761940706188	3.17831162879605
-2.58373567557961	1.63470818305688
-1.366147952114	0.876330871938484
-1.47646775442863	1.06569349129277
-1.12103059011102	0.79665528973169
-1.90255695677294	1.29254074360079
-0.863423215261524	0.603579893945369
-1.37710350429812	0.70992317056575
-4.81381812420648	3.02726398026946
-1.96259008432106	1.31862923055849
-3.098439801597	2.54449043001575
-1.86610294767398	1.71187116795353
-1.38046127799413	1.12793171562296
-2.59044608737432	1.66566004359551
-1.30019442457271	0.820498076792211
-2.53678489564091	1.49919555874818
-1.97178366808028	1.90864971808025
-2.00841890071101	1.47054631888112
-2.33459761287183	1.2831639655941
-2.5781928322063	1.59449282813781
-4.14247217739361	2.19022114595808
-2.93771853312736	2.21938523791916
-2.80136739286754	2.99843228055604
-5.30529428905716	3.99459968341915
-3.34473766204503	3.15131870651061
-5.19967811828982	3.81989485009799
-4.97335578287715	3.39604041207558
-4.99166878871711	3.40568251585329
-3.19496612154719	2.76454578169628
-3.20486178279483	2.76946913061441
-4.64318912554124	2.83576630466027
-1.59817912178565	0.926073061687007
-2.18094656352127	1.70991239044976
-1.07695659541496	0.735957661081723
-2.49871293511361	1.52619357518428
-2.67432594873144	1.75944487751958
-4.28495155519382	2.33522637161561
-2.41981777426956	1.40534709344047
-1.34425034324567	0.876014575282446
-1.10560574460066	0.911051892126576
-3.27826442264028	3.00279272823444
-0.575800221140879	0.243182902191745
-1.5109275058682	0.813831848281351
-4.63767922373743	2.82529190456505
-5.03107161946985	3.48774663486843
-3.35453478361115	3.21326654127964
-4.26857037216963	2.36753420535821
-1.30339921438399	0.797819777300818
-2.42018831995759	1.41486638701631
-1.50371149629915	0.82324561807876
-2.51974532417574	1.52656213017614
-2.98891537500145	2.30687941520188
-1.49368393681221	0.821140129011982
-2.60692839477762	1.67575530462696
-4.15418475629002	2.2291150603319
-1.58421454842113	1.23137248110029
-3.8446738283004	1.86102422932933
-2.53497618198168	1.55416039645461
-1.52137727287539	1.11431487169056
-2.96918297422932	1.06174110781782
-3.85673168870693	1.89216987090797
-2.43639255132721	1.42613504502821
-1.38377932885818	0.714144562767539
-3.23488705770369	1.30740157520254
-2.50327941807623	1.53696141799054
-1.89802970015044	0.892053890221128
-4.96859632482976	3.36072797860165
-2.61462134590064	1.64483171993729
-2.72362652203176	1.85347289729107
-0.563953917268075	0.239693292523583
-0.996419103085642	0.500304463359979
-0.221789724770554	0.100691002237937
-3.46956417000721	1.50979888537416
-2.66627014800329	1.7502279715038
-1.45964341759176	0.56585658149948
-3.14281373784419	2.51460990883242
-2.50824649275376	1.54006911436936
-1.25505915733219	0.607792492050688
-3.85068427695974	1.88992207687603
-0.490667750331261	0.262740935265062
-3.67854438961601	1.70689968903158
-4.55657404267723	2.76079904040666
-1.95936653786332	1.40127517639385
-3.8662956021459	1.88288158778806
-2.71507128055226	1.82552502437171
-4.46325444644991	2.60634877923433
-2.50311439385531	1.51966385180089
-1.891562897155	1.27708419791397
-1.90192674395549	0.870409120219519
-1.59964326357222	0.928355818772038
-1.16837665212182	0.407051409037973
-4.37913596990623	2.5195881107945
-1.89988937687089	1.27387836581146
-0.893492904611002	0.369627946224834
-2.67348600278409	1.76754073017881
-2.42444948306525	1.39867478541097
-1.89957526568653	1.26327143744354
-1.91552956478167	1.25107949258468
-4.38340518466318	2.46860769369799
-1.77169720261369	1.13580718458612
-2.79742866718069	1.87295955025462
-2.66410967015274	1.73463367232494
-2.15636401698644	1.67473785754429
-1.7727395578464	1.10553540830505
-1.64706724703287	1.27061763163035
-2.06212706326645	1.53975621581426
-4.78539993608607	2.98207950865349
-1.54440044553578	1.40566181364516
-2.14691418521178	2.88607776354295
-1.76423097736145	1.85015012063048
-1.78115334277945	1.92838358633649
-2.77821126884986	4.2844770863984
-3.05958364690953	4.06158449490991
-2.73977971426152	1.80106172791659
-4.99570802114575	3.38613008143779
-4.79040386137254	3.08316328690113
-1.44849123603453	1.01354226237827
-1.75981268345369	1.10803491930701
-4.62816957238218	2.85345487077599
-0.666575556042618	0.412050972726107
-1.83261637522484	1.17006872033844
-1.46252757639821	1.04138241799019
-2.18142848417846	1.16048073137871
-2.99300082315791	2.35097634795742
-4.3657919007957	2.47859958556511
-2.79589250110946	1.98877386481048
-2.50392218293025	1.50421889564115
-2.88518668604126	2.08643012062839
-0.721232807503377	0.314622310843812
-2.31513168173833	1.30119411740248
-4.65438940360981	2.82128086701108
-2.19230353623879	1.16389721751378
-2.59469338307809	1.6672066084457
-1.15812176959021	0.658901177957586
-1.5688426768963	1.16459232610223
-1.20615465243385	0.720717385674662
-0.948898313675631	0.485644479635284
-2.24764949532414	1.87898287940477
-1.83844675289933	1.21430932393571
-2.85202162120842	2.02753570034364
-4.25728121255611	2.36051648577272
-2.41390617870132	1.41746852628683
-4.26041160545188	2.36928021693728
-1.88159618990791	0.86371147415202
-0.563453472827233	0.240643616559521
-4.56199112095875	2.7437106782348
-1.34548404078007	0.873784102617239
-0.996878119653452	0.635266469061827
-1.46853738735995	1.01377674669248
-5.05253734596503	3.49164168300301
-3.2833308180761	3.03435751686301
-0.788919858526954	0.521470448439269
-3.53543642951018	3.48378901317316
-2.31350813632139	1.2958961641632
-2.19942759307576	1.74063948637001
-2.18301596666571	1.71880582480837
-4.81360626631461	2.93136826369065
-1.99922677997989	1.44723360288991
-2.60157689981856	1.64702111531371
-4.64424341505364	2.83798247368405
-2.31282792978684	1.31149255688309
-4.47607352068909	2.61367977563185
-1.78071217361059	1.13356589691853
-1.96556343114729	1.41003695111459
-2.21847948717872	1.82950589230473
-3.09046651317497	2.48482280531441
-2.05832738312883	1.50739556187615
-1.21607246606878	0.745954567242875
-1.59817912178565	0.926073061687007
-5.10451831851957	3.6510561691334
-2.49810376725907	1.52511184305033
-1.13009236021248	0.642871378087917
-1.11206752710042	0.781524971018344
-2.20685312086703	1.75831454983634
-1.63947303313921	1.29368136034232
-4.37147795770491	2.51213981002156
-2.32235944036654	1.27818900564552
-2.51826668506222	1.55453928839411
-2.59429956008195	1.65916997416341
-2.60119391794046	1.66438764495033
-2.65687584173448	1.73945322055034
-4.85050041422435	3.19098487634343
-1.52065752416204	0.83894318173442
-1.90885734363485	1.29475245175771
-4.93024823615875	3.29286592155094
-4.6412925194989	2.86459452848211
-2.71940620143631	1.8299332396226
-2.06478096036229	1.55008814859586
-2.88899144744207	2.10961361463899
-5.03249796276363	3.51933078202704
-1.43995198915393	0.939421182433789
-4.2845199435452	2.35514131640736
-2.95657546301024	2.25883223982623
-1.13893967922566	0.65142984476567
-1.96332967361345	1.38102883930874
-2.94761132488265	2.25412258798817
-2.16979452396926	1.68327029116918
-2.31031887626297	1.29603284314541
-2.16632668547913	1.73218632922939
-2.58991521982427	1.62162041149288
-4.384716530912	2.51829006827236
-4.49877541655986	2.4686063796884
-2.58601414423877	1.62886883720965
-4.45776909015776	2.56755278319629
-3.09838677268504	2.50655288858333
-2.77687983016007	1.93424905232548
-4.58112595087323	2.70094314822882
-1.40675422692435	0.952175563432996
-2.16298432585502	1.70060331676359
-2.31282792978684	1.31149255688309
-2.89473899570893	2.13776147255791
-4.47831149261546	2.59942637719285
-4.74080839129639	2.90752427590182
-2.18811267045224	1.15484513822788
-3.68167186441117	1.68682802761657
-4.01323484477366	2.05758564997037
-1.51379998553536	1.10845343825489
-0.723846356519056	0.45765896316332
-0.214994519091959	0.0960996355227459
-1.78422165792197	1.57658697451559
-1.20408713335381	0.896251427795244
-2.04830971493088	1.02546989708079
-2.05837805944818	1.55158435747998
-4.01630747429358	2.04551854906486
-0.737819876266746	0.397494590052179
-2.42824580916911	1.43077009301712
-2.05090483169391	1.03497461534066
-3.84788768555929	1.85439809264094
-0.543322670350037	0.300456716666692
-2.03660752974749	1.02225389142763
-1.28389515199782	0.802064091982165
-1.8290628589506	1.18729175120032
-1.25739520148067	0.606241566409763
-3.68181858219134	1.69781016916074
-0.908156740450771	0.364447468776091
-2.73086631354185	1.83385660868414
-3.89691510521697	1.76684007695217
-3.48804567023145	1.49730631111214
-3.85391006178274	1.88479387627154
-0.382850217731137	0.1215027357581
-2.04534989015043	1.01662104550948
-2.32282431838855	1.29981049955823
-1.59826967673058	0.923607542958002
-3.68181858219134	1.69781016916074
-0.914124162784692	0.369639204992266
-2.96991894494474	1.07563777849068
-3.66600935104818	1.68463206614575
-2.96025858149038	1.08487677119721
-4.02232086914182	2.0442906094292
-2.94965385826023	2.24044088327389
-1.50411453524979	0.830854618181353
-1.68843467948291	1.02925721257826
-0.113391708830699	0.0478487264898214
0.837381495842486	0.465012187310951
-0.738253430127032	0.333464754563226
-4.13670547619058	2.21588840055392
-4.38484137453875	2.43848499921569
-1.04766574787716	0.579079058210039
-4.29268492998812	2.32181626383452
-2.66264749776038	1.77067278364172
-4.50165105997078	2.54317316244624
-2.04830971493088	1.02546989708079
-4.00420000968637	2.05733472632605
-2.20032806853967	1.15906545437654
-4.01033414601557	2.03656248690179
-4.25477297812848	2.36249621754585
-4.02232086914182	2.0442906094292
-2.41655502244969	1.42443966326094
-1.10807205979698	0.488148005591375
-1.38860574503388	0.719793776624359
-4.26857037216963	2.36753420535821
-0.792157688410426	0.440941258623612
-2.52180564747706	1.5562657800278
-2.22479324437768	1.16818676235045
-2.43262039552962	1.41899762355396
-2.81017288798749	1.90872047947911
-1.87562044421907	0.875732800381027
-4.02543192582504	2.05584674662342
-2.59044608737432	1.66566004359551
-4.92415100042571	3.28705805952885
-2.07188299006367	1.56392904734006
-2.98011039153149	2.27880118874652
-1.35602394509592	0.90774653185713
-3.85382830176229	1.86873556004725
-4.63660525835616	2.87808791789913
-2.44828154879706	2.28325893157513
-1.38963320406438	0.706186246777316
-2.93591528353465	2.21051892430944
-2.68943218105183	3.92723701378525
-3.09141159361724	4.06414781419893
-3.25888873068467	2.95626613897714
-2.15340252673678	2.88703445591832
-1.86415251895156	2.13890076838016
-4.67031604354626	2.756161149571
-1.60338324194831	0.937574384668699
-2.93725589315702	2.22090955951415
-5.1318871230081	3.65260516013147
-2.90978228881978	2.16988942336004
-4.77792296014914	3.07679090838266
-0.906772575888405	0.543340932795391
-1.88476238569551	0.875684175886376
-0.693306503581006	0.252191577235736
-4.55515002864034	2.68685895697848
-1.21674716219141	0.733672262455069
-0.860178226605896	0.420209090400197
-2.83233766903441	2.00032177399652
-4.65264304394463	2.84676923597778
-1.59712068651573	0.911481224558357
-4.66843355869183	2.77446695967475
-2.06194997646564	1.02647938125445
-4.38402373606921	2.49746516420362
-2.59568670356359	1.63935595191706
-1.82964386200075	1.19107129331108
-2.2051411866876	1.16430105847541
-4.4687837911297	2.62139636327326
-1.08235185373772	0.485474435454663
-2.79044624145135	1.96214543623893
-3.8720788168286	1.86626880342869
-2.50799615508041	1.51396878565175
-2.83804782311184	2.00900270922671
-2.66352435038591	1.73472635383692
-2.94529170648287	1.08184221173329
-2.58792662580816	0.864420955691165
-4.01924500846893	2.05438449966812
-1.89074595652559	1.2800066102631
-4.59003778878159	2.71644252073678
-4.70957967450541	2.96934345464798
-1.88428826045165	0.880207328569356
-3.67577796043795	1.66934043248277
-0.71423949643344	0.32496284941746
-2.5864153127363	1.63985799154347
-4.55652172758569	2.73658160473783
-1.23529300589283	0.746050416193353
-2.31538812345062	1.29284328741155
-1.36721671989985	0.909507663111453
-2.73957506591153	1.85329884150544
-4.16592626637375	2.19160916827366
-3.68780935615076	1.70085765658161
-1.60204229801098	0.919667717346747
-3.6876689155222	1.71183827714487
-4.65433937118313	2.83892220547994
-3.86029891144902	1.8529405916714
-1.14521598272554	0.640560875298932
-2.42091543653838	1.42109093100333
-1.49166992703698	0.806768430815059
-2.15398578991227	1.70484160624855
-2.32446129156659	1.28327103332523
-1.96384205162975	1.39232057870211
-2.41645544352561	1.39541952805837
-4.86823127635643	3.19131781526403
-1.83552361114415	1.18344458422994
-1.0808503941467	0.480177967000119
-2.65755272618518	1.74082105456524
-0.531412945332914	0.254952800091984
-1.90064188884569	1.25843729547775
-1.68614602544268	1.02487509740393
-2.52806957432081	1.53786581813578
-2.42803512252617	1.43900926510214
-2.18139999190035	1.16478430686643
-1.89532112970066	1.66395569647813
-0.263808388617863	0.135571862643606
0.864162153017687	0.690077663089867
-2.32398380204997	2.02011213934938
-2.11959188072493	1.64713733559397
-4.85925056531331	3.22384323733921
-1.896665889491	1.28198383333995
-1.78057809631486	1.13015120784634
-0.963328099963498	0.613823097670065
-1.15327274980242	0.795737488420812
-2.40624301726142	1.4095362790365
-2.22581884891312	1.82228892784049
-3.34242204058668	3.156307505567
-1.0584431796509	0.731701936528968
-2.34266991911574	2.07332387728195
-2.99914397865698	2.36216575067516
-1.54671173327718	1.1080955542894
-0.471834819174807	0.212934217533373
-1.77844043023139	1.11732106157665
-1.51692835294488	1.09644949380587
-2.50073706316571	2.4077016813285
-4.7127140831495	2.96980983179475
-3.03089726299131	2.40462492260498
-0.87475372424127	0.527828632111786
-2.95419119230403	2.23656152075791
-1.94807617648283	1.77339656798049
-1.36204412067117	1.11160137558065
-3.07174909408934	2.48602965991194
-2.96348527773475	2.25366059014585
-2.57686053406623	1.61775938190639
-1.41721952443697	0.938971737307427
-3.0110969240761	2.32947889297768
-1.69078462826465	0.993425685189343
-3.10428758654527	2.57765245412267
-0.307307608814623	0.143646618119739
-1.05864193641588	0.722426081602294
-1.89109237791356	1.28395285191942
-1.69687717485396	0.992388767191527
-4.55516765614812	2.74747249789388
-1.96463937491886	1.387111834572
-4.48283101272862	2.50682237814253
-1.84195410397016	1.15452154808895
-0.867925288355204	0.515988438095047
-2.5782322754048	1.63533795548935
-1.17709632195321	0.671462581357026
-0.789957941904471	0.520547160462519
-1.5990863540168	0.908902139368174
-2.50983775774563	1.51619004462222
-1.67029504246359	1.34206583090452
-3.69990316810184	1.67743748002323
-4.39367921799087	2.45328704862424
-1.44804860578253	0.550704264899689
-3.23790214085941	2.79818806871374
-1.78945550091503	1.03695727980239
-0.177891433333368	0.0593392226470776
-2.43121219405741	1.42086385570003
-1.05330314302442	0.571619936390683
-1.30446670128952	0.820083589782063
-4.26822616259671	2.36775202492884
-4.71795801489791	2.9986670048258
-4.14558424754152	2.21102222391965
-2.18947078876061	1.15078344750658
-0.38124405328025	0.142504590629474
-1.62233197833729	0.924658477097327
-2.59595415589557	1.66231739861633
-0.948274280734982	0.474249271646604
-0.657078761804569	0.321282402559214
-0.875682580456536	0.524360790924029
-1.3911309195867	0.714651532735136
-2.03923812428246	1.0205895306449
-2.59452820270188	1.66638654343226
-1.52363611205492	0.834950296657318
-1.38876717548631	0.731779700557009
-2.50909226430793	1.53770251133296
-4.71572390864461	2.96927796697425
-2.0677403871779	1.02999743746443
-4.27717459277723	2.3749356944931
-0.868106635662123	0.517957454704997
-4.55381168057695	2.75375587829119
-1.06358051680841	0.576430009085317
-4.48521016180778	2.64095714405619
-2.18483004383609	1.17447557243767
-4.28207041273051	2.36903441261806
-2.66876967192229	1.72113409507803
-2.79167552454741	1.91787163894238
-4.55933994680123	2.75775078254669
-5.09409286425203	3.57644411934559
-1.83076538275635	1.20921026535391
-1.68104723576765	1.01051234432405
-4.70492844053996	2.94971287260266
-2.41910301544055	1.41791702417583
-0.661021146058236	0.337017140395717
-2.66166784214862	1.74806317629539
-1.16133787663951	0.830522218828048
-2.1647303931966	1.71501413690099
-2.02330211966822	1.48041507006242
-1.75593681316456	1.10485437225076
-2.72461052367164	1.8276825048758
-2.11612885562598	1.60210164085633
-2.79040530228263	1.96751908675954
-4.26897431223224	2.37647447752687
-2.67112457761364	1.77570497244239
-2.58764600644847	1.63191661460992
-4.97652362391695	3.42853536753992
-3.03632691404202	2.40756724701135
-2.73159023386719	3.072704668314
-1.20694614899442	1.06625652885336
-2.76700104387313	3.00865072669095
-1.6025525471828	2.26604954009342
-1.40308767474363	0.949094874002391
-2.89704933169085	2.08374981551352
-1.61575088664849	0.941828258968738
-1.27122876724422	1.01259878624122
-1.59987233062738	0.921989773089712
-1.58462781556454	1.1865337193573
-0.868809750481468	0.513302599959684
-2.85191724398772	2.00357886131796
-1.28439325165586	0.811786299610217
-4.79353026030844	3.10309591141818
-1.21032150974058	0.725119087737128
-2.65837735624933	1.74608812192682
-1.83657978102373	1.20239879955778
-1.4357904716459	0.988970854668172
-3.04831336612322	2.44801853103897
-1.94953147499689	1.35099378003209
-1.82729916675974	1.17768044729363
-1.91083576913425	1.25754536191236
-2.11028222822325	1.61973974103093
-1.0846179995447	0.723240712763043
-4.38333194994727	2.50381477909898
-1.00584944335289	0.658240775046786
-4.56900397136714	2.77330441463233
-0.154761912473691	0.0593392980737701
-2.84160562651618	2.05607651697485
-1.68242134847975	1.00991662168082
-4.49554851849753	2.60135367575133
-2.06399311340493	1.01698796936398
-2.05500485487166	1.51374531650492
-1.7650314109866	1.11578911368575
-2.53572975313746	1.51263275479535
-4.26539696220948	2.36477543438229
-0.547045016866034	0.225763229408824
-4.0285131049216	2.0308764062649
-2.31118515147822	1.99118655119413
-2.58507926800028	1.63101240865091
-1.70857644166179	1.03027498478675
-3.34369277661331	3.09188835747354
-0.451069280402973	0.206738240800483
-2.90599907658818	2.10680585331179
-0.73145767617315	0.406738677634727
-2.90146883437604	2.16279736598245
-2.7946152483508	1.95827030899204
-1.17460365103084	0.814736793410456
-0.254185223324624	0.131491172238705
-2.00379512740737	1.45199628645457
-1.89747557256852	1.3015776163475
-2.6060593591384	2.73011202345214
-1.93731561402948	1.88963263056715
-1.94110976614768	1.34301648130175
-1.34680876511045	0.896565528716859
-1.29183254105132	0.809482960785863
-1.16124089915057	0.394406815788777
-2.20827962713208	1.78586531730077
-2.51852697803128	1.56434728391279
-2.46338008782576	2.37880394713282
-1.36437199607781	0.902433801309782
-1.902203341222	1.31409409766207
-2.78552197614954	1.93428272055514
-1.88626229563731	1.25290025809201
-1.89770928765319	1.29614882843719
-1.35422274951434	0.903647470295306
-2.26681920323689	1.92755471133782
-1.05313183872503	0.577363792281065
-3.1391237749672	2.67087842944141
-2.95584296271722	2.2239504480165
-1.90126209065224	1.30564361475398
-1.81225173997918	1.60200346112916
-0.36748873127781	0.22821316309629
-1.83851862468024	1.22604064847385
-1.94262219039664	1.35980748869757
-2.8930204620158	2.11672521081916
-2.40737150938001	1.40182042309634
-2.44003720646233	1.38070638097265
-0.650018812461887	0.334034953660741
-1.56563350509302	1.19103229879916
-1.56024023975316	1.14755137443891
-2.85345372149943	2.06498029320594
-2.77495546293604	1.93397109154248
-4.00710359501678	2.06276135485689
-4.26574533775288	2.37238392591889
-2.67285047219824	1.74540941053214
-2.83565463558952	2.02616099702978
-0.794968004845344	0.519671795794878
-4.58834506450169	2.73766152036216
-4.27636692374054	2.36857361914516
-4.644125295377	2.88284779280947
-2.59789475435885	1.59108202962595
-2.07856551763987	1.01122272940281
-2.42231882810858	1.4245011082498
-2.7759655822324	1.93619540098064
-4.47716665842652	2.64075207074447
-2.3317650468129	1.3171900300133
-2.21147878546346	1.82010138603366
-2.37045942149654	2.07897362775797
-2.94710038837428	2.19142209830918
-2.83953777098644	2.02213791535901
-2.10614165820632	1.61826367409784
-2.55399644904048	2.58941462168951
-4.57408382784082	2.68866464396036
-2.14169796792714	1.62082189293426
-1.17979293486703	0.847043582418478
-4.8533950477906	3.19244389879999
-2.88880574676026	2.13157622737944
-1.7852270662518	1.14076541764253
-1.48031820052772	1.02241881151316
-2.83218939909286	2.02522926750364
-3.05671852009502	2.47077058041856
-3.13642390013906	2.64157841525906
-1.73025003703283	1.45100525667194
-2.41312302103656	2.17938245942782
-4.56877862282455	2.69474029165739
-1.13723815127853	0.660553845076861
-2.94558910330358	2.25061144250406
-2.67949586487836	1.70785641711323
-1.96384205162975	1.39232057870211
-3.66925862482574	1.68447953125519
-2.00899908947041	1.4490168893628
-2.59429956008195	1.65916997416341
-1.78288066565974	1.1250499614509
-3.46984827545522	1.4929651247195
-1.69056011620065	0.730434854301542
-0.999379406110219	0.648073413405465
-2.66993246153837	1.741278177309
-2.52527033938481	1.50525210114934
-1.23421819242708	0.940225424484951
-1.06022561048933	0.724828766474774
-2.52812856300692	1.50898419938199
-2.73508340957813	1.79515224208708
-2.41451785905941	1.40863372573226
-2.59314577803008	1.58492028079211
-0.378968684889587	0.146984398495341
-4.01632421818916	2.06033669142515
-4.80499483494109	3.01355911196319
-3.99827270715305	2.02570098460923
-1.1054669076578	0.494637822991153
-4.64506164229188	2.87075522096546
-2.84275240716731	2.04333754281583
-0.812541713209379	0.243528463709759
-1.50156839190296	0.82285337795683
-1.87028417099043	0.862013169033697
-2.94529170648287	1.08184221173329
-2.21690080260509	1.16481938426452
-4.64319534768704	2.88960710153416
-2.50311439385531	1.51966385180089
-0.876324458821569	0.515156837698609
-4.644125295377	2.88284779280947
-3.10923972107279	2.58408407820372
-0.652808239663271	0.335423565510946
-2.008380710289	1.44435266678242
-1.58883982732704	0.89546616229579
-0.326549988372774	0.155527982957305
-2.60336069180645	1.65352414784418
-4.01928359365167	2.06900178960332
-2.02197524655782	1.48657049703016
-3.88132798124416	1.86140266702648
-1.69119491917017	1.02367500170257
-2.96636789255138	1.08488428798663
-3.69040426987637	1.70504058696772
-0.15888330361234	0.0545731336553799
-4.15698516039345	2.22338070472827
-4.9183524194709	3.28434038592643
-4.26860096408237	2.30696724668417
-1.2608326085006	0.620283512467838
-0.559387513578042	0.271619334913398
-4.92612466495443	3.28082462123341
-3.00517433815719	2.34774126978582
-3.48518174918694	1.50928886670032
-0.693539589024301	0.423227599985478
-2.59010125036092	1.59725066283718
-2.95752291700125	2.24516365709528
-4.93024823615875	3.29286592155094
-3.20809363683034	2.75256813092115
-2.41289207295973	1.42386507785531
-0.53651261130508	0.260514348327103
-2.58630408833874	1.64573381447052
-1.94381467505522	1.80663923680657
-1.16125287746709	0.842465137725225
-1.34509244024995	0.85595821371998
-1.67722716917679	1.01270330147827
-3.27504451755055	2.84319581949156
-0.832144712097237	0.476103511218571
-2.17684090119397	1.75784991616435
-2.72881588501754	3.0387160372184
-1.81031834260197	1.57666254571555
-5.30002228112798	4.1210612780448
-1.27842455429123	0.993360742231407
-1.05509983572929	0.961001620495168
-1.42252571209276	1.22852147830015
-4.64318912554124	2.83576630466027
-2.84260766187597	2.02837212523761
-1.50624450555162	1.09894328274558
-4.90140621864584	3.24824081741844
-1.46793578998918	1.05559316700531
-3.86305699520573	1.89246132471238
-0.717985781783308	0.326353505553019
-2.503021918679	1.5340877822636
-2.16840830796437	1.14048354327992
-1.55175801024283	1.13661790687472
-0.436688229183759	0.19167013885059
-4.37360102773137	2.51001353124822
-4.78764443532951	3.10264331618706
-4.64224200669524	2.8530606893786
-1.59288242251693	0.906839633954313
-2.30660987176445	1.28609598053495
-0.879054064102576	0.410874904285684
-0.871665741504058	0.522753791254686
-2.02892431716264	1.45788369294044
-2.66853556026216	1.77124507376939
-3.85391006178274	1.88479387627154
-1.21741628838922	0.735260514296615
-4.27600449935891	2.34132756807702
-1.83445276267441	1.19417879353484
-5.09536655160021	3.50777842005348
-2.42688981638213	1.42355355561157
-0.9469187519598	0.477894487168996
-1.76250710332245	1.0850565009153
-1.88111256868829	0.877443916131252
-1.09055112261206	0.494349666951632
-3.05764812875062	2.43684811353726
-4.8447321915554	3.1828172844332
-1.50011895069378	0.824379497501171
-3.17014946909443	2.74050618116586
-2.8867458272944	2.11448202633041
-2.8630580016846	2.07443214005626
-2.60281334965865	1.67808001737943
-1.76731532152159	1.10985384163432
-1.90653242037595	1.28612529988678
-1.49795429609983	1.05793478312598
-3.03590945354982	2.4358838372098
-2.90870554034755	2.09958085518869
-1.68679364519472	1.02676782069974
-4.63375593720121	2.86865555306389
-2.36599460733677	2.10991531680264
-0.938181990340131	0.577206409078444
-2.04171148579872	1.03189176200621
-0.549340236648158	0.221603080309847
-1.69247764722084	1.01535983857547
-3.22228697605669	2.86860406154474
-4.45971878004611	2.62233270447917
-2.80431207087093	1.97909473231221
-4.38333194994727	2.50381477909898
-4.45418399214313	2.58543625601578
-1.89973670499246	1.30240445084128
-1.29934597449155	0.826065759372999
-2.05398588510694	1.52929631117187
-2.7272230287469	1.79259139143589
-1.500702194781	0.82574554199909
-2.34112965442887	1.2961867761397
-4.91203587117455	3.24278052094147
-3.06763243823315	2.43566312616266
-4.29072630106246	2.33383874425295
-2.58699606339284	1.6306921792912
-1.60034612965334	0.918638413262079
-0.667674141714887	0.246342894476544
-1.07332914563928	0.470226130094803
-3.85706056389766	1.86384390083717
-4.92037342274533	3.26266583589909
-4.40488023173937	2.45243261203302
-2.5156326354591	1.5449822371773
-4.727414504317	2.95968297791514
-3.98911611523339	2.02535525856472
-3.02257511662404	2.36208603962974
-1.59916069688239	0.930253226618514
-4.13657462867054	2.16755630507318
-2.66355669385094	1.76974318800948
-3.88750539826661	1.85024485529606
-4.00726474069071	2.05008627832581
-2.34197016256349	1.26787529054619
-3.87838207414417	1.84486888969141
-2.19736883876608	1.15833148308368
-4.03746417115873	2.04197124065718
-1.37920187579111	0.712921807079689
-4.37984032348544	2.49715681656467
-2.06209845689634	1.03687784089109
-4.26481392564568	2.32488357009244
-4.01016688847683	2.06295522559025
-4.35939227915401	2.457798292439
-4.00726474069071	2.05008627832581
-0.585992516476994	0.245987833206056
-2.71715646721283	1.84309874430269
-1.89248301644839	0.891676467775313
-1.45319382393629	0.571863884400649
-2.23819660232764	1.82731087763263
-2.07659771525636	1.55399292028413
-0.169890164758566	0.0567358080590475
-4.17219551685525	2.14415344022463
-1.94821935296899	1.36927143696994
-2.61594246455856	1.58286331829064
-3.24083293406887	1.30703683631488
-2.49365191214309	1.5241975445624
-1.77202422054162	1.08208692959825
-1.50159466100237	0.838126608672688
-4.14830733828943	2.22258933002162
-2.18191743026107	1.16115188660865
-4.27352526019608	2.35680763042535
-4.02837481449881	2.03590802721006
-2.99389802538713	2.25802601879272
-0.720773122022764	0.325769223519957
-4.36648382159089	2.50589619795124
-1.68721615388464	0.725141563332268
-0.800995785218802	0.237876280195171
-1.08857745555338	0.485248609277002
-4.15399365134595	2.2118440807869
-1.85010051024016	1.21741999283932
-1.21373463234088	0.733797505166376
-1.13665113754208	0.662791446910501
-1.06193053789145	0.58204763011167
-0.57805923268266	0.244934270681245
-2.52126336746736	1.53784667462197
-3.68124285241051	1.70760077961227
-2.31037223620266	1.3061573416063
-2.21416360160285	1.18018118359117
-1.24719673194073	0.596177843200211
-3.46668204335763	1.49581723292627
-4.48807244028232	2.59800763423593
-0.390346432480804	0.127347358957816
-1.16215021976043	0.402036390268638
-3.67251481995334	1.67967374591679
-1.10224823322303	0.496166165186044
-3.2317279398944	1.29267978140064
-3.66925862482574	1.68447953125519
-2.59624396554541	0.871838624210666
-2.07083759141873	1.02977459182338
-3.47592836562483	1.51632163436114
-0.0221508280820278	0.00666304303458571
-3.50105332151971	1.48294128470258
-1.46316351230105	0.564700672547137
-2.04229924208882	1.02049861377361
-3.24118886779147	1.29634317978052
-2.0391274360041	1.0172834755786
-0.893333895678164	0.368596505346394
-4.00420000968637	2.05733472632605
-2.95050784791928	1.06273716713851
-3.87513145808762	1.86340028102317
-0.727815809160935	0.398525817672406
-2.33893709868304	1.30909111777687
-0.227382194669763	0.102495072402088
-2.52131610144681	1.56276954363643
-4.46920345226456	2.63375415561543
-2.13371397678132	0.633029387849393
-0.645916256338349	0.337443983169485
-1.89296514272045	0.887027726616325
-1.41258048711295	0.392583212481328
-2.31556759039298	1.30329700577347
-3.68167186441117	1.68682802761657
-1.45641507196522	0.571159867497038
-1.16678320396686	0.397047937886877
0.121949168326031	0.0387695822058807
-3.83506822329879	1.85422987440123
-4.160104960949	2.22427738156548
-1.08749012797784	0.487542722238409
-4.14233945681384	2.2022423612061
-2.96292808933484	1.07602572428339
-4.16942282193813	2.13561978104672
-1.44483689551087	0.55639606537252
-0.329833379522388	0.080964167982724
-3.24118886779147	1.29634317978052
-4.48230920410689	2.61735165713566
-1.16366802857736	0.402405435181621
-3.47876479685015	1.50890351346878
-3.67839745439908	1.68952363071105
-4.48281237620996	2.64457758876753
-3.86576047734617	1.89417001372751
-3.85349995091346	1.88895649290269
-1.82718007495487	1.18850641545468
-2.19215386151851	1.16699293103573
-1.70706931991049	1.02880996203586
-1.95948328728326	1.34301688978932
-2.7166338968715	1.83988807407222
-1.7628967183909	1.10811318401928
-1.46073115728567	0.562823874568484
-1.41057854029745	1.22697415466044
-2.157511347866	1.67562507268389
-3.50713523479409	3.5788079617147
-2.93830624545346	2.22191330161618
-2.40555480762759	2.20312589583336
-2.79388088129038	1.9565868094289
-1.75449174247875	1.07385182055611
-2.42734121972261	1.41085168131529
-2.49365191214309	1.5241975445624
-4.63375593720121	2.86865555306389
-2.53693231027305	1.5381650470051
-4.38606836345493	2.458276821303
-4.27104721673248	2.36503699943191
-2.32233428928948	1.31130920564553
-1.89354246031417	0.850155236456355
-4.16289893382204	2.22116710621948
-2.31054679504327	1.2941143450391
-3.68110194361731	1.70426675004714
-2.04218338758424	1.02328583992409
-3.67527655271152	1.70975740420734
-4.24917828533564	2.32985613853684
-0.658645307583105	0.241596442565903
-0.38829260003764	0.123020848783914
-2.3156750087754	1.3020226796237
-1.46228879211106	0.573523718864202
-0.957809032626248	0.494242245577412
-0.914692741825975	0.372643236235019
-1.69236987135373	0.999244164377554
-1.12781404617655	0.630485265152293
-3.84746453687368	1.88988334428878
-4.27390156745635	2.37688371940949
-2.65107949293133	1.72525735258407
-2.33683715490811	1.22801260396615
-0.914163727266982	0.374759310078139
-0.395335878411549	0.127231389842715
-3.69110222471061	1.68102151484746
-4.48850409922067	2.64116352924668
-4.37784634750084	2.49101693553877
-1.88711116328023	0.877556333086352
-3.70629306244067	1.68222269331011
-2.9540630304766	1.0929499144108
-2.78885387075759	1.92209604553103
-1.90843106914545	1.26870497385735
-4.25422812594247	2.31883745622699
-1.91639033319087	1.2799215934437
-1.68224095000138	0.720852067164121
-2.52180564747706	1.5562657800278
-1.61143080412887	0.924270259900471
-1.52257553746293	0.835508142362118
-2.50900235973405	1.53379405093159
-1.87028417099043	0.862013169033697
-2.29434523005546	1.2814550371443
-3.88132798124416	1.86140266702648
-0.796027809725694	0.236609990316831
-4.38829482412918	2.41584654414403
-0.967867755879867	0.508997007732691
-0.81351873573093	0.238971483911539
-2.43698651448487	1.38453611823568
-3.67201505118702	1.7069892564667
-2.19839748491755	1.17889256047821
-1.50809429739582	0.826584114022541
-2.4148316732936	1.41010970805584
-0.384128217396998	0.122448353493845
-2.05061386672972	1.02394147153804
-1.50035368562333	0.825033989116437
-0.0452939360681458	0.0119388732121939
-4.00710359501678	2.06276135485689
-0.863783869476476	0.418657970255342
-2.52011852137552	1.52236690837104
-2.05047581443448	1.0284087258942
-3.85659591814298	1.8920871760735
-4.6247115574414	2.79704952766605
-1.60388186678841	0.893666692790388
-3.2317279398944	1.29267978140064
-2.53371366592864	1.53183216204326
-2.11625496161792	0.64084087948516
-1.45157427421788	0.558563984462496
-2.83590833534928	2.03684489224765
-3.48197787053119	1.51449966135906
-4.27352526019608	2.35680763042535
-4.47716665842652	2.64075207074447
-2.19710138151502	1.17351957513677
-0.886914240514435	0.539036611183061
-4.38606836345493	2.458276821303
-1.05247910246494	0.586000693991797
-1.57966160038113	1.20952887588377
-4.37507959596384	2.48719979187506
-2.59034289892815	1.64909401970179
-1.07066249799133	0.598962788354968
-2.04812732253864	1.00676360421265
-2.50983592679952	1.53548252042516
-2.72157396596587	1.84322855224573
-1.26752133924826	0.592890599947938
-4.48281237620996	2.64457758876753
-2.30851017167267	1.29929873936144
-2.6043315637609	1.60031709144922
-2.1892961608215	1.16071078754006
-0.0449927886988971	0.0117211709794162
-2.20089849005407	1.18046421642991
-1.52220629733431	1.1029516069019
-2.58576604944035	1.6386232716061
-1.17621189399478	0.40259525353123
-2.2120177303055	1.77412462132643
-2.50819991675183	1.52665989582298
-0.938831212941981	0.581447660748611
-2.77248899075678	1.91307250977636
-5.34378358233308	4.22008960585758
-1.60599229167965	0.902447597117493
-1.24195980239909	0.600441580415281
-4.71680199269056	3.00312585342881
-4.67541986783312	2.82606475907099
-2.1711965821478	1.143579033709
-4.47264069829053	2.63389132281593
-1.88200874340187	0.864136447067481
-4.1481456263688	2.21220429496963
-3.86305699520573	1.89246132471238
-3.25037831047555	1.31072968763222
-2.68251493972701	1.73268675355087
-1.2222876139343	0.743660754042547
-4.00420000968637	2.05733472632605
-2.02068345861318	1.4684537303906
-4.00133422003336	2.01727394290592
-1.56595148092333	1.1189896754749
-1.69460428239798	1.04285056339711
-3.86321343301995	1.8798065710895
-2.68398635875591	1.60444362066983
-0.891767066774679	0.361138647140638
-2.04550569444448	1.01169954040621
-1.51352105112347	0.84610818394544
-2.41236160841133	1.40588608280781
-3.66925862482574	1.68447953125519
-2.40761154431144	1.41331347699274
-0.701297718723367	0.313272853415718
-2.66536802363409	1.75990197534852
-4.01939749451161	2.04826798894708
-1.49633426901871	0.818585446587454
-3.68181858219134	1.69781016916074
-4.01016688847683	2.06295522559025
-0.38650597004403	0.125887668683958
-2.04489638784803	1.02467662505983
-0.808863158909727	0.237861761227588
-3.26581125021332	1.27875034517425
-3.47592836562483	1.51632163436114
-1.41151445005737	0.392781075624489
-1.50766531199254	0.829413121866766
-3.25340478521311	1.29746019164863
-1.44240008219954	0.55453972021473
-2.9540630304766	1.0929499144108
-2.9540630304766	1.0929499144108
-2.9540630304766	1.0929499144108
-2.20561393017248	1.15132946006139
-3.87838207414417	1.84486888969141
-1.09266435545857	0.493906605263622
-2.12234123160274	0.637594722384862
0.0119927763559233	0.00417391603421649
-3.24418281608045	1.29246903367977
-2.06183831594072	1.04225740053572
0.446935212790722	0.127169877459528
-1.2419883388459	0.592983972004868
-1.88800478903068	0.867462078605189
-0.835640316445064	0.397051952355407
-4.02228197110391	2.05145693140489
-3.23785651969922	1.31106301795449
-3.23763075302678	1.26909461841585
-4.29894894111848	2.31618204693101
-1.67540019260164	1.01543763860208
-2.04995583981519	1.02047202746
-3.47913644203901	1.49827557598933
-0.587146890787007	0.24403615885621
-1.38255656236369	0.712447779191324
-2.20538310732288	1.1445328742896
1.1590251393429	0.353864364305867
-2.94880090077179	1.07960497488258
-2.05899576046843	1.01715141453941
-0.336219850930539	0.0809254150304624
-0.916877516573997	0.376773913263284
-3.86864641979647	1.86217586710826
-3.69082354804786	1.6664075087949
-1.67824689505471	0.72117217033679
-1.15794029345682	0.396880218661525
-3.70284439983526	1.6357250039604
-4.48334655797199	2.56018480138915
-2.31338306944823	1.29396237750931
-4.71238459399748	2.98104008839264
-1.41284387197497	0.94659853904942
-0.191995354660417	0.0845855628171092
-2.67777648049054	1.78475624723297
-4.46502082365654	2.59106811067916
-1.52188609001108	1.07360429296201
-4.77854515783032	3.08021248243773
-2.56965170842207	1.61004518170868
-2.21007639351803	1.81899950474969
-0.908485080265651	0.727928992094627
-1.43048716283382	1.24913758543532
-2.17253559875355	2.36854634099211
-5.36019802741445	4.24315510199165
-2.51948772741529	2.43494057019489
-3.19754181767017	2.80540539360438
-1.50368123368952	0.837626195241647
-4.5647373034906	2.75948643330348
-4.27288448977743	2.30519929913103
-2.59666975166543	1.62189145944223
-2.06535820719058	1.00491913623003
-2.57688039514971	1.60325899165228
-1.6901896333918	0.728165798295602
-4.27962196131304	2.37517903391712
-0.732522863703516	0.401054614772946
-4.55516765614812	2.74747249789388
-4.15680275158454	2.19900139522486
-2.41187042546597	1.3671106099024
-1.29934158076077	0.803106130935319
-0.390241054922291	0.149377056687472
-2.59034289892815	1.64909401970179
-1.1902573359482	0.406520913188239
-3.85110756709483	1.84215401690584
-1.22804256009415	0.58007514368905
-1.25268239624274	0.595430892634485
-3.0700217684922	2.41389645931751
-4.85050041422435	3.19098487634343
-0.886347508665674	0.355147567569281
-1.07674262146298	0.5998757561003
-2.4013652141474	1.39493076659083
-0.0142782430520375	0.006356594877002
-1.35949529219946	0.915471516391958
-2.67949586487836	1.70785641711323
-3.71255418369506	1.66579947746204
-1.44240008219954	0.55453972021473
-1.69170719669593	0.716243205099309
-2.06155865083461	1.01974301448903
-2.42184796785841	1.4317217949958
-4.36794493269622	2.47482967942926
-3.8662956021459	1.88288158778806
-2.58206378637136	1.6449475259507
-2.41184591085328	1.41933465919348
-2.65752954811575	1.74851045820645
-1.44834067236736	0.563716343951873
-1.8411555807295	1.22195518967386
-1.61082536482827	0.931308461182091
-1.87499118248909	0.874215330847115
-0.668136083579747	0.245355219166983
-2.6610562986239	1.72841076392648
-1.5148240180495	0.813316404021512
-1.88479412008577	1.24934422422951
-0.174809957449151	0.0675371684351155
-1.44511419185342	0.564380485142621
-0.897435069496821	0.358010507852226
-4.37849450842266	2.50203761395073
-4.47716665842652	2.64075207074447
-2.30165138990291	1.29472030475818
-1.37466916283583	0.710987451129701
-2.58373567557961	1.63470818305688
-3.46668204335763	1.49581723292627
-1.89308145418658	0.879790675489251
-1.86705292193022	0.863239192391698
-2.51992458631825	1.54888113636776
-2.95481903112699	1.08281287204211
-3.15160157993516	2.6314119121724
-1.50192535186997	0.827945036863386
-3.69742960839301	1.64141494828652
-2.31071142111656	1.29182595491132
-2.32447606433153	1.27810258091119
-2.68329753254987	1.71607183828247
-4.72184504115844	2.96032482422596
-1.81993027664739	1.16867403350365
-4.12811018847702	2.1852759111493
-1.26597461709263	0.617141415386096
-1.25262363807906	0.596955165671718
-1.41351967981692	0.970562278774914
-1.8767654461683	0.849029475124097
-4.15399365134595	2.2118440807869
-4.13670547619058	2.21588840055392
-2.33199716054896	1.25590461459123
-2.50293076297791	1.52668979427655
-4.00133422003336	2.01727394290592
-2.66080864100012	1.7552518430226
-2.94789681561174	1.07770443059943
-4.5524769807134	2.70259811510997
-4.55801141317692	2.75775550702404
-2.32459988725652	1.31953292326132
-4.26041160545188	2.36928021693728
-1.2449365699291	0.61038969502167
-3.8599695100187	1.88935533200801
-1.68261954234258	0.721187773901018
-4.1481456263688	2.21220429496963
-2.06979777625469	1.01948756861613
-3.70350792883597	1.66674049859821
-0.375562995384722	0.121435971928447
-1.44240008219954	0.55453972021473
-1.44834067236736	0.563716343951873
-0.37670737886446	0.120094883606628
-1.68820638648789	1.02616975491054
-0.573335965180037	0.236446349140696
-2.20639374032868	1.17411145741172
-3.87532211570843	1.85925469183125
-1.58482163886825	0.913516354609539
-1.09703242495054	0.47899605945861
-1.89257396010321	1.29002841655861
-4.37426174039757	2.50690671086614
0.151591341589611	0.0615783357273486
-4.92849974051404	3.20632655938576
-2.20359807296106	1.17856424219898
-0.0388116394118026	0.0106099560293831
-1.69118762093883	1.01871010818851
-4.37293009637607	2.49934714217827
-4.14252391175364	2.22227784076576
-1.23867646546248	0.591416993645645
-2.60192339491697	0.856976680712227
-2.50241014459517	1.53299395114387
-2.83525519705146	1.9842914497758
-0.402516142261434	0.128925089052747
-3.24401486805702	1.30306765327258
-4.16885592745528	2.21110075513385
-1.84466184103938	1.21212051154448
-3.694123344797	1.65999419723962
-2.04886634969015	1.00608828150574
-1.09345120678298	0.495857383561957
-1.70546611776843	0.722881976104016
-3.70284439983526	1.6357250039604
-4.27428195019105	2.35757973861018
-3.67527655271152	1.70975740420734
-4.25979078383637	2.35416873495911
-3.68780935615076	1.70085765658161
-0.80771409352105	0.23856018920677
-1.61834822223703	0.937179990413981
-2.4165488734939	1.41358625168773
-0.0336979603029177	0.00938395866986133
-1.24986296047444	0.596797026259535
-3.86935693737474	1.83211581414395
-4.15998894939557	2.18518631681849
-2.60241060369975	0.854963479137724
-1.68726682211297	0.732414310581257
-4.25792083455612	2.36430643729356
-0.392988395177309	0.125949443159956
-4.01340823611124	2.00922312626271
-1.90127842681062	0.891178803039116
-1.38624377772633	0.722701738198889
-1.09962724135125	0.496619724795418
-3.47274287589245	1.51648375272542
-2.11625496161792	0.64084087948516
-1.69633237940189	0.731594702042536
-3.2317279398944	1.29267978140064
-2.95670313229087	1.0799832472719
-2.49696677244414	1.50886452545605
-1.77483642487475	1.12894936565356
-1.46563715703717	0.566615110452374
-1.87603123090927	0.876167402641253
-3.48840057735364	1.49270604695819
-2.21649601229895	1.14758215357574
-1.67532563053246	0.710953180390036
-1.26926321091397	0.61321479251121
-0.0391395322654192	0.0106916023514308
-2.31097073613982	1.28311641850505
-2.18191743026107	1.16115188660865
-1.69383348841653	0.718295523961638
-1.38876717548631	0.731779700557009
0.128114699478607	0.0410457788325822
0.473124537182601	0.164307426258768
-0.323207416487251	0.0791611694499776
-0.89448850089669	0.366864647058221
-0.379598142307853	0.12188829003569
-4.26041160545188	2.36928021693728
-1.44483689551087	0.55639606537252
-3.67251481995334	1.67967374591679
-0.661526691533113	0.24432167342332
-2.94789681561174	1.07770443059943
-2.12234123160274	0.637594722384862
-2.59624396554541	0.871838624210666
-3.85391006178274	1.88479387627154
-1.4667760432858	0.562639331867465
-3.83506822329879	1.85422987440123
-2.1893637870905	1.16885251507247
-2.05417833913904	1.02368854974962
-0.687514925283428	0.25308371020134
-4.78514676704107	2.99781947105091
-1.68806465311558	0.726056904277344
-1.99992288863544	1.4364681410977
-2.88271670042878	2.10390247672886
-4.28542451895475	2.28430769953396
-4.14516103457883	2.18650780913944
-2.61336026854656	1.61986945471498
-4.15428747350138	2.20343363993371
-2.33161042060624	1.29025057493184
-1.88078066400755	0.887768995044079
-0.99945645766204	0.632454305095902
-1.76214545498013	1.11111799212043
-1.40436509138918	0.949186252099487
-1.12664253664457	0.896917792909647
-2.7759655822324	1.93619540098064
-3.66600935104818	1.68463206614575
-1.39276369969438	0.720800250993083
-4.27390156745635	2.37688371940949
-1.13702055908289	0.657901383590068
-4.37078096467245	2.50615116095451
-1.38423126817764	0.725082139281118
-2.60320712479008	1.61968265856636
-0.398577467940423	0.126779555381938
-2.29953591075442	1.27099585136545
-0.388457788236577	0.122911943048544
-1.07314273192916	0.479784939335351
-0.38168808660243	0.12291546722282
-0.561221276188046	0.236748713732064
-3.47302173405553	1.48451825877499
-1.88078066400755	0.887768995044079
-2.60465100188129	0.855808724204004
-0.0418805318080997	0.0112361923080978
-0.334637994522283	0.0823107846793868
-1.91012553611628	0.850816879738059
-3.23785651969922	1.31106301795449
-4.01033414601557	2.03656248690179
-0.808015063706354	0.238672380558965
-1.50830116487177	0.835538629419784
-4.14233945681384	2.2022423612061
-0.391933014310035	0.124412639243004
-3.86029891144902	1.8529405916714
-0.394997756261815	0.125764087785089
-0.386083235325246	0.146718557882726
-3.83826411501092	1.86101469856198
-1.09878779160724	0.492402232641324
-1.44804860578253	0.550704264899689
-1.28018856335767	0.620376612703432
-3.2317279398944	1.29267978140064
-3.68124285241051	1.70760077961227
-3.4791206633941	1.50957597543244
-3.46984827545522	1.4929651247195
-1.48499799310746	0.804996843359353
-2.5922919016647	0.850808961904777
-2.42462259758034	1.41411176692702
-3.48197787053119	1.51449966135906
-1.39098286129991	0.706087344666419
-1.08806746415871	0.488167799055712
-2.41411238075682	1.38469472068508
-3.69053858523696	1.69693808059739
-1.51089411957673	0.831742237177045
-0.142402105298588	0.0474601009184655
-0.167058464773382	0.0570153319669608
-4.26857037216963	2.36753420535821
-0.907232754648992	0.371020471556152
-0.399704317300905	0.152437307748635
-1.86917159207582	0.873771100049978
-3.68780935615076	1.70085765658161
-4.55787388892495	2.72022958832049
-1.68261954234258	0.721187773901018
-2.41703295332502	1.42278758546801
-1.70053784883487	0.720438037418793
-4.03150717353278	2.05287904280614
-0.857538940152495	0.419546322960474
-2.59901831828503	1.585367482945
-0.969766035549068	0.511526734225502
-1.27470611042745	0.769202468478351
-1.58811808212593	0.915136803613886
-4.00420000968637	2.05733472632605
-1.69314755563453	1.03699132662494
-3.85110756709483	1.84215401690584
-3.47274287589245	1.51648375272542
-0.532138283692592	0.32027523257544
-3.66925862482574	1.68447953125519
-3.68167186441117	1.68682802761657
-0.323194329834064	0.13373392248297
-2.04228301421096	1.02120301867068
-4.14252391175364	2.22227784076576
-4.54694048214239	2.74323596617435
-2.05313775936377	1.03854612130225
-0.584447445815338	0.245875848613799
-1.87562044421907	0.875732800381027
-1.67894839290492	0.722757505108272
-3.8695396065672	1.85976740204307
-1.89720263802236	1.30658287906343
-2.42556853916747	1.42118306860224
-2.42944110954727	1.42791333645926
-4.72411666721337	2.99879887316256
-2.00148655432048	1.45236758678819
-1.6801664759961	0.701788816865139
-2.05039809681286	1.0025753269067
-1.3916093826704	0.725365060051962
-2.58792662580816	0.864420955691165
-4.46135057636312	2.52938704214936
-3.85714190938429	1.8734837156198
-2.5922919016647	0.850808961904777
-1.89029863046895	0.87337495080861
-2.60743209845942	1.61224925617167
-2.30361883507121	1.28945263238451
-4.160104960949	2.22427738156548
-0.56961845675726	0.235332871374678
-1.76150347343925	1.07563707326633
-1.49578752879163	0.816852917048021
-3.66925862482574	1.68447953125519
-1.26870140018918	0.616519999215806
-1.15137721586449	0.662046986597346
-2.15238624487218	1.66865792570149
-4.37703744748156	2.51945034501711
-4.15998894939557	2.18518631681849
-1.83517525137249	1.19228536422719
-4.93266374205551	3.31764634262282
-3.49453050645579	1.51184658520737
-1.45142215198831	0.56274387438543
0.0154257104849751	0.00600445685737292
-2.19810542302419	1.18237747487695
-4.47659279066674	2.63013042076613
-4.3657919007957	2.47859958556511
-1.89266446378109	0.879350713837014
-3.69096202375265	1.70490332957872
-1.67245726480501	0.714136716544832
-2.95050784791928	1.06273716713851
-2.40969663476091	1.41051706003319
-4.18042680107243	2.16770855423022
-3.67251481995334	1.67967374591679
-3.47593951133455	1.49837863953396
-1.09142940224683	0.480864361015355
-2.51878325564586	1.51762676144478
-0.89722448931395	0.36214174783192
0.934988669040866	0.34298285576984
-1.67932689904086	0.723095437837306
-0.319004015513152	0.078546017662404
-3.67854438961601	1.70689968903158
-3.70600707423039	1.65437166829036
-4.56199112095875	2.7437106782348
-3.69383740793434	1.69311150538724
-1.88972119153788	0.889304176084449
-4.38957109140216	2.47794315698504
-1.5238113369364	0.844002628668144
-0.673814367335288	0.247613459285778
-1.16903837662951	0.400372928845436
-3.67854438961601	1.70689968903158
-0.303520680570629	0.145013336625487
-1.58639245058619	0.898173721685261
-2.96710706136531	1.07261956720226
-1.87176550122414	0.873296856931685
-2.32732156773535	1.30464862767232
-4.01939749451161	2.04826798894708
-3.50067815265901	1.49633361917882
-2.04842160466834	1.00556223678541
-0.34328080823096	0.0826394888061287
-1.87603123090927	0.876167402641253
-3.46668204335763	1.49581723292627
-2.31824112993094	1.29081207976275
-1.15975377431805	0.39756928416027
-4.77326034259784	3.05705431658387
-1.44834067236736	0.563716343951873
-1.4418948059152	0.562136887168944
0.475560001358425	0.164579254956042
-4.02529571578415	2.04345326111534
-3.24083293406887	1.30703683631488
-3.67796917626224	1.7001819651395
-3.47620244611808	1.46505327692983
-2.41027608249185	1.41146695813579
-2.05417833913904	1.02368854974962
-3.47592836562483	1.51632163436114
-2.05346451398223	1.00228192664543
-3.69659185758824	1.67666814505274
-3.23785651969922	1.31106301795449
-3.47620244611808	1.46505327692983
-2.06675146032002	1.02052746448234
-2.18948848922067	1.14093241818503
-3.23763075302678	1.26909461841585
0.0962643382248668	0.0315537848163627
-0.412511299536395	0.128533360890182
-3.67251481995334	1.67967374591679
-3.69426157430998	1.68498614948823
-2.30448163141719	1.25837916034532
-1.84212053260356	1.18607992814529
-1.67032575941929	0.712070787294208
-0.321238070497515	0.0797644464023098
-1.0876194027085	0.487521658594076
-1.07838787058299	0.486104438218332
-3.66925862482574	1.68447953125519
-2.60516506291268	1.62179397954554
-2.59578463465182	1.6682927890652
-2.12405038734904	0.637549783253442
-1.50745786309311	0.800966857134361
-2.99216028298784	2.34916180197891
-2.57492476178664	1.60801925214723
-1.68551821022461	1.02289865763604
-1.08241530226151	0.486529497037678
-4.27038738564078	2.33787789290751
-2.4179866211606	1.42579234870781
-4.47265881895169	2.56501548306461
-2.28537726747698	1.94841523118401
-1.56247264824229	1.16884191120862
-1.05324524185283	0.715490835841679
-2.57887485166096	1.63116684394088
-0.883306244597664	0.538207130721746
-2.59015020303031	1.64989521149758
-3.46352301092958	1.49357335764936
-4.4667862219985	2.56874311731137
-3.85068427695974	1.88992207687603
-4.14516103457883	2.18650780913944
-1.87788154650517	0.876371629451988
-1.60647138723212	0.905836251402466
-1.69099515219226	0.725010701791448
-4.01323484477366	2.05758564997037
-2.29459578163601	1.27334264102961
-2.94009917255636	1.06357285148769
-4.16861358014913	2.18231566093719
-3.27544951175933	1.25384329639275
-3.48482088806482	1.48174205453198
-1.50180934665496	0.80857566638989
-3.47302173405553	1.48451825877499
-1.88972119153788	0.889304176084449
-3.69714269100481	1.67567141764536
-4.01938478742973	2.01922850809758
-2.0730466324212	0.990598110144636
-3.24418281608045	1.29246903367977
-1.88096997610208	0.869719862862541
-2.95142896060397	1.0932285262034
-0.565346845992555	0.235669495191381
-1.08244991948646	0.474731900724517
-0.806094556751972	0.237007516344902
-1.26758713620588	0.5864970695944
-2.59054587198051	1.62102777799045
-1.25956438185685	0.614510016591759
-1.45456192200054	0.566305561440098
-3.85382830176229	1.86873556004725
-2.60813195408957	0.864987713070213
-4.16569582576698	2.21024412689749
-1.1089241461608	0.495717568300599
-0.574715520846943	0.239909689251336
-0.67604074034217	0.24739103268624
-3.47913644203901	1.49827557598933
-4.27353859434571	2.29352109163499
-1.67857154746367	0.985784712706818
-1.87171014048188	0.876720654497013
0.806699443982335	0.36827531104233
-1.60457534440404	0.892805120214318
-2.06129333687719	0.987084763298548
-0.899432446920776	0.369502620903281
-0.658520689511323	0.239330722461143
-1.59406573270775	0.91248873651491
-1.10237081389982	0.498297655060982
-1.68261954234258	0.721187773901018
-0.0251966205089305	0.00735448715938628
-4.26041160545188	2.36928021693728
-2.17398801321848	1.14456285849072
-2.42283656389233	1.40231798501385
-1.16215021976043	0.402036390268638
-1.8931291900465	0.865817633162151
-4.38264285597647	2.51524096964947
-1.15509023652605	0.670850849644143
-1.16678320396686	0.397047937886877
-1.23132214091434	0.590691472463155
-0.904875592202371	0.372618871603769
-4.24917828533564	2.32985613853684
-3.68167186441117	1.68682802761657
-2.19988405063592	1.16443405337014
-4.24917828533564	2.32985613853684
-1.39795067412281	0.725526094407866
-1.77519068772029	1.08568468210597
-2.65760823410988	1.76114994249867
-2.94269249920511	1.07887837307104
-4.13685534380548	2.1941318698915
-0.557347640426528	0.35474743852456
-2.52126336746736	1.53784667462197
-2.96012918084926	1.06994382147187
-3.68509915079549	1.67633152655595
-1.10224823322303	0.496166165186044
-1.6098964024927	0.939862410412112
-1.39364416886682	0.725151346365803
-2.21416360160285	1.18018118359117
-1.17016346573637	0.401216071576238
0.0359666516718858	0.0134844127123879
-2.79155761509003	1.98119092765261
-4.13375005707081	2.17779523015968
-3.67577796043795	1.66934043248277
-1.07594056085327	0.573131122298099
-2.95050784791928	1.06273716713851
-0.38280890949329	0.143072814592994
0.239022587932702	0.087319195028259
-2.95050784791928	1.06273716713851
-2.43084326451042	1.3527812739307
-3.8599695100187	1.88935533200801
-3.85391006178274	1.88479387627154
-4.01340339106044	2.01575270697005
-1.06231813055639	0.589803149673732
-1.87494747167472	0.879016918730882
-4.00133422003336	2.01727394290592
-4.15399365134595	2.2118440807869
-3.46956417000721	1.50979888537416
-1.44405320380797	0.562802545205695
-2.30624851443121	1.28396313583083
-3.48840057735364	1.49270604695819
-1.70766540841119	0.722961129161572
-3.22878680411869	1.29317391796469
-4.00404495401368	2.05694026725786
-2.96012918084926	1.06994382147187
-2.18659919448505	1.16476183939529
-2.59845649583922	0.862453075010557
-2.42170155390814	1.439729325881
-3.22878680411869	1.29317391796469
-3.8473819612633	1.86336952552872
-2.3156750087754	1.3020226796237
-3.68509915079549	1.67633152655595
-2.33853151838619	1.26843924274656
-1.27919303311875	0.798050098827692
-0.170165639998205	0.0646969437969927
-0.592207809981447	0.246299546337801
-2.19458741723465	1.16265027900264
-2.73579954899847	1.85378091339566
0.0160083413400413	0.00543313319669934
-4.1427028472622	2.22216223187337
-1.68482372919832	0.718143093070978
-2.03674081775566	1.00473166947806
-3.70629306244067	1.68222269331011
-0.330531747699963	0.0809413806785777
-2.01916336194629	1.4773371653124
-3.2317279398944	1.29267978140064
-3.48518174918694	1.50928886670032
0.442155818180683	0.128560798875464
-1.22853432730106	0.588989250818286
-4.47226527148703	2.58553807975796
-1.68145573307092	0.725202237092618
-4.14533325944625	2.21993058099643
-3.87173757849011	1.87945502347579
-2.95050784791928	1.06273716713851
-0.388231026412499	0.123694882164994
-1.88879043958264	0.879959453831313
-1.44834067236736	0.563716343951873
-2.18719133489869	1.14745086908432
-3.23467591426078	1.28622604981977
-1.77282158310117	1.0770584437005
-3.46956417000721	1.50979888537416
-2.5922919016647	0.850808961904777
0.435004018193736	0.1261236136782
-3.48840057735364	1.49270604695819
-3.66276697470485	1.68001569382241
-2.20538310732288	1.1445328742896
-4.02529571578415	2.04345326111534
-1.48254827407347	0.550823383968301
0.440129848992569	0.12446736666861
-3.24083293406887	1.30703683631488
-2.59010690959944	0.863676284132476
-3.8695396065672	1.85976740204307
-0.804636941304096	0.238276931876845
-1.16698590186077	0.39982517263279
-2.59010690959944	0.863676284132476
-3.24418281608045	1.29246903367977
-2.19987911649046	1.17291957816461
-4.00133422003336	2.01727394290592
-1.26504534489651	0.602067126941155
0.433061576647609	0.125210690141933
-1.16698590186077	0.39982517263279
-0.378968684889587	0.146984398495341
0.474378170050486	0.161581005259043
-2.5922919016647	0.850808961904777
-1.89296514272045	0.887027726616325
2.57551660914786	0.96051052751055
-0.899425257985851	0.369118454071222
-2.94789681561174	1.07770443059943
-0.800920844225984	0.236493729089377
-2.94529170648287	1.08184221173329
-2.59010690959944	0.863676284132476
-3.47592836562483	1.51632163436114
-2.96636789255138	1.08488428798663
-2.51152771366054	1.53136615241976
-1.15675679409825	0.398189095706627
-3.24418281608045	1.29246903367977
-4.17485668669383	2.19410588547312
-1.68364397083778	0.720351863096548
-3.24118886779147	1.29634317978052
-2.96025858149038	1.08487677119721
-3.99827270715305	2.02570098460923
-0.323477055228385	0.0792210886710328
-3.23763075302678	1.26909461841585
-3.66600935104818	1.68463206614575
-2.59969374965312	0.866171839638
-1.09115488596355	0.4842507475182
-2.05119958643731	0.99605338707031
-2.50633919126771	1.52441936423257
-1.25112645006772	0.610964765198216
-2.17307382857218	1.15364883750687
-2.84700584750173	2.07616047139305
-0.85412686893675	0.410305145739817
-1.49063706935954	0.78510309520984
-4.16861358014913	2.18231566093719
-3.25624410049564	1.27892505280514
-2.17958036229612	1.1400169524057
-4.14233945681384	2.2022423612061
-2.89431053160088	2.15458165160204
-2.6625311826902	1.75579534733607
-2.88752545770101	2.12787093434563
-1.59062360615628	1.48526438179442
-1.54243663616638	1.12761754731445
-3.69700888918053	1.70589948156221
-1.58378651528115	0.897678390884048
-3.66925862482574	1.68447953125519
-1.15774121057203	0.396404960642202
-1.67899115554384	0.714999717539634
-0.387982329524117	0.12592100093229
-1.69352390790485	0.723154085253671
-2.4952462868225	1.51127511697281
-0.884732814979227	0.361921965918726
-2.30660987176445	1.28609598053495
-2.11793804739448	0.63135655885096
-3.23785651969922	1.31106301795449
-2.59845649583922	0.862453075010557
-0.808501676107518	0.239618852733624
-1.67816952483683	0.724312882832655
-3.67854438961601	1.70689968903158
-3.24118886779147	1.29634317978052
-1.16678320396686	0.397047937886877
-1.16513923828607	0.401391514506918
-0.395335878411549	0.127231389842715
-1.59463697433062	0.907867907322169
-2.59010690959944	0.863676284132476
-4.39519962753138	2.47693821060519
-3.84146597740596	1.8631571120044
-3.2317279398944	1.29267978140064
-1.69567118232624	0.716739434345723
-1.15441429700433	0.396842666670552
-1.41151445005737	0.392781075624489
-3.66600935104818	1.68463206614575
-4.45956028779023	2.5518086702193
-0.662597965098715	0.241336535431849
-3.48840057735364	1.49270604695819
-2.31769630025343	1.27103486293029
-0.57805923268266	0.244934270681245
-2.59010690959944	0.863676284132476
-3.24401486805702	1.30306765327258
-2.94529170648287	1.08184221173329
-1.4391934507221	0.556145620330514
-0.0282462347739468	0.00803338949830828
-1.75362136822461	1.09166839928971
-2.05047581443448	1.0284087258942
-1.09619369910647	0.497547048629496
0.0148858410682065	0.00522801487985033
-0.731275108899124	0.338080571404475
-2.06826498083097	1.02448707068419
-0.326471333472883	0.133167903329131
-3.85391006178274	1.88479387627154
-0.749471103314895	0.335710377203337
-3.48196983057548	1.5131639907559
-3.4791206633941	1.50957597543244
-2.94529170648287	1.08184221173329
-3.99521585905145	2.02965781799597
-2.30170001615101	1.29175153838723
-1.09544478747578	0.489709530740427
-4.13670547619058	2.21588840055392
-1.50863839330099	0.83579407041422
-2.04218338758424	1.02328583992409
-4.26574533775288	2.37238392591889
-2.96012918084926	1.06994382147187
-1.14455267938015	0.65833683572096
-3.46984827545522	1.4929651247195
-1.09317160258946	0.498082269195895
-1.66994896558393	0.711740951160208
-2.41860921243018	1.40486428309692
-3.68509915079549	1.67633152655595
-1.44834067236736	0.563716343951873
-4.01016688847683	2.06295522559025
-3.70018912684309	1.68393452214533
-3.47876479685015	1.50890351346878
-2.60192339491697	0.856976680712227
-1.38914452079647	0.720900839927328
-0.970616670123557	0.499385297312801
-0.953938054223757	0.503263807388305
-0.94207008072052	0.473274868158969
-3.68452290555594	1.7077560848722
-1.89524862254189	0.885448212724622
-0.324984306966062	0.136276404963729
-2.19411030628549	1.14985885822124
-2.18530143181765	1.15838512774402
-0.437036282954002	0.198967623335009
-4.46325444644991	2.60634877923433
-0.1642729828463	0.0636633432378249
-2.59042814263479	1.64916837677644
-0.568003719521901	0.23578763352728
-2.22919659341316	1.12482811644737
-3.23785651969922	1.31106301795449
-2.73484862105071	1.87056158862021
-0.398948288958786	0.129034673490178
-0.308573488381037	0.129304183657942
-1.44405320380797	0.562802545205695
-2.04272728485859	1.02174471784078
-0.664827985096269	0.245284899015517
-1.69398296565989	0.709572237849685
-1.88882447119396	1.26934742478412
-0.973911207611073	0.512411764457551
-0.388812968986394	0.124486571922593
-0.729220058594411	0.333768572101769
-3.98607319856679	2.01653664467767
-2.30660987176445	1.28609598053495
-1.45641507196522	0.571159867497038
-0.899984326455543	0.373236410384895
-1.16670615080275	0.399031911652578
-2.05648242531545	1.03874074624016
-1.67824689505471	0.72117217033679
-1.45641507196522	0.571159867497038
-1.26869852903372	0.611948231739446
-1.67604085297162	0.72220532792672
-1.16063721206571	0.40176670289541
-1.90367448966039	0.873453621231497
-2.58384519266063	1.63910227559522
-4.27319146738143	2.34086289586372
-3.48841798874408	1.51483381870319
-2.78547943710119	1.95882685502337
-1.24754543590253	0.59321644603506
-1.3801127676384	0.715421248262307
-1.69348152855251	0.99752276405044
-1.3842748840251	0.71151478952181
-4.36506461523693	2.49434129603357
-1.50460093981974	0.811497460698446
-2.32260946430322	1.26847144580807
-0.667154899158819	0.243315460068662
-0.390673652308023	0.124898770454446
-1.38623290681872	0.716709523903973
-3.86899746364205	1.89450480590333
-3.69370334741452	1.70983375401694
-2.58575103484108	0.851921364801337
-0.384938221394115	0.122513407282826
-2.42138651901225	1.41872202762544
-2.04173740262903	1.0227399669452
-2.66888391574052	1.71187433271194
-3.46984827545522	1.4929651247195
-4.14233945681384	2.2022423612061
-1.88200874340187	0.864136447067481
-2.58974315154508	1.6421501034475
0.426642361438216	0.121417604811203
-1.49220905235559	0.822971966981353
-3.87223983494234	1.88721411983426
-3.67577796043795	1.66934043248277
-3.48518174918694	1.50928886670032
-0.805317901758974	0.240245271413442
-2.05674787232135	1.030096790818
-2.04505989385735	1.0111654506686
-2.18142848417846	1.16048073137871
-1.15774121057203	0.396404960642202
-1.86593217339802	0.864761256829874
-0.329562526407617	0.0809032754437318
-2.41573519211081	1.41889721704449
0.432617977883664	0.124821313391821
-0.388480541716615	0.149711799615298
-4.45725517302825	2.59791867791436
-2.94269249920511	1.07887837307104
-3.23763075302678	1.26909461841585
-1.67932689904086	0.723095437837306
-0.0248671218869239	0.00720161911774375
-1.44725578707284	0.563449404759838
-3.865926448436	1.88252632951466
-3.24101676390245	1.28845735084462
0.000202595833572506	0.000337190513416376
-3.46956417000721	1.50979888537416
-1.44834067236736	0.563716343951873
-0.798339580557216	0.237512976825991
-0.679314190120471	0.250445451912004
-2.05700436629576	1.02114575824242
-2.32487746983275	1.3109370527341
-1.69682038505629	0.721245484121584
-2.32487746983275	1.3109370527341
-3.68452290555594	1.7077560848722
-2.31824112993094	1.29081207976275
-3.5072384367269	1.48034808534443
-2.94529170648287	1.08184221173329
-2.94529170648287	1.08184221173329
-0.160975593922504	0.0550269095797471
-3.47592836562483	1.51632163436114
-0.329833379522388	0.080964167982724
-2.96991894494474	1.07563777849068
-2.94789681561174	1.07770443059943
-3.22878680411869	1.29317391796469
-2.04713996565241	1.02818337863891
-1.38458689432217	0.701570085484907
-1.4391934507221	0.556145620330514
-3.694123344797	1.65999419723962
-2.96099863026807	1.08361701968534
-3.46352301092958	1.49357335764936
-2.11625496161792	0.64084087948516
-1.88096997610208	0.869719862862541
-2.11793804739448	0.63135655885096
-1.67687966957579	0.709146160888777
-0.800995785218802	0.237876280195171
-2.33018632387134	1.26871605514207
-3.47913644203901	1.49827557598933
-4.37507959596384	2.48719979187506
-1.49275052071493	0.809239913394865
-1.83871585176214	1.17152351706961
-1.33863980599762	0.842936353401008
-1.76247155204742	1.1080657492178
-3.87223983494234	1.88721411983426
-1.68768337137264	0.725715944035541
-1.78108898441548	1.05833647292106
-2.49110490068578	2.37499436303161
-2.8414242131449	2.05013979159595
-4.83913682256713	3.14315954317946
-2.79465725226948	1.95993073827993
-2.157511347866	1.67562507268389
-4.78489087831861	3.00908884145903
-3.69110222471061	1.68102151484746
-2.73920037084939	1.82441363783176
-2.96012918084926	1.06994382147187
-1.68591880536479	0.714188772430448
-4.01033333195033	2.02883040737488
-0.798689244210115	0.236974923937834
-0.398021750944472	0.129235526935931
-1.45350459123829	0.564383077541792
-1.43843454353316	0.557370465174693
-1.09142940224683	0.480864361015355
-3.47592836562483	1.51632163436114
-3.66600935104818	1.68463206614575
-4.03150717353278	2.05287904280614
-0.33689119721015	0.0827090533192686
-0.552095102463814	0.229996287614635
-1.60473896954694	0.900283285864853
-3.89051068018946	1.82303713635964
-1.47156556313894	0.572567915070448
-3.69053858523696	1.69693808059739
-2.03106970624139	1.00760021697875
-2.18811267045224	1.15484513822788
-0.905975415714495	0.361967763716897
-3.25938628134786	1.2577010729379
-4.16313814265322	2.19460261359641
-2.5059466422499	1.53193834503064
-1.09619369910647	0.497547048629496
-1.76878246419237	1.11887851277699
-2.4013652141474	1.39493076659083
-0.0391395322654192	0.0106916023514308
-3.67577796043795	1.66934043248277
-3.23785651969922	1.31106301795449
-3.86037983785432	1.84911973413399
0.789006443932879	0.36685971302788
-2.94269249920511	1.07887837307104
-2.59746896280767	0.856847653258548
-4.48335572045051	2.59452344086262
-2.03935497678996	1.00811911056739
-2.04171148579872	1.03189176200621
-3.47913644203901	1.49827557598933
-3.23467591426078	1.28622604981977
0.113692214354437	0.0368230811562161
0.547302770002164	0.240110613795988
-1.43843454353316	0.557370465174693
-0.380841264699724	0.123517522888366
-1.51069650655827	0.821444830133291
-1.2348584395135	0.718459280932234
-0.387313047168267	0.12517636660844
-1.44535976810258	0.557410511593418
-1.59414010758913	0.93002530865169
-1.6666819031763	0.70985501400146
-1.10404107139	0.488387080216783
-1.69982925259355	0.719432773768437
-2.50928914114807	1.54334897695183
0.560830183251905	0.251054004098789
-1.37223615027519	0.710588474021527
-1.86382790543503	0.862315978162119
0.113622759378638	0.0362439563058354
-3.23820194400546	1.29276369359999
-4.47494875717449	2.59915128988309
-0.38168808660243	0.12291546722282
-4.38333194994727	2.50381477909898
-1.15009790585392	0.677832571607299
-2.22756599080769	1.16010692536408
-1.23690748386948	0.590656095126568
-2.06517928493688	1.03423490451552
-1.6930265598319	0.732323542829214
-1.88800478903068	0.867462078605189
-3.46037115145863	1.48533559797057
-1.10996233171914	0.503391399583856
-2.03313037131377	1.01414252414794
-1.88727516247431	0.884129303669026
-2.33675543647526	1.2978258170877
-2.9540630304766	1.0929499144108
-1.153356554994	0.647319974474801
-1.29138915217381	0.798711793636928
-0.802205075453867	0.4539672112029
-2.98569042628904	2.31654808373455
-2.78217058140851	1.95703077738915
-2.11020252646587	1.63791331017675
-0.351632899491368	0.190000421180892
-2.67858894511986	1.73524381218827
-0.956548055167464	0.481503043228294
-1.84458194177341	1.17917479090863
-1.88972119153788	0.889304176084449
-2.88675795979079	2.12594514787839
-1.46021131469235	0.560048263918839
-2.52045734141433	1.53753145182864
-0.676807256667891	0.248451435879645
-1.25866688790664	0.612432338394351
-2.31369038491201	1.28563760907664
-2.4406648387994	1.42239140550879
-2.65410129871389	1.74594313456112
-2.51317393525865	1.53290736952317
-0.574734775404936	0.239367855267125
-1.06880110811447	0.567977267614566
-2.52158135557072	1.53887689093139
-3.23763075302678	1.26909461841585
-1.67525979859676	1.00781145105395
-1.16180541838921	0.644409689744584
-2.04408099100384	1.02214767190419
-2.32724883363595	1.28018218589468
-4.15988405419985	2.20415257411074
-4.01323484477366	2.05758564997037
-2.43188809704109	1.4136212707105
-1.8814409790248	0.875488873495969
-3.67854438961601	1.70689968903158
-2.84484256499677	2.01070309544758
-4.48055985608852	2.60695601184505
-1.38665195195306	0.720084908999339
-1.50368123368952	0.837626195241647
-3.68396023830769	1.67279608157429
-2.97546804523434	1.03475406107846
-4.37572382646845	2.50319464219864
-2.50675484241186	1.5349608311107
-2.33602570013069	2.04267432049758
-4.55787388892495	2.72022958832049
-1.53170742659323	1.1194122974351
-1.46702021017454	0.563168001007874
-1.76944359034912	1.08681529316545
-2.32968561790284	1.25924867411419
-2.94994806243385	2.22498184187657
-3.48231979349352	1.49089983107
-3.48196983057548	1.5131639907559
-4.72799657732008	2.92573103191275
-1.14593652905036	0.660063301132377
-2.02583294395265	1.39311308819489
-3.46668204335763	1.49581723292627
-2.71507128055226	1.82552502437171
-1.88340789512661	0.87052985435831
-0.74258253576814	0.396179178446019
-4.36157549601897	2.44859551758165
-1.61497067564754	0.9414923583608
-3.04753325907745	2.45621017183114
-4.12811018847702	2.1852759111493
-1.86915735994329	0.86568344180703
-2.0447979212153	1.02531475832328
-1.89226006594301	1.26107932940906
-4.46325444644991	2.60634877923433
-2.024188533438	1.48685076957456
-0.713024191456632	0.316345782694766
-2.18670006914698	1.1467916264951
-1.75359402448687	1.08664582503343
-1.90279530328515	1.29795455300775
-1.37240298572475	0.704809299263038
-1.76728254872839	1.11665353933605
-3.68495265407452	1.67808597120956
-4.27143736252527	2.37940059387057
-2.42422951742253	1.35479513260607
-4.81387815793575	2.94556883986948
-2.42975551977701	1.42529636564488
-3.69110222471061	1.68102151484746
-2.43215843937167	1.42686546233376
-3.25959148784621	1.29383657803116
-3.67201505118702	1.7069892564667
-2.95050784791928	1.06273716713851
-4.14798567490657	2.1561726201048
-3.2471838157023	1.27710488997357
-0.0306172706397265	0.00853360453925992
-2.11793804739448	0.63135655885096
-4.12529488469363	2.18319731054061
-1.50843268574704	0.814850687378876
-0.667653716278859	0.244760380809172
-1.6930265598319	0.732323542829214
-2.66853556026216	1.77124507376939
-2.04534989015043	1.01662104550948
0.2199878108509	0.081239518946544
-0.919117089691816	0.379858831967156
-2.41802586512868	1.40392171649146
-1.84440723285343	1.22676952395086
-0.181059443400736	0.0608975891487615
-3.68124285241051	1.70760077961227
-4.00115113910362	2.03537747220939
-1.46909681516455	0.564782854629917
-1.16698590186077	0.39982517263279
-0.319004015513152	0.078546017662404
-2.50819991675183	1.52665989582298
-2.66166712926909	1.75281636894685
-3.4791206633941	1.50957597543244
-1.08235185373772	0.485474435454663
-2.58792662580816	0.864420955691165
-2.42077366430642	1.41582452698662
-1.04976115163779	0.559052599098647
-3.49164847125527	1.49812388350468
-1.37712925114688	0.715400855952587
-3.23763075302678	1.26909461841585
-3.47593951133455	1.49837863953396
-4.15399365134595	2.2118440807869
-3.85391006178274	1.88479387627154
-4.01939749451161	2.04826798894708
-1.68437825825523	0.722942852086679
-4.47779124955195	2.64431190389997
-1.51196468307871	0.811077612950752
-4.36289876703565	2.49827197237554
-4.15978852184039	2.21039612548005
-2.00249286436235	1.42072461429384
-2.84721105853117	2.03561399772047
-2.53213083183264	1.55036121247738
-2.50369059149868	1.52451657958047
0.461821631014818	0.220735309769188
-2.50675484241186	1.5349608311107
-5.05575146068012	3.54345027055642
-1.76846803542798	1.12625571797698
-1.8299944653779	1.62555159915016
-1.46017998674994	1.28809011112065
-3.46751270106145	3.39509286556365
-1.94610962409491	1.3288594954103
-2.99675751790736	2.32725928436767
-4.03150717353278	2.05287904280614
-1.60566309555438	0.932804633744811
-2.60882735747727	1.62611894386338
-3.67251481995334	1.67967374591679
-1.68569435890562	0.989617843471281
-1.84169144808696	1.23389557549108
-0.864181237039343	0.426820203162351
-2.42245168526395	1.40241276942834
-3.8446738283004	1.86102422932933
-2.58084255036031	1.64039536488593
-2.50813738902324	1.49799392626448
-4.15096101556994	2.19769235093951
-2.73780866810201	1.83903057731656
-2.40808199562722	1.41256002335527
-2.06198653105193	1.03041838000077
-2.29947916108753	1.27705721624565
-2.13019278806774	0.625915142677584
-2.73474090152322	1.79971639830079
-1.46000087511612	0.561196680762019
-2.95747105550978	1.08255074299022
-2.04154787896939	1.01497553091623
-2.40943859614638	1.40150838546046
-2.51369671771879	1.54421928163148
-2.67516342466676	1.74646557569481
-1.45431490832975	0.563433673505684
-2.5809915385438	1.64310616276654
-3.67839745439908	1.68952363071105
-4.46076051546	2.60591293689702
-2.42888026334051	1.41647845241724
-1.89202889902615	0.88318552637763
-3.87513145808762	1.86340028102317
-3.46984827545522	1.4929651247195
-3.68452290555594	1.7077560848722
-1.45077620207201	0.565617223740927
-2.32187520216646	1.24002767042766
-2.65355618170101	1.73699844482151
-2.71397300141705	1.83421260219597
-2.50369059149868	1.52451657958047
-2.06826498083097	1.02448707068419
-2.1869895791048	1.16172713549279
-1.19297959500695	0.886739149480849
-3.84788768555929	1.85439809264094
-1.22695282947809	0.755574921849843
-0.166827488472048	0.0646319003096687
-2.5029706071693	1.49515119714897
-1.48961987838466	0.805120524328622
-1.83522133872566	1.19713615000094
-3.46668204335763	1.49581723292627
-1.97036839774998	1.3798804988359
-2.18811267045224	1.15484513822788
-1.24426929548651	0.602997498854852
-1.8878485064934	1.28430514318876
-1.88972047332776	0.880551572667919
-4.55109404089344	2.75376058232948
-2.59263478783219	1.61283655960314
-2.04272728485859	1.02174471784078
-2.58132201384123	1.60222341914354
-4.14533325944625	2.21993058099643
0.502391115342233	0.199004026748267
-1.17322126516035	0.399151424009822
-1.6779017285517	1.01523929080971
-1.50260227946583	0.817845373027022
-2.19710863286029	1.16881548334079
-4.01630747429358	2.04551854906486
-2.03674081775566	1.00473166947806
-4.01325561168654	2.06569761494079
-3.69110222471061	1.68102151484746
-4.24976053098104	2.35362715138928
-4.12811018847702	2.1852759111493
-4.38190886850097	2.47326363509816
-1.87280379501913	0.876484202305989
-1.83039840529608	1.17446039649085
-2.5939754355692	1.634950760055
-4.26732749045144	2.29154347802829
-2.31069160186191	1.26641954596762
-1.41037963636387	0.981017114895899
-2.51137831556519	1.53544300378421
-1.40201316475272	0.927349802047985
-1.37466916283583	0.710987451129701
-1.68024358606411	0.998295940547368
-0.195642647015292	0.0747994133787293
-1.25711004114985	0.603689452480738
-2.72794930490056	1.84323065495906
-1.88476238569551	0.875684175886376
-0.16145779384816	0.0544806648582984
-1.45142215198831	0.56274387438543
-2.95142896060397	1.0932285262034
-4.48853096561523	2.5394733743262
-1.60558458753448	0.921242805355747
-4.004207216381	2.03788502622324
-1.07270526600652	0.476847367688363
-4.26290364899377	2.36943005395946
-0.807322725496377	0.241045063064016
-2.32050484146817	1.30365768221676
-1.45904301504696	0.566912864180753
-0.808863158909727	0.237861761227588
-2.05110739373372	1.02742073559167
-2.12405038734904	0.637549783253442
-2.12405038734904	0.637549783253442
-1.44823725755485	0.559368791933897
-3.24118886779147	1.29634317978052
-4.26259517594984	2.33342514521628
-0.957200814895357	0.497551343951037
-4.47095235341127	2.56890841350965
-0.37670737886446	0.120094883606628
-3.48519446347385	1.51875923517547
-2.60689236020173	1.64505626411577
-1.87499118248909	0.874215330847115
-3.48842632146772	1.48035192378054
-0.157294184084244	0.0608723768970588
-0.863626492303847	0.426474778622152
-3.69053858523696	1.69693808059739
-3.67854438961601	1.70689968903158
-4.39373007949548	2.46604275252962
-2.18811267045224	1.15484513822788
-0.171136555576469	0.0660397111867365
-4.02232086914182	2.0442906094292
-0.586359460681611	0.279103720798851
-3.86321343301995	1.8798065710895
-1.05459189380146	0.59084511830726
-1.96113107713241	1.38390006017697
-4.26290364899377	2.36943005395946
-1.68721615388464	0.725141563332268
-2.79567533237174	1.93670990321624
-1.78598049902513	1.11958203597013
-3.48234022750493	1.49179332032826
-4.48334655797199	2.56018480138915
-2.05955990669228	1.03489853924897
-3.48518174918694	1.50928886670032
1.30499388071013	0.561491608631064
-1.26891950373333	0.611158705201122
-3.69687683466292	1.68774945391247
-1.2449365699291	0.61038969502167
-3.48231979349352	1.49089983107
-1.68719689623671	0.709612652479622
-2.94789681561174	1.07770443059943
-4.01617381977495	2.05726238397563
-4.00710359501678	2.06276135485689
-2.96025858149038	1.08487677119721
-0.798989269292726	0.237086792656774
1.15499106296025	0.357626976076535
-2.96292808933484	1.07602572428339
-3.84788768555929	1.85439809264094
-0.16477145710129	0.0540531588168871
-3.50066687871477	1.46861756066696
-3.69977559272337	1.69467477688171
-3.69659185758824	1.67666814505274
-3.48841798874408	1.51483381870319
-2.59845649583922	0.862453075010557
-2.11625496161792	0.64084087948516
-4.2883080856483	2.33708957613505
-0.803562149352311	0.239959706780035
-1.69056011620065	0.730434854301542
-3.85982377183437	1.89529372747147
-2.13724119892934	0.62801243803531
-0.738250244922264	0.336950723253352
-0.679314190120471	0.250445451912004
-3.67854438961601	1.70689968903158
-2.1943884855196	1.14136224577779
-2.96025858149038	1.08487677119721
-2.11625496161792	0.64084087948516
-3.23488705770369	1.30740157520254
-0.796328054790059	0.236721981992156
-2.04229924208882	1.02049861377361
-4.02235542550404	2.06607422415556
-4.15138730674173	2.22885438302606
-3.48841798874408	1.51483381870319
-3.24735865467129	1.31057679645978
-3.24083293406887	1.30703683631488
-2.95050784791928	1.06273716713851
-3.48231979349352	1.49089983107
-2.19687366487066	1.15254529179063
-1.16096363094197	0.401944501379568
0.444854208791125	0.127991221299979
-3.85391006178274	1.88479387627154
-2.6058742381228	0.864133359977702
0.440163025510079	0.128436134724386
-1.49843356390957	0.831480796917882
-2.9540630304766	1.0929499144108
-0.915921104516482	0.363473742084892
-3.83826411501092	1.86101469856198
-4.27104721673248	2.36503699943191
-0.320968214320357	0.0797036181189048
-1.465541771323	0.574459070098685
-1.88972119153788	0.889304176084449
-2.05890978213216	1.03304646315016
0.386804340501861	0.0890870371925953
-1.38457598507017	0.701527663979543
-3.68110194361731	1.70426675004714
-1.15473967554762	0.397017347944234
-2.01216319862394	1.47126404703394
-1.49921762929506	0.820811309514377
-4.01630747429358	2.04551854906486
-0.188580086989147	0.0718044006912318
-1.47156556313894	0.572567915070448
-2.58411413420823	1.63555706239926
-4.56900397136714	2.77330441463233
-0.454110114417812	0.196105986699092
-4.4743576655511	2.62661842617042
-2.95817795223715	2.19069657471646
-1.28757171862651	1.00115570143448
-1.96169562898947	1.39354200504775
-4.72025063554718	2.95089772320968
-4.38123413956921	2.5145662649329
-0.412759035139157	0.210671361070274
-0.958124720784751	0.504107467410588
-1.4363453151658	0.555745907017857
-4.00420000968637	2.05733472632605
-2.78867571574185	1.9426227880912
-1.50295842260237	0.815658493085351
-2.04477109848982	1.03555051751709
-0.331850542208865	0.0814286802002607
-1.15774121057203	0.396404960642202
-1.68224095000138	0.720852067164121
-4.13952093842072	2.21154169368165
-3.49778101529461	1.49801851787409
-2.322277496567	1.29898242740705
-3.86288324058891	1.84353305359891
-1.16297906407246	0.403133997050686
-3.46984827545522	1.4929651247195
-3.49453569670019	1.49596026382907
-2.95050784791928	1.06273716713851
-2.13019278806774	0.625915142677584
-2.30847801984838	1.28793251017207
0.938387366171497	0.340308443060998
-1.68228380936834	0.715903186918481
-1.39105165325483	0.716734531336263
0.439450986635441	0.126147307935794
-0.676707661557878	0.241611350922343
-3.67186769181626	1.67763828789293
-2.60465100188129	0.855808724204004
-2.94789681561174	1.07770443059943
-1.67496927014951	0.719256786998181
-0.676373381919977	0.249246875523325
-3.69700888918053	1.70589948156221
-3.4791206633941	1.50957597543244
-1.09551206358922	0.490172941598683
-3.48840057735364	1.49270604695819
-1.07972594593017	0.478634991570859
-1.16366802857736	0.402405435181621
-3.99198762013565	2.03542077431359
-0.431546934600487	0.192839344406311
0.290054989875392	0.136452834279042
-0.149831033618543	0.0498269974308872
-1.26067424408053	0.593802470081311
-2.17634375755774	1.15915803928579
0.49685895620835	0.192493190914953
-2.192802851774	1.17977128840411
-1.6930265598319	0.732323542829214
-2.18249340723154	1.15954940324115
-4.15399365134595	2.2118440807869
-3.67527655271152	1.70975740420734
-1.40035525620208	0.726678648844306
-3.68452290555594	1.7077560848722
-2.59845649583922	0.862453075010557
-3.48518174918694	1.50928886670032
-0.665517673572761	0.240008966336879
-3.84146597740596	1.8631571120044
-1.87926422690358	0.872961501720823
-3.48196983057548	1.5131639907559
-4.13092857813498	2.18351938311742
-0.333124044736572	0.0814172978858416
-3.49166152229953	1.47672535108572
-1.44240008219954	0.55453972021473
-1.40020379490399	0.730304072662274
-0.961409498319945	0.5073021746446
-1.46316351230105	0.564700672547137
-0.734984438116672	0.391588651779426
-4.5608218474132	2.7736718346223
-2.05902248495915	1.03570467846488
-4.38398882399091	2.46851424569198
-3.86899746364205	1.89450480590333
-3.86916788074677	1.87536218619534
-1.69932876504243	0.727474981194067
-2.31122830473264	1.29986155725916
-1.17322126516035	0.399151424009822
-2.04524414334332	1.02586208186045
-4.80481151244181	3.11140610244446
-1.38083235283581	0.700906715243827
-1.38068857743434	0.703775517339568
-1.36989448886345	0.886442551687141
-0.71473863935436	0.32339838695262
-3.47876479685015	1.50890351346878
-0.909864860815735	0.370637037113081
-0.0340661344841396	0.00926511169888696
-4.38193221861174	2.50015759594585
-2.04434455123696	1.0262239722372
-0.646747077791397	0.337633144744354
-2.04524414334332	1.02586208186045
-1.68474853956681	0.723279418107133
-4.00726474069071	2.05008627832581
-1.38107543049772	0.702437586028054
-2.97263663991778	1.07714274841451
-2.41386621559643	1.3956640775023
-4.48564120902491	2.61754959170124
-2.42134224210742	1.42459969966702
-3.24083293406887	1.30703683631488
-1.69104688868921	0.710511703245113
-2.50795838082278	1.54687404690111
-4.02232086914182	2.0442906094292
-1.77261352869426	1.12647522561119
-2.58575103484108	0.851921364801337
-3.24083293406887	1.30703683631488
-1.09902763226417	0.484129719988353
-2.59010690959944	0.863676284132476
-3.85391006178274	1.88479387627154
-1.8931291900465	0.865817633162151
-3.67251481995334	1.67967374591679
-4.80511370937902	3.09462057985534
-1.16536589894551	0.401887753836726
-4.1397175802239	2.21955604064222
-2.5922919016647	0.850808961904777
-2.72710367611101	1.86177453043093
-1.70514014861998	0.734640141605143
-2.30872195300642	1.27471339512884
-1.24716393686299	0.599716815437133
-2.31774331033199	1.31337608586124
-1.37437369884455	0.710364284218539
-4.1658173659928	2.19036138693665
-2.72592915878478	1.82413403389848
-5.14614074322062	3.74912471791051
0.446633383608558	0.125700161843211
-1.89501123711548	0.847192364731744
-1.46073115728567	0.562823874568484
-1.45142215198831	0.56274387438543
-1.68224095000138	0.720852067164121
-4.4635537677229	2.63448190890383
-1.69050794317886	0.717198853283192
-2.19734269149797	1.16153611202311
-1.0958945152456	0.493789625868454
-2.06250699833861	1.01670471612465
-0.389174850910964	0.126288919434083
-2.20865123848272	1.16762690928888
-0.327820854220883	0.136966777961051
-2.60192339491697	0.856976680712227
-0.395683095478787	0.12929756844192
-1.14530924682972	0.654359974087016
-1.77064973876477	1.1256945094406
-4.02240379511309	2.03540298208895
-4.27319146738143	2.34086289586372
-1.87773921067642	0.869984449459702
0.939990685706229	0.339610739800664
-0.566072631486709	0.235647888113986
-4.57154807637204	2.75150920121745
-1.17441985022447	0.404210618344489
-4.02222128765907	2.04298508219083
-0.382534765239814	0.145925773288629
-2.95670313229087	1.0799832472719
-1.44997964687726	0.5695873399959
-3.23467591426078	1.28622604981977
-3.24381632723908	1.29116659560307
-1.69431362351417	0.718848127605887
-1.88697456273749	0.878397368383071
-3.67854438961601	1.70689968903158
-3.69700888918053	1.70589948156221
-0.330531747699963	0.0809413806785777
-0.729807106750038	0.334077041539506
-1.42216381198801	0.392677803121387
-2.94269249920511	1.07887837307104
-3.47302173405553	1.48451825877499
-0.320968214320357	0.0797036181189048
-0.320968214320357	0.0797036181189048
-0.33689119721015	0.0827090533192686
-2.59624396554541	0.871838624210666
-3.66276697470485	1.68001569382241
-1.8814409790248	0.875488873495969
-3.88425005984572	1.86579978285968
-1.45964341759176	0.56585658149948
-0.796027809725694	0.236609990316831
-1.4542073054193	0.566050345362835
-1.15441429700433	0.396842666670552
-1.16903837662951	0.400372928845436
-1.41258048711295	0.392583212481328
-1.45989997523074	0.56889299920966
-2.60934350864501	0.851799232324918
-0.323207416487251	0.0791611694499776
-1.16297906407246	0.403133997050686
-1.69683048605852	0.716210254479413
-0.796328054790059	0.236721981992156
-2.59845649583922	0.862453075010557
-3.2317279398944	1.29267978140064
-3.47556662344624	1.49065932873041
0.469348578417489	0.157675395474764
-0.33689119721015	0.0827090533192686
-2.32705577658655	1.29483244418046
0.00640954485475273	0.00278723757363692
-2.62137841254125	0.836634983210359
-2.85265082110682	1.99988375829613
-2.59564085536695	1.5930807267306
-2.05074382361204	1.01014755299555
-4.00115113910362	2.03537747220939
-2.59503203912595	1.63183511504835
-4.56212900863774	2.77368047676863
-3.8720788168286	1.86626880342869
-4.39093492307904	2.48993104173483
-1.33202819450012	1.0638855343014
-2.3013118146932	1.92655360772964
-2.37897054747977	2.10007864885805
-2.22676036559852	1.77635615437914
-4.75389568353459	2.86238878025059
-0.946309777885395	0.598902128026735
-2.20359807296106	1.17856424219898
-2.06242576894505	1.0172910519994
-4.3657919007957	2.47859958556511
-2.32487746983275	1.3109370527341
-1.38220643574865	0.719750097831847
-2.32724883363595	1.28018218589468
-1.2374001927066	0.582939641349648
-3.48841798874408	1.51483381870319
-0.320968214320357	0.0797036181189048
-1.44483689551087	0.55639606537252
-3.25370128193614	1.28060334617641
-3.26918060313329	1.27818033774163
-0.563525754770085	0.237381638184477
-1.16731497125946	0.400001902714751
-3.865926448436	1.88252632951466
-2.03922096512032	1.02272799455309
-4.27674211209472	2.35782793616481
-0.394809731153906	0.12562167245323
0.235077281035458	0.0846429296081364
-3.85068427695974	1.88992207687603
-2.04228301421096	1.02120301867068
-2.04272728485859	1.02174471784078
-2.50573492869174	1.53540598219925
-0.560846646540241	0.274638390866676
-4.03150717353278	2.05287904280614
-3.47302173405553	1.48451825877499
-1.88476238569551	0.875684175886376
-0.90006834114684	0.365376021671245
-1.4391934507221	0.556145620330514
-2.0623574124174	1.03688071338324
-1.09896780416724	0.490620826377552
-2.95050784791928	1.06273716713851
-2.58792662580816	0.864420955691165
-1.69633237940189	0.731594702042536
-2.42672274287636	1.37506080547212
-0.410532748148843	0.130971481610973
-4.55652172758569	2.73658160473783
0.433061576647609	0.125210690141933
-1.61580718306523	0.932998636710249
-0.398794479039929	0.151273518744085
-2.31545833789368	1.28060235140171
-1.45046587518472	0.561786605061018
-2.11625496161792	0.64084087948516
-1.07948109007699	0.480813988339492
-0.953577548956003	0.490098874270254
-4.15138730674173	2.22885438302606
-1.43843454353316	0.557370465174693
-3.24083293406887	1.30703683631488
-0.140947095122927	0.0486015397974796
-0.402516142261434	0.128925089052747
-1.43599383316359	0.555497465507665
-1.47020143109586	0.550868762763869
-3.24083293406887	1.30703683631488
-2.11625496161792	0.64084087948516
-1.70551432517593	0.710376379212938
-1.37412633066643	0.699767645958755
-2.19494704834234	1.16163262637226
-2.18631191890963	1.16539231069019
-3.49779096648462	1.49642101085335
-0.366644435321938	0.135429083808864
-2.19571664714681	1.16240613122817
-1.45192678192765	0.558812559876632
-4.37637827249495	2.5070240377772
-4.00726474069071	2.05008627832581
-0.317349149200674	0.134592578618437
-2.51466447114532	1.54210663083673
-0.175753832710834	0.0589126196859969
-2.04727906970181	1.03043339571488
-0.0357499776062767	0.00982234152565599
-2.11793804739448	0.63135655885096
-2.06242576894505	1.0172910519994
-1.68482372919832	0.718143093070978
-2.20333290838475	1.18552001149533
-1.25332558033822	0.615988618225625
-1.87788154650517	0.876371629451988
-2.17678260524821	1.14344969598865
-0.851115428951691	0.415909336600508
-1.36714908060025	0.896534883750845
-1.0606560266975	0.579740349878826
-0.951515828336595	0.488672118929678
-2.1838927516238	1.15364719929594
-3.24101676390245	1.28845735084462
0.0187355000876582	0.00710857235893726
-2.17860991313942	1.16256066560708
-0.560065101153796	0.234986031974332
-4.02547625718188	2.03261944888254
-3.47592836562483	1.51632163436114
-3.87513145808762	1.86340028102317
-2.04796596544954	1.02006134779348
-2.19786412012163	1.15900293092126
-2.18440562385728	1.15013269190246
-0.978327726508798	0.506510270054294
-2.1838927516238	1.15364719929594
-2.4165488734939	1.41358625168773
-4.40287796187276	2.46453915390445
-3.70641830473568	1.68082106237409
-3.85714190938429	1.8734837156198
-4.39166452036224	2.48056114544493
-3.88132798124416	1.86140266702648
-4.36794493269622	2.47482967942926
-4.72128252112839	2.97247448453033
-3.69714269100481	1.67567141764536
-3.46984827545522	1.4929651247195
-1.34890632306151	0.866454615137113
-2.2051411866876	1.16430105847541
-2.94789681561174	1.07770443059943
-0.806209579875503	0.240319387510702
-1.69350253511393	1.04288787186046
-2.32946072482135	1.31082566494342
-1.71239898228932	1.04014410393041
-3.85110756709483	1.84215401690584
-3.25003230842772	1.29016178378762
-1.60927209040797	0.898744708045937
-4.36594339382246	2.41433919140166
-4.63670187351675	2.84363758813876
-4.37784634750084	2.49101693553877
-1.49656593064924	0.805385830534919
-2.35093818227291	1.28427778364313
-0.894598520108825	0.365541572018611
-1.87819107785954	0.878704717476309
-0.798989269292726	0.237086792656774
-2.19043073984268	1.17646994300594
-1.69854283555561	1.04684949173029
-1.88420631050538	0.866634767739103
-1.49739136768483	0.812262534197613
-1.87238878007545	0.864445596983595
-4.36506461523693	2.49434129603357
-2.03674081775566	1.00473166947806
-0.672731975649523	0.247324272927874
-2.05927934598258	1.04073103656941
-1.09317160258946	0.498082269195895
-1.50159466100237	0.838126608672688
-2.18249340723154	1.15954940324115
-4.37293009637607	2.49934714217827
-3.85068427695974	1.88992207687603
-2.04796596544954	1.02006134779348
-4.25226608334787	2.36026387890982
-0.39927474032684	0.149853324301815
-2.60241060369975	0.854963479137724
-2.94880090077179	1.07960497488258
-0.727345163598392	0.334580677006087
-2.68633885720248	1.74238374346061
-3.70296815730582	1.68156110714683
-0.914692741825975	0.372643236235019
-4.01632421818916	2.06033669142515
-3.49778101529461	1.49801851787409
-1.69398296565989	0.709572237849685
0.0994668400280433	0.0322450345999925
-0.679356337531445	0.245839178245008
-1.27641399887813	0.617311180420735
-2.59845649583922	0.862453075010557
-3.47620244611808	1.46505327692983
-0.33689119721015	0.0827090533192686
-1.1722107135637	0.402409154338874
-1.87885320174942	0.872530359184286
-2.59969374965312	0.866171839638
-2.60465100188129	0.855808724204004
-0.802325642185219	0.23737585303853
-2.11457542201993	0.632270703085136
-1.89296623798935	0.872245283917107
-3.24381632723908	1.29116659560307
-3.50067815265901	1.49633361917882
-4.27390156745635	2.37688371940949
-1.68735264691613	0.707517317064049
-2.59845649583922	0.862453075010557
-0.688891361345063	0.246573531596354
-3.46984827545522	1.4929651247195
-0.0349262065046586	0.00968328522045341
-0.585984022841153	0.246249596985526
0.46848665693263	0.159285324473081
-1.45368349758618	0.555977822550464
-1.45431490832975	0.563433673505684
-1.10237081389982	0.498297655060982
0.388856236225614	0.0893513438012124
-2.94529170648287	1.08184221173329
-3.84746453687368	1.88988334428878
-1.69900312321016	0.720669450230716
-2.95670313229087	1.0799832472719
-1.69386003293317	0.723241683908137
0.137305190171619	0.0432149379644928
0.440247518617901	0.124766169889262
-4.3722521638621	2.45383877746934
-4.57154807637204	2.75150920121745
-1.68204240015487	1.01808032815645
-1.88901254773006	1.28217903628142
-4.36863220502598	2.50827583387092
-1.4844141338675	0.792178753013261
-2.00470764289965	1.43683272932301
-2.19215386151851	1.16699293103573
-2.19458741723465	1.16265027900264
-2.99167861538354	2.30752494005923
-2.49195891612526	2.34259224128863
-1.66972310868639	1.3267937915794
-3.00926297160799	3.83042217657322
-2.42488373411878	2.22784680662306
-5.04369629317442	3.53648740639091
-1.29932499094142	1.03689989197741
-4.00726794386139	2.03579041100125
-4.64874234290009	2.83987594423155
-3.67527655271152	1.70975740420734
-2.51826668506222	1.55453928839411
-4.49014912144536	2.63168790625154
-2.59332202333735	1.63371971099
-2.29205336569454	1.2710769814192
-0.395335878411549	0.127231389842715
-2.52165903232657	1.5230108873071
-0.330531747699963	0.0809413806785777
-2.95670313229087	1.0799832472719
-4.1517405304037	2.18083398426513
-2.40637048631362	1.41682869348358
-0.323477055228385	0.0792210886710328
-1.7153855628705	0.710200520233204
-0.825916607417963	0.241693505079377
-3.69053858523696	1.69693808059739
-1.5112520460186	0.836228735204122
-1.16394522355219	0.399188349200844
-3.23785651969922	1.31106301795449
-2.94529170648287	1.08184221173329
-0.0468516785581637	0.0120461165277976
-0.56608203236803	0.269697055573663
-0.3851509823897	0.147481321612633
-0.445210361374799	0.2058375924269
-0.809864789800853	0.240720485251289
-2.60465100188129	0.855808724204004
-2.95050784791928	1.06273716713851
-0.827584457603113	0.240037154615378
-0.891230140839188	0.366282407766764
-4.24917828533564	2.32985613853684
-2.21628246391585	1.15338056348943
-2.95747105550978	1.08255074299022
-1.16366802857736	0.402405435181621
-4.01340823611124	2.00922312626271
-4.27674211209472	2.35782793616481
-1.18384521372444	0.399376864443818
-2.17626187145103	1.14789932114663
-1.16074992863818	0.392371141727899
-2.58472659736821	1.62338492899034
-1.6007403472149	0.935925671295652
-0.446220225979486	0.264974655700474
-2.59785683272345	1.53831610477861
-1.68475945334065	0.723282349912791
0.38712249202939	0.0889469399976088
-0.670137114166587	0.246580892437345
-3.4791206633941	1.50957597543244
-2.42018386310792	1.3793697362246
-2.11625496161792	0.64084087948516
-4.25979078383637	2.35416873495911
-1.4456137539323	0.54888625748728
-4.26609472968214	2.3646456281055
-1.45157427421788	0.558563984462496
-1.50334180086836	0.819048612913997
-0.726688141377288	0.30920311071087
-2.06499690780578	1.02542684497994
-1.17322126516035	0.399151424009822
-2.20080551210692	1.17917212241711
-1.38919027818205	0.719841183982343
-2.59845649583922	0.862453075010557
-0.317349149200674	0.134592578618437
-1.75969933042322	1.09240178550595
-1.87603123090927	0.876167402641253
-1.91190378943955	1.26817958045088
-2.5922919016647	0.850808961904777
-0.428100055658156	0.193425024460456
-1.88059330973187	0.861012332941431
-0.165298183215806	0.0557944247691814
-3.23488705770369	1.30740157520254
0.938387366171497	0.340308443060998
-1.68145573307092	0.725202237092618
-4.27038738564078	2.33787789290751
-1.44433427455644	0.564039877294805
-1.68972738545822	0.729508832623155
-4.02855338412651	2.02282140980856
-0.143266524606628	0.0486278883877456
-1.68224095000138	0.720852067164121
-2.04759351447038	1.02726444696696
-3.25037831047555	1.31072968763222
-2.41236160841133	1.40588608280781
-2.41923631607441	1.4247462557026
-2.17958036229612	1.1400169524057
-3.46956417000721	1.50979888537416
-1.08700758107006	0.495698117216324
-2.94529170648287	1.08184221173329
-0.323207416487251	0.0791611694499776
-2.59845649583922	0.862453075010557
-3.24381632723908	1.29116659560307
-1.68229847576245	0.703787279021516
-2.21069408913677	1.15724226305648
-2.60241060369975	0.854963479137724
-2.59403623540671	0.862321687590532
-2.59403623540671	0.862321687590532
-3.2471838157023	1.27710488997357
1.81256361946551	0.57834251056048
-3.85110756709483	1.84215401690584
-0.330531747699963	0.0809413806785777
1.63727736835462	0.628591326830438
-3.24401486805702	1.30306765327258
-2.04754758529306	1.02512244169837
-0.166484467953528	0.0555178573688087
-3.48804567023145	1.49730631111214
-4.17141270520676	2.15827776692369
-2.30633955848906	1.29798157312995
-0.393606179882178	0.12822577632543
-1.6930265598319	0.732323542829214
-2.06491486911143	1.04342152104254
-2.03674081775566	1.00473166947806
-3.46668204335763	1.49581723292627
-4.37849450842266	2.50203761395073
-2.9540630304766	1.0929499144108
-3.86646347593009	1.85675163811185
-2.11457542201993	0.632270703085136
-2.05090483169391	1.03497461534066
-2.96368015470176	1.09391132840251
-2.95142896060397	1.0932285262034
-3.24401486805702	1.30306765327258
-2.59624396554541	0.871838624210666
-2.5922919016647	0.850808961904777
-3.48841798874408	1.51483381870319
-3.49740803096527	1.47753513624128
-2.04886634969015	1.00608828150574
-2.12405038734904	0.637549783253442
-3.48234022750493	1.49179332032826
1.14270422844595	0.353753757992918
-2.59010690959944	0.863676284132476
-1.68482372919832	0.718143093070978
-1.67932689904086	0.723095437837306
-3.47913644203901	1.49827557598933
-3.49128703399549	1.51134713331351
-3.47592836562483	1.51632163436114
1.81256361946551	0.57834251056048
-1.41258048711295	0.392583212481328
-1.41258048711295	0.392583212481328
2.01616843045719	0.916690493912292
-2.59746896280767	0.856847653258548
-2.59010690959944	0.863676284132476
-1.41861533435082	0.392208760255697
0.112884907146623	0.0362699341022027
0.388856236225614	0.0893513438012124
-2.60465100188129	0.855808724204004
-2.12583185726159	0.636206454826058
-0.826348743399188	0.239561894157232
0.385075707641674	0.0886838975959519
-1.41258048711295	0.392583212481328
-3.67904807038136	1.64741286165732
-3.67577796043795	1.66934043248277
-2.96025858149038	1.08487677119721
-2.96292808933484	1.07602572428339
-2.59403623540671	0.862321687590532
-3.66600935104818	1.68463206614575
-2.12234123160274	0.637594722384862
-2.60465100188129	0.855808724204004
-1.6173978604408	0.94171910713712
-3.46984827545522	1.4929651247195
-0.326086336851824	0.0802709064148997
-2.59403623540671	0.862321687590532
-2.59010690959944	0.863676284132476
-0.803562149352311	0.239959706780035
-2.11793804739448	0.63135655885096
-0.803562149352311	0.239959706780035
-2.94009917255636	1.06357285148769
-1.88524816353361	0.855464546913129
-0.803562149352311	0.239959706780035
-1.41258048711295	0.392583212481328
1.81275735644485	0.578334100363068
-0.329562526407617	0.0809032754437318
-1.44275146806576	0.554786216830674
-1.68261954234258	0.721187773901018
-2.5922919016647	0.850808961904777
-1.4418948059152	0.562136887168944
-2.3250101881929	1.28408490557467
-4.13670547619058	2.21588840055392
-1.87885320174942	0.872530359184286
-3.47302173405553	1.48451825877499
-2.42403473694274	1.41315321596764
-0.8909359230504	0.360473216133448
-4.57989612769205	2.71928218074429
-1.58750115177727	0.900036681177349
-2.16840830796437	1.14048354327992
-2.65670443160905	1.75129634462095
-0.809841522791059	0.464326516358787
-4.80513357046296	3.00655977255805
-3.25037831047555	1.31072968763222
-3.69700888918053	1.70589948156221
-1.4391934507221	0.556145620330514
-2.11625496161792	0.64084087948516
-3.25340478521311	1.29746019164863
-2.11625496161792	0.64084087948516
-2.96292808933484	1.07602572428339
-3.49453050645579	1.51184658520737
-2.12405038734904	0.637549783253442
-3.2317279398944	1.29267978140064
-1.67359943814928	0.711798657296876
-2.04477109848982	1.03555051751709
-2.96636789255138	1.08488428798663
1.14708961910934	0.352884759430849
-3.23467591426078	1.28622604981977
-0.0376837000341215	0.0101415481762758
-2.59403623540671	0.862321687590532
-1.08834607309466	0.481238849644135
-2.96710706136531	1.07261956720226
-3.70322098187002	1.66326215181989
-2.59403623540671	0.862321687590532
-3.46668204335763	1.49581723292627
-3.47592836562483	1.51632163436114
-2.95050784791928	1.06273716713851
-3.46984827545522	1.4929651247195
-2.58792662580816	0.864420955691165
-1.41258048711295	0.392583212481328
-2.12234123160274	0.637594722384862
-3.24702004054533	1.30325594009619
0.908878632144778	0.323750805237217
-2.95481903112699	1.08281287204211
-1.16731497125946	0.400001902714751
-3.23467591426078	1.28622604981977
-0.393335451035804	0.125032008434509
-2.11625496161792	0.64084087948516
-3.5072407540353	1.46739921346377
-1.6875785871617	0.709941556740777
-1.44804860578253	0.550704264899689
-1.37712925114688	0.715400855952587
-0.390346432480804	0.127347358957816
-1.60621260678216	0.894923048402253
-0.800995785218802	0.237876280195171
-4.14233945681384	2.2022423612061
-4.01329003862337	2.00856979733781
-3.50105332151971	1.48294128470258
0.380220335111381	0.0881615126503493
-0.0255260116428208	0.0073547714089776
-1.41151445005737	0.392781075624489
-3.49453050645579	1.51184658520737
-0.806094556751972	0.237007516344902
-0.328306601286335	0.0815148772018528
-0.670537663411036	0.249644549307585
-4.37996858439121	2.47169847592855
-1.16063721206571	0.40176670289541
-3.494516148328	1.48434688336176
-2.59845649583922	0.862453075010557
-2.94529170648287	1.08184221173329
-2.19710138151502	1.17351957513677
-1.08666098981945	0.488047289346173
-3.68124285241051	1.70760077961227
-3.86269040343164	1.88216356455309
-2.94529170648287	1.08184221173329
-1.16703216165977	0.39920669027665
-2.11793804739448	0.63135655885096
-3.46984827545522	1.4929651247195
-2.60192339491697	0.856976680712227
-0.323262123993069	0.0802314869089757
-0.79568953618047	0.234098917075123
-2.11625496161792	0.64084087948516
-2.11793804739448	0.63135655885096
-2.59010690959944	0.863676284132476
-3.67854438961601	1.70689968903158
-0.0298858259093641	0.00849839766739087
-3.85673168870693	1.89216987090797
-2.43419161004734	1.44571206515632
-2.9540630304766	1.0929499144108
-1.61252234163814	0.925841188877182
-2.20132485217901	1.14314777025322
-4.26789154210047	2.35479472842848
-1.49843356390957	0.831480796917882
-2.96477325244462	2.24016791994733
-0.676373381919977	0.249246875523325
-1.15334917322062	0.650668691122097
-0.0302910622156732	0.00845543634306828
-3.99808452887576	2.05711630458218
-2.42403473694274	1.41315321596764
-4.57709751876839	2.64282774227173
-1.44677251428671	0.562140196400255
-2.52416467472201	1.53522278929592
-4.28251605608911	2.34113202916646
-4.00420000968637	2.05733472632605
-2.06556360585616	1.00844410752614
-3.85673168870693	1.89216987090797
-0.325496088733371	0.0796803271427964
-4.47997661904412	2.62490860158855
1.81275735644485	0.578334100363068
-0.0218211847619584	0.00651731127597014
-1.15916830230631	0.400381516841368
-4.01942387058205	2.00397124881808
-2.1893637870905	1.16885251507247
-1.26402294864472	0.612155608263797
-3.24401486805702	1.30306765327258
-3.6935710314037	1.68312406751478
-0.573606809393737	0.239830021698032
-1.6930265598319	0.732323542829214
-3.83826411501092	1.86101469856198
-2.31513168173833	1.30119411740248
-2.94789681561174	1.07770443059943
-0.555109488052115	0.263692410791765
-2.61087567939654	0.834878684881132
-2.19494704834234	1.16163262637226
-1.61157057037342	0.94069509848798
-4.71910344658174	2.97611576083288
-1.67852852319012	1.01400734427656
-1.75630189009761	1.09831541848153
-2.2992470852379	1.29083286227191
-1.71553806953285	1.03757851710121
-1.46602813118027	0.558006452549911
-1.88744822949054	0.857914422939603
-3.50395571933828	1.48951789945412
-3.49490372850572	1.46110064546517
-4.26041160545188	2.36928021693728
-4.03439751326549	2.04630679326622
-1.49251777619055	0.806640634264005
-2.58272099406528	1.60459733194126
-0.688032921592964	0.253774111380497
-2.42444948306525	1.39867478541097
-0.323477055228385	0.0792210886710328
-3.23488705770369	1.30740157520254
-1.46316351230105	0.564700672547137
-3.23763075302678	1.26909461841585
-3.494516148328	1.48434688336176
-0.672613365147064	0.24456162360017
-3.67251481995334	1.67967374591679
-0.803562149352311	0.239959706780035
-3.85110756709483	1.84215401690584
-2.59624396554541	0.871838624210666
-3.24083293406887	1.30703683631488
-2.04579439769552	1.01715776518098
-4.01033414601557	2.03656248690179
-0.330531747699963	0.0809413806785777
0.386804340501861	0.0890870371925953
-0.161487705745899	0.0544793947454795
-2.12405038734904	0.637549783253442
-0.0498671805121394	0.013087551895603
-2.11625496161792	0.64084087948516
-1.67359943814928	0.711798657296876
0.933359654007764	0.340188237502439
-3.4791206633941	1.50957597543244
-2.96368015470176	1.09391132840251
-2.9540630304766	1.0929499144108
-0.793372555865882	0.233212461554592
-1.4411239129881	0.556713781177132
-3.86935693737474	1.83211581414395
-1.47772755394149	0.556873686700945
-3.47592836562483	1.51632163436114
-1.69882247578205	0.726642247793675
-2.94789681561174	1.07770443059943
-2.42378857410869	1.43779645553827
-2.12405038734904	0.637549783253442
-2.59624396554541	0.871838624210666
-0.812541713209379	0.243528463709759
-1.69170719669593	0.716243205099309
-3.49164847125527	1.49812388350468
-1.15441429700433	0.396842666670552
-3.26581125021332	1.27875034517425
-3.24702004054533	1.30325594009619
-1.67894839290492	0.722757505108272
-0.67463617582403	0.244774874948673
-3.24118886779147	1.29634317978052
-2.11793804739448	0.63135655885096
-1.09617375751979	0.486917291180668
-2.12405038734904	0.637549783253442
-4.15680275158454	2.19900139522486
-3.67251481995334	1.67967374591679
-0.583585028637033	0.282455799068491
-1.67604085297162	0.72220532792672
-1.88340789512661	0.87052985435831
-4.65638792272238	2.7669676755093
-4.26539696220948	2.36477543438229
-1.51655242140924	0.800098845250275
-3.25653960740236	1.30282593007707
-2.94529170648287	1.08184221173329
-0.91044713013041	0.368782978076248
-1.20490315647039	0.720087309956829
-2.3223417614733	2.0521470760338
-2.98690272146943	2.33579421201831
-2.21648478299805	1.8423985008935
-1.38164818126926	1.16890682936355
-2.90953955025566	2.15731488010945
-0.852621812087325	0.407057484628042
-3.50686130510056	1.465514788635
-3.24735865467129	1.31057679645978
-1.46349000986712	0.565171554741433
-1.25267214025516	0.591450772251133
-4.45831452898634	2.60660181394419
-2.03966499944737	1.0232719479279
-3.69370334741452	1.70983375401694
-1.87562645362376	0.860629373678806
-1.50455535516549	0.835128427330339
-3.4791206633941	1.50957597543244
-2.94529170648287	1.08184221173329
-1.86988031677169	0.861594655751102
-0.805792325963578	0.236895910132114
-3.69096202375265	1.70490332957872
-1.44275146806576	0.554786216830674
-1.17040249789874	0.400839477782866
-3.85068427695974	1.88992207687603
-3.67854438961601	1.70689968903158
-3.5039532105191	1.45625017019675
-1.61866198802074	0.874234958867804
-1.45955211819269	0.566056560740919
-1.16156715475541	0.680642825571858
-1.44546679835197	0.564634670764445
0.478722556553696	0.163919853393707
-3.85068427695974	1.88992207687603
-0.393770465561115	0.150085049286126
-0.72906162247172	0.332391526693782
-3.25320759529616	1.28763624573944
-1.59736002086245	0.898688478216545
-3.46984827545522	1.4929651247195
-2.18626147171991	1.15391018121685
0.223898622855239	0.0835835437633002
-2.94269249920511	1.07887837307104
-1.67932689904086	0.723095437837306
-3.87857081103626	1.83861413028145
0.479975959754516	0.162847845377406
-1.45746560444336	0.566985949334081
-2.41027608249185	1.41146695813579
-1.39268034395631	0.727533085192812
-3.4791206633941	1.50957597543244
-0.385291293309167	0.122687260540478
-3.68509915079549	1.67633152655595
-4.55933994680123	2.75775078254669
-2.96025858149038	1.08487677119721
-2.04199728869309	1.01259212546401
-2.53231284092812	1.52896123369992
-3.85433349086914	1.81759249342373
-1.16703216165977	0.39920669027665
-1.61574185141127	0.928232794190775
-1.45466864163867	0.563686323272081
-1.69382567792439	0.718389996555706
-3.2317279398944	1.29267978140064
-0.0349262065046586	0.00968328522045341
-1.69600402524416	0.726295026644024
-0.321238070497515	0.0797644464023098
-3.24735865467129	1.31057679645978
-4.03433493302197	2.02176289770395
-2.1787538464961	1.15296568476763
-0.86422648768203	0.425185770543148
-4.26539696220948	2.36477543438229
-1.67496927014951	0.719256786998181
-1.90545938982247	1.30422836851844
-3.84788768555929	1.85439809264094
-3.67854438961601	1.70689968903158
-4.70341301138995	2.95805010584289
-3.67527655271152	1.70975740420734
-2.95217308542817	1.0695463308063
-2.19155503631001	1.16409697699819
-0.328306601286335	0.0815148772018528
-3.23467591426078	1.28622604981977
-2.94529170648287	1.08184221173329
-1.16813538595839	0.397245421956287
-2.60192339491697	0.856976680712227
-3.85337342026436	1.88188480474079
0.0199582078760601	0.00675102848927593
-3.85673168870693	1.89216987090797
-2.94269249920511	1.07887837307104
-1.51503145318072	0.813643891885584
-2.18719133489869	1.14745086908432
-1.40411676596934	0.948983309178329
-1.39328179569671	0.713915134872726
-3.2317279398944	1.29267978140064
-1.08256006811858	0.479549544795103
-0.811519200525653	0.23819088828955
-0.727271024072701	0.336770220025245
-1.09300420926811	0.495195135323386
-3.85714190938429	1.8734837156198
-1.84361951487858	1.14289331152989
-4.01928359365167	2.06900178960332
-2.3251263248487	1.2872409935601
-3.46984827545522	1.4929651247195
-3.85382830176229	1.86873556004725
-1.50368123368952	0.837626195241647
-0.899015895539411	0.369034360047222
-1.60736206134781	0.943360540245822
-2.66397854242245	1.7439039413973
-1.89221267355638	0.870781701815511
-4.4635537677229	2.63448190890383
-1.96066859962524	1.35325173952915
-3.69383740793434	1.69311150538724
-4.15392379817693	2.20036959988974
-4.28781925037915	2.36207019005384
-3.24083293406887	1.30703683631488
-0.967990259776998	0.501286845459322
-2.42718481313017	1.41843462715616
-2.95747105550978	1.08255074299022
-1.45182876174187	0.559000530147217
-1.41861533435082	0.392208760255697
-1.45046587518472	0.561786605061018
-4.4614870965315	2.61650338142223
-2.50241014459517	1.53299395114387
-3.51015250480045	1.46752896399531
-0.371736354424244	0.140756688202675
-4.56463439815375	2.70564543582762
-1.07838787058299	0.486104438218332
-0.92951763706114	0.579580471278895
-4.37360102773137	2.51001353124822
-0.807220506763517	0.454560392719942
-4.78991970441274	3.08783384425269
-2.40761154431144	1.41331347699274
-3.68438222899582	1.71169604468664
-4.7248737400877	2.95594713075871
-4.26789154210047	2.35479472842848
-1.16215021976043	0.402036390268638
-3.86899746364205	1.89450480590333
-1.88420631050538	0.866634767739103
-2.41184591085328	1.41933465919348
-2.65435622926856	1.73186958793231
-3.8599695100187	1.88935533200801
-4.38606836345493	2.458276821303
-1.23515463376038	0.753739556477292
-2.9540630304766	1.0929499144108
-2.11793804739448	0.63135655885096
-3.47302173405553	1.48451825877499
-1.70638242881071	0.988309034135452
-3.47302173405553	1.48451825877499
-1.17478391055795	0.405059120470836
-3.83826411501092	1.86101469856198
-4.02232086914182	2.0442906094292
-3.4791206633941	1.50957597543244
-3.69096202375265	1.70490332957872
-2.31749710697252	1.29700600495016
-2.94880090077179	1.07960497488258
-3.86646347593009	1.85675163811185
-1.44755169538948	0.566291028072655
-0.67145101155052	0.243810412128109
1.80577814402211	0.579897169515412
-3.23467591426078	1.28622604981977
-0.3404581794267	0.0832225366533605
-3.87857081103626	1.83861413028145
-2.12583185726159	0.636206454826058
-1.15441429700433	0.396842666670552
0.932235476672269	0.336463516126845
-1.24597786236689	0.602112760250581
-2.03966499944737	1.0232719479279
-3.69096202375265	1.70490332957872
-2.58792662580816	0.864420955691165
-3.25959148784621	1.29383657803116
-2.31804961102762	1.2945795244933
-3.48196983057548	1.5131639907559
0.389091380780796	0.0893837858796829
-1.11111635344432	0.489337985248633
-3.24118886779147	1.29634317978052
-1.46316351230105	0.564700672547137
-1.24935577524675	0.607095807826999
-1.43524384937498	0.554349554798128
-3.48231979349352	1.49089983107
-2.95747105550978	1.08255074299022
-1.6926954100049	0.732575567808003
-2.05609373046509	1.02661843240541
-3.67527655271152	1.70975740420734
-3.46984827545522	1.4929651247195
-1.16813538595839	0.397245421956287
-3.67512940364348	1.68676422413564
-3.46984827545522	1.4929651247195
-1.6881111931136	0.710586188339641
-1.44869322969647	0.563969391250078
-1.45456192200054	0.566305561440098
-3.48196983057548	1.5131639907559
-2.65585788886228	1.73633539539462
-4.37849450842266	2.50203761395073
-2.85361652511075	2.06669088696153
-2.30624987433738	1.28265988810104
-1.51066409680508	0.834831912700077
-4.72527596339037	2.97052524775645
-0.900021301710205	0.738169488908743
-2.74789922298449	3.06620399245039
-2.77542729285816	1.93181431610384
-1.22744321358899	0.914909843923505
-1.05595480315594	0.57536465625882
-1.7699608815254	1.11925139985974
-2.67597473229695	1.76888661923666
-1.6009311906166	0.896216956839371
-2.21441960238867	1.15989096711681
-0.721882189638973	0.327627398770696
-2.19323585193996	1.17356578785679
-3.47592836562483	1.51632163436114
-3.66925862482574	1.68447953125519
-2.59624396554541	0.871838624210666
-0.160559276319271	0.0609689834047418
-2.03062808597457	1.00707041271182
-1.67032575941929	0.712070787294208
-3.25959148784621	1.29383657803116
0.381939954112183	0.0885630978825824
-0.798989269292726	0.237086792656774
-3.25959148784621	1.29383657803116
-2.49444176840225	1.50432546093781
-3.68181858219134	1.69781016916074
-4.63221214828307	2.8056411692134
-2.59624396554541	0.871838624210666
-3.71243559682214	1.66800577369526
-3.83506822329879	1.85422987440123
-3.84146597740596	1.8631571120044
-0.954597693846269	0.502048464845754
-1.68591880536479	0.714188772430448
-2.18466955259642	1.13683732185891
-3.24702004054533	1.30325594009619
-1.15675679409825	0.398189095706627
-0.885520802392303	0.354500597597396
-0.150073533828864	0.0505086318898791
-4.37493857879911	2.51414223764871
-4.56066651803747	2.75317472511817
-2.67361457385547	1.74756835639897
-2.11625496161792	0.64084087948516
-2.94789681561174	1.07770443059943
-2.43344083853548	1.40436740837842
-1.86915735994329	0.86568344180703
-1.88601527919198	0.861268370153741
-2.41495655743018	1.43353616245097
-1.68482372919832	0.718143093070978
0.101178033977828	0.0315045651570981
-2.30415427919198	1.29026039467253
-0.90047564560554	0.362556344486475
-4.16268676334728	2.19342938004588
-1.10135812680991	0.494165230402562
-1.10190277335097	0.488685496938427
-2.94269249920511	1.07887837307104
-4.01632421818916	2.06033669142515
-0.0340661344841396	0.00926511169888696
-1.45157427421788	0.558563984462496
-0.152447629819266	0.0513286372725128
-4.37009835509565	2.46681148104164
-1.8864828341806	0.888231041705548
-2.31781056988555	1.28673059011094
-0.14378634711856	0.0487763445202613
-0.385895596033402	0.123377539382582
-2.79917540030716	1.88707538078992
-0.632834386123742	0.319211581187781
-0.72488937052719	0.332072271094975
-1.8980630141902	0.869846202950511
-2.20259998506649	1.16241624492109
-3.48555089226695	1.47374077771881
-0.702420273330866	0.315887037235755
-0.706313826197496	0.363877211218252
1.15701051518738	0.357024714890045
-1.44275146806576	0.554786216830674
0.11647326084241	0.0373320480484961
-3.46984827545522	1.4929651247195
-2.95481903112699	1.08281287204211
-3.24702004054533	1.30325594009619
-1.68228380936834	0.715903186918481
-1.44511419185342	0.564380485142621
-1.16670615080275	0.399031911652578
-3.67854438961601	1.70689968903158
-2.04477109848982	1.03555051751709
-2.94529170648287	1.08184221173329
-2.20860025288878	1.18224093770723
-3.26294523006342	1.28545470419828
-0.407662241883126	0.129733523277889
-3.23467591426078	1.28622604981977
-2.04489638784803	1.02467662505983
-4.37373229555539	2.41634164357633
-1.09856323128446	0.490414987547099
-2.04171148579872	1.03189176200621
-1.3768164960559	0.714761520947413
-1.6666819031763	0.70985501400146
-2.61507500510583	1.64794528423914
-1.44804860578253	0.550704264899689
-1.68591880536479	0.714188772430448
-1.62919202598072	0.945123007649686
-3.47302173405553	1.48451825877499
-1.52908240300664	0.827681102060707
-1.10208337460015	0.481241721327404
-4.00115113910362	2.03537747220939
-4.00726794386139	2.03579041100125
-2.13804784759928	1.651426217827
-4.03729551039579	2.00070462734281
-3.68181858219134	1.69781016916074
-3.47274287589245	1.51648375272542
-2.18421961844025	1.15767379148181
-1.44823725755485	0.559368791933897
-0.817617952941936	0.241228781805827
-3.67527655271152	1.70975740420734
-5.0801773543489	3.58812203909006
-0.552161443916028	0.22667708835054
-2.58792662580816	0.864420955691165
-2.78661498495398	1.94834621324753
-4.01621641997325	2.06544037866138
-3.69426157430998	1.68498614948823
-1.87877489684636	0.867200993756801
-2.0449799634758	1.02523587326798
-4.2845199435452	2.35514131640736
-2.89132470747755	2.12938903591883
-3.48804567023145	1.49730631111214
-1.45182876174187	0.559000530147217
-4.14233945681384	2.2022423612061
-1.39585012870576	0.723385557785857
-3.23488705770369	1.30740157520254
-3.67186769181626	1.67763828789293
-4.01928359365167	2.06900178960332
-3.69714269100481	1.67567141764536
-4.14516103457883	2.18650780913944
-0.67463617582403	0.244774874948673
-3.24083293406887	1.30703683631488
-3.23763075302678	1.26909461841585
-1.67496927014951	0.719256786998181
0.220301018475314	0.0816411902691047
-2.58792662580816	0.864420955691165
-1.26034601878731	0.591882179963203
-2.18959942602465	1.16697209774575
-2.9540630304766	1.0929499144108
-3.47274287589245	1.51648375272542
-3.23785651969922	1.31106301795449
-4.24413406959704	2.32580750403562
-3.8599695100187	1.88935533200801
-4.13952093842072	2.21154169368165
-2.96636789255138	1.08488428798663
-1.41151445005737	0.392781075624489
-2.11625496161792	0.64084087948516
-1.89587330602791	0.870420667869628
-0.413672793246906	0.132628560183183
-1.41151445005737	0.392781075624489
-1.41258048711295	0.392583212481328
-2.95481903112699	1.08281287204211
0.437688456191057	0.125580008034337
-1.15619345799842	0.394711335354762
-2.59845649583922	0.862453075010557
-0.0379691139427916	0.0102769992534417
-3.24381632723908	1.29116659560307
-3.70018912684309	1.68393452214533
-3.66600935104818	1.68463206614575
-1.18072190480766	0.404180854012687
-2.11625496161792	0.64084087948516
-2.59845649583922	0.862453075010557
-3.23785651969922	1.31106301795449
-3.66276697470485	1.68001569382241
-2.95670313229087	1.0799832472719
-3.4791206633941	1.50957597543244
-2.05890978213216	1.03304646315016
-4.02855338412651	2.02282140980856
-3.2471838157023	1.27710488997357
-3.2471838157023	1.27710488997357
-3.87548760510849	1.86578835297097
-2.96918297422932	1.06174110781782
-1.68474853956681	0.723279418107133
-2.60465100188129	0.855808724204004
-3.24083293406887	1.30703683631488
-0.800995785218802	0.237876280195171
-2.11457542201993	0.632270703085136
-3.50066687871477	1.46861756066696
-3.69110222471061	1.68102151484746
-1.68398012816581	0.731527525691984
-1.45756865173015	0.559334907102357
-3.67577796043795	1.66934043248277
-3.46984827545522	1.4929651247195
-1.84070350849799	1.13822663534738
-1.76874740551301	1.10254086592692
-1.86705292193022	0.863239192391698
-1.34851043992886	0.877361131047565
-0.958716149676156	0.492925614881476
-0.851115428951691	0.415909336600508
-2.60052582144009	1.59589690555091
-1.51737452120408	1.10743667415392
-1.83111298424475	1.20382796014067
-1.80320197236839	1.54761482337791
-1.11061536989293	0.779798556418266
-2.59301700711016	1.66404554846573
-0.476061792189858	0.250270753299996
-2.41857254428957	1.42676729748839
-2.17350220962272	1.14390902048559
-4.37722945924401	2.46793249358577
-4.3972284109793	2.47057446463713
-4.48281237620996	2.64457758876753
-0.864849908781307	0.421725831649159
-1.76275649247902	1.0955685172624
-3.2317279398944	1.29267978140064
-1.44483689551087	0.55639606537252
-2.94789681561174	1.07770443059943
-1.45792233451535	0.559583866907468
-3.47592836562483	1.51632163436114
-3.67854438961601	1.70689968903158
-4.13952093842072	2.21154169368165
-2.1893637870905	1.16885251507247
-3.24702004054533	1.30325594009619
-2.60865732498527	1.61994181389398
-3.85349995091346	1.88895649290269
0.539835071924351	0.237433164840798
-1.09915406611645	0.497153278495573
-2.3063739615171	1.29639084525111
-1.16297906407246	0.403133997050686
-2.51845466185149	1.5296604561014
-4.01033333195033	2.02883040737488
-4.15978852184039	2.21039612548005
-3.48234022750493	1.49179332032826
-0.379952067226896	0.120627241741863
-2.94269249920511	1.07887837307104
-0.448418855202392	0.207529973549017
-1.17139462629325	0.407686012078872
-3.47274287589245	1.51648375272542
-4.26789154210047	2.35479472842848
-1.70339386946698	0.708379618543862
-1.68475945334065	0.723282349912791
-2.96292808933484	1.07602572428339
-1.26242744065297	0.604875697980344
-1.07111573014693	0.597027412477727
-3.84146597740596	1.8631571120044
-1.44275146806576	0.554786216830674
-1.23362275080774	0.594305960673219
-0.722395292029745	0.328605514093783
-2.1711965821478	1.143579033709
-3.67796917626224	1.7001819651395
-4.47052505562504	2.6071211739899
-3.69096202375265	1.70490332957872
0.380220335111381	0.0881615126503493
-2.05093341579944	1.02120364874613
-3.85673168870693	1.89216987090797
-2.04830971493088	1.02546989708079
-2.1893637870905	1.16885251507247
-1.44755169538948	0.566291028072655
-1.89021552278541	0.875233130647772
-4.02222128765907	2.04298508219083
-2.05583786746314	1.03188343572413
-0.89079905925965	0.36171674563037
-0.733593052945324	0.333826256102139
0.130256693890365	0.0410559208640998
-0.436986644714714	0.196708507222084
-4.01621641997325	2.06544037866138
-4.00440040818918	2.00305580117864
-1.41151445005737	0.392781075624489
-1.88697456273749	0.878397368383071
-2.95759521661126	1.0747264122287
-1.45319382393629	0.571863884400649
-2.11793804739448	0.63135655885096
-0.390911015442051	0.124917807644122
-1.15774121057203	0.396404960642202
-1.67978942423946	0.701468990346766
-0.814403181494763	0.238427968213454
-1.44725578707284	0.563449404759838
-2.58630408833874	1.64573381447052
-2.11457542201993	0.632270703085136
-0.716487373462951	0.323541733443349
-1.16903837662951	0.400372928845436
-3.99198762013565	2.03542077431359
-1.6801664759961	0.701788816865139
-2.05047581443448	1.0284087258942
-3.25681750357234	1.28344267354913
-2.59403623540671	0.862321687590532
-0.812541713209379	0.243528463709759
-0.163379888671015	0.0630360728884344
-0.0272351984502769	0.00784381398062527
-1.68839535900161	0.72235701051953
-2.11793804739448	0.63135655885096
-1.45955211819269	0.566056560740919
-2.12405038734904	0.637549783253442
-1.41258048711295	0.392583212481328
-1.68224095000138	0.720852067164121
-3.69714269100481	1.67567141764536
-2.11793804739448	0.63135655885096
-2.60465100188129	0.855808724204004
-2.04272728485859	1.02174471784078
-2.96981315553691	1.0640645838116
-2.59845649583922	0.862453075010557
-1.41861533435082	0.392208760255697
-3.6872462022318	1.69217265955221
-3.46668204335763	1.49581723292627
-2.60192339491697	0.856976680712227
-1.45350459123829	0.564383077541792
-2.11793804739448	0.63135655885096
-3.47620244611808	1.46505327692983
-2.97263663991778	1.07714274841451
-1.15916830230631	0.400381516841368
-0.152253170840523	0.0520550415069088
-1.46275605749606	0.560462362918519
-2.96012918084926	1.06994382147187
0.848166694685093	0.353863275571942
-0.33689119721015	0.0827090533192686
-4.13952093842072	2.21154169368165
-3.23488705770369	1.30740157520254
-2.05925988535596	1.01674716529043
-1.16513923828607	0.401391514506918
-1.45964341759176	0.56585658149948
-3.2317279398944	1.29267978140064
-3.25624410049564	1.27892505280514
-3.68181858219134	1.69781016916074
-3.47876818510731	1.49617193243419
-1.17858510405203	0.403964048073799
-2.59010690959944	0.863676284132476
1.15727261407567	0.35899800278529
-2.95759521661126	1.0747264122287
-2.59403623540671	0.862321687590532
-1.24986741356793	0.596714666120318
-1.43599383316359	0.555497465507665
-2.59010690959944	0.863676284132476
-2.96012918084926	1.06994382147187
-3.23467591426078	1.28622604981977
-3.69383740793434	1.69311150538724
-2.58575103484108	0.851921364801337
-0.796027809725694	0.236609990316831
-1.44240008219954	0.55453972021473
-1.66918995382422	0.712245562596916
0.450055740208048	0.128864448965258
0.381939954112183	0.0885630978825824
0.38712249202939	0.0889469399976088
-1.41861533435082	0.392208760255697
-2.58792662580816	0.864420955691165
-1.41258048711295	0.392583212481328
-1.41258048711295	0.392583212481328
-2.59010690959944	0.863676284132476
-2.11793804739448	0.63135655885096
-2.59969374965312	0.866171839638
-0.812541713209379	0.243528463709759
-1.41151445005737	0.392781075624489
-2.60934350864501	0.851799232324918
-2.12405038734904	0.637549783253442
-3.68181858219134	1.69781016916074
-3.23820194400546	1.29276369359999
0.387357416083663	0.0889793030361124
-2.13019278806774	0.625915142677584
-2.11625496161792	0.64084087948516
1.81275735644485	0.578334100363068
-1.4683963510437	0.565862141246029
-0.826348743399188	0.239561894157232
-1.16394522355219	0.399188349200844
-2.59403623540671	0.862321687590532
-2.11625496161792	0.64084087948516
-1.41258048711295	0.392583212481328
-1.41151445005737	0.392781075624489
-2.11457542201993	0.632270703085136
-2.95050784791928	1.06273716713851
-3.46352301092958	1.49357335764936
-1.4539110501941	0.560619271863998
-3.86037983785432	1.84911973413399
-3.85391006178274	1.88479387627154
-2.06556360585616	1.00844410752614
-4.16313814265322	2.19460261359641
-3.24381632723908	1.29116659560307
-4.26230168914892	2.34284064191303
-2.58575103484108	0.851921364801337
-3.225852481252	1.28741618842071
0.444854208791125	0.127991221299979
-2.95050784791928	1.06273716713851
-2.79396101193889	1.956423803924
-2.90520503003375	2.15191089226555
-4.26290364899377	2.36943005395946
-1.49980979793404	0.80942853397263
-2.77777461571093	1.94031545675291
-2.94529170648287	1.08184221173329
-3.47274287589245	1.51648375272542
-0.399228376041714	0.128806951358958
-3.47592836562483	1.51632163436114
-3.4791206633941	1.50957597543244
0.94070627902179	0.347797326422389
-2.5922919016647	0.850808961904777
-3.24418281608045	1.29246903367977
-2.59624396554541	0.871838624210666
-1.4577083088433	0.555682895750896
-1.41258048711295	0.392583212481328
-3.24118886779147	1.29634317978052
-2.59969374965312	0.866171839638
-1.44546679835197	0.564634670764445
-1.17441985022447	0.404210618344489
-0.899984326455543	0.373236410384895
-1.41861533435082	0.392208760255697
-3.86916788074677	1.87536218619534
-2.59624396554541	0.871838624210666
-3.24401486805702	1.30306765327258
-0.390559894504563	0.124742249042287
-2.59010690959944	0.863676284132476
0.449352281882547	0.128044336772013
-1.69469507878313	0.719182229297071
-2.96099863026807	1.08361701968534
-2.11625496161792	0.64084087948516
-2.11625496161792	0.64084087948516
-2.94529170648287	1.08184221173329
-3.67904807038136	1.64741286165732
-2.9540630304766	1.0929499144108
-3.49127741530072	1.49785185241679
-2.95050784791928	1.06273716713851
-3.25938628134786	1.2577010729379
-4.01019166464809	2.06548744474952
-2.60465100188129	0.855808724204004
-2.1869895791048	1.16172713549279
-1.28027375989274	0.797918227068146
-3.46984827545522	1.4929651247195
-3.69096202375265	1.70490332957872
-2.9540630304766	1.0929499144108
-3.25037831047555	1.31072968763222
0.385075707641674	0.0886838975959519
-3.46984827545522	1.4929651247195
-1.41151445005737	0.392781075624489
-0.3404581794267	0.0832225366533605
-3.48841798874408	1.51483381870319
0.472634952510489	0.160834658612431
-1.51070802131943	0.820857321562282
-2.58792662580816	0.864420955691165
-3.225852481252	1.28741618842071
-0.048059908249609	0.0125774919733726
-2.9540630304766	1.0929499144108
-1.67824689505471	0.72117217033679
-0.389168027318196	0.123199372278364
-2.50624694518866	1.54857330408142
-3.66925862482574	1.68447953125519
-1.41258048711295	0.392583212481328
-2.96368015470176	1.09391132840251
-1.90406627171499	0.878415992253727
-1.15774121057203	0.396404960642202
-3.2317279398944	1.29267978140064
-1.15741603323185	0.396231221189313
-1.87822309919765	0.872932573708714
-0.328306601286335	0.0815148772018528
1.64440170754647	0.635367436399987
-0.798989269292726	0.237086792656774
-1.41258048711295	0.392583212481328
-1.67650270386278	0.708820000926994
-1.18429594493078	0.403955000491735
-4.47946617825577	2.649878417931
-3.4791206633941	1.50957597543244
-4.01340823611124	2.00922312626271
-2.04843601964153	1.01292540315231
-2.05373010294764	1.0231435928053
-1.6930265598319	0.732323542829214
-2.95050784791928	1.06273716713851
-3.85349995091346	1.88895649290269
-3.49128703399549	1.51134713331351
-3.46984827545522	1.4929651247195
-1.44834067236736	0.563716343951873
-1.45400782131563	0.560428879789649
-4.26290364899377	2.36943005395946
-3.85673168870693	1.89216987090797
-1.68804796681827	0.716239508477933
-3.67577796043795	1.66934043248277
-1.68482372919832	0.718143093070978
-4.3944387820671	2.50235661851547
-4.47607352068909	2.61367977563185
-0.339523285866918	0.0822222516814915
-2.12755727202608	0.636162768540828
-2.59010690959944	0.863676284132476
0.121230263557054	0.0378151613593955
-3.68780935615076	1.70085765658161
-2.11457542201993	0.632270703085136
-0.327566199101949	0.0805649382219874
-4.16861358014913	2.18231566093719
-1.16311543550524	0.643190065275149
-2.20359807296106	1.17856424219898
-1.16399424397968	0.402583161382906
-4.01942387058205	2.00397124881808
-0.382534765239814	0.145925773288629
-2.30361883507121	1.28945263238451
-1.88105615090003	0.879141076521853
-2.43009693051917	1.43501536272236
-0.574755668266928	0.243324468877806
-1.69756028365765	1.02883866224143
-4.25792083455612	2.36430643729356
-3.85714190938429	1.8734837156198
-4.25477297812848	2.36249621754585
-3.22878680411869	1.29317391796469
-1.87238878007545	0.864445596983595
-2.31596055073897	1.25909844026082
-3.25959148784621	1.29383657803116
-1.88664275612286	0.873725616866945
-1.68771110704186	0.716144226967332
-2.96025858149038	1.08487677119721
-3.4791206633941	1.50957597543244
-2.11793804739448	0.63135655885096
-2.11457542201993	0.632270703085136
-1.15975377431805	0.39756928416027
-0.339796198674237	0.0822833342900926
-2.94789681561174	1.07770443059943
-0.32103307202361	0.079007025149334
-3.66925862482574	1.68447953125519
-0.679666883527484	0.244634375590938
-0.684687017159395	0.250663238005576
-2.59010690959944	0.863676284132476
-0.378798451999018	0.122565991321324
-2.59969374965312	0.866171839638
-2.9540630304766	1.0929499144108
-3.85433349086914	1.81759249342373
-2.32243462662532	1.31324779228497
-3.26244830664234	1.25959353188462
0.38712249202939	0.0889469399976088
-1.68261954234258	0.721187773901018
-2.60241060369975	0.854963479137724
-3.47274287589245	1.51648375272542
-1.41151445005737	0.392781075624489
-1.47156556313894	0.572567915070448
-0.657861517812921	0.239036084567061
-2.94789681561174	1.07770443059943
-0.333124044736572	0.0814172978858416
-2.13371397678132	0.633029387849393
-1.1660050778183	0.403771297016287
-2.95050784791928	1.06273716713851
-2.94529170648287	1.08184221173329
-2.12234123160274	0.637594722384862
-3.23763075302678	1.26909461841585
-2.9540630304766	1.0929499144108
-2.94789681561174	1.07770443059943
-3.23467591426078	1.28622604981977
-0.323477055228385	0.0792210886710328
-2.05086180534524	1.02252929604638
-2.9540630304766	1.0929499144108
-1.51695489432915	0.827923258310083
-4.28167617388025	2.31139536798666
-4.02855338412651	2.02282140980856
-4.64034066845607	2.87126811949035
-0.798989269292726	0.237086792656774
-0.714834082056939	0.320851913384195
-0.95066127523177	0.688627216024503
-2.48032280206866	2.35501889006047
-2.08831243587851	2.13627767550127
-5.26143683103128	3.97179604412278
-3.32010950029504	3.12243758704339
-2.18947078876061	1.15078344750658
-1.15441429700433	0.396842666670552
-0.442434166465452	0.197282650337063
-2.04536520324964	1.01813725078315
-3.48196983057548	1.5131639907559
-3.24083293406887	1.30703683631488
-1.09672977458389	0.489354284056532
-2.40552626214647	1.41368027508814
-1.68693067287453	0.724133538988098
-1.24147451384385	0.604350561600329
-2.59845649583922	0.862453075010557
-2.96025858149038	1.08487677119721
-4.12529488469363	2.18319731054061
-3.46668204335763	1.49581723292627
-3.70350792883597	1.66674049859821
-0.824352712367003	0.238790777646416
-3.68181858219134	1.69781016916074
-4.160104960949	2.22427738156548
-3.22878680411869	1.29317391796469
-2.60465100188129	0.855808724204004
-1.18072190480766	0.404180854012687
-2.59624396554541	0.871838624210666
-3.2317279398944	1.29267978140064
-3.24401486805702	1.30306765327258
-3.46668204335763	1.49581723292627
-3.68495265407452	1.67808597120956
-4.13685534380548	2.1941318698915
-3.24418281608045	1.29246903367977
-4.26041160545188	2.36928021693728
-1.61760453703132	0.913502708905871
-3.50395571933828	1.48951789945412
-2.95481903112699	1.08281287204211
-1.67604085297162	0.72220532792672
-2.0447979212153	1.02531475832328
0.938788048593155	0.341975772325577
-0.718671020351511	0.324317680981528
-2.94269249920511	1.07887837307104
-2.9540630304766	1.0929499144108
-3.69040426987637	1.70504058696772
-2.31794019866865	1.25506909296375
-2.50953102015232	1.53034552583621
-1.67816952483683	0.724312882832655
-4.13108370729373	2.21111231406149
-4.01323484477366	2.05758564997037
-1.46238872690066	0.570838404875383
-4.01033333195033	2.02883040737488
-1.16903837662951	0.400372928845436
-1.25167997346021	0.594230645085435
-0.169052124967838	0.0543781275954694
-2.9540630304766	1.0929499144108
-2.18709090478396	1.16543924842858
-2.11625496161792	0.64084087948516
-0.0187823840576346	0.0057714860946153
-1.41861533435082	0.392208760255697
-2.11625496161792	0.64084087948516
-3.67854438961601	1.70689968903158
-3.25653960740236	1.30282593007707
-0.151837830859457	0.0518536737517576
-3.67854438961601	1.70689968903158
0.440129848992569	0.12446736666861
-3.68181858219134	1.69781016916074
-3.99827270715305	2.02570098460923
-3.69096202375265	1.70490332957872
-2.30657337962751	1.29413938283244
-0.688383468058547	0.249587102369157
-1.45466864163867	0.563686323272081
-2.05648242531545	1.03874074624016
0.442155818180683	0.128560798875464
-0.330531747699963	0.0809413806785777
-2.33714239925152	1.27496213254448
-1.07838787058299	0.486104438218332
-3.47302173405553	1.48451825877499
-0.917458714534625	0.372245914074574
-3.85027427851522	1.8787594020162
-1.45989997523074	0.56889299920966
-1.88048503083922	0.879372119184923
-2.96991894494474	1.07563777849068
-2.19012105763413	1.16536379363425
-2.95481903112699	1.08281287204211
-1.45319382393629	0.571863884400649
-2.05047581443448	1.0284087258942
-1.71132421555312	0.717188275423977
-0.816032389653909	0.242987451547753
-1.2697704771298	0.617445028367394
-1.08481675584224	0.486320850477052
-2.51328625206292	1.55255651323432
-0.80501670800391	0.240131535761597
-2.42018831995759	1.41486638701631
-2.05065939697001	1.02687152487336
-0.388812968986394	0.124486571922593
-1.87311773288447	0.857806892373468
-0.703902518685573	0.318105097675075
-1.49831889277258	0.826608808449593
-2.66492148052738	1.76135082192642
-1.68391746293972	0.722360675185272
-2.5206464053147	1.51811650225746
-3.47302173405553	1.48451825877499
-2.58147219896834	1.643166951365
-3.86037983785432	1.84911973413399
-3.24083293406887	1.30703683631488
-1.71132421555312	0.717188275423977
-2.11793804739448	0.63135655885096
-1.45046587518472	0.561786605061018
-2.12405038734904	0.637549783253442
-1.68839535900161	0.72235701051953
-3.70322098187002	1.66326215181989
-3.23785651969922	1.31106301795449
-1.87782958685151	0.874713249031093
-2.5922919016647	0.850808961904777
-0.574639427640196	0.244200028432267
-1.44163221685713	0.558016897010047
-2.94269249920511	1.07887837307104
-0.916877516573997	0.376773913263284
-0.66526715937692	0.24020068762164
-1.176334472452	0.394461035479972
-1.45368349758618	0.555977822550464
-2.5922919016647	0.850808961904777
-2.95670313229087	1.0799832472719
-3.67904807038136	1.64741286165732
-1.45147537558958	0.558751134279355
-2.12405038734904	0.637549783253442
-2.96012918084926	1.06994382147187
1.80577814402211	0.579897169515412
0.443603428119999	0.125667886188542
-2.04783554318364	1.03656651542859
-1.89296514272045	0.887027726616325
-4.15161382571595	2.1842685914646
-1.16678320396686	0.397047937886877
-3.24401486805702	1.30306765327258
-4.02543192582504	2.05584674662342
-3.23785651969922	1.31106301795449
-2.60192339491697	0.856976680712227
0.432313196046086	0.123768503436813
-0.898935224340829	0.374531913997684
0.439632042795437	0.210109227216045
-3.67527655271152	1.70975740420734
-2.59403623540671	0.862321687590532
-2.41178152727126	1.40494315434727
0.00355709753334862	0.00145003546337414
0.375148585660825	0.0867251084402434
-0.381192533949242	0.123695282248744
-4.45971878004611	2.62233270447917
-4.26326573543211	2.37220214881887
-2.12755727202608	0.636162768540828
-0.90282677700554	0.372577090742299
-3.24401486805702	1.30306765327258
-2.19559859817816	1.18080825020254
-2.59681300134219	1.63530028762423
-3.694123344797	1.65999419723962
-0.87252088410728	0.423027303242109
-2.72157396596587	1.84322855224573
-3.67527655271152	1.70975740420734
-1.17139462629325	0.407686012078872
0.473477319500604	0.164308696666005
-1.15741603323185	0.396231221189313
-1.4683963510437	0.565862141246029
-0.808015063706354	0.238672380558965
-2.29947916108753	1.27705721624565
-1.87926422690358	0.872961501720823
-1.45664368297955	0.567957712660676
-3.86899746364205	1.89450480590333
-3.86646347593009	1.85675163811185
-3.23488705770369	1.30740157520254
-2.60465100188129	0.855808724204004
-1.46073115728567	0.562823874568484
-3.24083293406887	1.30703683631488
-1.09635186126262	0.47293743826145
-2.59010690959944	0.863676284132476
-1.69683048605852	0.716210254479413
-1.44163221685713	0.558016897010047
-4.01016688847683	2.06295522559025
-1.69649797200643	0.718281083253458
-4.26857037216963	2.36753420535821
-3.24118886779147	1.29634317978052
-4.15138730674173	2.22885438302606
-3.23763075302678	1.26909461841585
-2.30657337962751	1.29413938283244
-0.404538140889361	0.129849549279668
-2.59969374965312	0.866171839638
-4.01924500846893	2.05438449966812
-1.88476238569551	0.875684175886376
-0.389994038049412	0.127164690109231
-4.37147795770491	2.51213981002156
-0.329562526407617	0.0809032754437318
-1.39542115329989	0.73428808672375
-2.31031887626297	1.29603284314541
-0.0356490362131953	0.00971299035530045
-0.172547850746082	0.0584005955697772
-2.50195396361949	1.52698339695224
0.110829029393774	0.0359732977800231
-1.45319382393629	0.571863884400649
-1.44163221685713	0.558016897010047
0.241313294479766	0.0894485603397065
-0.707735113904443	0.316218505024549
-4.79064184228843	3.074048728175
-0.807322725496377	0.241045063064016
-4.27962196131304	2.37517903391712
-3.67201505118702	1.7069892564667
-1.67359943814928	0.711798657296876
-0.720259978347907	0.332995501624895
-0.957774384782408	0.495415730136089
-3.47876818510731	1.49617193243419
-2.32732156773535	1.30464862767232
-1.70814726117012	0.728858072577819
-0.721847005537599	0.33313911338556
-0.56632202338781	0.239592362181289
-1.41430969592416	0.983151847666948
-2.92746004680611	2.17207233672579
-3.48518174918694	1.50928886670032
-0.664751234176569	0.239554795410855
-4.46529814099973	2.63454344267247
-2.610427632826	1.65879935775014
0.0244260242274674	0.00938619586834674
-1.06259169492923	0.593417552381282
0.0345508079138282	0.0166209247634705
-2.35186722436149	2.11699960552254
-2.06194997646564	1.02647938125445
-0.835646146562805	0.556837751958832
-1.30607598773712	0.825133394899417
-4.25979078383637	2.35416873495911
-0.902186308522883	0.375661837227005
-4.55933994680123	2.75775078254669
-2.20287205186309	1.16808576156981
-0.469999084423537	0.282753739354773
-1.13842087943393	0.669116392642797
-4.8447527302494	3.18086307362708
-1.40566465154841	0.950268743821565
-4.28130107709545	2.32107989184919
-1.89606499814503	1.26271377745172
-1.24043082905989	0.752517703322079
-1.06596193155082	0.598543407297903
-1.27965376800467	0.792295700056469
-5.18353687949111	3.7232251524639
-1.96750847512033	1.30091951383396
-1.06825727348821	0.594624806991352
-3.24417111812924	2.91632143111316
-0.53869874144241	0.303929456861606
-4.46704148419308	2.63028072697998
-1.52298671420359	1.11457865773062
-1.52616893561007	1.10428621168615
-2.19226448859279	1.14488442095652
-4.36289876703565	2.49827197237554
-2.53404537137583	1.53221512171721
-2.30799277856164	1.29688282650984
-1.84303226449337	1.20883726681734
-1.87885320174942	0.872530359184286
-2.00877506268553	1.46692362988659
-2.83884053433728	2.02061430796065
-1.68670469683568	1.02166188176942
-2.42134224210742	1.42459969966702
-1.51194391241702	0.821336561648062
-1.49251777619055	0.806640634264005
-1.39529757968607	0.722248094262966
-1.44511419185342	0.564380485142621
-1.08483710798329	0.492630664246809
-0.658823703999283	0.334462899640147
-1.68867000881654	1.03305909146168
-2.82717226068798	2.01839245035794
-1.19193861292346	0.873458334404431
-1.41894485460676	0.974170289557407
-4.26326573543211	2.37220214881887
-1.4391934507221	0.556145620330514
-4.1341139532951	2.1962517288464
-4.26230168914892	2.34284064191303
-1.67032575941929	0.712070787294208
-1.68070001194223	0.727670564495973
-4.13389306689628	2.21575561168969
-0.97810927977208	0.516459888984707
-0.897753354869363	0.366325936815679
-2.05367846337138	1.02893455067161
-1.6901896333918	0.728165798295602
-2.32305499343939	1.2857532751321
-2.4170846548744	1.43316792116509
-1.08005298830338	0.59487541778358
-1.09877177155186	0.4770011868608
-1.67586789531124	0.994556930509137
-4.17764032215511	2.18943108990363
-1.38678205401299	0.719671222737985
-0.390731981887088	0.148896455478312
-4.25477297812848	2.36249621754585
-4.63396307393028	2.81107503939401
-1.46773081322438	1.0515801754809
-1.73549500483269	1.43962947494883
-1.23641866317551	0.594881258792373
-1.24524690218726	0.590687086126596
-0.628076112103885	0.421191578011622
-2.00143078528034	1.41683398708143
-1.79211413379981	1.42604272295771
-1.05124871852509	0.691681254394704
-2.91266422392167	2.17191541855004
-1.00995151021913	0.665837916046713
-1.83402430317042	1.2086885925812
-1.41247768663927	0.980985879977649
-0.173512590561375	0.0974196102356727
-3.49615267383805	3.54174122701992
-1.4621205947268	1.04514101684327
-0.552693134645595	0.272799333869308
-1.7740442354118	1.13063263216509
-2.79951563719487	1.91118878253722
-2.19786412012163	1.15900293092126
-2.18109577811011	1.78001846793495
-4.00440040818918	2.00305580117864
-0.389171482658265	0.144622076453342
-2.73841396349396	1.85501224323758
-2.67849073743327	1.73131625502464
-1.25546104576668	0.594707847369356
-3.68181858219134	1.69781016916074
-2.42058965178718	1.42606765281101
-4.27428195019105	2.35757973861018
-4.02232086914182	2.0442906094292
-3.8599695100187	1.88935533200801
-2.07355878325395	1.03890352992138
-4.3728393703413	2.50307113262878
-1.61140435517186	0.941167881085387
-4.559241686997	2.74358095368575
-1.48288177456889	0.809193125550135
-4.37214491856502	2.50167448226342
-0.430751726892704	0.19301786674956
-1.61390362241946	0.926701839021575
-1.25891563596571	0.613712955523034
-2.79638975383001	1.93321777373126
-1.28495655033956	0.777318492026419
-2.50430710608054	1.53523872261049
-0.550233495214747	0.311055937038893
-1.0762731581617	0.483102099273248
-0.952169856276259	0.491027408636386
-1.60492228718542	0.932949669204232
-3.865926448436	1.88252632951466
-0.955639897707456	0.492433099608536
-2.03618183797099	1.01852946583156
-1.09870922406275	0.500167932459389
-0.635641134308612	0.322351522879838
-1.40040566285409	0.705558746583114
-1.14343192534589	0.660837592228833
-1.01128028681182	0.66934526598465
-4.4743576655511	2.62661842617042
-2.41927115307353	1.4214713542668
-0.334399608205721	0.160330055476128
-2.43499340528548	1.37824617446517
-1.39084783877898	0.715944752318545
-0.667223689061263	0.248039590784861
-0.155612907204716	0.0536744841077296
-1.40486682457659	0.736492755256501
-3.99503375820732	2.04953844611082
-2.18421961844025	1.15767379148181
-1.24764435679914	0.585778735586318
-0.1688463304046	0.0561419686219979
-2.32284419988706	1.30458344482254
-0.829577501927835	0.390940255221331
-4.26290364899377	2.36943005395946
-4.00726794386139	2.03579041100125
-2.20359807296106	1.17856424219898
0.235173822478101	0.0870397770815888
-2.31521467464661	1.29576668732778
-2.41786751266104	1.39984015415797
-1.68425888661202	1.03006206398491
0.440163025510079	0.128436134724386
-3.25959148784621	1.29383657803116
-1.86917159207582	0.873771100049978
-2.95142896060397	1.0932285262034
0.503995662916733	0.18975609629823
-1.87754284004734	0.885450235220536
-0.0432919933050707	0.011430540066653
-3.2317279398944	1.29267978140064
-1.88711116328023	0.877556333086352
-1.89266446378109	0.879350713837014
-4.27922251389169	2.32632771092284
-0.323477055228385	0.0792210886710328
-1.88524816353361	0.855464546913129
-1.68768337137264	0.725715944035541
-4.36157549601897	2.44859551758165
-0.378086324544589	0.140108602402616
-0.665153814264515	0.241356441749545
-2.66856390687018	1.78346767205209
-2.18987610082853	1.16359318611919
-4.63474022566217	2.86463271529822
-2.41873824269404	1.4197093384175
-3.67527655271152	1.70975740420734
-3.25938628134786	1.2577010729379
-3.26244830664234	1.25959353188462
-3.26630533636109	1.25158438667049
-1.08526773315962	0.480023956136976
-2.59010690959944	0.863676284132476
-3.68181858219134	1.69781016916074
1.80577814402211	0.579897169515412
-1.51070802131943	0.820857321562282
-3.25340478521311	1.29746019164863
-1.15174529517287	0.395382663763623
0.447833181752124	0.150964645373651
-1.67861159810486	0.714666909749434
-3.48234022750493	1.49179332032826
-3.68110194361731	1.70426675004714
-2.59010690959944	0.863676284132476
0.471927771891935	0.160813290873863
-3.23488705770369	1.30740157520254
-2.11625496161792	0.64084087948516
-3.85714190938429	1.8734837156198
-1.44546679835197	0.564634670764445
-2.59010690959944	0.863676284132476
-3.24381632723908	1.29116659560307
-1.44163221685713	0.558016897010047
-4.01016688847683	2.06295522559025
-1.69101719348846	0.709346948717919
-3.8446738283004	1.86102422932933
-3.86269040343164	1.88216356455309
-2.11625496161792	0.64084087948516
-2.95670313229087	1.0799832472719
-1.68820638648789	1.02616975491054
-2.95142896060397	1.0932285262034
-1.44869322969647	0.563969391250078
-0.0326214194300546	0.00890676977403633
-1.45746560444336	0.566985949334081
-1.44546679835197	0.564634670764445
0.385075707641674	0.0886838975959519
-0.798989269292726	0.237086792656774
-0.672731975649523	0.247324272927874
-3.4791206633941	1.50957597543244
-2.20044719569651	1.11960717278872
-2.51721694874511	1.52198954658684
-2.03966499944737	1.0232719479279
-4.88028610053069	3.17097199045136
-1.26228632700388	0.602039801242933
-3.66600935104818	1.68463206614575
-3.47876479685015	1.50890351346878
-4.16289893382204	2.22116710621948
-0.685908663759267	0.252072807468822
-0.323477055228385	0.0792210886710328
-1.0737759137605	0.477205890473861
-0.541692279309544	0.303712281626239
-2.19748418021909	1.77956829249631
-1.83895544451295	1.22623418793063
-2.21939442820279	1.76222302785767
-0.815802879163625	0.474208265982707
-4.02247545101646	2.02195265688179
-0.821616397490762	0.241627993300445
-3.68181858219134	1.69781016916074
-2.18750361546719	1.15226645717236
-0.812541713209379	0.243528463709759
-0.897349245197074	0.365875359988652
-0.682957608687059	0.250122688469513
-3.66600935104818	1.68463206614575
-2.5922919016647	0.850808961904777
-2.59403623540671	0.862321687590532
-2.12234123160274	0.637594722384862
-3.24381632723908	1.29116659560307
-4.37293009637607	2.49934714217827
-2.95142896060397	1.0932285262034
-2.95759521661126	1.0747264122287
-3.49779096648462	1.49642101085335
-2.20611957090082	1.18488875369333
-3.694123344797	1.65999419723962
-2.95142896060397	1.0932285262034
-3.47274941096289	1.49184952202533
-3.24118886779147	1.29634317978052
-4.02249778089746	1.99278885969824
-1.68190416550341	0.715570387892503
-1.88988318259518	0.872941496231309
-1.10501764829435	0.493986499963483
0.480332365599932	0.162862665418249
-2.18142848417846	1.16048073137871
-1.44834067236736	0.563716343951873
-0.0347268574752394	0.00941980457804809
-1.17767395141126	0.406313223762234
-4.15409462518325	2.15422568858545
-1.37426072408024	0.704393156739473
-1.50308795132705	0.83637487735922
-1.90148731584471	0.857877811130008
-0.808104289984788	0.237789564664962
-1.70015474898181	0.720102698223729
-1.40467101484329	0.728602054836889
-2.42000308424348	1.42509416695891
-1.16215021976043	0.402036390268638
-3.23785651969922	1.31106301795449
-3.24118886779147	1.29634317978052
-1.17441985022447	0.404210618344489
-1.89437394185027	0.868623881426843
-2.03966499944737	1.0232719479279
-2.98588753347921	1.05197453540466
-3.84788768555929	1.85439809264094
-2.04229924208882	1.02049861377361
-2.60423332423154	1.63361060390155
-4.00726474069071	2.05008627832581
-2.19684387057847	1.16085537757948
-1.87494747167472	0.879016918730882
-3.84788768555929	1.85439809264094
-1.08146005888574	0.487944468693305
-3.84788768555929	1.85439809264094
-4.49014912144536	2.63168790625154
-3.46956417000721	1.50979888537416
-3.67251481995334	1.67967374591679
-4.14252391175364	2.22227784076576
-0.817617952941936	0.241228781805827
-2.18249340723154	1.15954940324115
-2.95670313229087	1.0799832472719
-2.43182339477865	1.40728972063673
-2.9540630304766	1.0929499144108
-1.18404539921628	0.407868498122923
-1.26464787277097	0.617497814679269
-1.69431362351417	0.718848127605887
-1.44725578707284	0.563449404759838
-2.06517928493688	1.03423490451552
-1.87819107785954	0.878704717476309
-3.48234022750493	1.49179332032826
-1.87603123090927	0.876167402641253
-4.15698516039345	2.22338070472827
-4.12811018847702	2.1852759111493
-4.37293009637607	2.49934714217827
-2.18750361546719	1.15226645717236
-4.25979078383637	2.35416873495911
-1.69170719669593	0.716243205099309
-2.72524639769864	1.83754417631264
-4.14233945681384	2.2022423612061
-2.71921263077815	1.81748211773245
-4.13657462867054	2.16755630507318
-3.48842632146772	1.48035192378054
-3.84788768555929	1.85439809264094
-3.67854438961601	1.70689968903158
-2.95050784791928	1.06273716713851
-0.798689244210115	0.236974923937834
-1.41258048711295	0.392583212481328
-4.14233945681384	2.2022423612061
-2.12405038734904	0.637549783253442
-3.24083293406887	1.30703683631488
-2.58792662580816	0.864420955691165
-2.95670313229087	1.0799832472719
-3.8599695100187	1.88935533200801
-3.24418281608045	1.29246903367977
-3.46984827545522	1.4929651247195
-1.41151445005737	0.392781075624489
-1.44725578707284	0.563449404759838
-3.49453050645579	1.51184658520737
-1.41151445005737	0.392781075624489
-0.66036227491067	0.244098023365411
-1.71402869944285	0.727127639118177
-1.6881111931136	0.710586188339641
-3.86646347593009	1.85675163811185
-4.00713236672378	2.05964320072428
-2.94269249920511	1.07887837307104
-1.88727516247431	0.884129303669026
-3.24101676390245	1.28845735084462
-4.15988405419985	2.20415257411074
-3.46668204335763	1.49581723292627
-0.802325642185219	0.23737585303853
-3.70005908769438	1.63523227457909
-1.45735285582246	0.555435724908264
-1.68806465311558	0.726056904277344
-0.152888588094186	0.0525620989151925
-1.16513923828607	0.401391514506918
1.81275735644485	0.578334100363068
-1.41151445005737	0.392781075624489
-3.68124285241051	1.70760077961227
-3.23785651969922	1.31106301795449
-2.95747105550978	1.08255074299022
0.373898439728092	0.0868259292003649
-1.4635972508193	0.556169904085421
-1.37973665493992	0.71401101176764
-2.59403623540671	0.862321687590532
-1.88152556105869	0.877880941167999
-2.67126581083332	1.73595207386042
-4.47716665842652	2.64075207074447
-3.83826411501092	1.86101469856198
-1.38207005969852	0.691720781370872
-2.32233428928948	1.31130920564553
-2.7468825952698	1.79649057889254
-4.00420000968637	2.05733472632605
-4.78229481481795	3.07092820848499
-1.51849998606942	1.09230914003085
-1.46429601793981	1.02318051420367
-3.73880274824	4.37708698763063
-1.6022538269046	1.23979530430533
-4.6470616500108	2.88989689896689
-4.26041160545188	2.36928021693728
-0.890826202068811	0.365827421271673
-4.26078735871811	2.36718795599381
-2.66017624951585	1.74615588633155
-4.26041160545188	2.36928021693728
-1.18502445694717	0.401636938778971
-2.19030140995319	1.13898839621816
-3.23785651969922	1.31106301795449
-1.68228380936834	0.715903186918481
-3.85673168870693	1.89216987090797
-3.23467591426078	1.28622604981977
-3.24418281608045	1.29246903367977
-3.25340478521311	1.29746019164863
-3.67201505118702	1.7069892564667
-2.40349033641437	1.39371668347962
-0.884732814979227	0.361921965918726
-2.94529170648287	1.08184221173329
-3.68167186441117	1.68682802761657
-4.78991970441274	3.08783384425269
-2.42280871672234	1.40788264478491
-4.49625607633781	2.5454525625619
-0.808015063706354	0.238672380558965
-4.01016688847683	2.06295522559025
0.359213101429367	0.151170965314309
-3.8446738283004	1.86102422932933
-2.11793804739448	0.63135655885096
-2.41715620897856	1.42178123459671
-1.90932402441219	0.844814432949692
-3.69700888918053	1.70589948156221
-1.61376480765367	0.911450004536777
-0.894598520108825	0.365541572018611
-3.49164847125527	1.49812388350468
-1.7867977139401	1.12963016012222
-0.386805833561759	0.124365076639947
-4.15096101556994	2.19769235093951
-2.9540630304766	1.0929499144108
-2.30329375819658	1.26534036915883
-2.05368251216876	1.02467836216485
-0.0298858259093641	0.00849839766739087
-1.16399424397968	0.402583161382906
-1.67496927014951	0.719256786998181
-0.925096316366376	0.379631974198383
-2.96025858149038	1.08487677119721
-1.41258048711295	0.392583212481328
-1.44240008219954	0.55453972021473
-3.865926448436	1.88252632951466
-1.38012685414698	0.708551408001598
-1.76241024716778	1.11986221368472
-1.88096997610208	0.869719862862541
-1.16215021976043	0.402036390268638
-4.27104721673248	2.36503699943191
-3.85110756709483	1.84215401690584
-2.6558409125701	1.75048084953658
-4.16871728124788	2.18105294780381
-2.66753444406799	1.76676502618945
-3.24702004054533	1.30325594009619
-1.0991797645364	0.495960502936815
-3.50394889950705	1.48709170382141
-4.01033414601557	2.03656248690179
-1.86705292193022	0.863239192391698
-1.38860574503388	0.719793776624359
-4.01924500846893	2.05438449966812
-2.59624396554541	0.871838624210666
-0.330531747699963	0.0809413806785777
-3.23467591426078	1.28622604981977
-4.64782579156264	2.85585971847595
1.09800822968138	0.581620597200844
-3.48231979349352	1.49089983107
-2.58336700516295	1.60578256088024
-2.11625496161792	0.64084087948516
-3.85382830176229	1.86873556004725
-1.44725578707284	0.563449404759838
-1.34870235686689	0.849350718893088
-4.13685534380548	2.1941318698915
-2.04272728485859	1.02174471784078
-1.86060910174471	0.85919981170416
-4.55516765614812	2.74747249789388
0.950556392128097	0.343735514019762
-1.09169116479419	0.470937130856339
-3.48518174918694	1.50928886670032
-2.04272728485859	1.02174471784078
-3.85433349086914	1.81759249342373
-1.43954488487639	0.556393924070414
-2.59010690959944	0.863676284132476
-3.85673168870693	1.89216987090797
-2.06799627501084	1.0407212395406
-2.60192339491697	0.856976680712227
-2.95050784791928	1.06273716713851
-2.51972549197717	1.50785443779914
-2.59969374965312	0.866171839638
1.81256361946551	0.57834251056048
-1.67566243297121	0.72186736717631
-2.59624396554541	0.871838624210666
-2.11793804739448	0.63135655885096
-1.68726682211297	0.732414310581257
-2.59010690959944	0.863676284132476
-2.94880090077179	1.07960497488258
-1.15975377431805	0.39756928416027
-3.67201505118702	1.7069892564667
-2.17678260524821	1.14344969598865
-1.68224095000138	0.720852067164121
-2.05942409088257	1.01610028025611
-2.94880090077179	1.07960497488258
-4.26574533775288	2.37238392591889
-4.0254014121313	2.01962246157684
-0.71516085021405	0.32325642627924
-1.17441985022447	0.404210618344489
-0.0221508280820278	0.00666304303458571
-2.20788286243204	1.15462841479515
-2.96636789255138	1.08488428798663
-4.00710359501678	2.06276135485689
0.380220335111381	0.0881615126503493
-0.818733849003735	0.241394804846786
-2.95142896060397	1.0932285262034
-1.67932689904086	0.723095437837306
-0.321238070497515	0.0797644464023098
-3.48519446347385	1.51875923517547
0.433061576647609	0.125210690141933
-4.26230168914892	2.34284064191303
-2.16788279709387	1.13832130736419
-2.5035848417888	1.49620682989197
-1.68261954234258	0.721187773901018
-1.52306678212893	0.825817088188961
-4.26822616259671	2.36775202492884
-1.59143024905409	0.904708935489554
-2.15576758430084	1.71874765825988
-1.41128555189082	0.952797492112434
-1.68190416550341	0.715570387892503
-3.85673168870693	1.89216987090797
0.38712249202939	0.0889469399976088
-1.0516423834066	0.562730846079456
-2.73097960661136	2.90591577332649
-2.52826291348418	2.49145466688622
-1.44693508728545	1.46041818488271
-1.59179693805057	1.21236609953398
-1.60749318830283	1.22745495829736
-1.14706420853166	0.670437219610534
-4.49343524147241	2.57787208250098
-2.1946082842837	1.15052862317369
-1.26491145467198	0.604388843163677
-2.58802173827434	1.65398504708595
-1.70484937267838	1.02766934343548
-2.78397780041031	1.94517421029367
-1.76250491358036	1.09337722222245
0.449352281882547	0.128044336772013
-2.59624396554541	0.871838624210666
-3.47302173405553	1.48451825877499
-4.26290364899377	2.36943005395946
-1.44869322969647	0.563969391250078
-1.88705796260666	0.874160499976044
-3.22878680411869	1.29317391796469
-4.25477297812848	2.36249621754585
-3.25370128193614	1.28060334617641
-1.71805315932221	1.0010634807867
-3.2317279398944	1.29267978140064
-0.378798451999018	0.122565991321324
-3.83826411501092	1.86101469856198
-0.861981714968708	0.425374378511052
-0.379012862005325	0.145647029554432
-1.88648029625848	0.882781521142852
-3.68509915079549	1.67633152655595
-0.802627058429818	0.237488014708874
-1.6935016634167	0.727450305838071
-1.07294017525874	0.598455263880179
-1.880022838388	0.872559806445319
-1.48707310848691	0.804107431382735
-3.48196983057548	1.5131639907559
-3.25987787427646	1.29430418811307
-4.14533325944625	2.21993058099643
-3.83506822329879	1.85422987440123
-1.67650270386278	0.708820000926994
-3.69687683466292	1.68774945391247
-0.899984326455543	0.373236410384895
-1.46000087511612	0.561196680762019
-1.45192678192765	0.558812559876632
-1.44744591951507	0.559031111604925
-3.85673168870693	1.89216987090797
-1.87562044421907	0.875732800381027
-2.50888007701748	1.5290393041162
-4.01033333195033	2.02883040737488
-3.67251481995334	1.67967374591679
-2.72682101997647	1.82867248115043
-3.25320759529616	1.28763624573944
-1.90808308334929	1.31449074094093
-2.06517928493688	1.03423490451552
-4.27288448977743	2.30519929913103
-4.71680199269056	3.00312585342881
-2.42347172405881	1.41509322945788
-4.57212697555732	2.76429727031631
-2.52454438944582	1.56409099485135
-3.69383740793434	1.69311150538724
-0.800995785218802	0.237876280195171
-1.52162879546438	0.816761609742701
-2.67090023559702	1.70065667887257
-2.03877173355589	1.02519891133491
-2.9540630304766	1.0929499144108
-1.44546679835197	0.564634670764445
-2.32540890373558	1.28456922949419
-2.11625496161792	0.64084087948516
-3.24083293406887	1.30703683631488
-1.68141828680433	1.0090018804084
-2.30100866241483	1.28839234144694
-1.69349902821847	0.723865044303807
-2.05634580222227	1.02661280267773
-2.22903497912572	1.13461022462908
-0.731836714140318	0.336844256787104
-0.00434970263277309	0.0010576489929034
-1.68801513384403	0.722020121376697
-2.05542276677732	1.52392966558396
-1.691789740099	1.02915903163214
-2.21241889140573	1.79851265036821
-2.18959942602465	1.16697209774575
-1.83566407928783	1.20837442211139
-1.50610464455845	0.829893088539104
-3.23192452178718	1.29041714139757
-2.30100866241483	1.28839234144694
-0.158776492724963	0.0541735888840151
-3.46037115145863	1.48533559797057
-1.46666361964132	0.562916192109094
-2.30116511132094	1.29094142072033
-2.59384761565541	1.6272157894639
-2.20241124648692	1.15600220196677
-2.04754758529306	1.02512244169837
-2.59969374965312	0.866171839638
-3.25003230842772	1.29016178378762
-2.31592258631148	1.29977863744292
-2.11625496161792	0.64084087948516
-1.87819107785954	0.878704717476309
-4.0255763678764	1.96825227203912
-3.23467591426078	1.28622604981977
-2.17912903179222	1.16137461057833
-0.678438323886907	0.25168522811587
-0.813337265529176	0.240213476677804
-3.24118886779147	1.29634317978052
-1.90174992787454	0.877290938531813
-3.67577796043795	1.66934043248277
-3.225852481252	1.28741618842071
-1.4391934507221	0.556145620330514
-3.46668204335763	1.49581723292627
-4.01635462659891	2.00887499646691
-4.26181338738507	2.25543819593933
-3.84146597740596	1.8631571120044
-1.86593217339802	0.864761256829874
-2.60934350864501	0.851799232324918
-3.25624410049564	1.27892505280514
-0.325496088733371	0.0796803271427964
-1.15975377431805	0.39756928416027
-0.327566199101949	0.0805649382219874
0.373898439728092	0.0868259292003649
-3.48231979349352	1.49089983107
-3.67201505118702	1.7069892564667
1.15270367057338	0.353055808149433
0.428641319188051	0.123631933533232
-2.11625496161792	0.64084087948516
-0.335412606311641	0.0819421330423094
-1.16042495355291	0.392200762550864
-4.5510956184615	2.71982630387042
-2.04228301421096	1.02120301867068
0.452064681910022	0.127513719934741
-3.8599695100187	1.88935533200801
-2.73000378880368	1.79303436449855
-4.55109404089344	2.75376058232948
-1.45368349758618	0.555977822550464
-2.0386566933154	1.02497559844016
-3.99521585905145	2.02965781799597
-3.66600935104818	1.68463206614575
-0.721165915465021	0.391827813261844
-3.04415376817663	2.41542057991742
-2.33568559053722	2.01211374642438
-3.70738513570218	4.11043299683844
-5.20271785705329	3.78750218330296
-2.58208621874926	1.61840990778939
-4.1340514633403	2.18949920638293
-4.0254014121313	2.01962246157684
-0.717244596387297	0.32494068287413
-1.96881357359283	1.4008830383627
-3.86305699520573	1.89246132471238
-3.47592836562483	1.51632163436114
-1.74619817908695	1.08405699153711
-4.63297501941219	2.82466945987379
-0.667784848378711	0.238665907528448
-3.86238116067149	1.83585151769107
-0.365077044245317	0.138124187668062
-3.23785651969922	1.31106301795449
-4.48526096049653	2.54407613263237
-3.24381632723908	1.29116659560307
-2.30847801984838	1.28793251017207
-4.26539696220948	2.36477543438229
-2.65760823410988	1.76114994249867
-2.43198617265705	1.3660783312443
-2.31125031825558	1.29263812659258
-2.95670313229087	1.0799832472719
-4.54971241061713	2.73183583080721
-2.40552626214647	1.41368027508814
-2.79810294286027	1.92599114288407
-1.84465198827442	1.21573887360674
-0.894458083513877	0.35839934802187
-4.00115113910362	2.03537747220939
-0.367739938645878	0.141098463092046
0.473663089398658	0.158530308357411
-3.85673168870693	1.89216987090797
-1.45955211819269	0.566056560740919
-0.957200814895357	0.497551343951037
-1.8422067613053	1.20004933669356
-0.38407351350264	0.124656511760712
-0.56953344331133	0.238449175318986
-2.77630194668645	1.9378712527404
-2.05138011401312	1.02174550633121
-2.40188606015553	1.40819726609742
-1.48122897561268	0.55523439848922
0.156752771390699	0.0644199945494914
-0.174160288550467	0.0670842494833814
0.932235476672269	0.336463516126845
-2.59624396554541	0.871838624210666
-3.49453050645579	1.51184658520737
-2.04489638784803	1.02467662505983
-2.31070201212685	1.26492671294315
-2.32486120361701	1.28375783202907
0.950556392128097	0.343735514019762
-4.27319146738143	2.34086289586372
-1.82145423917263	1.12719487851866
-2.19215386151851	1.16699293103573
-2.58681539393728	1.65210536935661
-2.40830472225998	1.41600686149427
-0.851323757626315	0.41971921305567
-2.0562061322162	1.0411618515741
-1.68474853956681	0.723279418107133
-1.44275146806576	0.554786216830674
-1.26402294864472	0.612155608263797
-0.901777813826232	0.364465465858
-0.715893333421688	0.325856995006774
-1.40020379490399	0.730304072662274
-1.30568959279144	0.840775341337431
-2.96012918084926	1.06994382147187
-2.60465100188129	0.855808724204004
-3.66925862482574	1.68447953125519
-1.49628379462911	0.82644921441207
-1.25803771405688	0.619913186245433
-2.04734957499213	1.01703292069628
-3.24381632723908	1.29116659560307
-0.1533071985849	0.0520452045604939
-3.68780935615076	1.70085765658161
-1.45067491742464	0.561246168911418
-1.68768337137264	0.725715944035541
-1.27021062181716	0.786295061867922
-1.82884145787237	1.20033589773859
-4.14247217739361	2.19022114595808
-1.37712925114688	0.715400855952587
-2.41444693157927	1.39659593145288
-2.52008359906535	1.48193657005963
-4.02247545101646	2.02195265688179
-2.66256889977843	1.76511422308262
-1.25274825918101	0.592613502362407
-4.25543133925161	2.35394468176639
-1.1660050778183	0.403771297016287
-2.50795838082278	1.54687404690111
-1.45472066432153	0.553769370939274
-0.648401274424119	0.336487769696796
-2.17958036229612	1.1400169524057
-3.66925862482574	1.68447953125519
-2.51936408168794	1.50829041201399
-2.31580653811068	1.29785023069273
-2.43162574341349	1.39531442706508
-2.60465100188129	0.855808724204004
-2.12405038734904	0.637549783253442
-0.328306601286335	0.0815148772018528
-2.6058742381228	0.864133359977702
-3.48519446347385	1.51875923517547
-2.03629353207595	1.01041533602645
-2.11625496161792	0.64084087948516
-4.14533325944625	2.21993058099643
-1.1869188831301	0.400652185031206
-0.678912207684013	0.250316871484782
-3.24118886779147	1.29634317978052
-3.2317279398944	1.29267978140064
-3.22878680411869	1.29317391796469
-1.88105615090003	0.879141076521853
-0.816032389653909	0.242987451547753
-2.19217189009371	1.15759518717976
-2.94789681561174	1.07770443059943
-1.45641507196522	0.571159867497038
-2.94269249920511	1.07887837307104
-0.908656012607577	0.369561247370116
-0.381920147155898	0.122221657770732
-1.87562645362376	0.860629373678806
-1.87725684634504	0.874930809562063
-2.60241060369975	0.854963479137724
-3.84788768555929	1.85439809264094
-2.11457542201993	0.632270703085136
-0.801356882747648	0.234590282374083
-2.20639374032868	1.17411145741172
-2.95747105550978	1.08255074299022
-2.31150078252327	1.28226111171675
-0.388812968986394	0.124486571922593
-1.37712925114688	0.715400855952587
-1.24196821479975	0.605222542698083
-2.59624396554541	0.871838624210666
-2.50758501674273	1.52557286282891
-1.66565458778439	1.33161941086627
-1.21861346148918	0.729214445000482
-3.85068427695974	1.88992207687603
-1.69281718099356	1.01175899789772
-1.87562044421907	0.875732800381027
-4.63276934517639	2.86870026176134
-3.30198910437621	3.05682119364927
-2.25688330899698	1.86006926491243
-3.67905986585921	4.16257938601218
-5.48863894909808	4.51162742675023
-2.28282926665613	1.95336088032159
-0.845772810630693	0.40970589176279
-2.41670914535575	1.39860263430792
-4.73683191598517	2.94791777145797
-1.69585974623445	1.00839096271849
-1.70307355632565	0.720013795876739
-1.37262401859009	0.698841873380583
-2.03660752974749	1.02225389142763
-2.31016010920975	1.26413691277809
-0.336219850930539	0.0809254150304624
-3.46037115145863	1.48533559797057
-1.87431127300347	0.880039071543444
-3.23763075302678	1.26909461841585
-3.4791206633941	1.50957597543244
-4.1481456263688	2.21220429496963
-3.47274287589245	1.51648375272542
-3.46956417000721	1.50979888537416
-3.23785651969922	1.31106301795449
-3.86029891144902	1.8529405916714
-2.42170155390814	1.439729325881
-1.41151445005737	0.392781075624489
-3.85349995091346	1.88895649290269
-1.87836258290275	0.866772713265484
-4.38193221861174	2.50015759594585
-3.4791206633941	1.50957597543244
-1.08789485503627	0.487544692918568
1.15471996708934	0.357712411221442
-1.59866295770304	0.907965997951963
-0.757756270543157	0.394414399762073
-0.0104516768612503	0.00269541198374721
-0.544238491378756	0.259102006947195
-2.5272820068181	1.51668269474013
-0.836475734685459	0.404567463294779
-3.67854438961601	1.70689968903158
-0.375562995384722	0.121435971928447
-1.88078066400755	0.887768995044079
0.449654336195934	0.129577583705201
-1.00544077608306	0.657624891949484
-2.50646413042346	1.50875135987871
-2.95142896060397	1.0932285262034
-0.803658173477847	0.235473163403084
-0.84429031391157	0.411283202773331
0.433061576647609	0.125210690141933
-0.655723910049657	0.240936815377369
1.14359097696905	0.354465121810182
-2.95481903112699	1.08281287204211
2.57066000659288	0.949369245848186
-2.12405038734904	0.637549783253442
-4.27104721673248	2.36503699943191
-3.48841798874408	1.51483381870319
-3.68181858219134	1.69781016916074
-2.94009917255636	1.06357285148769
-2.31781056988555	1.28673059011094
-3.67854438961601	1.70689968903158
0.110711830364522	0.0351506557900543
1.30486920204768	0.567489527502324
-2.41802586512868	1.40392171649146
-1.87562645362376	0.860629373678806
-2.18191743026107	1.16115188660865
-4.14830733828943	2.22258933002162
-3.24401486805702	1.30306765327258
-3.67470185672841	1.67865665488071
-1.24265513830012	0.605922067292415
-3.86646347593009	1.85675163811185
-2.11793804739448	0.63135655885096
-4.01325561168654	2.06569761494079
-4.27922251389169	2.32632771092284
-4.15118753585204	2.21751426798802
-0.798989269292726	0.237086792656774
-2.11457542201993	0.632270703085136
-3.47913644203901	1.49827557598933
-3.46984827545522	1.4929651247195
-2.12405038734904	0.637549783253442
-1.17139462629325	0.407686012078872
0.444634643362573	0.127016926089113
-3.23467591426078	1.28622604981977
-0.798689244210115	0.236974923937834
-2.11793804739448	0.63135655885096
-3.86321343301995	1.8798065710895
-0.678408177876568	0.251664437006312
-3.8446738283004	1.86102422932933
-2.30607388701379	1.2852933717124
-0.557198171892436	0.23247943151629
-2.6518506970397	1.72487154120603
-1.38143168315482	0.689306253732121
-4.72128252112839	2.97247448453033
-1.07150233768917	0.595964367416781
-2.66234680846724	1.7494453226715
-2.51556129285613	1.52665374993783
-1.68261954234258	0.721187773901018
-2.30624851443121	1.28396313583083
-1.16813538595839	0.397245421956287
-3.85706056389766	1.86384390083717
-2.94789681561174	1.07770443059943
-1.38914450865324	0.728463116895886
-2.84537431056041	2.06444162283276
-1.68224095000138	0.720852067164121
-0.865598476716747	0.40272527709424
-3.24401486805702	1.30306765327258
-3.48519810084684	1.47630566385778
-3.67201505118702	1.7069892564667
-2.41444693157927	1.39659593145288
-2.94789681561174	1.07770443059943
-3.67201505118702	1.7069892564667
-2.95670313229087	1.0799832472719
-2.61437079512944	0.848659677798509
-3.68181858219134	1.69781016916074
-1.89621470341104	0.878580428765725
-1.17654187519563	0.402773059274232
-3.2317279398944	1.29267978140064
-2.12755727202608	0.636162768540828
-2.12234123160274	0.637594722384862
-0.3331330760095	0.0815412363084536
-3.24083293406887	1.30703683631488
-0.801356882747648	0.234590282374083
-2.61161866690209	0.852624228810125
-1.09280943446589	0.493258953180044
-2.96292808933484	1.07602572428339
-1.15619345799842	0.394711335354762
-1.41861533435082	0.392208760255697
-1.17782696732129	0.401683212553018
1.14769202191641	0.358267165374319
-1.46316351230105	0.564700672547137
-2.60241060369975	0.854963479137724
-2.6058742381228	0.864133359977702
-2.94269249920511	1.07887837307104
-2.59969374965312	0.866171839638
-2.96292808933484	1.07602572428339
-1.17441985022447	0.404210618344489
-2.59010690959944	0.863676284132476
-2.94529170648287	1.08184221173329
-3.48840057735364	1.49270604695819
0.428641319188051	0.123631933533232
-2.60465100188129	0.855808724204004
-0.798989269292726	0.237086792656774
0.386804340501861	0.0890870371925953
-0.323262123993069	0.0802314869089757
-1.6901896333918	0.728165798295602
-1.07332914563928	0.470226130094803
-1.51426176381133	0.827746540244581
-1.15174529517287	0.395382663763623
-1.67359943814928	0.711798657296876
-0.32103307202361	0.079007025149334
-2.30853026452319	1.27765368686564
-2.33147806248012	1.25942600096569
-2.40292241862043	1.39279788326277
-2.19736883876608	1.15833148308368
-4.36863220502598	2.50827583387092
-3.49779096648462	1.49642101085335
-1.28999683217266	0.810013021051935
-2.16152957449439	1.72190723231961
-1.39740421302839	0.724396065249755
-3.38258786684087	3.18238684095795
-3.10073051139352	2.55765828773836
-1.83401930991528	1.15586440038856
-0.436312885466523	0.201111624300452
0.157602284271507	0.0636091557463607
-2.20359807296106	1.17856424219898
-2.67696753316964	1.75557680645293
-2.04199728869309	1.01259212546401
-3.70641830473568	1.68082106237409
-4.00133422003336	2.01727394290592
-4.15111407064855	2.21487787401482
-0.805317901758974	0.240245271413442
-2.05445535227316	1.01131088782757
-0.800995785218802	0.237876280195171
-3.24401486805702	1.30306765327258
-3.26244830664234	1.25959353188462
-3.69040426987637	1.70504058696772
-2.59624396554541	0.871838624210666
-2.59403623540671	0.862321687590532
-4.14849551005682	2.16338568999892
-3.47592836562483	1.51632163436114
-3.23785651969922	1.31106301795449
-4.13952093842072	2.21154169368165
-3.49127741530072	1.49785185241679
-4.01632421818916	2.06033669142515
-3.25340478521311	1.29746019164863
-3.67577796043795	1.66934043248277
-2.95050784791928	1.06273716713851
-3.71255418369506	1.66579947746204
-2.96292808933484	1.07602572428339
-2.11625496161792	0.64084087948516
-2.95670313229087	1.0799832472719
-2.68322666013664	1.71730330150254
-2.95142896060397	1.0932285262034
-2.05322850258157	1.02838205903563
-2.59845649583922	0.862453075010557
-0.394453361747011	0.124046891896993
-2.11793804739448	0.63135655885096
-1.68153170595574	0.720876388916263
-2.94529170648287	1.08184221173329
-3.48197683538171	1.45906444844469
-1.16366802857736	0.402405435181621
-1.49537108125085	0.796323178377724
-2.32049348214219	1.29356139237274
-1.41258048711295	0.392583212481328
-1.44433427455644	0.564039877294805
-3.47274287589245	1.51648375272542
-1.24195980239909	0.600441580415281
-1.87280379501913	0.876484202305989
-2.95670313229087	1.0799832472719
-1.07972594593017	0.478634991570859
-0.881675551667011	0.359701017948968
-1.45319382393629	0.571863884400649
-1.45157427421788	0.558563984462496
-2.04550569444448	1.01169954040621
-1.15675679409825	0.398189095706627
-0.330531747699963	0.0809413806785777
-3.4791206633941	1.50957597543244
-2.12755727202608	0.636162768540828
-3.85714190938429	1.8734837156198
-0.979336344187893	0.480473622754718
-1.84925263183441	1.19983361736115
-1.39229599224251	0.711466853051149
-2.4406648387994	1.42239140550879
-0.970041712252841	0.504419655341069
-4.28166582466482	2.33812488104795
-0.721847005537599	0.33313911338556
-3.85391006178274	1.88479387627154
-2.05354869673866	1.02466040409092
-2.94298665999606	2.21786611612201
-3.48841798874408	1.51483381870319
-2.42134224210742	1.42459969966702
-4.38542939449742	2.48559188881572
-1.27408513368629	0.779885771257686
-4.16289893382204	2.22116710621948
-1.1043691526032	0.482896584962289
-2.73240556454332	1.86893101482379
-1.90686773143101	0.88747692683215
-1.44834067236736	0.563716343951873
-2.66446353736376	1.76623197965631
-1.67650270386278	0.708820000926994
-3.49778101529461	1.49801851787409
-1.15473967554762	0.397017347944234
-2.95142896060397	1.0932285262034
-2.18249340723154	1.15954940324115
-3.4791206633941	1.50957597543244
-4.47264069829053	2.63389132281593
-0.901880192218432	0.360074687976885
-1.89897303051726	1.29987552397058
-3.67854438961601	1.70689968903158
-0.458736028768935	0.207231524989105
-1.25572671970464	0.610503780581134
-1.1543472482145	0.681487504823153
-2.41703295332502	1.42278758546801
-4.36863220502598	2.50827583387092
-4.36863220502598	2.50827583387092
-1.36989448886345	0.886442551687141
-2.91470016212391	2.17843160451782
-2.21074789901219	1.13035432901255
-4.38061044172594	2.49138369438053
-4.79353026030844	3.10309591141818
-1.26458333506414	0.605652168695095
-1.21155847594214	0.732819412115059
-1.88078066400755	0.887768995044079
-2.11625496161792	0.64084087948516
-0.852243244968698	0.419181700286829
-3.48841798874408	1.51483381870319
-1.45641507196522	0.571159867497038
-0.886091435341883	0.424098749578703
0.190800355616784	0.0700930588843991
-3.27255637472766	1.26457965841853
-2.17912903179222	1.16137461057833
-2.65263616099191	1.74125472497439
-2.94269249920511	1.07887837307104
-4.19264641893746	2.10446340906762
-2.31581010371245	1.28696234949465
-2.19252862289136	1.17731593805843
-3.25653960740236	1.30282593007707
-2.12405038734904	0.637549783253442
-1.87506858575374	0.872385041514724
-1.68482372919832	0.718143093070978
-2.94789681561174	1.07770443059943
-3.85706056389766	1.86384390083717
-3.23763075302678	1.26909461841585
-2.58792662580816	0.864420955691165
-0.916320448323127	0.378249261428569
-3.22878680411869	1.29317391796469
-3.86646347593009	1.85675163811185
-4.36157549601897	2.44859551758165
-1.44823725755485	0.559368791933897
-2.30383770688649	1.28013050170192
-2.06208524834294	1.01549711103869
-1.68224095000138	0.720852067164121
-4.17141270520676	2.15827776692369
-3.70309368463954	1.69539406026351
-2.95670313229087	1.0799832472719
-3.85391006178274	1.88479387627154
-2.96025858149038	1.08487677119721
-2.59010690959944	0.863676284132476
-3.49164847125527	1.49812388350468
-2.05546641794759	1.01377914849493
-2.94789681561174	1.07770443059943
-1.15675679409825	0.398189095706627
-0.800995785218802	0.237876280195171
-2.95142896060397	1.0932285262034
-2.59845649583922	0.862453075010557
-2.05982210516788	1.02748695961434
-0.320968214320357	0.0797036181189048
-1.09663619509984	0.480726983582777
-0.667758859177929	0.245052977515653
-3.8662956021459	1.88288158778806
-1.16366802857736	0.402405435181621
-4.26230168914892	2.34284064191303
-1.58223935854798	1.21503230629593
-2.05381881490062	0.999369154499412
-1.75344113340121	1.10361082261338
-3.00036186482143	2.35518336939257
-1.61704621051891	1.20159172281551
-0.9578482941207	0.502029620242157
-4.47828529260204	2.63021157295546
-3.18385948770302	2.72773973957438
-1.69931377437524	0.73464404791869
-2.05983684897713	1.00913694400436
-2.81191007994688	3.27011674201318
-1.32845079635849	1.45934160733213
-5.63559048989092	5.00331912800448
-3.08829833387576	2.52536775190939
-0.758395826843368	0.549630403230175
-4.7350500469392	2.90398432063812
-2.04489638784803	1.02467662505983
-2.60334453622738	1.62932238347766
-1.90903743799953	1.30715977821242
-4.15452576189568	2.20876444086047
-2.51175539629285	1.53372636200845
-2.60092706879535	1.59931432549188
-1.62465601564871	0.920491091099506
-3.48842632146772	1.48035192378054
-2.41836122453529	1.41502055135442
-1.8847057183686	0.859586186535503
-1.88983994521733	0.880620048713255
-1.86664915297889	0.862818845113634
-2.06370914755769	1.01706648897244
-4.27228311814453	2.353804671467
-2.52920264815628	1.51473823760794
-2.78064287780989	1.94365121108596
-2.50838733670299	1.5326984687786
-3.66875986481832	1.69765387828448
-1.20808601278612	0.738582754796906
-4.1481456263688	2.21220429496963
-2.95670313229087	1.0799832472719
-3.99827270715305	2.02570098460923
-0.838662777537973	0.240777479875848
-1.87465607135266	0.871951082303773
-4.1427028472622	2.22216223187337
-4.01617381977495	2.05726238397563
-2.41390617870132	1.41746852628683
-4.28495155519382	2.33522637161561
-4.54832736317829	2.73949815029891
-4.384716530912	2.51829006827236
-2.73380147912224	1.8383533643056
-3.47620244611808	1.46505327692983
-3.68438222899582	1.71169604468664
-0.661149639306126	0.244018074007702
-1.12498751747991	0.770130659817738
-2.01114487704645	1.47168954994609
-1.87311773288447	0.857806892373468
-1.38364040640738	0.714542157683502
-3.85714190938429	1.8734837156198
-4.85043978396862	3.14910505531982
-4.160104960949	2.22427738156548
-4.24665547306037	2.32969029479775
-2.42260633840361	1.42213771602601
-1.84597574315251	1.1789401168019
-4.38190886850097	2.47326363509816
-1.89296514272045	0.887027726616325
-2.45134191967763	1.34493873674205
-1.86060910174471	0.85919981170416
-3.66276697470485	1.68001569382241
-0.809864789800853	0.240720485251289
-2.58575103484108	0.851921364801337
-4.26539696220948	2.36477543438229
-1.72299945126121	0.712295476573578
-1.68070001194223	0.727670564495973
-1.8864828341806	0.888231041705548
-4.14528513679096	2.18124168394846
-4.1481456263688	2.21220429496963
-2.30583615194876	1.29557314791926
-0.762252325055009	0.405008287155361
-1.24202027269042	0.592094931460903
-1.40064364668174	0.73082307907148
-4.24917828533564	2.32985613853684
-3.24401486805702	1.30306765327258
-2.17912903179222	1.16137461057833
-1.59310402875053	0.903991964959971
-1.68153170595574	0.720876388916263
-0.975189026368189	0.490446025292816
-2.58343382399872	1.63191797438302
-3.85391006178274	1.88479387627154
-4.46180837052694	2.63008992132447
-3.7003209159605	1.68813851726617
-4.78502912389515	3.06877468903009
-4.15418475629002	2.2291150603319
-2.03893949536385	1.0115455984489
-1.90799616639862	1.31456860574964
-3.86288324058891	1.84353305359891
-0.387628026428125	0.125739774549482
-3.66875986481832	1.69765387828448
-3.83826411501092	1.86101469856198
-1.4391934507221	0.556145620330514
-4.00420000968637	2.05733472632605
0.624998115988879	0.30296972666584
-0.0473312811140323	0.0124436342142389
-4.27600449935891	2.34132756807702
-2.74673772772657	1.86013071740667
-2.51481408892722	1.52310088346852
-2.92077089508768	2.16980051939945
-2.60830161456568	1.58769078481647
-3.46668204335763	1.49581723292627
-3.25624410049564	1.27892505280514
-3.98607319856679	2.01653664467767
-2.30380088914991	1.28301021025552
-1.87603123090927	0.876167402641253
-1.2290258546582	0.581229693150489
-0.387664218003172	0.125354780385854
-2.19252862289136	1.17731593805843
-4.27390156745635	2.37688371940949
-4.00726794386139	2.03579041100125
-2.96918297422932	1.06174110781782
-1.68398012816581	0.731527525691984
-1.88387373376494	0.879767204656433
-2.5922919016647	0.850808961904777
-2.59010690959944	0.863676284132476
-1.8926309686426	0.871216001861836
-3.25320759529616	1.28763624573944
-4.25728121255611	2.36051648577272
-3.86029891144902	1.8529405916714
-2.11793804739448	0.63135655885096
-2.59624396554541	0.871838624210666
-1.67978942423946	0.701468990346766
-2.06453587302761	1.02487070468346
-2.58792662580816	0.864420955691165
-1.71132421555312	0.717188275423977
-1.90686773143101	0.88747692683215
-1.88250279858043	0.863988007350297
-3.48196983057548	1.5131639907559
-2.05575740455744	1.01507707631905
-4.02232086914182	2.0442906094292
-2.95481903112699	1.08281287204211
-2.5922919016647	0.850808961904777
-4.26259517594984	2.33342514521628
-1.45641507196522	0.571159867497038
-3.865926448436	1.88252632951466
1.63216729459535	0.618689664722546
-2.19215386151851	1.16699293103573
-0.0529414907284261	0.0136937586987331
-1.86020550312274	0.858781143214758
-3.87532211570843	1.85925469183125
-0.0465361562006269	0.012376742842174
0.438552723517565	0.126104492778476
-1.1793232072208	0.400023806202142
-3.23467591426078	1.28622604981977
-1.66911021507625	0.708628824096968
-4.26259517594984	2.33342514521628
-0.899984326455543	0.373236410384895
-2.66743583760322	1.75688398005574
-3.24418281608045	1.29246903367977
-1.51435790019986	0.835044855528861
-1.01388727559832	0.663565439028719
-2.65755272618518	1.74082105456524
-1.34634175310161	0.878283084574559
-1.40575133515773	0.950940807969601
-2.31988747924983	1.31473412981835
-1.15174529517287	0.395382663763623
-0.924779913605967	0.647117479540444
-5.05820712900727	3.55132330318714
-5.61542185342172	5.00911322650548
-1.39834457350023	0.925725887572154
-3.33946599544757	3.13483928357963
-0.980218982441539	0.735276979965882
-2.30881150952025	1.29596563242236
-1.89316895566912	1.245220961023
-1.76625546588314	1.04344749330532
-1.46909681516455	0.564782854629917
-1.75344113340121	1.10361082261338
-2.21253289887927	1.81940031216048
-4.13670547619058	2.21588840055392
-1.10166655796355	0.49567625919129
-2.11457542201993	0.632270703085136
-1.88476238569551	0.875684175886376
-4.01630747429358	2.04551854906486
-4.26609472968214	2.3646456281055
-3.22878680411869	1.29317391796469
-3.48234022750493	1.49179332032826
-2.42128158634164	1.42405653910971
-1.88105615090003	0.879141076521853
-2.95747105550978	1.08255074299022
-2.94789681561174	1.07770443059943
-4.49179566168626	2.51158040283797
-2.11625496161792	0.64084087948516
-3.84146597740596	1.8631571120044
-0.964677531368	0.50728016071874
-2.5917325141874	1.66614826903838
-3.70018912684309	1.68393452214533
-3.23488705770369	1.30740157520254
-3.85965445025964	1.84044167549357
-4.25979078383637	2.35416873495911
-4.0254014121313	2.01962246157684
-4.47494875717449	2.59915128988309
-3.25349464793891	1.29172142626319
-4.14838440221981	2.21725371171371
-3.99503375820732	2.04953844611082
-2.33683715490811	1.22801260396615
-1.46108567237994	0.563075382074259
-1.7544570181029	1.08836877999726
-2.41451785905941	1.40863372573226
-3.84788768555929	1.85439809264094
-1.43315273272459	0.552735525011202
-1.26083576783864	0.614098438010501
-1.0732095565799	0.479421712861179
-2.31071142111656	1.29182595491132
-4.1397175802239	2.21955604064222
-0.37653648836231	0.142549290875765
-4.36506461523693	2.49434129603357
-1.53235752469321	0.833842342423468
-1.68839535900161	0.72235701051953
-1.45157427421788	0.558563984462496
-1.23987702803335	0.601357020820233
-0.38407351350264	0.124656511760712
-3.47274287589245	1.51648375272542
-2.06209845689634	1.03687784089109
-2.96292808933484	1.07602572428339
-2.20038127899637	1.16511381151412
-2.07801704046146	1.57007298961316
-0.728847071623646	0.392419270768416
-2.3175397976782	1.29892714099959
-4.97186891714372	3.37306257571638
-4.29897645222772	2.21255833366673
-2.42134224210742	1.42459969966702
-4.5677288009075	2.77585231771635
-2.19266439138432	1.15826388390847
-3.00404178036446	2.37658763029331
-2.84987036890846	2.0026215249384
-1.44405320380797	0.562802545205695
-1.95420151960154	1.37381481878667
-2.7874219142698	1.94953152985543
-4.02523676850647	1.9988224211071
-2.07108254535926	1.03082649522025
-3.85068427695974	1.88992207687603
-3.47302173405553	1.48451825877499
-1.51705976073964	0.840589461460158
-4.27920340471118	2.3517894780702
-1.9214304620261	0.863594620317449
-3.86935693737474	1.83211581414395
-4.55515002864034	2.68685895697848
-1.44596509106779	0.549127990199023
-0.857444789129915	0.599059075716795
-2.41036616669815	1.41949115407242
-2.9048010240725	2.15873034926684
-4.02232086914182	2.0442906094292
-1.49265894596614	0.820460660959448
-2.79884314738824	1.94173120332625
-3.24418281608045	1.29246903367977
-3.68181858219134	1.69781016916074
-0.648435008224845	0.339630543805563
-2.50266641449444	1.53586045500389
-1.88382286084985	0.870962820349184
-1.05338910462404	0.58142983777403
-1.22658590762279	0.750552483904568
-1.09544478747578	0.489709530740427
-1.2374001927066	0.582939641349648
-1.61732366679608	0.927754333760951
-2.99424901591882	2.32582016877798
-4.36863220502598	2.50827583387092
-2.0618468645737	1.01368119101155
-4.27352526019608	2.35680763042535
-4.46704148419308	2.63028072697998
-3.865926448436	1.88252632951466
-3.85706056389766	1.86384390083717
-4.12529488469363	2.18319731054061
-3.48518174918694	1.50928886670032
-3.24401486805702	1.30306765327258
-2.9540630304766	1.0929499144108
-2.59845649583922	0.862453075010557
-3.25653960740236	1.30282593007707
-1.16297906407246	0.403133997050686
-2.96025858149038	1.08487677119721
-1.1722107135637	0.402409154338874
-0.395869449640965	0.125832946615288
-2.31346491387576	1.27497037168374
-1.69715012335459	0.713578243251181
-2.18657682128659	1.16781590195904
-2.192802851774	1.17977128840411
-3.84425082353111	1.88458645748332
-4.37722945924401	2.46793249358577
-3.68452290555594	1.7077560848722
-2.58117514842393	1.62189886921557
-2.96025858149038	1.08487677119721
-1.09363793369095	0.493361267182409
-0.685029923615854	0.249856589671646
0.380220335111381	0.0881615126503493
-1.26597795643028	0.622722102143039
-1.09075825453796	0.488212194020298
-1.60758436162007	0.941796245136985
-3.68167186441117	1.68682802761657
-2.17634375755774	1.15915803928579
-1.4363453151658	0.555745907017857
-1.8814409790248	0.875488873495969
-4.14533325944625	2.21993058099643
-4.3916254069519	2.46938846075432
-1.61073879832531	0.885347364564128
-1.25495955383212	0.602622911509995
-1.37521172236596	0.701274159296685
-0.0496005901111033	0.0129883775771719
-1.59783883266653	0.904607322379316
-2.01188971767269	1.45739654470506
-1.40744005525988	0.727330716159711
-4.9254424224604	3.29271847340874
-4.56066651803747	2.75317472511817
-0.335423801347382	0.181946613650358
-2.72904403315927	1.83727937487307
-2.45014020422527	2.31209128619526
-2.79183956208115	4.23910592916631
-1.46276925872013	1.52010004436551
-3.69454469721749	4.12156472453154
-2.10198819652095	2.2038046520003
-3.2858183971841	2.95654631321142
-2.01234120656988	1.41979909207184
-4.26789154210047	2.35479472842848
-2.01197756123572	1.47235325237267
-4.40410303949644	2.44933930716556
-4.24665547306037	2.32969029479775
-4.15399365134595	2.2118440807869
-2.80201858846482	1.94517532248429
-4.15118753585204	2.21751426798802
-2.41752691072713	1.43536687590014
-4.79545127130555	3.06119592971905
-1.87232386229067	0.865198158637753
-2.20333290838475	1.18552001149533
-4.17747869152223	2.15527714951433
-4.15129358511937	2.16132641026903
-2.72654602483863	1.86474688908416
-3.8662956021459	1.88288158778806
-4.02830978419003	2.02036076117992
-1.07088186096253	0.599215756621922
0.0306704559136155	0.0115355998906359
-3.494516148328	1.48434688336176
-4.00404495401368	2.05694026725786
-3.69096202375265	1.70490332957872
-4.2845199435452	2.35514131640736
-0.731836714140318	0.336844256787104
-4.13966224744121	2.19436300954042
-1.09672977458389	0.489354284056532
-3.68495265407452	1.67808597120956
-1.17654187519563	0.402773059274232
-4.55935220378242	2.68798480425272
-4.00420000968637	2.05733472632605
-2.6045846536876	1.66725693997794
-4.13952093842072	2.21154169368165
-2.19323585193996	1.17356578785679
-1.41437297479818	0.959460815324422
-1.88371877391589	0.880444988845575
-3.49415625077075	1.46595247172206
-2.66173595376284	1.76909028762415
-0.938567824161807	0.574044963049549
-3.68124285241051	1.70760077961227
-0.431880493722894	0.186808446262388
-3.69700888918053	1.70589948156221
-1.54978481108076	0.58304219391609
-1.57792212782345	0.883761546848155
-2.01272538897668	1.48315626888119
-3.87188624458519	1.86733573945414
-1.89262891783755	0.866027978575856
-4.64965647100113	2.81576871773127
-2.58394781168047	1.64667749914981
0.462665561524581	0.156912380069925
-3.47302173405553	1.48451825877499
-0.162085828359682	0.0616492333230936
-3.24381632723908	1.29116659560307
-0.0388116394118026	0.0106099560293831
-3.23763075302678	1.26909461841585
-4.56199112095875	2.7437106782348
-1.27514678746058	0.79586687515742
-2.32540890373558	1.28456922949419
-3.67854438961601	1.70689968903158
-4.36289876703565	2.49827197237554
-2.11625496161792	0.64084087948516
-3.69426157430998	1.68498614948823
-3.2317279398944	1.29267978140064
-2.5322690307996	1.51055993916993
-2.67777648049054	1.78475624723297
-1.16513923828607	0.401391514506918
-1.38156886553528	0.708115851036059
-0.325496088733371	0.0796803271427964
-2.17909378027386	1.13936913186839
-1.60059301509907	1.20909718160826
-0.395683095478787	0.12929756844192
-2.0449799634758	1.02523587326798
-2.32020299201991	1.30994696158781
-3.67796917626224	1.7001819651395
-2.06535820719058	1.00491913623003
-2.95481903112699	1.08281287204211
-2.94789681561174	1.07770443059943
-3.68124285241051	1.70760077961227
-3.99827270715305	2.02570098460923
-3.86899746364205	1.89450480590333
-1.88800478903068	0.867462078605189
-3.48518174918694	1.50928886670032
-2.31369038491201	1.28563760907664
-2.18938399553945	1.16291844035191
-4.87093594347032	3.22363335832425
-4.4687837911297	2.62139636327326
-0.378445280897942	0.122388918017083
-1.38678205401299	0.719671222737985
-2.41907903659399	1.42881840047175
-0.665536044463077	0.244666394694933
-2.06264225580951	1.02418535349098
-3.99827270715305	2.02570098460923
-1.71926023459674	1.01202883829583
-0.748188563268942	0.409860535839452
-4.64874234290009	2.83987594423155
-3.86864641979647	1.86217586710826
-3.85706056389766	1.86384390083717
-2.96292808933484	1.07602572428339
-3.25349464793891	1.29172142626319
-3.24381632723908	1.29116659560307
-1.45131089937895	0.559827676288305
-1.16837665212182	0.407051409037973
-0.661162482440447	0.239990685926977
-2.59403623540671	0.862321687590532
-2.59624396554541	0.871838624210666
-1.89200637323401	0.882197214037585
-2.95759521661126	1.0747264122287
-3.48234022750493	1.49179332032826
-3.25003230842772	1.29016178378762
-0.724803856568104	0.329255078941587
-3.84146597740596	1.8631571120044
-3.48519446347385	1.51875923517547
-1.18275363945144	0.401482019049826
-0.330531747699963	0.0809413806785777
-3.23488705770369	1.30740157520254
-1.15473967554762	0.397017347944234
-1.44997964687726	0.5695873399959
-1.44834067236736	0.563716343951873
-2.60465100188129	0.855808724204004
-3.48518174918694	1.50928886670032
-0.80771409352105	0.23856018920677
-4.13691426177207	2.21138232959376
-3.2317279398944	1.29267978140064
-1.4391934507221	0.556145620330514
-1.17478391055795	0.405059120470836
-3.24083293406887	1.30703683631488
-1.44163221685713	0.558016897010047
-2.33155005984048	1.30193657473519
-4.79866872274263	2.99732821184465
-1.96210375724228	1.36641964595431
-4.79624352298868	3.06953487480084
-3.99827270715305	2.02570098460923
-1.89545476732085	0.869987800211002
-2.66536802363409	1.75990197534852
-1.87829429958023	0.87680853508075
-4.97933981321669	3.40239151503105
-2.41492446490853	2.17654081742585
-2.17168795800038	1.73342403488444
-1.88740806494476	1.77124230432422
-1.5482305853025	1.38499160666018
-1.82381496250905	1.18987585234944
-1.49901495105149	0.832869452364793
-2.50241014459517	1.53299395114387
-1.23083009361366	0.592592912891252
-4.14252391175364	2.22227784076576
-1.39779996507999	0.732001651372975
-4.15118753585204	2.21751426798802
-4.38611486929941	2.48870201211267
-2.02802031719202	1.00556342362705
-1.87451399866375	0.867716750130461
-2.11625496161792	0.64084087948516
-3.2317279398944	1.29267978140064
-2.19237872821179	1.16512835174165
-3.23763075302678	1.26909461841585
-4.13389306689628	2.21575561168969
-1.37223615027519	0.710588474021527
-0.377240033643219	0.143947001178532
-2.95481903112699	1.08281287204211
-4.02232086914182	2.0442906094292
-0.55309078730197	0.26272119086948
-3.85673168870693	1.89216987090797
-0.905654568378434	0.368372927616685
-3.24434517105441	1.29584519443373
-1.89248301644839	0.891676467775313
-3.23785651969922	1.31106301795449
-2.60465100188129	0.855808724204004
-3.87223983494234	1.88721411983426
-2.60465100188129	0.855808724204004
-1.10697996683649	0.495500812101274
-4.01016688847683	2.06295522559025
-2.66673006147269	1.76800869303874
-1.48639740887353	0.80231744313214
-3.68167186441117	1.68682802761657
-4.00133422003336	2.01727394290592
-1.26661977397889	0.616597569122993
-1.88017858414264	0.860586940539987
-1.09166606873822	0.481104090677973
-3.47274287589245	1.51648375272542
-4.01323484477366	2.05758564997037
-0.382584686311177	0.146321793225197
-2.18938399553945	1.16291844035191
-2.95050784791928	1.06273716713851
-1.38715886686832	0.701939987096818
-3.67839745439908	1.68952363071105
-4.02529571578415	2.04345326111534
-2.59403623540671	0.862321687590532
-1.51537396062408	0.80565760830168
-1.14688730496217	0.633577622612149
-1.83287122708151	1.18683449817231
-4.01033414601557	2.03656248690179
-2.0478632550508	1.02492381031875
-2.59010690959944	0.863676284132476
-1.70339386946698	0.708379618543862
-1.43954488487639	0.556393924070414
-1.41151445005737	0.392781075624489
-0.393574561693694	0.150977473821282
-2.96368015470176	1.09391132840251
-1.89308145418658	0.879790675489251
-2.21162732943534	1.17102408871276
-1.10052097568868	0.486413014861161
-1.69982925259355	0.719432773768437
-1.45046587518472	0.561786605061018
-1.89296514272045	0.887027726616325
-2.59845649583922	0.862453075010557
-4.14252391175364	2.22227784076576
-4.17485668669383	2.19410588547312
-1.60324401422141	0.925197052469153
-2.60809699650154	1.67437576062962
-2.04183164780231	1.02621686705841
-4.41913750664808	2.38864958715908
-0.68296317780518	0.246532556482856
-2.18189431567392	1.1329274036434
-1.45746560444336	0.566985949334081
-3.85110756709483	1.84215401690584
-1.87554660831386	0.867459252782687
-0.323262123993069	0.0802314869089757
-3.23192452178718	1.29041714139757
-2.60242019809133	1.65237553207855
-4.00440040818918	2.00305580117864
-4.00113994255983	2.05958887003212
-2.94529170648287	1.08184221173329
-1.54057399171343	0.794330183283323
-4.14223306331851	2.12116477271358
-2.94529170648287	1.08184221173329
-2.94762951501789	2.18273773414166
-3.67527655271152	1.70975740420734
-4.04039952475391	1.9905887208203
-1.45715434480421	0.555602948187763
-0.400666885652717	0.126969649039692
0.440550527350698	0.126238999466213
-3.47876479685015	1.50890351346878
-3.25320759529616	1.28763624573944
-0.158366751900379	0.0540005500252325
-2.0623574124174	1.03688071338324
-0.817617952941936	0.241228781805827
-1.17139462629325	0.407686012078872
-1.45192678192765	0.558812559876632
-1.88664275612286	0.873725616866945
-3.66600935104818	1.68463206614575
-4.13670547619058	2.21588840055392
-2.9540630304766	1.0929499144108
-3.48197787053119	1.51449966135906
-3.25320759529616	1.28763624573944
-0.800995785218802	0.237876280195171
-1.87352167243951	0.858221484429943
-1.86915735994329	0.86568344180703
-2.11793804739448	0.63135655885096
-2.11793804739448	0.63135655885096
-0.798689244210115	0.236974923937834
-3.48196983057548	1.5131639907559
-3.68780935615076	1.70085765658161
-1.41861533435082	0.392208760255697
-0.382496221030573	0.119991751122392
-2.07525823061452	0.999361053542328
-1.8869580911324	0.878231913004582
3.4440161917238	1.64474585229139
-0.318733942823603	0.0784860044620643
-3.67527655271152	1.70975740420734
-1.44804860578253	0.550704264899689
-2.11793804739448	0.63135655885096
0.381939954112183	0.0885630978825824
-1.67816952483683	0.724312882832655
-1.41151445005737	0.392781075624489
-1.44869322969647	0.563969391250078
-3.23785651969922	1.31106301795449
-4.00420000968637	2.05733472632605
-2.58792662580816	0.864420955691165
-4.15392379817693	2.20036959988974
-1.46880198001479	0.570170278078494
-1.27977952473937	0.815421880795208
-1.25611649477856	0.615197320909449
-2.01853575510514	1.47257823661563
-4.27428195019105	2.35757973861018
-1.23411319151913	0.591269936591274
-1.88152556105869	0.877880941167999
-2.04173740262903	1.0227399669452
-1.76686944607375	1.1177304808017
-2.30022523104886	1.96598663927965
-2.89902813369003	2.13288811744844
-2.5029706071693	1.49515119714897
-2.48299847573556	2.39932500876197
-2.65772742988375	1.72996918220143
-1.89897829558201	0.880896801054153
-1.87603123090927	0.876167402641253
-0.798989269292726	0.237086792656774
-2.5939754355692	1.634950760055
-1.8902983821592	0.857857774849523
-1.09361317068336	0.490753886139173
-0.580352933735675	0.246708933466193
-2.95050784791928	1.06273716713851
-3.8446738283004	1.86102422932933
-4.03755682510395	2.00186533908011
-3.2317279398944	1.29267978140064
-4.4795084895953	2.51508294707626
-3.46352301092958	1.49357335764936
-3.24083293406887	1.30703683631488
-2.05348201487988	1.02315472992295
-2.31311357897488	1.26460853873129
-3.23763075302678	1.26909461841585
-4.2805826137934	2.27785018784881
-0.156028617171119	0.0531380655030706
-1.88476238569551	0.875684175886376
-4.37984032348544	2.49715681656467
-1.09122273053527	0.480486676604814
-0.886347508665674	0.355147567569281
-3.86916788074677	1.87536218619534
-3.23785651969922	1.31106301795449
-1.17526492060144	0.400329339215736
-2.20883812837069	1.1741429630346
-1.43903519141711	0.555096280677194
0.209994281102018	0.0765105545338879
-3.8599695100187	1.88935533200801
-4.01016688847683	2.06295522559025
-4.16313814265322	2.19460261359641
0.32624874344617	0.138329075090384
-0.916320448323127	0.378249261428569
-2.94789681561174	1.07770443059943
-1.68771110704186	0.716144226967332
-2.06453587302761	1.02487070468346
-3.48519446347385	1.51875923517547
-3.5072384367269	1.48034808534443
-4.02232086914182	2.0442906094292
-4.01310729273402	2.05372579850783
-3.8695396065672	1.85976740204307
-0.898267180584239	0.358662312452502
-4.01033333195033	2.02883040737488
-1.17322126516035	0.399151424009822
-2.05373010294764	1.0231435928053
-2.43397205021363	1.43325605984536
-4.01340339106044	2.01575270697005
-3.88147603642705	1.8616407796599
-0.378662433969994	0.120221704790373
-0.0349205708970991	0.00948731383167212
-3.85714190938429	1.8734837156198
-4.15392379817693	2.20036959988974
-1.87887040048453	0.851386479713517
-2.29706514604593	1.27323798761024
-3.47302173405553	1.48451825877499
-3.22878680411869	1.29317391796469
-3.46956417000721	1.50979888537416
-2.48527194765146	1.49446265129195
-2.17912903179222	1.16137461057833
-1.43843454353316	0.557370465174693
-1.5153502427685	0.835174601130873
-2.42688981638213	1.42355355561157
-4.98857300872508	3.44576065520857
-2.41390617870132	1.41746852628683
-2.0447979212153	1.02531475832328
-1.9934345391118	1.42550683583255
-0.808104289984788	0.237789564664962
-3.69714269100481	1.67567141764536
-4.15998894939557	2.18518631681849
-4.65545293921674	2.88940568629871
-4.90957289319366	3.26523705375324
-4.80199756451991	3.0777739617563
-0.895058564229043	0.359087943576584
-4.16885592745528	2.21110075513385
-1.24542668857558	0.611270865041698
-2.50478979662418	1.51563427865026
-2.59562451729041	1.64963574001955
-2.03660752974749	1.02225389142763
-3.48196983057548	1.5131639907559
-4.02547625718188	2.03261944888254
-4.04642692825403	2.0075515095123
-4.15399365134595	2.2118440807869
-4.01924500846893	2.05438449966812
-3.22878680411869	1.29317391796469
-0.451031650808676	0.204057140841828
-0.899984326455543	0.373236410384895
-0.389168027318196	0.123199372278364
-1.68740879283757	1.01722661094434
-1.45466864163867	0.563686323272081
-1.68179165584229	0.720272159575314
-1.49479582560214	0.813553420025966
-4.26789154210047	2.35479472842848
-0.851197423814423	0.412112700622649
-2.19043073984268	1.17646994300594
-2.67522142373441	1.78089028964129
-3.69053858523696	1.69693808059739
-2.65642569760199	1.72976001876477
-4.00726794386139	2.03579041100125
-1.08235185373772	0.485474435454663
-2.12405038734904	0.637549783253442
-3.99808452887576	2.05711630458218
-1.49690484344871	0.819918480880603
-2.06250699833861	1.01670471612465
-3.70322098187002	1.66326215181989
-1.82843607512509	1.20194212639621
-2.03922096512032	1.02272799455309
-2.59042814263479	1.64916837677644
-4.27104721673248	2.36503699943191
-0.928504059551806	0.374816681991162
-1.87554660831386	0.867459252782687
-3.86029891144902	1.8529405916714
-2.95670313229087	1.0799832472719
-1.44483689551087	0.55639606537252
-0.370677992141598	0.139437384188686
-4.00133422003336	2.01727394290592
-2.19458741723465	1.16265027900264
-2.94789681561174	1.07770443059943
-3.99216366523862	2.02955716823175
-3.66600935104818	1.68463206614575
-0.798339580557216	0.237512976825991
-2.94789681561174	1.07770443059943
-4.6993001970352	2.89667589915609
-2.42579850922163	1.44389069995082
-1.69380898103207	1.02211088786758
-4.56331374963916	2.72854362678812
-3.46668204335763	1.49581723292627
-1.29466630395951	1.22617665229536
-1.70233465275047	0.721821996193953
-2.59962714780701	1.63035871088773
-0.967233485600419	0.49151108161958
-1.95184100070733	1.37345721360079
-4.35939227915401	2.457798292439
-1.16347827562434	0.666228184777193
-0.730917976674596	0.392345265752573
-3.22800320589118	2.86019693887972
-1.74455979261628	1.48332391515243
-2.34745668438298	2.70250087231367
-1.78573156007287	1.11360443771491
-4.01033414601557	2.03656248690179
-2.3156750087754	1.3020226796237
-4.25261400052744	2.33250435974203
-2.72299686956365	1.86026776724528
-1.29189550681729	0.790369837333402
-2.60794596879706	1.62291733555393
-4.03150810972287	2.03584592641795
-4.25510735360529	2.33909251327098
-2.17346567363321	1.14691470281544
-0.0349262065046586	0.00968328522045341
-1.60966826327892	0.937049056548933
-2.34411869514615	1.25089351596176
-0.91140549181244	0.376430321171882
-4.47546831547697	2.64809679250655
-1.89525375987807	0.870819465801295
-1.37232765305886	0.710724771762559
-1.40467101484329	0.728602054836889
-4.00747128212739	1.97572696308562
-1.88705796260666	0.874160499976044
-2.03660752974749	1.02225389142763
-4.15988405419985	2.20415257411074
-0.170250498303173	0.0576988384373715
-2.03412389901584	1.00753734003819
-1.19562194455987	0.870504548061046
-1.58453635423183	1.21284958334126
-1.51567261042059	0.843864013380455
-1.51463207739254	1.09271615515339
-1.82952571618558	1.20619499670319
-0.914175908276797	0.371142038265149
-1.15675679409825	0.398189095706627
-2.19760546059395	1.16950041903869
-1.24949413836236	0.608849398396157
-0.856222825160764	0.424493121262162
-1.15376694941863	0.396550468009439
-2.21690080260509	1.16481938426452
-3.24083293406887	1.30703683631488
-2.04228301421096	1.02120301867068
-1.49369578773875	0.808500705694422
-2.41573519211081	1.41889721704449
-1.89850138163733	1.24805694744888
-2.16513854318272	1.13437361333919
-2.68001637243004	1.72332511113161
-1.76476958703936	1.10278607321524
-2.02107299209152	1.46361037510785
-1.88552840665264	1.27170068981891
-2.90703275509484	2.18676086553636
-1.10401182166876	0.483172367732337
-0.653584316687293	0.236234718817894
-0.147773916125029	0.055987700989034
-1.47166507943039	0.563343537671815
-1.8948187270396	0.873725526404557
-1.15619345799842	0.394711335354762
-2.95481903112699	1.08281287204211
-1.89249128785248	0.875900638911631
-2.51281458879391	1.51504870457051
-1.6930265598319	0.732323542829214
-3.23467591426078	1.28622604981977
-1.88402476481714	0.887428786491993
-1.39066266115598	0.726642854923967
-3.46984827545522	1.4929651247195
-4.72644736630725	2.96254582342041
-3.84788768555929	1.85439809264094
-3.66276697470485	1.68001569382241
-3.8599695100187	1.88935533200801
-2.50744276260762	1.54102422327157
-2.19043073984268	1.17646994300594
-2.66410967015274	1.73463367232494
-4.02842744249755	2.06059641500427
-4.46984248790328	2.63565389197313
-4.90783901265077	3.28321692781456
-1.88387373376494	0.879767204656433
-1.16377800725731	0.673610674584098
-0.895014242923479	0.361023573957356
-3.6876689155222	1.71183827714487
-2.50453453895054	1.54790238529925
-2.05065939697001	1.02687152487336
-3.85068427695974	1.88992207687603
-2.79734692940162	1.96408643161334
-1.90991601294848	1.31419062251173
-2.20639374032868	1.17411145741172
-1.74829124853529	1.08234143197896
-3.46956417000721	1.50979888537416
-1.88972119153788	0.889304176084449
-1.50623099504369	0.783779187599734
-1.29526412598812	0.833127023267857
-2.59165335631956	1.64039074333554
-4.47716665842652	2.64075207074447
-4.15698516039345	2.22338070472827
-2.50966883967736	1.54263906135872
-2.32292226576346	1.29743265123615
-3.85433349086914	1.81759249342373
-4.28166582466482	2.33812488104795
-0.91140549181244	0.376430321171882
-4.13657462867054	2.16755630507318
-3.69714269100481	1.67567141764536
-1.4391934507221	0.556145620330514
-2.06453587302761	1.02487070468346
-2.05698553099998	0.999381659115641
-4.01323484477366	2.05758564997037
-2.04218338758424	1.02328583992409
-2.3133731792096	1.30119334223234
-1.88152556105869	0.877880941167999
-0.810808327140363	0.240524640358914
-4.26574533775288	2.37238392591889
-3.47556662344624	1.49065932873041
-3.69714269100481	1.67567141764536
-2.1866802110484	1.153482810629
-4.00726474069071	2.05008627832581
-1.67901150351531	0.711186770557504
-4.13092857813498	2.18351938311742
-2.96918297422932	1.06174110781782
-3.84788768555929	1.85439809264094
-2.60926341114878	1.6690754083097
-1.68771110704186	0.716144226967332
-3.99808452887576	2.05711630458218
-1.88078066400755	0.887768995044079
-2.32020299201991	1.30994696158781
-3.84746453687368	1.88988334428878
-1.0938793553677	0.480321170714777
-2.96025858149038	1.08487677119721
-0.950516413777869	0.498768424380427
-1.28480131164099	0.802192083733968
-3.99808452887576	2.05711630458218
-1.50481916174853	0.823258132460624
-2.94546216762511	2.2356968393186
-4.81406405040284	3.02080307370791
-4.86530102648501	3.11003619956816
-1.60300269080481	0.932315179168478
-4.85069603400168	3.11915499013929
-4.57989574036671	2.71614946336417
-2.41921321773636	1.43030784741653
-2.18191743026107	1.16115188660865
-2.02588276740747	1.44261576240697
-5.56779033579571	4.83946869099759
-2.50521630649645	2.46357849852607
-2.98858056702759	2.33127196130074
-1.21320360425289	0.728702673700144
-2.40188606015553	1.40819726609742
-4.36794493269622	2.47482967942926
-3.68181858219134	1.69781016916074
-1.89572785227452	0.889382695323408
-1.28571336286231	0.808272253382051
-3.69370334741452	1.70983375401694
-2.78294612691953	1.91117388510564
-3.85945973186505	1.8741214041373
-3.48518174918694	1.50928886670032
-4.47886384071231	2.62767477222252
-1.50109206983378	0.832381815604394
-0.721621605759446	0.322163371499867
-2.71663578896216	1.84295627326946
-0.180667269361224	0.069089706164987
-3.48518174918694	1.50928886670032
-1.3852812438288	0.706308127646153
-3.85714190938429	1.8734837156198
-2.12405038734904	0.637549783253442
-4.38061044172594	2.49138369438053
-4.47716665842652	2.64075207074447
-2.50624694518866	1.54857330408142
-3.8599695100187	1.88935533200801
-0.884874929693153	0.362152888438538
-0.956273213448193	0.502693268453579
-2.72046089631575	1.84347164942485
-3.99521585905145	2.02965781799597
-2.30660987176445	1.28609598053495
-2.58350681758142	1.64153883004008
-1.45741130381453	0.553823507268703
-2.61108079737082	1.66940428223681
-3.68438222899582	1.71169604468664
-1.15975377431805	0.39756928416027
-2.17832717224197	1.14662899002024
-4.46325444644991	2.60634877923433
-3.24083293406887	1.30703683631488
-1.66764548025036	0.994786580286896
-2.66571318995857	1.75693444690867
-3.69383740793434	1.69311150538724
-1.61931181954453	0.931460403797059
-4.26539696220948	2.36477543438229
-2.42045340833635	1.40305219574094
-2.29653313512032	1.272449235063
-4.4743576655511	2.62661842617042
-1.21647517274283	0.743099054931468
-2.94789681561174	1.07770443059943
-4.16035290756342	2.19090973716763
-4.64226300466937	2.89184795949999
-1.26238364406972	0.612567475713486
-1.14706420853166	0.670437219610534
-0.901635459975441	0.37180785765905
-3.25624410049564	1.27892505280514
-1.88096997610208	0.869719862862541
-1.21135257107163	0.726445632238707
-3.5039532105191	1.45625017019675
-2.50909226430793	1.53770251133296
-2.324782374562	1.30411803799984
-4.26259517594984	2.33342514521628
-2.60521058559026	1.66878666518601
-2.17913985823428	1.74120238893811
-2.41836122453529	1.41502055135442
-2.20340951382797	1.15105264959846
-1.50799940952436	0.819952726012754
-2.94298665999606	2.21786611612201
-1.77282330779315	1.0774059005429
-3.8695396065672	1.85976740204307
-1.20666887827706	0.722798150691799
-1.40716082486194	0.698084792205958
-0.391589657910571	0.150334245506446
-2.19180905124876	1.16321929534457
0.166390030206365	0.0751998855053607
-3.84788768555929	1.85439809264094
-3.84146597740596	1.8631571120044
-2.74423746867512	1.75942657717936
-0.952138051334458	0.49784334046021
-4.65522254128248	2.81616745192912
-1.53017123239529	0.831179090169381
-0.979785721293724	0.512420267340379
-4.1625948433962	2.18195232027723
-4.1397175802239	2.21955604064222
-1.06386770806078	0.59465279769072
-2.03616373116641	1.02170997485325
-2.58792662580816	0.864420955691165
-4.01016688847683	2.06295522559025
-0.960605516215608	0.500921664773209
-0.328306601286335	0.0815148772018528
-4.27104721673248	2.36503699943191
-3.68509915079549	1.67633152655595
-2.20031826359623	1.15894580128402
-3.85982377183437	1.89529372747147
-4.27143736252527	2.37940059387057
-3.99827270715305	2.02570098460923
-2.19043073984268	1.17646994300594
-1.68584127511714	0.997764311542795
-2.3133731792096	1.30119334223234
-1.87311773288447	0.857806892373468
-2.50387466007975	1.53938869421987
-3.24401486805702	1.30306765327258
-0.668055265187213	0.246651390659666
-2.04740776983676	1.02880810248086
-1.17837959691398	0.395614332962521
-2.96025858149038	1.08487677119721
-3.69096202375265	1.70490332957872
-3.49164847125527	1.49812388350468
-1.71275357348714	1.00647875275213
-1.26403709135261	0.614301831836148
-1.77245226563184	1.1277607717162
-2.96292808933484	1.07602572428339
-3.47274287589245	1.51648375272542
-0.679356337531445	0.245839178245008
-2.02186937405713	1.47748644999589
-3.69082354804786	1.6664075087949
-2.58792662580816	0.864420955691165
-2.18419321257164	1.1645561793127
-2.31999304097732	1.3122795183028
-2.04796596544954	1.02006134779348
-4.4868577772465	2.64411606173371
-2.67348600278409	1.76754073017881
-4.54555177350626	2.74322614687717
-4.79921189438644	3.10728674310987
-2.5973209621303	1.61251100169497
-4.27352526019608	2.35680763042535
-5.25312271015628	3.90197690798883
-2.30170001615101	1.29175153838723
-4.00726474069071	2.05008627832581
0.140564015225966	0.0576702028995994
-4.58270086865157	2.74729781736333
-2.05065939697001	1.02687152487336
-1.70991941951553	0.99359353116052
-4.66004058701875	2.82964225400434
-2.68562384597732	1.75336058761979
1.6380147533305	0.630239685678764
-1.67899115554384	0.714999717539634
-2.31125031825558	1.29263812659258
-0.579316034178846	0.241853970350915
-4.70538947656937	2.92414663244255
-3.70616959287944	1.65137202710714
-2.12234123160274	0.637594722384862
-4.27070820685157	2.35778304530818
-3.8599695100187	1.88935533200801
-1.1722107135637	0.402409154338874
-2.5803462178808	1.64186970044684
-0.897706066658852	0.358313662116546
-1.61481790107111	0.944283857782395
-2.19161325734682	1.14030767705103
-0.0275616124359281	0.00792257020973791
-2.59010690959944	0.863676284132476
-1.89525375987807	0.870819465801295
-2.72009308298681	1.84167096725646
-3.85068427695974	1.88992207687603
-2.49999333512252	1.53037086196107
-4.12811018847702	2.1852759111493
-5.06013285046883	3.51183609693393
-2.1893637870905	1.16885251507247
-2.42290739632464	1.42547710729117
-2.96292808933484	1.07602572428339
-0.11443426186234	0.0471913481879285
-0.953624810178214	0.4944756528885
-2.0135492199847	1.44302902527793
-1.87822309919765	0.872932573708714
-1.90165256246852	1.28984007746741
-2.65735492373298	1.74958663013443
-3.85391006178274	1.88479387627154
-1.46067806508055	0.558854828190942
-0.549382725141386	0.26811279706121
-2.29679548902424	1.28749526778918
-2.18470895685903	1.15834135575237
-0.857957672067118	0.42254840127821
-2.18191743026107	1.16115188660865
-2.32065676739611	1.29543912493802
-1.88402476481714	0.887428786491993
-3.88132798124416	1.86140266702648
-1.068521309806	0.593504954440531
-3.85659591814298	1.8920871760735
-4.4811398892271	2.64996512146814
-1.60142072489748	0.918061901508524
-1.60576426056874	0.916896347347942
-0.127127377587255	0.0532458924602107
-1.01308437573227	0.660786892561128
-0.73664145039517	0.399405023764525
-1.23588896507771	0.752083564310715
-1.37198590633655	0.912431516274879
-2.11122070536187	1.62009633368911
-1.95702659241898	1.31918805700955
-0.920341494827096	0.767218537538906
-1.97269529490827	1.40622534324377
-0.877379238337693	0.514415704972947
-1.76146885794468	1.12496238616485
-3.00517433815719	2.34774126978582
-4.48055985608852	2.60695601184505
-3.85706056389766	1.86384390083717
-1.70020512601926	1.03571780330583
-1.52309325479817	1.11326603997803
-0.8597755629131	0.426624316353182
-2.19215386151851	1.16699293103573
-2.19604414548947	1.16731812058729
-4.38061044172594	2.49138369438053
-4.13952093842072	2.21154169368165
-2.31556759039298	1.30329700577347
-0.553150205725668	0.228894119822801
-2.19964001872552	1.15200310858826
-4.58952137968003	2.72106121424969
0.432468222526546	0.206031907441661
-4.7825710178381	3.05427962840504
-0.65902470585797	0.241897265044718
-1.78366852258682	1.13020347696065
-1.17261111587972	0.674004463335018
0.146381244981842	0.0596258301740413
-2.58379587362054	1.62688890363059
-3.47592836562483	1.51632163436114
-2.89874089741222	2.13419045851196
-1.25611649477856	0.615197320909449
-0.165299640874879	0.0645930546121959
-3.4791206633941	1.50957597543244
-4.99751514377614	3.38664210178812
-1.55900695391533	1.15844971080914
-1.90767447233577	1.27577792718191
-3.36806992923906	3.23451967206201
-2.72738223935227	1.86321792533088
-4.36073335569568	2.49814908846724
-1.89802970015044	0.892053890221128
-1.62371224569429	1.25295524186824
-1.83445555861381	1.17172860752603
-2.58679457489591	1.62094207292183
-1.76350514882213	1.10879327005077
-2.31309128549347	1.30758393972019
-4.00113994255983	2.05958887003212
-2.42796198032185	1.42386358982095
-2.59732705073587	1.62311440421824
-2.49554498093273	1.49861121945017
-1.91923087275432	1.23346495313553
-2.05393067210348	1.0237002571277
-1.68474853956681	0.723279418107133
-2.41959742687844	1.37844965672247
-0.952377944059386	0.492366160643836
-0.754652827107816	0.410770255847147
-0.206701337507201	0.0922778666345316
-1.06528402215395	0.594264641778651
-2.79235999973242	1.96692952030163
-4.55652172758569	2.73658160473783
-4.93227001253343	3.30175641536017
-0.854207908972811	0.411146210741511
-2.14239874614903	1.66016958404733
-2.60242019809133	1.65237553207855
-1.9135299295738	1.24486212258458
-3.21539563080776	2.81892916384293
-4.5687970675713	2.7303840790506
-1.62320975902547	0.939647007309901
-1.88434915340554	0.875249775488768
-1.3929840083827	0.729745223305983
-1.67816952483683	0.724312882832655
-1.41159434976586	0.946186810275269
-4.26230168914892	2.34284064191303
-0.956499827972093	0.500373606668457
-2.50039788386802	1.52207020082211
-4.72581464142823	2.9754352102809
-2.08662487767644	1.5824709761713
-1.90279530328515	1.29795455300775
-1.76453438800513	1.12772203608827
-2.59856259073923	1.65178596619696
-1.61321426383198	0.943467766789175
-2.98888070793213	2.3037525954631
-0.729272387591658	0.400739981336402
-0.604226515270201	0.408051158332455
-1.487255471865	1.06253115403075
-3.02058762819836	2.23768482783345
-2.1947650426244	2.47850944570609
-2.1343136300531	2.84036592155914
-2.59022859942831	2.65970145817025
-1.62503671133153	1.60947134365511
-1.15374556538061	1.233181452645
-1.33117204811583	1.08046020977965
-2.51027903466861	2.4626236878597
-1.898806929929	1.30517479686238
-2.44782514623966	2.3066569970284
-1.3334212083303	1.08625569119729
-2.15257263382121	1.6993661852377
-4.15440260837393	2.19034755563777
-1.59059214643163	0.919417252250848
-3.1066584257839	2.55564471826306
0.0452997716841608	0.0212369022975798
-1.9567041282357	1.35486852030865
-0.313354179868179	0.133659035299971
-2.12061138093886	1.6464702221135
-1.71204918478763	1.02883042446652
-1.48966220241531	1.61971519613013
-1.13353902932842	0.804703755369977
-1.31527758494561	1.89723321740671
-2.31240731452061	2.02996081375287
-1.13648418273748	0.955739845732552
-2.3537398222254	2.10857816628718
-1.56976461666004	1.15367919660079
-1.49018809653235	1.52061486460677
-2.22966441654658	3.06059529121131
-1.87514960875695	2.50092456048342
-1.57181983574389	1.19015444416898
-1.94256816543362	1.8405895895573
-2.65107949293133	1.72525735258407
-1.95511808130317	1.36669953122989
-1.02139206594189	0.669075765465037
-2.51660765808631	1.55686990702349
-2.59970028549868	1.64661430059158
-3.09495430234897	2.50296306945602
-2.06907070083205	1.51620078900942
-4.14533325944625	2.21993058099643
-2.00953405189292	1.46875043998716
-1.49799068328906	1.35793794084137
-1.17386268658002	0.847903501679005
-2.79818445252939	1.8886742172485
-3.0932701889581	2.55715314852661
-1.46243410663603	1.0255928704177
-1.14354623512243	0.66275457761144
-1.6851215549713	1.02102718190907
-3.03888870269197	2.44742515384925
-1.52930947235353	1.40230046051864
-1.06392017077411	0.699065293556236
-3.26411366164183	2.95608823773275
-1.55791631671993	1.13424774339987
-1.43195709529684	0.96289401614788
-4.72592553330453	2.96487252919545
-0.540542354899989	0.340595400198144
-1.31522204476935	0.76489318113411
-1.64922707190174	1.30391748631272
-1.61115571343249	1.90524613758569
-2.13722754488083	2.26232102395479
-1.2401869724214	0.964731147346468
-1.76363704657735	2.23422065095512
-1.3204618430157	2.04277839692427
-1.99360273697014	2.92130357132887
-1.10963350290108	1.31075854122399
-1.21244889732941	1.3568690158336
-2.01163963656863	2.47532946479575
-2.62299373364147	2.74544483476191
-1.06907573703665	0.72643327361948
-1.84166162406046	1.21920807228145
-0.778133740795657	0.50795698877288
-0.709755092695986	0.498617645754221
0.0129239326594092	0.00504996814363824
-1.36755158050257	0.903013825529302
-2.30414738287323	2.74287998311097
-1.02568551080909	1.04564775734153
-2.89388703343438	3.47916692126236
-2.31393155720503	5.06524523208815
-3.07828454171932	2.5210439856525
-1.50843013192819	1.60056417709445
-1.28122039074615	1.00835077378323
-3.2324625515306	2.82077638589377
-1.27378106499619	1.52561262535863
-1.08011779003851	1.67409511895293
-2.33194460288224	4.49773336236917
-2.24432163431052	1.80203539306143
-3.17162641853824	2.73730392952734
-2.09931684861677	1.60663900312381
-1.97169193491358	1.88559416356297
-1.95352585443048	2.33933073018089
-1.76625520570764	1.49821568497256
-1.67271023227081	1.3101541611795
-1.06817902418146	0.835798046916805
-2.87893796200653	2.10603047360908
-2.02836025062041	1.45522952586726
-2.20678686646093	1.81038307465574
-3.2218688279899	2.81396560622005
-1.92384844285804	1.29857697139767
-2.06348312288586	2.07633472851874
-1.69832016984796	1.39776248747535
-1.52045822661347	1.3309203981137
-2.73342014442984	1.8513195233524
-1.40748457609125	0.952264457432896
-2.05729304969368	1.466674970889
-1.39528339358799	1.78377475901381
-3.71854830069022	4.23924366788972
-0.986875366892758	1.29342222767478
-1.28851833862198	1.62854168378582
-1.77952363202838	2.83760856282691
-1.74363725171293	3.77887612676797
-2.06566401633426	3.50722808753265
-2.0543772368471	1.53797879529998
-2.04840587061614	2.116781267176
-2.1036438720016	1.60463209597302
-1.88451986661286	1.77804786278315
-2.35802454254595	2.94420434849287
-2.49054631734406	2.28035090286271
-0.66701050435667	0.33880106588256
-1.98444799998969	1.97594262506593
-1.75071366889446	1.83701196526577
-1.20049197524456	1.60605684787896
-1.35893414381064	1.46389470446066
-2.44572787201741	3.82588274831203
-1.42353891321855	1.83256034286644
-1.45911749004662	1.54487699804493
-2.07585681755476	2.10455885312412
-0.587635449661152	0.468071021848566
-3.87566454270698	4.88791231930185
-2.14394760341673	3.32510364004955
-2.63878734709123	4.60745597704085
-3.67711727511812	4.08675728740019
-2.11371082364716	1.6145113962961
-5.20135715076285	3.84165824456555
-1.68265474885648	1.0244039296469
-2.26497729678381	1.85488820978712
-2.11200987719378	1.63338890173338
-1.58055186500215	1.22786173436641
-1.48237411668893	1.31436938476667
-1.6317890540789	1.31345835899277
-4.87443577623151	3.1697586054523
-1.24419338746471	0.883720960839444
-1.51350141523869	0.836926027605042
-1.18416333548927	0.873158816870543
-1.47639840923413	2.18290593917949
-1.3489902098178	1.67292606985813
-1.18439626616561	1.67706604750339
-1.26933111188858	0.969513073335931
-1.39466157969875	1.17953258823761
-1.84212395455016	1.20682628572046
-1.27879994021988	0.942029076246909
-5.90757057236891	6.03410953046651
-1.01607334424856	1.12406745080754
-1.72300795475767	2.39746014523907
-1.76299124061213	1.90009371040486
-0.790496333452938	0.588523982494395
-0.696419974755386	0.5889873872584
-1.86937652590246	2.13958207514243
-1.71907084253783	2.14373903892724
-2.28809635978351	3.21546497706292
-1.97238612547246	2.41564981592783
-4.71520491641188	2.90703576931586
-2.78234937678512	1.95215514549836
-1.36978696140313	0.913908641097672
-2.32375966412151	2.05667222961773
-2.72033414052508	1.8298004531133
-2.26859407059828	1.90867728547607
-1.75901486535582	1.10852214484047
-1.48780230029835	1.05885803930067
-2.49924017903448	2.44229201323786
-1.6317770228887	3.09542222346558
-1.60898019269949	2.99359496388967
-1.0617731315586	1.66777056283737
-2.26526020674348	5.63768073862384
-1.46345702297508	2.67732166616427
-2.58663907719645	2.58342972528442
-1.38029976902017	1.14518027185957
-2.65370746954099	5.46326427684351
-1.81867230975628	4.25676195917059
-1.42313738804182	1.99142946422648
-1.65271153256232	2.24221304053416
-1.24807234561089	1.61025418692331
-2.62372151946368	3.58208194073909
-1.80977787996841	3.24082130941131
-2.12593443737071	5.24825546029148
-2.1705408918168	5.19220054385056
-2.63056455918478	4.46124579411987
-2.15990248801364	2.40454189320523
-2.39705947055841	2.23018893004564
-1.77980572458689	1.55661506167831
-1.74444860701701	2.74491249133958
-1.42124683772569	2.94720633750911
-1.95180290679575	3.85257163784629
-1.49461789724236	2.26216125973614
-1.18399655364139	1.40940453585059
-1.75515981065991	2.83943826870187
-1.59204667489086	2.2966608495085
-0.880054457960184	1.11727872500802
-0.965182164367873	1.43799293356825
-2.02764257839905	3.74333438849375
-1.57096580811522	3.16385178513107
-1.9001366783637	2.63963015360076
-1.49094936310741	2.03314613390224
-2.03816228109706	2.55181283318691
-2.0790701475853	1.56843148793254
-2.26816467218052	1.87350628187363
-1.16239535418869	2.02758024032475
-1.3324789654412	3.44225816123077
-1.23844556512621	2.59665975624725
-2.20339048185772	4.0849013063108
-2.27264887101115	4.95223151421959
-1.76705659130207	3.40566807637592
-1.68201339838186	3.75906348526772
-1.92263903728113	3.70994292487405
-1.24901611114463	1.85381631756578
-1.02091653757406	1.28625934026641
-1.3420867853775	1.81239596876355
-0.925604052688639	1.08521158082562
-1.51165668316704	2.60270135427298
-1.36820548157211	2.06991907072317
-1.56367256537295	2.63012420187292
-1.35402140719205	2.42387442181453
-2.89644033122336	5.71944740546006
-1.57148378318657	3.06599753892385
-1.43346118881655	1.43271567997523
-1.74204603088008	2.3841720203032
-2.45787352679344	3.18135955749441
-1.16428259667483	1.61416413068962
-3.6556930139113	6.23586962752111
-1.36869153924333	2.51154407535383
-3.16686465790123	7.17419049284418
-3.06470945438554	4.1142557208504
-1.6253076457623	2.76610011118517
-1.67303297904491	4.45276026071572
-2.37382043607791	4.24305228418042
-1.52606660551574	2.07814186898359
-1.68712647376244	2.08493713628478
-2.38398986883296	3.57477309503912
-1.73456057153706	3.89595960751896
-2.51744925564784	6.14271491589695
-1.76175658762309	1.91518670311769
-1.43189912990023	1.87091020130554
-1.53433684036232	1.12613848926637
-1.48045276379243	1.79570644960752
-1.54328439532704	2.36566008593104
-1.37996776652575	1.90875700366576
-1.47666411726319	1.30975411554088
-1.27062958208812	1.17157545932246
-1.55902538133982	3.2258651533075
-3.19678629736697	7.38954315854702
-1.55895137529962	3.80142545371394
-2.15020965311135	4.66562152167383
-2.2815235441487	4.85762280250941
-1.61001334932083	3.78356520481764
-1.99188733508047	3.84295849103164
-1.83908544175229	2.42913801970948
-1.74975108753252	3.80897124729642
-1.64646382316189	2.69436082799679
-1.31709469957887	2.68810395617669
-3.15600468104204	5.59376777356582
-1.69940172000526	3.37480278435703
-2.31657814923173	4.57148789414671
-1.73823873437896	3.78631330864283
