x	y
-0.139110945129223	0.0701981639095967
0.184731265063533	0.100264775519465
-0.116813881564409	0.0766438012515873
-0.652135530220136	0.440969036546786
0.169198595669961	0.0909124866752475
-0.406481272253658	0.208080442632506
-1.15156960213429	0.674695786764974
-0.134987280237098	0.0748598117663179
0.515131668964184	0.357368329825822
-0.578199408231858	0.241379777135071
-1.45046587518472	0.561786605061018
-0.181815008836265	0.0706830273045408
-0.0020969351423028	0.000377026564841848
0.0139859590063954	0.00557402799781597
-0.945288787308896	0.590861903346007
0.822181727910094	0.423724888665498
0.317586166841064	0.162301459415724
0.635903209617702	0.387962360789532
1.71602353040791	1.28609936120282
0.0102936018343149	0.00370121967046658
0.345034973140184	0.145916905526155
0.271988726720795	0.151258929533279
-0.376353404548733	0.121358651750687
-0.464516748421601	0.212997325241298
0.85740357906837	0.352924821051702
-0.557266461159008	0.27269331801832
-1.07035706128105	0.592549512563214
0.625049226890378	0.308610037341351
0.153242520908769	0.0617193424453528
1.14301192527524	0.559336442964654
1.08728604699325	0.586540469224673
0.733416741769978	0.44223365790988
0.155245102246676	0.0627278455777488
0.0502414716852444	0.0223518763148369
0.815168691368944	0.418692915939614
0.0030330510819509	0.00125336997940988
0.210361135722989	0.138082629860093
-0.0421250602202555	0.0184308786399303
0.0594130008473985	0.0259442195364448
-2.19774335131977	1.14881731069202
0.645769651139827	0.389717613532852
1.53873647375914	1.04603432759876
-3.48519446347385	1.51875923517547
2.47151571079359	1.84532242550062
1.28161282470159	0.838199514824745
-0.728560264866588	0.399855872359493
1.05781249709755	0.564588342877848
-2.04477109848982	1.03555051751709
0.452954269384604	0.155546680127535
0.239952516132419	0.0893451298164263
1.28434152794098	0.941799069643748
0.865484873864088	0.7010099172408
1.02590018679777	0.783070689330734
0.438238424948013	0.208860668238766
-0.300550539597907	0.125243931037522
0.298241064763245	0.138864879265418
0.295053953690663	0.146500424843065
-0.437027801885373	0.19850478901984
0.336223979615473	0.14366636232927
-0.449373407441389	0.206493239122555
0.851533307373167	0.356243754739349
0.242042743842991	0.0889464545132957
0.237394742654637	0.0887811075321845
-0.15888330361234	0.0545731336553799
-0.717788698929447	0.330713978799761
-0.572889188562731	0.281048610263421
0.627300868728656	0.407357689151373
1.98971944151253	1.94783163849639
1.14769202191641	0.358267165374319
-0.970352915488823	0.508948462431454
-1.2302236123403	0.71859485237889
0.437160241643825	0.208261631216621
0.307676625051129	0.144680520554261
-1.38876717548631	0.731779700557009
1.07797438136107	0.624976098608236
-0.556516076650458	0.270354753039446
-0.560695529674846	0.276364345600903
-1.69388195408489	0.724204796504722
-0.112727118711723	0.047564082807665
0.818599521252588	0.553951229069248
0.30039674118094	0.138969143435459
-0.481372276788871	0.257763099358466
0.667585515881269	0.399197648108753
-0.311814243766527	0.150085859393342
1.53139095093761	1.01840880664456
1.08549988876258	0.574266642173566
-1.5066123438269	0.834809613022438
-0.398948288958786	0.129034673490178
1.13153783208764	0.881239380813804
0.677313873899463	0.369055371518084
-0.396174085918773	0.150221228945664
-0.128698258641268	0.0538601006554503
-0.169184541497948	0.0568325369914334
-0.325405854530411	0.138623179396453
0.154087096190488	0.062728863828527
-1.26390671208387	0.603078290261991
-0.66036227491067	0.244098023365411
-0.149140528810434	0.0514280417736979
0.31734483300354	0.134995017156785
-0.586119282369308	0.246960166936316
0.479077279120809	0.163923914378797
-0.110999874184709	0.0513442876075789
0.177591005502461	0.0711948630859783
1.30117621711666	0.784438221349366
-0.00720545393768436	0.00194369098707474
0.295421666837803	0.14941353055186
0.123289915749754	0.039685375936267
0.84241853159894	0.352868774774245
0.615013260659132	0.307189721516983
-4.14838440221981	2.21725371171371
-3.85027427851522	1.8787594020162
-0.706367249310416	0.325345127117952
1.06538116508047	0.565944634568543
0.149467410967869	0.0609463088619638
0.478831109466061	0.163927156744994
0.11768742272667	0.0377393415039947
-0.734612998192357	0.322333940846528
0.534014736195977	0.314303920175261
0.381939954112183	0.0885630978825824
3.7381967022267	1.97829622589877
1.06671828148775	0.568282239554909
0.431075561350208	0.125077759967491
-0.682179629707519	0.252708809593937
0.696406278711229	0.385697068593068
0.240883947112475	0.089797157897944
-0.311809784556384	0.149655324859696
-0.164251788290889	0.0558419002376832
0.112064934240391	0.0362110987286125
0.122908138887359	0.0390918509083662
-0.0340661344841396	0.00926511169888696
-0.401122302199561	0.129105756287761
-0.161515504486169	0.0534230568233551
-1.41605837479475	0.731879807388912
1.62854326116516	1.43568334909173
0.16885790365491	0.0692950050436708
0.385075707641674	0.0886838975959519
1.32750207667436	0.575442239657456
0.532742310568745	0.235704246582682
0.00641867211745916	0.00236215373150008
-0.736242706870545	0.33737356423982
0.110014978173328	0.0354534814153016
1.39652225362347	0.753071314731664
1.06809383684096	0.571996737044579
-0.391252799496432	0.12570044869081
0.0000222417678205268	0.000104079957224781
-0.896592431393433	0.369174209142144
-1.40193561575619	0.732248608810647
-0.0303003282829474	0.00852825225991697
1.60722534812274	0.806482076002563
-1.45319382393629	0.571863884400649
-3.48518174918694	1.50928886670032
-0.982265904831048	0.516356255547968
1.06530862338617	0.572246272137077
-0.894182616163231	0.360361309535096
0.525683202339715	0.228623550804353
2.02393635884699	0.919757114084648
0.511526702782082	0.204205845686417
-2.59010690959944	0.863676284132476
-1.49246557640163	0.812204155764602
1.46445177747019	1.06806175427999
1.0492747890829	0.606568490134297
-1.47020143109586	0.550868762763869
-1.08699667652694	0.489313845969322
-0.328586180127858	0.137779790446131
-1.17551546434183	0.406096042367523
-0.132701854622715	0.0555125205375887
0.875934602299705	0.484530095379885
0.116979586390051	0.0375579739909747
3.96100553358635	2.26745552927793
0.804435785001846	0.363974269964948
0.472289313125546	0.161294311513201
0.542151165956488	0.236334139928027
0.23390284088093	0.0838332787041339
-0.00206165944336111	0.000343592618185292
-0.0336979603029177	0.00938395866986133
0.431086307811504	0.224196002565295
-0.548962218942465	0.268475063231878
-0.558899981080086	0.236626582387679
0.065072334864417	0.0281701050048485
0.230407802345773	0.0850229124580212
-0.00279512478248346	0.0000446755496130413
0.47020057266011	0.162848463750761
0.146031043316502	0.0652551695198626
-0.0234907643938396	0.00685714721839183
-3.49128748661422	1.48059743963575
-1.11018364749806	0.490927858764122
0.850682755923926	0.350821923327107
-1.44755169538948	0.566291028072655
0.502338079994312	0.197871241520846
-1.0735993089699	0.593524160025716
-0.585585653826702	0.247653415330476
-1.45350459123829	0.564383077541792
1.73237824654765	1.27867036803164
0.235081559740355	0.0871302172528265
0.530398556206875	0.232137332709884
2.96072025861533	2.0529877618474
-0.166550065228167	0.0569057994188519
-0.5500068470543	0.227928296791962
0.0114759611695078	0.00393160648101535
-1.45147537558958	0.558751134279355
1.09512458882191	0.772938264824666
-0.221864899559735	0.109235802194553
-0.800995785218802	0.237876280195171
-0.381348025169375	0.145067996855636
-0.661526691533113	0.24432167342332
-2.59947874025458	1.6430809889025
-1.07620747365824	0.483115822975704
-0.112555277366828	0.0456180177447644
0.508247159152995	0.203047088123134
0.925827132641725	0.334389948270196
-0.985517871354453	0.500308873016914
-0.722439706067196	0.334644231287474
0.140289935496855	0.0571387270747768
0.589185831172239	0.2898274285222
-0.663656955190619	0.246003354070923
0.381039818852264	0.0876463229858444
-0.217639037052209	0.107880198522518
1.05645879039578	0.624705339554622
-0.567941706902724	0.238351548879863
0.163479197242231	0.0736371595463355
-0.372524402464349	0.140059532009667
-0.899012292966431	0.368654782754545
-0.404783168148148	0.206798932460032
-0.89568990985085	0.372029018289586
-0.182927879445915	0.0900560257130075
-0.328444440180713	0.151908761719869
-0.745812544656989	0.339935442215863
-0.196326048935382	0.0739775071588736
-1.60386706974609	0.926833914664769
0.488769871487326	0.192932004682572
-0.668136083579747	0.245355219166983
-0.379244095771449	0.120342746878557
-1.10450960743545	0.487627933181685
1.08115448686671	0.572062995455083
0.012590566621357	0.00449868814539701
0.834709197441394	0.425556395681555
0.529074074133307	0.232379042916327
-0.176800510445647	0.0689874168337408
-1.90924381593668	0.867304480395404
0.814882757477624	0.4039855061115
-1.459147476331	0.569895961598052
0.178975642072977	0.0805120885384015
-1.3842748840251	0.71151478952181
0.842443043003265	0.352722853861989
-1.8832500550001	0.883723793210484
-1.0991797645364	0.495960502936815
1.31983388874284	0.572079754885801
-3.84746453687368	1.88988334428878
-1.04506243321863	0.564990785828993
1.64541173244845	1.02922234743481
2.76906270051448	1.72426736028144
1.15330132538618	0.556909236012216
-1.68338866206727	1.0172326461406
1.96890927001686	1.83095536484552
1.2842442801898	1.04628432854076
1.0778757192858	0.688140209426546
2.10920918229357	1.33756423744806
-0.152470446204407	0.0581086821753788
0.132026618019627	0.0538114976360877
-0.886836221652872	0.364203904645018
1.45821318840251	1.0627469712998
-0.7099345173643	0.321819728166788
0.0171028005952347	0.00651452859652134
0.27843872391127	0.126353143701035
-0.544254824127016	0.224704540671035
0.345168864501045	0.148594244000884
0.857049376379179	0.495142350082832
0.0114331150531972	0.0039521150252036
0.0632621377424556	0.0269932315757749
-0.152403303593732	0.0524187576257029
-0.708434666323154	0.319641829834704
-0.0303778109531012	0.0136492947349233
-0.591662940946314	0.247610311901766
-0.668949718106803	0.244701607943837
0.248781751947274	0.0914068096389614
0.494263491726386	0.197198471621207
0.726744608443354	0.433769285040633
0.152773326026754	0.0680868578275235
-0.09781343136613	0.0450300532868463
0.00340902715902347	0.00132560910615507
-0.114610770157727	0.0484826607260012
1.05214647274284	0.616853549746759
0.434563967873135	0.23194744007066
0.695652959637758	0.39268892738339
-0.457106286507829	0.209857195353671
-0.165299640874879	0.0645930546121959
1.14995929943828	0.359644120216764
2.65352201543395	2.11945550690708
0.322241986263696	0.137484014757061
-2.19179286793664	1.16452723166064
0.268719351413539	0.146642896114373
-0.673417352199582	0.24847325031516
-0.169169775618547	0.0572549452114301
0.932997211831538	0.751854954392901
0.482589139042435	0.185532250010925
0.097078111715329	0.0316898024649164
-2.94269249920511	1.07887837307104
0.438870931761601	0.211154234517526
-1.18021481411826	0.846020558243454
-0.171840416853926	0.0584996408657312
-0.73188180562608	0.33511151079698
-0.190684229361235	0.0721477264270521
-1.4422474611359	0.562390028174129
-2.03563076463341	1.00366525126003
-1.68525075570151	1.00508528023404
1.97439195228654	2.51143922776839
0.705619679082059	0.462851679134274
-0.573591114499566	0.367395892730678
0.43900595630589	0.253627057095654
0.675634426896502	0.375633465388614
1.26525784756369	0.824595562697896
0.800942128892985	0.685976780278782
1.07932539386195	0.574104293419227
-0.303778808747902	0.128364307397397
-0.100222916854474	0.041133099822097
0.541428197588398	0.292004497273023
-0.570767201319011	0.238349100983432
1.03296375414976	0.997432751608827
1.46397006345791	1.1713813493022
-1.88664275612286	0.873725616866945
0.959798807802699	0.789384610207458
-0.32467583565968	0.152374820225601
0.799481954019521	0.368377902112199
-0.557906337441496	0.271408312375277
0.261663717067358	0.144127120942926
0.993064360526947	0.683950654966694
1.64039266817421	1.0076341303839
-0.546567808556362	0.227184845243798
-0.113901413757878	0.0481104648820148
-0.312159679118246	0.132152271576815
-0.663556284054938	0.242633124254046
1.11996910102284	1.02595491332048
0.161066371568729	0.0654493246036463
0.172470326766796	0.0773207302444313
1.47167838626257	1.08809378745505
0.653400167946839	0.400320357676914
0.210720173930504	0.105161833532964
0.608186997638099	0.398361980060442
1.08973192316644	0.76672006669423
0.829424225442714	0.554115845285019
-0.577126010092832	0.244784219870833
0.845991571594725	0.472228331407352
0.890769195734523	0.553141641513007
-1.16024613152035	0.674879358584247
3.33017952533778	2.63606738438946
-0.462426604057775	0.208028074556614
0.92775939041427	0.593917158546778
0.632398869337013	0.419734325505991
0.432974419435317	0.222627010091574
-1.2403643924711	0.602211188510358
-0.543173875607393	0.298642692511969
0.139419939987564	0.0554187259661147
0.243956472860382	0.0904669551892311
1.02783510123972	0.581447108309377
-1.43315273272459	0.552735525011202
0.24362671534275	0.0911275235293644
0.811226282868619	0.37833277810164
-1.10174497061345	0.479116427261618
0.422265706596003	0.202894206944586
0.64290574326599	0.386815160173169
0.600792821873746	0.429354236250146
1.54371123870829	1.48893994648825
0.858072675909753	0.496001243515302
0.0379014394640826	0.0166320288269306
0.163675693830888	0.0675781906339541
0.214334854573411	0.107638747943864
1.29177866151321	1.01131553481195
0.320829888874745	0.179347054361087
-0.0482290711707126	0.0252245954703519
1.61354217257933	1.52208830400668
0.851761606176494	0.469665722096104
-0.167866592030545	0.0660592082054641
1.10288498040634	0.574338275987382
0.614285471116328	0.400919808724476
-0.176394055845808	0.0674918601225751
1.85974084530742	1.25453033637164
0.969628238045724	0.849142842777958
-0.121084466278698	0.0505875665858806
1.06562843138651	0.622767247330931
0.445437167627732	0.212026472771647
-0.389873337067796	0.199168144566856
0.112484212426078	0.0543338338783938
-0.207291995924661	0.103322306846951
-0.852864208141591	0.414486412143531
0.430232384870335	0.249653510485828
0.342242461886196	0.145856382215214
0.856824763204332	0.488862277528439
-0.414847561028686	0.210881500705767
0.543871226248804	0.239853843443894
1.00552378596711	0.945173557902538
-1.2534300211273	0.606791170634341
1.45545961650108	1.47317107998769
0.574685626669886	0.396269066876375
1.25590233275795	0.824755811924893
1.21716638444453	1.18740986834859
1.44749226457833	1.26240973783683
-0.0428468578399895	0.0186442230820749
-0.27944112184992	0.145330782329328
-0.675404128059367	0.349080085096579
-0.543951649295787	0.258338994578173
0.0220815287929363	0.0106467267372175
0.353829801947273	0.199464931230438
0.442264106854676	0.149918745330233
-0.0219537993160805	0.0108543268962751
0.604914786910948	0.297232129810661
0.29466880442362	0.148380537691139
1.80618720955562	2.26072899002656
-1.38123959878668	0.723566984568803
0.536065616318913	0.375434499534962
-0.400676109715315	0.206145413333823
-1.78416410545025	1.10758183771464
0.642286522874109	0.391752872007744
-0.163257532806643	0.0840554184029106
-1.25562281620151	0.614309785306963
-0.136504221976968	0.056104258751548
0.00213981520079818	0.00109150275658239
-0.0398954547512474	0.0171944336555404
0.333221984021596	0.142886256280348
0.170448225675038	0.069621717508169
0.425349128320483	0.247916974439401
-0.572456399099864	0.24400142060885
-0.655306323057607	0.340464629154306
0.108054373387383	0.0532266005338911
-0.392692946949188	0.196499723019685
0.869404678941245	0.708344747710183
-1.69073058659169	1.03389288594263
1.28513772957753	1.01155784888375
-1.06299995215013	0.59593877371216
-0.10554827395203	0.0535881859674815
-0.0476050856791195	0.0250098703219338
-0.330628607014989	0.15926760788617
0.43789978284388	0.207461292032762
1.4709816366129	1.29124645006909
0.349156616754135	0.195406596362082
0.420286005690691	0.242904732088156
0.0878960049435934	0.0378106213764472
0.17186471780725	0.0905920419908335
0.267084628409672	0.142964231237099
0.517047857482236	0.3266557947986
1.9397952946947	2.45334133438295
0.288009574547691	0.133835174250619
0.0155325969507779	0.0061502581205369
-0.0227606585777519	0.0102635224425854
0.967233757886777	0.679549226948978
-0.105354242319152	0.0431203761330409
0.539123227482408	0.291794521098979
-0.719779370346247	0.330104513898938
-0.211962967204258	0.131794495252496
-0.326242863936538	0.136933451171476
-0.616666893686551	0.368835101680871
0.0625200822438465	0.0375675325353892
0.502829593004912	0.197665348428432
0.542687762838643	0.235252376291175
-0.362960215976652	0.201933425256399
1.12434130200541	0.845955018111235
0.881760752045196	0.717080977424095
0.375621178763195	0.233038988320118
0.223207556469909	0.0843871102492997
0.670751999218358	0.365932990962752
-0.121084466278698	0.0505875665858806
-1.0892854108439	0.483727483816092
0.601433520865395	0.354241396954042
0.0881293820096823	0.042416110471396
-0.0317902565820733	0.0140985686311208
0.15645172347482	0.0707520494744637
-0.487058840962773	0.260547496114796
1.31914835336006	1.28961198913541
-1.15578092663904	0.676287991997154
0.179283922518634	0.080252040692014
1.14011093502361	0.550186068080187
0.0928308288987107	0.0504187511895386
-0.569091939396379	0.267930060062093
1.77090526610954	1.80904142841541
-0.860775664389432	0.600251964310363
0.210750287857317	0.105073431687117
-0.486945160982449	0.295864058464625
0.767319631636407	0.474690180084892
-0.316257165261853	0.184032182038302
-0.379416390538574	0.147298134690039
-0.471922700333817	0.206944800026902
-0.449794844800481	0.206157631715449
0.646139492737598	0.394483320573988
-1.06113113109003	0.725074094708912
-1.69385279898065	1.03269709450265
0.0641049765476133	0.0282928875761781
0.525233666520389	0.313283075311529
-0.420901623972297	0.272960629960288
0.126462884926339	0.0847039480740422
0.0560011783355049	0.032128937265352
0.444882840811223	0.279137159114444
0.435796705805032	0.126031508905256
-0.116334383737584	0.0482753402279263
1.30740996939851	1.02559442658138
-0.121728556456398	0.0560727081298325
0.975104339001847	0.670299374485895
1.33867854061871	1.25276629920952
0.999476083025569	0.737025585066667
1.2970767032846	0.559951403349739
0.0111490649139317	0.00583737282512828
0.764175487873203	0.476511084429387
0.309609639892474	0.159001961070678
-0.727397722096335	0.39688048259236
-1.40470031505462	0.726680945875283
0.773562099135367	0.482302016551001
0.122653032818652	0.059087494248632
1.82425645107236	1.58502569178049
-1.40244127435961	0.704713572672951
0.770886268522739	0.478598913845504
0.305200980961705	0.126257240865533
-2.73238042698398	1.84978208475118
0.20542456500732	0.101664491603598
-0.642666311530265	0.32905276417957
-0.758410462250487	0.41410990197365
-0.394866498444746	0.196290106968795
-1.0067229840235	0.659128016191056
-0.0957170888534608	0.0402437822369467
-2.31767826096135	1.29163537487859
-0.404303070824158	0.202859355365532
0.324052639970739	0.166759413805201
-2.73533302957804	1.87367133970714
-0.0132865594733049	0.00422672168529147
-0.65747333716189	0.369864427749899
0.428835391319057	0.20182658271836
-1.13104792403962	0.646030890781659
-0.115510285200134	0.0583578767734359
0.113092328224441	0.0553450226309779
-0.110281032006724	0.0559991611272142
-0.670833438986113	0.46339505584907
-0.11005910367227	0.0507189695459109
-0.0712087149156611	0.0402336733376313
0.105369776050403	0.0628009558354384
-0.139102345299676	0.0652250949346405
0.409964028612385	0.270844480271845
0.441747788075988	0.276518338151632
0.226275502076435	0.0842100645021995
-0.398535447863259	0.150155981330772
0.502723673976594	0.196396822212005
0.81973564543556	0.426928012906049
1.77121117300622	1.68066695675437
1.30768597935296	1.04445884749903
0.930211211038707	0.761741477421422
2.30514871972302	1.19257714880432
-0.00388927132027838	0.000880121155230681
0.811226282868619	0.37833277810164
1.08675010401799	0.580294265173597
-0.333094270544631	0.141589500678895
1.14935489730769	0.555128655524875
-0.904346179536632	0.367877761166411
0.33221148878983	0.140351112575986
-1.68051366548027	1.0208309099149
-0.32107402758776	0.136018265198607
-0.151182098283794	0.0513601892232481
-0.399010024981551	0.151981518208975
1.25769992190971	0.79667819015131
-0.442676458334873	0.204875969906554
-0.675584505697562	0.249858758690717
0.586940637360754	0.284854153682979
0.604614524220808	0.294402880926656
0.133684569469235	0.0534851152175876
1.12905364391861	0.541334050758054
0.849045183509713	0.350352488126651
0.67465149163815	0.370686844730902
0.00684935147087932	0.0025468789069156
-0.0391395322654192	0.0106916023514308
0.934573766617389	0.342610988823692
-0.721891116133145	0.326650880950868
-3.87497834022209	1.88466424034208
-1.05510067821793	0.58121570275084
-0.812541713209379	0.243528463709759
-2.3133731792096	1.30119334223234
-0.593091879717758	0.248577092885289
-0.170081773553077	0.0652026637937061
0.859152002739183	0.353649040812554
-1.37232765305886	0.710724771762559
-0.218748880755688	0.0981952884383393
0.81283826235128	0.417208961697016
0.222993044836142	0.0829486883706243
1.26307984242855	0.833544727634354
0.499279025263592	0.313356610770261
1.26133310259683	0.814507921564173
1.07792099595276	0.747842552795264
1.87307116413792	1.49747829880685
1.45763929104239	1.34687122155726
-0.726852758305783	0.32964531837387
1.2640715560849	0.916306896658289
-0.454572796882624	0.209455395070353
1.26542720075829	0.896147229582299
-1.46543674443987	0.562622678841584
1.1147346221394	0.75253285452966
0.701667808866959	0.464226549846705
-0.167028940342401	0.0570448211251391
0.518595922417916	0.225392062326147
-0.737250228551095	0.398756500748856
-0.178889995329033	0.0671433478471209
-0.798689244210115	0.236974923937834
0.258446233303269	0.11485552523173
-0.396786693896996	0.203773017015783
-0.59648684890917	0.2481995490718
-0.65909586252547	0.341660299441011
-0.451021527321828	0.204611946448966
1.06954909730713	0.571008357093577
0.938338060407952	0.343201333933568
-0.159839117889096	0.0616324429600781
-0.429100424028313	0.216700276720561
-1.68224095000138	0.720852067164121
-0.551617139324451	0.230314039155902
0.466182218297822	0.158550678294967
-0.371736354424244	0.140756688202675
-0.388231026412499	0.123694882164994
0.116597487600549	0.0379615967056015
-3.99808452887576	2.05711630458218
0.380220335111381	0.0881615126503493
0.700575614437215	0.393402242230577
-0.195982856011559	0.0875821571151208
0.336217180927203	0.14255985530678
-0.652429892773783	0.239070022531628
0.0363624507056517	0.0162194494297909
-1.90732364418489	0.872618247265196
-0.192730464871788	0.07461748645828
-0.180304972561739	0.0698189292683996
0.814747401269427	0.636676323707339
0.61517545988279	0.31029524649855
0.605787356458297	0.398269656597244
-1.14699315719213	0.670753775093587
-0.387270467648706	0.146660272184147
1.82469735309304	1.22249384452064
0.538151018806449	0.289019918024023
1.3173992433676	0.574009779693994
-0.448556846384908	0.203365903473729
-0.102477300916159	0.0425674984705792
0.208688831944294	0.0777550566007291
1.76696908120928	1.80857256984868
-1.69317088132685	0.712534272252275
-2.59093191854908	1.62465063915864
0.000771198402321604	0.000654214743984307
-0.131015145420722	0.054985155959188
0.857435465730919	0.489317574542004
-0.899502318979738	0.36501785904161
0.807847839178371	0.417803599882563
-0.339204983378366	0.139735361345844
-0.322318233894247	0.137468654286342
-1.2562283536767	0.611144946973164
-0.89722448931395	0.36214174783192
0.59644711760111	0.297210404913361
-0.560588911197259	0.228406543037003
-0.0830864415916191	0.0347207576176735
-2.29871271836214	1.29002293065775
-2.31499769603528	1.31283523609598
-0.31414073601366	0.131709340181798
0.12332117109581	0.0499478122838538
-2.32523187648097	1.29464186570617
0.0125369001426902	0.00444732032130902
-1.50620646887738	0.827813439968202
2.56585130568685	1.47015701926702
-0.161976870008512	0.0622836689042301
2.34508207473947	2.36111237122614
0.266017584606121	0.122281018956574
0.5078310406456	0.200203284195045
-0.492675864093175	0.25815762260981
-0.402922796700105	0.205915738597603
1.02906394421812	0.632042191329294
1.16198224046824	0.977324778833202
0.090053599398326	0.0469083804811604
-0.138023617887223	0.0566955790599368
0.758862470604837	0.529796655951513
0.523065185676948	0.305151600375093
-0.813018340075034	0.550798542740813
-0.248982106063895	0.111140184293825
-0.731082478339373	0.398916335097293
0.810411601470838	0.412117506383149
0.274483178928762	0.125203731170267
-0.585010436332343	0.284260489700616
0.502809460160087	0.201853649871956
-2.42354862071559	1.42035521274489
1.14633839392253	0.560201575621088
-0.937923225596841	0.593552245392362
-0.866000636275049	0.426382775537553
-1.86917159207582	0.873771100049978
-0.891380781223987	0.526062517606627
1.03940562304184	0.611152923662624
-0.105745952984296	0.0440531154021209
-2.0386566933154	1.02497559844016
-0.346754251671397	0.158348089965356
-0.149140528810434	0.0514280417736979
0.0007731435003631	0.000603575868933353
-1.24949413836236	0.608849398396157
0.211926612459376	0.0785055008263225
-0.969914496197788	0.508021292707292
-2.06517928493688	1.03423490451552
-0.856774475222118	0.425247295438657
-0.679314190120471	0.250445451912004
-0.164172991475872	0.0559304163255816
-0.388058724986902	0.14998242240518
0.678033931168865	0.487186710214754
0.523318277480828	0.311854969339452
1.24745739942182	0.953955646033154
1.04477232951271	0.611401260174328
0.321724947365821	0.179598102227819
0.449871690016664	0.308244435534142
0.755856081468388	0.682812779950565
0.669368476241684	0.517780894321638
0.967867799402937	1.16842659493307
0.820863363655681	0.549982166392517
0.414859238109584	0.193521431483154
0.449392193210612	0.304976741674973
-0.803290625089201	0.456124969577527
-0.194845484380392	0.105464996540238
-0.900847932597594	0.542593276043957
0.645933707962627	0.39135117830303
0.0562136366357802	0.0249368588192527
-0.719893985209687	0.333129474530669
0.275545985160683	0.165827737019685
-0.719968145546912	0.331391104009879
-0.822454980535665	0.473540349247647
-0.0986753479036794	0.049746263934089
-0.0199282241554951	0.00586260087186724
-0.397611221647498	0.229086890642217
-0.57397415417255	0.368759336344962
0.361038251724267	0.221643481037353
-0.211772453773302	0.104221428226562
0.0378019906231281	0.0180059145860595
-0.631898473463299	0.376750658790524
0.554975549041371	0.292415111531135
0.511947789718158	0.296030159422297
0.611060544826993	0.303470166355944
-0.672556854776473	0.345988902891847
0.583761840164242	0.406284422997542
1.10985301615907	1.0852307386988
-1.30227582234301	0.831658764150148
0.792581318892517	0.366023463734231
-0.118285456696378	0.0588771410975547
0.340622394346458	0.235028470646839
-0.107571819512063	0.058775930740776
0.165145723517536	0.118954295499844
0.264664714981999	0.156252284634055
-0.0117795893287596	0.00493398791684151
1.39859433664953	0.768305447514536
1.19501162041266	1.26362286781929
1.12288224030926	0.863848645121775
-4.24413406959704	2.32580750403562
0.537903900406477	0.317233249746558
-0.830710995836029	0.647578196569278
0.625694078773194	0.371685879508996
0.536108098589954	0.349223563843776
0.681654115684547	0.624978967611718
0.00795230014671159	0.00294754401597717
-0.159371992235717	0.0851485889939964
0.714977434496666	0.474446774669659
-0.856874436216026	0.409634078461519
-0.0762290388619437	0.0395190803245782
-0.590267862493826	0.380518309628202
-1.10504481928972	0.927104753650753
-1.08060508683089	0.737977668591167
0.301385879376562	0.151958321809062
0.242046776619969	0.131737243513359
-0.860721385925718	0.423197191443924
0.0175189991169305	0.00897181909977927
-0.560249000163392	0.274654784404298
0.598469865473787	0.4224375598233
-1.51036434507993	0.837239048831248
0.047823353228219	0.021602378409605
-0.967285273079611	0.816787371970776
-1.13438121543904	0.81376168407504
-0.119760118529785	0.0555025801353332
-0.577828297372479	0.281956073274816
-0.404755993362159	0.20359906906821
-0.449270425067334	0.23029203667427
-0.794261676511035	0.456520806755978
0.0182021059952168	0.00625259934695852
-0.541473862190452	0.345029294240574
-0.646007750895129	0.442109806295118
-1.6579286621332	1.3206388897664
-0.711498240063108	0.422027631554776
-0.126843084434225	0.0649425411357345
-1.38341352731709	0.856321664988648
-0.10105327668571	0.0512359935421135
-0.167615223531008	0.0900112293990699
-0.142042039143617	0.0863169608876112
0.116393685732628	0.079843182722549
0.847500364090783	0.472483658471748
0.633304721754502	0.448407015580908
-0.974085794931122	0.510744775039291
-0.0319902935092108	0.0155188589198594
1.75749762095287	1.61147206490319
-0.136867698852218	0.0638902663318124
1.31268353307166	0.79205495917828
-0.208890778956442	0.111460813214755
-0.324728616809917	0.137244287620023
0.435377675487817	0.273931801247171
0.529827249988949	0.315216186275482
-0.121111094572983	0.0733134201067024
1.18811370672482	1.13239907332271
0.525403762048721	0.311339353070443
0.505480393991706	0.200523151356837
0.813395065963433	0.38320970561979
1.58633300171505	1.46699566329529
1.31260050421589	0.796201058919929
0.623276258713902	0.310036419813125
0.432968382353072	0.273576947956215
0.308960265133078	0.171092986878166
0.538857844558431	0.241104341669491
0.032629236080493	0.0154475917204185
-0.81344609723962	0.459560800335019
0.729023858789519	0.486340759549872
0.195945136818689	0.104735194233771
0.661479872308323	0.396660645398524
-0.294137867268494	0.13919071923213
-0.410385664570443	0.210040444022943
-0.939684115580706	0.585737087933578
1.27823351996152	0.929464858980535
-2.51082686824372	1.5558751422801
0.652452159376765	0.398427676536149
-0.226801803750502	0.102945963504924
-0.659048597968743	0.344621136549266
-1.47147190410687	1.03542046437727
-0.197870379080348	0.0749612172756849
1.6016376110524	1.52598470481957
0.398014432127245	0.206673477235424
0.52998779882076	0.36291356834478
-0.31002194161338	0.183658655889131
1.98666439892627	1.91445011437356
0.84916995159376	0.352466211956781
0.757289366016625	0.461350260876752
1.47156814619815	1.37417236112763
-0.632707480026048	0.398409254871326
0.113900826786356	0.0555997412088016
0.552329836998875	0.301284092848096
0.428652862755057	0.20375314593801
-0.116464864946197	0.0488555658081668
0.544469937801909	0.321401705658942
0.426758245888303	0.225914768522404
0.307492561027749	0.15577915114385
0.507691270278151	0.349490735165798
0.416974776699501	0.23945683031098
-0.42689908209673	0.208044448307703
0.709013632366426	0.396293932412844
-0.491984961234358	0.261345844686787
-0.812550363667729	0.47146098348827
-1.30260192869745	0.815355065396404
0.956631994277046	0.795061425243958
0.441077021837339	0.211390663588524
-0.0472625106556397	0.0226966443951484
-0.0517169004335846	0.0223197761386459
0.152134593624781	0.0681210203049104
-2.19559859817816	1.18080825020254
-0.870050635013299	0.423126609012391
-0.118259250103862	0.0500646115874646
0.894678972082637	0.560229683758793
-0.139039504588197	0.0642656215911409
-0.884263738326351	0.356855657596039
-0.188658953029242	0.0727287920352001
-0.395866823177955	0.200586535965517
-1.39708747905738	0.726028763024782
-1.09518830030739	0.892873929546667
0.131379888414492	0.0640896719714114
-0.342428347485824	0.161890447119859
-0.123979958693713	0.0576651442017366
0.232286267085006	0.0873338474644755
0.567484826991833	0.46715228547155
0.609811605781526	0.301395120034539
1.36056775991232	1.4766225625289
0.529490424448304	0.37021811537636
1.44158574935807	1.24959466889378
0.973430158678548	0.825680568712106
0.931457103371732	0.760954355173673
1.13740358749442	0.878607294928497
-0.479692706343675	0.256865420431942
-0.552542902349623	0.27133420158999
0.235654380954039	0.118864888106385
1.13797413842582	0.89225216110317
0.224235152094727	0.083838704140562
1.16993305745474	0.995137085249505
0.527558648118905	0.23107578391255
-1.59056023665634	0.919649961239277
-0.904380941052012	0.374595930483523
-1.70029424239925	1.03648915074071
0.767551888286947	0.469176950030246
-0.854382026381919	0.419360444313754
1.43645632737847	1.13102624440131
-0.743258738124059	0.409344487840242
-0.125380899024161	0.058481956228459
0.0959516738637153	0.0414261252827716
1.14771878294096	0.899777075826201
-0.221365516718956	0.100315092294037
0.813815816429334	0.376797122015105
-0.381192533949242	0.123695282248744
-0.577126010092832	0.244784219870833
-0.56900868611266	0.278591831498164
1.03085543190673	0.78303955713038
-0.219333968188948	0.0983861546001433
-0.723270055311918	0.33113155746343
-1.51033644178027	0.813508707813461
-0.182744508807231	0.0610692273125626
-0.867100934238604	0.511003759777652
1.17704254948222	1.00501101981448
1.28013211530823	1.0711894047103
0.710372001551771	0.612314806367374
0.735337470574556	0.657191179621565
0.910072719834008	0.678674474064974
-0.0478003918052372	0.023035182470673
0.441718514429049	0.210403394671725
0.6050695244096	0.381678689621499
-0.0386477042098675	0.0166735935456884
0.911076659033277	0.80663722235013
-0.689913942892123	0.480340890988993
-1.80986443670984	1.55783110691139
-1.25194098085714	0.95197313866003
0.305619760886434	0.168556888590389
-0.0395894284120832	0.0209502528220978
-0.657428499328513	0.339050043414359
-0.340644971784046	0.186573781721313
0.616857874584486	0.36194989048518
-0.132405976888486	0.0554460173222846
1.30059975802582	0.849879209996086
-2.89690711286984	2.16109880924968
-0.479007633254403	0.283809630533501
0.427138714110095	0.265759746492498
0.00753238735160349	0.00318133191373733
0.284211007427997	0.130965518417095
0.157764199369947	0.0648387110284377
0.859414254083735	0.496691839446973
0.692168462775348	0.380515085845222
-0.198214009375987	0.0979891365144254
-1.65703715018378	1.28647711517581
0.308638517527458	0.144668178978922
-0.448132096848821	0.204885924109714
0.315420242245834	0.134340066721276
0.182183193912791	0.081981710009724
2.07507100828347	1.83295250252167
0.0799415513701072	0.0346078765338358
-0.553283858029713	0.233948051427953
0.00315274093734155	0.0020281656398518
0.559757341277609	0.468073886262824
-0.0403712640289541	0.0191613142494722
0.518242436054132	0.334003031363998
1.43712120954867	1.23367256506262
0.701163874594659	0.69141432479799
-0.263454320567247	0.14993385691213
1.24449763762593	1.39863562200216
0.268551154678483	0.179274444492028
0.613941776475295	0.305786881737075
-0.96941896904816	0.595425485060592
-0.661289665252852	0.345059672026759
0.0917320922140889	0.0506314470938851
-0.187734866340983	0.0905116368405996
-1.6007215345099	1.23254343337161
0.70597074525817	0.50619379475427
1.44350388151687	1.03039753141394
0.755439409640188	0.461886430058123
-1.0350315668296	0.819823682836736
-0.203476927525218	0.0994946199513732
-2.17832717224197	1.14662899002024
0.5580510645818	0.304272435698296
-0.034577059725913	0.0150711318025927
0.0255854462177649	0.00856972525594584
0.156161020644851	0.0846864893971719
0.120282679182919	0.0578374717313749
0.616095040401968	0.368934924882442
-0.153878711067814	0.060547944599482
-0.608930320174465	0.349740527907894
1.20915645849782	1.10971886297833
0.215964640584032	0.108964184195373
-0.109775253393585	0.0457752531386236
-0.441457426706704	0.200048136615483
-0.546869015084846	0.262585862512189
0.318354492643383	0.14512527643867
0.0176588440609663	0.00591781131281057
0.418546359296082	0.220008842357551
0.305508866854973	0.168966286508228
0.327823891139859	0.165899435901057
-0.675584505697562	0.249858758690717
0.285745344030528	0.170124845856585
1.2142748829131	1.23253556037275
0.725494052244252	0.489445178463648
0.218015422719056	0.107790609334379
0.524412857999446	0.338961599983165
0.839975038791737	0.670433254203792
0.978782134286	0.685725228960072
0.502753298229144	0.197929495400242
-0.404622261818412	0.202961487809774
0.391659555660475	0.180123625974467
-0.253740006641048	0.154499130587656
0.429266432657812	0.267159338149498
0.416082844854822	0.219173659271105
1.30670119292393	1.10985941946572
0.117857086496147	0.0612762770737182
-0.113370161937091	0.0471211939426088
-1.58845340719935	1.20560999840848
-0.173207337200287	0.0925482815509036
-0.118490350761126	0.060920699902487
0.964782016381854	0.669586058923267
1.43110417269342	1.11543214443944
-0.409746888286893	0.207682806380706
-0.873162691949212	0.419977174174078
-1.13552803085066	0.655442976316296
-0.375681684355437	0.232900594101327
0.605843209110871	0.301464969800852
-0.301330895684626	0.126385406124068
-0.344824130767253	0.208678441436557
-0.208283076179733	0.092029482853075
0.424664118786707	0.226357568513187
0.623206849274857	0.414620023478967
-0.106256520465747	0.0453728182445881
-0.135341932528527	0.0630623656837811
0.136701662145209	0.0776975679883421
0.0717200126071511	0.0311737474102839
-0.55037246969288	0.419465646557255
0.821950458487377	0.418150093022651
-0.581752707026248	0.280684448112506
-0.0209807510291236	0.0103637584985231
0.138208903494902	0.0666111021695022
0.410330858463417	0.248398438264404
-0.323407067210939	0.134650574295168
0.14801774597875	0.0666857365866971
0.343457024212849	0.239817760481315
0.116358617347773	0.056159090046569
0.824253683101093	0.552951982995757
0.687327138909634	0.378686548663099
0.347209259845502	0.215339119941275
-0.539130899262926	0.299645747325924
1.26914200910531	1.61388623748088
0.846298527913083	0.576401565207012
-0.302527309811953	0.178770416289262
0.290164436690263	0.14676350425197
0.535608361955172	0.306316349712859
2.35969693743094	2.76809155158398
0.161694201850623	0.0667348206444807
0.82144083774005	0.63661364183807
0.416820043199278	0.235763266221726
-0.196804196393576	0.105486854200669
-1.20893802013065	0.737987310998016
-0.0199288434226555	0.00908157672273607
0.73195739610255	0.437721773705125
-1.13304024160171	0.817907104725192
0.624489976309308	0.449174755503038
0.775065828812393	0.475587448648921
0.811953226918121	0.696230012630239
-0.913774120794602	0.373371055006084
1.72364350506656	1.88271967765642
-0.275254633657222	0.144032200881066
0.411865806995038	0.253546879718107
0.538934932375331	0.342156745146574
0.757909198520308	0.466145338570497
-0.564629203228544	0.314661312779931
0.785590967242701	0.748274389998152
-0.16232220907627	0.0859731191661844
-0.0398643213174813	0.0206155551554789
-0.615573614368078	0.416871387215136
-1.14184866612857	0.669046950353795
0.0791866105200829	0.0348055943654669
-1.69471950986249	1.3736329281863
0.895026594480438	0.677271961640332
-0.173724453962074	0.101914975848614
0.198591377326545	0.0982379074724826
0.251263580124282	0.137773077827338
0.844334405270351	0.481054572554701
0.239414789213733	0.129119747186087
0.227871007293731	0.122501457058285
1.43540945795084	1.43951712349545
-0.881208997289911	0.508957130112888
0.537214520014295	0.286420480838355
0.844309413266271	0.475202954093327
-0.589612783136235	0.246869885043413
-0.670303442803709	0.348840816600527
2.36026323163682	2.46670667640343
-0.447771309561448	0.258865995223649
0.701819159943312	0.457438939164441
0.78769385256982	0.576832165083999
1.41091697533367	1.74546086994624
-0.434213050620278	0.242907708556568
0.0565792921118937	0.0251971906503381
0.98653457707939	0.861716081865234
-0.544227224832444	0.303940840230385
0.122401770913307	0.0595448128891118
-0.402807170032143	0.205867320697568
-1.15426304994393	0.647559512801379
-0.122557250032914	0.05094692913867
-0.735849703084487	0.406294571778361
-0.441436878338958	0.203397789230041
0.77411153060718	0.619000696286195
-0.154209595621007	0.0600822990259585
0.521334812649572	0.330491298967156
0.536311165169348	0.320490000047483
0.0375199556728964	0.017613650348094
0.423957175285444	0.244763532412082
0.706650892558407	0.511757226250422
0.351597252000414	0.199687922158437
-0.377067368548517	0.231872651418105
0.0777181524786701	0.0407558330794173
1.18540848520467	1.00949017108964
0.615408558245232	0.304211894682731
0.798986651449456	0.594336710785943
0.887145793780427	0.657518899000844
-0.309118543179449	0.149256964083821
0.223944929337841	0.113246099010056
1.03841599508818	0.595045487915297
0.765957468711696	0.630583068574628
0.224198113212247	0.14111332183617
0.402245680124973	0.377951714066332
0.829725264762795	0.712854712375698
0.504727380645152	0.321559122805805
0.78392615163097	0.664612230138274
0.430159569938342	0.329219886202344
0.934476553788798	0.883728196565169
0.753986895575817	0.461153991417739
0.842873850961043	0.657929832003019
1.34736354818507	1.52144003526642
0.211780709262362	0.122735687349802
0.850520231447575	0.572338469984937
-0.203033267070999	0.117066511969539
1.32417790044975	1.39470623366343
-0.100300138397634	0.046676028068512
0.740759329386614	0.576594246726306
0.150659389537055	0.0916196502434292
0.510597899503754	0.378367390705169
-0.43183120570711	0.252672861367347
-0.118943027272435	0.0497298362330325
1.09499600696474	0.999480954580212
1.16346093788292	0.986164020676025
0.249909156243735	0.144289724659743
0.49285062117532	0.386237808594785
0.858457908267714	0.698798209639912
-1.00158166540223	0.745404157968421
-0.217223515421786	0.096694605731422
-0.606871139837224	0.398388531626885
0.688259291847843	0.587489935736175
0.406430052245871	0.289876146052949
0.408565583998663	0.307941751360562
1.30247375223838	1.18610698061439
0.630865854872853	0.507482401956336
0.732580145037954	0.773422657296288
0.532794372344366	0.42081205463869
-1.34114362858102	1.11873487058438
1.31865006637283	1.64930791861884
0.790248654410253	0.654773478215408
0.731799254245364	0.732618674967739
-0.721953934874615	0.686839020560849
0.377060070234317	0.336821040623666
0.51692292251403	0.277178904027656
0.587317879265159	0.448843118328261
0.756858539994994	0.509022265319147
0.5297262266474	0.336227008983734
1.05314844828135	0.664035000295525
0.39822643407093	0.243292426114504
0.525755226744782	0.404613288038021
0.158341330440554	0.0648183498694117
0.579941633050698	0.36360145307186
0.689603445738313	0.488336572071468
0.0594413920333025	0.0259429933063349
0.99284396504972	0.747506435305804
0.215662728717801	0.079068135446253
1.028433626334	0.77726061262826
0.785370683506885	0.389407281956199
1.61213646455477	0.819107620729212
0.0209331355811126	0.00710629120182926
1.20602949223987	1.52546919689361
-1.01915542327941	0.676483105430723
-0.284273712265402	0.150563125568611
0.893598412292792	0.560099695845834
0.716265052943456	0.478377900324925
0.548320634840731	0.239972365893089
0.0446763493563976	0.0195888601430789
0.566830348258897	0.425185151197094
1.04672821014091	0.662598232762352
0.323367197012122	0.162319086284674
0.431744437350694	0.244705846218198
1.07633051172707	0.693729131904355
0.283119214616221	0.12930355876196
1.78566007280966	1.7244978716588
0.519802297480441	0.304899586464679
-0.206458173377454	0.109651672380714
-0.866132324721111	0.424798796433909
0.0380407303151417	0.0179295880843381
0.635933981219478	0.383290389484296
-0.550778060007979	0.267246381404256
-0.0821470802318106	0.0448070739643032
0.660799212850505	0.507351652133811
-0.549323820626482	0.263379380897473
1.72606243710715	1.73017400734144
1.05220153301128	0.546263429691248
-0.0280738631395376	0.0124434085362027
-1.38125377641388	0.713279438790956
-0.332154540975312	0.141395903093982
1.27213000987186	1.0034823724182
-1.28933219330948	1.03281788030359
1.56945534520194	1.69515248524162
1.05663343228511	0.878994351852734
0.122362766385128	0.0705582991476794
0.0578710957684263	0.025882514278143
0.0359869252723503	0.0172698915539693
-0.550697951672222	0.260728701526988
-0.368511701900112	0.201953721219541
0.290451807999619	0.135188359274946
0.162823691698408	0.0875069857259155
1.44217025971753	1.54856114853317
0.803177870794598	0.366027934578785
-0.725355898632651	0.331056427000256
-0.308123791606346	0.130738583258022
-1.01648559327098	0.665266313953786
0.551969595629626	0.299479388937271
-0.563028664381547	0.23772191304361
0.057438180873616	0.0251128886789758
-0.191460191912688	0.0939919786810193
-0.287729588136757	0.149555485383401
-1.34267579434852	0.847177335106638
0.0838895981102505	0.0429850233585952
0.154035731346092	0.0689031908486363
0.273705475059443	0.12555571288138
0.431123155727889	0.20610301577576
0.760040059468369	0.591347970965941
1.43499970731276	1.33016506642832
1.61483740957908	1.54147496579533
0.53076065365491	0.315045237769009
-1.34411930766327	0.868092753252789
0.593656778167168	0.453528401503609
-1.14548239689234	0.82118247263644
0.410285911428962	0.231573964774511
0.871564040260753	0.524513197067046
-0.113178605171505	0.0558597183360708
0.437701267241498	0.286479661581592
0.338052820954883	0.187315856789616
0.145905874149131	0.0592453885803212
0.29493481260132	0.139061477117808
-0.221332278767763	0.0997377243975802
-1.2607420897413	0.617673378988745
-1.60820324030295	0.944199569342416
-0.62312719977632	0.363374630407647
-0.133814507767296	0.0623444512569119
-0.224813208550532	0.102528246614047
-1.08151513330731	0.488382637106508
-1.1573754067902	0.661776489189643
-0.123039495306593	0.0517007864776391
-1.24968402593983	0.609251340409214
-0.304559336036451	0.159317885560736
1.08166427873709	0.585786878842934
-0.0943966937758379	0.0400635619873421
-0.367028486693351	0.137241150982323
-0.125159025477398	0.0525335327735494
0.68472341965937	0.382922369081604
-0.890826202068811	0.365827421271673
-0.959642422244473	0.491074303891037
0.810778101751084	0.378213198672045
0.209873758593497	0.0761347768799087
0.436178917726969	0.272235663712797
-0.389004618234636	0.123309530610415
0.0833033095849908	0.0437910501192442
-0.452972191907786	0.208207197908292
-0.31638380300928	0.147251613463573
0.522971330183915	0.360292418421349
-0.130204396330024	0.0543571919859132
1.31408443078823	0.579073162500088
-1.25282729683923	0.613927924724747
-0.949881679258446	0.591384860636724
1.87493338334949	1.07273022211675
0.00583338027148904	0.00220003651430711
-0.323256401359262	0.136766460271107
-0.835297492288778	0.471778359881909
-0.564183123104544	0.27712625746162
0.674908845852326	0.481343665083624
1.06050911814352	0.62167448922724
-0.654959000540513	0.339919621673023
-0.79827477218356	0.458744139950678
-0.0605786615997393	0.0314414105435599
1.26702752768404	0.912953752086801
-2.20080551210692	1.17917212241711
0.508713791147008	0.297642866042373
1.30232735139341	0.782903132377811
0.515109194350106	0.302932586845646
2.17673713317991	2.61653797511888
0.36145504245186	0.2222832042135
-0.165243986106325	0.0549087882135484
-0.666933299770615	0.344923727117426
0.679494619974119	0.534099817324224
0.45226607533823	0.220577272194046
1.28511603848973	0.935931913522845
-0.434429424621085	0.193485344548605
0.832502759675405	0.457203233692131
-1.23588896507771	0.752083564310715
0.431270930984641	0.281959875540898
0.680920233666219	0.381224350580501
-0.495133936412755	0.263347536018141
-0.180775538588686	0.0702126936143349
-0.650587679662942	0.335669449549734
-1.04787410506149	0.570790505076371
0.312797037680743	0.13203705552479
0.605746643276036	0.29434508875047
-0.174847793726711	0.0677832239277259
-0.378494394375667	0.14505957012986
0.528039143386574	0.284053663276451
-1.09003659373185	0.488213655727875
3.16825185157512	2.37345992752745
-0.16638893785089	0.0571656889168969
0.0199420767538323	0.0067975452262409
-1.07586413286565	0.475786074609612
0.326290587577332	0.140096035568741
1.48609034704793	1.10266080059432
1.43999439073734	1.11126047946052
0.0604756503140576	0.0265787415538462
0.181174411830967	0.0793958712742127
-0.428906731388219	0.195353626523621
0.246467071405468	0.136009159237524
-0.379767860439867	0.189235611873689
-0.0599940271100602	0.0284381856891993
-0.0025544537618523	0.00121351463802911
0.838217779786931	0.776993918130915
0.6662719865338	0.365208709831451
-0.626789094010551	0.372599359004697
-1.68717611509212	1.02861084086481
0.671873958238144	0.476952681328239
-0.0300919445955162	0.0144642071597669
0.259602557336318	0.144714712723836
-0.646685836641421	0.367281240037596
-0.6189312691157	0.365923235712732
1.03446026671951	0.844192035618423
0.643185317894701	0.479481052264907
-0.208140510901466	0.102344128985807
0.172453753470472	0.0775161249747561
0.271761947879598	0.15975705823745
-0.435508382200053	0.281632393363899
-0.228344931135261	0.103450004481288
0.811808711393314	0.415750744454051
0.158639822125019	0.0900716485458742
0.21344613037173	0.106812657608643
0.771700174055643	0.652172902671564
0.939338902023482	0.887536809922158
-0.336127580347874	0.216392594774671
1.26500729408662	0.91362058183115
0.690420883086356	0.451492415888975
0.87199173724688	0.853284502805338
-0.262544513165842	0.146474374815915
0.179933692453481	0.0971698041674299
0.210096231730847	0.104119056938083
0.304386895129817	0.18471839278203
0.296602120357851	0.13755315195105
0.152521523456581	0.0677352253069999
0.959521103128326	0.667515092865415
-0.185066930033035	0.0906927839729138
-0.112827385068054	0.0520576386499632
-1.29029840034327	0.822697929398855
-0.183191776701513	0.0899832214686089
-0.862773866712992	0.422243424152844
0.618540344659816	0.437290833895158
1.3060852618247	1.01637980012509
1.63335320468554	1.41759209124969
0.654963463261271	0.500096591974356
1.44681958617204	1.36048222115997
-1.09674695956178	0.487420479793516
-1.27247291183201	0.806935452890269
-0.401608265208188	0.153299147484241
-0.00319558208940196	0.00206962379109552
0.798904767820099	0.570827666384792
0.161937653801178	0.0732102718628455
0.886556066244342	0.504256937303126
1.07089924385571	0.629977132194698
0.299623241562331	0.136814669146933
0.10245810955967	0.0495368363757837
1.05906044215055	1.15273938969872
0.0655372758387137	0.0388109891192265
0.196640843851663	0.11549969442535
0.112227856368053	0.0591445195574726
1.16254974652898	0.983346268884764
0.662104433804684	0.360683534321583
-0.0696293128859228	0.0327961600228966
-0.569209776145031	0.238980206135916
0.621839470239511	0.369799878102171
-0.7301257598199	0.39837941223627
1.05143986028895	0.876700672802645
1.12956298522723	1.08403956101629
-0.476000265943339	0.215043548374381
0.603070992629621	0.52430765242114
-0.658047653564808	0.341921218218211
0.968152180250421	0.774872525820176
0.572863225480131	0.420304558272679
0.137268489137747	0.0559827317444037
-1.89434607696955	1.30194819697703
0.107341188283483	0.0566911181594984
0.335130004008236	0.143397819773307
0.00175667253874865	0.00102325044560535
0.842871339019406	0.578210499103454
0.520910163409903	0.307448555722176
0.237987933401302	0.131047862913555
0.416572566002985	0.259065508395753
1.36029951577093	1.53756591109287
-0.650688418361185	0.329635356372069
0.340743036635686	0.191833974138391
1.07969127637214	0.886681977919348
0.170288161678802	0.0921241054477962
0.616559227592415	0.408630096216014
0.495963451758244	0.276160596331538
-0.206454762292902	0.0935755185853895
0.845684518801544	0.579278677540308
-0.475706328000238	0.250627376512386
-0.0507951406952405	0.0262690336088996
-0.436351373107942	0.200357868368959
0.292900983198274	0.134107933114991
0.730260120145856	0.493762490899976
0.0577422840991835	0.0268863077663301
0.434609019281294	0.276395243110297
-0.822842051724708	0.473763391242453
-0.0263042500776534	0.0114581003494019
-0.330466114632231	0.136157096828509
1.28787298607469	0.853427437139921
0.50526703707357	0.315638087260494
0.0340740709029402	0.0112512858624175
-0.654878628478016	0.336949884227644
1.33064063578583	0.790913128227001
0.430660460979176	0.229638423092346
2.21506768105578	1.85162163023594
1.46018843011733	1.06573924950318
-1.42112419366414	0.991615864073391
0.00607639673076743	0.00272805260084719
1.41183066711726	1.66393190147799
0.212404198562334	0.10693899322941
0.393325886147119	0.230507002238403
0.731428318567257	0.484990203604739
0.516066002318185	0.304167368410977
0.716800009525155	0.479980951076421
-1.30574907327339	0.838720681113039
-0.417099232022409	0.243728400147896
1.44180125546327	1.17406942270695
0.0322929479335898	0.0154093142334097
0.543731430219302	0.286771854867835
-1.7867977139401	1.12963016012222
0.995056394701837	0.751918897154232
0.00588215860957074	0.00358845377731311
0.123985361048959	0.0594486082080931
-0.0356066400450255	0.015676131504425
-0.0343663212820663	0.0165785345465455
0.425953452603209	0.265667906852409
0.903443144140236	0.568865842826578
0.0141003420717135	0.00576259140091086
-0.389288939931985	0.243375677527859
0.435966599496899	0.250858152146062
0.298535385859308	0.152728071106448
-0.0316850910331947	0.0140291136978168
0.439195275175833	0.277525978592804
-0.418866970759615	0.244176541619249
1.17637616334833	1.05479783968411
0.698992586816099	0.494099247369301
-0.398068827498299	0.195048698048867
0.755797788005058	0.598935066619974
-0.869099662230576	0.602778214520197
1.46388867465801	1.47267617734023
0.99604931907765	0.752433166023591
-0.647623762445179	0.33719720798229
0.541779365599757	0.291915580725078
0.549141404498196	0.293691034901017
-0.109395534917369	0.0461354454298961
0.0147427287016419	0.00786011077925235
-0.390682684028267	0.193746061193448
-0.540412859263048	0.306732870774002
0.554639492162657	0.30133066606841
-0.561669741966833	0.275507096189552
0.0283479703151818	0.0138919152682826
0.851620460969739	0.484402862857689
-1.67089484206922	0.989216456155671
-0.634325006869036	0.375968403690893
0.439047394462696	0.23161221411544
1.3346435276967	1.27151029323159
-1.07927717658376	0.484944349071606
0.857860209766534	0.588905022295443
-0.370502627145626	0.228025077992197
0.0946683573504365	0.0484033039599204
-0.399723460858852	0.22401541077092
0.121546388112732	0.0599519794094242
1.47997396494737	1.09865143314275
0.611373660141526	0.305836388220904
0.042502959975958	0.021583887407678
0.810611670351074	0.417468441308891
0.676419006874667	0.376689915968593
-1.16670615080275	0.399031911652578
1.11480238108264	0.786809799197572
-0.0496005901111033	0.0129883775771719
0.494244833826025	0.19441771575239
-0.0224803639255798	0.00667019887072759
0.72732863316508	0.526837161696488
-0.130334095316405	0.0535545434167719
-0.412125370589132	0.207224234473327
0.568043987361425	0.244661584019211
-1.08294213362183	0.598753350417401
-0.373259090301967	0.202928681378844
0.101034674247702	0.048753179624901
0.605252017735186	0.305605937187167
0.32229246353916	0.135602299745869
-0.571329936360938	0.241097338000804
-0.228308059130047	0.103703990933297
-0.344860741064332	0.144887379522255
1.2979139782507	1.03689535359485
0.712585840177409	0.505152308285584
0.645226182066888	0.391543964010719
-0.58065491638533	0.316663826201527
0.513059645479443	0.222355119536948
0.613446020443776	0.441596611688058
0.827605010735809	0.340318875665337
0.859414254083735	0.496691839446973
0.698723794343311	0.384737720539864
-0.167058464773382	0.0570153319669608
1.06883205490906	0.686071239328573
-0.328303867002893	0.154442764275927
0.012499004719718	0.00473784366152036
-2.42556853916747	1.42118306860224
-0.457106286507829	0.209857195353671
-0.563453472827233	0.240643616559521
-0.736269732693117	0.339964548737365
0.335499276974641	0.17294207303568
-0.0309871921513338	0.00863243823306649
-0.229983192920057	0.107950010161941
-0.317502091802881	0.135200410246552
-1.25540589298789	0.600744609348594
-0.155021638784169	0.0528011950072152
0.969403679142416	0.680679764819829
-1.49366163910107	0.823284905604972
-0.151291029303032	0.0519288063642286
0.53260985232789	0.230539122569213
0.160797624272161	0.0660553935799648
-0.395458217439419	0.152117346057665
-1.49980111078964	0.821703655429213
-1.37767032530455	0.716513398794679
-0.0073418016471115	0.00251688487855932
2.03003890025443	1.49791513216801
0.47020057266011	0.162848463750761
0.116784875405192	0.056211546589292
1.18010815875162	1.05265640171627
0.317642994921703	0.133253537136482
0.616407935359654	0.307175035245797
0.22325584963682	0.0829388035315317
0.280115167883362	0.129937316140224
0.368137598651428	0.22641754220772
0.356585152831013	0.217302862247202
0.505540574969572	0.217925944316182
-0.895768851257417	0.366218056493914
-0.561005877394602	0.274860250025531
1.65433493911478	0.628354033763453
1.04929665351816	0.54833092358017
-0.92564338247151	0.374437818912818
-0.17973287819559	0.0697681265494644
3.14131331460901	2.35504513111207
0.317849288354546	0.135757722637278
1.31652313044482	0.799192849296128
-0.942391219742463	0.490105248233741
0.18019660045543	0.0819311646543487
1.27976035882381	0.856768712019633
-0.730893728348956	0.333796918572425
1.2961835308118	1.02635663638104
-0.617693018628528	0.360446737615682
0.598900498115652	0.349533686383305
0.826472412306312	0.424712731491565
1.2669603048752	0.911879887947924
1.69845550952469	1.24600979553635
1.05125449278502	0.618578508064263
0.231793825169929	0.0855506680277502
1.09001499446907	0.748422350259714
0.778245003539812	0.566760941012611
0.950126414375951	0.657394229502527
0.0108238269973939	0.00451593263062533
-1.68361262079641	1.02815330942538
-0.431214723606471	0.196285482620153
0.114370593462227	0.0551551677587151
0.465115098970867	0.159040228236869
0.288342045782423	0.146434296650991
-0.231841500870867	0.104484077285762
-0.410386867409366	0.207095131060016
-0.898377467733376	0.369030623756485
-0.3655656478402	0.137923353621846
-1.25169746221146	0.605112564720377
-1.40012871712365	0.713934065968076
-1.1713947676439	0.647101419960361
-1.29340848542549	0.802531183389707
-0.557440771462827	0.270450245975463
0.84916995159376	0.352466211956781
1.14011093502361	0.550186068080187
-0.939008727118308	0.374104470368204
0.550627584174767	0.248634953665885
0.164401019285309	0.0658023937900961
0.130725908744463	0.0641216882360382
-0.732466852394905	0.326324453735926
-0.187237336563582	0.0927116915238349
-0.915852434796227	0.367356474348087
0.346798811541068	0.146671975503299
-0.387982393235801	0.147452042453269
-0.260405939767275	0.144842092657393
-0.123697977082132	0.0514533222239721
0.302576477381145	0.141110511365841
-0.667223689061263	0.248039590784861
1.11850596284132	0.79955428183334
0.440990519597492	0.210902172868346
0.301521801578701	0.152478906568153
0.104145054390063	0.0504834724643952
0.886721909345228	0.953026998893547
0.832874212860578	0.573429476117617
1.0756243003917	0.575718964797232
0.627466121587793	0.412064402610264
0.00308766937966076	0.00134133263820991
0.807815758390114	0.316883042505861
2.08094250353985	1.29191888995703
-0.0152181895573117	0.00449291315713203
-0.169233005895473	0.0574550845783615
-0.380583788253915	0.143547394768757
1.60661628768955	0.804050759995702
-1.68726682211297	0.732414310581257
0.00121540365883392	0.000719494491875702
-0.0343552083253348	0.016674279960928
0.766930453225389	0.480237410684004
3.09469122730926	3.05142632995003
0.0129498466031535	0.00697465284128529
2.54531485530651	1.45918702463599
0.952909797466493	0.744765852160849
0.944259135607646	0.642391339460185
0.525695515097702	0.30768010600746
0.96819441317245	0.666502279488995
-0.728409465382252	0.334845575113065
0.156318127776817	0.0641247312625851
0.539779887666723	0.292457505363635
1.09665498550473	0.707297976196942
1.69085744757665	2.14081873594674
0.522939277706377	0.334954154468656
1.14095290171523	1.40351416574529
0.215361392947295	0.0796162594821094
0.737390731922038	0.448495161498248
0.317156685910974	0.159550781502935
0.523372993486388	0.229308341331068
1.12938507868759	0.543941357335651
2.08035724736878	1.8591582014402
-0.220222449969914	0.0963130931716857
-0.913611904116903	0.376392606704597
-0.579931343203818	0.246693537894995
0.51194275871808	0.201366614985817
2.11194913810836	2.17223729168466
0.157383538366742	0.0645379272397045
-1.44546679835197	0.564634670764445
0.471516602435007	0.177419778308801
-0.728602540774134	0.39088381582275
-0.872607081311977	0.344834978505876
0.83674057958604	0.346515866013808
0.152088618580367	0.0619415713304587
-0.17124451827972	0.0580386862384365
0.673055216733707	0.371569232122914
1.08153574480292	0.693283701416188
-0.332949279451183	0.141348888100454
0.117777970344714	0.0379826783988813
0.442155818180683	0.128560798875464
-0.724579509312597	0.328114764162061
0.528592356345436	0.229430144123646
0.449934539553669	0.218033132225329
0.129439719428444	0.0523840681345349
0.82385492188175	0.381086978020936
0.420588427956324	0.223526674997041
0.428775861587953	0.202421656618804
-1.44163221685713	0.558016897010047
0.819221407790526	0.418619347786086
0.137961029615112	0.0551670351174056
0.333816586865803	0.141865431883814
0.752837123919235	0.448451797862314
0.125666186600699	0.0404995289769152
0.631312120670015	0.315838408087898
0.104948743153969	0.0341237770354342
-0.674723042453171	0.245088269077787
-1.46513488547402	0.560734456526937
-0.388281253181153	0.14845467951495
2.53997442975839	1.4416750038906
-0.189851973781712	0.0626708023121353
0.930596220827228	0.569385568042979
3.07598371730536	1.29177815049463
0.211998705193374	0.0793829868110272
-2.30380088914991	1.28301021025552
-0.556794659827987	0.270781892314603
1.08594879764686	0.576265430750901
2.0717601077451	1.301669904312
1.4219677702748	0.774733005378279
0.640368841888911	0.314964169495467
1.40819417354722	0.768924004333161
-1.87499118248909	0.874215330847115
-0.67107560529106	0.348540425270602
0.487189246358818	0.18832271829946
1.63356845192836	0.990420015576129
0.802494465385679	0.527728185627961
-0.183738435865132	0.0704156521422523
1.65173113527047	1.33338944357562
0.220080164798517	0.0829751949863709
-0.667653716278859	0.244760380809172
1.07377385240431	0.570518670856769
0.556815080285706	0.244761602731147
-0.149204388070816	0.0508133951267004
-1.18145958339327	0.396881729710616
-1.25102783111247	0.612199060696856
-3.47592836562483	1.51632163436114
0.504300077644324	0.195017560801715
-0.111838912556803	0.0460186072658775
-0.401726199337981	0.153221780782368
-0.396873326491008	0.127977727288114
0.347030454890939	0.14924087554318
-0.726405135659017	0.330779502833968
1.27862389853285	0.811546523533951
-0.590162482003109	0.23931633327931
0.234908965119835	0.0867810536091607
0.123289915749754	0.039685375936267
0.342090899702058	0.145232810522236
-1.26124437176047	0.615145494290313
0.240933929592135	0.0892439315072993
0.13183352983593	0.0417373873245678
0.503424002563349	0.196428908766918
-0.163689691068109	0.0560635972426779
-0.207350120942085	0.0936203737045574
0.844945286729405	0.347912891395771
1.15657689726341	0.560858976339212
0.843440735372036	0.481293632163298
0.342982851727304	0.194892092876942
0.679656335473904	0.375387653969053
-1.68452135287741	1.02227182810173
0.807847839178371	0.417803599882563
1.28414671055209	0.833546209077046
-1.28596755787558	0.795650906243238
-0.717939877705852	0.32790268249086
-0.933032750626614	0.374215560117261
0.812273515896975	0.379800698998558
1.8593744094534	1.2757109632782
1.84924488394809	1.04800636220322
0.903802906789771	0.572602870503482
0.308090728879297	0.145075427323208
-1.89478656841874	0.888785516358958
-0.811889068892624	0.467082402067004
-0.313630447089159	0.131614742363518
1.05871907285854	0.56724526544368
-3.67527655271152	1.70975740420734
1.51923031766223	1.02990689602363
-0.649224640034755	0.334893147845447
0.536014239727767	0.237184442063151
1.09873097423055	0.770548526379539
0.753798810633841	0.461657654153377
-0.162401665580995	0.0857250585975033
1.45181554708831	1.24409768600068
-0.170754572873798	0.0577237862181804
0.522289358133671	0.277579130703033
1.28536456810576	1.00593585112177
-0.446371323232402	0.206140777267438
1.64161432638106	1.31176510407236
1.72479926244567	1.70965597085485
0.215728864070465	0.143793398303389
-0.574726857699334	0.243669040938771
-0.74246335346179	0.33845506467503
0.898195151360888	0.555388064825655
0.799930510947498	0.374627506258166
0.11528078125707	0.0569617831824724
-0.469378328460218	0.21464697245687
-1.09544478747578	0.489709530740427
0.293966723981042	0.132035013798525
-0.438006957041759	0.198034412598613
0.0995759534754705	0.0323169482529419
-1.44755169538948	0.566291028072655
-1.16711272959543	0.397223041441504
0.854892585477404	0.353608864450429
0.572794159704364	0.307814199150296
-0.324823716326591	0.138257543615547
0.462256050915493	0.155236392074701
-0.556768064096489	0.272115273740587
-0.558386003240538	0.23402026210155
0.0664694022610318	0.0292373086483017
-1.23148264416692	0.592054669463356
-0.00538043590060399	0.00141481192283928
0.105690539469513	0.0339407557871598
0.307004005462886	0.158148837610534
-0.155081515825403	0.0530202835922054
2.00768130073925	0.913173903964439
1.06993699361324	0.574631854992201
-0.328790686168058	0.140237737093738
-0.896592431393433	0.369174209142144
0.235529086672684	0.0880830387395932
-0.181302286810228	0.0602783626970074
-1.69469507878313	0.719182229297071
-3.47592836562483	1.51632163436114
-1.16698590186077	0.39982517263279
1.52119309524398	1.02511795952736
-0.169233005895473	0.0574550845783615
-0.812541713209379	0.243528463709759
-0.441108410073562	0.202491728147538
-1.86958190369252	0.874205623848129
1.3259456724792	0.799298887256074
-3.66925862482574	1.68447953125519
-0.157215094368568	0.0537474940232749
-0.327548094702997	0.15532022756829
0.99088125723387	0.738460803539523
-1.09626114826348	0.4970640026409
1.15481901666545	0.562156927499257
-0.388874538752129	0.125578914390253
0.149598212450456	0.0608154922424942
0.78608982383453	0.391293959352874
0.85115207193108	0.356271658167454
0.108601979928051	0.0350320183632435
-0.747981821765387	0.410985032398763
0.819261134619975	0.381791502516031
1.66364675320643	1.30186215861235
1.88370962793056	1.5487515473538
0.489217272525613	0.189668981919686
-0.557215033516258	0.230604996364304
1.08549985820423	0.576480407186781
0.683921213187779	0.373331294205567
-0.901635459975441	0.37180785765905
0.442926768032663	0.212090856455125
0.0520024732152183	0.0233668586673525
-1.0742224832967	0.471105743803254
-0.896735736301481	0.372109711106677
-1.26286751473677	0.61117339109407
-0.904380941052012	0.374595930483523
-1.37684148897803	0.718676042247588
-0.945616543656498	0.477844777996313
-1.50455535516549	0.835128427330339
-2.0386566933154	1.02497559844016
-1.23641068154314	0.588865114117384
-1.07276763540325	0.478794279293684
-1.16215021976043	0.402036390268638
-0.0234907643938396	0.00685714721839183
-1.0819076420537	0.488596868657344
-3.69742960839301	1.64141494828652
1.15090865510945	0.349514078629439
0.8358088335262	0.341742542196775
-0.887515296930232	0.358412627539462
0.452954269384604	0.155546680127535
-0.812541713209379	0.243528463709759
-0.321238070497515	0.0797644464023098
-0.0527435455149127	0.0136126270486569
-3.48519446347385	1.51875923517547
-2.05020375129438	1.03077034909798
1.26122812284382	0.790684211999332
0.207509151910499	0.102833539499466
0.612220256694924	0.299569001842325
1.05961384016632	0.679718846405661
-0.574726857699334	0.243669040938771
-2.05609373046509	1.02661843240541
0.542164703074535	0.242883652829648
1.4429803681367	1.15465979795901
-0.72487158040897	0.335454123213361
4.5459040466971	3.23700476620388
2.02753310729489	1.50296259075784
1.05299713701247	0.621475813706328
1.07326923099898	0.574925927019038
0.889788824808713	0.555066043606651
-0.320018244977948	0.153897583498252
1.31408443078823	0.579073162500088
-0.153310260277551	0.0593958647628951
-0.472041526215095	0.213564857404613
0.73193958898083	0.429305228500839
0.814277442933266	0.376614048105585
1.06915986318997	0.69357531676531
1.30531464881378	0.792164476679929
0.150876732534834	0.0610146782881481
-0.382048248523083	0.14658945392409
2.6991782458506	2.76836178494092
0.422988316522809	0.19993463458377
-0.0379754007195545	0.0165086038478275
0.00490276393222871	0.00215664593854067
-0.330410144171863	0.141241255030927
0.52896659738264	0.34182298510017
0.529896235491354	0.234632902838962
0.522932858377023	0.230373347079577
1.04193871316773	0.609210952260678
2.37762510906914	2.14581551492154
-0.32352839991145	0.13536450464809
0.288690910360821	0.146223945148199
0.28669055845884	0.133912116298763
1.30021336118212	0.787147341087891
0.269399305471378	0.123473501683295
-0.115908386837897	0.0483804498203929
-0.650120983087097	0.340486253029813
-0.57357487890206	0.235674730042099
-0.296267718204488	0.152374214323111
-2.5917325141874	1.66614826903838
-0.153861168592808	0.0513145434617584
0.126484193825445	0.0408319373317654
0.909012209003619	0.578842985110472
0.930775388686349	0.334820385943925
1.27806912355378	0.926976885777834
0.792845660209926	0.363821467328135
-0.163370721287662	0.0639455180359288
0.212559283597509	0.079133647956515
1.06095947433286	0.555826069425322
-0.156028617171119	0.0531380655030706
-0.019759259707683	0.00574677414995125
-0.387544450738841	0.149893253630454
0.344197676195252	0.14573289746842
0.436688100675994	0.147044823785527
0.318881387749031	0.134249106208535
1.39801460177188	0.773325755069345
0.50302391211535	0.195796785135715
1.2828826930593	0.905061198300217
-0.390650867249831	0.150990946488564
1.04103825944534	0.59833475487642
0.485055427091523	0.191277215605066
0.841656021856429	0.336034520536334
-0.807322725496377	0.241045063064016
0.828505469323132	0.345028232430195
0.112062329913853	0.0364901422824128
0.465476731299277	0.160919061330141
0.207215599866988	0.0759772322887606
1.31714973580609	0.804179720352637
-2.06744063838124	1.03640401518498
0.808072892870508	0.376476054227425
1.2901135010823	0.541767901892833
-0.96991269940803	0.511808551089107
0.658974132752407	0.362568381566465
1.45687142844782	1.06936444604715
1.4796816091413	1.07503767118529
0.787893652272915	0.356811500989402
0.463895117391503	0.161555490322894
0.759232080524956	0.463729053510325
0.614087381344518	0.303677738293251
-0.0985037899443842	0.0407797676579273
1.53700591968871	1.04563008301517
0.174813417431312	0.078951131296513
0.890414197779951	0.553134116751564
-0.234257850959872	0.102630899332197
-0.0357499776062767	0.00982234152565599
0.444469198964947	0.212786513459265
-0.675902924264723	0.249647194319464
-0.574895731958209	0.275035890372251
-0.378950721383873	0.145337464210395
-0.168431568905211	0.0562427220523315
1.29371179278803	0.55906843366248
-0.325909735856019	0.138848517853666
0.797610461002276	0.364267373491705
-0.154552034109595	0.0534162166521825
1.15197220708405	0.359022029649851
-3.24118886779147	1.29634317978052
0.779743468416485	0.355279437300151
0.465972673413521	0.159526198598797
-1.68145573307092	0.725202237092618
-0.398793131947983	0.129161802500617
0.106213147387514	0.0348297409627062
-0.804142426267816	0.456391696226702
-0.384424733773961	0.124835389855752
-1.23756259281734	0.600476686134795
2.45179671066843	1.82318667510677
0.331104025000699	0.140059996956415
0.606129860982642	0.302868012184784
0.449956490366664	0.128136304667589
0.221386493889583	0.0822764077855546
0.867991417978319	0.49638827961213
1.04553544416342	0.610400106794845
0.235110789618571	0.0877187830994744
-0.32090599308744	0.1354516307076
0.54084824596837	0.23926393704
-0.188669739607991	0.0723990740185625
-0.384424733773961	0.124835389855752
0.941412837282011	0.340660708964588
0.502723673976594	0.196396822212005
0.829157209847008	0.431210238415858
0.187281781196432	0.0837199968733192
1.8990729022864	1.55751818481061
0.79482202445304	0.364365828794969
0.388856236225614	0.0893513438012124
1.3001233835385	0.780565916964727
-0.71781369430182	0.332647199964254
-0.678438323886907	0.25168522811587
0.162348302712191	0.0660480978237641
2.80174795877642	2.42834432306138
-0.00492675095629029	0.0012850519160937
-0.564782222255645	0.276029592390281
0.0912102327039164	0.0297608039744075
-0.171840416853926	0.0584996408657312
1.05619242101398	0.605959446969163
-0.18419869745926	0.0715156246702848
0.0517911727027344	0.0225493298236329
-1.24428191323404	0.605575560531167
-1.09870922406275	0.500167932459389
-1.68698899790059	1.03179606312972
-2.84312935842498	2.0693676365807
-0.00568293379720436	0.00164312663028473
0.225330995072572	0.083517228566475
-1.08134401840935	0.481587332346025
0.946120618380072	0.344668852346196
0.0160125052178129	0.00560047792439281
-0.0326012973407515	0.00911402884026209
1.41590864210607	0.794236576301356
0.594843563235826	0.28755975388047
0.0186049639975832	0.00700402640502168
-0.381109201652485	0.122795730789962
0.803351039099134	0.415994294169615
0.891412451276028	0.559900942134332
0.82511675540162	0.339836941509444
0.323769106310149	0.138677655425825
0.154528288858844	0.0624310780228874
-0.392633674565696	0.150070880403801
1.46744891169224	1.34777231248387
2.45577290015788	1.78525803791856
0.455581579298189	0.1564705426823
-4.23909549931117	2.3053676158561
-0.559108152693912	0.232506275270012
0.39986029173806	0.2095408435926
0.016556743642375	0.00563968851716239
-0.32103307202361	0.079007025149334
-0.174752205233987	0.0676195862161141
-0.00790114958132341	0.00384013193303741
0.222623334847412	0.0819516972626356
-0.576058961688448	0.240206835684444
0.204869817260742	0.076354532436421
0.284209980611676	0.132464854577817
0.825770218250364	0.383824373663186
-1.69352390790485	0.723154085253671
1.13928300667774	0.54623158257135
1.02974605953557	0.588633993882162
-0.00662840595525776	0.00174924861031903
-0.111477236601675	0.0470040228773498
0.0153927092977579	0.00535780259833547
-0.5709301827534	0.243335029126938
0.0511354051269312	0.022349962089886
-0.170064380519228	0.0655139916633735
-0.331385255327326	0.140059822284314
-0.382113469115933	0.146798140863265
0.0171651599003809	0.00669802348210493
1.18728961881183	1.07741800781187
2.00546242502354	0.904131435092317
0.820853731670203	0.332582521908082
0.467770002581612	0.160456936980304
0.517259673643258	0.199683647437656
-0.40314912261111	0.153339277424168
0.129807059595018	0.0414384331158485
0.514148803599278	0.202045931617421
1.24973370136315	0.81508895207717
1.0840074820954	0.756209952676105
1.6449894095805	1.03139289736234
1.32138653923297	0.803651166617792
0.322119138401433	0.13594904282341
0.931132364343361	0.34114947979763
1.30132987572604	0.565093212529888
1.39224111176772	0.749856474860998
-0.557850407834319	0.237144831168351
1.06157628430245	0.569864291602238
-1.41071393887962	0.712466626339822
0.323783297779105	0.137580017418009
2.29913178004905	1.18284764464605
0.437688456191057	0.125580008034337
1.64241170212086	0.62688254731109
1.42132656956193	1.10299443712149
-0.719430799382811	0.330719990589249
0.231525761165126	0.11528179633699
0.178160820555692	0.0800482947015053
0.836443692386971	0.560742253350703
0.749471597910611	0.465724932123741
0.00978967380693646	0.00358262280011881
0.53104314161377	0.284413292727911
-0.323738357943918	0.138434820500554
0.794553188922656	0.362280517856884
-1.10454479662131	0.501365857380112
1.03655393163058	0.593179949093449
1.63851119310861	1.44239703342655
0.499433445358131	0.19425683703531
0.0087089144768643	0.00314435347684384
-0.2786340571908	0.144697594575981
-0.309345479670992	0.144586047366987
0.841614963530827	0.466194507546524
0.836250864422791	0.555683114836689
-0.0295610216470226	0.00841923783770376
0.421286445326001	0.200869781412003
2.02426863885185	0.904008077144324
0.122449057787209	0.0389497342237643
0.548816471108495	0.240434916438964
0.836363686656253	0.346542486758737
-0.887495864750651	0.364956628695402
0.214761121124261	0.0791813901427427
1.75538803407486	1.65552487335973
1.03738572302552	0.647040389334175
1.07320609804772	0.635746457741094
0.969742185973167	0.67254934572094
-0.728882192821968	0.33341226088331
-0.211002003056021	0.0945678556642096
0.467192541106162	0.1613997080241
0.22086633738169	0.0826357169225644
-0.393025624590105	0.151554834796704
0.00641867211745916	0.00236215373150008
1.64241170212086	0.62688254731109
2.003439064311	0.904317302889556
1.62179650824055	0.808435221612481
-0.561713129178942	0.237219210597547
0.551600119806232	0.242891535423007
0.511526702782082	0.204205845686417
0.827509416701814	0.340143048889509
-0.120129557137865	0.0561197458487233
-0.172285042473131	0.0669197857077407
1.86784895386345	1.0621745954603
0.923720365901135	0.336533627959515
0.884227537621984	0.539968314189917
0.207164074021553	0.0776037113475709
0.29580741217414	0.150499297269902
-1.1123608549202	0.498821625253288
0.332327167184872	0.138284749247424
0.801858335559856	0.405275143158661
0.688077243180731	0.47921482256286
-0.443697761675156	0.205155027408515
-0.84951424102229	0.409056912609297
-0.722882898230277	0.328922421309067
-0.431804537148863	0.193670169549404
-0.452972191907786	0.208207197908292
0.522936579191417	0.275964466331919
0.109553831034966	0.0353281207927758
0.115761517441725	0.0369479381486428
0.115278364336005	0.0373594789095735
0.134780040875525	0.0431516764499375
1.60174295718603	0.804491536360546
0.426336545795497	0.120654910521528
0.0100529670396195	0.0040349506351838
-1.39323805863906	0.717085007207476
-0.558343837962716	0.237623082761903
-0.667154899158819	0.243315460068662
0.102946784443991	0.033510265345031
1.8463228943942	1.2750929523012
0.84450190062214	0.467758110626098
0.799775319580664	0.588117934829701
-1.78758862936584	1.13117799338439
-1.15473967554762	0.397017347944234
0.0254952908483733	0.00837060064468264
1.39063176022152	0.766050650154146
0.929911103993733	0.336778422968623
0.616860572012644	0.306022082688737
1.41248468030794	0.792098493343985
1.45474948597466	1.05380177575112
0.530903084735977	0.232977456387483
1.39561353200716	0.767927888325816
-0.334637994522283	0.0823107846793868
1.86650969015539	1.04882998242243
1.07220691247004	0.570193482628567
0.785909409960533	0.354298871049387
0.670751999218358	0.365932990962752
-0.725223946440044	0.32867114615512
0.021885421645434	0.00821714929155223
1.04553544416342	0.610400106794845
-0.137099174396348	0.0567935788183419
-1.22291045391064	0.755629870730433
-0.560537454260245	0.268672157083903
0.10422717981184	0.0509370121281541
4.35569806027711	2.86206289434971
0.308427821221909	0.12872472711947
0.800300554682932	0.406011105108548
-1.42641002256057	0.979414175251304
-1.0958945152456	0.493789625868454
0.802594689662251	0.372510812145592
-0.037229770092943	0.0101638140400359
2.50779795198125	1.88944491265427
-0.892940586750033	0.363976057957047
-0.166771536574994	0.0563782262443432
-1.15376694941863	0.396550468009439
0.00359184383299606	0.00154675907461857
0.332481671952647	0.167807058976679
-1.24822563159252	0.61244391769474
1.39246946991922	0.773237364427182
-2.41060022016611	1.41848642873141
2.08521445952127	1.30134189463155
0.803050417576697	0.372632871520673
1.87711991635497	1.06098854272816
0.172762066238148	0.0782898939685372
0.483930131573698	0.188869823544156
-1.69382567792439	0.718389996555706
0.939330850052488	0.336036186330138
0.22365542347489	0.0845025015633034
1.39561353200716	0.767927888325816
-1.61062367001355	0.944999276720828
0.499938156878278	0.197411953661512
1.07887706834204	0.57666774814965
0.499019518858708	0.196936170271778
0.841165070261439	0.462403515233885
1.59288764652411	0.771424504476246
1.30266856875786	0.569776086271543
0.429176017981926	0.269828496291077
-1.29918542511848	0.832463029029025
0.523230593286214	0.226071833867872
0.145564606675602	0.0597883191642775
-0.136633543981432	0.0567575812295756
-0.395683095478787	0.12929756844192
-0.319004015513152	0.078546017662404
1.71614184200612	1.26933903326974
-0.910352104087798	0.374384210488493
1.71728314149389	1.28882316132067
0.146977395212735	0.0719756044878337
1.25762224373297	1.2381129355837
-1.83383739455188	1.21126180202768
0.243507179862932	0.0915556508474631
1.30764268562918	0.558571353299748
-0.225786969596252	0.101911341600102
0.799589731636128	0.367320297256719
-0.807322725496377	0.241045063064016
-0.677186195521504	0.248757988491553
-0.308123791606346	0.130738583258022
2.77140610827329	1.77973211485229
1.28914796102944	0.551638739114757
-0.0451706888834183	0.0119361675738555
-1.16215021976043	0.402036390268638
2.30136746176839	1.17298476681293
2.00768130073925	0.913173903964439
-0.809893434484947	0.457151923000754
0.0103366797238378	0.00414479988737367
0.377698729743506	0.190195616020484
0.172602091370145	0.0786859126234224
0.839116495271894	0.477991802419387
0.496487243389426	0.285828733397572
-0.112735369134413	0.0475580172929109
-0.107077965083557	0.0451408377511794
-0.294529916560591	0.152258643772127
0.430587506452409	0.272601031257639
-0.170317760933072	0.0670358097312443
0.95232104232436	0.65739917735547
0.792051080300741	0.365247008322823
-0.114375931487743	0.048047568487328
-0.158861070331386	0.0610583604822151
-0.16638893785089	0.0571656889168969
-0.568637881363065	0.241926897210979
-0.216973856725641	0.106404031736298
-1.10598570909321	0.49253828299324
-0.289946329929725	0.152458085581474
0.452366960240156	0.129014774531037
0.538024162404686	0.285539351366072
0.321131094432478	0.135719503607858
1.62681619218395	1.00610022467296
0.831373028243727	0.38290947941556
1.82958956895326	1.2480163070773
-0.125250532748688	0.0526479470818406
2.22597749569168	1.75294039813443
0.945406403009458	0.337586240202851
0.850295792145554	0.358635176544262
0.924635865825665	0.33105713336917
1.61040262700842	0.820849245771546
0.223987410512659	0.0830838021793317
0.128497415705354	0.040606985772078
2.46474163713046	1.87043941259034
0.317940289861945	0.16231921341828
0.274601086781898	0.125347089101253
0.749291240328184	0.458734185193006
0.324311731436378	0.138872067575243
-0.568506766656	0.277873537905202
2.05864233719227	1.81295449555187
-0.947500422398718	0.493195694686845
0.691914215051667	0.384922379576436
2.23926825335393	1.86737240554814
1.15551737888362	0.558076648421692
0.213319799404501	0.0791629003026198
0.132258921907305	0.0420249454071196
-1.16297906407246	0.403133997050686
-0.56065875862714	0.235240487138229
1.70155271788358	1.23595487286538
-0.666845009267044	0.247728888127117
0.321308298636784	0.137046066078252
0.759292823451661	0.470485090582646
0.768868230421233	0.479964673442703
0.306508811893025	0.154407510293397
-0.409278827422032	0.205277751895894
2.30119169062823	1.19760543205678
0.637689691241718	0.386004807855542
2.55668936344375	1.49723334425118
0.946823705351056	0.33609695877484
1.38787807323016	0.756961644763833
0.226554824378204	0.0850020166838131
-0.725296295121536	0.335955270344909
-0.323262123993069	0.0802314869089757
1.6094952400941	0.80180684986679
1.38323614455926	0.748828995811874
1.27808410799904	0.832491754010696
-0.165938355526553	0.0551425365821983
1.63216729459535	0.618689664722546
-0.384424733773961	0.124835389855752
-0.859015667095771	0.420246084513237
0.226378452260283	0.0841714199421304
-0.327052803343361	0.157484749799388
0.514171561745273	0.270649742563051
0.467549006141135	0.161188456679526
-0.128985810519729	0.0527425269112339
0.960753296368862	0.677815422217121
0.244842508979833	0.0899062958916691
-0.227459456502665	0.101399264491429
-0.0484363954175886	0.0210778992047615
2.64249114219491	2.17217361689465
0.171122398348068	0.0772821636694763
0.308264670289929	0.12789762055427
0.172597021809899	0.0698199347427915
0.0971303009269647	0.0315570267686363
0.293125878107481	0.136100920738659
0.539333410988111	0.240699902686828
0.112884907146623	0.0362699341022027
0.227807735680465	0.0853380525219666
0.544414204638641	0.240624461893646
0.799915358857439	0.584493393101311
0.423451149812368	0.225466218376503
0.308322575968114	0.233315596450893
-0.0467345170446956	0.0224866026184017
1.25865023710438	0.964717150759832
1.67589565665915	1.87359767506058
1.30529339329171	1.03440174793923
-1.67747940109323	0.997637625227429
0.248212627431287	0.137048983060866
2.26597844656768	1.54031292528084
0.0141696579531601	0.00549946119720493
1.25318358020164	0.899126132621096
0.293595925943703	0.149641042919012
0.234908965119835	0.0867810536091607
-0.46212395380375	0.209318336837248
-1.459147476331	0.569895961598052
1.03682735412152	0.604090326287386
-3.70005908769438	1.63523227457909
-1.37712925114688	0.715400855952587
0.868315371322854	0.502301811324558
-1.2607420897413	0.617673378988745
0.429875792266738	0.205306919245842
2.10307623821588	2.13032779900278
1.09523194349308	0.772435943759487
-0.588937025259752	0.248083733910023
-0.12580711458561	0.0528236312327637
0.427574992240394	0.248261134905574
0.922170028525738	0.586965001874587
1.04692719122473	0.650883549526007
0.0724879942767245	0.0316374109762307
-0.02957039970885	0.0083052187660716
0.214913851030778	0.107405242296631
-0.444310833689703	0.204324344368544
-0.396363678338813	0.127920656979637
0.0257135089086285	0.00977179404654468
0.921528822679792	0.584193799429114
-0.448060795791248	0.199694975363836
-1.47403947723413	0.777355839579138
0.444634643362573	0.127016926089113
-0.334502846827634	0.160307822779544
1.45947635978201	1.05496549671354
0.505297910867343	0.262557571032909
1.6038246647818	1.39336652887048
1.26908289193915	0.965912090933729
1.06373463114522	0.684444439859264
-2.31282792978684	1.31149255688309
-0.733739135693815	0.335888911831104
1.06538116508047	0.565944634568543
0.918199397091705	0.330106725158913
0.46848665693263	0.159285324473081
-0.736718417378796	0.327881007772888
0.33671484770821	0.142084547763908
2.06854825820394	1.86633262603994
2.32241711108323	1.18517827761754
0.120086956124389	0.0572035218098818
2.98220082750396	2.04761489381752
1.27702706285209	0.849778573727056
-1.25525351826564	0.615204600181684
-0.151434036493381	0.05954526689083
-0.0269649213431228	0.0121433419842828
0.492028004898728	0.194411795747989
0.350063249340617	0.145196440541947
-0.126295540304547	0.063464322671204
1.07470127986367	0.567502348549279
-0.823737374481716	0.547077196474174
0.494694474682912	0.193633868239959
0.101696999629658	0.0326176367901255
-0.479389674251533	0.258897417941378
0.842443043003265	0.352722853861989
0.211799728943197	0.0789359433222535
0.551146058635252	0.245421256405926
0.140505080145295	0.0559072081548696
-0.706400062135345	0.321186820783429
1.28962715126871	0.762083566134014
1.63727736835462	0.628591326830438
-1.07934173566615	0.4853824412789
2.3060923745818	1.17963965804492
0.956479039807904	0.661872904893663
-0.0318907411278532	0.00898739411486295
1.61904033214859	1.27305420643512
0.86249063808497	0.495011599925588
1.06434514869708	0.571720128162197
2.98904811980179	2.03937998332819
-1.08459115663645	0.489532471294542
2.7759602657669	1.77571958773482
0.557464778418593	0.298911452914309
-0.478044199201375	0.254695187329349
0.91171770587314	0.585341561859555
2.01160656021423	0.90043988185378
0.982574504869369	0.686649336071607
1.12292885982712	0.79065293764383
0.892138254421155	0.55742403172147
-0.146153853799749	0.0554906415142928
0.918588938816977	0.586165190716116
-0.576126112147389	0.238258435872966
0.902547047283491	0.561431528003759
0.537536779279818	0.232893600451318
0.231543563241942	0.0860733906722738
-0.387364851292015	0.143730902174366
0.210303228951572	0.0781425377036664
0.61989116225281	0.309647206174146
0.52124081823227	0.225510473101961
0.794899201837053	0.364994896673288
1.6590338415461	1.02663646272201
0.837702407512018	0.477461445463805
1.8639066104761	1.05817719259993
1.30280391548738	0.560259357254657
1.04516343415433	0.612852603848005
-0.376353404548733	0.121358651750687
-0.373439791908271	0.141911729062985
-0.0207859421050806	0.00621075405061605
0.805883225731177	0.371831296325185
0.623242591849712	0.414164200775469
0.462205290552163	0.159480032978756
-0.845326809876782	0.417677663152539
0.520944830219951	0.276269726193922
-1.04129465260555	0.565588317356349
0.159255402169555	0.0644617948822924
-1.02126926726404	0.670956027180945
0.524193051175557	0.228769204408359
0.842443043003265	0.352722853861989
-1.09008708460457	0.49757249496517
0.332676610011205	0.14268981939716
0.498184784650351	0.193919262086125
1.12174544217644	0.838290763477682
1.57082429846903	1.65815156688106
1.64119288434404	1.02918106881451
2.76014212750902	1.74019612353105
0.53173075695787	0.284845139535688
0.945502239418716	0.339849482937852
1.25476153862759	0.810349839699173
0.440994633533839	0.126907233388428
-0.398948288958786	0.129034673490178
1.41330002160427	0.784212825868455
1.3189534553496	0.564795542494697
2.21916993074481	1.78337149389241
0.32889688542309	0.140091349810489
1.40169739948619	0.773201283413072
-1.0541495892395	0.584997020847052
-0.56953344331133	0.238449175318986
1.12972559858298	1.22635505447306
-0.0391395322654192	0.0106916023514308
0.79134670933739	0.366307352375874
0.531816054758685	0.232474692012333
-1.95435266934359	1.37334701870988
0.267924632831957	0.162039136009243
0.60809527216028	0.484108119456781
1.27424328921296	0.733956362821478
0.800584891660867	0.367847059325852
1.10072378087815	0.775177592421356
2.04593956168016	1.53313638026532
-1.44725578707284	0.563449404759838
1.31019145586118	0.578228622623603
1.29127994360415	0.76587495526788
0.453999536923623	0.154586729668123
0.494678068881331	0.19725442867476
2.29931315281949	1.18977247319073
1.06059472309932	0.67720213680963
-0.178106298697598	0.0591649970988105
1.59663274234588	1.4921819985035
0.680519230194405	0.373568061967799
-0.896269148532565	0.36652242430408
0.304524371398746	0.15496827027508
-1.15783321138205	0.669316073159413
0.226777175537627	0.085563504777101
0.520765066601546	0.30624081730831
-0.105232837984022	0.0489402208484629
-0.949023924128109	0.588727030817887
1.1801296900667	1.00239281104619
1.11673754629741	0.797015732685982
1.26304644832082	0.9492002033189
1.25142808375521	0.888835433995285
0.845574770346654	0.676721252691285
0.591327028923824	0.293590640550202
1.60767930024649	0.963621681661119
0.486118908219686	0.189992215809693
1.0415750714172	0.615772940536047
4.39239906019971	2.96439288986538
-0.329188658547079	0.179012517687435
1.14592615532061	0.560137527829204
0.342139118551637	0.19234335733663
1.64163108006812	0.995483589424465
1.59609322632197	1.49080380860722
0.532223195569015	0.283960662017543
-0.956001070941348	0.484100139575716
-1.29665455934569	0.824898197372148
-0.000953183099471493	0.000103812235958125
0.432050519190632	0.226977472291205
0.955207085190348	0.660011351118936
-1.61157057037342	0.94069509848798
-0.604167147413033	0.403438497268008
-1.88601010464822	0.886097783650846
0.820679389746391	0.559848715932487
1.12079230985206	1.01710999053324
1.11481750248145	1.13301228534133
-0.317365845797678	0.135223741379342
1.51154928766364	1.01154951981229
1.02590018679777	0.783070689330734
0.162348302712191	0.0660480978237641
-0.888542600185556	0.532252004419525
-0.112999404638321	0.0577607720346537
0.33383264693045	0.187062554882423
-0.567594152268549	0.32282986484367
0.954787761190703	0.779846496911615
-0.03615923796772	0.0174113770446507
-0.805358287193779	0.454189459266793
0.233226940571263	0.117819436216947
0.0846018819082899	0.0446380120100859
0.427593268483854	0.248437823077788
-0.116761603769189	0.0540333787162414
0.509538303653723	0.382964764351352
-0.0495688020276749	0.0237782494584369
-0.733533658906063	0.401803866017859
-0.0974979516348085	0.0616983060239179
0.541369252536501	0.318741627725004
0.5238793686375	0.229474861547985
1.21039076951189	1.17308859658278
0.892960860182397	0.562770061493736
0.851290091070304	0.480984404932288
1.28979414166815	0.849151320409859
0.485722129548849	0.188935725673147
0.00410614460994945	0.00167634831007287
-0.470321801817865	0.250205258713697
-0.022409588251891	0.0107747474748981
0.613412899589558	0.30298655091118
0.526717842439545	0.284067353518917
-0.116479140619268	0.0493772762549868
0.840069322390201	0.578481600825426
-0.621562194632748	0.364242348031971
0.482866623472797	0.190613916701152
-0.199350471946449	0.0984385326287243
0.120779405653191	0.039060616069566
0.0143169913664299	0.00487769524730672
1.12945193301597	0.533933130361748
0.960215903910183	0.633723725716549
0.322345780195129	0.135363102932822
0.12534732632258	0.0400897553379379
0.726694541939283	0.487048943968393
-1.15659854574193	0.669025503067878
0.00423500427187747	0.0018280596994613
-0.729806261803003	0.336875955568158
-0.643647207072336	0.331959208687781
-0.886371977357201	0.540986428684802
0.508195144693636	0.262396509104905
0.174348263103354	0.0697646087534308
-0.557077063378106	0.311520307030366
-0.464474855658701	0.347781230071422
0.510454015912769	0.269430869827734
0.0530154749992976	0.0246387073225783
0.435526735820207	0.208156368484811
-0.106964923022531	0.0449897529299233
0.961447694336192	0.796114295120269
0.891204493830218	0.555632367667795
1.06882343857239	0.671499904995402
0.528063262426364	0.230886579227364
1.27400417521297	0.909383358306974
1.09741420548852	0.779618399932992
0.866975859462634	0.839853539373253
0.513351406816903	0.21601399855091
0.365518410770507	0.221587909739652
2.79175747700692	1.75519593531386
-0.665149577148193	0.39982957981255
0.802206893403211	0.598230702045622
1.26056603005024	0.972155749710428
0.0520461999353254	0.0248507751967492
0.221001686831769	0.108053128385598
0.0282093965793101	0.0105603108494821
0.1310184049084	0.0646029716521317
0.129118037827064	0.0629611297014954
0.66433352200665	0.513394384906583
0.492084312798854	0.30748575415589
1.03556071868947	0.85051800388521
0.293011055509984	0.185024503847571
-0.133830455592791	0.0624465114708311
0.482159175293133	0.188033209968107
0.534353280778346	0.281668430130126
1.12764505217518	0.873220404979347
0.447783828579556	0.440807116814666
0.918612198576576	0.940224002227625
-0.0414326570252741	0.0269462337180694
0.427868225849149	0.428418817412632
0.0867976230787074	0.0613496778556339
0.263737286786994	0.164668050417352
1.04072918522861	1.10810486474683
0.33425891121182	0.234404525241864
0.215838964378705	0.137142287664002
0.886328062201988	1.00754443832573
0.887706177579344	0.662242229993522
0.249145056166328	0.135991571147539
-0.0449927886988971	0.0117211709794162
-0.334230059736041	0.13972512003182
-1.12385873378609	0.941519679977409
-0.321728941930493	0.137099565408019
-0.124130602038162	0.069712891036457
0.231546543443195	0.115452375808673
0.129199448721399	0.0738528299736035
0.425742948493097	0.263620479469141
0.432070039544236	0.272848102019096
0.268281266983514	0.150126256110358
0.109084536389852	0.0618861336766436
0.176658011699268	0.0850551543711734
1.39503684498079	2.07549826247651
0.931140159003901	1.16473180734996
0.611195423377115	0.604926457376345
0.275106311574674	0.164690364315916
0.734009060068693	0.728196776639145
0.412118268138128	0.314258455620675
0.0295830426009013	0.014368593203614
0.446759239749119	0.217103784491311
-0.00575703011757424	0.0023204836174375
0.326921219092724	0.168710658804279
-0.118669645342505	0.0654773263514957
0.35619029195983	0.249647018500526
1.74948003110276	1.78021670658095
-0.291990518100343	0.196585328160672
-0.164572237781003	0.0881734581905909
-0.636472135450386	0.370307172943605
-0.102721343869049	0.0670842644495408
-0.227374443877796	0.126203214904044
0.142565268828543	0.110313582329582
0.14816725835905	0.0899382173877347
0.932751895112554	1.29154761216675
0.786455016955216	0.659019948327572
0.435104202086319	0.269230690040859
-0.144886604490135	0.0788310645264387
0.256918900459861	0.191111859945716
0.733477873057609	0.569023602299182
0.505865304102941	0.290735449139752
0.804391131964549	0.600773517064999
0.523651872729741	0.339003650716112
0.530235321018681	0.360900254138711
-0.953023540954109	0.494320334407468
-1.39495828093194	1.17308864729635
0.0932676689223396	0.0487508158356323
0.536577528574285	0.342796335218276
-0.484193195099599	0.261055518843597
-1.61798226040027	1.60152161737591
0.0222128671001556	0.0115147437237074
0.372338190427317	0.263786140212432
0.436510504705939	0.315538990699795
0.237311401637577	0.167100017476136
-0.172721711587982	0.0987412145839806
0.621051396959014	0.523437505939956
0.218433665887153	0.146275889347561
0.547839373111112	0.385539184078428
-0.160112253018117	0.105772514180252
1.03135597559638	0.993295467575735
0.617171327685141	0.311673270437635
0.333823969207501	0.141918144108694
-0.608250151991403	0.356479366999897
-0.859171450580737	0.411397218605882
0.158724466993208	0.0711577186947319
0.408366646559302	0.342524714167113
0.235854900377217	0.127380540508486
0.407808007611027	0.211310347445053
0.346366741675767	0.240093931272864
-0.729462325492528	0.397527512555889
0.309488295732584	0.144639343330391
-1.42628401857741	1.20399601842447
0.581253219506141	0.495310245394901
1.01514385833394	0.75931735687558
-0.77932059419094	0.657936079362467
0.227880852920871	0.143106691854806
0.0238046724047817	0.0135976129264272
0.197127633719957	0.118579959613264
0.970744471771549	1.07919653183855
0.321510454072912	0.202649514650594
1.02808829416881	0.769017254239393
0.702058543687902	0.584291589018506
0.88908556663973	0.922375872397469
-1.3801127676384	0.715421248262307
0.420251663374719	0.221391463655755
1.96721310619277	2.51845706734221
-1.21667056256122	0.733451111839628
0.439321074194009	0.256358532996601
0.421165526797241	0.280716435682713
0.785118726197263	0.662778697650633
1.47888061564638	1.79595746148835
0.324608282342763	0.206966943018232
-0.0101500097408873	0.0053902434196216
0.31094049108594	0.159909748273086
-0.122338323470962	0.0626515571258421
1.74788748498836	1.8119663499879
0.360734130305636	0.222682364599578
0.862662538513118	1.00708238186163
0.999563842172759	0.879354759458103
0.711415878603438	0.58374881257265
-0.186679000577164	0.0982561784862576
0.976564028552267	0.797338228737164
0.19342136361921	0.111001249572459
0.713401957304178	0.867833723447161
0.41338713924143	0.349090117116106
0.295731689744657	0.192953104398758
0.609180591096295	0.360654241294728
-0.238202331840082	0.130880552248719
-0.24666456284496	0.141271783715032
-0.322299250853831	0.136457552307161
1.03486341092113	0.784991967834356
1.4570139801837	2.04751874643666
1.83239317120061	2.14301507260453
-0.932529180939271	0.455571428598721
1.06294829584817	1.09005559646261
0.9876030953226	1.07285909613672
-0.116748808393083	0.05453906117769
1.23689089043169	1.36522225950836
-0.638029918853404	0.532279787991589
0.973869494541509	0.685443374969739
0.236641465720663	0.131254622066722
0.890437325753613	0.856646102272694
1.04546064570474	1.00156232211947
0.708734765698544	0.582753799159729
-0.151332003862751	0.0921209682365353
0.228046493211977	0.148769163641418
1.58699248119375	1.74791613244891
0.684635322122793	0.481414362833437
1.02193592549849	0.967110195308312
-0.160283033214783	0.0618728314099778
-0.290979355984158	0.147929880368049
-0.633369205784918	0.416694732599691
-0.233242593007406	0.130410047913937
-0.0672373275971252	0.0317317432615514
1.19645178131618	1.30164105860324
-0.740547480571164	0.409772741319597
-1.86592752850701	1.21392645881182
1.14481015330882	1.2756267140415
-1.35890831995225	0.904328074565622
0.624397647589161	0.408706437559293
1.15675110521583	1.3587304418243
0.339411938527225	0.234941287134946
-0.0201132702846755	0.00908859134522742
0.759689609098923	0.6789442175871
0.825540312424508	0.565007117545436
0.675571445167424	0.516217300066835
0.581897944261735	0.656862199933007
-0.0421250602202555	0.0184308786399303
1.00178860517551	0.903832874374283
-0.245089829553518	0.150796191841032
1.45807915950475	1.69074567435674
-1.83003378829455	1.20509822323248
-0.0942301994234025	0.0435127258965984
-0.467868130248166	0.235724177685977
1.0267697255479	0.781602324185641
0.488481627747865	0.378605835956542
-0.0653616940615453	0.0342337689863112
-1.4875043648395	0.818227211392443
-1.33260871374407	1.08707723390963
1.62693840868461	1.00814818254742
1.47978586934496	1.08927229159141
-0.420371379931059	0.156831109392962
0.11473146864144	0.0564152512345971
-0.330507614399247	0.138964581807113
0.155743338004503	0.0618877051615608
-0.799616809736683	0.455218641489427
-1.23266071937443	0.75225511635012
0.914502094713084	0.579711897993786
-0.73962175542322	0.408693706262723
-0.183323091555135	0.0618829595934199
-0.564651756076474	0.279231576935797
0.166172231009133	0.0679741300303922
-0.391252799496432	0.12570044869081
1.26840103765388	0.913280463374694
0.212896637641855	0.10667247398965
0.302359039737312	0.155015193966995
0.0809142769995921	0.0426880007360536
-0.861680229434328	0.423804619571401
0.303182844304722	0.138759410364226
0.828575331925153	0.428114910199281
0.74133051002266	0.495039924265905
0.28968917468491	0.130331214885611
0.695652959637758	0.39268892738339
-0.674307606817441	0.418745798531385
1.08080727258415	0.691008258048008
1.76350799079532	1.67068790721423
-0.0339091561995083	0.0150820313063829
-1.6930265598319	0.732323542829214
-0.313785870377865	0.152510740773569
1.08117472010268	0.637733753616445
-0.873175492791261	0.516382878386272
-0.670190428094067	0.244668155306092
1.54992337269579	1.03859153456074
1.6329598711551	1.01586116576048
1.81755590576802	1.56498567276146
1.62177151320685	1.40381051502172
0.195455103042931	0.106204471190006
0.970068536205962	0.798023155166087
0.412382681886701	0.208327889886127
-0.554969184375046	0.230398315568973
0.535421440453378	0.34210867114271
1.39117259574022	0.761998128162048
0.79941538491245	0.529765189424194
-0.651921523762846	0.34102149633305
1.081534333088	0.696306340045908
0.922657798810624	0.71523256093564
1.1272880599995	0.813158985946837
0.627298449546146	0.377513069885784
1.51094067159415	1.0089863622493
1.77828373447449	1.66469940867723
0.896320491371627	0.763836556055972
-0.208993735529706	0.092951734984441
0.435367688595311	0.251767577773648
-0.534763253224505	0.257607627599506
-0.137075832318083	0.063954535260681
1.83587961615563	1.6315400121648
1.51708221282154	1.02788763234718
-0.181052835184398	0.0892693617931136
1.25880407555502	1.34252310701296
1.12378553918001	1.02924633283265
0.284268622893652	0.178855827819943
1.53229134656565	1.03752746036304
0.332989036590961	0.186245905629929
0.83456072499157	0.566924313852696
0.448356962922812	0.213894878898352
0.422064818647898	0.224518726112955
0.342640764599873	0.145471135865772
0.59560671765607	0.453057021762862
2.09446835462579	1.86755267925094
1.28305746986637	0.918539127327748
0.774057008925897	0.561974891786905
-0.166967092516519	0.0570861917645241
1.83739008350938	1.64183573058011
1.09377740010129	0.765469725942403
0.896474444408991	0.776701455841569
0.440782401712494	0.318900871404997
0.402758263142942	0.209557064398548
-0.16092082458264	0.055176689543058
-0.32447564990146	0.156291911942945
0.00525673588566675	0.00233204273734722
0.546021598415181	0.324613780581925
0.427129656826128	0.285126748291587
2.08849485992705	1.84382606750227
0.305892768678526	0.156999365921515
0.78854884581382	0.576245451325852
1.87864695131457	2.85731770242258
0.783525272741253	0.490622247516204
-0.418077086107746	0.188384104475854
-0.233456300969581	0.105777530716913
0.157722438956118	0.063906019895742
0.61580569389988	0.306148762362287
0.797893946891278	0.364484503797267
0.525376240075603	0.312838515309098
0.531529349059754	0.314465089987899
0.805947563528589	0.411835915567893
-0.38650597004403	0.125887668683958
0.439971584304866	0.275763621761015
0.51699454296559	0.352185335030499
-0.325929958083558	0.137623846085048
-0.34891753402609	0.190478728948007
0.444907495855736	0.254910118349467
0.393408008049084	0.264298371700963
0.507816209370661	0.297755178289504
0.220021416461471	0.0809326295114668
0.450935784493627	0.28081984536869
0.760865387183809	0.467832910615533
0.804623404851941	0.680266894326737
0.211617722721681	0.105095188807846
0.0104940377971897	0.00553262081624249
0.597421841895228	0.388213728919976
0.0774210231457069	0.033704638102422
0.349675489750959	0.149367450049872
0.139689084523837	0.0688112714731651
0.864920545635605	0.684415431023098
-0.320406588684982	0.154542698513491
0.529788435966293	0.311045549852542
-0.202401726191497	0.089650332505999
0.0283720198921632	0.00957013605965669
