x	y
-2.21423973148291	1.82327192805147
-0.819571373251139	0.625979383038478
-0.740305046793256	0.405469317462997
-0.550002892544294	0.338782772478743
-2.42975551977701	1.42529636564488
-1.90041469805017	1.27163158276413
-0.899015895539411	0.369034360047222
-0.522115763844269	0.287931375037324
-2.06641723978216	1.51658073025397
-0.968123150953738	0.511881992851827
-0.480247675805556	0.294383615922055
-0.764468224459757	0.500873292207987
-0.448006956373567	0.2000579741135
-1.50531472174623	0.818938914559142
-0.701877094653189	0.320165402508962
-0.577969374100349	0.233998040929386
-0.866174239103529	0.422237903535375
0.44135783828035	0.213274263135176
-1.70263298542501	0.728301637896988
-0.879878283870231	0.353018134107162
-2.31767826096135	1.29163537487859
-0.63277289429516	0.370786372703591
-1.14298891204347	0.656414950857132
-0.387232612894966	0.143912012221821
-1.77407545871792	1.1300772697382
-1.26261654336734	0.61087665722332
-1.49220905235559	0.822971966981353
-1.52550874732175	1.13407680778895
-1.77936739361932	1.09894845943199
1.27773905803489	1.01394566673792
0.619449891995825	0.307764247485262
-1.68768337137264	0.725715944035541
-0.953806193682299	0.480893153480894
-1.49333924875942	0.798174966891328
-4.00726474069071	2.05008627832581
-0.74241714249896	0.406946519521619
-2.11625496161792	0.64084087948516
-0.109653574172074	0.0448381839346063
-2.03718290725899	1.00525769033857
-2.31061637604699	1.3091337624444
-1.2363870051427	0.599486116356934
-1.28704136121666	0.822180047720264
-1.72365933310218	1.45203836289401
-0.723861161811331	0.326890550598012
-0.48666555066844	0.25922535216452
-2.83565463558952	2.02616099702978
-1.13695247838155	0.958771426086953
-0.735867275861007	0.338454298101297
-1.15184874741835	0.675621309838929
-0.745464758210971	0.406903166445637
-0.664734935430195	0.246189134040885
-1.09504784805582	0.482932730787701
-1.09317160258946	0.498082269195895
-1.50365665396005	0.792125445006267
-0.652836254669688	0.337044468111239
-0.650611372176413	0.495874302592663
-2.40593777221211	1.4096021634505
-4.15096101556994	2.19769235093951
-3.46352301092958	1.49357335764936
-0.58454593228567	0.246746456575141
-0.242526208663641	0.109164407013631
-0.72008012336743	0.329521055904398
-1.22839163184827	0.740764300137774
-1.22134019839233	0.930297387887242
-0.561221276188046	0.236748713732064
-0.888763535491309	0.354055346376586
-2.03923812428246	1.0205895306449
-1.38352780080546	0.720444368376619
-1.15473967554762	0.397017347944234
-3.68452290555594	1.7077560848722
-2.85090308815019	1.96290329828999
-1.26121560326127	0.617484886116424
-1.50785392815906	0.831163125586046
-0.728808541811997	0.335784402239392
-1.67873827522103	1.36058214773438
-0.834733703548061	0.617992036769307
-2.04534989015043	1.01662104550948
-0.206578433909289	0.0881457952565591
-1.24656920855773	0.606704558959183
-2.11625496161792	0.64084087948516
-2.04218338758424	1.02328583992409
-1.05446160081781	0.58740805451021
-1.21947514995952	0.69841962791456
-1.68452135287741	1.02227182810173
-2.22738237825494	1.16089218493536
-1.23970502271159	0.588537652979282
-2.50266641449444	1.53586045500389
-0.896187023126692	0.365091066474022
-1.74739963994431	1.08450037228659
-1.06154392171468	0.575171923866385
-1.23980342901359	0.752964010420847
-0.112621878695874	0.0461177564214848
-0.4804099598305	0.256189861250783
-1.24085134983815	0.758027687648221
0.205963519668423	0.0763957410198454
-0.221972835997251	0.0976348861657204
-1.69075286897607	1.02880101359345
-1.08505100764962	0.485922644218694
-1.17441985022447	0.404210618344489
-1.51426176381133	0.827746540244581
-1.23970915747252	0.5950888420708
-2.06697167679086	0.999411697177997
-1.47803415353251	0.56764602562032
-1.17174817938425	0.404422952036286
-2.00112188721966	1.45190398674738
-1.67730179913954	1.0179482552239
-2.04024674273112	1.00019397935518
-1.50258634906088	0.828887570085331
-1.26536381097052	0.601283642855209
-2.66011267696477	1.75584426855801
-1.51030629638578	0.830361663459715
-2.42462259758034	1.41411176692702
-1.30441534249076	0.825575474237784
-3.69426157430998	1.68498614948823
-1.52152318369459	0.808821598171509
-0.728265630902709	0.38618922966907
-0.647497017870479	0.331131743174517
-1.02747697161757	0.67758754013471
-1.00741949557806	0.653586125728175
0.331741605151819	0.169098087672118
-0.448775961406921	0.232790465638087
-0.952617622609784	0.48104030567148
-0.956229914199977	0.581963700574973
-2.73291419236411	1.86191951953889
-0.539199351560458	0.303410608136104
-0.363558511566641	0.134553408547961
-0.86324247725989	0.425470423878442
-2.41555145087914	1.38459802064946
-1.08990179014945	0.491355555970867
-0.642653495864322	0.332506816505096
-1.60389186332092	0.937317012742917
-0.399995830571977	0.127870875558715
0.128255740691508	0.0408014241147574
-1.06151920149127	0.593420186669324
-3.6872462022318	1.69217265955221
0.0701510034853998	0.0302760867700663
-0.794751108632537	0.522104364608277
-1.83435499723673	1.2137999237428
-4.13092857813498	2.18351938311742
-0.32452681938319	0.176210015096303
-0.215578078114448	0.0964584417554937
-1.24377116686057	0.59373759824451
-0.193199889262511	0.0744330713294318
-0.455620825808836	0.201938841530555
-0.109271276137255	0.0457693717782953
-2.30799277856164	1.29688282650984
-1.38255656236369	0.712447779191324
-4.26230168914892	2.34284064191303
-4.72465622103742	2.98640942639844
-4.14252391175364	2.22227784076576
1.06154759771082	0.558856446020799
-0.950536147761108	0.5740636829769
-0.321027432047617	0.13455810159373
0.00868038929144516	0.003138743548456
-0.995721137298907	0.656201666359617
-2.74512064461152	1.82526074097491
-0.976599964302509	0.516026737545481
-1.48550531780353	1.07103179808876
0.0786135329661957	0.0345574538026231
-1.37613575414063	0.693857937744352
-1.60237974898052	0.930658003523622
1.11154698517811	0.799349506099495
-1.05273990851528	0.580118775075823
-0.540293099383107	0.340462944275497
-0.488971997134749	0.359699956143385
-1.47630435742087	1.05314155505537
-1.03007942042949	0.667561936114728
-0.622569568500638	0.370215558137876
-0.988778786263919	0.62816811563494
-0.886283599460127	0.528823441223958
-1.5066123438269	0.834809613022438
-1.89421241949154	1.29055153316942
-0.878073902635206	0.520139552658368
-0.112885852756893	0.0521423692198905
1.14997443905792	0.549782155990592
-2.1758555931423	1.15848712768635
-0.443021139752286	0.201484024913613
-0.382214793422646	0.144061106033654
-2.31755271572737	1.30801990269033
-1.87562044421907	0.875732800381027
-2.99710456458469	2.3328297126604
-1.28515209276193	1.01606499906299
-0.402731423880201	0.149854024293221
-0.975787804110391	0.500148669914659
-0.944682202016037	0.486696411774517
-0.825485979657085	0.476780083234907
-1.25495955383212	0.602622911509995
-1.94542476425014	1.34566933773069
0.234915222765785	0.08495427630642
0.480332365599932	0.162862665418249
-1.16399424397968	0.402583161382906
-1.89802970015044	0.892053890221128
-1.89202889902615	0.88318552637763
-0.481347769307068	0.289141052943943
-0.639028436461186	0.324842793371276
-4.93857221767619	3.31588979633664
-1.89278821748065	1.28269047335407
-0.301836693860562	0.141848887775419
-0.718310510763846	0.385216036769183
1.29491434674619	0.544876820159717
0.824727890268666	0.423681616764546
0.174866205559637	0.0703143471781444
-1.58739514539928	0.912440690039808
-1.70562894398826	0.712875415989685
-1.35451919893534	0.900298535924915
-0.451091247503423	0.207489497995385
-4.48730533770272	2.60825979280309
-0.367484236974265	0.139353667843198
-1.77196021044787	1.07799620414429
-0.895244012915502	0.534234113955678
-2.60192339491697	0.856976680712227
-3.48841798874408	1.51483381870319
-0.373233453906242	0.143222447964061
-0.653229303588084	0.342525795783563
-0.724146215465501	0.387626639186474
-0.72430791965892	0.33542986991467
0.49689671051979	0.197244349754196
0.556318237833671	0.301014580481285
-0.378949042254161	0.142015092674049
-0.842545470361685	0.412856940977373
-0.84429031391157	0.411283202773331
-1.47284225895541	1.05047869762406
-0.427931101818652	0.194417224404509
-3.47302173405553	1.48451825877499
-0.371928453322262	0.139671120714611
-0.337725332194279	0.14362100693705
-1.44240008219954	0.55453972021473
-1.67650270386278	0.708820000926994
-1.10501764829435	0.493986499963483
-1.89262891783755	0.866027978575856
-1.48707310848691	0.804107431382735
-0.990161561119274	0.760507147088814
-0.452099536451534	0.208770859882801
-0.913059765151497	0.376238569673199
-0.969763734426731	0.508551865553907
-2.16391520149121	1.69675074216716
-1.88105615090003	0.879141076521853
-4.01325561168654	2.06569761494079
0.050896509675095	0.022202115981397
0.337197347453967	0.141758226488934
0.619461641744807	0.30626598283883
-0.713875827961056	0.320645934162835
-1.10468998450115	0.499233017572431
-1.87603123090927	0.876167402641253
-0.404388558847196	0.12997765892106
-2.19012105763413	1.16536379363425
-0.382630588333504	0.122511861567354
-1.90401463668561	1.31371926443756
-0.736729170806975	0.407925811492384
-1.27750753383132	0.594811774581954
0.00525139284963305	0.00190695956209621
-1.59809897916156	0.922074046318875
-0.961376989036171	0.510023608314609
1.14996928148472	0.357563393391782
-0.800995785218802	0.237876280195171
-1.89200637323401	0.882197214037585
-0.552653796190795	0.231837983689481
-1.22119445775892	0.741057620942066
-1.24706593849764	0.598522049759266
-1.48703032461239	0.809049429734253
-2.06223070340374	0.992376666320771
-0.373439791908271	0.141911729062985
-0.106155347556737	0.0448597983350191
-1.69404123463731	0.993425294445484
-0.362213911678191	0.138701665793307
-1.11612814601006	0.502578967687391
-3.24381632723908	1.29116659560307
-4.02543192582504	2.05584674662342
0.0194675575014937	0.00760903901171452
-2.06183831594072	1.04225740053572
1.14969984760416	0.357649385936917
-1.07080842724368	0.559788809324156
0.479506882948229	0.18537141893125
-2.96368015470176	1.09391132840251
-1.87506858575374	0.872385041514724
-1.39364416886682	0.725151346365803
-1.45641507196522	0.571159867497038
-1.23157329919215	0.755367514323831
-1.40621355875958	0.96551624729932
-3.85391006178274	1.88479387627154
-0.83900878586451	0.474525586551629
0.126046555724467	0.0400634751659692
-1.38468333185306	0.709244347984908
-0.161091938873864	0.0554368944107766
-0.388035339954767	0.149399349987189
0.0120076164291114	0.00407168100737177
-0.570774428212751	0.238740341756886
-0.732275842509979	0.336359426896076
-0.905654568378434	0.368372927616685
-1.44433427455644	0.564039877294805
-4.27674211209472	2.35782793616481
-1.40720203635363	0.724573302705583
-1.11310449501884	0.492657056873276
-1.5314431967646	0.802764379954773
0.41395023687156	0.197615578968555
-1.2534300211273	0.606791170634341
-1.4422474611359	0.562390028174129
-0.733340454779674	0.332691406961606
-2.05397897585203	1.03024872663698
-3.2317279398944	1.29267978140064
-1.88697456273749	0.878397368383071
-2.3152849553713	1.31383125132498
-1.78602429823754	1.13906984331289
-3.23467591426078	1.28622604981977
-1.61140435517186	0.941167881085387
-1.14638973015295	0.668859085420598
-0.842545470361685	0.412856940977373
-1.78142758894883	1.12559089764233
-0.971394186316736	0.51386757840093
-1.40006205682569	0.718700159115067
-2.49641840824669	1.52675759014364
-1.84680855144237	1.21934519096735
-0.952236725435103	0.489365071631667
-1.35978378511558	0.896012803061522
-0.56562385275485	0.232956909601316
-4.65371408383647	2.88950628485477
-1.05300534538238	0.584948456897388
-1.24773511850306	0.611561914816234
-0.0379691139427916	0.0102769992534417
0.46058998836761	0.158856025945493
-0.721887787633426	0.33248711668128
-2.43419161004734	1.44571206515632
-1.15975377431805	0.39756928416027
-0.0402571787260352	0.0108533626026386
-1.67687966957579	0.709146160888777
-1.60912739814751	0.934453238043701
-1.87431127300347	0.880039071543444
-2.20089849005407	1.18046421642991
-3.84788768555929	1.85439809264094
-1.24887878045272	0.604537356672557
-0.38407351350264	0.124656511760712
-1.43954488487639	0.556393924070414
-1.45350459123829	0.564383077541792
-1.1722107135637	0.402409154338874
-3.49164847125527	1.49812388350468
-1.07640017426124	0.470321123311533
1.87046075170596	1.04995981542999
0.335130004008236	0.143397819773307
-4.01340339106044	2.01575270697005
-2.32078251860386	1.29137456861359
-2.19559859817816	1.18080825020254
-0.447016131636627	0.203595589272541
-0.331799370211436	0.141685834116651
-0.799043919600155	0.452374838767394
-0.5382876377313	0.299363625700912
-1.28686450448789	0.808442168021289
-0.904892789074987	0.374049363051985
-4.01019166464809	2.06548744474952
-2.71818986507768	1.83603689737969
-0.103724821342185	0.0440745573070138
-2.59010690959944	0.863676284132476
0.925746830821181	0.336341996047548
-0.706866640162283	0.313212844362651
-1.38218852150663	0.718430567907271
-1.07844410938864	0.486085097617956
-3.86899746364205	1.89450480590333
-1.87788154650517	0.876371629451988
-1.22593261878781	0.753490594894607
-1.46636576792983	0.548261876484292
-1.27177886115989	0.585627523723642
-1.08241530226151	0.486529497037678
-2.18152978135383	1.16046487843621
-1.18609510717319	0.401737235858409
-4.36723089625793	2.48608205113081
-0.899572651083739	0.372764292569836
-2.66983807787811	1.73593594109845
0.474606886065513	0.159503970161166
-1.49831889277258	0.826608808449593
-0.860809382958595	0.411143617739204
-4.25170250383413	2.3263204533791
-1.69420754210879	0.71872432915946
-1.93948064284694	1.3421850184722
-1.06380750898384	0.590627267301729
1.45726072321116	1.03020599123991
0.176746346043263	0.079038185432164
-1.12266034944082	0.63324787444275
-1.25102783111247	0.612199060696856
-0.393079255352181	0.15115462876153
-1.5842059720334	0.898422802450209
-0.731836714140318	0.336844256787104
-0.00282523487797289	0.000391347319191599
-0.169660125966404	0.056649885382253
-0.172320209603725	0.0585587639391049
-0.91411600569245	0.372284344712446
-1.89354487994251	0.866244393005343
-3.85349995091346	1.88895649290269
-1.45674913579359	0.565325216320415
-0.658645307583105	0.241596442565903
-1.8902983821592	0.857857774849523
-2.20883812837069	1.1741429630346
-1.89757581652568	0.879213176680855
0.437463282999677	0.126015112770028
-1.3842748840251	0.71151478952181
-0.146418615151257	0.0498232768804321
-1.62160929632932	0.932965743584482
-1.15675679409825	0.398189095706627
0.456465434219418	0.156088498523654
-4.16924242032086	2.06631847606157
-2.04229924208882	1.02049861377361
0.601204067292598	0.298758873349151
-2.72104801995374	1.8480500117576
-1.87562044421907	0.875732800381027
0.126046555724467	0.0400634751659692
-1.27366943079627	0.59904856984455
0.896335860428318	0.566265551144581
-3.6872462022318	1.69217265955221
-0.681759813449421	0.252135556707905
-0.949780535515112	0.489317570009812
-1.0834716280489	0.476022993289243
-2.50040491204551	1.49677623560785
-1.39321480995243	0.727609687818489
-0.441524411848546	0.200617964194769
-0.0402440934601171	0.0105941303852573
-1.09544820818775	0.487822446205979
-3.99216366523862	2.02955716823175
-1.44596509106779	0.549127990199023
-0.859811249933045	0.504822340845924
-1.27728989368598	0.794391370243661
-1.69388195408489	0.724204796504722
-1.22665925036653	0.737736346293206
-0.575561579754085	0.321487124277236
-2.78402418777795	1.94189881084709
-1.46000087511612	0.561196680762019
-2.11793804739448	0.63135655885096
-1.89029863046895	0.87337495080861
-0.320968214320357	0.0797036181189048
-1.41151445005737	0.392781075624489
-1.8814409790248	0.875488873495969
0.116597487600549	0.0379615967056015
0.794055046626428	0.367497934036961
-1.09883097212866	0.498111604250136
-0.571833198183843	0.24195141500224
-2.05138011401312	1.02174550633121
0.212905030714583	0.0782909999918047
-0.0275616124359281	0.00792257020973791
-2.95670313229087	1.0799832472719
-2.59010690959944	0.863676284132476
-1.44483689551087	0.55639606537252
-0.95569010042564	0.504022193372518
-1.76660768319001	1.1201223802305
-0.67604074034217	0.24739103268624
-1.24344411333378	0.602102974956192
-1.08962337898474	0.484961712834269
-2.04534989015043	1.01662104550948
-1.45350459123829	0.564383077541792
-1.88601527919198	0.861268370153741
-1.05146101342737	0.586416826146898
0.530890502948846	0.23334358150201
-2.03718290725899	1.00525769033857
-0.398021750944472	0.129235526935931
-3.67527655271152	1.70975740420734
-0.562780775212853	0.238341541571788
-0.933869740571198	0.538459353844672
-0.726238009970018	0.327417945760848
-2.04229924208882	1.02049861377361
0.512672616385967	0.21875968760537
-1.17782696732129	0.401683212553018
-1.5153502427685	0.835174601130873
-1.69170719669593	0.716243205099309
-1.77697680710433	1.12294662769801
-1.15473967554762	0.397017347944234
-1.44834067236736	0.563716343951873
-2.5922919016647	0.850808961904777
-3.22878680411869	1.29317391796469
-0.158398179342897	0.0532903219272651
0.453387120087457	0.152881157052133
-1.15774121057203	0.396404960642202
-0.710809143026876	0.320530528950345
-1.5101550961958	0.787311271701354
-3.47620244611808	1.46505327692983
1.30165119110891	0.559112811924567
-1.35740072842717	0.677524676400284
-0.737065528950393	0.396255777150101
-0.115220939315601	0.0484952958632394
-0.81991869687575	0.242132914720232
-0.570722065420001	0.274562811103554
-0.669430018869119	0.246362780889304
-4.36794493269622	2.47482967942926
-2.96368015470176	1.09391132840251
-0.664450846817516	0.244980889841605
-0.899015895539411	0.369034360047222
-1.06208130398706	0.852956785838378
-1.10814743714153	0.774814875388171
-0.803562149352311	0.239959706780035
-0.366193557348161	0.137671227225984
-1.39745531282439	0.722160205498143
-3.85060210691185	1.8686062379331
1.31527064855562	0.566072922553904
0.460994637287495	0.156562545682546
0.496405523457775	0.196206431417155
1.80577814402211	0.579897169515412
-1.07070961998032	0.476067183071802
-0.88959072185774	0.354698149683358
2.01853983959565	0.928593142144826
-2.07300155753366	1.03082222153222
-0.891230140839188	0.366282407766764
-0.378445280897942	0.122388918017083
-1.23105239157405	0.752031571571165
-0.152815657112722	0.0525923579603125
0.497332971839962	0.196101968926219
-0.0349205708970991	0.00948731383167212
-1.13335095419798	0.651971479591782
-1.08505100764962	0.485922644218694
-0.667674141714887	0.246342894476544
-1.07947618814481	0.469170472314334
-0.382133811742991	0.143989232704648
-2.6481439385469	1.68813855365596
-1.44804860578253	0.550704264899689
-2.11793804739448	0.63135655885096
-1.89897829558201	0.880896801054153
-0.0349262065046586	0.00968328522045341
-0.96889504383723	0.507638247913503
1.30720165089481	0.566375470350979
-0.382734128218654	0.144352954556816
-1.68558308560887	0.714091184919466
-1.88340789512661	0.87052985435831
0.121550588079845	0.0384373977731281
-2.59969374965312	0.866171839638
-0.396521033200955	0.127797066282517
-1.24804172537995	0.58553810695081
-2.31310953025076	1.26866809297766
-0.564590290433736	0.238397093773648
0.520854746982514	0.270045949759569
-1.52257553746293	0.835508142362118
-0.806209579875503	0.240319387510702
-1.41258048711295	0.392583212481328
-1.69386003293317	0.723241683908137
-1.67824689505471	0.72117217033679
-1.1660050778183	0.403771297016287
-0.404468814368571	0.207615364552279
-0.658009328321347	0.396265380872425
-0.654254494663829	0.329645538135349
0.0176223634654709	0.00593241205023331
-4.16268676334728	2.19342938004588
-0.85315051924059	0.409690903601635
-1.36038209958316	0.693423560517661
-0.379416390538574	0.147298134690039
-1.10192179620326	0.497633711048337
-0.390559894504563	0.124742249042287
-1.60284993432853	0.926151650938962
-1.41126166568543	0.722905717779869
-2.04024674273112	1.00019397935518
0.926822466092896	0.338094740953324
0.943028353752369	0.338295614826429
-0.378494394375667	0.14505957012986
-0.910388525263546	0.365852589343163
0.119947259311372	0.0390046687196228
-2.59624396554541	0.871838624210666
-1.23082700749615	0.592714700940414
-2.51063430564203	1.52828022819531
-4.18954585715859	2.13641900428284
-1.07163319435119	0.580898419147685
-1.13737186318801	0.651511637920657
-0.884874929693153	0.362152888438538
-1.87754284004734	0.885450235220536
-0.326758085893857	0.155079047932289
-1.09653671468843	0.497092497390993
-0.868825548383358	0.418622703504309
-1.59994686694844	0.904076659210687
-1.465541771323	0.574459070098685
-0.378445280897942	0.122388918017083
-1.09606494544447	0.496635160833386
-1.67861159810486	0.714666909749434
-0.894598520108825	0.365541572018611
-2.31257112748979	1.26381978683184
-2.04830971493088	1.02546989708079
-1.67687966957579	0.709146160888777
-1.11786224595683	0.495893755294217
-0.573724327332631	0.24445696270906
0.511289684647847	0.197197527481061
-4.46695940879593	2.60616897872956
-0.137897129276429	0.0460280789106903
-1.3930767900005	0.720225869162119
0.108701801195225	0.0354304256642511
-2.11625496161792	0.64084087948516
1.30257175068484	0.570433159223239
-1.17654187519563	0.402773059274232
-3.46956417000721	1.50979888537416
1.60249002507305	0.796905916401752
0.115309526972382	0.0373754461081986
2.01036789923916	0.896991825646934
0.931490176094972	0.330245972697469
0.461158932680702	0.159521686416794
-0.38204120834183	0.123092097977295
-1.16711272959543	0.397223041441504
-0.327295126009007	0.080504045045159
-1.17016346573637	0.401216071576238
-3.47592836562483	1.51632163436114
-0.663556284054938	0.242633124254046
-3.87838207414417	1.84486888969141
-1.4363453151658	0.555745907017857
-1.1722107135637	0.402409154338874
-1.6024019824846	0.931889097197364
-0.16811340243827	0.0553763547643116
-1.7736645351678	1.10144593879571
-0.573712936166329	0.238980621888323
-0.707184311813313	0.309278143632741
-1.15141971647202	0.395208639743188
-2.58792662580816	0.864420955691165
0.250942945488428	0.0916397494263116
-0.801356882747648	0.234590282374083
-2.05302237210575	1.02544662851016
-2.19043073984268	1.17646994300594
-0.31056742280627	0.130275982544375
-1.85737876912897	1.22425222165908
-0.89448850089669	0.366864647058221
-0.408378667771634	0.130278613171028
0.45748705446365	0.156861144440292
0.0995759534754705	0.0323169482529419
-0.150194297330797	0.0515710911685047
-0.646255121476265	0.32777667941079
-0.656504590873959	0.239951843298324
-1.86382790543503	0.862315978162119
-0.801356882747648	0.234590282374083
-3.24735865467129	1.31057679645978
-1.41151445005737	0.392781075624489
-0.154966356446739	0.053593079672572
-0.856216286785863	0.412759754837178
-0.664450846817516	0.244980889841605
-0.187138620580514	0.0622900873721921
-1.45989997523074	0.56889299920966
-0.323262123993069	0.0802314869089757
-1.16096363094197	0.401944501379568
-0.661149639306126	0.244018074007702
-2.5922919016647	0.850808961904777
-0.596237791105044	0.247555973808449
-1.17036252698776	0.396718414852606
0.240851384566262	0.0895297511527232
0.20444759272749	0.101218389944401
0.493337027104464	0.188047241368363
-1.09099616874856	0.495008410349858
-1.87788154650517	0.876371629451988
-3.84146597740596	1.8631571120044
-2.95050784791928	1.06273716713851
-1.6666819031763	0.70985501400146
-3.23467591426078	1.28622604981977
-3.8599695100187	1.88935533200801
-1.61096178254068	0.932845681119316
-0.376078780294403	0.143610021436323
0.948875245579521	0.342255962349792
-3.85391006178274	1.88479387627154
-0.384128217396998	0.122448353493845
-0.380841264699724	0.123517522888366
-1.16513923828607	0.401391514506918
-0.408079927488449	0.131825623913095
-1.25332558033822	0.615988618225625
-0.155612907204716	0.0536744841077296
-1.26232828467929	0.604053653709208
-0.957595685263985	0.498214591520124
-1.69398296565989	0.709572237849685
0.387357416083663	0.0889793030361124
0.496835648825203	0.190682111678736
0.948502442595783	0.343903809983503
-1.45641507196522	0.571159867497038
2.5827029666934	0.95444482507333
-3.25003230842772	1.29016178378762
-2.95759521661126	1.0747264122287
0.110729288299038	0.0359919402170384
-0.891807086299116	0.361785111173516
-3.25037831047555	1.31072968763222
0.377430138069654	0.0870207847909504
-1.68972738545822	0.729508832623155
-0.444727585917955	0.205577503686285
-1.40486682457659	0.736492755256501
-0.0411789260057872	0.0112006867095667
-0.18419869745926	0.0715156246702848
-1.26067424408053	0.593802470081311
-3.23488705770369	1.30740157520254
-0.687636229342405	0.251026284915279
-0.714931267293636	0.325907227181754
2.31021737511462	1.19601889706368
-0.867632033591656	0.428384474590578
-3.48231979349352	1.49089983107
-2.94789681561174	1.07770443059943
-0.800995785218802	0.237876280195171
-0.8597755629131	0.426624316353182
-2.11793804739448	0.63135655885096
-2.12405038734904	0.637549783253442
0.167561921109508	0.0680105003245437
-0.325496088733371	0.0796803271427964
-0.453387489796704	0.20061382180467
0.38712249202939	0.0889469399976088
0.916592367162469	0.329090486530562
1.62007318185598	1.2799016567259
0.387357416083663	0.0889793030361124
-1.20563947147902	0.717231941287344
-0.806209579875503	0.240319387510702
-0.895877427893124	0.36674062281961
0.232792565791721	0.0863444049114738
-1.4418948059152	0.562136887168944
-1.15741603323185	0.396231221189313
-1.44869322969647	0.563969391250078
-0.562278515653788	0.234342277373041
-0.395683095478787	0.12929756844192
0.0171251435269362	0.0058450166280885
-0.720415578328645	0.328666202377615
-1.4422474611359	0.562390028174129
-4.02232086914182	2.0442906094292
-1.41258048711295	0.392583212481328
-0.667223689061263	0.248039590784861
-2.58792662580816	0.864420955691165
0.016500826280186	0.00567544580425156
-3.49779096648462	1.49642101085335
-1.69931377437524	0.73464404791869
-0.0275616124359281	0.00792257020973791
2.3123671999841	1.18916171457273
-3.25037831047555	1.31072968763222
1.07536468817493	0.555480683137743
0.124388753719206	0.0390415463058094
-0.571922740758995	0.239535161847725
-0.559602009959562	0.274044381978494
0.114079101660166	0.0366073739253623
-1.71132421555312	0.717188275423977
-0.57183542940744	0.243840525951209
-1.40241648000993	0.731965286104035
-1.4411239129881	0.556713781177132
-0.84834198800628	0.415932972239299
-1.69386003293317	0.723241683908137
-1.15975377431805	0.39756928416027
-0.679314190120471	0.250445451912004
-1.16670615080275	0.399031911652578
-2.12755727202608	0.636162768540828
-1.43280120331209	0.552488700743599
-0.390295191187929	0.143870057425469
-1.44725578707284	0.563449404759838
-0.179464750749431	0.0677745031283959
-2.61787170637031	0.850818443402165
-0.0418805318080997	0.0112361923080978
0.93729224472921	0.341351702463887
0.609467504276558	0.300419715939104
-0.678912207684013	0.250316871484782
0.435004018193736	0.1261236136782
-0.392760602817352	0.149039735979235
-1.49310692781671	0.819941987783386
-1.05831427676212	0.58148887810986
-2.58560696274245	1.64728948687282
-0.687622996037276	0.426607201951331
-0.165102702948471	0.0633240218632375
-0.0379691139427916	0.0102769992534417
-4.27676995408422	2.33423480520092
-2.05700436629576	1.02114575824242
-0.656884943561279	0.237186484649663
-1.10089509669046	0.493498532459765
-1.68771110704186	0.716144226967332
-1.17478391055795	0.405059120470836
-0.808803682910004	0.239732001245595
-1.18275363945144	0.401482019049826
1.63631203354618	0.969109453638025
-0.309496400038319	0.129481222548161
-2.0562061322162	1.0411618515741
-0.694610853971337	0.248379097193317
-1.45989997523074	0.56889299920966
-1.1543472482145	0.681487504823153
-0.852772739660136	0.418603141180459
-0.183323091555135	0.0618829595934199
-1.08588076668583	0.478321226388324
-0.67604074034217	0.24739103268624
-2.59010690959944	0.863676284132476
-1.45664368297955	0.567957712660676
-1.88111256868829	0.877443916131252
-1.85134748747308	1.68897320263596
0.0580720000425359	0.0254522351497836
-1.42237169275993	0.964493963909058
-0.805317901758974	0.240245271413442
-1.18098204960416	0.410054489421751
-1.45077620207201	0.565617223740927
-2.59010690959944	0.863676284132476
-1.15441429700433	0.396842666670552
-1.45964341759176	0.56585658149948
-2.04183164780231	1.02621686705841
-1.15473967554762	0.397017347944234
-0.793372555865882	0.233212461554592
-0.576947251162836	0.242912128217398
0.939330850052488	0.336036186330138
-0.908695438725455	0.37458253595936
0.844185054512833	0.348122267403657
-1.25891563596571	0.613712955523034
-3.23763075302678	1.26909461841585
-0.0912713397217604	0.0384673870218016
-0.667784848378711	0.238665907528448
-0.806209579875503	0.240319387510702
-1.39821280046883	0.732905978900768
-0.904977387852015	0.371243352750362
-1.16645083047233	0.677162194324916
-1.86636554142638	0.868908518222569
-3.47592836562483	1.51632163436114
-0.901024724737251	0.363559401287153
-2.11625496161792	0.64084087948516
-3.69383740793434	1.69311150538724
-1.09317160258946	0.498082269195895
-0.88532141760165	0.36172066233038
-0.56852759048798	0.239224008353847
-1.9045327640192	0.883706263192388
-0.539861403609827	0.304523933230717
-1.26941407647564	0.619964750505167
-1.39534287784962	0.694680450212369
-0.323262123993069	0.0802314869089757
-0.558899981080086	0.236626582387679
-2.59010690959944	0.863676284132476
-1.10224823322303	0.496166165186044
-1.89481595816793	0.868511012814723
-0.0318337231250206	0.00872176000598201
0.471927771891935	0.160813290873863
-1.86847906435772	0.871390717217763
-0.664470251108374	0.240096663844206
-0.3404581794267	0.0832225366533605
-3.24735865467129	1.31057679645978
-3.23467591426078	1.28622604981977
-1.68070001194223	0.727670564495973
-0.329833379522388	0.080964167982724
-1.41151445005737	0.392781075624489
2.02456188715184	0.870203152915932
-0.675584505697562	0.249858758690717
-3.24083293406887	1.30703683631488
-0.339796198674237	0.0822833342900926
-0.566754660952393	0.24194039523395
-0.580352933735675	0.246708933466193
-0.439606026900302	0.201803412814779
1.14995929943828	0.359644120216764
0.229661458560605	0.0847197810679458
-0.656124091177219	0.236738073916541
0.499019518858708	0.196936170271778
0.195031060039633	0.086903294595555
-0.603513429956744	0.250438617329082
-3.49164847125527	1.49812388350468
-0.897349245197074	0.365875359988652
-0.0164566105005402	0.00439479454690125
-0.80501670800391	0.240131535761597
-1.16096363094197	0.401944501379568
-0.803562149352311	0.239959706780035
-1.26641198966933	0.612801200571557
-1.67272830791908	0.992108423355406
-0.902389031959164	0.368911633157084
-2.31367460601968	1.29651444703002
-1.45350459123829	0.564383077541792
-2.94789681561174	1.07770443059943
-0.1511722677842	0.0580778557024923
-4.4677591174535	2.57360966715908
-0.379598142307853	0.12188829003569
-1.09856323128446	0.490414987547099
-2.9540630304766	1.0929499144108
-0.883033992425623	0.530652038757112
-0.96131974723736	0.498919671810067
-0.163703975264566	0.0632380872865186
-1.68153170595574	0.720876388916263
-0.982049948331413	0.49239338050825
-2.59403623540671	0.862321687590532
-0.818903257684985	0.240815018057717
-2.96012918084926	1.06994382147187
1.64745365950878	0.637896288405134
-3.46668204335763	1.49581723292627
-0.705964542589395	0.323001856521425
-1.11147811765831	0.479797389387317
-0.664470251108374	0.240096663844206
2.01547631886749	0.883142680934657
-2.11625496161792	0.64084087948516
-0.371981541305843	0.119086720502077
-0.659811932846578	0.240051086829384
0.474240442647718	0.159367504128611
0.449352281882547	0.128044336772013
0.386804340501861	0.0890870371925953
-0.410532748148843	0.130971481610973
0.931461512158828	0.341027051707283
-0.854436875809962	0.423202386592992
-0.33689119721015	0.0827090533192686
2.5847753763123	0.951434056294316
-4.15111407064855	2.21487787401482
-3.25320759529616	1.28763624573944
0.160866788675588	0.0658604246335249
-2.50225713074185	1.51106750412669
-0.0349262065046586	0.00968328522045341
-2.9540630304766	1.0929499144108
0.0119364140669414	0.00468952757105561
-4.14252391175364	2.22227784076576
-1.10411511374799	0.499331265873472
-1.44834067236736	0.563716343951873
-0.67463617582403	0.244774874948673
0.380220335111381	0.0881615126503493
-3.22878680411869	1.29317391796469
-1.43280120331209	0.552488700743599
0.506511643475158	0.198606273126737
-0.398905563943427	0.153824100813226
-0.502104702282369	0.456843971791863
-3.68452290555594	1.7077560848722
-1.87926422690358	0.872961501720823
-1.13210709008755	0.654500189092321
-0.905654568378434	0.368372927616685
-1.41151445005737	0.392781075624489
-2.06466326661493	1.02885317667119
-2.17678260524821	1.14344969598865
-0.321238070497515	0.0797644464023098
-0.379412717990058	0.139620603706343
-1.05463690390027	0.56140991626389
0.499019518858708	0.196936170271778
-1.26860115057559	0.596267347200952
0.942420266311117	0.342341795936149
-2.05039809681286	1.0025753269067
-1.39120380890303	0.727775736306907
-1.18057637665644	0.860270081289855
-0.815532670497478	0.462817354538654
-1.88371877391589	0.880444988845575
-4.13670547619058	2.21588840055392
-0.666845009267044	0.247728888127117
0.474965512119203	0.156614600867738
-1.15174529517287	0.395382663763623
-1.17289203153748	0.39897600492709
-0.320646301543027	0.134247001027639
-0.379666024758981	0.145085732652946
0.934988669040866	0.34298285576984
1.30747396521347	0.565488230981729
-1.17782696732129	0.401683212553018
-0.330531747699963	0.0809413806785777
-0.390559894504563	0.124742249042287
0.453161409143611	0.156185955853759
-1.41258048711295	0.392583212481328
1.65357323521577	0.611135014087292
-2.50683042609272	1.49757461510094
-3.23820194400546	1.29276369359999
-0.319004015513152	0.078546017662404
-2.11793804739448	0.63135655885096
0.380220335111381	0.0881615126503493
-0.385213220885427	0.147887021021336
-3.47274287589245	1.51648375272542
-1.18145958339327	0.396881729710616
-1.16813538595839	0.397245421956287
-0.382539694043283	0.145061648008946
-0.376565472316231	0.144593388029677
-0.40235403104152	0.130467225005249
-3.6876689155222	1.71183827714487
0.305343523863833	0.125849523123246
0.810736522234037	0.374736132041532
-0.375999308640167	0.119809706641146
-0.720773122022764	0.325769223519957
0.460400643760759	0.156374361364244
-1.08241530226151	0.486529497037678
0.852426813602405	0.353889339305681
-1.16096363094197	0.401944501379568
0.844515381404119	0.465829672033126
-1.68520335524785	0.713760511838772
-1.8931291900465	0.865817633162151
-0.969506150743806	0.509636055130063
-1.09962724135125	0.496619724795418
-0.664450846817516	0.244980889841605
-3.85930260442619	1.86295538092855
-0.0431730787802351	0.0188193212744955
-0.43498597963321	0.251735279470884
-0.129437614270654	0.0607457870785051
-1.88972047332776	0.880551572667919
-0.135067644629588	0.0458765951561712
-2.59845649583922	0.862453075010557
1.32276174764868	0.781759473742037
-3.23467591426078	1.28622604981977
0.234393221482388	0.0867229937506694
-3.24083293406887	1.30703683631488
-3.24118886779147	1.29634317978052
1.80577814402211	0.579897169515412
-1.44240008219954	0.55453972021473
-0.898388059169653	0.364129087164617
-0.661952819749469	0.241686113257758
1.30266856875786	0.569776086271543
0.442856347300599	0.127861063358963
-2.04199728869309	1.01259212546401
-0.911375019571783	0.36309166623641
0.424120811494044	0.218672801223168
-0.916877516573997	0.376773913263284
-0.896324300352671	0.371638254380291
0.839944740781573	0.348092956656499
-2.60465100188129	0.855808724204004
-2.96710706136531	1.07261956720226
-1.09823011379496	0.485515158738436
-1.70268889288156	0.719677788627563
-3.225852481252	1.28741618842071
1.3059766207843	0.564869257501267
-0.895768206992013	0.367054140655916
-0.899129992433957	0.36833037579776
0.116215536609213	0.0373834496317321
-3.25037831047555	1.31072968763222
1.13632149957436	0.350693702520287
-2.94529170648287	1.08184221173329
-0.801356882747648	0.234590282374083
-3.46668204335763	1.49581723292627
-0.675081235409963	0.248364261974276
2.58246518877188	0.954808913265067
0.476580824457229	0.18550835999103
-3.23763075302678	1.26909461841585
0.105354293605144	0.0341537649151167
-0.0422082777316648	0.0113174876266956
0.848791025992938	0.352493963638685
-0.40584132447193	0.129604089248159
-0.892526260761982	0.362361503992066
-2.19987911649046	1.17291957816461
-0.558418988008759	0.231139845570884
-1.67245726480501	0.714136716544832
-2.11625496161792	0.64084087948516
-0.381463604808591	0.122973030731371
-4.37849450842266	2.50203761395073
-0.387895955868344	0.146742278047548
0.814279821717763	0.419370086279642
-0.724346245482437	0.333548306744038
-0.800920844225984	0.236493729089377
0.159240510639158	0.0642850632026167
-0.313198713981542	0.128194942555596
-2.94529170648287	1.08184221173329
-3.47620244611808	1.46505327692983
-0.0245134527273917	0.00722807305418947
-2.96636789255138	1.08488428798663
-1.45046587518472	0.561786605061018
-1.36046515590512	1.70532174195041
-0.994843210766962	0.755371016760182
-0.476643654652294	0.284382828043248
0.03030058187663	0.0098020138060018
-0.373915623789027	0.144005684962769
-3.45722643835723	1.46453702446525
-0.166526096265803	0.055835434401097
-0.903238692441113	0.37304646328457
-2.95142896060397	1.0932285262034
-0.565570213104793	0.238712564447167
-1.68721615388464	0.725141563332268
-0.38204120834183	0.123092097977295
-1.68509018627713	0.723044093624775
0.946793857518808	0.330958496459525
-0.387094054999915	0.125239261633603
-0.153046602892916	0.0515490810867323
-0.798989269292726	0.237086792656774
-0.796027809725694	0.236609990316831
-0.385895596033402	0.123377539382582
1.0445718769807	0.606156365073441
-0.667758859177929	0.245052977515653
-0.711019141410272	0.323094760670152
-1.24147451384385	0.604350561600329
-2.19559859817816	1.18080825020254
-1.69104688868921	0.710511703245113
-1.69352390790485	0.723154085253671
-0.92806540838508	0.371156796679514
-1.16215021976043	0.402036390268638
-0.3331330760095	0.0815412363084536
-0.679286991497672	0.244796644871848
-0.164919641444361	0.0553062983485436
-0.860406424715334	0.421027410297051
-1.41258048711295	0.392583212481328
-0.323477055228385	0.0792210886710328
-0.842307034799232	0.408707884536568
-1.43954488487639	0.556393924070414
-1.15916830230631	0.400381516841368
-1.6801664759961	0.701788816865139
-2.94789681561174	1.07770443059943
-0.585992516476994	0.245987833206056
-3.86288324058891	1.84353305359891
-1.68153170595574	0.720876388916263
-1.41258048711295	0.392583212481328
-2.04477109848982	1.03555051751709
-2.12405038734904	0.637549783253442
-2.0562061322162	1.0411618515741
0.937620332174016	0.34123146611026
0.38712249202939	0.0889469399976088
-0.457461168785209	0.203848899757813
-0.168101379455469	0.0654065372311113
-1.67496927014951	0.719256786998181
-2.97263663991778	1.07714274841451
0.496405523457775	0.196206431417155
-2.42744051307935	1.43067096155572
-2.96636789255138	1.08488428798663
-2.01570066483261	1.48230471415731
-1.14478376459228	0.674585651473279
-4.02247545101646	2.02195265688179
-0.892631316509532	0.363974661181836
-3.68167186441117	1.68682802761657
-1.08505100764962	0.485922644218694
-1.25762205346435	0.610540628221561
-1.16297906407246	0.403133997050686
-1.61128663304047	0.93235437227841
-2.60192339491697	0.856976680712227
-1.09579511916366	0.485783521359506
-0.782178420617281	0.897063786313523
-0.37400731006596	0.253539658046444
-0.924017239020287	0.935474973052256
-0.421585599414686	0.241590370041194
-0.739484846026107	0.475718477415341
-1.38583205169105	0.71764995856872
-1.79271929044493	1.05254923216316
-1.08197267522582	0.485890135941201
-0.896813118455164	0.367893475171397
-1.33741290299782	0.876503028531835
-1.4687015216467	0.563547814359396
1.30818851542872	0.578982775039473
-0.398554448551659	0.150914794040936
-0.899425257985851	0.369118454071222
0.462881127376903	0.157548583302465
-0.896252048508712	0.365149587456397
-1.39930222351971	0.721197976945377
-1.67276138173406	0.718416422594796
0.447160556978932	0.153361129664123
-0.166254528176605	0.0650600690061905
-0.850895142037048	0.408147343927531
-0.214884720889432	0.0949824214614423
-1.30363102460703	1.03544584489483
-0.736000908558766	0.405183328749545
-1.13251913382515	0.646460518241986
-0.71334504589128	0.327064791337305
-1.40679432513749	0.734523686522677
-0.675821351062246	0.339436882919919
3.06190782775183	1.28672322621522
-0.000486805928841726	0.00012929152251985
-2.51412709422483	1.52561703170336
-0.798989269292726	0.237086792656774
0.433061576647609	0.125210690141933
0.809233773314866	0.375780546079523
0.566525465655602	0.249534583229998
-1.68229847576245	0.703787279021516
-1.4876573171104	0.793145698326672
-0.956616354954504	0.492798834886819
0.0232935657636495	0.00790738473200819
-2.11793804739448	0.63135655885096
-3.24381632723908	1.29116659560307
0.479975959754516	0.162847845377406
-1.09927974876661	0.498779472678292
-0.673854002508923	0.244217374377327
-2.5922919016647	0.850808961904777
-0.798689244210115	0.236974923937834
-0.899432446920776	0.369502620903281
-0.177769987361618	0.0598788420070995
-0.158366751900379	0.0540005500252325
0.119478304617427	0.0385037671495187
0.222391820233222	0.0814462152331408
-4.53863452016107	2.70584144586416
-0.165267085272423	0.0641429196754179
-1.89296514272045	0.887027726616325
-3.70322098187002	1.66326215181989
0.423183939558447	0.202391126922971
-1.27230037428166	0.604129297914914
-0.0305932461197217	0.0137060041920582
-1.4578201705119	0.567241217369294
0.508714726191408	0.199284116157632
0.168484466396098	0.068790939493415
-0.669430018869119	0.246362780889304
0.452954269384604	0.155546680127535
-1.67032575941929	0.712070787294208
-1.67573110729718	0.713857963696588
-0.68174202281219	0.252758849593217
-1.44755169538948	0.566291028072655
-1.70798622596519	0.720153407769754
-1.88078066400755	0.887768995044079
-0.653886594727217	0.342772122644452
-4.01340339106044	2.01575270697005
-0.835958201671184	0.73003435393989
-1.09471838086875	0.882799467919651
-1.27500450000106	0.988151975233618
-1.96153944017321	1.89294246051641
-0.685920203005102	0.421829522795676
-4.38957109140216	2.47794315698504
-1.23396999123104	0.745696210180157
-0.405142591394979	0.154505164547519
-1.67245726480501	0.714136716544832
-0.379244095771449	0.120342746878557
-2.59403623540671	0.862321687590532
-2.60813195408957	0.864987713070213
-0.707885165758058	0.318475922057408
-1.43599383316359	0.555497465507665
-2.60813195408957	0.864987713070213
-0.720160080660135	0.327325625178219
0.0102313089063339	0.00439363878881835
1.15673870532033	0.352530629186162
-2.32305499343939	1.2857532751321
-1.67322255840992	0.711469740774842
-2.19043073984268	1.17646994300594
-1.22131034983743	0.749849774954922
-2.89221810213756	2.14751306764729
-0.461526661748471	0.207844961244398
-1.71210254749043	0.706475352606311
-1.39121818778525	0.715109411662155
-1.05798749061815	0.59167963870926
-3.23820194400546	1.29276369359999
-0.571927189209147	0.240552635525604
-0.808501676107518	0.239618852733624
-2.17346567363321	1.14691470281544
-0.67604074034217	0.24739103268624
-1.16513923828607	0.401391514506918
0.106227805573364	0.034228328774544
-0.320968214320357	0.0797036181189048
-0.894021529479501	0.358535175846228
-1.10224823322303	0.496166165186044
-1.16837665212182	0.407051409037973
0.387357416083663	0.0889793030361124
-0.389994038049412	0.127164690109231
0.00121775943201694	0.000787498518525739
-0.0390092315591206	0.0105214493978848
-0.0318907411278532	0.00898739411486295
-2.59010690959944	0.863676284132476
-2.94529170648287	1.08184221173329
-0.798689244210115	0.236974923937834
-0.158190558734693	0.0607871363511337
0.942698468339098	0.338407957178798
-4.15096101556994	2.19769235093951
-0.576228817055156	0.280522454200161
-4.14247217739361	2.19022114595808
-3.85714190938429	1.8734837156198
-2.5939754355692	1.634950760055
-2.96025858149038	1.08487677119721
-0.949695512892468	0.48778653035963
-1.09317160258946	0.498082269195895
-1.27910183787852	0.604489792527061
2.00032619806454	0.899743023662988
0.446633383608558	0.125700161843211
-1.38218852150663	0.718430567907271
-1.87280379501913	0.876484202305989
-1.78047220497559	1.12820175289231
-2.29189631085169	1.27187144259099
-0.900057694873661	0.367075940086023
-1.45641507196522	0.571159867497038
-1.09025233084514	0.483227660702483
-1.07237977243045	0.580579608619603
-1.09496763119848	1.15489266258931
-1.6297708623586	1.30449427575868
-3.84746453687368	1.88988334428878
0.504847505783648	0.19463521004315
-0.559405696100001	0.232027669442387
0.328255247303031	0.139317126469653
-0.323207416487251	0.0791611694499776
-0.806209579875503	0.240319387510702
-1.15441429700433	0.396842666670552
1.85810109112729	1.05237460155735
-0.376410268387516	0.142550095816166
-2.11625496161792	0.64084087948516
0.00476244178984578	0.00175054018499064
0.239924304750339	0.0889955050533325
-0.395165977360432	0.124334718653945
-0.393174686541153	0.125146446665741
-0.668136083579747	0.245355219166983
0.466563530815299	0.159572117871266
0.933168938937608	0.33578077411867
-2.94789681561174	1.07770443059943
-3.47620244611808	1.46505327692983
-1.04987750574717	0.840764907914145
-1.05517855888	0.589694412462024
-1.40935580698882	0.953496195319044
-1.22684026513281	0.908809910123499
-0.0121603854914228	0.00558838173964615
0.326428198127271	0.169371062481174
-0.558386003240538	0.23402026210155
-1.39025504018232	0.728106791219131
-2.30383770688649	1.28013050170192
-0.897227689808135	0.368357820502233
-1.67687966957579	0.709146160888777
-1.44755169538948	0.566291028072655
-3.26273367999857	1.27686070625844
-0.369885826376542	0.118083360243207
0.849436655067684	0.347069929449862
-1.45368349758618	0.555977822550464
-0.800995785218802	0.237876280195171
1.51187321538032	1.08675085484469
-3.24083293406887	1.30703683631488
-1.15774121057203	0.396404960642202
-2.94529170648287	1.08184221173329
2.57066000659288	0.949369245848186
-0.378798451999018	0.122565991321324
-3.83506822329879	1.85422987440123
-0.801356882747648	0.234590282374083
1.81275735644485	0.578334100363068
0.912968660386918	0.325497379482094
0.389091380780796	0.0893837858796829
0.463020223730697	0.159141401361422
1.5818048545943	0.775281229521047
3.07695428244317	1.27333343981167
-2.59624396554541	0.871838624210666
-1.09408321832319	0.494014707361154
-3.24381632723908	1.29116659560307
-0.821616397490762	0.241627993300445
-1.07665600432113	0.476836701182666
-1.46602813118027	0.558006452549911
-1.50035368562333	0.825033989116437
-1.90317694757211	0.872000173021262
-1.43524384937498	0.554349554798128
-1.15441429700433	0.396842666670552
-2.19489138165034	1.136438714126
-1.44869322969647	0.563969391250078
-0.33689119721015	0.0827090533192686
-2.17864047704302	1.16070238265924
-1.87822309919765	0.872932573708714
-3.86029891144902	1.8529405916714
-2.59746896280767	0.856847653258548
-2.95759521661126	1.0747264122287
-0.577730971801326	0.451228471857728
-1.92565865896689	1.84231349453197
-0.364630027374234	0.225140114868804
-1.2796206243099	1.0119379245004
-0.447967894078263	0.199900897122758
-0.724751011637389	0.335264979275469
0.53162464324144	0.232455142799071
-1.45319382393629	0.571863884400649
0.114440583835001	0.0368606398696972
-0.910989829180631	0.375953539455197
-1.15975377431805	0.39756928416027
-3.87857081103626	1.83861413028145
-0.146781354805702	0.0500645404588765
-2.18078742213323	1.15380688747713
0.0114331150531972	0.0039521150252036
0.387357416083663	0.0889793030361124
0.076415111480286	0.0334806458095837
-2.96025858149038	1.08487677119721
0.447414319777381	0.152120603490962
-1.46073115728567	0.562823874568484
-1.51804052612094	0.819621549955669
-2.65410129871389	1.74594313456112
-1.67650270386278	0.708820000926994
-1.29076258917458	0.829214800331926
-0.0964056679303372	0.0451963305219724
-0.321717493576001	0.136590489720135
-1.42180649185987	0.978879570820014
-0.554425890218425	0.269655051241543
-2.04477109848982	1.03555051751709
-1.70519284465442	0.722069006570006
0.449011705230312	0.152415257499227
-1.8832500550001	0.883723793210484
1.64001387550127	0.631392365244923
0.437463282999677	0.126015112770028
-2.05047581443448	1.0284087258942
-0.804636941304096	0.238276931876845
1.3039147078919	0.564624953568431
-3.2317279398944	1.29267978140064
-1.15916830230631	0.400381516841368
-1.08235185373772	0.485474435454663
-0.855353866664752	0.426127847706707
-0.918650754184982	0.370072020450788
0.11647326084241	0.0373320480484961
-0.91411600569245	0.372284344712446
-0.670266684765267	0.247028571410935
2.55926165200784	1.47173078644793
-1.41151445005737	0.392781075624489
0.440163025510079	0.128436134724386
0.127297342860098	0.0397455722439511
-3.47592836562483	1.51632163436114
0.463895117391503	0.161555490322894
1.15471996708934	0.357712411221442
0.137305190171619	0.0432149379644928
0.84241853159894	0.352868774774245
-3.85714190938429	1.8734837156198
0.494201294494764	0.194144792000147
0.505626594132621	0.200065067276513
0.513140939180671	0.201282873618617
-2.20818938447416	1.15280794334935
-3.25653960740236	1.30282593007707
0.486820223500332	0.189144002359248
-1.62320975902547	0.939647007309901
-0.91965985635368	0.374592843871098
0.797631471317004	0.3663946018121
-3.47876479685015	1.50890351346878
-0.169179890411557	0.0893557468390002
-0.933609534676158	0.866782249684585
-0.453623463516666	0.29930725855196
-0.216936809257292	0.0941691522221862
-1.39996799854837	0.964383118346711
-1.09653671468843	0.497092497390993
0.444854208791125	0.127991221299979
1.14479905476686	0.353551666096621
1.30818851542872	0.578982775039473
-0.810014808525441	0.239459859761047
0.38712249202939	0.0889469399976088
-1.87822309919765	0.872932573708714
-1.88159618990791	0.86371147415202
0.942749240237228	0.347582417012192
-0.736727881280291	0.334389814502677
0.126484193825445	0.0408319373317654
1.60684555267708	0.818892276504791
-2.95217308542817	1.0695463308063
-1.44163221685713	0.558016897010047
-3.69344045977115	1.61324523343467
-2.41427667690668	1.42172489106051
-1.49478163879166	0.82084074239734
-1.06947582130075	0.722585261904938
-1.3562217435316	0.894851031657898
-0.95059036828165	0.592533968465616
-0.638997420840713	0.335636294152914
-1.46998988127498	1.30118178619841
-0.324968298561527	0.177093525201022
-0.962400005029194	0.497243747079172
-0.37389189622792	0.144246799923437
-4.4687837911297	2.62139636327326
-3.68753019741465	1.66619832319796
-0.172345657272289	0.0579682454098773
-1.12092065624238	0.494617025764421
-0.389168027318196	0.123199372278364
-2.11457542201993	0.632270703085136
-0.690103306490954	0.252030632949005
-1.05328501333564	0.576885926463036
-0.742405822505352	0.33934497332794
0.106215684973608	0.0342283398942624
-2.58792662580816	0.864420955691165
-0.311607343673187	0.129271486860536
2.56652804806831	1.47331594963881
-0.385213220885427	0.147887021021336
-0.323207416487251	0.0791611694499776
-0.0359734311814566	0.00979180062122869
0.105780051998882	0.0347629317023168
-0.0347268574752394	0.00941980457804809
0.373898439728092	0.0868259292003649
-1.16903837662951	0.400372928845436
-3.24083293406887	1.30703683631488
-3.23467591426078	1.28622604981977
-1.87877489684636	0.867200993756801
-0.376353404548733	0.121358651750687
-3.23785651969922	1.31106301795449
-2.95670313229087	1.0799832472719
-0.679617003298154	0.251049619763646
-1.89572785227452	0.889382695323408
-1.89249128785248	0.875900638911631
-0.888110394369176	0.364574844169726
-0.581476839182709	0.245098782696617
-3.51053551401489	1.45855424100216
-1.09606494544447	0.496635160833386
-4.5647373034906	2.75948643330348
-1.23589246034735	0.590840930608068
-1.15675679409825	0.398189095706627
-2.95142896060397	1.0932285262034
-2.18186380682294	1.14332224254194
-2.59010690959944	0.863676284132476
-3.23820194400546	1.29276369359999
-2.03922096512032	1.02272799455309
-2.94529170648287	1.08184221173329
-0.707990316043926	0.511060082568675
-2.23831082652409	2.5377581429358
-0.789167082540182	0.678479345691253
-0.548834280918603	0.269002880127964
-0.919586942150313	0.378621479381541
-0.822407349997153	0.243770609571773
-1.41861533435082	0.392208760255697
-0.67145101155052	0.243810412128109
-3.24702004054533	1.30325594009619
0.299936372050793	0.13878432145071
-1.37223615027519	0.710588474021527
-1.16074992863818	0.392371141727899
-1.45641507196522	0.571159867497038
-0.1113063541521	0.0464468159342666
-4.26822616259671	2.36775202492884
-0.889904775887682	0.355043948711555
-2.02504542740292	1.3901003234872
-0.968991549646274	0.50765243211748
-2.42201912502382	1.42116938137856
-1.60458574427311	0.930196294329277
-0.966268429915433	0.505329571408446
-1.06113113109003	0.725074094708912
-0.137846523395226	0.0572135290898968
-1.50133992557487	1.08230554496998
-1.33200913364085	0.859606655943977
-0.328426563193531	0.140014525222036
0.437057431410547	0.125015499383205
-4.15111407064855	2.21487787401482
0.504821514214565	0.191668577154279
-3.23785651969922	1.31106301795449
-0.330531747699963	0.0809413806785777
0.447649743178098	0.129451169297451
-1.12130247985811	0.501613649073987
1.15471996708934	0.357712411221442
-1.68885583483927	1.01243663131207
-0.892940586750033	0.363976057957047
-0.808803682910004	0.239732001245595
-2.11793804739448	0.63135655885096
-0.380887389973227	0.121921418821155
-0.0357454376847874	0.00976622940795512
-2.94269249920511	1.07887837307104
0.00621261684230442	0.00245340179503657
0.025059852534738	0.0084056234708967
-2.20198352273674	1.12639984597125
1.81256361946551	0.57834251056048
-1.16215021976043	0.402036390268638
0.0118841973008558	0.00446841667208532
-0.378950721383873	0.145337464210395
-4.15096101556994	2.19769235093951
-2.96710706136531	1.07261956720226
-0.891394728991236	0.361336297171345
-2.11793804739448	0.63135655885096
-0.160457682320575	0.0622147632319924
-1.24945805414956	0.597056028704274
-1.10457463665609	0.500007107099368
0.141744389047003	0.0577987689519527
-0.864615648302611	0.425214791796933
-3.49778101529461	1.49801851787409
-1.2358983379772	0.60062478045785
-1.59002272028765	0.903853371254777
-0.719880038396947	0.328010088442834
-0.328306601286335	0.0815148772018528
-2.96981315553691	1.0640645838116
-1.68693067287453	0.724133538988098
-3.25017794768007	1.27675515000838
-1.44511419185342	0.564380485142621
-2.06006184081815	0.989632391545727
-2.94269249920511	1.07887837307104
-2.5922919016647	0.850808961904777
0.287153491997376	0.196488689198297
-1.07761212073637	1.19996699367916
-0.0255260116428208	0.0073547714089776
0.449956490366664	0.128136304667589
-1.24705090370665	0.603394196503364
0.473124537182601	0.164307426258768
-0.328306601286335	0.0815148772018528
-1.89621470341104	0.878580428765725
-2.3156734856398	1.30497813765878
-3.48196983057548	1.5131639907559
-2.71615908880631	1.80591418374
-1.49831889277258	0.826608808449593
-2.1869895791048	1.16172713549279
-2.03660752974749	1.02225389142763
-1.06272104956825	0.713523297602328
-2.33673635262609	1.2750257923449
-2.71513289866585	1.78466986302003
-2.72033414052508	1.8298004531133
-0.7495029971754	0.474920541036586
-1.37787314389874	0.911586935073336
0.237940999893492	0.0887579493028789
-0.33056982271375	0.158024844469652
-2.42688981638213	1.42355355561157
-2.31592258631148	1.29977863744292
-0.0298858259093641	0.00849839766739087
-0.806209579875503	0.240319387510702
-3.46668204335763	1.49581723292627
-0.319004015513152	0.078546017662404
-0.134650475139206	0.0449386939387585
-1.8915490160279	0.878494542819281
-1.67032575941929	0.712070787294208
0.458926260858242	0.156283469086882
-1.27947884860247	0.610019054353545
-4.55652172758569	2.73658160473783
-1.43599383316359	0.555497465507665
-2.59010690959944	0.863676284132476
-0.3404581794267	0.0832225366533605
-1.17953762186402	0.396782487605655
-1.15441429700433	0.396842666670552
-3.67527655271152	1.70975740420734
-1.87513453329791	0.867029988526422
-2.94269249920511	1.07887837307104
-0.0482945319914785	0.0125558214219114
-3.47274287589245	1.51648375272542
-0.384443244326779	0.148311504161713
-2.06922630654948	1.01135817470195
-0.320968214320357	0.0797036181189048
-1.87028417099043	0.862013169033697
-3.89051068018946	1.82303713635964
-3.24418281608045	1.29246903367977
-0.933767399988194	0.36157515978197
-1.51965530194186	0.845840263560841
-2.04843601964153	1.01292540315231
1.31632390441975	0.561266383118407
-1.38369358489421	0.723956343730403
-2.59403623540671	0.862321687590532
-2.19489138165034	1.136438714126
-1.66592915222449	0.70780925990658
-1.39045029428779	0.713072992844626
-2.11793804739448	0.63135655885096
-1.25574873768793	0.616098901691098
-2.40552626214647	1.41368027508814
-2.05074382361204	1.01014755299555
-0.559036100302232	0.559225322478229
-0.872031603581846	0.852197602526436
-1.18136374881835	0.874035940532929
-0.849574481975276	0.581720739286692
-0.17034405180409	0.0905895260827192
-0.33004900959028	0.133481708622452
-0.922304987754877	0.371829893698035
-0.427408084726486	0.19322637056451
-2.03922096512032	1.02272799455309
-0.666869930078025	0.244197590106632
0.111110372974911	0.0360788528344242
-1.8864828341806	0.888231041705548
0.125731459006118	0.0407044661707118
0.486536310755296	0.163667996145275
-0.652915152706663	0.338056463312008
-2.30567075331764	1.30481560172573
-1.68070001194223	0.727670564495973
-1.95413476132373	1.3668941307131
-2.04536520324964	1.01813725078315
-3.4791206633941	1.50957597543244
-0.4149199118404	0.207757900829295
-1.05400609452146	0.565382445435841
-2.5864153127363	1.63985799154347
-1.50941648409809	0.842498766049904
-3.4791206633941	1.50957597543244
-2.95670313229087	1.0799832472719
-0.34539287476452	0.0828936507595409
-1.68972738545822	0.729508832623155
-3.24401486805702	1.30306765327258
-0.808015063706354	0.238672380558965
0.476328095631023	0.156755713428923
0.240851384566262	0.0895297511527232
-3.85706056389766	1.86384390083717
-2.96025858149038	1.08487677119721
0.841571061295827	0.341445552158591
-1.46633290854963	0.554269249687723
-0.808015063706354	0.238672380558965
-2.12405038734904	0.637549783253442
-1.1700722226793	0.400661982293281
0.114063456809476	0.0367754188156079
-3.85068427695974	1.88992207687603
0.385075707641674	0.0886838975959519
-1.67650270386278	0.708820000926994
0.447649743178098	0.129451169297451
0.114467459726941	0.0374168849206763
-1.25212430518244	0.588038008198964
-0.0218211847619584	0.00651731127597014
-1.06654601057738	0.5854977913484
-2.20538020573165	1.15937435714138
-1.25524602849547	0.617866479732876
-2.59969374965312	0.866171839638
-0.161940657513409	0.0526957756988413
-2.59010690959944	0.863676284132476
-1.49681258044057	0.803329319396601
-0.407833383787953	0.154344304459724
-0.67145101155052	0.243810412128109
-0.152889754696816	0.0613515791366364
-2.42296642755677	1.41058789058036
-1.67824689505471	0.72117217033679
-1.44804860578253	0.550704264899689
-0.691771721235446	0.488998295304779
-0.791813559854864	0.529234246764755
0.364859326864038	0.20586909277702
-0.685088183686335	0.25078994660355
-0.321238070497515	0.0797644464023098
-0.798989269292726	0.237086792656774
-0.0560364457182105	0.0144697295797853
0.844185054512833	0.348122267403657
1.31385837611579	0.558245582418734
-1.45142215198831	0.56274387438543
0.122329477691513	0.0393581393961156
0.114139469547169	0.036418004766124
-0.894084476710518	0.366410451794203
-0.00717739455051438	0.00217495520387058
-2.94529170648287	1.08184221173329
-2.29890957175158	1.27370616180895
0.170959190969222	0.0915983738551485
-0.553691140222426	0.342372911976846
0.406479255377612	0.214809222390424
-1.21343680701463	0.734252095577289
0.122329477691513	0.0393581393961156
-2.04448737108523	1.02150819242077
-1.47156556313894	0.572567915070448
-0.899129992433957	0.36833037579776
-0.321238070497515	0.0797644464023098
-1.44483689551087	0.55639606537252
-2.04843601964153	1.01292540315231
0.00685139431702141	0.00280639769336152
-0.152025491161975	0.0502841801954696
1.15728241410937	0.352515563851567
0.442155818180683	0.128560798875464
0.458674007260337	0.15846370021531
-3.48519446347385	1.51875923517547
0.467549006141135	0.161188456679526
-0.310736162026326	0.129323764630424
-0.578983738696086	0.281453309933235
0.11437050124874	0.0361184365889594
0.102441734122374	0.0330678504557597
-4.15409462518325	2.15422568858545
1.31912368943691	0.572635205782319
-4.1397175802239	2.21955604064222
2.31644400799118	1.19464091523016
1.15090865510945	0.349514078629439
-0.897349245197074	0.365875359988652
-1.44163221685713	0.558016897010047
-2.18466955259642	1.13683732185891
-3.23763075302678	1.26909461841585
-1.46563715703717	0.566615110452374
-2.60281334965865	1.67808001737943
-1.40276102169669	0.725376626485747
-0.810808327140363	0.240524640358914
-1.87465607135266	0.871951082303773
0.494263491726386	0.197198471621207
0.107868354899568	0.0347736231835332
-0.390911841281031	0.148099337461408
0.937620332174016	0.34123146611026
-2.20791691269294	1.1683620508169
-2.05354869673866	1.02466040409092
-2.03923812428246	1.0205895306449
-1.29295150044738	1.54114980504171
-0.993611890667433	0.890437740779296
-1.13725215947145	0.641300226709747
-0.393486012013196	0.223826321266576
-0.807644028243717	0.537002183037793
-1.15078421215149	0.390967560179397
-0.38204120834183	0.123092097977295
0.452366960240156	0.129014774531037
0.942420266311117	0.342341795936149
-2.05927934598258	1.04073103656941
-2.94529170648287	1.08184221173329
0.11647326084241	0.0373320480484961
-0.836330259699425	0.409992187927774
-1.18098204960416	0.410054489421751
-0.0218211847619584	0.00651731127597014
-1.43599383316359	0.555497465507665
-0.964624684327289	0.511656815504223
-1.29361617198727	0.817938784527653
-1.29889211598358	0.810245866265915
-2.17860991313942	1.16256066560708
-1.4410714614068	1.25545687134779
-0.323640837268758	0.17292111664452
-3.11511780638965	2.45996869595839
0.353212389857399	0.265671771028015
-0.888561376538454	0.362301415751825
0.119565395421238	0.0384118471908133
-2.30906679124573	1.27844753579726
-2.41978502735342	1.42189804266796
-3.85068427695974	1.88992207687603
-3.2317279398944	1.29267978140064
-2.33201853269631	1.30276272511096
-2.07336065728476	0.997851476080762
-2.59403623540671	0.862321687590532
-0.725296295121536	0.335955270344909
-2.04843601964153	1.01292540315231
0.45389272193054	0.155833747546687
-0.798339580557216	0.237512976825991
-0.328306601286335	0.0815148772018528
-1.15675679409825	0.398189095706627
-0.149780624181888	0.0507337167719436
-1.48433357445269	0.797353120217552
-0.803562149352311	0.239959706780035
-1.41151445005737	0.392781075624489
-1.41258048711295	0.392583212481328
-4.02543192582504	2.05584674662342
-2.04796596544954	1.02006134779348
-0.558418988008759	0.231139845570884
-1.46602813118027	0.558006452549911
-1.43599383316359	0.555497465507665
-1.67604085297162	0.72220532792672
-1.39059009427183	0.713562013467289
-1.38423126817764	0.725082139281118
-1.88727516247431	0.884129303669026
-0.913611904116903	0.376392606704597
-4.46704148419308	2.63028072697998
-1.62428338195324	0.902876405308147
-1.2438809347372	0.599040837021128
-0.664470251108374	0.240096663844206
1.06009403469608	0.571354183036565
-1.15916830230631	0.400381516841368
-2.9540630304766	1.0929499144108
-3.24434517105441	1.29584519443373
-4.13670547619058	2.21588840055392
-2.59845649583922	0.862453075010557
-1.05549709364449	0.921416457463459
-0.922762553472556	1.04359081186119
-0.739801022770635	0.751445149620565
-1.2587086164682	1.32360601250025
-1.17441985022447	0.404210618344489
-0.177272436491976	0.0694302824350798
0.38712249202939	0.0889469399976088
-2.94789681561174	1.07770443059943
-3.85659591814298	1.8920871760735
-2.05397897585203	1.03024872663698
-1.25841150467458	0.618998584545944
-0.0498671805121394	0.013087551895603
-0.838662777537973	0.240777479875848
-1.25842155816529	0.612832554445536
-1.38700723721609	0.695110695154365
-1.04910292086004	0.558722330386172
-1.49333924875942	0.798174966891328
-1.29163900832279	0.816213521358006
-2.57630112849508	1.63474614009099
-2.92725760321133	2.17018114006194
-0.879035894653285	0.596259239178827
-0.261217715997974	0.135096903081122
-0.864726285478963	0.421381451845365
-1.09019120205234	0.489595574869652
-4.47264069829053	2.63389132281593
-0.0402571787260352	0.0108533626026386
-1.17953762186402	0.396782487605655
0.446633383608558	0.125700161843211
-1.08543151818137	0.484549766254989
-0.679720196957315	0.248340058313305
-2.13019278806774	0.625915142677584
-0.399704317300905	0.152437307748635
-1.41258048711295	0.392583212481328
-1.87562645362376	0.860629373678806
-1.44546679835197	0.564634670764445
-2.95142896060397	1.0932285262034
-1.41258048711295	0.392583212481328
-0.889177218443487	0.35904656745472
-2.18659919448505	1.16476183939529
-2.59010690959944	0.863676284132476
-3.2471838157023	1.27710488997357
-2.12755727202608	0.636162768540828
-0.388311011799665	0.144438007663112
-0.810014808525441	0.239459859761047
-1.15441429700433	0.396842666670552
0.381939954112183	0.0885630978825824
-0.175170313762986	0.059452916960887
-0.97760457194776	0.507420964859737
-0.375999308640167	0.119809706641146
-1.45664368297955	0.567957712660676
1.14969984760416	0.357649385936917
-1.09562121183444	0.498929015971727
-0.913933447416449	0.358432449188083
0.449849650139637	0.153588758901524
-3.48518174918694	1.50928886670032
-2.07028383766946	1.00168332053213
-2.96012918084926	1.06994382147187
0.829932445591529	0.342921657374322
-0.561723655619069	0.235028876542992
-3.225852481252	1.28741618842071
-1.46563715703717	0.566615110452374
-1.45466864163867	0.563686323272081
0.469847840927984	0.162846095129154
0.385075707641674	0.0886838975959519
-0.671382470657266	0.245361784063559
-1.09057070288157	0.488691001914006
-2.94529170648287	1.08184221173329
-1.41151445005737	0.392781075624489
-1.46563715703717	0.566615110452374
-2.11793804739448	0.63135655885096
-3.24118886779147	1.29634317978052
-1.41861533435082	0.392208760255697
-0.660249465344976	0.239178864418975
0.929911103993733	0.336778422968623
-0.163780796682693	0.0561199213046158
-1.16932271040562	0.860842287093546
-2.10354108675733	1.6117002266743
-1.37521412779304	0.904120239548665
-0.953988180800963	0.495956458458974
-0.70691336630329	0.320923840749696
-0.721577700269432	0.323878689105265
-3.23488705770369	1.30740157520254
-2.95670313229087	1.0799832472719
0.500158877945801	0.198934780025628
-1.70230297844201	0.718795870992292
-2.12583185726159	0.636206454826058
-0.0442440746103474	0.0118236792721057
-1.4539110501941	0.560619271863998
-0.66526715937692	0.24020068762164
-0.908163862047267	0.375429784757382
0.385075707641674	0.0886838975959519
-1.15741603323185	0.396231221189313
-3.23488705770369	1.30740157520254
-3.49164847125527	1.49812388350468
1.81256361946551	0.57834251056048
0.442155818180683	0.128560798875464
-0.39794571141884	0.127231969432269
-3.66925862482574	1.68447953125519
-0.390559894504563	0.124742249042287
-0.798989269292726	0.237086792656774
-3.4791206633941	1.50957597543244
-1.16678320396686	0.397047937886877
-2.42222272838172	1.40693413229538
0.237010350744046	0.0870659573031352
-0.801356882747648	0.234590282374083
-1.16399424397968	0.402583161382906
-2.05936936012653	1.02693556195548
-4.64034066845607	2.87126811949035
-1.37316419471494	0.689529954676932
-2.29653313512032	1.272449235063
-0.88532141760165	0.36172066233038
0.853280042410562	0.355748323965588
-0.806209579875503	0.240319387510702
-0.81991869687575	0.242132914720232
-2.12234123160274	0.637594722384862
-1.16215021976043	0.402036390268638
-0.984531377472851	0.409691825294519
-0.784609688666972	0.520129129302423
-0.154595421437084	0.0520451519559878
-0.671382470657266	0.245361784063559
-0.959898396245677	0.500477838205977
-2.11625496161792	0.64084087948516
-0.0302910622156732	0.00845543634306828
-1.88744822949054	0.857914422939603
-2.42244439592144	1.38872849103656
-0.661421456603301	0.244601555005087
-0.808501676107518	0.239618852733624
-1.48550508715606	0.809626799216808
-0.0359734311814566	0.00979180062122869
-2.90065902488602	2.08980023215704
-1.80792237429953	1.60889571005556
-2.05829920675729	1.52522322433946
-2.20369467341879	1.17497915249663
-2.72855237773997	1.87588804505769
-0.389004618234636	0.123309530610415
-1.16513923828607	0.401391514506918
-0.696268785447366	0.255398370266033
-0.153291351652471	0.0507808870338336
-1.66994896558393	0.711740951160208
-0.572997608199432	0.240792570509831
-1.10392398456551	0.493221643835241
-0.579757018702427	0.241561928214773
-2.03966499944737	1.0232719479279
-2.12234123160274	0.637594722384862
-0.666043868929438	0.246119552678606
-1.45157427421788	0.558563984462496
-0.673854002508923	0.244217374377327
0.388856236225614	0.0893513438012124
-0.330531747699963	0.0809413806785777
-0.550499130495898	0.231773731553873
-1.89021552278541	0.875233130647772
-0.0367729957494399	0.0100183430077229
-3.68823984385248	1.65731256868317
-0.168305338295477	0.0644260426659312
-1.6926954100049	0.732575567808003
-0.853100087696925	0.408429570133925
-3.225852481252	1.28741618842071
-0.400252781186771	0.152000097968321
-0.0996238547075976	0.0417092666718164
-1.39025504018232	0.728106791219131
-3.85027427851522	1.8787594020162
-1.95576943874061	1.39254033936764
-1.18813575208602	0.402909383147196
-1.24986296047444	0.596797026259535
-0.811217418802601	0.238079254666686
-0.404388558847196	0.12997765892106
-0.71579197268506	0.324337266818962
-0.796027809725694	0.236609990316831
0.921985598472741	0.333749979357965
-0.902186308522883	0.375661837227005
-1.69017581676187	1.03446395361145
0.473124537182601	0.164307426258768
-3.86269040343164	1.88216356455309
-2.2992470852379	1.29083286227191
0.122382192357164	0.0396572550715344
-1.25503294532036	0.598185771506494
-0.167470644318989	0.057193534785216
-1.38340153753827	0.68373239663934
0.486171651025086	0.192213193970421
-2.03938482173007	1.01208174958345
-3.2351310138024	2.89359254136449
-1.88705796260666	0.874160499976044
2.0231778792574	0.911113877375011
-1.04518892259023	0.56647208600789
0.378758799248336	0.0873510367033447
-0.322205393519222	0.135358551127491
-2.95050784791928	1.06273716713851
-1.60012546465744	0.934268499536944
-1.38382811389973	0.689821845150915
0.437822857991463	0.125700108084046
0.466682223854877	0.159548327440312
-3.70296815730582	1.68156110714683
-4.02529571578415	2.04345326111534
-0.798689244210115	0.236974923937834
-3.23785651969922	1.31106301795449
-4.15096101556994	2.19769235093951
-0.376353404548733	0.121358651750687
-4.27965249659288	2.25630844058823
-0.904875592202371	0.372618871603769
-0.384364921061612	0.124864438939779
-1.38369358489421	0.723956343730403
-3.68181858219134	1.69781016916074
-0.631012718452524	0.322535103520115
-0.110314195673092	0.0500369266774259
-1.61300309309734	0.936419033689247
-0.0498671805121394	0.013087551895603
-3.67577796043795	1.66934043248277
-0.165299640874879	0.0645930546121959
-0.809864789800853	0.240720485251289
-0.964698952750041	0.511977891376022
-1.68520335524785	0.713760511838772
-0.576604895753915	0.239063724573041
-0.15114826293165	0.0504554173704153
-1.51705976073964	0.840589461460158
-1.09280943446589	0.493258953180044
-1.24316948067729	0.602780116050456
-1.58543699345168	0.900583695446667
-3.24381632723908	1.29116659560307
-1.09406603231281	0.483645552106822
-1.26869852903372	0.611948231739446
-0.719942884209387	0.331004051721643
-1.25334198679788	0.609371767400416
-1.46580820691745	0.559720422443088
-1.20585198996399	0.730729334974796
-0.305754495389161	0.146607857705467
0.835661634127345	0.565833100838188
-0.722784315801704	0.383657843216485
0.483520572113642	0.189457192081291
-1.50217622460276	0.833872492438443
-2.05941063747601	1.55314442574053
-1.05582976367508	0.591051862660932
-4.00113994255983	2.05958887003212
-1.69436548175748	0.709900070807978
-2.2051859921375	1.1517816040199
-1.69386003293317	0.723241683908137
-1.28655629990236	0.805522701964116
-3.69040426987637	1.70504058696772
0.0986929405760822	0.0321454986054748
-3.6876689155222	1.71183827714487
-2.67603857170962	1.7726451277226
0.607276326361468	0.306998904016683
-2.06926616290864	1.00230023546334
-1.24997267500841	0.596591276309053
-3.225852481252	1.28741618842071
-2.65440934915433	1.70591025302375
-1.75390555771655	1.10649021197434
-1.68070001194223	0.727670564495973
-2.18483004383609	1.17447557243767
-0.722892819178613	0.328812297447864
-0.296021910082536	0.141247681166546
-1.50326763672883	0.81642390044403
-0.56096814534391	0.23035901128377
0.500162648693434	0.197508766552558
-0.568772414745907	0.274715285490118
-1.07445976648824	0.602155874893384
-0.904875592202371	0.372618871603769
-0.961492029364547	0.507620583297456
-3.68452290555594	1.7077560848722
-0.138113098968431	0.0470129689907361
-1.38423126817764	0.725082139281118
-3.46352301092958	1.49357335764936
-1.16513923828607	0.401391514506918
-2.95050784791928	1.06273716713851
-1.16703216165977	0.39920669027665
-1.2697704771298	0.617445028367394
0.950224758531585	0.343835241606336
-0.572141352824262	0.269680699208177
-1.09099616874856	0.495008410349858
-0.0454991804636041	0.0120176423998126
-4.37722945924401	2.46793249358577
-1.23641068154314	0.588865114117384
-4.02535237843381	2.06015621938038
-0.681999457840801	0.412705422259499
-0.441087392238813	0.204567994389786
-0.564018744489669	0.235701547066671
-0.671411514001781	0.238906527805035
-1.24548971333344	0.60126410209161
-0.0224803639255798	0.00667019887072759
-2.94529170648287	1.08184221173329
-0.33689119721015	0.0827090533192686
0.0125369001426902	0.00444732032130902
-0.0295610216470226	0.00841923783770376
-2.50990065202398	1.53496279563786
-2.3069177721649	1.26211523012437
-0.0340661344841396	0.00926511169888696
-2.5922919016647	0.850808961904777
-3.68124285241051	1.70760077961227
0.380220335111381	0.0881615126503493
-0.170764932583039	0.0553589545413206
-0.40923094653887	0.129801525806221
-2.94789681561174	1.07770443059943
-2.3156734856398	1.30497813765878
0.840495940994067	0.336427398952579
-2.20359807296106	1.17856424219898
-1.10957040905682	0.496030330370337
-1.88078066400755	0.887768995044079
-1.1114526957621	0.487958316112682
-1.94763009572146	1.3706178706248
-2.77998983153862	1.90038010714804
-2.06264225580951	1.02418535349098
-1.47001648803545	0.550120790647986
0.0313059174230773	0.0103273608713437
-0.796027809725694	0.236609990316831
-0.303101563101234	0.125332063310928
-2.5305466669137	1.55851981868529
-4.15698516039345	2.22338070472827
-1.49108382261838	0.816047425963603
-1.69420754210879	0.71872432915946
-3.46984827545522	1.4929651247195
1.64757050248653	0.616029108102346
-1.87232386229067	0.865198158637753
-1.89021552278541	0.875233130647772
-2.66571318995857	1.75693444690867
-2.19217189009371	1.15759518717976
0.506753952612959	0.19512016032483
-2.43217348644345	1.44488442802527
-0.720259978347907	0.332995501624895
-1.6888890068728	0.70733309617398
-2.05368251216876	1.02467836216485
-0.0411789260057872	0.0112006867095667
0.0312849036266247	0.0104685146059078
-1.25984878873136	0.608349364930909
-1.88402476481714	0.887428786491993
-1.45350459123829	0.564383077541792
-1.41861533435082	0.392208760255697
-1.67978942423946	0.701468990346766
-2.94789681561174	1.07770443059943
-1.16215021976043	0.402036390268638
-0.333124044736572	0.0814172978858416
-1.4539110501941	0.560619271863998
-1.16399424397968	0.402583161382906
-0.801656686789463	0.234700053204196
-0.335412606311641	0.0819421330423094
-2.94529170648287	1.08184221173329
-1.87028417099043	0.862013169033697
-3.69370334741452	1.70983375401694
-3.23467591426078	1.28622604981977
-0.149140528810434	0.0514280417736979
-2.43397205021363	1.43325605984536
-4.0254014121313	2.01962246157684
0.0108546979947389	0.00394993383750377
-4.14247217739361	2.19022114595808
-2.04489638784803	1.02467662505983
-1.46238872690066	0.570838404875383
-4.38264285597647	2.51524096964947
0.444935731023811	0.127036095489669
-1.51672981561587	0.806441673847578
0.806033304553281	0.370463309074714
-0.319525971276616	0.131617721009424
-0.031317755054601	0.00880240620455318
-0.899425257985851	0.369118454071222
-0.37937297478723	0.120507294565232
-1.41083736666564	0.951967872899264
-1.05882813845534	0.589830523414742
-1.24425487991158	0.589509060739581
-0.910344182663694	0.378489730435532
-1.45507400041225	0.55401446196489
-0.636302830297786	0.328698261236345
-0.908146251096272	0.376059627625198
-1.37767824858758	0.708136431449342
-0.319004015513152	0.078546017662404
-0.454756212485874	0.206029736803294
-0.854749738634867	0.416521890004411
-0.810014808525441	0.239459859761047
-2.04843601964153	1.01292540315231
-0.328306601286335	0.0815148772018528
-2.03923812428246	1.0205895306449
-3.67854438961601	1.70689968903158
-0.0272351984502769	0.00784381398062527
-1.44483689551087	0.55639606537252
-0.154274091347269	0.0604344300530983
-0.619714166421378	0.357481329223746
0.00638196700482501	0.00237839957638236
-1.1660050778183	0.403771297016287
0.515781144548487	0.19927243786531
-0.164785927179516	0.0561565831297165
-0.16983322633795	0.0575193602727183
-0.96991269940803	0.511808551089107
-1.40020379490399	0.730304072662274
-1.62413222656408	0.924820618527299
3.07926967573396	1.29774028538104
-0.0432919933050707	0.011430540066653
-1.16813538595839	0.397245421956287
-2.06826498083097	1.02448707068419
-1.46513488547402	0.560734456526937
-2.59010690959944	0.863676284132476
-1.59508188525798	0.916400010186582
-0.711806330142382	0.324597911936052
-1.16711272959543	0.397223041441504
-0.391516622867201	0.125477100605125
-0.00202563676373285	0.000313212891216115
-2.06204791388431	1.01615853732563
-1.87499118248909	0.874215330847115
-0.665646730962182	0.240494307885934
-1.09570311352839	0.490557058668895
-2.19786412012163	1.15900293092126
-4.56900397136714	2.77330441463233
-2.31275243538889	1.29722254094664
-1.21880867506238	0.749568734116257
-0.814871903737808	0.240406815563255
1.13709496286038	0.539615652405965
1.29914103498849	0.567225566812417
-0.38765917074041	0.194340501841028
-0.718037000534706	0.319513890187037
-1.68520335524785	0.713760511838772
0.343673092590305	0.145332837094786
-0.947909915409001	0.487502565997695
-0.965659735964592	0.508585974244887
-1.58995302898452	0.902437259480962
0.147396874083667	0.0698807910941112
-0.388812968986394	0.124486571922593
-0.670266684765267	0.247028571410935
-0.685526944675195	0.25176098720708
-0.157860416947893	0.0531325274769116
-2.51781263975466	1.54789533293175
-1.22540889931641	0.749508725198299
-3.87548760510849	1.86578835297097
-4.26481392564568	2.32488357009244
0.223001077571645	0.0824070317423945
-1.13908009190855	0.660785451077932
0.165580579041546	0.0678146337269976
0.0177706729429813	0.00680122932271361
-1.77866575527056	1.12238917125341
-0.0379691139427916	0.0102769992534417
0.531360283302215	0.234704662565848
-0.16131037127411	0.0618098448041197
-2.96981315553691	1.0640645838116
-1.41151445005737	0.392781075624489
-0.655344598322417	0.240636408106434
-0.300339767213439	0.135365100681168
-1.70339386946698	0.708379618543862
-0.147880553190614	0.0499270441766097
0.114919807267465	0.0373151021849877
0.117400929504504	0.0378978336106969
-1.8723932461738	0.876048547880952
-2.05093341579944	1.02120364874613
-1.17346862211579	0.404889526504832
-0.899984326455543	0.373236410384895
-2.95050784791928	1.06273716713851
-0.723250586547765	0.33315759787605
-0.373915623789027	0.144005684962769
-1.83812530010339	1.17957540531116
-0.914163727266982	0.374759310078139
-0.666493571477851	0.33569716579181
-0.350130448757049	0.145773019600916
-0.586119282369308	0.246960166936316
-0.158351329035275	0.0540327026407627
-1.16427443776813	0.399365136721548
-1.68179165584229	0.720272159575314
-1.68153170595574	0.720876388916263
-0.727338173838416	0.33652291451949
-0.0245134527273917	0.00722807305418947
-0.716674040396744	0.32450618903936
-1.49658431643321	0.822337958011504
-2.30906679124573	1.27844753579726
-1.89524862254189	0.885448212724622
-0.662215970129191	0.244198424650593
-2.50369059149868	1.52451657958047
-0.390650867249831	0.150990946488564
0.114993154040199	0.0358043429999527
-2.3161317066527	1.27050976437644
-2.59624396554541	0.871838624210666
1.14332032705855	0.354549436983091
-0.798689244210115	0.236974923937834
-2.04244285188072	1.0131283531258
-0.34328080823096	0.0826394888061287
-1.44483689551087	0.55639606537252
-1.67650270386278	0.708820000926994
-2.17912903179222	1.16137461057833
-1.39121244291366	0.732900054460018
-0.803562149352311	0.239959706780035
-0.330531747699963	0.0809413806785777
-0.684685351624758	0.254750208729792
-1.45792233451535	0.559583866907468
0.926822466092896	0.338094740953324
-0.390559894504563	0.124742249042287
-0.337746981149927	0.143144608810008
0.100488650853175	0.0328233450646811
0.446935212790722	0.127169877459528
-0.8909359230504	0.360473216133448
-1.0537039685238	0.58530572757725
-0.682676338101208	0.244863272785116
-0.166831546658682	0.064833229414072
1.16182567340721	0.561063658654351
-3.69082354804786	1.6664075087949
-0.392425292541432	0.128417277530768
-0.852539377022439	0.417206161230388
-3.46668204335763	1.49581723292627
-0.363558511566641	0.134553408547961
-0.30871845115435	0.12875876443735
0.386804340501861	0.0890870371925953
2.5778136971617	0.957067152435729
0.437057431410547	0.125015499383205
-1.25334198679788	0.609371767400416
-0.577668537653904	0.24120505294839
1.15929717085138	0.358391556930121
-3.24381632723908	1.29116659560307
0.348095765265782	0.147151253003983
1.32417987428446	0.580459127084156
0.842284904566526	0.341303380625298
-1.46032315125475	0.558605919426786
-0.906498851680626	0.370445020612466
-0.0364434344752021	0.00993773937898298
-1.08725912086287	0.484354215594695
-0.893333895678164	0.368596505346394
-4.01016688847683	2.06295522559025
-0.961456847829595	0.500356137050944
-1.09590545270382	0.490367041253018
-0.976351981374534	0.511083417536244
-0.579325749148473	0.243679139923751
-1.44869322969647	0.563969391250078
-1.09361317068336	0.490753886139173
-4.01325561168654	2.06569761494079
-0.869463865255184	0.427755506786139
-0.803658173477847	0.235473163403084
-3.225852481252	1.28741618842071
-1.45046587518472	0.561786605061018
-0.722425681153221	0.333162565101037
-0.392101578237076	0.126718309048001
-0.341811192363097	0.0827452652748743
-0.385895596033402	0.123377539382582
-1.44725578707284	0.563449404759838
-2.9540630304766	1.0929499144108
-0.325496088733371	0.0796803271427964
-1.08280086236379	0.479180294934561
-0.653978452269024	0.34143277522036
-0.83041235656286	0.474347747830641
-3.86321343301995	1.8798065710895
-1.10400108488909	0.486850877581529
-0.802627058429818	0.237488014708874
0.555836607918762	0.295319105312347
-0.673479638204159	0.249785767375183
-1.25274825918101	0.592613502362407
0.452954269384604	0.155546680127535
-0.154360185025868	0.0508966548209479
-0.436179504976394	0.198467580914536
-3.70629306244067	1.68222269331011
-1.05400122905089	0.57763378203779
-1.39025504018232	0.728106791219131
-1.3566536516765	0.896130344232017
-0.251903844802419	0.129466698317416
-1.12051644573385	0.788171988006326
0.487661882654751	0.192172732819999
0.840773583631766	0.347090611548062
0.855793074330536	0.356255162891984
-0.387664218003172	0.125354780385854
-1.15675679409825	0.398189095706627
-0.67604074034217	0.24739103268624
-0.156084644191651	0.0534135059288429
-3.87260187157558	1.81057129876108
-1.15975377431805	0.39756928416027
-0.646816740825375	0.332982729332108
-0.965047477357676	0.507477846931322
-1.49167067487649	0.80471835790001
0.325420008558025	0.161374963143584
-0.115723046694936	0.0488706346298668
-1.44240008219954	0.55453972021473
-1.37767824858758	0.708136431449342
-1.25383329188774	0.610241838177482
-1.6666819031763	0.70985501400146
-0.889177218443487	0.35904656745472
-1.87603123090927	0.876167402641253
-0.884909538778598	0.361267680343823
-1.81398741742605	1.16745534022416
-0.0310859465233991	0.0137223082446592
-0.961492029364547	0.507620583297456
0.0176871168199904	0.00679379548668927
-0.317271423334309	0.153072487691388
0.352312869364861	0.14922642142903
-0.167188945840486	0.0648803424165922
-0.366193557348161	0.137671227225984
-1.16042495355291	0.392200762550864
-2.04489638784803	1.02467662505983
-1.09945328200581	0.485339422214663
-4.73636260743436	2.97232934297133
-1.06225749556818	0.580029783160507
-1.51634987821293	0.80410003256017
-0.0349262065046586	0.00968328522045341
-1.50691823148718	0.836891542305213
-0.808863158909727	0.237861761227588
-0.583688765656713	0.244239488442362
-1.87238878007545	0.864445596983595
-0.57021092118846	0.237479422135544
-0.546869015084846	0.262585862512189
-2.65050164997728	1.70473282681715
-1.2511162219228	1.12072842577862
-1.36306514261693	0.869433912448808
0.0698974187989148	0.0306034670081106
-0.874774243034423	0.607637942074964
0.546776122743784	0.296137427364724
-4.24413406959704	2.32580750403562
-1.6851215549713	1.02102718190907
-1.05521097411682	0.571977641665945
-1.61084927713746	0.930503720647512
-0.394288376193682	0.149830883283293
-1.38668105509522	0.729616311031571
1.14996928148472	0.357563393391782
-0.374829449436795	0.141642696100315
-1.51464070026506	0.827498975032971
-2.20089849005407	1.18046421642991
-1.86020550312274	0.858781143214758
-2.21416360160285	1.18018118359117
-1.11032119549231	0.494299621370257
-1.83456132790797	1.21678348016318
-1.51117940178649	0.822497363371964
-1.89912355375556	0.861721945707668
-1.04930816202128	0.557623018748855
-0.810014808525441	0.239459859761047
-0.79568953618047	0.234098917075123
-1.39335494871063	0.730626395244441
-2.51308680228966	1.52422877489936
-2.11962118368827	1.6565546348057
-2.11120730247212	1.55857592670216
-0.880062221370463	0.52310379188798
-0.172218808086514	0.083741803673469
-0.48774206436125	0.335433673875549
-0.595298797223463	0.389725352357224
-1.89455585688808	1.3027546371767
-0.720228737562957	0.330211118096465
-4.15978852184039	2.21039612548005
-0.90544317982048	0.375457851737468
-1.83435499723673	1.2137999237428
-0.341001409408165	0.14320922151792
-1.4539110501941	0.560619271863998
-0.660192372347273	0.237307432219457
-0.438913800359574	0.192514568302963
0.110718890237694	0.0354115050097288
-0.674252208293105	0.241535029798257
-0.672731975649523	0.247324272927874
-2.04071665114101	1.45575704653996
-1.8926309686426	0.871216001861836
-2.9540630304766	1.0929499144108
1.63216729459535	0.618689664722546
-1.37017776211655	0.704676445250808
-1.88972119153788	0.889304176084449
-0.749967945945271	0.340142341030999
-0.88532141760165	0.36172066233038
-3.67577796043795	1.66934043248277
-2.19043073984268	1.17646994300594
0.0103822140415668	0.00376599687151831
-0.38168808660243	0.12291546722282
-1.08749012797784	0.487542722238409
-0.550336577913262	0.226798914481517
-0.967326164733791	0.508583215475134
-0.949955412013357	0.495949272358692
1.07699092325313	0.575827426830449
-1.36298717461414	1.10050426415455
0.330468125155733	0.184321684795081
-0.818662869558411	0.469948649695658
0.242939486674496	0.141176806040603
-0.53962312340165	0.382969453884052
-0.476060397075922	0.349002903100969
-1.39575964352265	0.728390611615847
-2.50241014459517	1.53299395114387
-0.883821778798274	0.523432514939058
-4.4635537677229	2.63448190890383
-0.397127496491762	0.201980711340174
-3.66600935104818	1.68463206614575
-0.172227824449491	0.06760805236575
-0.922367831482128	0.376029200821376
-0.676785301458934	0.248629824104662
-1.30447873527902	0.823340705868647
-2.52425467804398	1.54882792786579
-1.45319382393629	0.571863884400649
-1.59450340881647	0.906081418104785
-2.59054587198051	1.62102777799045
-0.95671156667441	0.494646987192636
-1.22654271067494	0.740711421215044
-2.95670313229087	1.0799832472719
-2.58792662580816	0.864420955691165
-0.847941492977682	0.414242704432
-1.2585386656973	0.616475215484246
-1.08700758107006	0.495698117216324
-1.50481916174853	0.823258132460624
-4.56343416262968	2.76905888384529
-0.863481620007493	0.507013296136722
-1.69600125684083	0.735392999899189
-0.953287944592581	0.496152133288333
-1.04274947357754	0.553157973324217
-0.566064038567399	0.275993415191965
0.449956490366664	0.128136304667589
-1.70906374808453	0.714796742818417
-0.722828539491645	0.328453759526636
-0.151837830859457	0.0518536737517576
-0.176800510445647	0.0689874168337408
-1.90390575593913	1.31859458755662
-0.554467792452036	0.228646477721757
-0.314160257159376	0.13311109928208
-0.39686337108676	0.201587539793814
-0.0326012973407515	0.00911402884026209
0.592779984975898	0.293008070725075
-2.58810476490688	1.63974440483369
-0.620991353155125	0.373273481782425
-1.22678327102005	0.750385746248511
0.549010549657025	0.242188786229212
-2.83539086209328	2.00294315134456
-1.67824689505471	0.72117217033679
-2.59403623540671	0.862321687590532
-1.67359943814928	0.711798657296876
-0.796328054790059	0.236721981992156
0.94070627902179	0.347797326422389
-1.28544516070271	0.611881389997899
-1.45147537558958	0.558751134279355
-0.823441479026311	0.240093715550937
-0.150194297330797	0.0515710911685047
-0.17233187879321	0.0586430384957603
-2.60241060369975	0.854963479137724
-2.05955990669228	1.03489853924897
-4.00726474069071	2.05008627832581
-4.26230168914892	2.34284064191303
-1.46592305777713	0.567060314025437
0.114440583835001	0.0368606398696972
-1.88727516247431	0.884129303669026
-2.3317650468129	1.3171900300133
-1.06116420172832	0.585416466568704
-2.03616373116641	1.02170997485325
-0.335121188291212	0.142263885838444
-1.45319382393629	0.571863884400649
-0.424545840560272	0.19061784096116
-1.09606494544447	0.496635160833386
-1.45743003507341	1.01175997322981
-2.84599405608582	2.03630405591301
-0.0991103434184633	0.0412467192895522
-0.714273071112063	0.320566346364841
0.0840558283374593	0.0367347911548006
-1.36263523167401	0.888769299749439
-2.31767826096135	1.29163537487859
-0.547825988784128	0.266779698929653
-1.49422118726646	0.807323173100954
-2.58612684218399	1.64661928992501
-1.3842190241911	0.729232441544026
-2.19323585193996	1.17356578785679
-0.309381127281191	0.130819992928896
-3.85391006178274	1.88479387627154
-1.50383234078917	0.81128099171533
-3.24083293406887	1.30703683631488
-0.682179629707519	0.252708809593937
-1.68361262079641	1.02815330942538
-0.957786356021829	0.499477251829368
-2.5156326354591	1.5449822371773
-1.23934922014299	0.60344249221728
0.328361780329744	0.139901144413653
0.158894657785432	0.0642800174154658
-1.67573110729718	0.713857963696588
-2.95142896060397	1.0932285262034
-1.15473967554762	0.397017347944234
-3.23488705770369	1.30740157520254
-2.58084255036031	1.64039536488593
-2.12234123160274	0.637594722384862
-1.46279212028382	0.560930056799218
-1.7144155808434	1.01638847957716
-1.39115790530291	0.7061550122306
-0.381192533949242	0.123695282248744
-1.49368393681221	0.821140129011982
-0.441014459429305	0.199748833882119
-4.54971241061713	2.73183583080721
-0.733811205577444	0.466231729964321
-0.623625785221388	0.370691195073386
0.49204393684267	0.193270976770849
-0.538069096703261	0.25899362085784
-0.120123542968198	0.0507256245785934
-0.825017987266686	0.538367241921855
-0.387845548652299	0.197569653435964
-1.22524818060327	0.750035403398378
-2.33867040724367	1.25517076505307
-2.51090302577952	1.54105501894315
-4.13966224744121	2.19436300954042
-0.590248921737284	0.24224926145799
-2.20587053491044	1.1682061740295
-0.722283062381324	0.380269875250596
-0.719893985209687	0.333129474530669
-0.184424601941697	0.0617317942086394
-4.15998894939557	2.18518631681849
-1.24947243280775	0.604644226534851
-0.548332054213947	0.307789759243539
-2.31071142111656	1.29182595491132
-2.72472924855269	1.85043061428559
-0.86580416811551	0.41802872900434
-1.83776229561496	1.17905536408193
-2.43435643347728	1.4332719044442
-0.902186308522883	0.375661837227005
-4.15111407064855	2.21487787401482
0.0132422082226693	0.00499387951526584
-1.95589075993798	1.33954588596982
-1.45192678192765	0.558812559876632
-2.17851280948863	1.13928951910792
-0.437505276131483	0.197012209120204
-0.648175138244363	0.33308181213969
-0.95100734631506	0.487323041928029
-0.719684080650609	0.324495162804581
-1.3348705757787	0.830469636555309
-1.149480741238	0.657949009623607
-2.42018831995759	1.41486638701631
-0.708790850022228	0.326389469336191
-1.24377116686057	0.59373759824451
-0.385540486929633	0.124690662373
-0.637055367207348	0.321287634628492
-0.314779337657821	0.149959707933246
-2.93967450327973	2.21740038627493
-2.78244024731316	1.95433109343364
-1.46035401181189	1.03561618763173
0.111959325850468	0.0363439181230606
-1.60572952312992	0.939552688550586
-1.50115986126588	0.817684392810531
-1.08235185373772	0.485474435454663
-1.75123579388796	1.09973967277611
-1.77069427034538	1.11223174434788
-1.15549327784442	0.659654578650975
0.0125751918029606	0.00439148094939835
-1.10180226563193	0.499677293901318
-3.47592836562483	1.51632163436114
-1.28726149270327	0.822814250956035
-2.17408857553331	1.14984478164414
-3.48555089226695	1.47374077771881
-0.74126042220278	0.33991730657735
-4.37360102773137	2.51001353124822
-1.16096363094197	0.401944501379568
-2.04993050192667	1.48458003185516
-2.94529170648287	1.08184221173329
-4.01033414601557	2.03656248690179
-2.41015093400283	1.38837657979809
-4.36723089625793	2.48608205113081
-1.43843454353316	0.557370465174693
-2.50900235973405	1.53379405093159
-1.7192038247948	1.03425176240146
-3.84788768555929	1.85439809264094
-2.06979777625469	1.01948756861613
-0.85075434812629	0.412594122462861
-0.911545269077222	0.371925084716225
-1.1799583818173	0.880484323006445
-1.24542668857558	0.611270865041698
-0.585984022841153	0.246249596985526
-0.392988395177309	0.125949443159956
-1.14279388813664	0.647838826503005
-1.88972119153788	0.889304176084449
-2.50039788386802	1.52207020082211
-0.367935273246587	0.138582423449539
-0.54329878735517	0.266278540222774
-0.768405219847249	0.493286008550655
-0.793327272915496	0.451652385832202
-1.12799279942663	0.805200395080222
0.537532597858535	0.23790349436299
-0.949955412013357	0.495949272358692
-1.09066647786845	0.893031691401996
-1.19022054836811	0.877751027657294
-0.241641341154999	0.14779013725356
-1.29085067226867	0.826757571958728
-2.67956411717831	1.71322225912425
-1.07488603243743	0.730240126755643
-1.69436548175748	0.709900070807978
-0.930713758060037	0.570429943318335
-0.958968153079126	0.503070375413297
0.523358026586398	0.228352223417549
-4.56603842532205	2.74413823389247
-4.15719431536459	2.19064106488154
-1.83337144035471	1.21668168673461
-0.866414095029257	0.51320805418655
-0.167739608892998	0.0659924607388682
-1.24773511850306	0.611561914816234
-4.01325561168654	2.06569761494079
-1.22238424107272	0.752314729640862
-1.25622954325979	0.604920979971602
-4.01942387058205	2.00397124881808
-0.379178261281387	0.144244498053511
-3.24083293406887	1.30703683631488
-1.08453723189175	0.488469571756157
-1.50660651319414	0.833517874932287
-1.41151445005737	0.392781075624489
-1.6930265598319	0.732323542829214
-1.37920447743835	0.714197752438988
-1.41258048711295	0.392583212481328
-0.659431346287104	0.236861186674274
-0.742823958563445	0.338708293488719
-1.76208727438301	1.08545039497948
-2.51153261382058	1.53844902585456
-2.66744266018559	1.72298220047751
-0.459959060620673	0.209170163015117
-1.48665514075247	0.806332823392385
-1.25053692254303	0.611320483321674
-0.0356490362131953	0.00971299035530045
-2.04886634969015	1.00608828150574
-1.16703216165977	0.39920669027665
-0.321238070497515	0.0797644464023098
-1.68520335524785	0.713760511838772
-0.329833379522388	0.080964167982724
-2.19794653556069	1.14704061742458
-1.24995449581638	0.597902324045624
-2.50039788386802	1.52207020082211
-0.942632798755009	0.584401541905057
-0.727345163598392	0.334580677006087
0.520531417007776	0.200807904813165
-2.95142896060397	1.0932285262034
-0.46725197256594	0.210592036336741
-0.539098230105161	0.331092294780476
-1.3538071515711	0.878072428027184
-2.10783792164097	1.58969494232051
-0.980363159980281	0.516393876472944
-0.747949956112047	0.411099846742737
-2.52934819669126	1.54267688536627
-4.1397175802239	2.21955604064222
-4.03150810972287	2.03584592641795
-3.85382830176229	1.86873556004725
-2.95670313229087	1.0799832472719
0.117400929504504	0.0378978336106969
0.385075707641674	0.0886838975959519
-3.47592836562483	1.51632163436114
-0.976203236745305	0.508673823348621
1.59793303375631	0.801224433908685
-2.13371397678132	0.633029387849393
-2.95747105550978	1.08255074299022
-2.05675724842338	1.02013916757872
-0.385540486929633	0.124690662373
-1.45147537558958	0.558751134279355
-1.16936392193314	0.401190873618559
-1.86958190369252	0.874205623848129
-1.10096230151771	0.486103146325302
-3.49490372850572	1.46110064546517
-4.16289893382204	2.22116710621948
-0.395523560930271	0.128284785013887
-1.45046587518472	0.561786605061018
-3.85714190938429	1.8734837156198
-2.59624396554541	0.871838624210666
-1.16632695059979	0.400555231649992
0.238346020512639	0.0874272258950556
-0.730147537939493	0.388198649985865
-0.390673652308023	0.124898770454446
-1.38369358489421	0.723956343730403
-0.158772179200368	0.0535033622625348
-0.392101578237076	0.126718309048001
2.57125595966488	1.46205479805436
0.129311046503596	0.0411618904614757
0.247869217553826	0.0904249466817888
0.465056243532857	0.155565267818191
-1.07903546414241	0.480184068260864
-3.23763075302678	1.26909461841585
-0.156732716735994	0.0529011363543235
-3.46352301092958	1.49357335764936
-1.16096363094197	0.401944501379568
-0.396922047176421	0.148205683925908
-0.385185255432445	0.123086850300461
-0.856736507190722	0.41538223453471
-0.878858683094278	0.35743183606105
-1.83105616261973	1.20970279137355
-1.25349678070519	0.756165296678885
-0.722563231817023	0.327081031987887
-0.159359622503139	0.0539144571033079
-0.549838529128591	0.226368375524276
-2.59305853521445	1.65428215668143
-2.29459578163601	1.27334264102961
-0.872442424066601	0.531435172650292
-0.635733446474301	0.320538813403773
-2.78366849291102	1.89625371794846
-0.862476466171693	0.605424356654909
-0.720710846781875	0.327992502255213
-2.66678109192104	1.77341708997147
-0.0429509993760779	0.0113610533992076
-1.15675679409825	0.398189095706627
-0.950516413777869	0.498768424380427
-0.41097030028994	0.130297464834623
-2.61161866690209	0.852624228810125
-4.25675514902016	2.30675741747277
-1.16513923828607	0.401391514506918
-0.565119644889043	0.237756262198884
-0.40292153095812	0.126839920635154
-1.45319382393629	0.571863884400649
-3.47274287589245	1.51648375272542
-0.88311003508127	0.354552683689168
-3.48555089226695	1.47374077771881
-0.885520802392303	0.354500597597396
-2.11793804739448	0.63135655885096
-1.1698340856942	0.401038649080332
-2.18152978135383	1.16046487843621
-3.68167186441117	1.68682802761657
-2.03877173355589	1.02519891133491
0.385075707641674	0.0886838975959519
0.444634643362573	0.127016926089113
-1.69795949310932	1.03776122410945
-3.47302173405553	1.48451825877499
-3.25003230842772	1.29016178378762
-3.70309368463954	1.69539406026351
-1.09298085788581	0.494773039417203
0.92697459639961	0.586456465850883
-0.0912994866668697	0.0358299319871354
-0.0248671218869239	0.00720161911774375
-0.65928465358326	0.239787644514085
-0.653465591467029	0.33841534047021
-2.03368204441574	1.00700844752415
-0.320968214320357	0.0797036181189048
0.943078321249644	0.342123812424083
-1.88752593098491	0.877993804354547
-1.17441985022447	0.404210618344489
-0.893081707447449	0.369160675181654
-1.87788154650517	0.876371629451988
-3.69383740793434	1.69311150538724
-0.810808327140363	0.240524640358914
-1.38207005969852	0.691720781370872
-0.171965852005603	0.0646422290765196
-1.86593217339802	0.864761256829874
-1.35428453500029	0.900101902081843
-2.02669132708187	1.45721057972317
-0.983806016727387	0.63036820262608
-0.578162342298082	0.241677353674228
-0.330531747699963	0.0809413806785777
-0.634305417986005	0.374883786732736
-4.48166941623602	2.57998178788933
-1.6838538879863	1.36161564506485
0.0322371027619239	0.0163602873131694
-1.49208944076982	0.819120710089009
-0.808535094062901	0.454809046765615
-0.905555228521115	0.366414845081507
-3.67839745439908	1.68952363071105
-3.24083293406887	1.30703683631488
0.458322026329294	0.158458964494106
-0.379598142307853	0.12188829003569
-1.46275605749606	0.560462362918519
-0.396363678338813	0.127920656979637
-0.437943048896966	0.199469844782512
-0.676361027985602	0.244925959588616
-2.95142896060397	1.0932285262034
-0.802627058429818	0.237488014708874
-1.17782696732129	0.401683212553018
-0.162692197295898	0.0626748255860295
-3.23467591426078	1.28622604981977
-3.70018912684309	1.68393452214533
-2.11793804739448	0.63135655885096
0.854677791462421	0.48658921580597
1.07887706834204	0.57666774814965
-0.161091938873864	0.0554368944107766
-2.13019278806774	0.625915142677584
-0.323477055228385	0.0792210886710328
-1.44405320380797	0.562802545205695
-1.07947618814481	0.469170472314334
-1.24773511850306	0.611561914816234
-1.16837665212182	0.407051409037973
-1.47321258187822	0.558261667172569
-0.563447424334793	0.238584962805404
-1.05521918679525	0.580417185067529
-0.297706134483236	0.140700060028548
-0.651098562674467	0.334629483309637
0.00468090291974623	0.00186454883261348
0.337259281378609	0.142427008320666
-2.12234123160274	0.637594722384862
-0.159091951552787	0.0600997997013371
-3.84104311898761	1.87278812455146
-0.317815390034071	0.13421999275992
-0.381809594367031	0.145378060277914
-0.0326012973407515	0.00911402884026209
-0.806209579875503	0.240319387510702
0.114086462031376	0.0373301308315985
-2.51112353365582	1.51159767249527
-1.88752593098491	0.877993804354547
-1.77245226563184	1.1277607717162
-0.639365087782167	0.33015514506403
-2.30574170897149	1.27792940909941
-1.11070598528119	0.76964139814015
-0.664827985096269	0.245284899015517
-0.962462746016012	0.498490875440295
-0.850953853992467	0.415234875498801
-0.392344595186781	0.200569313405134
-2.66422798647891	1.72519179949103
-0.106870295890608	0.0541339539905997
-0.723132249296169	0.526868687761652
-1.00257110278387	0.644488374653132
-0.873003366787539	0.526631312371342
1.60293652705662	0.804029445761728
-1.16071489087005	0.681298636863518
-2.49641840824669	1.52675759014364
-2.31325956021873	1.30075478681928
-1.24822563159252	0.61244391769474
-0.373115975504463	0.120235518568771
-0.330531747699963	0.0809413806785777
-0.170305892504846	0.0659918601077001
-0.414859608093356	0.132084805873088
-0.390911015442051	0.124917807644122
-1.67604085297162	0.72220532792672
-3.47274287589245	1.51648375272542
-0.564582692398951	0.276807965195375
1.64433612435671	0.617628759188803
-0.839095298707746	0.407227669035319
-3.85391006178274	1.88479387627154
-1.89346208714553	0.86632805747636
-3.6876689155222	1.71183827714487
-1.23181406106927	0.582906375774005
-0.719684080650609	0.324495162804581
-3.23192452178718	1.29041714139757
0.4224166170612	0.121607112316988
-1.15975377431805	0.39756928416027
-2.72654602483863	1.86474688908416
-2.59010690959944	0.863676284132476
-1.15774121057203	0.396404960642202
-0.728851867419124	0.335502554558353
-0.194607651564039	0.0868376574704602
-1.46228879211106	0.573523718864202
-2.22207366926482	1.83479858485596
-1.13939803706232	0.656309586677271
-0.197979366136183	0.0864731580055884
0.617276108540435	0.396894772063819
-1.1634628989716	0.667359313913883
-2.17634375755774	1.15915803928579
-1.0874693281281	0.493833308640351
-0.904892789074987	0.374049363051985
-0.583839739106329	0.278064549981763
-2.05397897585203	1.03024872663698
-0.965458176303791	0.501494480827801
-3.48231979349352	1.49089983107
-2.05138011401312	1.02174550633121
-2.90553428387996	2.15768530151017
-1.85063766099852	1.221763643165
-0.319563789251433	0.134178900865198
-0.145265831992657	0.0827707005880799
-0.224387595970997	0.125605878622232
-0.318558883603664	0.131768179983701
-0.0183470884793458	0.00806940661432523
-0.391221360553397	0.195267017509543
-0.322188280117957	0.137862901042161
-0.729807417860674	0.404628454306847
-0.997835994403612	0.648406106287639
-2.32613919464351	2.7720210669762
-0.30222546279838	0.144458158612676
-0.68525488046035	0.419746859687042
-1.61567487113824	1.26974654984136
-1.34596849320165	0.882444675349307
-0.731550594229306	0.380368772453474
-1.86382790543503	0.862315978162119
-1.39120380890303	0.727775736306907
0.22985234140615	0.0834729751876924
-0.555403857440478	0.232583723890366
-1.86854603562738	0.870132078242586
-1.21497300049391	0.910269123680078
-4.57094092079282	2.65501752252387
-1.18404539921628	0.407868498122923
0.0193757338449074	0.00656105503777973
-0.851767628574667	0.422871897791383
-1.41151445005737	0.392781075624489
-0.371289666140255	0.142457265127328
-2.94789681561174	1.07770443059943
-2.94529170648287	1.08184221173329
-0.882087192199324	0.360152170235307
-1.86705292193022	0.863239192391698
-0.0343965500599358	0.00943981508637499
-0.323262123993069	0.0802314869089757
-2.12583185726159	0.636206454826058
-2.49997996883485	1.51400541450442
-0.806209579875503	0.240319387510702
-4.16313814265322	2.19460261359641
-1.67687966957579	0.709146160888777
-0.170822004075575	0.063188727217938
-0.329833379522388	0.080964167982724
-0.727312087916967	0.333535525430502
-1.69682038505629	0.721245484121584
-0.00336075457478909	0.00110651317558102
-1.38632326296809	0.728941276733378
-0.38650597004403	0.125887668683958
-1.87885320174942	0.872530359184286
-0.563447424334793	0.238584962805404
-0.320968214320357	0.0797036181189048
-0.808863158909727	0.237861761227588
-3.46984827545522	1.4929651247195
-2.00474009228502	1.44487205975371
-3.67186769181626	1.67763828789293
-0.395335878411549	0.127231389842715
-2.17582297232484	1.15769793966434
-0.807539387845733	0.465196732112958
-0.841574877377532	0.41521863582042
-4.34848367235181	2.44749249671482
-0.191004159670837	0.0945463036346613
-0.650393255229981	0.389714090159489
-0.394846371686477	0.221968569213282
-2.95217308542817	1.0695463308063
-0.954381507334865	0.609072285917157
-1.16192686553873	0.848681102331982
-2.09822738140459	2.13593865156749
-0.82374214473035	0.63712366022926
-0.937364912582185	0.587326211289812
-0.161890403731473	0.0625759289436682
0.214564470349797	0.0798269442376174
-0.346530460703542	0.142853109094186
-1.45641507196522	0.571159867497038
-1.13908009190855	0.660785451077932
-1.45456192200054	0.566305561440098
-0.0326012973407515	0.00911402884026209
-0.324548349067791	0.136479202572185
-2.19942529074284	1.11975714989466
0.471927771891935	0.160813290873863
-0.808863158909727	0.237861761227588
-2.94789681561174	1.07770443059943
-1.90174992787454	0.877290938531813
-0.887495864750651	0.364956628695402
-0.907136162433761	0.365307212720203
-1.16903837662951	0.400372928845436
-0.833619663053951	0.395800954301495
-2.41178152727126	1.40494315434727
-1.50886143663274	0.835612237192873
2.58039599621734	0.941752296283537
-0.328306601286335	0.0815148772018528
-0.166550065228167	0.0569057994188519
1.81275735644485	0.578334100363068
-2.18811267045224	1.15484513822788
-0.327566199101949	0.0805649382219874
-0.905023157258349	0.373729352049886
-0.385895596033402	0.123377539382582
-2.33634974735798	1.29600191550515
-1.22751992016463	0.745407284280964
-2.21094041734625	1.1398969979414
-1.10135812680991	0.494165230402562
-0.379598142307853	0.12188829003569
-1.44405320380797	0.562802545205695
-0.598266850724138	0.248139525356107
-2.05936936012653	1.02693556195548
-3.49490372850572	1.46110064546517
-2.04489638784803	1.02467662505983
-0.849285946807125	0.419143053371774
0.340221137557448	0.145424919091299
-1.87926422690358	0.872961501720823
-1.45046587518472	0.561786605061018
-0.101563249571464	0.0430308925819299
-2.94789681561174	1.07770443059943
-0.311560520765783	0.146267098044739
-0.725098899255381	0.467027057588943
-0.866282204211723	0.518908129809891
-1.87773921067642	0.869984449459702
-0.012287859894736	0.00413991316822237
-1.36448310819105	0.894796939663505
-0.996878119653452	0.635266469061827
-1.61546771596338	1.25220566439624
-1.59523838263039	1.46195717776918
-0.0298858259093641	0.00849839766739087
-0.721887787633426	0.33248711668128
-0.948898313675631	0.485644479635284
-1.16215021976043	0.402036390268638
-0.802627058429818	0.237488014708874
-1.16513923828607	0.401391514506918
-2.30598676729182	1.29024920559237
-0.321238070497515	0.0797644464023098
-2.59010690959944	0.863676284132476
-0.833864413384743	0.394682295997927
-2.94880090077179	1.07960497488258
-3.84146597740596	1.8631571120044
-1.08211420419182	0.478925492316524
-1.45746560444336	0.566985949334081
-0.304924612171229	0.126725699051261
-0.384364921061612	0.124864438939779
-2.19839748491755	1.17889256047821
-1.44275146806576	0.554786216830674
-1.37493782087619	0.711080790588733
-0.56115233131512	0.238883976621454
-0.807322725496377	0.241045063064016
-0.7317304181465	0.331082189318877
-0.80501670800391	0.240131535761597
-1.07027408469825	0.477371557191018
0.509323661064975	0.201272557533838
-0.811373560011242	0.237506493790577
-0.385185255432445	0.123086850300461
-1.87836258290275	0.866772713265484
-0.910989829180631	0.375953539455197
-0.420956394505232	0.131942239785619
-4.71145575275858	2.92432268537592
-1.17478391055795	0.405059120470836
-1.68224095000138	0.720852067164121
-4.02855338412651	2.02282140980856
-1.1086541616423	0.484292919893537
-4.1481456263688	2.21220429496963
0.00860208993737052	0.00301795593353709
-1.79424337490959	1.13508618727426
-1.67332449636886	0.992809132715817
-1.06653195712655	0.594537212352813
-1.1389080403115	0.664184880020795
-1.38220643574865	0.719750097831847
0.0991954789744801	0.0322291823392218
-0.663167750797606	0.337390952728762
-0.980778972267257	0.51535333910098
-0.953515940569302	0.587049057149271
-1.41057854029745	1.22697415466044
-0.943422053459801	0.595008243487251
-1.46275605749606	0.560462362918519
-1.17677954678398	0.398951036348975
-0.879465498567636	0.357399480475625
-0.37670737886446	0.120094883606628
-1.16042495355291	0.392200762550864
1.64639407317545	0.623898382527779
-1.0764071089193	0.480765224845522
-1.88209153434043	0.86356505974781
-3.67904807038136	1.64741286165732
-0.0376837000341215	0.0101415481762758
-4.55657404267723	2.76079904040666
-3.66600935104818	1.68463206614575
-2.11793804739448	0.63135655885096
-0.806209579875503	0.240319387510702
-1.68145573307092	0.725202237092618
1.15270367057338	0.353055808149433
-3.25340478521311	1.29746019164863
1.15090865510945	0.349514078629439
-0.384673683107892	0.143797568251947
-0.803305656314616	0.460157625840186
-0.722007751314259	0.330559131937608
-0.91140549181244	0.376430321171882
-0.959276082728018	0.496906932945322
-0.37675972292372	0.186878724495649
-0.311443237400157	0.131319579551715
-2.51082686824372	1.5558751422801
-1.37970994260681	0.718574188834119
-1.39817006047788	0.723469534191369
-1.06594686812314	0.585510323790755
-1.49366163910107	0.823284905604972
0.123154290037716	0.0398741874002629
-4.01630747429358	2.04551854906486
-1.69388413056772	1.02183783694728
-1.23411319151913	0.591269936591274
-0.899984326455543	0.373236410384895
0.0166281656626342	0.00561991579927866
-2.66898465380461	1.68282755667097
-1.3916093826704	0.725365060051962
-4.86467390285997	3.17527538412914
-1.84465264710638	1.19486139624733
-1.72756839267627	1.4342795275938
-1.67492253337845	1.33309882742633
-1.68385249978498	1.02420122136684
-1.15334634435338	0.672864132745548
-0.729001590483104	0.331666987987192
-0.163856761747936	0.0863024120595981
-1.02723846972988	0.798611217650721
-1.17324821325138	1.18392533528083
-0.476247757277445	0.25145917518746
-0.0422082777316648	0.0113174876266956
-1.07972594593017	0.478634991570859
-2.50721269298502	1.53543637892096
-3.4791206633941	1.50957597543244
-1.44163221685713	0.558016897010047
-1.24597786236689	0.602112760250581
-0.163185624737722	0.0632535418495101
-1.38876717548631	0.731779700557009
-0.810014808525441	0.239459859761047
-1.26326335694969	0.606751034116944
-4.72357442479909	3.00599179908157
-1.41861533435082	0.392208760255697
-2.96636789255138	1.08488428798663
-0.807322725496377	0.241045063064016
-1.24784067047496	0.605816708412041
-0.53828381557187	0.291443594060093
0.93022799928682	0.338609015834849
1.65695250422108	0.626785212871931
-0.886943167642076	0.540072011710918
-4.14533325944625	2.21993058099643
-0.803998046279541	0.5366632962029
-2.59068750533982	1.64396325805212
-0.465883539096348	0.24382039015804
-0.567177437212227	0.275979806896695
-4.1481456263688	2.21220429496963
-1.69369991351589	1.0337888750082
-2.04489638784803	1.02467662505983
-1.61281594286581	0.912056430336728
-1.68740979925279	1.02058554760309
-1.11244943007773	0.483816059965677
-1.04702157011783	0.550634619783659
-0.916323544237471	0.37196381677056
0.225377218827432	0.0840199473385657
-0.0858837257161605	0.0348882240824367
-1.52032913269508	0.834507130289427
-0.54442126535111	0.261669019324142
-0.892702764593884	0.714093630335398
-1.17642043351559	0.863959042270687
-1.55373057683145	1.13726583605187
-1.46419354095426	1.03853862739778
-2.50293076297791	1.52668979427655
-1.70272781288923	1.0253718637916
-0.542623298780681	0.305691727940337
-1.01001364366377	0.898046219497505
-1.27155755569253	1.65014936545691
-1.25241749919948	0.951993471357433
-1.16427443776813	0.399365136721548
-0.0303003282829474	0.00852825225991697
0.310400725499508	0.142777001361091
0.217517890934086	0.0806349250353212
0.538363386385181	0.24094333296738
-0.560358538849189	0.316025770321635
0.0171924409450575	0.00592618957215028
-0.942139561873674	0.482700048288364
-0.890734062392765	0.367403043912878
-0.333395733905057	0.081478310496245
0.328933278081509	0.138497244928928
-3.48840057735364	1.49270604695819
-0.465998857227886	0.213030671843091
-2.21578231142071	1.15493680562934
-0.903238692441113	0.37304646328457
-1.68153170595574	0.720876388916263
-2.6558409125701	1.75048084953658
-4.25728121255611	2.36051648577272
-1.24733280592099	0.60694821812211
-2.50430710608054	1.53523872261049
-0.32874036005204	0.138207665412967
-0.167036401340592	0.0562929436190705
-1.51255424453108	0.8330162441246
-0.400432278737187	0.152602642807854
-0.387094054999915	0.125239261633603
-1.86328188252658	1.14310715067945
-1.0645918984433	0.470255111747087
-1.89029863046895	0.87337495080861
-3.70629306244067	1.68222269331011
-0.882087192199324	0.360152170235307
-1.24195980239909	0.600441580415281
-0.500676594177989	0.305225813451006
-1.38255656236369	0.712447779191324
-0.300643211016126	0.142324211579301
-1.52393650619455	1.11383233209158
-0.993920508335217	0.516916468403194
0.493106033220209	0.19247805682094
-0.363107874251561	0.136787903331676
-1.34845409650533	0.888179899798167
-2.26450462639857	1.90400636612282
-0.858690999660138	0.613342206737738
0.185599846108339	0.100700396177693
0.5017264695091	0.198133423493207
-1.25562281620151	0.614309785306963
-3.694123344797	1.65999419723962
0.388856236225614	0.0893513438012124
-1.44834067236736	0.563716343951873
-4.27352526019608	2.35680763042535
-4.13691426177207	2.21138232959376
-2.18657682128659	1.16781590195904
-0.89448850089669	0.366864647058221
-0.555599166101957	0.23506709317397
-0.0422082777316648	0.0113174876266956
-0.717244596387297	0.32494068287413
-1.06963421989008	0.708156982881789
-3.67854438961601	1.70689968903158
-1.48756884154272	0.804159217400346
-1.68693067287453	0.724133538988098
-4.46984248790328	2.63565389197313
-1.50610464455845	0.829893088539104
-0.174109510279742	0.0664313617008384
-3.24381632723908	1.29116659560307
-2.03062808597457	1.00707041271182
-0.722281768692851	0.332975857101801
-2.96292808933484	1.07602572428339
-0.885289929999141	0.35765973017368
-1.10528096967519	0.47545248073784
0.0162255599623852	0.00640669628081938
-1.52382033418375	1.10905991016111
-0.890734062392765	0.367403043912878
-3.14272876093065	2.59628519765136
-1.48140337558591	1.33197239122776
-0.688410728922103	0.483203319501809
-0.710795045042742	0.573867862875943
-1.47967155000968	1.32569749342175
0.184664386438743	0.0979992770138233
0.157696195980652	0.0642116106673892
-2.19012105763413	1.16536379363425
-0.387664218003172	0.125354780385854
-2.18670006914698	1.1467916264951
-1.51475963692944	0.833780425442162
-1.48758974768566	0.809991742595342
-2.51152771366054	1.53136615241976
-1.2498356831059	0.601992943371816
-1.25264281647408	0.606537376558267
-1.48496097422395	1.04907323117778
-1.09057070288157	0.488691001914006
-1.57111923374205	1.1818063778788
-1.83624445839378	1.20449695767226
-4.36794493269622	2.47482967942926
-2.42425675967795	1.39002005797621
-3.69053858523696	1.69693808059739
-1.76847498357391	1.12932826575381
-1.69385279898065	1.03269709450265
-1.70201011724752	0.702668566983274
-0.899502318979738	0.36501785904161
-0.423917911596199	0.18952471120276
-0.442586391384378	0.200796519886972
-0.0475345933747423	0.0125236231121891
-2.72753020663021	1.83017026862963
-1.14260466660287	0.663386006180092
-0.668512559617829	0.405362683330727
-1.83969741560644	1.16137497778758
-0.581986466410153	0.379878536170721
-4.92202172269905	3.33245204853243
-2.08920564869773	1.59177913507194
0.107714712630428	0.0566612861126056
-0.172090946226899	0.0673859943255248
-1.60131045456566	0.912866933345716
-2.95050784791928	1.06273716713851
-2.3063739615171	1.29639084525111
-0.679462638792911	0.346156359737525
1.32346429102797	0.568868333183388
-1.07992343269174	0.476035645919776
-1.87352167243951	0.858221484429943
-1.59550269138216	0.916452357290457
-4.30479907202582	2.30390094117122
-0.903129009729517	0.36580350538447
-0.807449241000414	0.456529472160374
-0.916877516573997	0.376773913263284
-1.61773352106915	0.941713847714013
-1.68179165584229	0.720272159575314
-1.14574629583164	0.669895959289555
-1.38167393967517	0.71143390424032
-0.314202284672283	0.13238631955763
-0.649058606474156	0.333122900145277
-2.91222041795291	2.10855849986403
-1.25776672702186	0.607151489225935
-1.52334607312927	0.833488492363959
-1.08767219262196	0.489551226006052
-2.41270693164845	1.42177054937765
-1.87887040048453	0.851386479713517
-4.01323484477366	2.05758564997037
-3.12561272259531	2.60205234566826
-2.16095661752498	1.70484913740012
-1.96518722646099	1.39048540317816
-1.16814328611247	0.837658527370416
0.418731249949084	0.199169565839134
-1.3534122359858	0.864565350345628
-0.245323947222996	0.137658407615052
-1.43041325966275	0.982040624546747
-0.472509858720766	0.351452563540905
-1.10521000938289	0.496591477152608
-1.10561402135812	0.759512248411311
-1.69170719669593	0.716243205099309
-0.811217418802601	0.238079254666686
0.128615696104456	0.0408365367869975
-1.07972594593017	0.478634991570859
-0.0391395322654192	0.0106916023514308
-1.38257683893557	0.707527218835154
-1.83398551806369	1.17170810991503
-1.695670189074	1.01130380807633
-0.406157548373859	0.234722621641737
-1.10192179620326	0.497633711048337
-1.97137217651219	1.93962242324858
-2.84907619900409	2.04935843774574
-2.06695243058256	1.51690328165047
-1.22689312955928	0.733842008774206
-1.36362501538319	0.878083384974958
-1.23099306717713	0.758931968913357
-1.16131785947023	0.680180849922426
-2.30553726957395	1.94415140513921
-1.89987739671122	1.26810098923416
-0.845772810630693	0.40970589176279
-1.35027131206966	0.89597033193076
-0.329549591028503	0.140044581061916
-2.25958360542257	1.90936961974333
-0.777975978337332	0.584119386370469
-1.95368413734388	1.37924989560617
-1.01487992262885	0.809421935854802
-4.92683206224465	3.31469941662007
-1.40730064443328	0.96285952917348
-1.06297901704984	0.586663719654673
-1.60653848787677	1.54398811645716
-1.81456916222071	1.59472077630415
-0.643125785599583	0.484445548542332
-0.60321476234668	0.39895868441656
-1.38668105509522	0.729616311031571
-0.373825175687953	0.138414702326644
-1.46602813118027	0.558006452549911
-2.21648794182987	1.16407905038452
-1.07367587238282	0.588566684594548
-1.50863839330099	0.83579407041422
-1.05249665919116	0.570686910458037
-0.819698850299711	0.473005834914954
0.00921791304011916	0.00335260294866654
-0.893582381034746	0.540563356098876
-0.732884764256996	0.398807117475421
-4.13670547619058	2.21588840055392
-2.12731973040395	1.67259151984246
-4.00710359501678	2.06276135485689
-0.167470644318989	0.057193534785216
-1.89910638006294	1.25982781101671
-0.197979366136183	0.0864731580055884
-3.68438222899582	1.71169604468664
-1.95318661453937	1.3832148434476
-2.91026871292013	2.1790020968481
0.275148050937183	0.150476241271162
-1.57808027425877	1.47616026520054
-1.68176988591063	1.01454069417887
-1.58647040480745	0.915032219096139
-1.15810113306873	0.827382889575592
-1.55945505354639	1.16022972887173
-2.05151170316164	1.00144956193994
-0.999561330986521	0.654509947178407
-1.55783334964848	1.15762560252682
-0.719930966730285	0.386040628266511
-1.42102717442181	0.962860965946705
-1.16270911352214	0.670995790996399
-0.0251966205089305	0.00735448715938628
-0.224102379391201	0.100516357996581
-1.14236955943527	0.660806004311807
-1.24705090370665	0.603394196503364
-0.980407054099612	0.513540271729756
-1.40475500657454	0.730913421893894
-2.11793804739448	0.63135655885096
-2.05061262839263	1.02616822807019
-1.49540296231781	0.809190512771464
-1.22168967327976	0.746857222677722
-0.319528328647023	0.154431660479206
-1.1722107135637	0.402409154338874
0.0114967294125451	0.00406473140419967
-0.33372599226647	0.13897695093715
-1.22694309963122	0.732164442903314
-4.72248188568442	3.00621225992808
-4.48335572045051	2.59452344086262
-3.03822403917927	2.40916601065109
-0.732177510795792	0.327470187185445
-2.71491530970204	1.8158634156286
0.529905258462841	0.231978574299228
-1.21732261280116	0.702386647716257
0.587844036186646	0.285585329328509
-1.68126686494917	1.00782202563439
-2.42449630584911	2.20454976536405
-1.34728074422077	0.877604592458507
-0.17425516256267	0.0682026215101869
-0.947067290634281	0.573840896038942
-1.88554724340134	1.26762904775785
-1.15057342640417	0.665936617060576
-5.21257169248686	3.86907019827221
-0.81661826651809	0.472414981638266
-0.967831052997874	0.735112355248539
0.171883593685372	0.0919954879253674
-0.971587541145915	0.510864330479374
1.5098518382633	1.09596884230825
-1.15062044436383	0.674086365925076
-1.45046587518472	0.561786605061018
-2.2051859921375	1.1517816040199
-1.37522923771029	0.716119349145597
-1.89476289909698	1.30205800520618
-3.25037831047555	1.31072968763222
-0.322170286160348	0.135503658007201
-0.876612367338999	0.52404045565117
-1.88434915340554	0.875249775488768
-0.84493089556594	0.411972860890284
-1.62308281225099	1.28045992458904
-1.3948457962809	0.730705017853382
-1.04937837276183	0.694271492663033
-1.92554816308464	1.28277320824329
-1.81839973653116	1.13793267734235
-0.429537806846638	0.189303884811508
-2.01216319862394	1.47126404703394
-1.76946294042037	1.12105312179225
-2.42018831995759	1.41486638701631
-0.312912888160331	0.15217978830107
-1.6098964024927	0.939862410412112
-1.48214428041783	1.02628744917948
-1.58855820943262	1.21903519682638
-2.02108120279863	1.473322368004
-0.0886628384515312	0.0447080849446203
-0.747479072040192	0.408965047537565
-0.469745295498669	0.282126627011584
-4.56066565233126	2.68214906325885
-0.316338617076218	0.133894104590732
-3.31768766038088	3.11491366867587
-1.99987671376342	1.41253452030481
-0.310915100926868	0.148500387213264
-1.09962724135125	0.496619724795418
-2.07605705557326	1.02974365771535
-0.194189454073508	0.07273169638193
-1.40060724539581	0.719803232704141
-0.322982182278428	0.136716353623969
-0.388874538752129	0.125578914390253
-2.19604414548947	1.16731812058729
-1.41605837479475	0.731879807388912
-1.28818147970554	0.803444422609091
-2.17906124780893	1.14677636438339
-0.393092100992904	0.127045894515875
-1.28755407709642	0.808115296039366
-2.58826652046709	1.61026919764781
-4.16289893382204	2.22116710621948
-2.58726481041436	1.61666213527454
-1.07298495717005	0.584923951802193
-2.12139758884885	1.64032778059734
-2.05884698466961	1.5512152679545
-0.53140728083013	0.338726112769001
-2.88403896185992	2.10354757287757
-4.36433581850275	2.49881557366598
-0.546383649591411	0.307206510977266
-3.46956417000721	1.50979888537416
-2.9438261660013	2.13032473027301
-1.0660867806342	0.565297043684194
-1.40058280351326	0.910043008788465
-1.45077620207201	0.565617223740927
-2.656732590137	1.72688994949549
-0.787525605226798	0.509170490208413
-3.694123344797	1.65999419723962
-1.7790792017899	1.14373632737469
-2.42587538501431	1.43281758433188
-1.41459487294392	0.970467396199574
-0.897753354869363	0.366325936815679
-2.04505989385735	1.0111654506686
-3.68823984385248	1.65731256868317
-0.285436972702765	0.134131600988721
-1.3823930943677	1.16320175400214
-5.17527525865641	3.72853757491886
-2.00578267905563	1.42368429351007
-1.36992306407611	0.895654140135765
-2.65821863199405	1.74590914903116
0.451766016736866	0.217685860435871
-2.66337680652661	1.73864472572708
-1.31040771235627	0.818088124091842
-4.9846123293871	3.39550886998306
-2.31521467464661	1.29576668732778
-1.64405513914011	1.27911909248765
-1.26647342998796	0.618036093038647
-0.544922093819624	0.266286231030002
-0.376322339592232	0.145722820661183
-1.22225441907384	0.740041290742613
-3.86305699520573	1.89246132471238
-2.83525519705146	1.9842914497758
-1.13673022018502	0.643562288658431
-2.94529170648287	1.08184221173329
-1.07684718029838	0.477267623343623
-2.60358061024948	1.63698442968765
-1.48483365314689	1.03858888539924
-1.868583960255	1.72491155790696
-1.52241355812432	1.04686807063325
-0.807040722474892	0.457681650259083
-0.958801308726185	0.498366407819936
-1.06541723608327	0.722820021269905
0.005798253033524	0.00234191044054115
-1.12196820918979	0.793691208464928
-1.58508242070049	1.22009625882449
-1.28751365507499	0.810048767781685
-1.25113133017727	0.940145502773971
-0.304935883468996	0.146896910027985
-1.12637165321575	0.948855734078667
-2.2337779995711	1.85824192959415
-4.64878273576264	2.80358639952275
-1.13565387431819	0.94978029320295
-1.07665600432113	0.476836701182666
-1.2115755330955	0.700119715508059
-2.21416360160285	1.18018118359117
-1.64055620226172	1.3115017792726
-2.84160562651618	2.05607651697485
-1.34675763619725	1.11811987982466
-2.06459227521215	1.56261827076354
-2.9593539592399	2.26493507790466
-1.78555452322229	1.12084841256982
-1.16027819331655	0.821405042591623
-1.31059321383783	1.05587256212466
-1.69818580031324	1.03578962048193
-1.23520956887259	0.937563267358559
-0.129743071460752	0.0543592937859272
-1.47597419796559	1.04427237479615
-0.280177767309132	0.142000828576034
-0.950740414445893	0.478070537209555
-0.633046776941964	0.318739136412386
-0.744055132384043	0.404473644951119
-1.89846641574594	1.31017057062809
-1.6277738300865	1.27720457158021
-1.19779574101297	0.871847336223496
-0.893495751337051	0.531954598227358
-1.76208727438301	1.08545039497948
-0.962029939246405	0.499970450810425
-1.39401035715684	0.711457856718667
-1.95267478370686	1.36119875374158
-1.60623479857878	1.20892296730997
-1.07283471704212	0.74271342720919
-1.0123908649492	0.659002682276426
-1.88200874340187	0.864136447067481
-1.83991810668518	1.18224048581165
-4.99925632522575	3.35578672061968
-2.18596380700869	1.76869683249837
0.168265983589997	0.0759509001990463
0.451072641059246	0.21383384320027
0.423021401775395	0.222525531251098
-0.470676565339145	0.251481465305794
-0.415928685040594	0.208974734832169
-0.798989269292726	0.237086792656774
-1.75108564914401	1.07558816269564
-2.5893263514846	1.63260153053691
-4.28495155519382	2.33522637161561
-1.67604936721435	1.0173210143247
-4.29072630106246	2.33383874425295
-2.93771853312736	2.21938523791916
-2.20060429877688	1.74097377363734
-4.14516103457883	2.18650780913944
-2.31284212401598	1.29314586132554
-1.59649919930454	0.896674488964851
-1.76951825168672	1.5317645594429
-0.665536044463077	0.244666394694933
-1.06337576731999	0.593409710244038
-1.05870462535496	0.711669851835091
-0.956192636074406	0.501392920232769
-0.553162501408156	0.261782058089675
0.808366560015773	0.376612256640948
-1.39264205102654	0.706599945522514
-1.38166242985599	0.718626090549872
-2.41236160841133	1.40588608280781
-1.69970937181685	1.04244603422776
-2.95142896060397	1.0932285262034
-2.57991021324831	1.62477565728807
-2.72542916482078	1.84939844441709
-0.954435351001484	0.594263638670891
-4.36863220502598	2.50827583387092
-1.82797086257228	1.1779197046114
-1.72042060880817	0.715488644474146
-2.07082235700506	1.02741124580795
-2.91475103846342	2.1290769961402
-1.05686690913121	0.579534426465366
-0.607073181800789	0.457442546620299
-0.411168185192681	0.210262423690368
-0.797637624531855	0.444323893043547
-0.185174125549815	0.0718070199902838
-0.795542839277268	0.44572592142908
-1.15975377431805	0.39756928416027
-5.05492940028665	3.53057970998854
-1.50865740402361	0.829667944460933
-2.08056160315659	1.00040215821454
-1.76849743211032	1.07517561264748
-2.5380887482999	1.52999065255667
-0.324666808605352	0.175168928361607
-1.5263194182782	1.11051609074478
-0.46015569123439	0.241078251427954
-0.105578038099199	0.0443021241942171
-2.17835341334823	1.14741309140939
-0.217733639176243	0.0988509701871204
-0.666405191330342	0.405733743310846
-0.68755149142897	0.417280164577424
-0.81502115065172	0.467269536718796
-1.01411069880643	0.658688045069959
-1.34062482727002	0.872155071412766
-1.82848082829211	1.17530905552948
-1.28736978327863	0.819791413016897
-1.42561980503427	0.967856787063808
-1.24947243280775	0.604644226534851
-3.09443514935633	2.55591338847018
-2.1343235824231	1.62504261906449
-2.34777392725822	2.11685183223636
-2.7306784841717	1.8598031023032
-1.42197466761285	0.976377044363267
-1.72249771344634	1.43849440487029
-0.123056492750922	0.0574585085661599
-2.66103974980976	1.70946286610496
-0.777969298856356	0.639742528768127
-0.846498456529049	0.408034896197389
-0.341326773476315	0.186884935630513
-1.06731003708707	0.578349271376926
-0.157984803901135	0.0839946601498436
-0.884498245835232	0.417388061100144
-1.27306388885658	0.790121148452934
-1.69056011620065	0.730434854301542
-0.730897679410512	0.399650845307344
-2.50966883967736	1.54263906135872
-0.420939482652036	0.186235777156283
-1.06954336278348	0.588479533170204
-1.87819107785954	0.878704717476309
-1.2403643924711	0.602211188510358
0.171933169290512	0.0984399953446129
-2.1868231866891	1.16593187550287
-1.86915735994329	0.86568344180703
-1.21919680977631	0.721998324827412
-2.83691283551519	2.05056081825888
0.0708800659221235	0.0361267506340217
-1.52146259364099	1.13491399400924
-0.922764179722784	0.561159373579588
-1.57015651562135	1.18262806538684
-2.65759385814549	1.74785346514085
-1.23411319151913	0.591269936591274
-0.852539377022439	0.417206161230388
-1.41692981850207	0.988692641418027
-1.08105579150101	0.739037769713792
-0.879220594371035	0.518920156109033
-1.67914953021217	1.01285971304865
-2.03368204441574	1.00700844752415
-1.87725684634504	0.874930809562063
-0.307645094805791	0.128180191032071
-1.44725578707284	0.563449404759838
-1.08150358264097	0.586652953172584
-0.673077862216633	0.247858513117043
-1.16399424397968	0.402583161382906
-0.859254109028256	0.415913619805922
-2.59954190883853	1.65608392787626
-1.50179882670454	0.819900154468459
-4.1630240601941	2.18990479786682
-4.15698516039345	2.22338070472827
-1.47551583299623	0.968072837320745
-1.27458940906254	0.785890783702648
-2.83969917959141	2.03112998596582
-1.91506892943177	1.29952236694859
-0.553750791655247	0.39238035954164
-1.50772810142967	0.84178818558146
-1.05829948564481	0.58858547184196
-0.426319732219323	0.275093809411914
-1.16897223849844	0.849432619656369
-1.834665266504	1.17074297398921
-1.05496433671761	0.577677088627464
-1.26083576783864	0.614098438010501
-1.3916032386169	0.713603383551617
-4.14533325944625	2.21993058099643
-1.3766806497341	0.70481353327386
-1.04705113401574	0.682159540161581
-1.82110199450652	1.1790432707115
-0.150291016928858	0.0572569470402844
-4.01632421818916	2.06033669142515
-1.10115352770759	0.480326498977367
-0.898267180584239	0.358662312452502
-2.29871271836214	1.29002293065775
-0.16638893785089	0.0571656889168969
-3.47592836562483	1.51632163436114
-2.50143792833592	1.52125139104411
-1.83938950445026	1.2245764873158
-1.04856186883224	0.699401686423919
-0.236755309158792	0.13355938596809
-0.200596675864246	0.0992976897127861
-0.0298858259093641	0.00849839766739087
-0.667989135392743	0.394658404630588
-1.0564250615468	0.699632440065368
-1.21049559561986	0.721872702324108
-1.03849964442452	0.547719687635127
-1.23638797109368	0.751315055524414
-2.05397897585203	1.03024872663698
-3.68181858219134	1.69781016916074
-0.8463793012305	0.409912799682094
-3.68396023830769	1.67279608157429
-0.738401426930993	0.402726772681614
-3.68452290555594	1.7077560848722
0.49489667941898	0.19457779720273
-1.57378986324482	1.14648629127068
0.126046555724467	0.0400634751659692
-1.60599229167965	0.902447597117493
-0.383274030355656	0.140761673133414
-1.60028865155831	0.907311345151382
-1.37973665493992	0.71401101176764
-1.50423463325986	0.821905480208553
-1.51367337876454	0.805198236116316
-1.2894140471808	0.798300604988015
-0.737919843366676	0.476327920007859
-1.40181740391228	0.715136661872732
-1.44275146806576	0.554786216830674
-2.31988747924983	1.31473412981835
-0.169453355787498	0.0643869687078731
-1.24706593849764	0.598522049759266
-1.41258048711295	0.392583212481328
-0.401276258432776	0.130110612431314
-1.10180226563193	0.499677293901318
-0.395335878411549	0.127231389842715
-2.31526860976364	1.28615400057535
-1.87232386229067	0.865198158637753
-0.150607791315547	0.0510686040089519
-0.0357499776062767	0.00982234152565599
-0.590681181243645	0.250102935678843
-1.07596172038364	0.480132968787655
-1.14598307664736	0.655864784536297
-0.298687780425756	0.124161854635929
-0.72819458878522	0.382811701685104
-0.320968214320357	0.0797036181189048
-0.731281402825494	0.400978837388443
-1.0574128832876	0.589160105385057
-1.44869322969647	0.563969391250078
-1.09935573489482	0.492981334354251
-1.39026800611606	0.708498546934723
-0.379438286655803	0.14442861588679
0.475560001358425	0.164579254956042
-1.25789866234631	0.598229782852822
-1.69132688503262	0.715911809514735
-0.806209579875503	0.240319387510702
-0.948532672108585	0.477941357480245
-1.24426743370552	0.604131835160445
0.493386202875673	0.188894642752817
-1.87603123090927	0.876167402641253
-0.801356882747648	0.234590282374083
0.456655404920397	0.153526415687144
-2.04024674273112	1.00019397935518
-1.45182876174187	0.559000530147217
-1.77060952847048	1.10220318732827
-1.0742224832967	0.471105743803254
-1.25014128849554	0.606126854141004
-1.59884367945105	0.911953418096766
-0.0285788231277815	0.00796356092039398
-0.891351585437703	0.365692202195644
-1.10192179620326	0.497633711048337
0.211774779842203	0.0789414767229477
0.31239645595827	0.131857173814676
-0.798989269292726	0.237086792656774
-2.03966499944737	1.0232719479279
0.220528274176392	0.083090977105574
-0.693935163521692	0.24844811447454
1.15197220708405	0.359022029649851
0.381939954112183	0.0885630978825824
