x	y
1.37692626026427	1.89675348116532
0.606105355722476	0.524370115834849
0.936127911440567	0.979938706789357
0.870488094040779	1.04308258262317
1.51741851269688	2.03082693018272
0.846879877780341	0.827363605225018
0.0596438250941548	0.0372295250146348
1.31727984413902	1.74283219854664
1.36101814450657	2.18564229222918
0.318192944441627	0.300084769541528
0.488633443848968	0.382730898299968
0.402947218489765	0.406587210244193
0.0145618691160747	0.0104576090678964
0.730857844716749	0.732963024179044
0.0709251274494305	0.0479151136108603
0.690141531249497	0.79610173799552
1.23766169948447	1.70359563692178
0.718635635260267	0.70437884781048
-0.68250738133867	0.721463592610691
-0.172311635155951	0.115225159679535
0.884139644915698	0.887999011737905
-0.557148993550885	0.427545514292446
0.567119083343875	0.593285093701416
0.619342541488711	0.55921498012785
0.267941352915649	0.209375365546853
0.405053608197832	0.304157840967566
1.09124497057561	1.45920076889438
0.646725946072793	0.618026507463676
-0.0767047297310633	0.0523100844882993
0.0850659693686816	0.0577977267345744
0.986164878340632	1.2827801355243
-0.375328497430136	0.304071613835444
0.753892241941771	0.849166860751242
0.950934739822971	1.14050648457683
0.346782448244805	0.259281679934299
-0.0327600250886532	0.021241939128922
-0.393637411195726	0.310826769467457
0.520046433766046	0.494565914884252
0.446332133161212	0.398187139338704
0.32050075876624	0.25818174771553
0.777909415085259	0.752059173537371
-0.565264548064656	0.545756094005573
0.779210099878876	0.861749269038215
0.588912760795639	0.529622257541546
1.0217037459634	1.27952720666484
0.486748620579472	0.500564839416347
0.670002108565815	0.578745846381491
0.891904062456226	1.04220437583337
0.480276651875301	0.484385842167382
0.539814599359356	0.528551049820109
0.421377310537651	0.299238358094048
0.334374745028335	0.272155026079823
0.644034455363069	0.62042563192738
0.374171310309185	0.267051584554346
0.292038279158866	0.246510612794599
1.80750018057305	2.27341030127622
1.24677917067607	1.82062535325229
0.362617164751262	0.238591386487517
0.446053370699672	0.281378370354051
0.137722890794767	0.085035288510306
-0.213493645542768	0.0942102199445005
1.58707013354443	1.87321081199457
0.169700924418409	0.0767392789428192
1.02646444466302	0.777987047431858
0.240952574688799	0.132341680349666
0.828551593089602	0.904662244754456
0.674069725814475	0.481229978598918
0.758968178035095	1.1400871315017
0.231992178701824	0.175939874550081
1.29448892286476	1.0250210782862
0.516656831069782	0.358670121740406
0.500893175775329	0.303393919342173
1.16826244400865	0.988770466718964
1.18243218586911	1.01258423809344
0.241669889774713	0.130647184532429
0.445485744572865	0.304330278383593
0.822663701988223	0.645488624948297
0.640528988989993	0.591506015390311
0.0879056100850163	0.0593850756356204
1.19780399857393	1.10535691272185
1.1062721271222	0.712041410844531
0.942938112477547	0.894356733170037
0.54930371853407	0.384096612834941
0.240154983161937	0.133147062387934
0.346482967188348	0.193686988267494
-0.231548578647043	0.129940297188158
0.378119385486917	0.252570096610914
1.56434748865875	2.18509004718917
0.419339331108117	0.34664912157721
0.917287833491884	0.794387275724993
0.73792155039658	0.628377487881409
1.66948229646878	2.06256880989498
0.794584564486169	0.678207531587145
1.90683285234268	2.5881595928667
0.737184646964848	0.771933439458829
0.96761128814031	0.97008511661114
0.433439611152849	0.250722965191267
-0.644924633848447	0.48282584006759
0.384625447236917	0.252032155541999
1.20875926302536	1.11539793368939
0.345041519065117	0.227381117960565
1.7657883671424	1.75857348769479
-0.0265452983583817	0.0162318115739218
0.633318489732629	0.406581746993628
0.624203637210908	0.484283636017296
0.0984664564252932	0.0752020954495868
-0.0421623097218007	0.0298673060876831
0.264754510249564	0.19841719775796
0.223760469793577	0.140356858398185
-0.403738857261956	0.2555727844018
0.735519470371831	0.685562437898319
0.737861254307281	0.659740008209254
0.156328298151937	0.064007952538956
0.810967792001527	0.703655493778131
1.47300223388714	1.4821934658827
0.0369559192568099	0.0189399720087681
1.95083339881888	2.02623496916371
0.072916605222189	0.0408582457530912
-0.460851077362017	0.239105734051975
0.697604732209913	0.546399464400403
1.58483942314793	1.73990339821557
0.965743448940387	1.05652188624946
0.614359878290555	0.438180947958256
0.0742893862645965	0.0540742518031133
0.357893612302115	0.238783244113914
0.746007429028866	0.936666863043446
1.14202230601055	1.24239287798064
0.609148414581322	0.460005321687342
0.553237701114434	0.327731750067626
0.230617204044772	0.116080893406716
0.765589869127941	0.467056225540964
-1.88122130185317	1.26854339167721
-0.807853271625827	0.45710946355168
1.83533364542899	2.16646509969885
-0.847820173752295	0.416026031926723
0.796327227737561	0.589692299016766
-0.106317844301881	0.0501007525667002
1.02035888654909	0.783509663765507
0.631760282816735	0.382325970531885
0.46220724621407	0.220126536273782
1.3394724438009	1.34372949947902
0.427823879971567	0.241606677321386
0.254600504614567	0.271353805409032
0.285465026987184	0.27006890488968
-0.187108233791636	0.118101861318942
0.819108858643933	1.03978961846096
1.03125606766274	1.2141422281238
0.0512130385621863	0.0245212309958764
0.213394621193823	0.135691163993814
1.23596358548681	1.31663176917853
1.97314844529505	2.49262076511453
0.187444389003927	0.108069228861668
0.985879839627797	0.882154091913074
-0.965287403046914	0.610452399128022
0.531429978103385	0.286935666057274
1.63488681388363	1.4644713721242
-0.397506498649029	0.202959542380851
2.96516629346367	2.79204801100603
1.72078730383829	1.28322357030738
-0.035666859171252	0.0189782905612149
0.463441239854095	0.315996811459963
0.605367304406374	0.521471006729912
0.958490453654559	0.787479222496552
-0.0451603765510156	0.0371604271666724
-0.482353266074588	0.556050658177903
0.280908126814385	0.237686649752941
0.46329210988045	0.373234672752588
1.20933480598272	1.9526978078907
0.796153876934217	0.850165015201024
0.25252207656296	0.147336417642505
1.10423707921689	1.06450154950073
-0.44155486670331	0.25088653084256
0.0172465407260972	0.00915677290583635
2.1061082694975	2.65219804641865
0.544561102238405	0.34852665213133
0.95549502884235	0.772207553072594
1.33087628380224	1.42183855489508
1.47844960401295	1.38017267682616
0.202963189272378	0.0746429860953629
0.940977254869523	0.634390556179148
1.85296259314057	1.24262731511041
0.217995909271768	0.146403139087598
0.411078473932337	0.250283436062115
0.776757060403583	0.744644908855215
0.5840348872541	0.474201904945625
0.667305398284225	0.795349224735874
-0.398035840992534	0.489376302607083
0.78156815405973	1.26813783208699
-0.0460951457496698	0.0401324095732467
0.0924025082589602	0.0677380243965676
0.0950610089912252	0.0839579601368502
0.533034257497099	0.56290079755177
0.264025937092736	0.188363265486308
1.05741607807416	1.36608728594342
1.12023937482638	1.54680298748459
-0.211700246962349	0.126275899294858
0.862018076026945	0.830906766430961
0.443234322413666	0.282286575076004
0.801873350920194	0.772549676415923
0.766327165061028	0.957093625696075
1.72600499262469	1.88830292607485
0.520894923883684	0.305827083733703
0.618747111005228	0.395839448763336
1.73869779588623	1.94258661314691
0.244643417893278	0.143358107604395
1.14249591606605	0.890721514789488
-0.176301496059735	0.0861792764994932
0.325881800869622	0.183891137116989
-0.260488902037759	0.147332763993731
-0.895704075974577	0.540800702150753
1.04902342613393	1.43226708472242
0.863960822688393	0.959192402753017
0.231316943721525	0.236914332377669
-0.12193242095519	0.103687727785966
-0.781571020313469	1.18672108933097
-0.212138317955853	0.215814689393574
-0.162348203714956	0.1302784145441
0.0459064929051203	0.0328319824394896
0.0528945129321248	0.0373890226811405
-0.0706438727868898	0.0526350948660147
0.402951420588861	0.35957873226641
0.322427108365401	0.278613514778735
0.00253743751082653	0.00206295038790301
1.415331182598	1.88475522892483
0.892275057921607	0.782135030130638
0.348675636670248	0.21337846275695
0.435616552090404	0.351968480103117
0.989407892135157	0.871825639349209
-0.219881453904415	0.106049620396563
0.647475333279254	0.428402193281653
2.66071820192934	4.23588337452452
0.730095719452696	0.725663840971449
1.23448547965884	1.3095673610813
0.272968036612133	0.163261578668385
1.2407485711716	1.45754437521986
1.34820612539096	1.34793807299796
1.16056458071361	1.34499068905159
0.921117563305668	0.693387470148413
0.983545242425592	0.976672243012763
0.218509359780528	0.201126790996944
-0.29731516391864	0.324588850381726
-0.0510930941497146	0.0437872423114336
0.113107209858828	0.0959755434145939
-0.211283710925379	0.19763201615509
0.148228133509455	0.125166149993517
1.00265566931031	0.933693176968034
0.713183337603318	0.978746781260886
1.45940904545753	2.93034556553812
0.72350739763842	0.608333012760173
0.217918227532798	0.128416450381692
-1.39986990138873	0.72862687652372
-1.39893333837326	0.960785804278548
1.14070542258995	0.887247564931402
0.0981239933107378	0.0512322409294104
0.903262785416235	0.68617083271138
1.3591064391571	1.46319231860137
0.895880828024656	0.678997521104522
1.27391112298407	0.935978219826562
0.0142733006960497	0.00561842776683139
1.5275080252459	1.02974461294139
1.04374027421122	1.17826385047349
0.892336466321814	0.671383348426555
0.879762991483731	0.645650152636084
1.0415750714172	0.615772940536047
1.0136928863193	1.47752740846272
-0.00453086151799463	0.00388721965798315
0.48487527578984	0.51470265441406
0.818292706483612	1.08661074240051
1.15761817716986	2.00575069600169
0.0764420392328564	0.0505244043120839
0.930693275986201	1.37967692842432
1.06736220901542	1.42578687473818
0.118850628193772	0.0832676668176065
-1.21774707666678	0.739940371501675
0.402211389502333	0.210396603338568
1.03674654638577	1.00561090125389
-0.72500068984176	0.384459425340834
-0.640575034881759	0.330804267568394
0.1200211071686	0.0679641449625284
0.680165899040704	0.374945106005707
1.44818876695825	1.3366902560802
-0.998770920092025	0.663809365367561
0.66851017973004	0.372662508161804
0.733348504517063	0.620961200504099
0.239766468890737	0.22178476855327
0.239676545236799	0.282697309043718
-0.874818292081888	1.75378500586508
0.498785843782682	0.662036076217593
0.7555215788538	0.878660496127964
0.26237239549056	0.309759310822813
0.273690412545705	0.237207967251192
0.292042678136454	0.248129244846237
0.457144105491857	0.499378663318834
0.61007289148457	0.618130188808192
0.830929362220154	0.983308170537763
-0.21448066269471	0.0965821647347489
1.24244352836056	1.3089009701213
-0.12796571779686	0.0864081802720631
0.7580338713039	0.543650229458262
0.57507326836584	0.46761856728164
0.103991378189189	0.054489690332288
0.534338144790433	0.528273431699737
0.608021955339878	0.358201752251965
1.06137674408975	0.625543442458262
1.34923041078544	1.32410780012208
0.678549159080928	0.827352307239312
0.348649591240199	0.332931794462588
0.25100942204884	0.253325355336457
-0.0658354345257092	0.061399809467476
0.0441141561883182	0.0477474850912401
0.525924156723499	0.831652403833972
-0.805169296236778	1.29682474897025
-0.169850067810511	0.185580092377419
2.14948829009553	3.88979468350081
1.22056088582101	2.2504098272993
0.938396168853082	1.35832456267892
0.650843923996719	0.653856144306725
1.59695037598195	2.17228604196414
-0.413340314035227	0.23668367367852
-0.867812061144415	0.427188720357323
0.728372415363749	0.527641179638609
0.235352580695439	0.126657562648846
1.33357643408937	1.3323107162019
0.0271754214879775	0.0137277932310949
0.950580713280755	0.772174571495297
0.20996834855266	0.105758272496119
1.04095615669512	0.796873954680832
0.994827342353798	0.756738003611342
0.207510317627504	0.215354886053228
0.118557595491385	0.121116620624714
0.0544383659772763	0.0630195555048149
0.391559398079031	0.474974545898031
0.0891250820053093	0.0893608258493543
0.453819471713137	0.67398738746888
1.29117079146365	2.72629316095042
0.54542322615748	0.923875621415966
1.29590007585715	2.83458563710014
1.27630786821035	1.63102767983576
0.120560180060009	0.06893288478657
0.932791618220772	0.922423005770215
0.515153597710281	0.326644946608441
0.208373337829478	0.138771886697437
1.01289303417813	0.763080898192628
0.911967820054176	0.567922133169149
0.170758409096788	0.105003046516566
0.0955042860344266	0.050578265041915
-0.642926152692558	0.380638883916957
0.955047697477611	0.670138904927105
0.729477146025414	0.491791252286132
1.22598305496479	1.14961847477323
1.24220149976098	1.60493606359146
1.33902645617475	1.68726473071067
0.163250614097952	0.158111551280739
0.122556430282914	0.141666042654263
0.403953454722792	0.5380383164912
0.785953085808403	1.23023004764098
0.182332488318549	0.194571136283224
1.1057478958167	1.83080787933981
0.957418600664894	1.54822686135683
0.9373280488706	1.64471223600816
0.591867488557418	0.715388046917731
-0.0966205160063791	0.0660418997043923
2.217994116681	2.94112044299526
0.783233327441801	0.598708580816939
0.223076998001073	0.13222594815592
1.07620387516504	0.697851602908942
0.827731867321425	0.96379478530063
0.625806136239188	0.409548918609968
0.0207114847730848	0.0108105542920249
1.80768325291578	2.29223430810056
-0.105041101798768	0.0540169007874469
0.453239745005389	0.331365702426951
0.674917834034621	0.529728680671392
1.1121346414507	1.63735891869809
0.885523297920682	0.757800192413281
0.389299748463957	0.513281637687449
-0.127087747243456	0.139776509330235
0.00188173466658839	0.00209411326399259
0.278661039799804	0.278451313434011
-0.16146749552081	0.168707887129762
0.163778603215511	0.173570570586745
0.149257563430571	0.124356909702501
0.964026570813148	1.72017832407785
0.407820069201173	0.523806609435319
-0.00441440709437286	0.00330959253661578
0.428681868994957	0.305918461609738
-0.207314737250149	0.146349791965261
-0.173462432287415	0.115765939054644
0.850760506665987	0.819988449585568
1.30030158717129	1.15331750868256
-0.288763431803222	0.183051406112625
0.120089177645891	0.0689242753150186
0.185307522026759	0.0997174070994511
0.15334563015049	0.102866590226727
1.59891416610612	2.7234725060353
0.748269628414116	0.543875213892371
0.590842984788182	0.498216413776681
0.464509014971004	0.353921744769376
0.600744987426003	0.701608105736812
0.155345417115478	0.186723026578832
0.144028732445742	0.14765811792923
-0.489474782147199	0.584739453140969
0.327063015236844	0.340572066298643
0.534737958419231	0.583384323242971
0.670920057522879	1.18414042661221
1.0783017131001	1.95543444602652
0.0144410527543346	0.010149146304455
1.21706376407569	1.41390308749657
0.80147041175303	0.811188859861004
0.607234611131747	0.615754294953432
0.678268414190193	0.70630518605299
-0.309557272282044	0.22685218297646
-0.549144227548417	0.347885805175054
0.31367949120266	0.238245759847063
-0.0765879934439198	0.04379492230705
0.527877812503294	0.343434196563631
0.975913921392819	0.865535974968132
0.213313836098078	0.126147670551624
0.400838759799622	0.304087493816509
0.738491763183868	0.782693909518483
0.353226099732483	0.305396135430451
0.772477302532869	0.69702171073387
0.274559939812233	0.206339523819196
-0.182450100852306	0.139586879078648
-0.54528714901544	0.522355988332649
0.57236326569368	0.767931651542407
0.319419056283127	0.234095555655312
0.14843562989922	0.112817857998503
0.60463993918732	0.589079868471899
0.00404221055488702	0.0026355856583808
0.875591185078489	1.33400909390901
0.790773133882419	1.00628924755927
0.596469719678737	0.623801856931933
0.546540148672484	0.502095511802191
1.01781223781093	1.0096837037831
0.659043605228807	0.605707238533872
0.260960841838351	0.144658279200279
0.553895695127431	0.504568213003399
1.58735681532174	1.70474752778505
1.88187203064672	2.11742335151379
1.8048962953797	2.25812253750668
0.21274183087293	0.124473765782687
1.44621163269389	1.54554067998933
0.743029060955309	0.780881188927335
0.528853484903491	0.596010253529989
0.63395195417837	0.833890014759579
0.446830847960937	0.437405545232646
1.06209709428665	1.44954567074
1.06339854320074	1.41239227647163
0.482580833923954	0.495639939434343
0.601130224879037	0.737794986098893
0.678061340773554	0.651871283642561
0.710237602730032	0.663315786552302
0.965370914087784	1.03188242841648
0.653412592330216	0.535950596192462
0.615495607933929	0.664105285307107
0.634284514111187	0.569944550639978
1.72986809318264	2.7411774689303
0.117420139220961	0.0814720540234668
0.682106326050358	0.786453392404262
0.428806670118133	0.364026799027249
0.50994261731095	0.529067819568957
0.446615185782805	0.539030274964951
0.29120358925144	0.313095820491316
0.438044054352204	0.524316760871618
0.622099241657932	0.750037581608525
0.579296969749662	0.633520375215783
1.48434373857469	2.08743225049359
0.964490256582124	1.10133430454461
0.982756093731179	1.34842876042666
1.2421310812668	1.37657713322546
0.571556483176328	0.482891674411833
0.818250184722133	0.945972548726591
0.0228459407824415	0.0130281900274098
1.02105379612406	1.27777322111219
0.728440356657917	0.486757531752622
0.356304242211971	0.32535178146547
0.0142225281731866	0.00865946775696649
0.859022813430908	1.20997043002778
0.697444589359461	0.499537866134022
0.78668621772982	1.09671756744225
0.82974042650028	1.05770984632157
0.215811392772571	0.151288305964694
0.428952344877278	0.389619613542668
0.8676301613002	1.04732381005781
0.657092307311626	0.555667147525108
0.00270903681234482	0.00176783337774757
0.354157309121916	0.298550058874211
0.472252355929319	0.509704262932076
0.393804990385103	0.292584822646851
0.440129523103427	0.452859011899844
0.530264986794888	0.596283174532501
0.186450421787826	0.161182065806366
0.348199832334336	0.243044572881504
0.673125420373091	0.702368141120046
0.476393614557935	0.505510203782299
0.159926029931821	0.112045921673856
0.0319292465581226	0.0252682762146272
1.0298106347899	1.44098903859826
-0.350737256872029	0.267091293691922
1.05385087236038	0.992161535674079
-0.568906854339357	0.590190520617085
0.499044163103794	0.400807167403869
1.08486251882851	1.62502151052729
0.436763778682887	0.365890533415275
0.447211372470355	0.395568413769815
0.711168487928939	0.813054022096757
0.34349416540985	0.313221354770193
0.745675660670181	0.921392297052787
1.24474592111034	1.7932620072455
0.157702742434904	0.135742022046918
0.660383507707325	0.576960756520436
0.0747475497631216	0.0564048607305687
-0.0924421423843011	0.0723292920243074
-0.772067423759231	0.706695296948403
1.05236204260205	1.29861932779832
0.311065763151522	0.237431963069544
0.34314275977236	0.295926532349732
0.762913126915333	0.723879247263444
1.04520327766967	1.35162714806517
0.720646295340156	0.813061137622767
0.594770092577058	0.65549646024057
-0.790082168387639	0.74574759773432
-0.394572728701974	0.358918976259546
0.473011916306734	0.45856544231006
0.45736455547502	0.323521148794077
0.949856352850131	0.951024146004099
1.06558070082574	1.20558315527388
1.06347204682477	1.37544544172275
-0.545859736999383	0.453208311798157
0.163378246214904	0.109942512897405
0.360184128396032	0.237342543149785
0.352818047574201	0.289560337558237
0.225630337853754	0.150362360607278
0.923687405087955	0.861193887638838
0.450100214341009	0.362348015998275
1.01215133957787	1.26113828304063
0.6259416356612	0.514060255737531
0.347059932240685	0.292996003847506
-0.100305106429054	0.0620761717449011
-0.1529925826817	0.138421744108649
0.23023803525322	0.195690995674394
0.301781306023016	0.224426234804694
0.430256394886496	0.349831053925482
0.463962587177122	0.378029970803207
0.494116732106333	0.493088685495354
0.495653932303749	0.451297018758952
0.509704349144154	0.446232121347267
0.79111403923024	0.8278254658971
0.866527297557637	0.873465500694693
0.793149239988138	0.806909863728211
1.05834454221085	0.887288581692778
0.355163822857573	0.247963479866772
0.136245049188029	0.0765569715817283
0.557301230756251	0.497505577601376
0.907837591788848	1.27298378056849
0.510517761904071	0.504966985593783
-0.0150499581280364	0.00960905254991551
0.931846440336717	0.916598698395157
0.37445818527491	0.260614707376616
0.169768574635668	0.138162650046583
0.86879087019692	1.130762876409
0.217426701596164	0.175995801886527
0.148428070745145	0.0907653422004429
-0.215776094038117	0.167234607391524
0.278720711791053	0.235576482814435
0.300326039555698	0.238867413791443
0.36312676018536	0.280455767741245
0.0607761284731736	0.042643139719809
0.337118589175868	0.233588513006146
-0.690223023633462	0.680783784420033
0.785721406578243	0.717004443661962
-0.258532387198031	0.201198571393435
0.436241477078625	0.296625523115363
0.534706524747283	0.372000392131468
1.13919748233854	1.25334248235113
0.00891093137407524	0.00766655069879243
0.468846781033255	0.503301358631483
0.103198165833324	0.0806238228333704
0.469844623224256	0.550763012871554
0.436277708785046	0.556870557625006
0.505051852633807	0.633128764060814
0.420181992499911	0.432304928001025
-0.0606313097415751	0.0377693683768486
0.129394264770219	0.100100967631449
0.207577362379663	0.166615375371943
-0.262883795847772	0.209738205283973
0.804776238716223	1.09160167669816
0.232024351844598	0.197405134310903
-0.0351303276721029	0.0183383696842193
0.266945366310968	0.190096944856983
0.326196532368785	0.277649388176956
0.651703875695821	0.676297658454918
0.637627513033453	0.636806447112701
0.573130419976169	0.613271809737174
0.519565974058433	0.468912439147562
0.388539855718574	0.36730057257132
-0.571158566707758	0.486574523669846
0.103532574371187	0.0737255206528572
0.312447619516051	0.261370710117697
0.949026714031046	1.05765799231014
-0.0305316817013112	0.0209018229788995
-0.617013721533456	0.614238566688608
-0.199442006467495	0.142442112964957
0.301813830058344	0.28871194248472
0.916307145391146	1.22548292826492
1.2323383507978	1.87628943095
0.875066506470749	1.07155686680107
1.20208686546376	1.61227316317005
0.484341293795564	0.603026675397117
-0.22484528612166	0.183209874638934
-0.174163593790046	0.108139397389597
-0.458961270984264	0.335599986289582
0.439385629460512	0.400759615608866
0.599875208668218	0.675098220485755
0.852883376685442	1.09755439711125
0.828498349979864	0.971838195007266
0.68891290122951	0.655952268290976
0.803819637940186	0.852192749077944
0.356301949868012	0.246993691956871
0.859547391642643	0.840377833961911
0.431374674248876	0.265931103267631
-0.629393959125324	0.572185359102767
1.01142118973642	1.32014769558165
0.784749998147394	0.657444308534294
0.899147668159394	0.784408844972594
0.134608307288505	0.0901831934047215
-1.73538494445185	2.40859158858025
0.655927360868136	0.505578335213502
0.324356660104467	0.254612080610274
0.148645025199926	0.0965025785139984
0.837614990049379	0.56670226420142
0.418568625259421	0.303606584749475
0.156824091863978	0.0957055625453757
0.567342535724415	0.442974923993773
0.0112059778173919	0.0070983023542039
-0.197397570718368	0.130704589250201
0.943142855794841	1.22702712122683
0.287373672855009	0.254006435280395
-0.533790022607066	0.413857840834103
0.805600525902204	0.688466144110275
-0.100962708004136	0.0555112779851695
0.427923931496904	0.402985340000921
-0.12637447136063	0.0946574571588374
0.609405828642166	0.564603804360818
1.22853355853734	1.84443939030527
0.665758913277315	0.948249985849574
0.825077834178742	1.16432985915681
1.07189703065956	1.67715164610844
0.438404573546448	0.423832518927167
0.346168051035137	0.365061636699972
0.196850800003596	0.217611616506733
0.797425578873512	0.932442478318451
0.68472198919756	0.749413806267185
-0.135448231748229	0.0849454632151762
-0.373521380102292	0.321825829241186
0.169738843295094	0.140077261138089
0.458620077498737	0.407482560928154
0.794850133584093	0.839777606716042
0.251674954893407	0.194168607542326
0.148871628509618	0.115370625333661
1.3920888794974	2.19449940259995
-0.0176144706823623	0.0110773366275044
0.285575482489107	0.259438851338955
0.521405121993737	0.532623428336559
0.449539405489107	0.469956886262333
0.142726115067549	0.107902199824916
-0.216635821667002	0.156162443023128
0.721183716255612	0.603898261866971
0.851825052214792	1.09886612971912
-0.0998895291364125	0.0698739488325089
0.480552953775774	0.431757091948736
-0.00505750101487686	0.00327119976406341
0.208909904370253	0.184941395943232
-0.372747673190118	0.325049326260692
-0.592377882216521	0.658908248510139
0.559712808990985	0.624082109822796
-0.109653102330714	0.0831051761681139
0.469313841435074	0.660013628417636
0.242922203293914	0.212288412730407
-0.0257143913195882	0.0187161964547942
-0.172752798934505	0.131054875307375
0.216283992760048	0.199428039447789
0.217330902785869	0.204079794218288
0.421956605863425	0.411991681947474
0.507881732963935	0.507891055095746
0.345121869558031	0.372485774023284
0.773988463717324	1.15419350131036
0.54784745943218	0.656539235210476
-0.170943524931804	0.106607414532581
0.361301929330784	0.389179282277315
0.0262839945872173	0.0229013465654934
0.406417699233383	0.485444482182919
0.0634748271366093	0.0518968061056729
0.676258977811338	0.899412581716156
0.967036284057271	1.20950954298136
0.418164071132489	0.364991572848724
0.962834094630411	1.18981844628656
0.104198045817436	0.0955015955529144
0.832741491811912	1.12091456140869
-0.109717820500073	0.072702460352205
0.271208946177404	0.213210041888168
-0.277743841291348	0.229266482934117
-0.569625011799586	0.483543466849455
0.889001351013684	0.969350127345736
0.385875497811997	0.408102559605889
0.512572570115995	0.566914277041229
0.122580343188815	0.100113788746255
0.506077404052912	0.411671508165186
-1.62906794264533	1.28303027123438
0.131987363334379	0.089751228431065
-0.11604880705749	0.0838944620434576
0.0960082329567882	0.0579227012845623
-0.780035543663802	0.710025925774178
-0.738487587533384	0.717265520039066
0.217870713587744	0.206023332553949
-0.146500867039786	0.123488736431417
-0.971466123008687	0.926617872111526
-0.343968841828031	0.338736005040305
0.495690354777997	0.532922549228114
0.287193503202789	0.248074902911589
0.554807319092807	0.572426498182986
-0.0765747789986465	0.0604435719792114
-0.188202776822091	0.152726424073944
0.484173455682021	0.577657614568841
0.782961882494857	0.919276392230772
0.911266154777993	1.060853422951
1.09261401588098	1.59391846660359
0.466465421705626	0.577933163900129
0.599109850158965	0.701918400778312
0.230595500778856	0.230887181660238
0.320863517756579	0.281191254965113
1.00446267847421	1.49826415614415
0.660961853691749	0.856876694475404
0.182975409382674	0.157038381850944
0.330110868820798	0.388357420538697
0.401821291326362	0.398060466094849
0.220667741509835	0.168275462446891
0.223210161975559	0.175348108435954
-0.210708911236712	0.165292507703547
1.05137097760832	1.53258976522226
0.594730648663746	0.506418871016394
0.485764974380539	0.481278476105422
0.990419637072002	1.10637613425069
0.867873146471496	0.925853268449105
0.499576463774706	0.490415467230248
0.972459966256475	1.3994955688592
-1.42934170093903	1.24951165141746
0.163210401313215	0.126815003815681
0.139477397062948	0.114816094752172
0.484787668425341	0.534227424943237
-0.226941067822409	0.156602314364518
0.579543272443545	0.496136932678938
-0.463472120423209	0.378942744862337
0.271382501536324	0.197102163637893
-0.914566067941439	0.655111258027049
-0.930474534483557	1.11586422533364
-0.553575486807194	0.464913326109196
-0.281938572433675	0.223360191916282
-0.757995891454005	1.02086923936831
-0.210569899760556	0.161686385360381
0.233961226014697	0.214635104740113
-1.27688144352846	1.54694288866401
0.452290765740856	0.410144653302609
0.333206453498937	0.270821852362749
0.211208467270721	0.140343138547573
0.225426005237195	0.179115081620168
0.670125469243041	0.824908849062786
0.989334961024331	1.60158518921619
0.648717828714198	0.672345025027183
0.953376527374895	1.34800592715087
0.426414142402723	0.475591731649535
-0.139283123492567	0.10226377990354
0.489796445257522	0.474553743688294
-0.107319020301654	0.09420151647682
0.767408365156573	0.83623658965605
0.206778407741771	0.143419401993023
0.908888661133022	1.12921878665613
-0.0731053934148962	0.0508225684309963
0.603371923781138	0.564478116023639
0.139101445426608	0.093630882501049
-0.037142304713366	0.0212667441746509
0.955308129625188	1.44654259053218
-0.063955711778753	0.0384800019712819
0.671856121588468	0.646884719394529
0.549054555175037	0.563634367354156
0.0136235916919785	0.00836853136428464
0.684748374607824	0.487857138397018
0.0648425208169427	0.0407404121963599
0.173906020679158	0.143388090306488
-0.0492341214357102	0.030644698362481
0.171712828286387	0.127094793787321
0.275361121871248	0.152830385319334
-0.352117110870096	0.237004414562469
1.12072694999577	1.46995275661134
0.0835937667558819	0.0435602154370894
0.712118925415695	0.757568903308547
0.0469631494040747	0.033630691597908
-0.529910556785824	0.45785341781204
-0.812296662637542	0.928352730153702
0.146718693388391	0.0900817189606867
-0.306077231526348	0.271209912246933
0.155141024735362	0.121903844076183
-0.13552739138817	0.081080628975131
-0.309775550916868	0.218100483788216
0.338927343916216	0.316410397691438
-0.169191467559586	0.117729040401795
0.559309632768252	0.568840489463273
0.536201365393743	0.538502418333054
0.486170919570867	0.381233495357729
0.425396232834973	0.37244879512251
0.303654426202985	0.29311770257848
0.282593647378349	0.2814238789554
1.09511821968007	1.52234892728886
-0.123570049308401	0.081444348048158
-0.286186331667287	0.168333800994025
0.262326787365866	0.144883067952926
0.229402359669355	0.191378368959563
0.146122023811305	0.102215717863317
1.00574807821137	1.21009975895077
0.83370123931201	0.982927367132204
1.03522318279117	1.22369461130696
0.72020222225646	0.523030662407878
0.722490171939815	0.605716092767212
0.0432209136098334	0.0239392340485581
-0.238790781880727	0.145900302926677
-0.18206378439656	0.125115529757732
-0.851078354045076	0.601986060743907
0.330883381184283	0.199640320487571
0.677487071133037	0.531913027938683
-1.67158184025224	2.28089443134494
-0.00246180459262997	0.00206132127566341
-0.250789264921332	0.19600852374965
0.05960653337244	0.0386221398714584
0.644559165662138	0.646485736075023
0.614861810275688	0.651268220945413
-0.180190842128314	0.104345101959534
0.159909562965546	0.121742572556154
0.209304890177326	0.137223670382272
-0.374835179882924	0.315464789132316
0.0659569430347897	0.0503354018992716
-0.121930352208079	0.0775021461730631
0.0449373946487897	0.0313907193047851
0.131760440690408	0.0960901441966016
0.668503012217787	0.58001756310923
-0.777823667473312	0.708374684150816
0.873001593303872	0.80983105221523
-0.476892624443809	0.287900245608846
0.330796471587203	0.290893764187866
0.582781542387259	0.44075445722769
0.355121547821485	0.219628235257617
0.57548761555131	0.439354085805282
0.448905207582613	0.326708719885461
0.229496368815688	0.210307971503272
0.624992722524339	0.814959956919466
1.13405672664784	1.43553523492058
0.603513465463255	0.524913348436138
0.120477686151843	0.105439177979286
1.48440681875879	2.19193294826096
0.51944449523128	0.608528828501721
0.0141330388258084	0.00860064196388112
0.475129236552895	0.480108154741662
0.446177606643735	0.388005382329315
-0.154027674221432	0.116910772862809
0.794726832866723	0.943574364277373
0.206230524064955	0.137562085179022
-0.484440256301348	0.457580641009079
-0.705147079847646	0.668819247858931
-0.222478464376645	0.181521465290972
0.00596046132760711	0.00416804245336508
0.141150824277916	0.13682077717139
-0.693355629524709	0.821079564029475
0.583633945295891	0.705595393415999
-0.735630949029408	1.00792960589138
0.570708714169372	0.630622862249871
-0.551009140003347	0.612228759610503
-0.348733528888816	0.320820518220556
0.0773807025309304	0.0565542092736258
-0.188275492442606	0.154995520735118
0.816473717112955	1.06246035233996
0.049114039553459	0.0373554863475759
-0.493996435216086	0.471055922898893
0.697923092557858	0.656832000224525
-0.132534179752173	0.0798287889513289
0.162443143625394	0.119408749126921
0.823018040570039	0.736771660497982
0.0112142461190792	0.00692663976100482
0.218544680307636	0.171572912118641
1.69900923284022	2.85464823077205
1.58332448660334	2.54116110418763
1.01717776153182	1.46220615521698
0.415055880367659	0.403671676132841
0.316922592609456	0.305083056765805
0.526653116952607	0.522177893908162
-0.489912577193692	0.413435103277589
-0.16606809850345	0.126210700375667
-0.0509603800803819	0.0332206371107679
0.533044597291691	0.601820784365206
-0.875475684311736	0.993164265805203
-0.101428848036581	0.0761893065427977
0.303658186382442	0.269935079895405
0.827271313285938	0.843169832089799
1.06179428200396	1.47617370135341
1.19204036922762	1.81953854611538
-0.620371340554963	0.719296597080272
0.158677482425291	0.155603204932469
0.213156046173398	0.2063478562263
-1.15073950316413	1.72981575379976
0.22792753413182	0.250205970931851
-0.181657385279298	0.192460142411379
-0.176850985172072	0.179922323674157
0.0891527182480615	0.0909337235491727
0.495732817907913	0.613228699670368
-0.376915120382473	0.393468099337813
0.138962787519628	0.15561296197973
1.02190106658557	1.8665647348003
-0.0104184441797033	0.00875187971155456
0.700141572707827	0.921416344155118
0.0433472584695362	0.038558526574849
0.0678271001286412	0.0501609066898848
-0.386182654218793	0.351865302166743
0.501432324516638	0.518325752142297
-0.252049992564483	0.224659113790957
-0.120676786333289	0.0761011333941207
-0.120559071687152	0.0875331473213774
1.17069682118458	1.48300263348241
1.39819316733589	2.16742838737281
0.00502282207523153	0.0033077070345245
0.774834993576589	0.614478780977078
0.669466309052061	0.51934006897599
1.11733110909424	1.37553355295434
0.319788640626437	0.230077320395722
0.488406693757509	0.439811638322525
0.708970806933208	0.590538042683968
0.084824782577783	0.053180507613903
0.722460373981437	0.83214490262521
-0.238020848774556	0.188737728170369
0.422556846964433	0.443237855996816
-0.196415427484412	0.136858877572851
0.705488970398937	0.718709100627278
0.357829278043973	0.233518454233607
0.252189778912198	0.140096602693753
0.381057795796173	0.298433327663916
0.314865853744385	0.306547168468791
0.299339590882481	0.299328921209971
0.236669773828543	0.238778581227421
0.147021746675186	0.113874898781299
0.0229960236870001	0.0189523490716833
-0.0714643747889058	0.0768470564974333
-0.706070499700206	0.976226768048571
-0.630703449604241	0.903280271123186
-0.0395263744102738	0.0390532673755232
1.69477446141842	3.6602719414629
1.64549960508668	4.0524251129517
0.215866683349957	0.233789479484018
0.639311311184322	0.707270438701808
0.475750130343719	0.390074631462726
-0.912208466361254	0.658371950875797
0.571170695980115	0.534326759695634
1.95419225088119	2.45610049049351
-0.552862933898932	0.30874485123579
1.01528635867683	1.01580485353643
0.299329200088219	0.213819096504955
1.20945842800267	1.54860574212198
0.095103786673704	0.0498923752169241
0.136007486206755	0.0774080817744819
-0.783899174803402	0.518891159346624
0.223322345980644	0.172682425424174
1.22688403348182	1.56334697083325
0.192227528556571	0.170854779644923
0.24896920285113	0.280460789786335
0.551800923974127	0.55413086529163
-0.58006330246248	0.458721421483264
0.430952095118375	0.497119259395501
0.0784304165943111	0.0549244102121179
0.126145806877961	0.0994755953980406
0.264758529208339	0.234938163593756
0.0242394077858007	0.0168093148992725
0.450601534886339	0.309288709401577
1.22096299397941	1.21179319991085
0.699713224751608	0.657028630359628
0.56547928178608	0.546137670211515
-0.0930845139413903	0.0732107101463796
0.337749723375199	0.350241565292334
0.943683892591116	1.25184832680377
-0.0345998638140832	0.0354523347172595
0.321356022358187	0.349311155944347
-0.392858536133942	0.493270124884761
0.431138207645128	0.541771915585663
0.448709010845571	0.455431862950282
0.322334355836072	0.308408867308222
0.172055409850848	0.153502438348397
-0.113311473619315	0.0941249571021261
0.137206570323609	0.078254333065513
0.444969475837481	0.317687835684536
0.0314585447264802	0.0189523350796861
0.265697995011022	0.189380886987201
0.0109986232600505	0.00674080871196196
0.351772243472422	0.249029583448662
0.922475621690512	0.856886777349024
-0.796776953962918	0.533065244823808
0.451108258387267	0.418367813840314
0.417202275879916	0.23759041302065
0.095442034623914	0.0502639358153915
0.492623752191959	0.440074010135441
0.998117341457312	1.22646385337366
0.310981155293596	0.269798370057136
0.0371399161755111	0.0248025734091462
0.646956203282118	0.712474136915486
0.225892650886344	0.213595535283673
-0.0516860084004576	0.0354714067294381
-0.336292882284279	0.312313966002532
0.154825586867054	0.094872502291969
1.60274405261785	2.91618387915403
0.28777424390485	0.196797829250833
0.447131495752837	0.362275313087272
-0.255529386917416	0.190800421105674
0.405498155864721	0.339414865917945
0.440073477641048	0.275566146920823
1.69140911719356	1.96762888808628
1.30139931727356	1.0416578312209
1.60063665055485	2.48472235351384
-0.218475201847404	0.140134311002683
0.300670678644625	0.195150506515421
0.0425666164425713	0.0269418954965755
0.0334326165701687	0.0253773116262747
-0.859150949697785	1.17149895629916
-0.0481129146280065	0.0275497080380062
-0.194563114910807	0.158439825255092
0.224084372031206	0.181280056128454
-1.69362179031661	1.74943648323596
0.789214644783169	0.759909168384628
0.825736997510963	0.750944749835892
0.792447608493566	0.590019096335699
0.874239217189277	0.70347904132541
0.833519966034706	0.660118903129819
1.12838228774108	1.0930596493492
1.4441958158797	1.34132271474208
1.02798893185865	1.15523627244335
1.45888745444196	1.69392876513869
0.69007512478774	0.498007369630594
0.309444126886914	0.156617868623755
-0.191001109692527	0.0946153208412747
1.14327073932071	1.26135514266478
0.307722527642247	0.342941429531487
0.369165926525737	0.394928943611213
1.00693106992215	1.39367754404063
0.249216648639151	0.178502170012661
0.620128880515349	0.785371535461812
0.853741326031612	1.43732285077831
-0.166341647127084	0.132783338295378
-0.150353220703337	0.138493198561216
0.349217401688615	0.405191594828454
0.0897014357956919	0.0737609446599363
0.371465176971498	0.330758293814448
0.498921473842321	0.454633449734766
1.27248504889615	1.8190090998264
-0.33837531333498	0.319066669511762
0.27426885306638	0.243626764080827
0.091315728365727	0.0586107189237058
0.0624677710484871	0.0424453390132761
0.913821127854281	0.803220520580022
1.10499578246163	1.42469106095003
0.503908167088979	0.390732686165137
0.556837852820548	0.498680775030357
0.416950537643999	0.440093748210392
-0.232989851956948	0.209024133504373
-0.0566657830253299	0.0524524519367044
0.933974379084573	0.966920395855153
0.483904073863826	0.445909825014895
0.191677530473941	0.168161383633352
-0.294278760573698	0.256057309181683
0.112244920761508	0.079769157813423
0.949770359163765	1.12641773891316
0.394714354047227	0.354229684155707
0.383237489102563	0.302425645377668
1.34083956104822	1.41422807074156
1.1069586942939	1.14166752762919
1.12794625805489	1.35682354137036
1.14879591144829	1.37474332646909
0.886091200647606	0.958153590728713
0.609416940218043	0.526006377977153
0.347621892111654	0.212686958463082
0.810768173055291	0.808219447217972
0.639001337053373	0.858964606231442
0.679541663744218	0.864713587814715
0.635842616244227	0.692624457201609
-0.186699474600961	0.161424461019913
0.332133836427795	0.296335610233281
0.578749023015406	0.727142351573699
0.29751918533514	0.300056299865256
-0.0837136087727963	0.0722099746841082
0.653133370831707	0.708012387899586
0.212139587648486	0.148750443745687
1.24771273926309	1.54966361277139
0.952417053683585	1.30205053965216
0.559461234291498	0.578207778339918
-0.142859331896143	0.0963083565784477
0.52869229874235	0.656661473388957
0.566768178300657	0.60668364548025
0.665394279903553	0.58664897700726
0.205965679588646	0.13583769139556
0.0429348978592105	0.0308884399156271
0.404050950139369	0.308385822575761
-0.171921286840871	0.158559363213475
0.585412043970098	0.550009793081888
-0.266590289762961	0.227125134014279
0.174428388325876	0.154040767306744
-0.067781066507815	0.0495419334159928
0.966559599691271	1.12940686697162
0.395313606619255	0.355084966172982
0.636528192839814	0.651608223573877
0.966439588659917	0.906026666582723
1.2387366788502	1.37271611469078
-0.37736777470113	0.234890953722377
0.0989209408019049	0.0658220904168447
0.720257221404775	0.595549929330707
1.45984281800895	2.17540193387803
0.517047548742712	0.430326331405809
0.233894234146856	0.117165072792629
0.970077147665613	1.11871507746001
0.4581361474278	0.502207063969232
0.172221548615738	0.148446101222068
-0.221902818388125	0.202873832925649
0.10206915115921	0.0745630876390776
-0.0732346517465637	0.0571028758266592
-0.113924053922009	0.0874853126520667
0.0499627889820612	0.0357322843725473
0.218770508419839	0.152604245303848
0.634184467608241	0.632414678812325
0.693453144854642	0.835970986075149
0.080690001310094	0.05311215334948
-0.0988207288861158	0.0670037486153929
0.584017406656108	0.657216358703414
0.0200786282144421	0.0104176743604319
0.150463647506134	0.0911541940361874
2.53393677512194	4.53018089956934
0.977667311384229	1.02524246412928
1.5243458201485	1.98479368496358
0.591411876938084	0.564012739424582
0.194143467338445	0.173822986798687
0.0345348005418088	0.0222311890966097
0.285499720129969	0.225386767937378
-0.000382844159325701	0.0000937771033456153
0.630113467444525	0.417978900502352
0.909544430155544	0.8570910337458
1.01144601153351	1.29726800845203
0.731380507837761	0.617662540445139
1.34676897456287	2.08338001787911
1.03813102413741	1.10565716783995
-0.316426665857126	0.206412239640745
0.760534801659804	0.692084546678448
0.609837993177512	0.420918785995211
0.897322255662236	0.814522512602419
0.310919104062369	0.285566046324899
0.0900404961815616	0.0731769849353813
0.601948372112744	0.735027788376196
0.132077624028411	0.110500265788925
-0.793606838530893	0.855278015360034
0.0546644477627479	0.0489462591731386
0.112717856688678	0.0931262975631781
0.138948468495947	0.101340344968271
0.659636013341079	0.640012482126171
0.429484041022291	0.483607522543632
0.665305153064547	0.704393398802108
1.36569276929559	2.12506935223109
0.0874279824282355	0.0667598087583689
0.162364794399169	0.100702033072219
0.236355521656429	0.12916637213844
0.336747963951308	0.20574662400241
0.881525243886517	0.917283987441878
1.05232859960325	1.37474461384522
0.537634121128057	0.614654961216555
0.290367835477873	0.244976451111335
0.673272990466881	0.683993060588697
-0.0149820527584386	0.0102389199838731
1.11034202398484	0.985679043580913
0.627505713241419	0.575769183306935
1.39449385755205	1.82373707689232
-1.03754615500406	0.811989292821273
0.0978212436815635	0.0514967054872764
1.39033962663764	1.73235183894733
1.0380380202025	0.987692949475819
0.00752689773092718	0.00572424382066627
0.216708230582782	0.239670241868799
-0.341505377554432	0.367366285808305
0.294819374337099	0.352616077306145
-0.810795814970778	0.992047519524995
0.434236113205318	0.543549933787908
0.73852781145807	1.09234200916568
0.0242722815494813	0.0184481285700122
-0.197591163645331	0.154064112277195
0.690206176483372	0.838928690866638
0.224282504685956	0.228592304883964
0.510568867284865	0.527709963487996
0.481920081359541	0.42839071756639
0.0634148821893021	0.052791768182467
0.0258073502441927	0.0154978701902168
0.239162556419198	0.190989324690416
0.779604295419474	1.00269249314843
0.510141975757918	0.442969265322119
0.249422915152516	0.184789551031682
0.692515868513365	0.641323657702305
0.00457060771320512	0.0029668168466233
0.61414074193224	0.601112086113184
1.26988960993935	1.60648845399153
-0.00765042149901979	0.00536449712446996
-1.050726140636	1.51568585900103
0.273500594847551	0.242561672599534
0.00247055604848522	0.00152892615469623
0.291552102444792	0.175474785741649
0.243241799762302	0.173527722848065
0.259231943330785	0.190749339286259
0.810116089514873	0.85270920329133
0.523902560640892	0.519183985528158
-0.261706842094836	0.228365123447893
0.362017308621699	0.330158799874496
-0.0974063849721192	0.0580017362551795
0.190726833346	0.151396623127715
0.00826307575653562	0.00431870506515785
0.200150015269387	0.162483112663249
0.666740628169273	0.702685994748679
0.0679730942332177	0.0461183992914874
0.434735605058339	0.33405986782406
0.167191074061637	0.127927897428232
0.578967616217892	0.548305700529943
0.600081615805351	0.654974656069872
0.768749339134483	1.07377739632135
-0.359194307977528	0.291221420314785
0.175222952757283	0.126553728294482
0.445449612375899	0.421254544232401
-0.0823591460498903	0.0521564184573408
0.674277123244591	0.735878182223216
0.377069745093674	0.309352451129691
0.31152875439263	0.28444211388695
0.3452871331564	0.314383876427664
0.0942784224160627	0.0667826901315274
-0.0156916641918108	0.010443006409392
0.0683870446716679	0.0442287005335412
0.0379107838978019	0.0245244936462822
0.644371949043829	0.801946132140223
0.36551852800909	0.243380797093873
0.400909048336261	0.375762292373778
0.350541502294988	0.301320286035091
-0.00055060750178293	0.000388930066787599
0.46723425793378	0.4770271218785
-0.0748693946462748	0.0578136589650037
-0.317167480352336	0.269194594427904
0.155658663403108	0.114345547034929
0.511880859788125	0.622780423093002
0.0127816759824092	0.00919784759961276
0.120708950098989	0.0925607026176225
0.427540774254543	0.324139028089769
-0.1746616433163	0.128132495456762
1.02165605318396	1.48928479137819
0.28334931076996	0.223422068289768
-0.107734585560091	0.074499500556568
0.21502638585621	0.136615766066666
1.24173363124114	1.13996973846677
0.759886047492068	0.903923352496209
0.816768106380384	0.634692712077287
-0.181152864600013	0.130867443724372
0.338221579283225	0.190551970838223
1.16972787516369	0.888840293266366
0.45517730128882	0.331415162611754
0.140824818618479	0.0915494951698358
0.0338389177595366	0.0193434250770982
0.0584211511973646	0.0419398933994822
0.0268110208586271	0.017520814496086
0.355216742779813	0.332348238158221
1.70939896834711	2.45597705899133
0.673781648500522	0.607192494850142
0.541809684382797	0.497763930902856
0.656670529994774	0.65977370143396
0.094097867460736	0.0527076460545861
0.95390356452876	1.3818622451334
0.212978198233449	0.139936069953057
0.507853148925913	0.400345011530236
0.882872492735546	1.08145715097293
0.00208585294187671	0.00145010237525419
0.716033276176696	0.667073404006477
1.46231480295171	2.05674851364859
0.17036050633365	0.104061444489211
-0.0791247956990074	0.0404859002925937
1.21003861838634	1.57247938625151
0.478006036053653	0.346454368060966
-0.188338392195734	0.119131781796745
0.586457423006289	0.498359716752975
0.245841681618378	0.190175822613614
0.407573783933728	0.310349498642162
1.75142655462221	3.52100324086137
0.756929228699625	0.842117345045941
0.507808256193478	0.498167823320447
-0.829777508503352	0.909955065486516
0.0122967022507244	0.00779895247611227
0.350262739687282	0.258652069653318
-0.0247981604912519	0.0169798938246522
0.0336676278847392	0.021561495925466
1.2280062903106	1.60289306373476
0.22532498094511	0.173592522272364
-0.154005417957515	0.0934855198827955
0.54933173117734	0.483584713040048
0.495403731252319	0.362402176033196
0.348584674555538	0.259673242867222
0.441597851761011	0.362534203053781
0.415446383033226	0.37895683640435
0.741232790073819	0.805148888176593
0.0553096615207311	0.0391949267225913
-0.255216565550081	0.171825184019499
0.670719781535613	0.7069370138251
-0.925643739451352	0.877163009174436
-0.862618811699192	0.779989324681694
0.219101199156292	0.146594959215118
0.396678564697862	0.381413639433729
0.22694864578243	0.19499035192335
0.261757517732096	0.210155508832917
0.773957312213021	0.901278485510781
0.794460457486555	0.901373628891804
-0.0324542832531159	0.0194123849173109
0.621840576941266	0.56411488194087
0.232673719712609	0.204211944354169
1.22365082211409	1.85281064355133
0.212502730786542	0.162235323761399
0.50493154389652	0.618457792861271
-0.762454193366056	0.556904723678842
-0.368415731453139	0.267421694084374
0.715340425004084	0.851877271728794
0.897826688403345	0.780791647762407
0.348643545838358	0.305408765281024
0.265024145325222	0.188606218393932
0.492715919789941	0.575438085777869
0.291969584259917	0.230844840974575
0.162094909426429	0.106268438046529
0.530916506697474	0.466491374185989
0.206685934431884	0.138156956507806
0.438363583520548	0.367088613835437
0.612493775577598	0.529771754588458
0.794046796770068	0.853494254584372
1.2095819606719	1.97584924422833
0.92100604377893	1.35284548055889
0.842617841158985	1.07227044190644
0.283184237655832	0.203894866575119
0.415171307471199	0.350290588185262
0.790607698478736	0.761402189812722
0.247007029799304	0.134747498967175
1.034605834717	1.03643771898645
0.653053120495401	0.400662742137623
0.0721060589007132	0.0450536781632864
0.576522224476536	0.515011001910657
-0.0960452089861131	0.0729732770793733
0.25727679300523	0.188439420652586
0.425082276768259	0.323416719977622
-0.187960062505262	0.119397011052411
0.879904884410347	0.91914058301979
0.442544302235029	0.35706533410667
0.665063517079553	0.700288862051624
1.25444248929372	1.49162176463687
0.700520829670233	0.591198707336045
0.547613736489271	0.523794999285743
0.310771056897542	0.203381517817009
-0.0321890725460429	0.0220555080061956
0.175734208040937	0.135178685060895
0.381371398478519	0.330613086889473
0.389328770724077	0.27530867452956
0.954002898513743	1.1996681046152
0.929362020209083	1.18675902673967
-1.2367209763551	1.12774935548664
0.80488786199495	0.724482335242056
1.25149595235184	1.84026765654124
0.609714058091225	0.525512768272345
0.333474744172411	0.314440284764379
0.45719913832208	0.521151346356539
0.130742541963545	0.114302137318761
0.659820078686088	0.721565915101003
0.407516738808265	0.378195256662844
0.359876095294557	0.307944592427138
1.11339481452618	1.25361047340659
0.293651737890588	0.191622283383972
0.136892909577708	0.0914334941903616
-0.29269233198236	0.18897854683483
1.4759215339831	1.79469679474641
0.562625707750483	0.496024101548317
0.27380761711646	0.149758473274398
0.614966264107506	0.53112650861743
0.581105040884388	0.590739660144764
0.418298719729163	0.323205106204448
0.257068645392737	0.169201101761743
0.806398932106376	0.906817382982859
0.376763130445893	0.387934111912106
0.105751146400487	0.0842107805418393
0.303850540794115	0.243382938819498
0.429632466951715	0.473725568724816
0.000708272697520812	0.000863205203040693
0.24035153722178	0.226046907978226
0.374871254121589	0.402007046129595
0.663933553856823	0.598984026323168
0.425737559179549	0.356900612718777
-0.679321817982386	0.395529599291532
-0.795664346499668	0.594034340684334
-0.244527216282426	0.13455972039449
0.501060106446986	0.368609894864573
0.0505377933410406	0.0276932016222307
0.489289051569529	0.373046727963586
1.53988585601195	2.35663821531305
0.808692340751971	0.780765908616315
0.114499354982159	0.0854061489207457
1.35638908231271	1.60120025567424
0.921379843706742	0.816534653627592
0.425882578528595	0.328120903517454
0.163217758465035	0.109304851061437
0.941851252958015	0.892186192708738
-0.0535529168666295	0.031621986461671
0.901322843230542	1.04343323941157
0.0316633489237825	0.0216220823734479
0.741330031041294	0.830882810683105
0.125095277443201	0.0909416266994815
0.944692806407271	0.922867550380272
0.812861556040261	0.91321413326589
1.04788862606554	1.55013971712151
0.87591750061158	0.871052478784139
0.272128391834041	0.196244084238887
1.61283287067711	1.67007231013011
0.291217811728308	0.222016614222172
1.01578084660966	1.29429865514786
0.332272845526481	0.326465911581517
-0.139037949325729	0.0979236035002888
-0.0625531857592262	0.0358392398806056
0.272993745490195	0.176722481082914
1.03504582025	1.03257225228148
0.105543017740899	0.0509544287160943
-1.17995419351038	1.0367035566437
0.496400994274543	0.3804473295745
0.602480188421319	0.428013486309452
0.985612761999275	0.874804456880636
0.844825877103409	0.785799496574748
0.965002890144474	0.675602102184173
0.0661117155198291	0.0392518039190086
0.413617983536928	0.312827646325623
0.364359485574322	0.340282075610548
0.220220393863454	0.159592257865103
-0.224506890325393	0.142199101747261
0.289689151528091	0.238844631321881
0.593835059829791	0.586151534072573
0.691539673775141	0.839278201447426
0.336549783581228	0.357829171446894
-0.364758217504175	0.367008765553251
0.453072387138372	0.423222377420588
1.25274387001852	1.76340058257917
0.284468731801653	0.18345339755699
1.93288581500654	2.0045494653233
1.05934609343318	1.4841297548794
0.538379393720581	0.346687260382992
0.888899699841131	0.76933914342222
0.544217986830574	0.294591260587495
-0.222130110093892	0.10072601827734
0.729008477701807	0.616862504610092
0.0594782086432591	0.0331805022771433
0.795632020759352	0.770226499940007
0.0561292225052662	0.0314496035392642
-0.797764941191343	0.44561745241638
1.48753606367512	1.63361681612661
0.88103918056659	1.07765654765206
0.716097921251832	0.592549280479461
-0.148365197849837	0.0987663592775383
0.868075288218224	1.05807167092473
0.542455738441927	0.379738508953925
0.514416016308105	0.41892416968939
-0.401476004670329	0.252447068069338
0.44236062248264	0.386926523385453
1.08037686693877	1.23714518936477
1.13157410947085	1.43751425491819
1.67417285788852	2.08214381706949
1.3082056662087	1.64859072122655
0.175523113582981	0.139034268714407
1.10555462493019	1.07814804805164
0.958990131984388	0.789923962730286
0.853355369649852	0.685837453075869
0.0764337257323613	0.050319263843173
0.153559582642521	0.103289217293428
-0.447473555611258	0.258370287523465
1.2175366287736	1.5480844278351
0.517529480606981	0.428824589923659
0.78214441037358	0.759317335182868
0.584145684640159	0.43961052756912
0.190658587595868	0.109119186548226
0.404396170569575	0.304369724218506
0.726120568766491	0.787126611313204
0.459073216220906	0.330312431090606
0.138252635035372	0.0563342790183382
0.140109975480584	0.0786005428175242
1.01446462019388	1.54423059724995
-0.277746622869284	0.212099995370682
-0.159525546236561	0.110327532613924
-0.348524312290482	0.279250507906876
1.2454700095329	1.86141584586032
0.721638505085646	0.771604141674386
-1.30865754557587	1.83057314812937
-0.444650378832138	0.405788838493873
0.157297353991172	0.128475363247598
0.302626640016249	0.25027565288963
0.403168998893788	0.318978079455629
-1.16759241258248	1.0216751864311
-0.202882900490241	0.0990883624043792
1.02125029730737	0.9736974821251
-0.32210923026243	0.190892063120063
-0.800561289474866	0.533615151602847
0.229561491085295	0.12575989468529
0.29034940292081	0.196535942604764
0.208918796192419	0.137831131651109
-0.233415051903973	0.142142110264075
0.644214622921686	0.555676186993645
0.209270493030412	0.10402411973981
-0.0086522199608324	0.00510846922731977
-0.864642185549513	0.612364614543555
0.50439059116617	0.400412595172947
0.541622062520799	0.390565039209085
0.731445590695024	0.604569296190201
0.902230003683944	0.684771314440289
0.393522867911224	0.310166130752
0.0833092900862973	0.0510792574106214
0.531845436709185	0.466918376464977
0.306085143340024	0.184200380563457
0.232403690504675	0.156664811629797
1.25538355876094	1.41120174227926
0.345235767080643	0.316533269363395
0.789559630640401	0.624778384226516
0.0161675405442609	0.0084933144503805
0.241649806212329	0.152475530713465
1.7072005749675	2.50860522082145
-0.207801160119951	0.180790664972138
0.895562522875909	1.01928341559374
0.254846985177287	0.152353425769851
0.276700679338453	0.176411483257385
0.601896045959241	0.413317292105621
0.236906943874749	0.149340412572019
0.392521902976795	0.292387836681481
-0.154371117871902	0.114974457158359
-0.193668688713112	0.148453808864065
0.0484344519157402	0.0360211903840919
-0.114462926246933	0.0863409918028791
0.27655761620092	0.270833684545524
0.977791046401668	1.36399973319953
0.141144239503927	0.122229603478518
0.756020510473088	0.906626828064585
0.299321395701372	0.194154453560951
0.461972293907266	0.397874823152401
-0.931366565109392	0.789731873285498
0.680226576734587	0.602415957106791
0.781817982244568	0.622724789899354
1.89496868538089	2.12921759254927
-0.730525001675738	0.400507604274521
-0.410796490342843	0.235395206109613
0.118224367552785	0.0667469973882872
0.283864538982258	0.18318583213863
-0.196880540687009	0.0974827777906658
-0.0270081172922233	0.0144022838897406
0.635903209617702	0.387962360789532
1.46370295224562	1.57482180843476
0.135317977509077	0.0868460511074521
0.278444109074531	0.19152414323399
1.23422766638955	1.21494327109253
-0.321383329342292	0.227969589495529
1.05875229666714	1.20127822411181
0.337851377421922	0.262944680015866
0.661542787231707	0.539857700154419
1.13667500276284	1.29596334039422
0.691704253161239	0.539883462022468
0.678498890708423	0.688972085890818
-0.223901346700736	0.161489301948728
0.272225315249983	0.175117837684923
0.401020410189319	0.30275291101693
0.166221990260154	0.0897446752062378
0.500401894411042	0.33803009117261
0.978948511902472	1.13705943747079
0.828564670430745	0.920931767553457
0.884569640005116	0.92059278894247
0.497279653302357	0.394822006911571
0.286508840071077	0.174523548044412
0.954518176461013	0.767146491906423
0.432278565775579	0.348443348793988
-0.218903029924008	0.140677940172334
0.258407937633587	0.199538605243656
1.30762529619251	1.70314849422454
0.310047619226256	0.335399353711497
-0.12152100948265	0.0896568162220189
-0.443348523097831	0.418703882323845
0.985449491675689	1.1902978480473
0.521145213311724	0.495992928583043
0.533928293936905	0.464958640409617
1.0772251998918	1.23516978804961
-1.39238816251713	1.18725698084729
0.809038202311403	0.92927860818892
0.0213004383483741	0.0111671874056022
0.068522019843356	0.0320986048685265
0.540168413230557	0.32305750247944
-0.204169563912406	0.121528906830083
1.40839501121397	1.89351143161182
-1.30533752015146	1.03898289247588
0.292628611778333	0.200589311294452
1.31276727157843	1.02980744806888
0.133143185775747	0.0639225561106946
0.188042650901978	0.1349186232468
-0.304989716878731	0.145807534806471
0.289103114189267	0.19966601331204
0.320549162305848	0.249555178723045
0.557600659782121	0.486850796302011
-0.539890786167512	0.343866923974803
0.0552365655182078	0.0241880340766182
0.468970153075693	0.297075919397331
0.442573272745614	0.294008327823936
0.435567888991991	0.364799924477709
-0.828807075652006	0.728538801203758
0.943401232860566	0.949466635518269
0.712042229696498	0.762718536074127
0.110508407759818	0.0717167264377045
-0.499846873956695	0.340693400560981
1.56274333640651	1.83243013406421
2.10021415531427	3.68230356810672
-0.202218237412079	0.128821851757168
0.804646996256622	0.919508748398352
1.44305451511318	1.85530216481451
1.06642633854625	0.89721835012606
0.917930039139804	1.31769549158442
0.500078031107241	0.588287639228048
0.526777844340516	0.64556128288516
0.470412520668489	0.548060468042754
-0.103967809179206	0.0867846037881539
0.727277678341366	0.832740045200576
-0.092545508424284	0.0765209845091264
0.212230999950448	0.200994740239662
-0.461755160551866	0.559668698772251
-0.196030522764206	0.203906704755964
0.397923966827238	0.452310759456905
-0.0308404168548672	0.0239691853460314
1.46969415829719	2.70142520626919
0.426397945722808	0.362824171460889
-0.324941144136337	0.224794186649949
0.190759549930843	0.119232943171534
-0.0431452909722833	0.0283795694270248
-0.198995842541263	0.0973097696811737
1.20528862538832	1.03011403935859
1.01306262080448	1.53901091289714
0.70242723731131	0.687806090856598
0.0299128246170627	0.0180631737296613
0.552943870016048	0.487131717589633
0.662985545804067	0.744678744615623
-0.408498310298594	0.283782508793385
1.11115263421198	1.50316795469556
0.203635530220618	0.141118779025264
0.601768027297642	0.615989089238554
1.42647224432922	2.74335349675582
0.491636152057038	0.526363063505346
0.437571192157015	0.318103828082011
0.14814257157193	0.0960927964299471
-0.17541051571235	0.132279150563005
0.636533024961677	0.727800611628435
0.239182993299185	0.210715826982924
0.423307869420584	0.428366186148667
0.498842196297062	0.59131583776428
1.07082062116708	1.49856037367348
0.926844241763157	0.901575182134192
1.14651715039587	1.24676554046999
0.524896771574869	0.502957002266354
0.696802802916741	0.930502498254559
0.341271836230312	0.335214149951244
0.74705385252662	1.04554948468481
1.27174255931855	1.51913883720527
0.532581276710079	0.542026257165348
0.524072961703325	0.36791873222296
0.342597527043692	0.421830059165464
-0.271346302103813	0.343327911335292
-0.282020460214114	0.366061799488187
-0.238180312727041	0.25128429218052
0.0770106665589489	0.0821224783097827
0.520284995229859	0.707506350016902
0.215340354136887	0.266898199081633
0.13754971588373	0.17084709569066
-0.408694072944774	0.720729911800197
-0.354672474515894	0.536603282636346
-0.409213085744989	0.545344048718042
0.147565561235434	0.169134496751637
-0.342039780721045	0.400636746323895
0.317940614325132	0.300571593530293
-0.256693658578268	0.239062295687233
0.270379935630539	0.260916297698019
0.335677225389939	0.337913165161742
1.43457183469069	2.82040960080242
0.888295367376357	1.04156678091851
1.03586856318245	1.97567181291641
0.0660753679954036	0.0598446105842931
0.581077574231406	0.707865460347027
1.13591310294927	1.95746673107834
0.866777613089511	1.02268213467336
0.929154371033644	1.21101957694775
0.156937586566967	0.141922341998075
0.197269256016934	0.159469408670084
0.948355795034913	1.51008870192042
0.163936476613234	0.157462373309833
0.752723830565697	1.15300910708896
0.691461382868569	1.04762495491779
0.671083406821413	0.814095465758764
0.483164923538144	0.565273690844511
0.208578962821125	0.205097751905606
-0.019254085999598	0.0174669544067329
0.355890497473612	0.414944373138228
0.372097909340148	0.410820231986301
1.41687657159572	3.15140445685051
0.735381969781593	1.05414738665506
0.712573830327495	0.872612830639321
-0.371386076098677	0.509448939872001
0.229565434040556	0.280865198581424
0.400053234008752	0.577672647428524
0.806255868273227	1.3572075473713
0.778024550523786	1.19406346720461
0.850033826876414	1.46031172765884
1.05240443688616	1.2128172306272
0.0815531102015778	0.0683050952247863
0.234936786323823	0.194365755769558
-0.0229124448761253	0.0173772266699283
0.496801271424615	0.784124904554447
-0.551141176621843	0.800342853193985
-0.0206564905215813	0.0203434329855018
0.339706071876739	0.374363118523379
-0.0381513076913855	0.0325696838430292
-0.299852960981274	0.344410413023185
0.25147861318788	0.327868800305486
0.274558925442348	0.365696474819865
-0.479826638526038	0.864018006010452
-0.70920586945647	1.24043042336772
0.540863155634067	0.773082516599684
0.697423332387114	0.978127326430304
0.846320202705049	1.53016670682929
0.273960270861514	0.275296175975261
0.313808494561436	0.349616676651616
-0.14382842723073	0.135830059166069
0.136100068124077	0.0952937949226565
0.662047180199555	0.895255859935345
0.644997477360792	0.645372686067866
1.22799237112298	1.91017024402838
0.506742148619395	0.531178762143504
1.00083513821593	1.4355179082611
0.312508598964308	0.264094727955281
0.416394911337569	0.371696211347975
0.731215750872119	0.897449426932728
1.32612910438331	2.10347974747363
1.78487352804152	4.20245134458561
1.00038239032662	1.44411488256057
0.548654364079126	0.652118030452285
0.852788222749202	1.27949414316594
1.6570634197637	3.37059782585078
0.797835477266079	1.1898684337832
-0.272562285680786	0.279194471781073
-0.0245982558995777	0.0192138413222262
0.370529475658774	0.486373722803067
0.575563546262891	0.809957695209856
0.482214595424737	0.732845346727796
0.414503957528503	0.505689453735291
0.919725650628344	1.66424139020335
1.14565561006432	1.71709961631928
0.389440203291251	0.438612909738087
0.632771040172422	0.99296307637439
0.14400006708598	0.173220086472786
1.06976090771795	1.55091916551956
-0.087624295772529	0.083317679577681
0.769340423475314	1.16329895940664
1.17918029147373	1.8832444955222
0.713490874013818	0.991350838404821
0.428275123677844	0.489411114379411
1.19825826600894	1.50022768927692
0.435782211145899	0.413919667316071
0.696239331737724	0.701307046937795
0.120439473781058	0.108745364877238
0.0872092557229277	0.0573340553153311
0.656034697046064	0.66777866402188
0.532805682370397	0.529130790843725
0.00738593590457566	0.00735114509048764
0.281749495534599	0.33815959904388
-0.701696159227593	1.20496309126236
0.781489436959452	1.22966601797173
0.694036453900157	1.22532615133457
0.34288435049314	0.376568116739685
0.158790318273191	0.194361540958205
-0.643044232956492	1.44390408902416
-0.0126553228602879	0.0133122072371582
0.00639639901093744	0.00572909956512166
0.529632178452184	0.698970694231993
0.0908343004763196	0.0846089332144999
-0.117177924631921	0.0942953884409434
0.0605962707781611	0.0505772965804497
1.39777488768871	2.49521493636015
1.52887848280447	2.3356160680657
0.546117185055803	0.479755761964282
0.760517395107599	0.87099982892954
1.44693780954472	3.03812102983397
1.5438728955799	2.70101727051263
0.954813536227483	1.72952315417162
0.606285424993049	0.658317188389204
-0.106113162898823	0.083523608635891
1.42808715699069	1.85194315667191
0.912597903656423	1.38967551587013
0.302873222817782	0.29849738204749
0.0930164310770363	0.0806583413192339
0.946258279348405	1.32541376828096
1.33805367063507	3.19781045939257
1.12326787232355	1.81005110427365
0.767730513406271	0.940945512580321
0.544305425453621	0.552364736967037
0.839335946820971	1.30092971983238
0.718811522015286	1.12271071280611
0.827795757268144	1.5398910091145
0.570320215223711	0.823734231291062
0.831448586255192	1.39735819081566
0.259819015802546	0.254475310123253
0.100580665431718	0.0716586507548142
0.800650026788022	1.30958006547477
0.681035170536346	1.09156012841218
0.459843623670892	0.73078295306451
0.386209714647295	0.443697977204424
0.744433471413639	0.997317953081633
0.592241040070081	0.808383160559307
0.737677851076313	1.02017508320266
0.770192467834158	1.08109499527113
0.339661125571504	0.384219699898025
0.87891649650357	1.78441688711211
0.826827123798562	1.01038009175897
0.436649033062712	0.380480811917007
0.224184776027792	0.2301648525042
0.765602403409064	1.07575869684454
0.255310602231672	0.221320040989532
1.45157847825201	2.33350715591615
0.741008495949862	0.86229668097514
0.190193692418461	0.166042585142829
0.767146774935123	1.47134064773502
-0.420267683069162	0.648060739153984
0.193200936754088	0.212486624396703
0.0352172489118108	0.0315437677686026
0.915993242348747	1.72115298091166
0.348446082523775	0.437452890928051
0.040519268970643	0.037951745147487
0.151933849831684	0.183453650398587
0.0669626901477179	0.076491349600865
0.313577094076887	0.414968336980698
0.447982085750587	0.594463702856473
0.18332784749538	0.198133982222931
0.616406746650538	0.783773236586743
1.59710007061931	2.87642095469316
-0.275882115187587	0.244309346246948
0.775063431968232	1.0318720016205
1.14465040811601	1.38450479752847
1.83134286306637	3.3984508398202
1.17806748626235	1.69710019056303
1.27695657508756	2.26607431770901
0.427924569150825	0.461520171144411
0.709519667000627	0.956562043093494
0.913226579357719	1.1925225027516
2.17306141105905	4.73946600554586
1.40390919426681	2.82212887054811
1.52300521212362	3.08943263266923
1.45106998198729	2.45445192295185
1.54242761079503	2.56302798145818
-0.126237343057516	0.106328156440433
1.51081035820118	2.86459874688572
0.840098672078741	1.36591558851523
0.686754418569828	0.985717338133554
0.8701617954264	1.11055737499777
0.833789542588283	1.16498652484766
0.809193499804449	0.98495065192613
0.542949983778529	0.745852951077922
1.08415657963755	1.9384247897395
0.0120369666085985	0.0110125972742254
0.886759231537651	1.20835621559924
0.572514412648617	0.553250643970859
-0.202968614811815	0.177153966992084
1.11672563749828	2.23729625708624
0.345228231975293	0.481796846936919
0.472063544371229	0.666169483273047
1.23745538043024	2.26544616675646
1.23496169801594	2.21704281904395
0.956718568618946	1.63951210104112
0.773465979078919	1.02562239339972
0.454765334819891	0.612474426423928
1.24488361823196	2.32777831421591
0.686568908639	0.754160731096054
1.08910239617757	1.69596946332267
0.474835565324924	0.521855768502288
0.83348880247472	0.955760613423333
1.13224615339608	1.38081162960481
0.508613957763343	0.691559686103394
1.64169356612531	3.27247303422777
0.486298254782633	0.490646893376875
-0.0709702002989205	0.0491160989655237
0.332365328094586	0.375847868343092
-0.0361228057152186	0.0207003427361874
0.414842099942931	0.381207001414437
0.989096832293292	1.61362656747174
0.309468129888337	0.40005656751034
0.20279883955368	0.234398317678783
0.279489290182273	0.290165100598856
0.0850670229324407	0.0731992238562035
0.221055698357799	0.203474129753346
1.30631052829107	2.80987529714155
0.362690826799667	0.40703905284299
-0.364600345753921	0.363492817882335
-0.556535172341645	0.824668453163825
0.119077413847142	0.135672738332204
0.171927655651807	0.215024847993679
1.26330745799064	2.02619205287698
-0.129713854054173	0.115441689090702
1.03398084208935	1.32106287796572
0.920876455940534	1.40787761954803
0.478757496707276	0.536850217079272
0.0154857792988776	0.012193985865966
0.634574498753453	0.62165596773032
1.41432152513722	1.91392941963043
0.955077007291228	0.917251769696943
0.120627093739128	0.0785248853223674
1.06221425266764	1.3041359253733
1.26291842319985	2.04211655633634
1.51800933353681	2.32292974553294
0.414016467509602	0.373059111541666
1.79074607753978	2.99343440073495
0.989095428247888	1.19812188586744
1.33600206702996	1.68246742064774
0.703074549221466	0.801466619419801
0.70016333483153	0.85089288833583
1.6803663930755	2.93284833686754
1.95496462602355	3.6476350967721
1.06677926392578	1.1896856499366
0.617577177489196	0.707529009991556
-0.271713825834888	0.225882727852082
1.24605329497999	1.73463420868158
0.947975784959063	1.66450623045986
1.4244736579416	3.20131337027979
1.20673406053194	2.06654774639439
1.41705175997403	1.66848809335051
1.51108135620086	2.53452070887717
1.02185023186609	1.51824474436745
1.0880238455074	1.95812733811932
0.97055898539201	1.51991552895441
1.05485652114938	1.8151979127927
1.04220906266418	1.60951732359133
2.38272829066806	3.54190598151898
0.900809092405388	1.36120126766722
0.615253479498716	0.714988680940303
0.969125731592395	1.42222907832425
1.05929891163992	1.26235782201867
0.885805833190022	0.779568988392796
-0.221376033402984	0.205672841239738
0.277495184392838	0.221644886947193
0.658419461121403	0.711005328123066
0.286109652928161	0.1714774190413
0.430499703917928	0.455361707620136
0.649729329626024	0.788452614867211
0.20008493357618	0.138896550161334
0.260630663529141	0.209452459514039
0.3849029361735	0.332733160045682
0.658335774172832	0.742683491354984
0.224506308378841	0.15465013276903
0.501243661011641	0.487507166465396
0.381448380976812	0.295449590388459
0.557881689210037	0.560080444198532
-0.266437147370467	0.235109690885076
0.120604549141895	0.102456371081368
0.626823651137996	0.821897340909226
0.290725169769425	0.229468813841475
0.329195454918108	0.315547582290079
0.24270332433527	0.217631632950312
0.9781167166875	1.38323373039642
0.608999927950425	0.636778437688126
0.209105840884219	0.182632774771192
0.73258375791785	0.785493288867673
0.40996551355651	0.421323283559601
1.04831599225796	1.62449273683316
1.20955805803683	1.92467560477407
0.368298567260476	0.337142861022675
0.521589603626209	0.388074254368331
0.195059154184365	0.114309576777041
0.303056377829758	0.210176387677927
-0.619267050373218	0.365510079537069
1.31046010765034	1.03243246116627
-0.325888974421088	0.211876462300707
1.35792711822336	1.84702811785265
1.67164863324731	2.19543660883988
-0.0763364830487651	0.0442070644111935
1.10919454108689	1.32808979456684
0.214533995068053	0.125270906507381
1.31642464309212	1.58235948992981
1.72451695218625	2.37387407755826
0.496686360525643	0.367638527081812
0.368724676093303	0.32737807016716
1.80831906706347	2.655104711329
1.04935415456286	1.13564789013106
0.336324425563456	0.230763122731466
0.592454864234825	0.448087081844227
0.369924462502295	0.274587072414382
0.305375560118632	0.19288878181751
0.770960818013477	0.609473349600443
0.778479945228671	0.881033866322264
1.1387367952242	1.44457212238345
1.30872469686478	2.10336751202124
0.96448941865572	1.02777333736084
1.31347271649258	1.08459820554891
1.00748752010202	1.38997301665545
0.81389025531977	0.702283744710273
0.987477664291395	1.53586848580633
0.746660551454728	0.903100639207825
0.279479452516832	0.200797800773175
0.364392096218828	0.243442937809334
0.777138994159301	0.775917130103946
0.655595393588906	0.527078993332228
0.494352246790245	0.424720285148609
0.801575462813867	0.778301798429593
1.42084592464473	2.05463273364794
1.23053271119273	1.13477877937504
0.747070480633333	0.723568580647911
-0.181422329545618	0.106879732097229
1.22689191893259	1.22260046464732
1.16489844635218	1.33736434424495
0.220885812324606	0.161223138887863
0.290053098989685	0.135167253347121
-0.0386352507450515	0.0203592778963947
0.531397423250151	0.414965126812364
0.294433315702551	0.212859072224643
0.724501192109714	0.721382354401288
1.13440116446077	1.32551087287102
0.526949740125946	0.54340898730204
1.16077601912828	1.63341370350568
-0.746739078059304	0.72490456053468
0.861297947803921	0.843372130128625
0.285197116768959	0.202722839503213
0.54422497975094	0.419128635534055
-0.522409723657373	0.533869964633994
0.289045207365201	0.208955157446906
-0.104564096114377	0.0720054535679289
0.456398786245714	0.284979304597152
0.847747061277711	1.08637130262643
1.24317137009109	1.40676637997935
0.677302645238021	0.65327223895893
0.253326375497672	0.273816829921744
0.418567675213013	0.351669760656461
0.838209014509436	0.885019981764884
1.93685839200478	2.90524436182009
1.37064546574081	1.56553612597237
0.452700372735971	0.289054872190456
0.960372069399666	1.07197469747887
-0.598383499855303	0.34929154037936
0.63014482234235	0.414793818856469
1.02233071950288	0.765274774341899
2.01073625347705	2.43381884330482
1.00542607751093	0.894419386171831
0.708369191572932	0.511574436348162
0.807592831934173	0.691541920057959
-0.229944029035959	0.102699729772229
-0.30591230522703	0.142579957855545
1.0808258313524	0.696475206007911
1.48162651902813	1.48324128009152
1.1591519337977	1.12584837009241
0.837092518229906	0.570273366137335
0.251498151675358	0.157783170250069
0.715054877327655	0.518019576157621
1.32200846430608	1.6483396982216
1.06093471056858	1.05870068834518
0.968196230356736	1.10790235921468
1.28850838249275	1.02872031276305
0.187164760454257	0.108086948799876
0.676665597891328	0.599677804204079
2.25867372155968	2.41555525317521
0.501124529308929	0.4360562857878
0.645272673956043	0.529416974540655
0.112148225432516	0.0591268472753527
1.80725610471128	1.72408530285508
1.43090462769035	1.63168190497232
0.730613949213425	0.716601834959613
0.721211129754348	0.487956092179156
0.331164975168169	0.277567547719766
0.549810932402262	0.38638806989964
1.15879487023707	1.46989844781951
1.10188976957004	1.00426023869335
0.643448024936466	0.408436414547656
0.192961174205049	0.131751732188155
1.03653174109558	0.990455564309226
1.33557798839389	1.30465498982646
0.206485708970276	0.119865606524726
0.726694541939283	0.487048943968393
-0.0197917757039219	0.00874155907863298
-0.00660510631418284	0.00388832036969803
0.100968102646459	0.0720549572811151
-0.107012264862971	0.063667775722703
-0.0483068642089077	0.0251859641003881
0.16140667755236	0.133860387544808
0.726239866066287	0.744735514173318
0.645896776298619	0.66789099915087
-0.330621454513121	0.232281938475964
0.0530571299344942	0.0358914221584699
0.143636356812051	0.126083587870364
0.216279292803599	0.207622851775247
-0.0422059118676217	0.0271010006370321
1.18051836586262	1.30426072128621
-0.0110353280926129	0.00788942880915927
1.19554717487572	2.09925630645871
-0.428091049717373	0.415111562819716
-0.34544735269911	0.335922395145769
-0.0593220220230239	0.0516125171527133
-0.056478785704955	0.0409440694979952
-0.0200812191144304	0.0137764478720896
0.118079025233203	0.0660296482343991
0.951587077453162	0.959233518014301
0.355249252105082	0.200159389601356
1.71328437131067	2.14229516130987
-0.827691778025705	0.559719387235102
1.21449866928561	1.39643665320586
0.739457672905984	0.772799652274924
0.773212397992727	0.76178799821022
1.8707438270899	2.22890439164104
0.589164571695828	0.525669658026265
0.292395776066815	0.199622322284648
1.04143655736411	1.11875397647413
1.79487863535423	2.20111609664354
0.776522998112028	0.729460690946043
0.129485070394551	0.107052055523284
0.789713849672857	0.752616716971409
-0.328216623705526	0.180474509444392
0.464639579794255	0.291507122209833
1.4339262571329	1.8361507628482
0.47005649254286	0.337626919983971
0.637561406532209	0.683211303252009
-0.067251592979722	0.0382740663629066
1.0399216963431	1.55518391148966
1.08091383502065	1.51427192702974
-0.139377040808339	0.0936824516801339
-0.147979208014122	0.101242399083997
0.920096385564001	1.1226564717604
0.723070350112736	0.741315203247902
1.63282888584924	3.19350928075303
1.55836976404404	2.6155828038879
0.799303924222419	1.07292633577614
2.07334325575944	3.91914143256296
0.361330353825486	0.279650192309936
0.811213860089415	0.781221047732239
-0.52361574877554	0.47371530841624
1.29572214296687	1.88409723538997
0.515432236455354	0.459830810213669
0.290532952962521	0.186002071736271
1.06131319340119	1.20461935365482
0.961820849711421	0.971339426422106
1.18285751316419	1.51155392936049
0.643192023160934	0.519268259378038
0.185697014875439	0.13859785278972
-0.102127986513504	0.0843667563576742
0.434777363312823	0.29371786624486
0.385438630904611	0.307011644499525
0.438458449889296	0.415602183882667
-1.02486840609273	1.29732959974727
0.246642763055206	0.166161574359746
-0.0958797056990469	0.0657817753682183
0.886471923664879	1.2700157744558
-0.135142793243153	0.105138674139153
0.883051493298368	0.957358899830422
0.48182078889769	0.449116478640455
0.302584114063554	0.289026267937847
0.425569817781517	0.4196712017706
0.092985704298688	0.0827556121763989
0.0431404196768473	0.0313803490321356
0.421270264868676	0.351615445993927
1.02481350899532	0.789391574308711
0.573687359100316	0.478299105089082
1.04943201396346	1.00198743345323
0.0214370711282605	0.0150262275790906
0.239949006738477	0.158998535824991
1.11111209854322	1.01211285892722
-0.279758796086039	0.176515540709995
2.47458690508737	3.93525525501375
0.95876057156873	0.826206108670562
0.905488689810094	1.1125999503872
0.243136779579796	0.184744868142794
0.300629930330748	0.231216492709839
0.359684760808384	0.255452314676467
0.711573901766618	0.668586641969533
0.279360002284314	0.207792683808205
0.540671744437782	0.424376212522258
1.2248929621634	1.58674784716238
0.344528080943103	0.236684301348572
0.870981037809122	0.900908426397607
0.880231812085853	0.951719190054942
0.204943265948494	0.160303914455743
-0.270960896454199	0.17704553649496
0.0893376663899249	0.0534100389347336
-0.387541133947027	0.282300202129967
0.803056829111356	0.872270957453166
0.780899112630012	1.14564425549308
0.862457458626712	0.801488312005733
0.459861725942312	0.315373607331608
0.630237455231828	0.508968928543343
0.189261296168528	0.11158832881905
0.308212368557248	0.274136636415621
0.703956986162319	0.699770417945995
-1.60997312207478	1.20288791823704
0.725152777274257	0.713543972111319
0.0140402668047517	0.00976395276507542
0.368609336755574	0.357041498540023
0.272930487993859	0.222164685969014
0.0395303217201301	0.0264845396984052
-0.0359578380195932	0.0290785660511508
0.171345245256894	0.150611791411286
0.142513442925069	0.0974304836047369
0.815430932632629	0.984325389049757
-0.496194979358324	0.579683260468445
-0.380228051399212	0.408176799195526
-0.824366448914677	1.10902967093621
-0.0163443233525876	0.0127046060479799
-0.502428450865432	0.591996151545794
0.369482347970204	0.389093115147315
0.433595193846951	0.383375425003453
0.956227613875108	0.792644371875861
-0.0769244583419613	0.050246953135172
0.718153868098901	0.682565273013546
1.07082603011076	1.52057355935517
0.881762311079007	1.0245009377623
-0.79690640639254	0.533714839530902
0.33122759025809	0.269860327904256
0.770370838691849	0.613481861146287
0.157960340210159	0.0962608546966379
1.06129563542805	0.924909754046742
0.244214806770751	0.195662215926852
0.240948420887954	0.192011569796513
0.940247823973999	0.934802432099591
0.535466878770322	0.512298661749559
-0.260100721910535	0.191609279785461
0.95991998753146	1.07200185340133
-0.227850698410263	0.14891929345985
-0.469456503608726	0.341181000126183
0.649011781380317	0.723253282809088
0.261375340499196	0.253317032545946
0.206571929883547	0.165629153068023
1.02587958856643	1.35706693186657
-1.29689546490525	1.54120455731749
0.826617453378931	0.958768682209089
1.24048874901852	1.54667605534436
0.8981226673696	1.24160106940656
0.309902801035803	0.309646200936859
1.28575441658823	1.68616042136892
0.763255049956365	0.858807313515412
0.324681286094076	0.279620088939476
-0.449319828231928	0.411826428799423
0.0457793141035797	0.0335928952459952
0.0170031008133448	0.00893105432375314
0.477753750940594	0.407889831107657
-0.160367850007866	0.143691769676071
-0.0505958427467916	0.0369414424872002
0.292949835876662	0.273761414591898
-0.191090435752743	0.173136695188976
0.216979304532312	0.211824447326835
-0.00941407038609387	0.00712658453130509
0.252251803881176	0.273281924166315
0.525755802089667	0.368568936510237
0.682661570029354	0.637859869990014
0.724818326838179	0.704156871746601
0.580216576064704	0.469943649528694
-0.942551807444951	0.579992296787739
0.71000670019319	0.514631549086551
1.55405977801079	1.79185197596927
0.491434719246273	0.468311386154557
0.945284319056243	0.893087987512165
-0.281635453956054	0.236094776108374
0.35797495591822	0.263568703993274
0.810426714061549	0.93474449121977
1.07728991285687	1.32819234386179
-0.307939427511148	0.198800379586422
0.682310107622659	0.668188627574807
0.591936239863682	0.559444708491922
0.325461602414793	0.297562537661417
0.804771239301056	0.977226297822067
0.373191370543578	0.32623727109256
0.11671411949196	0.100997753551445
1.3410170751967	1.77788835549134
1.1336100437911	1.51003464638815
-0.271362753502536	0.225065554598017
0.358445549605546	0.32685692937702
0.817222702039473	1.35011575393474
1.2102013730852	1.71124062192394
-0.018312830016243	0.0140326452600047
0.746439024366194	0.813066232121263
0.58658650944015	0.667479458584131
-0.0522785023929371	0.0339304587700498
0.430272760758796	0.42368297239408
0.832241562261873	0.96057006841575
0.58095192705335	0.429850316264185
0.214461136211465	0.14283902711643
0.580013148760645	0.442141469026305
0.611226718124815	0.439262951749565
0.605676856020756	0.478742872404344
0.891470149134674	0.77607619853317
0.28437000842923	0.23188218955457
0.593720072117213	0.55758873107219
0.198531008011719	0.151232355615385
0.355640299579671	0.29073024354597
0.682896763389637	0.604629905239457
-0.376850322076069	0.390239373728737
0.515860425233202	0.518256941608706
-0.203820363009507	0.148590297433615
0.865893570913362	0.992581200324563
1.07169621558434	1.2272519866819
0.847414773881673	1.11098059174274
0.621981162912525	0.707137549980395
0.398602168209764	0.386729058051452
-0.104105804986391	0.0597684355353911
0.676008288376927	0.603175201408895
0.0986716477084834	0.0623347786983082
0.123051601551016	0.0824572157094541
-0.0190749927591179	0.0123682444111638
0.37292992401134	0.263506420010223
0.188004702708881	0.13551567185257
0.679800845982066	0.535276065585105
0.444236845750823	0.362315054244534
0.478962444519947	0.411623897954045
0.255039998795394	0.264458979706205
0.0605142977152103	0.0414527625935152
0.278707961963807	0.256336834414272
0.105383843076567	0.0695231081594832
0.0929441748783727	0.0705981893623983
0.618265846482541	0.598379825719079
1.14616753504243	1.62757803285853
0.571034405059392	0.638532889481275
0.465942984767462	0.473155595533169
0.268407743581895	0.231217783289687
0.410626261122435	0.406939465208954
0.445548070757462	0.396170662151792
0.609906178987908	0.454588890114376
-0.15769960401554	0.108578357813216
0.333141878626409	0.213875226479213
1.23253994655204	1.34616349247403
0.217895539481895	0.126406632730139
0.612436867910751	0.554840945983331
0.570006516282772	0.506361481333009
1.05055123115862	1.30547441882684
0.264455880777378	0.178887972484587
0.489232873904158	0.474306001360992
0.018957078713502	0.0109062855144263
0.794193729886052	0.877395301775515
0.226297023856269	0.133410383011688
0.438106265815901	0.318066552917905
0.478964441016249	0.449070312263569
0.166906545379749	0.120307264368557
0.060568692470661	0.0333466006550776
0.548175670994025	0.347753769196024
-0.0197983085465868	0.0129189399615417
0.338028823482892	0.353739311104585
0.0957057538642092	0.0507604430694071
-0.127130795789656	0.0769669480043276
0.411117302185465	0.218030071671011
0.388677132813286	0.306708018984942
0.158843359971362	0.0975146918566328
0.745204722875785	0.612594367142549
1.05640762437125	1.36056583798869
-0.160533457360129	0.129237901945307
0.336222149178168	0.296318925446155
0.0291035574249969	0.0230690476877365
1.05460380629095	1.07950435843394
0.084228974712091	0.0499647973690371
0.180040094507202	0.136777253920779
0.129513260156933	0.0889186841168822
0.419845871149544	0.404275433294982
0.77616274464242	0.878330862629023
1.58086804451152	2.58033524166923
0.0214451043914622	0.0111552110026321
1.38944976188401	1.87896582171557
0.816685980244527	0.863001434847836
0.0887340188365834	0.0686709319725716
0.257401916565846	0.244324909783449
0.293443069166184	0.276357637761893
-0.16504606978709	0.125962697121381
0.519034654272777	0.495578872462514
1.62917366804959	1.43560708935328
1.0581549911389	1.15293004154027
0.799421919734264	0.596440553333994
0.879282339849433	0.750948344302014
0.747880021026801	0.970840344143331
0.0347578001789136	0.0193444347553558
0.381708062770768	0.231713942707858
0.363164527755931	0.318184682710069
0.52363096622791	0.529393112713792
0.477223369518704	0.459507639627953
0.61024690191626	0.718498958023395
0.402187912004855	0.334609884717812
0.890522662552173	1.09039719908013
1.24728410155925	1.55151305244868
0.335384124083469	0.185731453601155
0.900810831520035	1.03909653742041
1.08757095029662	1.29509458623631
0.704969585368056	0.859523044060353
0.759149953175036	0.685028391052769
0.634929834517768	0.515801575038249
0.686624651340847	0.634307774975742
0.0891951123146836	0.0652020809548639
0.807745244497171	1.00160862217819
-0.152152611957827	0.108181733152589
0.367293828035183	0.287151856266308
-0.0192635613238737	0.0112394654184919
0.956030916577929	0.960426595104016
1.31681753675327	1.65074748408223
1.83125485199857	1.60487021332608
1.28707650716033	0.923674160342024
1.06899747574014	1.21342559489495
0.191099737004248	0.102924747270499
0.418216737716546	0.238782402717091
0.423233641038843	0.223407027979214
0.444537542113253	0.341226343097389
-0.801661571167252	0.758042472392518
0.453322972566217	0.330128681156827
0.744786130950326	0.579616800456349
0.665016857231036	0.513631403075302
1.12756977734327	1.41548406888892
1.20892972751086	1.55141838992986
0.858790856540552	0.860928643244182
1.08204674410559	0.953903284684419
0.779605263567371	0.770828066934836
1.20440753524299	1.17166416428637
0.983823739551752	1.30736713341138
0.684516240142622	0.61009084348183
0.776331033995225	0.606250278881438
1.00514694240764	1.12526262570771
0.455153790397356	0.425491265632974
1.43474943201588	2.05454455397692
0.132819113338097	0.0927903102850782
0.835909234946775	1.03968684945045
0.912641352149	1.04541867805758
1.05994036261254	1.31684505506444
0.466138870543045	0.340680617708016
0.711167046003499	0.510134409868612
0.49392928286138	0.428072005092069
1.60958332276739	1.65748253735358
1.47957388186607	1.07628718284643
0.387061107236521	0.237931591330007
0.867523918149639	0.490333714027141
1.3050678016994	1.04176269993233
1.16273880939646	0.906194760934977
1.44333786148642	1.31460113709534
1.25928162530399	1.32582311609052
0.633090257800261	0.549993426243772
0.388758873461271	0.260511007383985
0.353269550951945	0.215722283115088
0.525699601598764	0.368072722079784
0.614412972927092	0.464085182397399
0.424959004192078	0.244285313804442
0.595092810436088	0.508617561897869
1.61901675962527	1.52732199239528
1.39851805862636	1.85231420374806
0.955946956907331	1.10088180311932
1.46102398994371	1.8072932028923
0.793588361126456	0.66598683876528
-0.0181141818395168	0.00967444347238116
0.447203332217586	0.303637151222962
0.866186254134139	0.799647103277479
1.81338677113004	2.26792756605845
1.76129725788034	1.82468363823606
0.501642429177837	0.390113724832469
0.821923124967414	0.828399965362195
1.24243611971006	1.559136488028
1.06419664377507	0.61521235564926
1.44581704535503	1.61145917064742
1.66592292578073	2.19780331847914
1.68742594539817	2.53648808402463
0.21409741971839	0.134414843997105
0.18920025585281	0.151537399711843
0.430565743557651	0.406800436967407
0.673175855454799	0.764828854672482
0.743867321696001	0.499704413299264
1.0583658239445	0.887638927063656
0.681452359187311	0.530797254204062
0.625888680289687	0.415486925594352
-0.478556871610697	0.251866375290907
1.06692575734177	0.6894354766449
0.53368846398099	0.233870211967529
0.301701023787064	0.139981227071809
0.54508722942512	0.290795496972175
1.29561417597683	0.774457222158777
0.912572119021422	0.800745407406603
-0.576454051230992	0.241274281892949
0.524780737943414	0.412235815669356
0.433206616143781	0.326496480130737
1.93849025919932	2.01170954574576
0.574646241390404	0.335850417458277
1.14831190023487	1.0890645670885
0.453898575057407	0.218424121835668
0.177705961449175	0.0968913337250361
1.44144095961309	1.03775397210254
0.142243274459788	0.0815974202141438
1.85881349780291	2.63245614262429
1.43331652961149	1.64979413253848
0.836371937877096	0.668242442733519
0.347265531534586	0.197674740037765
1.4555669092313	1.47304814588162
1.61552778104428	1.67307053056345
1.23508003209564	1.53027497466211
0.914769679874337	0.870834451125962
-0.024576331353304	0.0110240836833401
0.027760433602524	0.0134224135630568
1.22775643310543	1.30006900018817
0.769544733994864	0.614296229394041
0.667661363647092	0.591902691819861
0.715595389447339	0.475661414174407
0.982556017114107	0.807187252165635
0.367713272888724	0.28563125690977
0.733751111824666	0.693162606485535
1.05906225648104	0.680756179910136
0.966507149980965	0.677695338675519
0.057959316423727	0.0276439346103916
1.11448337293161	1.25117268023626
0.612904431477823	0.529374837663486
-1.06882817540708	0.714627226859968
-0.37744097974148	0.143141710761797
1.23031219782801	1.48454036841862
1.33851116311887	1.34452739347185
1.35187328406533	1.54524031460078
1.0837391939994	1.18653540111504
1.14449758312248	1.7036159427963
0.513147622825849	0.380588434560988
2.20957152635786	3.00756775502873
0.587511129213458	0.412089643908843
0.628666125536362	0.567546247888926
1.02916886345468	0.992430063708064
2.48466449224767	3.49128608181194
-0.0534178709309117	0.0299490190442938
0.71731692345849	0.856741476941443
0.0079822006635729	0.00417532466738072
-0.214233174694495	0.096672820463995
0.587813395495167	0.447007004422377
0.854503517098794	0.952439660227235
0.621709348081704	0.684463157538136
-0.338218483348087	0.267220328011647
0.735403112599247	0.79440573493926
-0.258626802388469	0.154633921617596
1.51556889320612	2.03460755936265
0.324014366179284	0.260737092006157
2.0618218510969	2.76712858351378
0.802184598284639	0.702778733353082
1.44127068898024	1.65878050331907
1.35011448372574	1.2530852048467
0.625796347819584	0.393628231255404
1.53900140290742	1.03666887219136
1.00151890587532	0.737926711639992
0.21553432619423	0.107685075819504
0.0488154431011382	0.0233213338305927
-0.602973325738795	0.390187576357269
0.178334315412938	0.0806526141672928
1.60221235447045	1.62304396174639
0.225948983750037	0.150303990875992
1.10351895349279	1.00723335310603
0.718423790161697	0.47974607813701
0.221597798669713	0.112207312342591
0.989656062077029	0.879357814617321
0.921562713276767	0.846504753213744
0.507272919593065	0.376157826851097
-0.450288680563835	0.349176053583473
-0.188574672985884	0.144455940306918
0.857834292047092	0.981740198077943
0.543872053945644	0.459283710157989
0.881390533266883	0.545413966348493
-0.173407249192095	0.101787386222972
0.477322865224876	0.376059431789185
0.179848339816232	0.13427779565116
-0.229249927872012	0.136595108766283
1.24545260886961	1.61797963896533
-0.399177272222603	0.266328762453457
-0.769109454469983	0.650019198684963
-0.103981681957449	0.0571078350096965
0.356756694385736	0.217474145856191
1.02543019813103	0.984582675036584
0.563665979137602	0.528432090941647
0.521480080807206	0.365819024922918
1.02821134858758	0.996271833316371
0.950905248541755	1.28122490114753
0.713036480137524	0.655774961932373
0.38653078328644	0.240024068801351
0.323313477593239	0.16739783158224
1.05853453841864	1.09154184214135
-0.820336970125088	0.535613618096988
0.77555392268517	0.617230702987768
0.327917002006765	0.137913446867325
-0.768426147308664	0.586916581280977
0.899986757251609	0.943283141727632
1.35579670296365	1.64218508066033
0.970440859236033	1.17896312589614
0.323155539810651	0.246806237507411
0.450357521528579	0.3105409494085
0.398731646194341	0.281414134294186
0.211562687281447	0.149308442288438
0.0566703326416921	0.0316733495041357
0.0733118022959853	0.0458235362997675
0.528121274661435	0.463346424738251
1.50336125036423	2.43907800749979
1.06919769350594	1.50486641677608
-0.832765100141315	0.654958209280414
0.550582617992491	0.370823605351721
0.18595568357697	0.105480742801561
0.130112624537344	0.0945229408186402
-0.161152171054602	0.125819343865825
0.504840520622927	0.459163117518285
-0.242009738199774	0.159250524667908
-0.5090183583452	0.461398092830814
0.455402908722912	0.366396566539958
0.560323776358835	0.561774515021196
0.903495063237063	1.0557245879438
0.993998041108763	1.1513540739411
0.333353563667885	0.28592743852312
0.182470225058354	0.13648692480722
0.506112928666476	0.526461630206658
0.362146294750541	0.308938033057034
0.204053608936541	0.12638763525591
0.66622258498291	0.520724135788765
0.200570561795273	0.0980728955292225
0.743984206229061	0.630821150820986
-1.68850502021827	1.3706779972582
-0.203263309879197	0.128585615480677
-0.557067985757319	0.430148793136302
0.502118459867527	0.436183967727015
0.82542464167606	0.760163665987048
0.448078656467889	0.410052400741163
0.589589167245218	0.471462317978502
0.266570358942446	0.148620182773735
0.654342501754335	0.487472689463059
-0.417549022378106	0.270871145327999
0.309024832866164	0.263329114449666
-0.933832391135047	0.800408091681017
0.853234060887917	0.780054430693896
0.138665533818252	0.0891614628881401
-0.631372253994677	0.321711053182881
-0.0345373356621485	0.0150764128250022
0.395974715515459	0.318688927452192
1.20031126743907	1.46834025769957
0.662369299591918	0.585284926056295
-0.191994266069468	0.128918938035036
1.20962999925411	1.09368396834625
0.255754854291917	0.172226071913469
0.0431028372959908	0.0289706372040023
-0.046699690050281	0.028067774356387
-0.0171631929969971	0.0117547406918293
0.34640341558532	0.290328975147476
0.233910077254891	0.165536120181019
0.371508493828209	0.229295430299956
0.363282928687119	0.206295020229754
0.295851733820353	0.215975993520685
0.801630575393813	0.679626893023144
0.800357891825752	0.684378158808849
1.14636945561205	1.12683946344608
0.51055114398413	0.32585965676898
0.720193448899864	0.604091218499325
-0.196279389366572	0.125219771311495
0.0762985983712028	0.0476511526038476
1.12471128070668	1.15294816138712
-0.275545596476927	0.225080110837413
-0.863756974219893	0.600879641371484
0.152222510928495	0.0924383469085415
0.669705442214558	0.46460486937727
-0.343079835210019	0.20946133815384
1.34792044134063	1.52957662861036
0.787930635450135	0.575376915245445
-0.108193679853383	0.0596234851120446
0.0456439397798878	0.0255491563800303
0.376702723106112	0.295935551603979
0.281312235981704	0.231330648827571
0.0784307180194697	0.0496747165352314
0.251246056371917	0.207833585388689
-0.179841320335745	0.129016884193267
-0.557479049688419	0.466190043582232
0.541308853940518	0.448147040333286
-0.703548780475519	0.662956218346981
0.716343584261171	0.57583805729189
-0.950080098505078	0.965726165483538
-0.0283396134903474	0.0194997533276817
0.61324182362772	0.636946511235596
0.0288330166590915	0.0173688480253297
-0.255430690160786	0.178223680841745
0.698646885219251	0.847711903825697
0.791737112694216	0.939648604119265
0.462805130554009	0.313453810368266
0.579310942730343	0.644332657570101
0.747827614839654	0.774522187005335
0.229464377825339	0.176427058851122
0.389959930811141	0.417723842165387
0.514462159343173	0.517667354752824
0.879432235559191	0.897573190301692
0.607860297369935	0.428506439016416
0.57933995046959	0.420039618455017
0.74191644255204	0.611691727175678
0.527772243589462	0.444097202435414
0.740993603454129	0.667274033125195
1.32125036937313	1.72705971842575
-0.915340176084782	0.841361666190276
1.1956404461696	1.4539425312385
0.492246927938651	0.49884350523278
0.0794977219930101	0.0474199184295428
0.40654327601157	0.285848385295365
0.776875341202172	0.874638912056692
0.754786532090658	0.780408191611886
0.429552080663219	0.348375465623455
0.507636498793769	0.435042094629596
0.491715760242724	0.35211249696915
0.423897575041146	0.341438275928358
0.142659529818017	0.0690625737001375
0.00430091812611694	0.00267022111461946
0.588609625259056	0.509379127994757
0.213088734849766	0.125076774240759
0.990841106273043	1.30976346483624
0.169032929342783	0.141969653509117
0.788017485653222	0.738140186173245
-0.97936013458378	0.851474195416605
0.29593912934861	0.192794804685973
-1.40771290532339	1.4158968955274
0.365303402582719	0.26702077579227
0.601916946119466	0.418528553730211
0.859124286819561	0.82832821669057
0.675231949601456	0.706171949594692
1.37223865768806	1.71297080263435
-0.0378981614549365	0.0225407761337698
0.327732551170124	0.286462960721426
0.345153791424336	0.265172939385959
0.836153337120957	0.968271465912082
0.308482339714711	0.280477758501924
0.260658965140559	0.226196247458067
0.537282772730652	0.481373881823285
0.50849783950419	0.465947477042837
0.0395815710011895	0.02035005050142
0.871495942753362	0.861230776587909
-0.64526449400615	0.444013617346031
-0.0606078786823599	0.0364615428501152
-0.827444834451186	0.55837370595978
0.463380078643565	0.378982376212052
0.20968388730965	0.102466544020002
1.07532243240769	0.957852216447872
-0.838034671550546	0.656598792804161
1.64691895964513	2.25425591091158
0.135313643224302	0.0668151537751474
-0.00567039293691148	0.00131488489845696
0.821188352660993	0.55820032287581
-0.259191920077664	0.132357089746229
-0.872366909988346	0.517279275118984
0.84308856938779	0.80648434254958
0.80210247527182	0.877223912820466
0.454708651737462	0.265614981703358
0.475786885508324	0.393201459528537
1.15465244388391	0.963694224271685
0.863972361919874	0.797131297812878
0.268609659637446	0.169497883571454
0.980011596667957	0.985308794317758
0.525642470456404	0.63244634743835
0.935390304317665	0.759332897325824
0.149365166583779	0.0858083343408918
0.0810908080240107	0.0453657046852531
0.0426253515646199	0.0224250534138732
1.64105282978473	2.38235104692923
0.437979201428897	0.371336256017842
0.948472664719722	1.21826729157152
0.233807532956504	0.163449216072368
0.260340061514729	0.177389999917745
-0.0549008617375099	0.033000716739784
0.215188496795501	0.177753730788453
-0.422445123388398	0.29648702146004
0.57956849314197	0.644134267479012
1.27110272055309	1.49202518842847
0.806800111712413	0.69664242703167
-0.666094534913821	0.645127166482217
0.267890472366643	0.192242388347713
0.349825327860874	0.258565939536628
-0.152526461084401	0.105581527014702
1.35364866276428	1.45361924809993
0.945308041734495	0.879607726694128
1.21706569356932	1.19458923941168
0.962128847059261	0.778459789186264
0.962755796752352	0.964543296019093
1.21972867661823	1.64830558988229
0.0517290315754328	0.0232749306573138
1.72599240273143	2.5155314471122
0.261268545942578	0.145160014920383
1.15640349014751	1.21406465078391
0.651631903955731	0.393213849088588
0.542674338790096	0.352898608949386
1.03994575026087	1.00608636881962
0.584040371275622	0.444727274482782
1.55531583969971	2.0070384713734
-0.123618193472134	0.0548880389291172
-0.233377045394412	0.130389441533759
0.483260659918065	0.417491499127598
0.306203654095345	0.208531190425332
0.313814448133348	0.176866564082546
0.921496958460531	0.848203865754024
0.277432009588798	0.196433475721003
1.12007761467456	2.03203143676479
0.201634983379529	0.171968555168829
0.197220224258058	0.153881240584941
-0.285537132728057	0.310510659053029
-0.0208370820774421	0.0172430584154382
0.0361679282595971	0.0278698779183476
0.341646446053374	0.327007378102146
0.158363163173672	0.107156299964635
-0.113385682350094	0.0903842224197377
-0.329162859769967	0.337488169412132
-0.194903101258356	0.144038222173772
-0.534156950538776	0.644752138428602
-0.0360060253270995	0.0236128490449531
0.0557664220041302	0.0388867844706154
0.239875864172445	0.190457262021549
-0.190002989807146	0.167460051793805
0.0182261876019502	0.0128263786012021
0.907533102654122	0.943060865234142
-0.0834155104700905	0.0562258286299245
0.26737490400703	0.199354684228872
1.75352334472595	2.42643760236399
-0.156825936657316	0.120858091815784
-0.0315599848637632	0.0234151315581012
-0.225033622463686	0.152670268431414
0.826349971684464	0.945726291028825
0.604919088482385	0.576778782898806
0.170486380099748	0.154080156595729
-0.0658671718299173	0.0483880598477409
-0.612222008765574	0.568617851413
-0.581300582702541	0.379887133259276
-0.236925443020799	0.19544964355829
0.109109435188318	0.085152198915766
-0.354075956576287	0.273706289593878
0.223706029790939	0.175652366482613
-0.0802119399479492	0.0579853609524171
0.144644560166481	0.106773308142778
-0.720334899796576	0.734881684496422
-0.206120303709667	0.146440078310794
1.18529324993127	1.33685428930803
0.788972676110749	0.755887387188671
-0.18824187010049	0.118270553837116
1.54608358311888	2.01617389464071
0.565253030350568	0.454273029717206
0.569221872960455	0.50968679017272
0.464076692616017	0.373836100992873
0.674997877348546	0.641799722833528
0.359781711662504	0.308089711962224
0.670917733409145	0.711798996756693
0.40490974574232	0.307936897089265
0.296491318186887	0.245032270703431
0.131047574786122	0.0796926317347775
0.331022187159719	0.26706770156474
-1.05214524756153	0.782960389498231
0.0455829630649765	0.0281408543312408
0.334079251198182	0.281070067515573
1.05295078937618	1.0844593947211
0.251279394746083	0.209170740377996
0.115341577158396	0.075546020580417
0.274600342502991	0.196006942285514
0.866458701055419	0.894546706565128
-0.4873121470017	0.287846675350146
0.00911194577571189	0.00491318947601097
0.701364422722686	0.513332806930479
1.34162257616477	1.24032738958317
1.32144261169738	1.11966148970471
0.828974014011359	0.560016336449127
0.890051344364327	0.769050418955026
-0.11311746126682	0.0532220973137724
0.112733042099144	0.0698044528710302
-0.614055541623767	0.359264901607227
-0.313300148010749	0.187409907508689
-0.00922770930776978	0.00278871262468094
0.486470823319676	0.421013330311932
-0.141401469060367	0.102874482828239
0.78043633232414	0.969078972621018
-1.05879720537406	1.09998430513738
-0.186539552152738	0.158149366661189
0.505875248217771	0.528893446112597
0.179201405688898	0.122607642944694
0.000559623818035801	0.0000274985395474173
0.657819522914256	0.54658639546494
-0.444958368635449	0.318648650328763
-0.620546192353857	0.472624279512067
-0.613526223205475	0.407788423313327
0.0394716544524415	0.0250930988119729
-1.07437627954686	0.872172319743023
0.518994168862591	0.332697270123755
-0.30007954120086	0.124870315059531
-0.425256865730203	0.27605113457354
0.323402531310337	0.232693198117607
-1.42222461547152	1.22193368230765
0.752379815439372	0.585651778561962
-0.0310170478002526	0.0191424992734311
-0.164853219119965	0.106029197843093
-0.0599081127205595	0.038284570379376
-0.383845595034123	0.241070862842028
0.441920611010528	0.297634876344862
0.80061275858822	0.852468654598415
0.390880392685263	0.401185868300483
0.56928694295136	0.611173610277624
0.0675123151569596	0.0540033833625481
0.0435897669824986	0.0339312368886116
0.30096211373799	0.341701258939901
-0.416386689825875	0.352410861812313
0.287218865295261	0.271625276712855
0.0599787616087932	0.0496757498625431
-0.817222226532376	0.946704543894589
-0.489178961336575	0.384292826496508
0.00347041610472172	0.0022193494124182
-0.100948819089865	0.0473664423947324
0.141948071787237	0.0810796250111408
-0.76450464958057	0.578275641355106
-0.0586485843731065	0.0364822091900179
-0.217525951293207	0.131624071618826
0.726105708423527	0.606954664372225
1.18251935489144	1.00190699780277
0.144984914528608	0.0837596724278182
-0.604731157241887	0.448323984006745
0.845143167656302	0.756200115318128
0.323139103825701	0.245705904105635
0.160249992091467	0.104087343515699
1.0140859881164	1.70336656842251
0.826094664160829	1.236178775514
1.15017567740567	2.2064223540885
-0.118201977328506	0.112942613714489
0.198091691697904	0.227679525191627
-0.333866110888896	0.364390347047144
-0.185102694639391	0.156983745551221
-0.534036265476926	0.573307400611321
-0.385405816764631	0.372359047286796
-0.242608635961391	0.223510019812145
0.204641772951117	0.146698507605766
0.956863299015628	1.25621230135956
1.1942986537378	1.72296305489808
1.48404973115316	1.51334275705504
0.34574881581614	0.258993075251597
0.617443154762193	0.409839424303852
1.20878962691529	1.73247414082467
0.456060874557966	0.48490974782046
1.58302343505797	2.28055336576173
0.501367096915782	0.504273742062116
0.084297454123002	0.055640502731274
0.844497772226763	1.08497455435321
0.488251876665022	0.491774805951139
0.306537953677061	0.252128076793155
0.299293319201997	0.201283019741853
0.818125102002691	1.14230692160014
1.32070224590471	2.1402382146816
0.633719507032657	0.969260916387213
-0.328393189489095	0.393578364985205
0.253519657340476	0.241957956308919
0.14485297974866	0.137401782244676
0.205197522688042	0.149579329087244
0.108492020965165	0.067973739195336
0.871784927853338	1.12554247229951
0.486249903689883	0.381494100383169
0.822811968912563	0.834702215847645
0.707531790453744	0.694100198018048
0.532338104091245	0.345835592750713
0.62988957784169	0.524967332831776
0.241001497148337	0.160365314786421
0.736459497387365	0.79741972105988
0.59266215824715	0.540016660814849
0.9955865309031	1.15647431568794
1.21275382438412	1.50520590081969
1.12991081538194	1.29775063049801
-0.381975155788998	0.241507122380078
0.185172997664247	0.133515415565428
0.759852895457045	0.92598318996622
0.899911695074943	1.12983223120756
0.174640003407167	0.195649358683465
0.366683434071699	0.332685829900955
0.204692926173078	0.203470471544923
0.685515817651497	0.847008045394616
0.865679487782833	1.05555753710362
0.529098468226889	0.438932137521453
0.191219885106978	0.118015338990304
0.672673389616625	0.588608902205958
0.173120270688347	0.118405066578059
0.77526628286321	0.736036673478936
1.04240343390147	1.12802590076426
0.250649123448903	0.187365757156553
0.373100587689804	0.290100580712978
0.279201074336187	0.236579999855861
0.421217332985577	0.369613542293169
0.110920069773939	0.104445839839054
0.444037758301649	0.360405197820529
0.481917594968797	0.350829608545762
0.172456737127768	0.117470150505028
0.820353069825922	0.873080617973777
0.336338552338896	0.249555070241197
0.637105851052094	0.63095175106436
1.57339551198013	2.8791259889826
0.419705170681379	0.384223853600588
0.477451169153266	0.580392545221155
0.67146035392756	0.739253496088732
0.208744239072734	0.175782907793142
0.736201090519821	0.977191501446102
0.597998097738328	0.726651521035949
0.164289929819158	0.146875929688184
