x	y
0.6985123299948	0.610647968287859
0.798121332906754	0.589704287040488
0.307926726858641	0.156818156265114
0.800664411645711	0.396265474081868
0.531359593013454	0.336863745068044
0.414911167159933	0.217626504212162
0.181552918393778	0.0975503897108321
0.295341404857623	0.17893073049308
0.763700699124809	0.600661732267765
0.210990871834561	0.103442738596522
1.59177764967848	1.63330817081089
0.601645031093747	0.424723736624583
0.861751329490857	0.79890298012017
0.811269753674619	0.696330906231556
1.07973387315078	0.694315432103216
0.651191471017002	0.528778746385355
0.320583167734589	0.166418702144955
0.533678129227759	0.318186366506662
0.078514208575752	0.0342223300636727
1.21779404496919	1.10216028680652
0.878414292987214	0.715161975846479
1.35451339984708	1.46670135826569
0.739206072285745	0.498324815474872
0.806578499047853	0.694243256578091
0.946305118056105	0.634857273287304
0.946559602957128	0.651858275584188
0.353040133127495	0.199143724789073
0.366855010716737	0.227206462478042
1.10481783829491	0.706360340167228
1.4663735215558	1.29139952604622
0.441102240859778	0.210979232113547
0.345004659306328	0.240786094628786
0.173153665876651	0.0701920330706995
0.323637184058047	0.1660839895871
0.431268611581768	0.248215594694957
0.649325824488391	0.430027446453968
0.881340221570451	0.768022820228041
0.748812289208971	0.462462207666354
1.0163572798215	0.996962687904183
0.800597345590646	0.588003245989352
0.453793367567915	0.308389630279648
0.696143519164752	0.504517521367135
0.134611874601477	0.054834957424133
0.814362675137527	0.379554461246451
1.09567484507253	0.767336824784365
0.287240854557359	0.157976112401341
1.07031598939181	0.689426564574377
0.114079101660166	0.0366073739253623
0.438222432950732	0.233386654589327
1.13182456253925	0.861479874381321
0.872814448193074	0.710557359519385
0.160367329782584	0.0657468273769463
1.10438824940211	0.778254547414553
0.497987104402782	0.537218491882527
0.520403335270138	0.308852119697492
1.90942772629171	1.52451367374734
1.32146462021395	1.2128065574568
0.843211427508539	0.581087103929065
0.303292688783875	0.182066466757965
0.42978598981028	0.250700067229474
-1.10887182895394	0.490924953699731
0.918376328149769	0.693420169731515
0.670927631087556	0.369956013746169
0.460131694951427	0.218528864807334
0.790274478675874	0.715813762581609
1.45123867013545	1.5421872108861
0.17360991859921	0.11358364733803
1.25093613230498	1.62182981706501
1.46207303528516	1.54912802526456
0.966869517693867	1.02004757840898
0.196989176034086	0.135572975114173
0.533426121986561	0.305963429288229
0.641653595688423	0.390064560795978
0.807818718222807	0.415375867168024
0.363978135805808	0.207830389856025
0.912616174751816	0.565736837216022
0.875457052891214	0.495369161926121
0.691509932955895	0.3870042032913
0.610736789116939	0.301876760236845
0.772179532857174	0.602243473521297
1.60341860105881	1.64601106980214
0.728135544690309	0.611616091831781
0.355466629360502	0.216965949051653
0.530849669660482	0.395082953571245
0.882877944436202	0.916258346803157
1.23340955999996	1.65639414796762
0.171093127422114	0.0772570271021315
0.325310526958652	0.166836149346976
0.347957903461779	0.194637813628569
1.54474510285035	1.01345706980296
1.0942637920052	0.754039048537715
1.1669511182594	0.907217653986921
0.828758474086648	0.550142999414715
-0.16677364679308	0.0646372448796091
1.53902322389037	1.03060310502902
0.807902243202496	0.371717929965292
1.12167238566976	0.795037602114004
1.3262698133357	0.571865772170264
2.78693908614889	1.75055443782218
1.04553544416342	0.610400106794845
-0.106757574393576	0.0484172344515984
0.0723286047816514	0.0316512314408862
0.659783038481556	0.515326399230905
1.85586462049551	2.51670345251166
0.893006115585822	0.7744117634114
0.215919213847949	0.145004509581617
0.50707496452746	0.317790515821726
0.710299070906552	0.513931459403604
0.772453499303158	0.464228359824896
0.307490443184329	0.155653663864143
0.676217380934895	0.37077380641765
0.370299296271196	0.23023510694379
0.647410796721266	0.389129968731864
1.6495614548597	1.02993553409777
1.30725835776038	1.19487680234855
0.20074007464939	0.101164881199101
1.41022786892118	0.791353235958139
1.07395175079264	0.891133907781143
0.798714666594515	0.364857630678363
2.00768130073925	0.913173903964439
1.40698514896969	0.782296580259849
0.873975262006251	0.501897327900756
0.54060483716367	0.240277654520707
0.534321872153529	0.291384916392718
0.811620885411504	0.374092971015305
-0.848727539710605	0.410752309411958
-0.203616508579322	0.0913088054016872
0.798665945978204	0.817528358825973
0.932846094245587	0.863758532791938
0.683997015512424	0.521695753126164
0.667660270919719	0.564123370845856
0.941316032368909	0.883851937824577
1.08339711727282	0.894020552026433
1.31838907065028	0.783899081448794
0.164985569481643	0.0753322193588575
-0.850249685818863	0.418999420399456
0.635944526063327	0.412952107672206
-0.571421977788559	0.242687972308734
-1.10159733662297	0.497996621042042
1.30177204229037	0.864312152242671
0.981260805753621	0.671774007590939
0.154923173665608	0.0641044882245927
1.49893275844794	1.11178315032409
0.936259146183394	0.578523087246112
-1.0529505575642	0.581135562724672
0.362021830035097	0.24117073347945
0.760891852967445	0.46784428547229
1.04652236273125	0.605922621322838
2.3051963375509	1.63260852181364
1.06291688135369	0.624670965385827
0.925746830821181	0.336341996047548
1.40007065333777	0.759496135672812
0.623551209301864	0.307674429964057
1.40949525255243	0.792068798850318
0.480293088998475	0.187712752247761
0.338964231908251	0.191362191824681
1.06843874190296	0.682583099671688
1.11092182229497	0.783532018012368
1.07747159392702	0.902939426844433
0.598549483761094	0.505102059372611
0.608876228859359	0.524667440846957
0.355517258751255	0.265808682227043
0.439986267008702	0.336662490185473
0.443424493901524	0.280853376255729
0.300978274179438	0.267421206011727
0.776415159168214	0.481708544986241
0.440662934526126	0.27890928641661
-0.140947095122927	0.0486015397974796
-0.403206740237989	0.224401702922707
-0.262670598105451	0.135744417330395
0.32166138323553	0.146799963878092
1.48328201993752	1.19467333162498
0.0125535076454432	0.00490578659698362
-3.46352301092958	1.49357335764936
1.67701483726366	1.36133017143062
-1.25524602849547	0.617866479732876
-0.0176094177641783	0.00519445238680342
-0.0353652599951014	0.0154933834962548
0.154923173665608	0.0641044882245927
0.984904804742318	0.691455888235029
0.445175152035965	0.210008227086364
0.429201115094817	0.218541786814372
0.44211200720153	0.231693249687296
1.04799496082694	0.547793419998006
1.51010220748299	0.994972701542544
-0.160203007491388	0.0542179391253053
0.924321450936965	0.590650905095812
-2.95142896060397	1.0932285262034
0.159115186589119	0.0647911879801696
0.0819763778086795	0.0359933223706184
-0.673858490633066	0.250097573889916
0.94070627902179	0.347797326422389
0.41120666657154	0.192740982834427
-0.0339566464307796	0.0164301879117997
0.795488658707739	0.767052744168188
0.279878470597619	0.165940320262911
0.694712501706718	0.457585031893253
0.722667008402804	0.556527478327302
1.45462777474522	1.37073601793179
-3.8661173983404	1.84098034376674
-0.444378854939879	0.204190728561813
-0.341455926337672	0.185518399725967
-1.21499946349922	0.747667250140627
0.306368614002254	0.142094438021346
1.63283833308119	1.43141143107418
0.329286467054399	0.137334943628054
0.843283024206648	0.47758212713298
0.683228197107778	0.383480560042185
1.31187619779661	1.04852196770605
1.67883519564416	1.36932291054199
-0.164762543418542	0.0554849279143876
1.27066206836931	0.91484578612383
1.06122957255945	0.559143896037062
1.07920680518341	0.705655271810766
0.698272172309348	0.378639703309984
1.53007360660793	1.04839624358955
1.47116005119781	1.0743318778085
-0.165838771541358	0.0648431087743357
-0.387799663931319	0.148330489648327
1.74322283450004	1.29667700434305
2.40663005524283	2.1563925586575
1.05832991178464	0.675769487377049
1.0742509906815	0.565104644301628
0.549509159043862	0.24215030978648
0.83425145990755	0.346040072198572
1.89603492709485	2.11040512216837
0.609586451479076	0.300369723272064
1.07284305744541	0.954157765409077
0.172680593754086	0.0772474435313066
0.326074166230548	0.168720485398473
0.553915665834014	0.468238704907792
0.745218099545065	0.458296034749124
0.908729262614817	0.800966209950992
0.570291414812042	0.555098814144771
0.81367200847981	1.02752148423161
0.770845103693382	0.718439034729466
0.615896153683748	0.40093243132522
0.67373134056478	0.369600192875191
0.514534493297624	0.360696327399647
0.730224779021454	0.481372602184366
1.01809950511541	0.945765102186231
0.956893452342816	0.670362983717732
1.05665817983198	0.670437556517058
-0.653491103800079	0.334786434927588
-0.309217724219125	0.128502780550595
1.15035946976625	0.952113619975872
1.61657096340715	0.994219487528183
0.94993965145646	0.665936901586733
0.833590999930088	0.429006468141267
0.810277332550024	0.415268704154908
0.056273706286979	0.0242610559825434
2.00387646234915	1.94866580271093
1.86424952171936	2.06945528808785
2.01364516333145	1.94035123384611
2.24365663458322	2.18018359408507
1.75041756332106	1.96085592532319
0.335754458920539	0.188453275158806
1.53132321670091	1.02163224199681
-0.3364788708492	0.143056272004511
0.900226169024502	0.668589915026337
0.0430367536711613	0.0187664154184573
2.03188498958086	2.70492761792048
0.642340482806049	0.45848800106261
0.332724215072175	0.17234888407408
1.24426574697634	1.22535516593489
-0.863978779259654	0.425943945793901
1.66431251166363	2.53893087968812
0.360533281381121	0.238946809516797
1.74113557268797	2.31822624303447
0.326977154762964	0.260150848730191
0.481890292276653	0.423100083922003
0.51434435027624	0.429440783101787
0.190625632240879	0.153059250899584
1.33629172215517	1.34507536204565
0.442689544010302	0.434116639567333
0.675417995785294	0.717161206192216
0.466633591307893	0.44939185876621
1.60478921117398	2.88389873172306
0.572322795443181	0.586681221487562
0.694851576864782	0.782437223851292
0.40319187587671	0.347103166505125
0.780247620643048	1.06294086731144
2.60399058455416	3.83245878472581
0.744496072267753	0.559402222076683
0.880227181173066	0.646015818642773
1.50844375664513	1.53156350552384
-0.249806867688596	0.139943128028305
0.256207879400244	0.151728677072071
0.353283926238431	0.198724392236963
0.839118653199132	0.802213598125311
0.441607092960851	0.212434048611433
0.909570995679671	0.579724090767822
3.79736128290676	3.73539874875808
0.832675116720052	0.563558737702727
0.842619324737543	0.577075736482543
0.686028462261407	0.530497513279473
1.2750895807282	0.843338545293579
0.699885793060351	0.381382178544092
0.189571822261327	0.0853367965150558
1.28693367357096	0.863522584416902
-0.735950359949985	0.338585438362108
0.636698067635778	0.382264896047951
2.04873332919538	1.53795022737476
2.67925093084621	2.23032655939212
1.86529195287146	1.645700199643
1.43806269479372	1.11561668034441
2.67081247441625	3.21238760502415
0.0282862239816787	0.0107197539961898
0.331222522544799	0.16892649807705
0.529548964098297	0.302061610433429
0.331983313261581	0.166178215463166
0.382471544381541	0.237722066207323
0.435284886443626	0.231283195429707
1.58853823326367	1.7078904193046
0.176725274673553	0.0793460409648948
0.656114087488758	0.401978993175714
0.753586955604519	0.461457446386218
0.679819077323774	0.36240689708064
1.65349395296674	2.13802372876883
0.78707928174411	0.661728511650339
0.527706716248966	0.369265709452427
1.92935400537483	3.21762511045779
0.400379504414162	0.302833626873679
-0.0384436887240094	0.0238883441233747
0.188180320309138	0.0925702829193495
0.614610183679812	0.49310606246566
0.601738704101585	0.615696069848377
1.12424533386438	1.45632543537051
0.456983205023489	0.370923674039854
0.680002581380279	0.597837590937168
0.525842943997012	0.340814023732646
1.99099582847694	1.90472777916489
2.57335103037816	1.45352668039855
-0.0214511903596152	0.00952092268794437
0.455017728347678	0.259556200787736
1.44485047697516	1.21610418419142
0.649581221187225	0.390088199839098
1.10716213782536	0.763279862498854
1.07388283104442	0.625702583929148
2.01744705198217	0.908376275722839
1.22542350362097	1.21481343304661
1.14583505008268	0.888937348476542
0.329762727856804	0.13961397459904
0.424899998329469	0.224791304394786
0.755806683285207	0.499054716649016
1.53542194021595	1.01125625793387
0.174918073597582	0.0713571266794233
2.07631024511217	1.86448692642059
2.03442903400364	1.52667200216605
1.7124027601057	1.26400870559695
0.970840737621198	0.676738072479849
2.08928876165216	1.88204659580742
-1.09220066839576	0.485841495891962
0.773284204114808	0.476855084634633
1.6207910715419	1.50734466084564
0.806424331766591	0.369414104922233
3.43108543808854	1.63475119955058
2.27790517464954	2.50413297464259
0.173840596505286	0.0693448271655356
1.1388838609523	1.0927738427137
0.96458645224978	0.785199900868581
0.971832789407065	1.11976080759701
0.913536111753744	0.804512306499799
0.522709418737558	0.306527713270893
0.810798053007356	0.86137672068434
1.14406139765932	1.44195321897966
0.575383640121281	0.537919991919222
0.447282690330855	0.361319037525302
0.645044664948172	0.683326816250551
1.02398288853427	1.07820398723925
0.861374257049185	0.844578149679077
1.19160298210986	1.08501322706195
0.70508295622348	0.622131570269715
1.0153699658113	0.77117728627236
0.514934617167661	0.298918196227124
-0.528309493421086	0.329685476247049
1.32923529129977	0.564372405835092
1.12996519815585	0.871774041660526
0.648361513661475	0.392887485890649
0.438833254231789	0.2985898074176
1.4653435370778	1.33668646988755
0.749876327788139	0.587400286310285
2.23286485627433	2.14647930188423
0.541506318760054	0.285885129867025
-0.581278510793641	0.24457382477322
0.997156733964763	0.743371866008475
0.549582102777291	0.244784276261975
1.05398712998479	0.670553059034554
-0.423192914283927	0.1904301352089
-0.33045772940881	0.176249941860444
1.81798552861424	1.71791278143029
2.01159043142186	1.90220192191036
1.35887728048766	1.47597167401904
1.46079801963191	1.2594103773765
-1.2367671683776	0.740898700128766
0.463504908662019	0.156213448221666
-0.324405894755862	0.209304409251676
0.672072272166066	0.465021521618076
1.01793846856334	0.785108545404343
0.877711266689241	0.899801909922779
1.00633650762224	1.08473666004505
1.05438533408788	1.10533866235962
0.844790553894749	1.28030334047926
0.994631235653076	1.21485972762273
0.631969857611033	0.716884189561843
0.574587588760524	0.621498032441195
0.361379889304847	0.370716965698309
0.534467323389438	0.375695005865011
0.837375494891614	0.69800385687625
0.450278405980918	0.217580098426042
0.938628509238694	0.696512064749813
0.969860132781195	0.663752056052252
0.689921891546078	0.388355691867445
1.45849534832617	1.55774106182911
0.19396098292523	0.116946361809906
1.17313449759995	1.21079432220978
0.114152299775761	0.0554483410381266
1.73428540947658	2.03918938476456
1.27945939037701	0.995232456376765
0.699405946906311	0.383741676108937
0.176195412402393	0.0794253417320911
1.30184778624564	1.18976188718956
1.32526348120556	1.12852248092656
-0.0309530903131863	0.013584446470185
0.347208586382577	0.146981573284591
-0.0377220456682536	0.0166358100526032
0.165642938744604	0.0668554524324053
0.185206219416366	0.0842951584379676
0.0182021059952168	0.00625259934695852
-0.396949332760906	0.330619254114294
-0.378690067913632	0.185029880136738
1.31477901989262	1.68160878109006
1.31908633137608	1.58922330030208
1.22215005248533	1.54720726413961
-0.257509183820941	0.158832892447503
0.690963893900694	0.669269360765899
0.883635454314582	1.25959955913154
0.616306929107875	0.663790274952005
0.506041004894216	0.506783121724422
0.0612213410648996	0.0502931982694339
1.10876751869966	1.03267457626673
0.82671997204957	0.563326184069532
0.743055681335393	0.454878366903874
1.94304325992933	2.43987944714393
1.0220128114901	0.777530322708006
0.731683940065705	0.491958230454596
-1.28925556736412	0.60173365576435
-0.904361266476743	0.362702944076812
0.466408708941631	0.293792834761299
1.27416341482596	0.848873007038726
1.49644002226512	1.09729614984635
-2.05648242531545	1.03874074624016
1.4151489178282	0.78619665347299
1.3179734323435	1.21126697283225
0.767951749636271	0.466637169741056
-0.394258320637789	0.149773438421081
2.06246280037686	1.57446741501266
0.350114796109357	0.146376754766311
1.07627535762602	0.698786355102531
-0.861501414113303	0.512297259598543
1.28474328301068	0.824819064564189
0.765798008065191	0.553863444594811
1.83050804823869	1.63939114349699
1.46182316933541	1.57064578170257
0.827262945985889	0.756775184541585
1.32703012413896	1.58007393527751
0.875068679463299	0.980621709067223
1.25069114073934	1.41587154089272
0.884981845320913	1.1435320477061
0.793056144393839	1.04030640137302
0.816328219933767	0.417276913485683
1.90210384393317	1.56480113493704
1.07088913573358	0.688013556880546
0.567884348547685	0.307248989864324
-1.35017224405946	0.901475913801158
-0.805792325963578	0.236895910132114
-0.830978932166298	0.400277148663476
-1.13490589454288	0.651275081826736
-0.160456512732337	0.0539476139640228
-1.01628995261342	0.658435313324924
1.31435417441331	0.790195422963086
0.827081389609156	0.422873167791404
0.237692426248232	0.088284798039757
-0.319572619863293	0.136512028412863
1.29074592122205	0.920295120822612
0.199841818180592	0.0984282821093598
0.811936235958745	0.377518188001608
0.449655600044628	0.217493080403198
2.01711608343323	0.888778607792899
0.60864801822458	0.553073713837003
1.32149034118444	1.05113398997298
0.700482795038877	0.506881294812086
0.621483629073126	0.307775167687919
0.535356257252767	0.317134467133234
1.21386460204898	1.11402314605597
0.62410499749645	0.449739505597344
0.196984763133094	0.168257454875603
0.896496516061991	1.57420786699506
1.26092733540541	2.38832708019739
0.573830387469672	0.576895540696527
1.45704317674256	1.18211667246315
1.3069365359517	0.559094435743414
2.15136232047773	2.2355754780962
0.916440141943792	0.692005053486823
1.73227016693186	1.29179531186361
0.0109410569454163	0.0037939064767418
0.834309091925364	0.472229689931112
-0.431310095627741	0.191761847891681
-0.550219265584771	0.26889597411683
1.4583028726166	1.17057978827808
-2.50492074065293	1.53633839968064
-0.177360803916008	0.0668653731448614
-0.568621770624179	0.278153181076788
2.79058323652823	1.76998070490232
0.165642938744604	0.0668554524324053
-0.165841842917819	0.0638030929478473
-0.696434242836521	0.311240441304304
-1.44546679835197	0.564634670764445
0.330598903980443	0.186155028715282
0.247391987029898	0.110447418962325
1.11254209276153	1.08242279687511
-0.105898909219523	0.0526597238208756
0.386879987498576	0.268678855003555
1.34008129279975	1.34463703309341
0.599430698369878	0.5266349117558
0.700305047300569	0.710840134648639
1.98472389439717	3.08936528520905
0.874795684112752	0.853945678934411
0.351156651513994	0.25979975054532
1.01390521943463	1.28063753705599
0.305465058393737	0.256419789074607
0.293791845010875	0.257173093857622
-0.160994784398492	0.11928339794134
0.579723765562866	0.720818151222825
0.530143398850559	0.476321484124534
0.724385357654006	0.487175760532928
0.550221813740926	0.300276716259653
0.503133895891755	0.394328036644167
0.984135485413148	0.873252203024218
0.83958236063262	0.568736096617925
0.952326480992121	0.774888815905985
0.443428888332176	0.303195374827591
0.195488638440103	0.105258414244196
0.767990073342908	0.466991651875897
0.194740197564788	0.0965079316082193
1.25766854537924	1.39506701514933
0.86111919532313	0.703318202473855
0.298033519826453	0.180866135641856
1.24941067518242	1.62011320760154
0.777232932825487	0.619418497032894
-0.124558072573773	0.0587493614047249
-0.871198461736884	0.502969968034864
0.438170248786881	0.256471957534603
0.322369976127892	0.181081423983869
1.11971643640211	0.790018080200202
0.774865573340388	0.565133206091765
0.707898429267193	0.394482573244131
1.07320931523047	1.27228685798206
0.49225303796887	0.359359738369384
1.75196264533326	2.13973701242003
0.970460093021497	1.13038550155176
1.24634590963551	1.59984953063734
1.04682041224649	0.999352953501925
0.283964250800708	0.169332167009554
0.0396940664546414	0.027551276690744
1.13998392057523	1.46626304239273
0.428118207000632	0.413316519590953
0.622095269734287	0.66510373370674
-0.0383019358141378	0.0265662437860374
0.728760313053577	0.807630844637252
0.972646385776024	1.0305084738663
0.635901159027848	0.672973879210715
0.39743417549768	0.371285270601716
0.717676883769855	0.789789060275031
-0.28353191064515	0.221949290013982
0.269307979296818	0.21739149273136
0.784015051893129	1.07938549582506
0.701855630114148	0.825500328663678
0.578418719264982	0.627024862936034
1.23048670666282	2.13062733911275
0.961450061243506	1.25565538294283
1.10641095872177	0.786711093349629
0.443209497282941	0.304758736486285
0.833085818616554	0.575020764718475
0.88697095617382	0.871035048743542
-0.375860223251904	0.233104738159368
-0.615181292428041	0.357698192500689
0.326415641189483	0.185350003069529
0.0746374970143222	0.0328181374103265
1.45953003018631	1.47330619327876
0.76895458018428	0.690867816276877
0.621614080151229	0.525836942980161
-0.103351358614081	0.0431516542617707
-0.385289613181299	0.240611531867782
0.0613461011995902	0.0320969685498128
0.38059491335519	0.234938244805933
0.612248107661466	0.399586018779012
0.0860688330602664	0.0508291373756452
0.357571524474837	0.302900497711009
-1.50828549121217	0.833650741976951
0.800829857832709	0.412524793121134
0.621390733058305	0.438973170734756
0.808767994107565	0.414617411689322
0.962407820406881	0.779764955190443
0.865416871453683	0.799487975462792
0.862083846578011	1.00995633929658
1.58539799008187	2.23806367027575
1.16500570007184	1.13930275027907
0.84214403315655	0.779202583804126
0.363286588878481	0.205713864675007
1.04620456787605	1.12925091397826
1.44844541709815	1.67164763745019
0.7342253899142	0.891864439592822
1.23743485590564	1.59566282645683
0.959426777262963	1.1736742686567
0.249263066486661	0.198882228975575
1.14913219440592	1.45028311962455
0.175802080185541	0.109226273386817
1.02659705569888	0.999115951252468
0.505070185032278	0.370258361212638
0.812030378910673	1.00413550374842
0.628539032556816	0.555708387429824
0.527908501533728	0.534438222528685
1.75060708384929	2.83559302776135
1.51669465710808	2.44464877010607
1.15527442669091	1.53715613544975
1.11817488836263	1.511316559673
1.04256473822377	1.29666983952897
1.19386823083048	1.97024609121347
0.75440643198462	1.03761302508501
0.616419670506417	0.588140367928797
0.524956120515039	0.569749768980805
1.1327099971776	1.80260243871928
1.20161198809753	1.53970764497314
1.10606177544412	0.792778985814256
0.913219086714057	0.880084620240475
0.526784090657438	0.394971557869257
0.703669614491619	0.507536190132585
-0.7686507999449	0.574422197015953
1.59380069884608	1.46919040341108
-0.61519251733498	0.363925014698709
0.149073789833465	0.0911928328449957
-0.0949637374585284	0.0478128911840234
1.42883412409944	1.30289935967351
1.21967336473558	1.13089107406915
0.883798703766986	0.706342169224851
-0.428994171767105	0.274252778400255
0.630077910190306	0.45026219428896
1.43757682271204	1.8251846704492
0.686778644920472	0.609816693874024
-0.241982122045976	0.134162046578881
0.730340265031755	0.605340021785145
0.72105653676512	0.681676139873249
0.864085158299434	0.497196855227687
1.60649854318239	1.6342270086829
0.240697618239784	0.152697146178302
1.46127831873539	2.21556241327714
0.800161038953642	0.682844063440015
0.732903143149886	0.81337258321546
1.76385253547538	2.8883917760619
0.755177473044824	0.588800033379527
1.11725739034608	1.15708865838287
1.54298331596653	1.90929958922115
1.59990646650138	2.85402821358171
1.16967377270552	1.36374531557404
0.642646225596915	0.683824274145313
0.691545923851602	0.541648171688183
1.4219872895637	2.01857659421878
1.14926821903077	1.85301911175499
0.60128001810695	0.614734154049686
0.493642937030525	0.420810756795388
1.14394435711482	1.32848220742921
0.922123273973249	1.16134751085957
0.999622428470704	1.35601477272572
1.06083747788418	1.46255166210304
0.464885650552776	0.490982840177014
0.632825050626501	0.794231073409023
0.970988919907087	1.31775648680677
0.964310881941478	1.39986780824502
0.725594325925195	0.815052635353461
0.0523039029477437	0.0378586893733153
0.760033780768044	0.915887389144216
0.468107935332845	0.485869644935427
1.00696860561024	1.64676984365841
0.425392797956817	0.204692591305885
-0.00527937587375268	0.0015448181698236
0.0642252948362798	0.0284686380906803
0.172082085067979	0.0763894957204379
1.0184193571552	0.770637789516262
0.834495498044752	0.40793830016464
0.321023672737098	0.164623575449027
1.2914084908756	0.850698012771185
0.307675119749903	0.159294813245822
0.441969740867414	0.213338603580464
-0.539715225134895	0.258239119986841
-0.464122691968652	0.249293023970383
-0.550722451759015	0.266468215268087
-0.0946550420549438	0.0390557808870126
0.176913847002196	0.0786384475176796
-0.55633375817768	0.314338741330674
0.644985557194573	0.45106504149268
1.88149037607171	1.29216167799384
0.893070595151413	0.560369996378937
-1.21353974845004	0.727222340341385
-0.673479638204159	0.249785767375183
1.73898579243855	1.27466589492113
1.91501902512408	2.09354869999896
0.714927228143844	0.52194980957041
2.01414504803986	2.43200530506527
0.730260120145856	0.493762490899976
0.923690970061536	0.578206476148234
1.66878138722903	1.34222759738831
1.46166018845414	1.27260003553633
-0.28046606603513	0.145228260974398
0.991748144261034	0.692547567970227
0.905817112305635	0.786272645728206
1.64041121834889	1.40027145946689
0.154860754271397	0.0628930104813366
0.0918798147566688	0.0550837165711607
-0.864658597542044	0.418963508229101
1.61897270230471	1.67402969930659
1.41459702987739	1.81051343639432
0.561819147050738	0.332215075728534
1.0649469006767	1.07675004081297
0.43305490811045	0.304582800207076
0.587342675398704	0.451760812097801
0.960761240356521	0.794846442242481
0.0946362222650196	0.0614504613859323
0.862703246615131	0.847916501682331
0.515832382163259	0.305732529198234
0.130349708629103	0.0823444199822215
0.711307182643061	0.717094767787752
1.19423266286609	1.09609068064374
0.833695977659836	0.64255960429594
0.213041672062175	0.124273749801261
-0.726405135659017	0.330779502833968
0.659222209952299	0.432781560265931
-0.15877254842845	0.0622108775003867
0.515688339337866	0.380047857968985
1.27509088788433	0.918048585684712
0.195009767764865	0.0870397542392353
-0.00444049581790775	0.000983850661943691
0.702765176458829	0.509938103177602
1.83413039456831	1.63379796235261
1.2095550854347	1.03200015165844
0.385793163095607	0.197861147830478
0.163132011575887	0.0729192902041897
0.062008221840215	0.0291317997819115
1.13463791422898	0.884630880140451
-0.862152103298382	0.426774453109706
-0.374577057698585	0.141055247263479
-0.459460881374155	0.241347079830275
-0.43747910700365	0.199248575643687
0.302356909221931	0.142636119219772
0.955218806397164	0.785903553733367
1.29920713761962	1.12014246000165
1.82558011617056	2.51905547842975
0.323226481236524	0.181645448824489
0.701464635016349	0.385688699636774
0.358849595302461	0.219969777904233
1.55827637397485	1.93798417764441
2.26538530900408	2.5136303382823
1.36079667825015	1.44607329112476
1.0729153362688	0.906748059263112
0.575361476749134	0.535916425457925
0.683707685198398	0.490744922815082
0.929193223010618	0.862568761900322
0.590957990070015	0.642181715865904
1.14725913717132	1.19275952535216
0.844980175206708	0.77622618637883
0.473025134538988	0.366713623489027
0.435928295736749	0.290296797313996
0.857244429205371	0.494860107963138
2.08880657574601	1.31363116172535
-0.198144103904579	0.0990861641084662
-0.0856735637576621	0.0359173804591322
0.0285269373106557	0.00952997691710529
0.0730049872695331	0.0322241412085522
0.429407042741652	0.238556821351348
1.27282970228688	0.85228615237656
-0.449776460144605	0.20351528436081
0.609300849153685	0.30728619978312
0.165061663419663	0.0672800683110861
-0.21075138860395	0.0949063096016024
0.747361931921672	0.460565041937061
0.855910720148776	0.586526047954374
0.774013437162752	0.481260913776366
0.542643386148941	0.242616509851879
-0.477174307549519	0.357141616308437
0.669978078536055	0.518011154480863
0.162087494814133	0.0669831338559756
-0.377653853770415	0.120805263960155
0.0037206089770332	0.00191975045721653
-0.115723046694936	0.0488706346298668
1.07727736724587	0.890561199156011
1.11904181518689	1.08528410633068
0.688917358351216	0.666609350833251
0.86862442156562	0.689665735100784
1.31408513041541	1.77871321125694
0.643649281417161	0.643103840889303
0.592843369520821	0.512633312019304
0.843334264806171	0.876232205573721
0.507426212291894	0.460708852190892
0.44921015246655	0.368624685032287
0.197494949648888	0.177686987325907
1.02551403241131	1.38544903388283
0.553365883611394	0.607291801903774
0.766441548372976	0.73022918483744
1.07009150481853	1.48273358909727
0.43861921493263	0.210700555960432
0.462837940930352	0.318080565964055
0.761392726992994	0.466402224466158
0.95495533944851	0.791695066917651
0.711660602446109	0.548581787983895
0.143188011663979	0.0698291958293646
0.950176634370537	0.662351773426255
0.494422561306668	0.191076376333078
-4.71452782544346	2.98225232885598
-0.449505063483434	0.207184905150837
0.302046308003924	0.139142759362363
1.3323388296506	1.42535499013104
0.540776122838919	0.238124366546842
0.551278691472011	0.299523725753042
-0.005255401030031	0.00290000576042653
0.764390464802127	0.467231176125673
1.03176832303941	0.585753484549108
0.776900382235718	0.476059243392432
0.428332960291156	0.204043451464142
2.29122589775082	1.60319833504018
-0.0345673549559243	0.0149860255558799
1.09912810462969	0.989557379377442
0.53215140767174	0.226914869650187
-0.0179154465052129	0.0116759083182067
1.08475487951258	0.909302720005248
0.890262022445582	0.976691927747767
1.03140717016954	1.35574301276002
0.574099395354154	0.634141499976501
0.457179359270941	0.466275768950989
1.35442400947889	1.60016024425521
0.608057538298525	0.603559474133343
0.606488781090552	0.576334407856058
1.19368604604608	1.58132636880997
0.511905694740536	0.50214089951746
1.40493019324495	0.757874348670634
0.177507708514993	0.0803043244734706
-0.670523936424306	0.417256672828454
-0.111327360262451	0.05590422095437
0.890552204510244	0.65933652959945
0.709479867347983	0.459290175856071
-0.134240722775613	0.0554060912437837
0.790625348112837	0.490009077263586
1.26839467124341	0.91424443448072
0.46424903082796	0.161558197740966
2.21800441155256	1.81176650426018
-0.675986316498338	0.251814187395155
-0.65967778133504	0.346454722547626
1.31170324924362	0.785351309349411
0.0368903743479999	0.0121561217684303
0.84916995159376	0.352466211956781
-0.912656793573443	0.360117455629696
0.765703877224001	0.552688922305153
0.816004728966919	0.376968362005227
0.547293800811816	0.240644901702143
0.547281026728194	0.247367524262942
0.85876683049207	0.593362466455863
-0.165299640874879	0.0645930546121959
-0.302002310630853	0.177375005346796
1.22374185746622	1.11158395624026
0.91125945661969	0.820754810747136
0.0269318330191579	0.0138532207908924
1.0358849066378	1.04284102073345
0.594773436078442	0.480236374648442
0.806439409016101	0.853492119925685
0.745817563206123	0.494948232232886
0.426522559898211	0.223380311707103
0.561331123396085	0.251004068684304
0.624336051506351	0.409286778474154
0.17032872796429	0.0776247290915851
0.165548838988137	0.0671296347681764
0.338365259980967	0.142701414674588
-2.31106751529601	1.29461934122445
0.767604843384273	0.469497359839886
0.802889165918229	0.363797196814107
-0.63905058974804	0.326247096013936
-0.328426563193531	0.140014525222036
-0.1861208422262	0.0913817270315772
-1.17782696732129	0.401683212553018
-0.157705403908329	0.0540346571420908
-0.579662202168132	0.281966963867301
2.3060923745818	1.17963965804492
-0.318157627488611	0.134033446527125
-0.0425490315769061	0.018394559702156
0.670338962871193	0.36317079949133
0.0112220615290022	0.00463011991491723
-0.407501646338727	0.234235169121713
0.79874423449032	0.365754473143106
-2.01867274293244	1.4708048531002
0.537296016342357	0.316101074092658
1.5775213928935	1.94207476428356
-0.0253349725829621	0.010976610327274
0.860826603416848	0.845359207889979
0.579465378024792	0.464872652833146
1.05042228904337	1.08684198449237
0.819572013774513	0.385379218412111
0.762720237115557	0.473926441615753
0.682030458941551	0.378107505428976
0.775705190577896	0.479794348620205
1.45479945542227	1.24813713967134
1.618211767573	0.832082432091986
1.53556481171729	1.04730489036737
0.613984123116646	0.305471759089841
-0.97262910127627	0.496965952884748
-0.216511898812686	0.098775108335482
0.138102145865239	0.0437391504475944
0.828608412977591	0.431348992315864
1.45749159270265	1.17747674626467
0.808047614371663	0.414423980696547
0.898676778584068	0.572313109199102
0.241313294479766	0.0894485603397065
0.875017014821167	0.502159216041184
0.681367346638792	0.381709703541913
-0.896324300352671	0.371638254380291
0.28145226329933	0.130186021094784
0.144138448210747	0.0585319034914455
0.857437907835832	0.48876390391954
1.94573784064722	2.04494788597501
1.07640908715477	1.20933616097043
0.929191975495522	0.58895477158119
-0.467704959222244	0.278707493013515
-1.11407646009531	1.0541148586937
0.62877188650134	0.646624960725664
1.08659943406054	0.972595380785242
0.534550976097719	0.286208902623074
1.45154250738014	1.26446863583003
1.19708339349292	1.08818233129939
0.454209388866941	0.309659306348381
0.441977520103553	0.214131640379362
0.435946192941575	0.230912101240072
0.530944731298706	0.28925324065367
1.25560009588143	0.893034439098535
2.54298105351515	2.42160076302455
0.238341701750805	0.129419491059771
0.139111450526242	0.0556743592417823
1.06948582664513	0.68601593512599
1.27538307589934	0.845239051543206
1.65290869021009	1.56297433076403
0.53717264117641	0.293022538703809
1.30969017426754	1.03566014252013
0.0183227466917289	0.00634704167315123
0.429211496128925	0.271435251025306
0.24638585213855	0.13398016712909
0.262007305447253	0.176724615020666
1.704078418827	2.13194914587984
0.891199734791788	0.75305544120013
0.806277127596502	0.754219683381995
0.314620371240027	0.203374311070852
0.446993866701841	0.307805874382032
0.622455715842486	0.50727991748662
1.2432394511075	0.8711758255328
1.27862623168314	0.848045273598572
0.66267490191306	0.359836979105987
0.47020057266011	0.162848463750761
-0.218838728025664	0.0985447148180413
-1.1129300422986	0.491317891227961
0.693407098664093	0.390743699785878
0.489470435229122	0.191856415191084
2.24261603544123	1.86569054476097
1.46320271864182	1.16126139589641
0.805621528715737	0.377544450138018
0.65838934744934	0.398456892999771
2.32522163953105	1.16698069126052
1.3284257756252	0.810293716204414
-0.114993848152811	0.0486396420501327
1.54706190253783	1.01304533970556
-0.395037040779723	0.196021657495546
0.115985967660162	0.0608390506333401
0.050372707024623	0.0239090987308774
1.31310390385356	1.22145504513059
1.9531109752284	2.89147581394744
0.625680718524133	0.536852738866917
1.43643824204325	1.32565636981814
1.71846543854134	1.28490944401298
4.18879855589809	2.66041140315412
1.99399722607006	2.38899771837962
-0.167317436502191	0.0657383083899886
0.82616934901212	0.429350117087986
0.829589386959148	0.42468462227658
-0.367932502204083	0.139648616407542
1.07214657335549	0.562360190873344
1.07184949403058	0.572526724563018
0.885744448643628	0.541964265375296
1.29806560363077	0.946035298851788
2.32406495526899	1.20040695768785
1.05020526629136	0.623632382711459
-0.638864592728908	0.330842800215413
0.0176345397148446	0.00597639373330626
-0.62613335608085	0.370084822939751
0.427637320203272	0.245229647672224
-0.477348656530654	0.353396897633556
0.827073729748961	0.565843629594491
1.31661071624203	0.804754483200086
0.542692806329927	0.242574005700351
0.621763202463826	0.310168015826708
0.535981192575454	0.349131988926834
0.981307925851169	0.682819197878057
0.448672526033869	0.216152146232381
1.04599223783333	0.60337583690724
1.08395504136945	0.585806732893634
0.614493110885686	0.304827019025093
0.497502941877884	0.195556367686157
0.967233757886777	0.679549226948978
0.561346740753047	0.251392473430051
1.60540855755613	1.53147116330113
1.13636959020729	0.885808369335981
0.412996870224033	0.298559110078909
1.13537330220881	0.790419068214367
2.0787711263452	1.30093557125131
1.07283326750604	0.687615957998149
0.608915895228689	0.302804510108871
1.81045946197748	0.578570674290805
0.853280042410562	0.355748323965588
0.511992650994682	0.199659699430111
1.59607619708624	0.801510274782362
0.845431153393745	0.355141528539788
1.59568493730159	0.788261926998254
0.452187349894049	0.217178544510031
0.293083393711937	0.147954159458836
-2.50414036383867	1.53968722087148
-2.12405038734904	0.637549783253442
0.01867480415972	0.00716015215522886
-0.174335595265631	0.0680094487178234
1.07365034226354	0.567891485449019
1.10254954739278	0.693392532304851
0.469222184619417	0.322444988260366
1.47282900116253	1.27155489535847
1.07060097707257	0.690340731733493
2.93825294588971	3.40628133268672
1.64833827048847	1.02414506098718
0.609233621339466	0.298366277123355
0.553440934874322	0.249699396464193
1.60332011572919	0.815701480596715
-1.10708985185039	0.489710787379677
0.54508529952623	0.319369424033684
-1.69898373220186	0.719445915618928
-0.810808327140363	0.240524640358914
0.185307522026759	0.0997174070994511
-0.305824060055347	0.146186809916131
1.01818138661167	0.784661118422105
1.12669874088704	0.794765391525687
0.629185939512597	0.312958950959946
1.64226903564713	1.50954389598364
1.88238800733899	1.5082043011246
0.866692888164049	0.497667442722723
1.30610466738363	0.77760420152568
1.83559651867499	1.22758282708369
0.93729224472921	0.341351702463887
0.500158877945801	0.198934780025628
-2.17408857553331	1.14984478164414
0.801212544297717	0.36660343811884
-0.438870208254507	0.20184013184574
-0.318733942823603	0.0784860044620643
1.06858838750236	0.898417320917474
-1.70243077642611	1.03642265979885
-0.258452193957482	0.135027087071179
-0.00105651259398832	0.0000947312548370285
1.10961545741096	1.13461229997289
0.749750446790742	0.665388241985507
0.208452425888674	0.131776232143075
0.651764190071145	0.384031957481316
0.669432920718142	0.402569678703464
0.55291831942242	0.327817696556449
0.781984440128614	0.484499530708742
0.282377947177136	0.131313031834066
0.834893088525616	0.573452588940557
1.66683847771352	1.31017851765749
0.0142233210339242	0.00562129395053992
1.30095459525971	0.954918713468207
0.0695953216625281	0.0301717759578549
0.405308208324994	0.208221626620804
1.09621302926392	0.575603861497215
-0.545010408170163	0.264980700245904
-0.174335595265631	0.0680094487178234
0.751843592022958	0.841773910116044
0.155970349929129	0.0639013568597316
0.359687843889524	0.21385514886875
0.299662958658371	0.141049548662257
0.576787170052658	0.440235445509392
-0.476959358326098	0.290065494261733
-0.118947544286944	0.0549641575163566
0.545278539741563	0.381992667324514
0.064641661461564	0.0324568736650038
0.0563372853678417	0.0263722576324063
0.337792295775447	0.219704993056735
0.62847493877397	0.37271048160801
1.59726602450629	0.792403922109538
1.65067813250278	1.02404928326162
1.73889289859835	1.30952243126215
2.10367991480224	1.86559934098812
0.652308598882344	0.386521986381329
1.31658164055351	0.843764744385683
1.02789648199795	0.777943935792453
0.0158108584985407	0.00616212295981705
1.07887706834204	0.57666774814965
-2.58575103484108	0.851921364801337
-2.18353694243164	1.1578500177713
-0.121031075402335	0.0613872750927106
1.16249795736256	0.556799872574629
0.797206541808961	0.366102445346574
1.38494718521601	1.49577015155177
1.46266525261457	1.18376984456643
0.521223361671773	0.333148165034222
1.89125745287021	2.50344076751226
0.528020524930819	0.491516339964923
0.380730043692585	0.268465658528211
-0.0485915557542219	0.0289449134904455
0.355161006103856	0.234764983504475
0.880915634841217	0.494662908791755
1.10276768141632	0.995000040365278
1.06253802628637	0.634727427906534
-0.113775780463759	0.0613089328064556
0.139162261884944	0.085110867212207
0.128326495637531	0.0668197090765433
-0.00848936076016794	0.00450345216964807
1.06530613424972	0.808392639368482
1.30300668181885	1.02451712665896
0.530437053348735	0.316901427443169
1.17448974861531	0.911080149880094
1.0845217136888	0.688470501780313
1.2991498050406	0.770359591720004
0.308639505709661	0.160103879605252
0.71373361105425	0.582641829699737
1.0567606472763	0.873247218188974
0.849501561054528	0.481586494281889
0.68521893640149	0.381717701564846
0.778606515455909	0.483486248147938
2.00546242502354	0.904131435092317
0.542564804735634	0.29650788078845
0.852353276622952	0.430665341338568
2.07720682187796	1.30129285824046
0.214774323556908	0.0795316285488693
1.60361874714265	0.798994721334061
0.85842828537418	0.685805935539066
1.53773150303788	1.03948672312311
1.14708961910934	0.352884759430849
1.12370927690906	1.10497999142437
2.22028983690672	1.81781863683425
0.783344079948026	0.574232493008124
1.20148246473075	1.01821030987023
0.781641388095782	0.753444186024029
0.488512697801855	0.361895697930919
-0.0456657103566726	0.0236379527515712
0.551686155112726	0.358355732737797
1.11192837958133	0.796723896472337
-0.337837644639758	0.143243947192587
2.30343987339739	2.84372462595236
1.73821365559302	1.91461685325666
1.87305197945039	2.22828205435719
1.42502778432927	1.70655361659468
0.0437008342009294	0.0221985606854884
0.192116815743186	0.111519270043929
0.361077556879764	0.252931221587109
-0.0958612109580243	0.0440113225263693
1.2404755007489	1.2160356083227
0.82425702411046	0.423933027525876
-0.495203409452184	0.2654392790692
1.03569737704366	1.12096833404327
0.525887543334756	0.386792190129349
1.03659663866783	0.796199336520158
1.07320609804772	0.635746457741094
1.08440444054508	0.640289977785753
1.05575028787425	0.779838880631482
1.64312492501753	1.01808370331194
0.929571922574081	0.578422797893497
1.72326196561855	1.22532695303091
-1.16227894537496	0.674044363539691
1.0536963333371	0.832829178030998
0.628498618683579	0.416458532195906
0.411307055591367	0.216689022269677
0.2340155572227	0.0865953542275213
-0.641247974799584	0.335751473931534
1.08355950598943	0.706093363059781
3.14705350699843	2.32032544584186
1.78522331101978	1.69793677513112
2.40266241732399	2.52261733769042
0.192408620780842	0.0856593603882438
0.814812535468908	0.417244435339581
1.46218326399818	1.28094769402755
-1.38423975878788	0.720637225252322
-0.124584930029645	0.0549524634715862
1.00493973551166	0.770292494393912
1.36823050117389	1.33333060359279
0.557978980130202	0.24707849745359
0.272641076993908	0.162744367234075
0.424674823940971	0.200721721464594
0.696786419134252	0.612820589942222
1.75356099786891	2.70424604957248
1.45347415356534	2.18783251924342
0.139144430770602	0.0974283345915378
0.209239860479744	0.14460487812177
0.901577121928361	1.06225627742104
0.965858980124314	0.796265792106425
1.15748194136621	0.902288350314914
0.741598059798556	0.501660034715988
0.935400684712812	0.592128329004016
0.565101541520959	0.303874444298443
0.77962464656623	0.471145582931406
0.053083824705922	0.0251084874550052
-0.390856906856983	0.317158378066284
-1.03389674786467	0.815394053533572
0.190856841635819	0.102441711652268
0.774245469621588	0.61582999315683
-0.189224160386571	0.0928042323289301
-0.270774693944213	0.142758829092576
-2.72763867121465	1.75774895526916
0.455148566212854	0.308676029488475
0.56156804673336	0.303832392445871
1.29797663667336	0.860538530696504
1.48485355747684	1.36649012176315
0.433806412662708	0.270596484620088
1.60239353172593	0.798745437515961
0.875360279829136	0.714041445245872
1.47156181249094	1.277948563882
-0.43390920033127	0.197561033361919
0.771789868213667	0.47680304787425
0.828100778796882	0.341912404432766
1.06831594806021	0.889776292839766
1.21443961090738	1.12338930128306
0.940201720450024	0.767729094914942
1.05645879039578	0.624705339554622
-0.465531019365251	0.246712640493344
0.865088447806436	0.497420281545113
0.32677040933689	0.140073645130145
1.29828996113391	1.10368364307424
0.275892831946025	0.124484126893843
-0.436351373107942	0.200357868368959
0.814716683007132	0.604620606948202
1.07933776623106	0.585505623316584
1.31270785933709	1.05236786787861
0.82954789673149	0.407698027254936
-0.958322539117321	0.502634555561254
0.599377863579621	0.296205133550718
-0.101522516511096	0.0474819438561568
1.08017891475124	0.568274944521371
0.841579101317821	0.67666606863756
0.940989616734741	0.631180432962236
1.07858861896617	0.902043871114317
1.74689743697021	1.78491325032354
1.02010045176095	0.781369554338513
0.45986347236815	0.409129186847181
0.573742447982363	0.506953461494407
0.208059297091419	0.144857840743814
0.618516147832505	0.430170175371418
0.449346787165653	0.235346220499379
-0.226586531530522	0.108614925035737
1.02544934684246	0.791243203003938
0.29206727053654	0.155105718432981
-0.0877233032218744	0.0365669170201186
0.129987146910835	0.0628226805250591
-0.936261308130401	0.583869021957763
1.16580883100859	0.932637932000027
0.0234396524398842	0.00900941423641641
-0.726652009083816	0.382280307947772
-0.96364270659896	0.502237572152038
-0.930793370310244	0.576104616212585
0.45259268672974	0.283096623988881
0.91577176349243	0.68655184671581
1.61026229074232	0.961671963737947
1.07657831573262	0.699685252161644
0.743235744028459	0.452815595420519
1.27384122615131	0.840022940470442
-0.821142880801854	0.462181208359594
0.683883413417037	0.381169329559972
0.969589630754941	0.674248711946745
-0.32255011660243	0.13581727775891
0.532825645063448	0.23372748555665
-0.384916839762487	0.186426097967841
0.0583755511453058	0.0252768822294625
2.30234914924887	1.59832855319631
-0.390559894504563	0.124742249042287
0.425516607933664	0.223399613775287
2.07142873821055	1.80219333027347
-0.838662777537973	0.240777479875848
0.962848191912246	0.665111208362392
0.895195626903968	0.565042265197256
-0.240051662956086	0.105966461931816
-1.59055146252602	0.90986193855826
-0.813337265529176	0.240213476677804
-0.147347289912201	0.0500926280040748
-0.841456043480363	0.40474245134573
-0.11255505382063	0.0470023612361263
0.238510683116507	0.088374441921256
1.31983388874284	0.572079754885801
0.553127923714338	0.298167599069004
0.00186382714069364	0.00213254494656133
0.538363386385181	0.24094333296738
1.84022331313827	2.09696252359294
0.974421967381124	0.809331425999298
0.46490475376626	0.331375946176461
0.663791108851655	0.406548065555714
0.437239408474457	0.317649574228105
1.85827130727469	1.25686548976149
0.614310724864279	0.301237478827644
0.0841540921713253	0.0358139461513856
1.22971865287048	1.53557958787044
0.331097896432934	0.168308681948972
1.16742830693764	0.993281745505669
0.543412931912789	0.423710616179675
-0.0469634672178326	0.022278343435174
0.806212797557868	0.592055581655609
-2.4938351975234	1.50327232684245
0.845340225958643	0.579487610227488
1.14964023063199	0.887236555107801
1.05273194645141	0.617305516197552
-1.13893967922566	0.65142984476567
0.779922957785608	0.620508293352238
0.542798207647695	0.292582481733002
2.05817207377039	2.31991439308866
0.243507179862932	0.0915556508474631
2.72571347681461	2.72741853691369
-0.731275108899124	0.338080571404475
1.68682153108393	1.3189648898757
-1.05146101342737	0.586416826146898
0.175318204503089	0.0791937596989899
-0.82556511761721	0.474155646569373
-0.720772383534638	0.323275093794691
0.78669657760639	0.576703939823888
0.429999476958154	0.205849940968974
0.292876159114797	0.134072018451204
0.164953918995106	0.0676726476731092
1.2796151203227	0.917944278340044
2.4942672332048	1.89306492804897
2.40534468776205	2.16127728709057
-0.154420932110795	0.0589835346740312
-0.713233325745698	0.321708360973336
0.82957872217265	0.422427341287901
0.631739554086088	0.30855549267879
1.88009106435831	1.0781370977264
3.34357348946205	2.62671672201844
1.23712519523325	1.22439301660125
0.458283935839743	0.216157650313102
-0.388874538752129	0.125578914390253
0.876847023179776	0.703662327586879
-0.316803558962264	0.152711548412462
0.886002770815721	0.8070666106463
-0.0310406653940705	0.0131130617013666
1.05905193132683	1.05599553480955
0.0565281569347773	0.0249952853104595
0.47128441837956	0.365819958146482
1.24581806949776	1.14102069133533
1.45074556779652	1.14046093000171
-0.79252036359537	0.537161613119109
0.718903622317266	0.47433053308809
0.448256272792485	0.304478230740472
-0.415657366063879	0.268112181350182
0.609634337255506	0.3951266970861
0.441642516763231	0.250808765834919
0.149513771577282	0.0852827208588526
1.03026782747008	0.793045583775995
-0.557906337441496	0.271408312375277
0.423999985324165	0.264346009504615
0.227606598541703	0.114011907416823
-0.55933612754487	0.271089251250713
0.335685943763588	0.169738100722693
-1.76453438800513	1.12772203608827
0.543631183349717	0.293107174633674
2.06085290751641	1.56294566456878
1.93915006970289	1.54665493223465
1.28482948122941	0.928805542819085
2.28752453797133	2.58044747099838
1.27924692540811	0.847858571761447
1.13570239163376	0.762526576325968
1.99592878706917	1.93113628399276
0.934399147025191	0.856894715932846
0.91871187311131	0.580803945735497
-0.113880973701908	0.0472095701586402
0.553943283724543	0.246616929705073
0.0072524058576828	0.00419335704639331
0.00121775943201694	0.000787498518525739
0.0856257879376017	0.0371716284836693
0.126553618896463	0.0402694815143621
1.80541225714263	1.69080635433676
0.357416565882904	0.199444863035538
1.66819927098702	1.3468269808493
0.539076413859016	0.290101180292844
2.10378495135579	1.34942084082421
1.64828360691398	1.01746385905621
1.29302304256247	1.03599071656064
-0.0431404022804884	0.0202920016646969
0.520111385630778	0.204579387726405
0.808732545186687	0.375518386140318
0.810174165426044	0.413874624178037
0.301602458054099	0.151963695954524
1.02397614631397	0.778576535691671
0.885715380887732	0.921052846553727
1.69885208531813	2.10076789225845
1.59583437994912	1.85604072504431
1.94541173796304	3.11236169381576
0.970113908111861	1.15774146290807
1.86051009947458	2.58062062058981
0.940907520928924	1.01767584663551
0.761631157295493	0.601192494015345
-0.0783383106079815	0.0449028342702126
1.2867871850958	1.00087845980079
1.15761080843163	0.903901972235927
2.00736521623442	1.90238422341102
0.9190401631276	0.678549998627019
0.645490563972744	0.69083970746549
0.889369878188309	1.00858932047688
0.436442090105495	0.336372417528649
0.402857194479578	0.320790069876445
0.34626772306064	0.211323952636782
-0.877645928719572	0.53055266225955
0.55999081654842	0.362615008271348
0.643185356685772	0.588874673425752
-0.442051666046696	0.201457928244042
-0.600802015310151	0.393513320083641
0.429561943070469	0.226865326815348
0.663046301474805	0.399083837310346
3.18355366644516	4.0640220666635
0.460273187704335	0.259554279753393
1.14660020299495	0.90165088714066
0.782285993499113	0.482474490099385
1.05896626525307	0.685396894747029
3.34128852360319	2.71307164772821
1.07646605393397	0.565470047062535
0.524791021539705	0.306991968661438
1.30608675601623	0.866658764385066
0.966612370448744	0.766130263013675
1.93515632287931	2.00312020709905
1.65252263072735	1.46331351810249
0.418393894647426	0.217194691057445
1.46805788850929	1.09103633243881
1.94753367587995	1.58508943514951
0.809338703218794	0.413934948415785
-0.152949774426728	0.0594641864348806
1.21074689306767	1.0078409471679
1.75853055912967	1.28208847727843
0.428652862755057	0.20375314593801
1.92110667952585	1.58866814184791
0.934572592570504	0.584566277664589
0.624516123521716	0.304153272926359
0.506093361136336	0.201385678434185
2.07735316982793	1.29762754726023
1.08108710248773	0.965850476598411
0.357062192498475	0.198019105332966
1.20838547628493	1.44089041987127
1.27117700657948	1.43268894762167
1.18653870624623	1.47625235125301
0.699180068819037	0.580231631734213
-0.0866790780051452	0.0530497566359426
0.32458271315255	0.267655567842082
0.826842208536119	0.854238256392986
0.972868539895697	0.67947281522429
0.828788770678369	0.617986755251703
1.64419169671895	1.43884434592706
0.354882235935638	0.214532693920424
0.698452537374164	0.502904551195545
2.39934091213433	3.17609178601983
-1.39635015223057	0.951898150332131
0.648358805527143	0.61900495504469
0.953364941105316	0.95640030663066
1.13891590673481	0.80234368931417
0.580221987696645	0.440265989398287
0.367505046472559	0.244643659540554
-0.56910900065453	0.478361602927866
0.173869154090115	0.0701275690602413
0.751455606348671	0.50773829068228
0.240287553737531	0.152367119855449
-0.880992114101037	0.513247694452162
0.905247458322854	0.671008998988251
0.536343986839286	0.289947761935455
0.297439846143387	0.15265862200203
1.27667328527473	0.831060223862034
2.05272286583471	1.5051328804986
-0.460646363113779	0.240173766288688
2.16064290370496	2.24376695483477
1.76175810760817	1.8107498922311
1.1145653091978	0.779198540202293
0.821133907084957	0.425270279087664
-1.60149517121578	0.940657320906374
1.07846097017696	0.692148388392893
3.5013605199005	3.03114120864652
0.839695273635479	0.350263318073248
1.45079261672147	1.36019296286127
0.432712079602673	0.224794109952687
0.774184617389114	0.484027423163886
-0.390371093345143	0.149155849079016
2.03986899609819	1.526526904889
1.30693436174837	0.768353043858174
0.612276338009702	0.394545593248188
-0.882681944733654	0.527396998855573
1.52423377921589	1.03249445546938
-0.316940656627526	0.133724480170724
-0.212289071396476	0.0965927302100002
0.70734283548113	0.387328465348659
2.28772619806704	3.13421568928587
1.24109177055549	1.45981110472374
0.893324029217335	0.669078050348648
2.04163656719294	2.24887649582275
0.593869683852812	0.507361085025108
1.03767117188045	1.12941444568436
1.21252380516804	1.11431327280103
0.710625238993248	0.627256823650118
1.11657357595993	1.08432969049256
0.859031936038139	0.698702013684395
0.865931975688378	0.597106712879669
1.1353417953191	1.08268262147866
-0.793698800219106	0.447234921296813
-1.00221705575282	0.654133994082458
1.23836498229566	1.13751506411037
-1.81731738179146	1.5744218486383
0.332367378662047	0.229526017773793
0.101345726809995	0.0531974569166571
0.603189050422161	0.458818100787112
0.453044687421386	0.285575338815884
-0.41551498448857	0.26458013943744
-1.91823724645527	1.29091317821904
0.126591947786156	0.0665436705845507
0.417042036512194	0.221820692301732
-0.382325313863953	0.239984617540235
0.92567154900631	0.58863747168196
0.974879807141159	0.806477061962573
1.92531967095559	1.54987084069648
0.63320516746168	0.311043036801682
-0.0477644204683556	0.0204537802938475
0.300904575440258	0.136447769983586
0.537144833237196	0.32076419770657
0.946164266451067	0.586878891404087
0.656547556493219	0.400968969810005
0.30169882010557	0.140929817554878
0.809191258591044	0.375643740088364
1.38046556191488	0.736438998959453
0.188654195330516	0.0847461094003195
1.01591214026947	0.78307556542187
0.623947339681317	0.410689141746698
-1.45182876174187	0.559000530147217
1.92622351822362	1.56367185821488
0.914822975474645	0.692198798121886
0.012014202113952	0.00476828398388402
0.0255854462177649	0.00856972525594584
0.15880055056268	0.0646336760386585
0.81973564543556	0.426928012906049
0.54215302339245	0.241250409134783
-0.38563997584433	0.146416650053415
-0.561713129178942	0.237219210597547
0.026088189520474	0.0100342259790958
0.653324991664395	0.399110439769298
1.09257221892944	1.17976661156173
0.808648132416824	0.778418928327141
0.681423515005398	0.376025081143826
-0.270365431989019	0.169801773355631
0.731875745851828	0.733676380932124
1.41284082095768	0.783964244746652
0.517748254594818	0.358318960897486
-0.65059489708516	0.334558739626698
0.36647334350208	0.225132107902482
1.74233749714133	1.78855866733995
-0.973045205228797	0.511221558150463
-0.82977170148708	0.639259070695781
-1.75707435019093	1.08783528648168
0.847282600883058	0.585916990279811
0.369002574191288	0.248140554400132
-2.01978773720521	1.41920938313973
0.032396159550066	0.0191821112042211
-1.2205933120075	0.73485822659345
-1.05253743118029	0.817809584144043
-0.6108741137193	0.351803139554778
0.403639279255895	0.285956373415545
0.716573648059582	0.468763095763795
0.597976012764983	0.410354526753684
-0.940165198419742	0.567316017188125
0.0772303122773241	0.0340197747594272
0.812717193969867	0.415778896225968
1.29015485930393	0.860363584995711
-0.413852152795374	0.210238923037238
-0.313943588054906	0.134022639523818
1.08575646467373	0.702799875372478
0.86310515070696	0.489779878127573
0.804826064531428	0.375388365208318
0.514583309094007	0.302428041402502
1.48491092544974	1.11161154504973
0.238215881698551	0.0895315670255516
0.419350476310209	0.220072598510937
0.216702821012007	0.10384637729504
0.312441002651986	0.131917370864841
-0.313779671209179	0.132704895405164
0.0126301459401862	0.00476980414566068
-1.36513574847772	0.676340139891871
1.51550488381925	1.01588336538913
0.791278767986636	0.641420110685621
0.243507179862932	0.0915556508474631
0.69726366654758	0.39244659688216
-2.05595135738987	1.03065524022602
0.943899770077261	0.777355235627607
-0.810934175745573	0.462052399264928
1.34825769405336	1.62985418363372
0.237409212284036	0.118956971703186
0.583869511667608	0.500438847792682
0.729752711509314	0.488361628764292
0.799884460855411	0.369594707227177
1.13690498327487	1.07522569323485
0.123731586889847	0.0600523632060931
-0.621783022789137	0.360829145575912
0.107900994968672	0.0525478930958679
0.17335307209629	0.077977864641713
0.773916584611256	0.476765045857249
0.0249783246493161	0.0130474183860808
0.370391002060741	0.227946520589914
0.167511655968148	0.102913257538758
0.411792404056363	0.308242961804616
0.0893730906617991	0.0583790492701976
0.281509000560619	0.16892056360322
1.07110263238842	1.05176029818459
0.174739122008462	0.0788463448175479
0.178061659405984	0.0940317943913401
0.308925560277615	0.15655177004636
0.533756247173021	0.288003092517158
1.29774479318836	1.01666012869692
1.68744854676848	1.37928840665293
-1.49507726045334	0.825458540134452
1.26208865422977	0.830522951346252
-0.385659395045294	0.191476499657983
0.824110131094614	0.418957509178313
-0.311806290821311	0.144630015380764
-0.973084433780717	0.512525171179029
1.11109598824828	0.709549764389749
1.30210181890931	0.842436306844279
0.842662230529589	0.58167258037768
0.818632377051519	0.424881560739207
0.866504787505374	0.666570573061107
0.317248644000645	0.145289598397081
0.462205290552163	0.159480032978756
-0.88532141760165	0.36172066233038
-0.330958479901551	0.140310338487125
0.805748045194455	0.37532965340386
-0.384443244326779	0.148311504161713
0.886172572540873	0.557172179433354
1.15659708317753	0.563662411517075
0.54060483716367	0.240277654520707
-0.0379691139427916	0.0102769992534417
0.187918943517822	0.0851356798564943
1.17105369579758	0.924496855850041
0.630628256883926	0.515000580229278
0.999158632726031	0.892738624116869
0.535896037697863	0.367416116541403
1.02642208758892	0.983044159022139
0.471066362814723	0.401166542693884
0.144026066555984	0.100801449641021
0.659003579735984	0.567403885610914
1.04094499263798	0.802772698325119
0.469705315466483	0.270061979509376
0.195820991081876	0.114419589880706
1.17868530921417	1.18794695978526
-0.184498460749452	0.0905718822511616
0.226410152925964	0.112954679002232
0.670257058998902	0.52384378657631
-0.700632752751019	0.427655664142031
0.435502659936452	0.252718227364567
0.0694949337779338	0.0357895387764995
0.646732449080202	0.419902596088014
1.37204493181812	1.25909903562144
1.4571818335317	1.47310043357531
0.746451195710847	0.505835657055942
1.40132780939676	0.78813649497836
0.519421536013132	0.308004601839456
0.555503434784483	0.321076278054766
0.445227296729578	0.213276393181526
0.557220630713621	0.298862879314168
0.870064904554525	0.494093506096959
1.79713168004448	1.71095625327978
-0.865412506099502	0.421822715979684
1.08726731825001	0.583864886517766
1.4592457410058	1.38716881442693
-0.707332283594786	0.319219835484524
0.959381438250621	0.674788951754839
1.31800317024991	0.783320009171551
1.08543722655271	0.58045824439026
2.48703256539804	1.88246648569612
0.804517684135164	0.408878989689139
1.65471998505866	1.02439718563525
-2.11625496161792	0.64084087948516
0.864324450651637	0.671542577850778
1.48432377974401	1.06978279657807
0.511849736489788	0.379742395775724
1.79890500570123	2.26440675931457
1.62801756407463	2.53817915178042
0.418979092111815	0.278403880016959
0.334607898393543	0.270013599722678
0.422535740588639	0.303710689838952
0.894398924728732	0.933415124802774
0.503140369166861	0.469614806286413
0.790763306727587	0.757654570265597
0.433906032219653	0.247355381448492
0.171050543741914	0.116442581473288
1.38228376516019	1.38546623647561
-0.787513011741168	0.436127825536151
-1.50720003438489	1.05068821748073
-0.71579197268506	0.324337266818962
0.530752090966679	0.368238213309058
0.175527405571445	0.0714868500771586
-0.196448290273243	0.102631308117483
0.278436387129535	0.165374812951821
1.54132934866555	1.01489245189857
1.29899749695732	0.748062401341628
-0.890319972453747	0.366936700724075
1.28993744334237	0.927888401075296
1.01589270043758	0.781600508145041
0.955427688531881	0.661910310191959
-0.654154466685371	0.337470055606473
-0.164344364535712	0.0560415591615345
1.60885387398935	0.808380905774847
0.765411386087174	0.46914042276677
0.314127981973908	0.159996493296699
1.84354746650207	1.63021989137242
0.60930487644469	0.303047101489922
0.440994633533839	0.126907233388428
1.07043622886496	0.581815859269056
2.06590758738367	1.29192205723271
0.340921670160622	0.192093108225086
0.839944740781573	0.348092956656499
1.85393673366526	1.29101406228434
1.85823328986459	1.04866824488831
0.802897215625009	0.36789765255606
1.0853409014028	0.704042912315745
-0.388480541716615	0.149711799615298
-0.672556854776473	0.345988902891847
1.46104208090649	1.48684918815283
0.431875768471869	0.312665963019938
0.780879530574172	0.569015217562204
0.322905867935618	0.164397804919367
0.889291909466698	0.756990748280087
0.788547345972298	0.993661212711038
-0.021018259690018	0.013642384479336
0.316914732300543	0.176321026789116
0.213946700504098	0.125794508240435
0.821392572400728	0.707121492896822
1.21651073742104	1.11086664144506
0.198579175270785	0.115018996596863
1.18754521035956	1.01899664709032
1.45021297605111	1.27137974616078
-0.197233876734961	0.0982717155146319
0.546527309136754	0.350559499070845
0.232601228324186	0.163833485771474
0.846923932307393	0.483816346762751
0.620282297996591	0.406053047824353
0.108373723031257	0.0528482772526415
-0.613810547768101	0.359996197506544
0.0259562660721251	0.00987268311135027
0.456712572446381	0.265797766386066
-0.433333024274481	0.197359834700459
-0.209538796481177	0.102469249866372
-1.67161681361382	0.711007667176547
1.05264738965893	0.604760711418479
0.660111676218027	0.403350733462256
0.447134319511945	0.21808793012466
0.459551148063238	0.222124146108497
1.79459750224933	1.72591833090071
1.42116086918263	0.783028420130128
1.1055385308482	0.777554226767428
0.827067947290929	0.42800631381041
0.438824493279109	0.276681059772457
-0.644618724271524	0.334525237717859
1.17776954542647	0.990540182303048
0.84648556142598	0.585190386197612
-0.600025884558008	0.343309692238178
0.963401618020249	0.796352781027835
0.533814521706927	0.340280293970458
0.888319314077941	1.12674552996813
1.18326194025283	2.36285744194038
0.595135787340686	0.630623539932075
-0.106395029042753	0.0701184024395308
0.107696169481054	0.0765197054691779
0.43686020535082	0.248579661660028
0.562905552418198	0.301884161209771
0.441410617486119	0.314923873923484
0.769392603965649	0.481621553294322
1.14433815783966	0.895555808680882
-0.307915245589157	0.148535725748312
0.855726421237756	0.588271692711714
-0.720717101679921	0.454600862142962
0.354216510550423	0.194714649359589
0.685691157001067	0.381110481711128
0.816810532569144	0.411088494077249
2.05516913983874	1.77934460837572
-0.749880005848965	0.47337881599136
1.58472120794307	1.85663312342525
0.935758837190215	0.685931878103361
-0.937470009661384	0.591898565410266
1.80282905662975	1.74090762927451
1.01547575804292	0.776938779451214
-0.277535164656954	0.145015082682929
2.03900621382794	1.55496030141722
0.927020770305079	0.58429480614506
1.22709288029836	1.13680967820453
0.799121098623851	0.373586562238492
0.653734092554628	0.353726364829605
0.932726827408604	0.333548492569437
1.28530310018914	1.40908687766209
0.44446357015861	0.304071182424272
0.239150341915376	0.129016924051864
0.604607757264399	0.453470237510564
1.26066774563282	1.30081034011303
1.10075714161656	1.50005900438913
0.491118619200663	0.379623540886853
0.470154444449808	0.447556750306682
0.650714450979636	0.832307378962083
0.635630416069593	0.700398065242785
0.54914703688653	0.514831305871881
-0.172028424094413	0.137257219594365
-0.0204979999518619	0.0140544563201244
-0.420717456368832	0.349573721386053
1.06052329936939	0.894677502924139
0.449315100122171	0.362325665687126
0.216444847204682	0.145250114079324
0.224819254335449	0.128235385576955
0.875944811763171	0.758768769282631
-0.799926003961764	0.455387546110981
-1.41535779910809	0.979248709930248
0.124967399198785	0.0614277330357591
-0.20076988602748	0.0997136426006223
0.852031451583573	0.58387511673567
1.61095557152974	1.62920266566622
1.56737439047462	1.76642493353584
0.816749261126737	0.421356384770371
2.2708540011265	2.58602749956571
0.515788789015694	0.267819823703826
0.38265699303456	0.255819951911516
1.0488664789921	0.798126459955278
-0.887694972897599	0.359364529079244
0.0345965740570188	0.0163751183606393
2.30963055883074	1.18930988690182
0.428875646037254	0.248191258205762
-0.325834039720604	0.136875876551986
1.15995484249529	0.892095282234949
1.23054186973044	1.20903311233964
1.8311768168461	2.31092637165748
1.23611514160882	1.5501145008884
1.26627212204768	1.49961069643758
1.54833611263551	1.90830311578063
0.817936428742223	0.737357410411058
1.24331909497432	1.52920610467387
0.577122793709603	0.57583747065528
-0.166781128380201	0.145298687934583
0.127422288896409	0.0851035230439944
0.450866763866607	0.307355248637862
0.542869110536265	0.63117677300572
0.513877949340796	0.508199047166482
-0.078599097834418	0.05651124191283
-0.328099906016513	0.258605263037838
0.210397124825897	0.175695043922666
-0.0604276018166675	0.0526766283749848
0.105453936024939	0.077723783404358
0.291055499278369	0.189953035492327
-0.123875024561619	0.0916174479150353
1.24958112003564	1.85728418514185
0.967402478107743	1.02041011935628
0.628598008284711	0.438196613137008
0.128577793438772	0.0756401360138287
0.345044468073061	0.195897023886466
-0.707758962085201	0.513177839523308
0.0544403483397558	0.025923866222454
1.16125520129116	1.20603862125812
0.303242936053436	0.208800228482755
1.29044091972606	0.910890074549224
0.974118142115585	0.658269083349924
1.05556296504684	0.614286133920261
1.21203231618049	1.12347504879309
-0.0937073970271057	0.0510729482076916
-0.0349456506639842	0.015404724043266
1.33484641081243	0.806786688362151
-1.17909307496263	0.860829803783716
1.2926981981927	0.850100501287116
0.158216678256222	0.0643891061764259
1.74990841912645	1.78328174286783
0.905713406504769	0.566046027995372
0.518933123226238	0.304786372787495
1.30439076138611	1.76372253135356
0.226362989725775	0.114582321078524
0.35731193250303	0.301158305289383
-0.311600628311263	0.180667368881914
0.623943953050385	0.540180475459659
0.421146384961797	0.351095101912322
0.197035363265161	0.149039422427231
0.231089769126355	0.21273155198224
0.360223442492991	0.43325697371387
0.131359631647728	0.0992129757328368
0.717157357599434	0.657563403577625
1.01945956747023	1.68250900503725
-0.0110224376554966	0.00685909190786041
0.443643187956363	0.444722900275362
-0.294960029386701	0.258683720888817
1.16063390530051	2.11622535944609
0.212295572278637	0.218412884763237
-0.190851505489853	0.18934921186872
0.403188317612429	0.364128475664308
0.16611596357136	0.101008039349441
-0.0957251532712155	0.0484446350402849
0.30957724767192	0.159792523913188
0.0422066219359294	0.0255294928590931
0.352190048643755	0.197878218986756
0.155214032364758	0.0951764727902489
0.865957140383661	0.701863584148261
0.444245111657998	0.27892708354506
0.633443173100658	0.418142156366472
0.620933738735968	0.472950073628739
0.635788242113499	0.584007094256854
0.301889459689861	0.141553062366567
0.916245611143795	0.677148137250237
1.2142539101425	1.48233449939793
0.170922176887485	0.0703972629192003
0.537880616773452	0.321391399294733
-0.224839952298812	0.101794986670958
0.812945712479012	0.378134891218562
1.07206551805692	0.698360038556533
0.6552168410092	0.397925949649911
-0.479113197396913	0.251410230482348
1.73962830991203	1.78280309810712
2.05467769951016	1.57241751130724
2.04220999072572	2.8879169097547
0.962283354499316	0.657250396879305
0.97126549656446	0.847836285820684
1.01986424122964	0.941920861846599
0.472581350932175	0.369353851992408
1.07891523869119	1.16904256228003
0.567945816381659	0.509632364919191
-0.0525422598566198	0.0302397578435595
0.298578534306296	0.238288041871717
0.31784454714843	0.273457290907131
0.434144405004406	0.447118256679521
0.315084167690991	0.288462834572051
-0.0105746327260358	0.00580580903760773
0.608566137728579	0.604180577668263
0.421114472386831	0.436138889757661
0.616218203280718	0.65377411198909
0.153541853829809	0.126251638663422
0.918186991143691	1.1368990739516
0.503493519448381	0.40256555908089
0.351058720765202	0.216445751091657
0.423317975705349	0.22303224383036
0.466609004224393	0.294713187996385
0.186902881622267	0.100662500238168
0.587169397143665	0.473039105630091
0.0608811466613347	0.035963522248899
0.65718102583746	0.604376720358065
0.283928914954466	0.17090429760224
1.00168797480971	0.893191032244934
0.618473128380118	0.524899315516109
0.843184279240853	0.684785875335507
1.49273287171428	1.10100854165439
1.48780593890345	1.27974985655527
-0.724884687781176	0.334225158733783
1.63257607081585	1.57642706898561
0.690052420878302	0.383601163612231
-0.854527224384628	0.419112556447362
1.46725181742219	1.15634304110065
1.20978709740668	1.1899434723119
1.07047826339978	0.692136598615709
0.465245943661445	0.22136420770398
1.29940626960574	0.777096699282467
1.30092607732612	1.01208831047994
1.02804795397344	1.09270777893841
0.350673609326469	0.261766379421935
0.961136955073262	0.977159944293564
1.1813866207454	1.72006715117172
0.241439801621047	0.153031758635687
-0.137256426021796	0.0911592239164131
0.182964724319645	0.130775578356796
-0.308544949256856	0.274732616985031
-0.363700275686934	0.36196753871798
0.444834977660625	0.41947720692281
0.505931345608209	0.440237101690548
0.909298004958378	1.24429370053487
0.91491372215314	0.690884341138844
0.0710587164590017	0.0421491153888116
0.647080107905734	0.532037187991559
1.36816342063218	1.3523207199025
0.970421947658353	0.97432188493829
1.44256114592826	1.53641603762375
1.28872750348943	1.08390102622812
0.64972490996941	0.424010705343564
2.39663229986927	2.13093752684883
1.0704219264583	0.855227142591437
2.77902391502789	3.51715565826592
0.641459209138435	0.384906194899735
0.628931937953399	0.457915953665083
0.264624073140714	0.146394668941483
1.08445696239721	0.693729175802038
0.899460113892092	0.675763312054896
0.443635806563067	0.281403739774291
1.31731903398451	1.03286425009323
1.41560946036606	0.796307416505371
0.436189759102186	0.334946607456197
0.483675018835451	0.37250140956737
0.52175661309186	0.426834773855459
-0.634753943800738	0.517395957634973
0.651034901077553	0.631418692697345
-0.623537846951175	0.501956202284701
0.217373622604253	0.182660000800066
-0.284705911367028	0.294443135411756
-0.119609547094573	0.101364558672774
0.331002600467324	0.370665185487276
0.15726693183361	0.101768673831833
-0.191758661616754	0.163254856232168
0.0236042430207659	0.0153318544366005
-0.0293163734276946	0.019734597571664
0.0582918592978519	0.0418439801987724
0.320132573782139	0.312518339716106
0.194169571779397	0.166027347865177
0.366520532436555	0.260335914679438
1.30074911748875	1.40365246490379
0.73266928372471	0.61476575286232
0.514459095239272	0.352616036949371
0.267183344444949	0.145634692344461
1.80036949172456	2.26116119124551
1.19250087603844	1.58351139970809
0.435845953102417	0.334332172498647
0.809941226042219	0.601567102856094
1.80940606355405	2.6375682400289
2.16083847320694	2.22741515608563
0.656114087488758	0.401978993175714
0.995351360505152	0.889509142519278
0.876573356060286	0.504324037011493
0.289573687760141	0.174377028753605
0.444627604441579	0.260604215958905
1.23792160852808	1.19895232474284
0.615244770703071	0.430877829813969
2.9845462227428	2.08457548430714
1.28630439483642	0.927761477680362
-0.0585256971358165	0.0305380387013169
1.207147760947	1.16615963971555
0.522575491089948	0.331703087512119
1.60592840667284	1.75421005787514
0.778513327889824	0.480822867174294
0.984347784311017	0.876206029145283
1.34084816452168	1.34409510901636
1.46633846431261	2.33621353067696
0.791821008981733	0.7492171481562
0.87722460002788	1.27832625336968
0.292621918602457	0.221027699820026
0.385056474340859	0.273615979205039
-1.02128623006086	1.40749908559276
0.653428716922448	0.710257522765708
0.163058377603048	0.144391584142521
-0.444631263494443	0.550348885989512
0.00542947241684326	0.00376017711997555
0.483010857204012	0.548023934136267
0.207605102182943	0.205603569514855
0.441713353349783	0.553558894304956
0.213219691743333	0.18417720289541
0.779946451679294	0.976739186809682
-0.260468232057582	0.290904314655596
1.0947270501066	0.967130644566174
1.49252268970806	1.99773914335167
0.275474885980528	0.231689549184644
0.621331832484626	0.489290134521079
1.04070112353914	1.21810814055935
0.637998100412837	0.5285838139707
-0.299141319713744	0.192910610753519
0.586791823916877	0.527426859107488
0.761830306371184	0.61063368136942
0.8732624530024	0.750483495111568
0.685886678266151	0.490427241127876
0.640393199323718	0.389922118700496
0.614320858500367	0.404837364964225
0.894174327427863	0.674092380799671
1.10864105907905	0.974914648762601
1.70032964559042	1.3413957884166
-0.0298945529147744	0.0140498194087124
0.735587866164525	0.493305612520133
0.697200152291507	0.389828832074631
0.969986574662668	0.676329662868236
0.431701808217991	0.271543151046605
-0.637235856528092	0.327656967510085
0.559335177643603	0.305213615249819
-0.884412223646206	0.530984920615123
0.627934552304123	0.370761099819618
1.01982603505651	0.776456884122694
1.2190451432139	1.12895927556018
2.0821048203525	1.84019180641784
0.404401307898086	0.26943264249518
0.823130294942377	0.961892800855135
1.36428677772527	1.65498159074017
1.03906974706161	1.27829319003793
0.0585434049269949	0.038261552014983
0.298486653783602	0.216555067662408
0.311036388522131	0.223757734849618
-0.466873779103584	0.556090368981437
0.471547309539916	0.526359869256504
0.0496093355995952	0.0420487650239215
1.1830499322806	2.21335877869785
0.448911293497325	0.448543816115893
0.0282486704579981	0.0201480971618405
1.17150653515547	2.18119265974454
0.313033413333926	0.325004274289699
0.645684023517381	0.86833496449935
0.640760701795835	0.896842537871878
1.05125564049062	1.08071076152414
0.738952650327335	0.8421854060116
0.746169076389845	0.586751464989511
-0.11446753540616	0.0588445590508593
-0.403577313273193	0.274299411961034
0.731314604217291	0.613056101800204
0.368976288342602	0.257571166393586
0.816429546211128	0.880113054527149
0.964088601482603	0.672393825804741
0.922500397252336	0.696749544322128
0.592147631696815	0.414351733324963
1.37258597113527	1.4507753017526
0.773522709169115	0.485004997620481
0.973646192338116	0.788730390729261
0.88166359009374	0.910338816883796
-0.224050196943623	0.100987369347353
1.86826894455197	1.0614438808476
1.28881294185938	0.766754632623427
0.792038340268938	0.358387208156245
1.50148675260386	1.10058958213312
0.621212262244635	0.445944281639931
-0.956627729259435	0.506410024657304
0.544640705044889	0.28859190575743
0.776332892244943	0.478249034986639
1.06485421654155	0.9451391522281
1.47829318181521	1.15999658949212
0.611695960206221	0.430466021424965
0.710886791018386	0.50988867515443
-0.56115233131512	0.238883976621454
0.532199863922593	0.233897584186201
1.40349499496415	1.86040371666185
0.797865897586888	0.589086676919528
0.471625518391454	0.382932297885021
0.264835893891176	0.179528384628228
-0.520960617294652	0.498259679096588
0.230869310983537	0.146417882681837
0.0898181644553411	0.0684053920253743
-1.22868942058273	1.08420899313068
-0.103212202728286	0.0734110356717495
0.235130532413562	0.242374133250132
0.285146822271302	0.291142681282574
1.28154623016679	2.18283326081768
0.21440437206556	0.202010356922319
-0.263729489274028	0.216657187862045
0.498509478909315	0.54962568545612
-0.0558752711408115	0.0399641184131114
0.565170618882521	0.643854664049424
0.707087624216519	0.915817832432675
0.221302948619181	0.203521079272703
1.03622355990302	1.11128685257501
0.916929531262416	0.798608390030559
0.866590397875535	0.930482834768237
0.0902224445678797	0.0474854908163865
0.136773281728528	0.098704502939709
-1.94151337856745	2.30140043205813
0.213606276072502	0.168833302650182
0.637826428237033	0.60926613993985
0.820438132195911	0.913147250643137
1.62381234013915	1.6732669555408
1.26010513608663	0.960800612534614
0.615218180747343	0.460064888912892
1.17278037078884	0.979648996007058
0.591232338687276	0.443573658326299
1.06411180180343	1.151114496508
0.910136054506501	0.78602493552137
1.87420664667549	2.05470429983762
0.513222013250333	0.363802472708108
0.518576690246623	0.385332900079543
0.0361753571132844	0.0181659054753608
0.455321380573991	0.286625187512669
0.503036890837686	0.313217525659616
1.47720483743277	1.27081017282405
0.59594427270359	0.471974515791354
0.656468011922311	0.400031678052737
0.687880908918455	0.489748423567986
1.38979713875462	2.71784985617236
1.12752001092717	1.11198360657671
1.10371565892528	1.49307813128488
0.329526011421249	0.26377941544233
0.704136493542654	0.691762237747398
1.13034991646422	1.37425699295323
0.497508952508875	0.478134420782432
-0.820509519811467	0.78373970010147
0.654621608718409	0.711991192929402
-0.0768658642479635	0.0774452002233539
-0.0854388237222307	0.0837390520245563
0.540560359203539	0.729359510078481
0.223185565685227	0.168498705378367
0.132381181376448	0.115552081634904
0.865353149266771	1.01212362319319
0.511455108282274	0.504726658904824
0.446036482106043	0.455431557717682
0.653255080814746	0.946233577440482
0.771611157092987	1.22229550539525
0.201645806564384	0.216689421161542
0.338415243761392	0.445086920316035
0.418967678457379	0.685008617732333
0.427565879101738	0.643079816725288
-0.493187559742055	0.568123233553509
0.584060381829459	0.79070903852921
1.31685470318211	1.42897055966616
0.671517693210975	0.712559971952512
1.12570810669065	1.40799793692697
0.261157733312345	0.207577594992213
0.469959033698304	0.360015492858077
0.378040408633441	0.32394235920857
0.212290481959231	0.160740106421598
1.11859005570518	0.832983583982914
1.66583511961877	2.05579226941178
0.894095127436114	1.00905834562785
0.720502229113081	0.715868293967807
1.65132287705227	1.56048821190164
1.13521730916671	1.70870770003806
1.22201667743566	1.4053664939178
0.887597870905038	0.919849605645585
0.722208811007206	0.710051236455186
-0.0633291555880227	0.0435606203102674
1.18910577001964	1.81849229425241
0.456726549660039	0.290455006182787
1.33495565310032	1.67903242260454
1.42008578066355	2.3526602361498
0.859213733969739	0.776810138524583
1.68072898019395	3.03052473323092
1.05801514717935	1.3651763658862
-1.29650108321918	0.830648813122006
1.14426810247202	1.82122816858498
0.486426343068393	0.419621559175163
0.538948761906153	0.527987693291358
0.753060119649731	0.884008972549097
0.736134014608409	0.82456765267799
1.28503593289761	2.02805036401215
0.490879930406817	0.571321596580448
0.425558726495438	0.475914760563658
0.379879358177493	0.329126289364908
0.546730387596154	0.548995784018414
0.858217046196351	1.15089551618173
0.796656781584386	1.27813847131671
0.83828716753635	1.11250411255731
0.592107696346537	0.824528254255933
0.933115418224124	1.59252074771489
0.754489653890292	0.98721396349489
1.10176886234914	1.71083135338474
0.409269290064804	0.441446919365387
0.433643603956195	0.407589740644108
0.280459019718286	0.270123426813187
0.717081592318489	1.01573629405467
1.17948741334289	1.83590115598692
1.44371356024221	2.65700895381448
0.838783842325498	1.42392984627113
0.318778203403568	0.376679879061506
0.659600326383367	1.09503670134534
0.585091131531534	0.80781066504622
1.54463767089667	3.44510156178702
0.606966667311165	1.02616054691672
0.590488760490255	0.911204375370369
0.791996538190526	1.4176727386538
1.28667870017445	1.80163185455109
0.736852597868781	0.922180403899512
0.271280977348805	0.250409534332021
0.252810480887862	0.225165487087291
0.562490640613561	0.60816872210102
1.06097737467172	1.51462754832906
1.00313600258658	1.77005079372742
0.545120214675816	0.543819837755141
0.593468608332286	0.527613570704867
0.518051202495603	0.482527770642038
1.00121368828058	0.895377526214366
1.12089076977854	1.09611538982444
0.778296568473203	0.742217371277006
0.589654346543122	0.508258253108206
0.87233371296212	1.10614390175433
1.08243877200452	1.6702682869073
1.28414737128157	2.49219484501482
1.02537329215016	1.4007846869925
0.77087301733831	1.17403891644404
1.78971047353975	3.42466829771781
1.70880905552659	2.99054915367941
0.34429700220531	0.302681225342556
0.50366021161757	0.494530585082311
1.89905599432561	3.15062256190602
1.5135166965157	2.05135030845817
0.129046286487213	0.0968156277062185
0.599614531151156	0.588184334780686
0.167517699500634	0.123388781747122
0.714514873891707	0.705110101128316
0.743315226315442	0.938150745203666
0.462779851098442	0.542277193582626
0.596095833102703	0.771379572847997
1.82699185734868	3.95187649746665
1.40741484509338	2.64158883959504
-0.166030587400873	0.108646282041191
0.883421529675791	1.08678689864633
1.14847147042097	1.66285491820122
1.26754116512221	2.43907231044439
1.12096340612973	2.20417943402503
0.613013379112963	0.936194245894292
1.29684975351711	2.47581213885251
0.774560967997744	1.24755908133117
0.889124699513043	1.29478459253037
0.373663942178934	0.330161454672955
0.899005153552613	0.950066524470711
1.24737324996665	1.99091568302693
0.614606953996333	0.678404698871846
0.708228655489041	1.00234611285115
1.49801717772435	3.1986693320676
0.776906161718052	1.19994322874885
-0.235583081461894	0.235237750718455
0.482169177032478	0.625134075939634
0.449404647991446	0.503991746688225
0.496963395191195	0.65737529980122
0.51580668014832	0.704776428574867
1.26575177718204	3.2500688775045
1.2205072260316	2.7689687528359
1.69208918365872	4.79874570048827
0.653612877301594	1.31728726492177
0.676608322077048	0.96011061234103
0.615607963352418	0.924831376096352
0.478792539696006	0.670191492246227
0.765385949545545	0.602253405006896
0.446878554449501	0.390630261074125
0.990081969028831	1.11910147800797
1.15938583282296	1.67838861589343
0.520333995248748	0.480124814084617
0.686311803397604	0.848611585405184
2.06069948987326	3.27824693438599
1.32415444779435	1.305569914802
0.949194564447156	1.1915882948668
1.34456839133182	1.54213913201067
0.733956069162995	0.715616385791937
0.900809345245192	0.77800269812107
0.8105837349057	0.818269010338383
1.07613860936879	0.895632345649599
1.23770199985242	1.2388086727976
0.817961221861399	1.01988511130603
1.74006344984247	3.46191645724027
0.696088955544625	0.654836056661739
1.04244616821243	1.17984506552615
1.88330179354442	3.79730712378138
1.29770019438987	1.76369061693579
1.02206292174812	0.788424456913961
2.17727260905836	3.10256441972337
0.96123012260557	0.947361442509582
1.18649891744349	0.990286592586503
0.941605465422525	0.87390875799998
1.19963544458703	1.02892421410388
0.866193722833888	0.948254890689052
0.358829015984231	0.306522503707523
0.59616406134085	0.649810492038232
-0.102910693350656	0.0781802628896419
1.34935037483096	2.19033325836672
0.480086647339536	0.468027779244437
-0.0618453693682275	0.0386468841486253
-0.682489842218755	0.590989990069128
1.28123604244119	1.64751241963258
1.07326740887296	1.33553182853321
0.903034693331076	1.03279832772571
1.15411051723451	2.00768996334075
0.141416937475976	0.119704937866332
1.21005278441335	1.95603285751074
1.2308476464225	2.04212321996604
1.24751837104234	1.88892895973251
0.0890369909613035	0.0534229274959257
0.784861731092418	0.708501511258906
0.797168999086109	0.899839949628481
0.145997058158403	0.099222140564247
-0.107587692894211	0.0894404483436442
0.649147718595004	0.812776654588074
0.852789320703639	1.46835223413825
0.37307929398003	0.295820418073851
0.455607911547244	0.422056568228177
-0.610310784564833	0.584129675597844
0.850170766457921	1.05236678125261
0.703474815831544	1.28643209417198
1.2543202604159	2.48610080315367
1.27178793316154	2.20245865724324
0.786907142534969	1.31679004186969
0.79685098902006	1.41761965606133
1.03460913697683	1.42046570182413
0.564554529135223	0.783626373122774
0.901956130092648	1.50739047478327
0.51544345543733	0.619714096804813
0.317017669938586	0.337271136846651
0.872446845167921	1.07214269742124
0.719825746173645	0.709226546207831
2.01080419021524	0.917878163437858
3.0813141475216	1.31594402364979
1.31721184217591	0.561082296817799
0.448049214856487	0.127036282979351
-0.39226140248223	0.126182038819469
1.63955817084745	0.627204809229306
-0.564014125465769	0.236943937143728
-0.813337265529176	0.240213476677804
0.467770002581612	0.160456936980304
2.30479519118018	1.19268786498736
2.31029846419656	1.18739377872858
1.64945193411495	0.636815169113368
1.88256548708813	1.06871842753298
-0.0349262065046586	0.00968328522045341
-0.666869930078025	0.244197590106632
1.42819626986973	0.765087281712666
0.851542521238259	0.348578391255927
0.94070627902179	0.347797326422389
2.01649806825886	0.916361250213578
-0.310316131797195	0.132268513644729
1.27045360960731	0.922689684638615
-3.25320759529616	1.28763624573944
-0.0318907411278532	0.00898739411486295
0.484797667092695	0.163396545300606
1.64518671872761	0.620623171341693
2.5827029666934	0.95444482507333
-2.94880090077179	1.07960497488258
2.58246518877188	0.954808913265067
0.825132866885808	0.423766993537812
0.832441119395329	0.347474582950562
-0.413953961172707	0.132248011261881
2.57551660914786	0.96051052751055
-2.42644679511068	1.39100524823124
-0.904346167553131	0.368873555848761
1.81256361946551	0.57834251056048
1.6111353881069	0.814917406421252
2.54555453342024	1.46468317143084
2.29021210130591	1.17763327287529
1.60704444829284	0.802233342532102
3.43853636873109	1.65697509457057
0.426420393079301	0.203321003718054
0.426944013429163	0.121439069846579
0.380220335111381	0.0881615126503493
-1.23984851415798	0.604176482481876
-1.67496927014951	0.719256786998181
0.934244469311174	0.34273476266917
0.542102892444444	0.238462324383379
1.64462121017336	1.02214238046346
-1.16399424397968	0.402583161382906
0.696568144895279	0.383010498636209
0.380220335111381	0.0881615126503493
-0.0402571787260352	0.0108533626026386
-2.95747105550978	1.08255074299022
0.824829439347942	0.33572769730976
0.117048766034151	0.0378567196806426
1.31408443078823	0.579073162500088
0.544266067756855	0.293870224849865
0.682757590329832	0.37576829307633
1.85451847806897	1.04337130533447
0.113240573364456	0.0366213176856126
0.453387120087457	0.152881157052133
0.338272422520101	0.143087289216586
0.799930510947498	0.374627506258166
0.4566628353334	0.155974893933969
0.921461426450812	0.332262270675132
0.549539581151699	0.246652290761147
1.29729465165961	0.558391508607601
0.94579058507587	0.344789749807915
0.328284368421083	0.138416518463379
1.12911049887438	0.545550142817797
0.921461426450812	0.332262270675132
0.450710760240909	0.154679725536126
3.07394835948079	1.31896016410163
1.64757050248653	0.616029108102346
-1.46275605749606	0.560462362918519
0.836314662342239	0.351759765349077
0.797198169806317	0.369680265832575
0.912170781208148	0.322096978893302
3.06689999323772	1.30696449185998
0.485828963471466	0.190491283102072
0.467899864027144	0.161191776138274
0.444854208791125	0.127991221299979
1.61352873975241	0.977362940915487
-1.4391934507221	0.556145620330514
-0.798339580557216	0.237512976825991
0.917527892845812	0.32762076209919
3.07191541302791	1.30060988602716
1.65232884439116	0.630327623928871
2.58453692416693	0.9378225742295
0.848284596642951	0.340738203962693
1.63955817084745	0.627204809229306
1.61608917870363	0.818418634265718
1.15701051518738	0.357024714890045
1.30340161217284	0.563618862369119
0.343867886983657	0.143939606262013
1.81045946197748	0.578570674290805
0.810701661925808	0.376651947565522
-0.893563667997316	0.368057320316647
-3.47876479685015	1.50890351346878
-3.84425082353111	1.88458645748332
-1.46279212028382	0.560930056799218
1.15224186187344	0.358935209934184
-1.44178242558363	0.550049530000508
-1.16366802857736	0.402405435181621
0.370283326854797	0.0861979910131646
-0.803562149352311	0.239959706780035
2.01283744550179	0.902585732964593
1.14270422844595	0.353753757992918
0.48874112612251	0.187680712343954
-1.68939621113578	0.723639642889924
0.82914171954177	0.422035903935715
0.429562719963691	0.123979614580192
0.945075664944147	0.342823155383838
1.14479905476686	0.353551666096621
-0.382771782831563	0.144772887528336
0.436097412031641	0.126050626741564
0.473477319500604	0.164308696666005
2.56269890815712	1.48018864562988
0.796349251322917	0.372332198466618
2.003439064311	0.904317302889556
2.537517417982	1.43961293823026
-2.11457542201993	0.632270703085136
0.839068554134735	0.346014966686378
-0.416819376543194	0.131581540238756
-0.393606179882178	0.12822577632543
-0.402070145070369	0.128916120698528
-0.163483910181411	0.0553867821244854
-0.326086336851824	0.0802709064148997
0.811502629030223	0.380543040481464
0.381939954112183	0.0885630978825824
0.378758799248336	0.0873510367033447
1.14995929943828	0.359644120216764
2.01113205441839	0.917539301536541
1.8711847398214	1.08498217525104
-0.141362990299287	0.0481368367976038
1.62072142597783	0.829627764674628
1.67237762779495	1.34324561554727
-1.12596014655609	0.48733663067223
1.43021799622755	0.792667998668607
0.169257339686738	0.0686012632308966
1.30612124828286	0.571426383853241
2.00768130073925	0.913173903964439
0.786972452638488	0.348615566518258
0.800442969822278	0.39998905517054
0.5287918355728	0.282828461599762
0.567049418375883	0.387811148123985
1.09823547295704	0.774866802736867
0.466111035264938	0.35847380401947
0.733852824311591	0.492831552267687
0.980689810206597	1.04101936765463
0.698085114563779	0.725660819840905
0.53165873616064	0.441194314280711
0.790311631959032	0.578747125667076
0.54149841234694	0.290354136930441
0.449268880053973	0.345212159499459
0.691916210006937	0.639697710069409
0.598621616910121	0.419921259736246
1.46073102077558	1.96727819198556
0.603573912352524	0.428422610839598
0.235872512524785	0.147677086569344
-0.00311926812291009	0.000939342570075048
-0.596097809761248	0.397037559263957
1.15652285222254	1.20351802569477
1.23619575105681	1.21748178683324
0.614075889179053	0.470999052424173
0.33718061131365	0.274086816187007
-0.00312213933707398	0.0017212563706886
0.996294141396664	0.909876774570827
0.430952540581375	0.308668553316713
-0.367507025569045	0.227963496626085
-0.571263175788942	0.369387256237975
1.45768212852339	1.47601868903725
0.831077610562359	0.46100517608642
0.86489044983655	0.936894907333602
0.791869664215522	0.591038054485094
2.08691568240126	3.16701827372552
1.07491132114679	1.3966518074452
0.813902820674094	1.06321545970763
0.245808028254136	0.182059877320524
0.829397512846719	0.740605727966782
0.899757201574214	0.793590256014313
0.95477664980251	0.962318845200381
1.34074566119435	1.3250089613054
0.519688768183972	0.387087811011481
0.790743251311927	0.798872820042744
0.974419837156618	0.802846737179585
0.0848885842993862	0.0472714693018128
0.232294863180445	0.0862443335695755
0.572675290249471	0.430331856175636
0.0151318563613991	0.00791292015161494
0.951950605101449	0.899725297704064
0.238356697865558	0.175613812334448
1.55019080484005	2.28521147299188
1.25693871702556	1.56140984923416
0.464478266087706	0.374686446877875
-0.322060707944442	0.136426326906155
0.294908850354468	0.190944725886968
1.32715912153059	1.5576671206783
0.992876938956331	1.11055679175224
1.43008666113797	1.80947743320719
2.01312253659341	3.15039779293268
1.76150880365981	2.9552154337886
1.53750122459641	2.68911950639083
0.0787126512906171	0.0413796669326367
-0.01740539238709	0.00935946426769806
2.3160375691222	3.61221209852731
1.30816533661503	1.13629741233773
0.119220318024989	0.0678278281229499
1.22623564066406	1.76870132459177
1.78451320705527	2.58078730594609
1.4072776542938	1.78411486189625
1.23149273063182	1.37297451552517
0.739429210456657	0.500446993500093
0.362521174072342	0.241843927018039
1.64449933916473	2.47682964961651
1.64389014305963	3.10388260067971
1.67142437263565	2.90429416379305
1.53552377339954	2.71609486478395
1.07414587378406	1.52987114530489
1.71617603254719	3.8225645858162
2.76758268019171	4.64804193750702
0.914479327170902	1.00227426972935
0.909158903911963	1.03582081849521
1.24986505082341	1.53389441975084
0.709692881865489	0.518438884533219
1.91659616844915	1.9648771092397
1.34303540629908	1.40430419745893
1.69968882513341	2.2174212872076
0.311468135162941	0.214956734723425
0.905444380683851	0.839691556950043
0.642626824456937	0.586092796559402
-0.900682829856855	0.750339241898171
0.110182202849765	0.0729007153512042
1.02320760312257	1.39289929659629
0.746655453803219	0.726607471879618
0.837864134985985	1.01816146282099
0.383921427612534	0.305401852747427
0.340000377228612	0.143932081405435
0.901216184401813	1.01701124377674
1.14082689051111	1.18553666885626
1.03488769888988	1.14137710385617
1.51984443953487	1.93214905800396
0.901953478606938	1.33296301844149
0.196008057332624	0.135890654234353
0.347173989260597	0.196035169658905
1.10724682600432	1.7850732776714
1.79328887324595	3.19775629550198
0.232299217114977	0.187391614498458
0.440497687070344	0.441403531112549
0.888517346126593	1.19797641173709
1.47268147863489	1.59172772383827
0.432673985171319	0.416867040315235
-0.103222701043636	0.0790536376743351
0.876726192270746	0.747907595191601
-0.00900196291290105	0.00486565166260137
0.714431013203754	0.598407090898757
1.06785138576307	1.32793639943485
0.78502507902992	0.797427775895308
0.751283595284304	0.646365886820375
0.863667452789275	0.694494597697547
0.900901290194115	0.886755207498294
0.0343462965260868	0.0209167840116085
-0.187989728831618	0.107372530255863
0.656516799101271	0.761505885391822
-0.299903342851221	0.244120804021665
0.616302910270838	0.797431281107759
1.87686921941962	3.66480794063237
0.657566523947972	0.620674300208752
1.84002943537622	3.16656722926627
1.18983513478351	1.47963845673852
1.53544438860816	2.58713340574982
1.58663349571356	3.02815441283104
0.910228565961953	0.671031654782634
0.372761531853459	0.229149035313134
0.591239567310465	0.518168337742678
-0.89075934951798	0.524341498459926
-1.16265377974121	0.981366868375581
0.0569909663551213	0.0426557961187643
0.241902634716746	0.213020873624629
-0.174232851652518	0.121832125017089
1.24499059607724	1.99905676349825
0.937727652342274	1.14883625229717
2.0008613601041	3.86117588727557
1.21929597032502	1.42344430244387
0.432298952589865	0.265089686656329
1.59760354941356	2.56388790196924
1.1493176888422	1.26368284341965
1.17503690229014	1.99117295428899
0.992263387887877	1.28885520939626
1.34694930676512	2.06478069736594
1.50806139101813	2.9676580958494
0.949210668699686	0.969331335898796
1.20626599891355	1.0965339223276
0.504678953572602	0.351291938123903
1.56991198229704	1.39984584727102
1.14320330657754	1.32253684718809
1.36735203904543	1.89978583087022
0.820451702818353	1.00903266234925
2.1173704803276	2.68235488320721
0.654928988176682	0.570399008555463
1.56752957097469	1.79016641961249
-0.0381847911219237	0.0227840427311034
0.476419625870997	0.413329661121108
2.06907097870529	5.32675634977077
1.81801823548876	4.46314712837185
1.21762957264093	2.43082762435257
1.80737203044628	4.93073643794339
0.648305330130917	0.958480334354928
2.28977697314288	4.58640689940017
0.261614364868155	0.268215217587213
0.644861012557638	0.809464762896014
1.22947424199796	1.78001307427201
0.715197860444312	0.603289544713936
0.466329934061495	0.398907475463358
0.681431771585405	0.475369064132731
1.2213153120705	1.2867406075266
0.929639088586078	0.87336124598406
0.0275195871235627	0.0154070472934599
0.869792511102001	1.21286634249102
0.699075113685794	0.736172314058352
0.726250357057978	0.706080886569769
0.876173704320097	0.648530704478476
0.809194047628312	0.602749282795056
1.93669734081113	2.39174693183619
0.646636555343125	0.648025428413121
1.63184834325919	2.7079895664784
2.44325542318333	4.57653711888816
0.732674402131241	0.909517870267326
0.441818498886841	0.362263894506858
1.10012610702112	1.44354731514766
-0.0532084257524735	0.0391336598562763
0.733584982951811	0.645301799496359
0.949125984890808	1.07140815312574
1.14172104146103	1.32168463048555
0.657028784627123	0.660023781118095
0.783797726627156	0.567123856894987
0.291033949980284	0.25256923687549
1.03099339286851	1.15783885576085
0.684614542931858	0.776372953053349
0.0753443671155664	0.0533890083302205
1.32152393531504	1.20205670379302
0.914649850800678	0.940740612812484
0.958532273017535	1.00929090167361
0.274721963213707	0.178299693741722
0.333672177244134	0.313141975538161
-0.259217859485922	0.217720782789443
0.913918117074254	0.795052646672379
1.22258040351996	1.27366669923438
-0.291926492465424	0.211923949428682
-0.751430801438942	0.489670632309907
-1.4798954538973	1.56587904851286
1.14611882814418	1.11955486113176
0.86014086550447	0.84799119021865
0.615382428568923	0.627263645881617
0.537989240128533	0.455127647439747
1.32308372553766	1.95217483105827
0.276009502014653	0.205161967125379
-0.232500029867204	0.160553378298602
0.734543422756356	0.756117013465953
1.64367052466163	3.39543334370537
1.31837789160637	2.1259927817196
1.47178343356253	2.32615811301625
1.43958997531467	2.57844785127933
0.813767627361793	0.896635966333276
0.897463992348482	1.1975946231179
1.34169916975645	1.90746905293031
1.38554176030312	2.17051409691203
0.361703001613468	0.224531827192478
0.344507850858514	0.25592479339339
-0.0910833591097431	0.0465044070393717
0.463427650696315	0.371410929443578
0.643201765220404	0.734870666563636
0.12104752658746	0.106114417771761
1.16714343419526	1.73917199618538
0.689952753639002	0.782070120542618
1.1888721274086	1.25715242805145
0.874245742927826	1.08361971647144
-0.151356449286243	0.100482420431905
0.811095766499593	0.924916222339184
0.374930505686686	0.295437946641582
1.23294786949496	1.35050855531011
1.45192689496682	2.35008915169402
0.823777125208199	1.28789619671986
1.81730658517479	3.50129480435459
-0.182307082356607	0.127130299683744
2.65089147303314	4.12358257571391
0.542595814194882	0.321582370715993
0.639758608280095	0.455540132614904
-0.49763035148429	0.342006333398975
0.409896971413195	0.286152574644261
1.80830170206598	2.80748634214552
0.653662003251008	0.653916495920455
0.74157473508712	0.869273727363213
0.533854668165018	0.491929653895901
0.731058928606006	0.567445228481846
0.258538368280501	0.205167926139037
0.259264730505775	0.193234626047591
1.29647736353692	2.6338074288627
1.26847586550342	2.7981973307323
1.19832499038283	1.7912431495001
1.33096903480494	2.75782604109999
1.03280550397219	1.92989668952073
1.38493321527161	2.60571604589678
1.19892552919237	2.60691904136698
0.543914256798356	0.60223579207243
0.696078286701398	0.889220224571729
0.211033572877931	0.180118294137879
0.631117837352712	0.691849391137646
0.137765320567309	0.111325765968941
0.8101839966587	1.00163037082975
1.03385387313526	1.16426227004001
0.968851333530422	1.01701867758476
1.22849622692154	1.33540144929466
0.414170264303205	0.443531160043609
1.25109520050846	1.4714839980787
0.908052880856817	1.03166232600639
0.961450903301522	1.18678427044345
0.291257859236488	0.185355109434653
0.17698221377067	0.130669844127225
0.328528247984787	0.244156529375204
0.947162193055726	1.30963367639681
0.427742695736806	0.362728706254042
0.730667267125809	0.778960266648872
1.20568430875018	1.79501766405561
-0.447584383162808	0.363165332384963
0.432326862514352	0.328058080370922
-0.421603994164517	0.24047573193511
0.323857787126455	0.238379674895636
0.168289488190138	0.135798305297257
0.750013319041892	0.681096816167505
0.240213377619697	0.197010793552809
1.20632065890389	1.21724152985755
0.926411890648237	0.869532974901414
0.142798190453734	0.0999012513457205
1.24368814644828	1.56176575819395
0.727242926949915	0.887353435833204
0.379522355168368	0.268718551093392
0.533395924699983	0.656557375138369
-0.33486824611695	0.197415880001366
0.307091141211621	0.21051734892146
-0.296209049617324	0.175601892928102
1.44867799574169	2.00801626318795
0.635745954635477	0.745649728505625
1.21627008070836	1.27722127888771
0.668854686230172	0.550727643756926
0.816063275236222	1.00495058333026
0.541903313327163	0.350087271135505
0.645562678693231	0.644923732832988
1.22897594718115	1.87683634571898
1.68158532096352	2.56572792485719
1.7072660139523	3.40096566071278
1.45288580599741	3.12046650687694
0.906750521579074	1.05573785299225
1.68772775668255	2.22620266783187
0.342302204553468	0.316273933774834
1.37609102226263	2.10515137454196
0.692472582415637	0.804974476135434
0.121546388112732	0.0599519794094242
0.0950469257946104	0.0591623279607352
-0.175872984489422	0.0953843080981022
0.00934130376333051	0.00668308172566275
0.452098323215549	0.368434869710069
-0.228735611621771	0.195271960893164
0.996464359416149	1.45937483758864
0.831795022690706	1.22167541742952
1.16030198647585	1.5717847809596
1.38740227915597	1.99860859472576
-0.188643196226266	0.14412927327709
0.823011994193121	0.775116929651452
0.421970746765014	0.428133419441445
1.42414949555884	2.28290107578981
0.711082927276586	0.946342670411001
1.06130295206933	1.68478327438609
1.07127762253005	1.97452813353534
1.75053059505953	3.34738381036039
0.487240071324079	0.38209214545448
-0.0468724850842826	0.0278015423627505
-0.0259772714826683	0.0167155407325065
0.710605432907319	0.70942690201216
0.681948122487413	0.729636013981737
0.979090274606021	1.28383241265759
0.354866372173375	0.311383815466351
-0.0451068473518984	0.0294614412804693
0.651025944372493	0.671627812092136
0.155790027981182	0.101023835139209
0.221053443277862	0.138570944217711
0.775491071690364	1.03435950967597
1.8276104062214	4.31729440288886
1.81981753403698	3.71107562691284
1.09652297722118	2.07013920220494
1.06962132152778	1.90541843250185
1.49304434627774	2.66301350935728
1.02887471782902	1.6562461438362
0.820024915555041	1.63633497734133
0.40589276773387	0.433274732707925
-0.656457276079693	0.706742317231697
-0.0526520876277788	0.0407686756441193
-0.374843869465975	0.303489136707145
0.882938531064199	1.22336853781138
-0.133160980824727	0.119634970441386
0.288548015534248	0.219132034943831
0.243434473367088	0.209278848903904
-0.256005900036815	0.179887565794811
1.12151360993343	1.31472144001062
0.307261829144188	0.198850403114538
0.57602586151947	0.653989793735362
0.298670189914613	0.238160798678445
1.44361835666597	1.31769837857274
0.0741766369878147	0.0439388189466014
0.914855542835093	0.843451286448973
0.83671953320573	0.835895571147929
0.708419654889423	0.584705024569678
1.19032729106263	1.36032925747901
-0.668521554712004	0.460498503824522
0.633334453372298	0.52029991411702
0.61579451554453	0.403074082526721
-0.416932344649971	0.239471665312801
0.270559892805033	0.192400899274563
1.21083714552145	1.33222858309931
1.345364004395	1.32282984111975
0.495969876091645	0.504740894288665
0.959276869678316	0.949532646394604
0.294303350351387	0.220841656096847
1.35638004051717	1.45949861557508
0.845798548427255	0.35138026186633
1.34839108295522	1.36282820476015
0.313652424711617	0.230021975429825
0.78884162332026	0.852537742798742
0.489587440313423	0.397432148363869
0.287587842433801	0.194300559034916
1.24901856181495	1.32680438904076
0.447153701066338	0.306780927596594
1.98740042126564	2.5172405027014
1.55760249332507	1.78164701093761
1.62019017518364	1.66567868761477
0.398380833340454	0.204351086332451
0.898429327263922	0.940954514415616
1.05944055509399	1.55503024659656
2.28774892956679	2.89176164408282
1.16820690945614	1.34595894707297
0.762910506423072	0.694368604063312
1.73727068310044	2.52799507993661
1.47955864393264	1.9387907982627
0.664422586574195	0.580829902806967
0.0186678087854502	0.0106188672214859
1.5969451167627	1.87386862959062
0.495251177537248	0.391138067003709
0.199582072370736	0.149407412135981
-0.482542035342428	0.258434472682129
0.85153736711929	0.825696356683705
1.03552050026995	0.981281529968642
0.454882887868903	0.439281156267569
0.091854981872334	0.0628712241340072
0.0280320367043952	0.0105891400890204
1.53028944360266	2.37428004413698
0.0624905073510301	0.0342063505586107
0.619562614609368	0.438694862592093
0.755517938855088	0.59537806345439
1.45564126343174	2.10827916548449
0.702096104211777	0.57455956542615
1.80747694042197	3.83658778485997
2.64036060787664	5.15074178910805
1.62654907816354	2.40318306570714
1.39266599905069	1.72589388947167
1.18812211384038	1.00439248763684
1.84398482339637	2.17060421021358
1.19991188812353	1.00825831147408
1.7239485616817	1.66261924152602
1.39537857227467	1.77280010812953
1.23864542995447	1.86780852618675
1.39398781009876	1.80522470656517
1.58614997601836	2.22551357967924
0.74699952222593	0.781545655728926
-0.0655755559092971	0.0335431027311914
1.04604363833927	1.34243229118112
0.234247863798565	0.148662431124342
1.40561717840723	2.05686604576286
0.906178087575719	1.13427699737094
1.70280251768065	3.24020574396106
1.40956471455839	3.20127571866646
1.66956522923641	3.33627485351687
1.66352766844062	2.71268243015563
0.57981046290721	0.720567131149129
-0.55827141731858	0.474871312717314
-0.0682640294774655	0.0392923247481637
1.21087683621254	1.26117512891193
-0.184256624649144	0.106155780498415
-0.53885650242704	0.296782830679914
0.705404844895849	0.657008826067605
-0.589821905765067	0.390933980460845
1.04099207336713	1.38461187842828
0.114954806441428	0.0607676023262127
0.365884869095478	0.24211372612302
-0.205040808575062	0.136890245987514
-0.0314816415252434	0.0139100008028188
-0.17369009792852	0.0929051157682866
0.0378545385638792	0.0178685621936063
0.127274752383103	0.0724053449456208
1.45749421785938	1.14015067440373
1.23507303167655	1.50042743291277
0.824560296460104	0.750727463708451
1.1056631865795	1.11635581372122
0.727315811740217	0.739775550221851
0.456159729468063	0.418808154029531
0.85721432249709	0.839304936754372
0.661569141383938	0.690380845787292
0.531126960998861	0.44667824240204
1.01903566516701	1.58460743849369
0.410090089675552	0.452987815760995
0.941824600760528	1.1725015466009
-0.0563977767845624	0.0317751893177167
0.915616763923187	0.975888498202934
0.554547779947622	0.437460067864329
0.0271643632134493	0.0199511897183113
0.486593669336081	0.377638049107288
0.979471408641361	1.17954076127374
1.18392044012107	2.05718345328022
0.535202408698278	0.474066086061468
0.980724401243622	1.04925828340455
0.0489249583490342	0.0294545101092156
0.932790007334167	1.39632361572813
0.308419953339093	0.246530019033601
1.18947372119988	1.54123606519142
0.263025477817902	0.234777878028195
0.306037403866146	0.211748890803013
0.274501574912761	0.186514365194351
0.99067201266135	1.29000335065811
0.545982966121895	0.488711487151047
0.403233380864212	0.429930453216778
0.827393184473813	1.05688066163643
0.494210370095535	0.541629549821874
0.963024627047497	1.53112292754034
1.45589866737289	2.73796918271782
0.625125761442905	0.775230512926309
0.308178115310958	0.274557295630447
0.265782169070939	0.222506012102683
0.669386859233231	0.52122337961524
0.697758674057882	0.675050373971375
0.421384648777107	0.284332834239779
0.277944009585253	0.16866870502066
0.808881943639473	0.51690768883805
-0.728746535784486	0.586550667231938
0.245612006347284	0.156964066723888
0.836366980338514	1.00661365877597
1.27944591109416	2.30160592189453
1.13688777061604	1.65904225113237
1.85912801584235	3.24236423114919
1.15826045629419	1.57434220756196
0.890518291923589	0.967386296507414
0.865248866596326	0.845009323439147
1.54702263319093	2.1748803780253
1.45236528242395	2.29318898416357
1.0452443929475	1.76199518582642
1.12069280449557	1.92023245707476
1.46855549007217	2.54097988330929
2.21357497395757	4.72693712082887
0.444803082494124	0.357486041749591
1.76196638310808	2.70470079131934
0.98855859973017	1.15319507238051
0.635658498399714	0.594832032819689
0.508249289057029	0.422793369802548
1.43760677319328	2.56257101653243
2.2163025785764	4.9729534515061
1.00819642902627	1.62996821591122
0.836723545166697	0.966437406843324
0.656512315201927	0.552140803699822
0.937984759231507	0.942839470025121
0.361574368844258	0.308172328541278
0.985980821372781	1.30440971358113
1.10663747002611	1.88628331366855
1.14219644830141	1.98485100970644
1.14976021422804	2.40327565080504
1.22899096025584	2.24549034638601
1.318455547169	2.95708510463825
0.760145815105264	1.14800038403286
1.04182465791828	1.64743909390478
0.111758759132426	0.0776534812314333
0.544538989738083	0.476502452882707
-0.0527556399300373	0.0365909636355117
0.860724145404514	0.892039186875313
-0.319818288133962	0.224295232471184
-0.0901377062848725	0.0492544640045516
0.285974920545004	0.192097522621529
1.11122314883624	1.72970014307909
0.629294682279916	0.697357075299806
0.246005976564507	0.20806105974347
0.411813094054111	0.312362984883173
0.413833506993317	0.324200939598651
0.398135689546249	0.304231966343356
0.30026865782896	0.24643134337038
1.59037904761115	2.13445927046675
1.71557102749288	2.81936834066139
0.60816486427366	0.420414734441831
0.418575694891401	0.404966595912299
1.01426817007735	1.05454589563415
0.00956219004809062	0.00681845207376986
0.931410106775833	0.959551293754052
-0.414084049908161	0.241539819107447
0.341998575455455	0.239406866416985
-0.0410085500942679	0.0243890152524871
-0.399607343662686	0.202170190502243
1.66296658718666	2.06449100097452
0.267963683329969	0.18998115836143
1.07681913024745	1.23916647807508
0.703682147313995	0.685868791059295
0.195272558508146	0.128585005461126
1.23487823032871	1.23050050870859
0.338275632893176	0.204728517324532
1.55264469454334	2.3025129543123
0.787989284984664	0.756640516976935
0.427396152677029	0.388530513834731
0.881422511112059	1.1018571715859
0.691064892473937	0.612468931038353
0.663879612993395	0.503137697051795
0.483787309167023	0.422331087055184
1.89919612250003	2.67668194851537
0.22392505211011	0.113060254622633
0.595988509082955	0.628971050240901
1.01407066674725	1.53930893006508
1.04119852926412	1.67020938886379
1.38284954602027	2.37437307615147
0.0304506902514534	0.0174678838888751
0.0980808195293512	0.057776962077196
0.784158174661069	0.952507151589723
1.36111565333448	2.05117417497819
0.143830255463775	0.0966845409219772
0.914078402807029	0.79215852247635
1.61941702892329	1.53212032671474
0.831606023842379	0.564900477428928
2.02473518714349	1.52007022750635
-0.308271016165415	0.147163331387688
0.355436120092645	0.235775484938719
0.19865663754298	0.132291086680137
-1.39838724340706	1.17360549557965
0.906093455604778	0.797151203891156
1.6204807754613	2.21081507672725
0.197567603518053	0.123785380320374
0.630482639040503	0.311041179174404
0.740876441600465	0.454518341017799
1.2227001408402	1.26365220529059
1.0455796194247	1.04970349619802
0.932589901650188	0.993221578558667
0.876997719170829	1.18076667579855
1.73251223006207	2.60653896548032
0.531302863747935	0.51163219710985
1.25695971266316	1.59430037919368
-0.146556337712898	0.06812528277092
0.31526114179961	0.163773654827914
0.203709721865074	0.133932465877994
2.07959224172732	3.13600176105522
2.34335768018632	4.16112037772408
1.1178045930816	1.27062317479618
1.60104169957995	2.79381010518555
1.08648316186896	0.965010202921405
1.77837581378896	1.68678804778894
0.268442947676768	0.21455938268658
1.40608038426255	1.79408398585527
0.851593495566953	1.14886442970635
1.22558180223292	1.77647537665673
0.447425881325454	0.470856677609872
1.24653202215727	2.59042985405694
1.50140698737874	3.12600944244742
1.2099987878999	1.66071944477783
0.414823051607698	0.451438923808639
0.515440899151641	0.555009512739701
0.598468091085314	0.574483698661743
1.54468542286991	1.96104408757078
-0.310522108778223	0.201806722872373
0.959233227651457	1.16049252900001
0.691477379582401	0.525860484302209
0.295537670125256	0.190627531805415
0.679999575081766	0.586987671545176
0.822602359492196	0.706306503145465
-0.48082272872483	0.381253609988339
-0.202151138557301	0.135518769486029
0.645829309920575	0.58936759125606
0.184099108480321	0.114233521401452
0.322317044122423	0.135299402199494
0.916308624636126	1.21449653233645
0.213633449268933	0.18546604782512
0.766719979524028	0.892625876966633
0.437240422693032	0.400093395234241
0.0918265701341066	0.0796122099046813
1.04103344994622	1.25564414901532
0.233046543434063	0.178899984207335
-0.34682619051529	0.317546626658721
1.16841565342118	1.82984805010307
1.02965467885855	1.03053338468687
0.23097153117748	0.174611659299434
0.632690277056599	0.798557018162851
0.015621400620438	0.00904070967784972
0.584460029196915	0.549599427124663
-0.306647430099769	0.197701924180239
-0.0599550862340103	0.0412295035077227
0.231264674326384	0.201707699677873
0.137723856834556	0.105633439970177
-0.481917400743188	0.493914562392938
0.461559339570438	0.379940238528974
0.411508668749247	0.42789024522212
0.76922333476388	0.927110089188182
0.328443642296595	0.28597195792648
0.866891060441556	1.01532318807619
0.489281008794098	0.422784974160084
0.784125690364857	1.03443078956785
0.627663808294052	0.668812598185271
0.783703813709938	0.987094868048828
0.993620959080109	1.32492819280948
-0.469573008349849	0.474744418887027
0.491699786667377	0.61861322179646
-0.0766611505770646	0.0614418632221595
1.17207537627912	2.10703401080555
0.560605350554996	0.560535402400719
1.01390907864306	1.55455300124866
-0.0590016839421305	0.0399171160516541
0.62131036867322	0.666779381909829
0.208555351445763	0.143315860581901
0.232954629907035	0.186723671930205
0.38347315222992	0.246445504208932
-0.440006655217987	0.498782601167035
0.247435872111684	0.185369043778496
0.224585284943767	0.176769250055041
0.408777829280756	0.366573578997395
0.717118950261147	1.03644438163029
0.727674554907145	0.908671623426809
0.520713972282917	0.490179781410361
0.963529681026632	1.12817681766969
0.676665237295089	0.594986119185209
0.875756918997904	1.02763548364491
1.1830939196106	1.81330505016495
2.1689173223514	5.2657386301014
1.28912963175511	2.82682987595524
0.831447181485972	1.14721316637962
0.787363766308239	1.15982755353127
0.100463900159495	0.063255062665012
1.40817774882691	1.74853505002944
-0.461817879936093	0.400437640302077
2.35333868945784	4.12693634977624
0.504646709309223	0.455037316766532
1.07910701798351	1.49199205184071
1.15183105354577	2.18859530914988
1.0716869174247	1.88512548527051
0.727451426995031	0.862854256948295
0.523380444438352	0.577586982043659
0.823520068584188	1.02871281181094
1.60992925276886	3.09313365617622
1.2302883576833	2.26985924542769
1.6731991530308	4.062931808213
0.574701622751513	0.687321336969974
1.23263741156597	3.04450941107201
0.682927025923032	1.07976115207989
0.975290017424489	1.78502566950701
0.453044616782259	0.63771437383431
0.351521512634044	0.372484170965394
0.658868752518477	0.909161200772671
-0.554396312778997	0.724014649601164
-0.0517167388760291	0.0337054033908784
-1.15068051934974	1.5871123417339
0.853572243131552	1.02247051004149
0.411413722284347	0.312488202230205
0.444662834929437	0.446222889976826
0.30440426327086	0.232141685876782
0.227849497715713	0.214970280121424
0.18227559213186	0.146322192472062
0.494606240658701	0.442782228790143
0.277947672276902	0.189504605491262
0.398148353228171	0.335805125012127
0.947014274958471	1.0366520194659
0.855179740615044	0.842731396632473
0.55764397960324	0.650659250174225
0.657830941903862	0.720281734361503
-1.04753768363953	0.962744833347951
1.13912760931236	1.39061016538667
0.933872070665014	1.14938520937878
0.61152994936327	0.712151778653942
1.52690684632804	2.71793842097643
0.531845923173171	0.630633002206908
-0.248506303722776	0.209699231323013
0.269999181815539	0.236023819255691
0.66645135347022	0.671449006609015
-0.880407705422622	1.11560540195444
0.50741427482404	0.452024548176825
0.630226653768219	0.582336264655458
-0.631280217776383	0.662794265053737
0.339887628161588	0.295989871122381
1.13522282602898	1.83595901098948
0.188619198119207	0.131723690623264
0.355533017542867	0.346713671705912
0.120994765938699	0.101167964233748
0.279049520244739	0.200188039698323
0.98244143061747	1.03700635386968
0.714354028643126	0.899155268281892
0.804935869853446	0.849766280872976
1.15693241178358	1.35448066749245
0.413328900711172	0.345351014069117
0.703181926750387	0.513508906633026
1.0483151264892	1.00765796834507
0.603310630681222	0.652782137563916
0.172809321360661	0.13343819133956
0.943290481160922	1.16979203709287
1.57030495328111	2.5812750366608
0.367969146866219	0.2916315786705
0.721710239316719	0.68502990687034
0.890194495572527	0.996158319281035
1.69290851497043	2.77497634278431
0.842653113341525	0.984045564424829
-0.0933695617242716	0.0471370776192715
1.07512008564982	1.2152071295421
0.412635011602897	0.353180760163318
-1.15711727038631	1.14618298135594
0.295803343553633	0.282990067270526
0.519155653891172	0.749895548721537
0.935550714063076	1.34201417565568
0.616574680830605	0.856246866316605
1.32788453032791	2.4118333750019
1.13304790528803	1.23232941214201
1.07184159935917	1.38455205875566
0.894400566270993	1.10110016673817
1.45970861373645	2.92986811708277
1.3228210395587	2.49404198441097
0.949507614927448	1.43763612512775
0.768364537027088	1.24105881937279
0.430859506107337	0.564996026990283
1.68173089054858	3.47847093176167
1.02552571632219	1.44144295939856
0.759263761020275	0.78778545149749
0.808644080530828	1.1725861883757
0.641056639222738	0.7719304507377
0.96966175723622	1.37864020586207
0.79102948003361	1.35335487634086
1.48474179795272	3.13816096873435
1.30752865819543	2.19432760233629
0.838870406012383	1.46331589720601
0.945791432630953	1.65107456295687
0.731386860838712	1.0027854468917
1.07477932616071	1.6598820595817
1.88420065287943	5.02778284155458
1.54609860794701	3.69887822132212
0.977487066863624	2.08151784468325
0.861057618186473	1.69973578070466
1.06127871676782	2.04880731116323
1.417799902141	3.25901415954591
0.208343398289869	0.257038011501544
0.476844874749775	0.645941627213817
0.148157186770326	0.138407785154898
0.287902944821482	0.340149102650998
1.0252843713613	1.50156492685801
-0.0880322829474208	0.0749494992078933
0.944630148482674	1.21389497672635
1.11769383127422	1.47605442057992
-0.2092723325978	0.181057537720999
0.716717214295414	0.87704339540145
0.74076086300911	0.78654666479382
0.576837947342602	0.511387643663697
0.270133258741889	0.199858699544392
1.12688902268186	1.42288674273315
-0.178686238167406	0.120496204975066
0.110826383323872	0.0798505530947261
1.06704634673126	1.54085750337513
-0.160308656708336	0.123661789543415
1.05353841399146	1.5591014001857
0.325092924222296	0.240559169064917
0.618171781369161	0.688338732798444
0.7195957160482	0.792328489119281
0.301235043866974	0.252743793616928
-0.844202364837348	0.75564594335733
-0.131198082668755	0.100134744362391
0.300087390820103	0.229630225580231
-0.200675008441342	0.133295816674918
0.365054175801143	0.288100712886845
0.250967599715621	0.202182738668601
0.159052566595769	0.103164601106226
0.24976345760435	0.15852099986868
0.62811463681269	0.694531042846376
0.574392446276265	0.432825825345325
0.447605290168054	0.385271835864379
1.06293196036045	1.16276005741719
0.795047879365358	0.5780811391757
1.20408378934681	1.67566939509837
0.776179881737108	0.767636677338342
0.685519254837902	0.492787424738823
0.131100671981932	0.0757022875961921
0.333221984021596	0.142886256280348
0.313081687234715	0.228080004905866
0.226233254240741	0.11303642796086
0.128087695963793	0.0733879679107519
0.865698629226462	0.592722728716849
0.422232487959165	0.202402620287726
1.31864601539699	1.23276721032398
0.89983470744563	0.775361026578768
0.14403200859739	0.0936571777553059
0.371950774117235	0.294039407211849
0.664383151700122	0.575889156448442
0.608171038013037	0.391903404438402
0.0642827721378296	0.0432731763594313
1.44214576455612	1.64501060387008
0.0230761342663388	0.0133524764709997
0.109249584283175	0.0847990210413381
0.47646091590999	0.454450901178976
0.376156910907349	0.364960788878134
1.0076011596683	1.34425133310147
-0.0376398693511434	0.0294555683219957
0.984034733550216	1.42597176808697
-0.0504328415747416	0.0426219321881406
0.68232936439876	0.866668529930603
1.28589925751034	2.13389773925625
1.00841384789134	1.33482003344524
0.750581952122953	1.11261549426618
0.619554485363361	0.865008647144633
0.651727017168466	0.868365897947864
-0.406054138669192	0.445194092588396
0.926310881403535	1.40297959036363
0.724402987357445	0.776645024018966
0.596133898460393	0.891522348692718
0.973328575861502	1.78072941197903
-0.243920485087803	0.205053156574112
0.37277046938881	0.433196469277922
0.982914168666209	1.81776417969982
0.928323098000866	1.86598780234306
0.755546692803947	1.14166861336758
0.740174523718341	1.03948771276639
0.886768114277631	1.29084511854145
1.10398125780409	1.9910208719387
0.17102400817797	0.165473143876169
0.472042143982757	0.645503517476868
0.833422418762839	1.24879053727987
0.406779550412393	0.488702086549023
0.256168237057212	0.314261253876297
-0.0944321619896978	0.0918337140020669
0.205241156355049	0.201996545505651
0.744906183883871	0.860842738623697
0.499346855514015	0.671018607541236
0.553135169975859	0.496124405886815
1.14285559727069	1.31588807736746
0.543412389618001	0.462178195720373
-0.785356864473743	0.776994858133403
0.835606211943182	0.779972166789253
-0.271902323994462	0.205856446514551
-1.0139116977593	1.34848512745454
-1.03115506043582	1.55939977754232
-0.553875794913336	0.394382280348554
-1.34472112236719	1.32420586866884
-1.02571291290105	0.801592807191305
-1.91826638669941	1.81795515938816
-0.596181661180979	0.651642691700866
0.510705363584264	0.456952576617087
0.339221770619325	0.256946097070854
0.228377445138872	0.167164178113791
0.181263398149523	0.0973056816981503
-0.0466338042618275	0.0275230580545826
0.295665392870629	0.17636261426018
0.476560671133656	0.368565664214092
0.788273333684612	0.67236054782601
-1.05389827270891	0.581891335001248
0.279551836476145	0.207179285201573
0.52901495477856	0.360773301485207
-0.054985800110988	0.0261734310927507
1.67332003557598	2.21137893582424
1.32976950015858	1.23769935861545
0.591459659692548	0.507226999849518
1.43841579145627	1.57696627650532
0.104065298945974	0.0498068096638186
0.70986527355945	0.71297765021604
-0.608190559782486	0.453917206392927
-0.013089127825794	0.00618655557875783
2.06672917483425	1.82374691079267
0.284619742487313	0.16943594135515
1.01101690007659	0.958641490465384
0.209541898018777	0.145359885770905
-0.84749781785964	0.663346921752475
0.438317611311538	0.438053092591348
0.438137551280124	0.314548856572704
1.34883060133141	2.56004865810166
1.35829348203834	1.46986178884342
-0.416532413544751	0.451379309863764
-0.123181660804949	0.0890196115077727
-0.0716323999270836	0.053375566901874
0.569179298788381	0.630630199881155
-0.898108412565702	1.09767491647489
-0.808215978681669	1.34701526175153
0.708122437374645	1.28726358534953
0.452390746222042	0.698002159938879
-0.0100357615488408	0.00811645148458338
-0.307360841683291	0.315351709730101
0.00798463891113421	0.00647706606101447
-0.300591201329339	0.284921105663975
-0.0681336474795399	0.0574989635861963
0.374006452027438	0.421069283820427
0.647467839433652	0.949146540695027
0.0723950109512564	0.0723437182974217
0.50944715026521	0.858573319157175
-0.014133141079003	0.0108153651278862
0.0376816405827772	0.0332902616746501
0.300091663568059	0.286703636556792
0.95080323320146	1.56442510309635
0.13254068381395	0.117701113780685
-0.0607528034645281	0.0537773678110817
0.747207762895383	0.813753613371042
0.843014351362015	1.08905895045853
0.489329522499972	0.476580123521101
0.202080393295232	0.162598200407062
0.296429891520691	0.242029556498775
0.719847169577307	0.759388965808485
0.0117454070939609	0.00924745957950665
-1.14654579061257	1.69293900087556
0.682965015405482	0.723521882053734
0.383771546974132	0.382995415976328
0.528199595196555	0.38901703413767
-0.120597128218331	0.065293541572984
-0.0719406029311832	0.0463889219949904
0.278635635893029	0.218304777457369
-1.34393404236022	1.3131198324132
0.549658180709165	0.554438317215882
1.91211314980866	2.77524028628058
1.48681881450971	2.34668430291926
0.706748700891346	0.510345539899273
2.2016398982626	2.64782142449322
0.935970399283146	0.872828404879277
-0.650391659650445	0.451223997155697
1.32440019913138	1.21452362538138
-0.303992775947423	0.176269933903707
1.09572820196948	0.987089124985367
1.78954213442008	2.7327316003752
1.50398221661635	2.03014815801035
1.69787910786141	2.40618880756912
1.35064017496846	1.34621562243267
0.7838825066416	0.572444126607721
1.23306089899828	1.27220748530611
1.44954033461315	1.54920944117999
0.186182873596052	0.108585771927763
0.522853121433066	0.335716057555978
1.63856254084237	1.55117080486916
1.79965123530445	2.27230283225879
0.377775387313538	0.232894594890742
0.78813229256683	0.566517559011427
1.32162455688638	1.49638394004446
0.424566711378169	0.220500359809284
0.646336077669905	0.557302925303091
0.733297334667017	0.556501062385249
1.70736746534055	3.55642556134684
1.13065630074257	1.50985194990838
0.150574654023187	0.116988414571129
0.438394140857908	0.510665520082229
0.93414869525087	1.15763951177218
-0.145454865489845	0.111971251452865
-0.163382742406741	0.143666475361263
0.106003932701044	0.102770876733612
0.0136603145460343	0.01315470653354
0.398839230293606	0.544689071261107
0.176088217288904	0.147666481104934
0.668799283628764	0.982021457216524
0.48941772754047	0.666746108862933
0.0928216414747575	0.0827765775834499
0.366162173363522	0.446632074091636
0.299520275163082	0.289258692365664
0.63748745288448	0.975195994721115
1.45716960049565	3.3996352623238
-0.0674731678169321	0.0593736542216313
-0.177048553427215	0.168981677785546
0.865456244081581	1.42974418978053
-0.272655939175437	0.258550021366319
0.375833010888631	0.484174789189576
0.358176871859296	0.425620750632786
0.937792567392524	1.10957683116466
1.01204619503682	1.65954949314018
0.398585283815212	0.374603431321331
0.958657709839412	1.07073897110139
1.15406812428653	1.28843232645015
1.05200029634879	1.2656136934393
0.391708531560722	0.294601797916967
-1.28278749727808	1.1725377672386
-0.161009081342441	0.110809556857666
0.537064930199403	0.557198846949634
-0.550030863007473	0.512828368794651
0.274108185296622	0.261289563409458
0.456503643907828	0.483695230445275
0.133900557600301	0.104178654830419
-0.367014730499828	0.281728983315085
0.242655033701211	0.180078120903992
0.131257842757646	0.105619085750103
1.34430856845418	1.61165300948605
-0.170618588205096	0.0975533865057464
0.448346188012826	0.302802855401351
0.106783820971631	0.0564234443325542
0.899143557208161	0.681943272355118
2.38798816512751	4.7632904225212
1.59538988973248	1.98489781205776
0.989953603714853	0.75084021080269
0.618792782377985	0.441630039983455
1.47171558922693	1.38503747099053
0.986290234460976	1.13997939596956
1.93734160556547	2.89437553174787
2.29930124237081	3.2899272381405
0.859347353764019	0.788674767114819
1.8296072662165	1.63260593891221
0.295913198983161	0.149723493652252
1.11489213209911	0.800182251677216
0.622483955827277	0.446590630085453
0.797039427720509	0.680238614579561
1.32982001552519	1.24508199650721
0.075506541946974	0.04905192220087
0.522730549322312	0.393570901724683
-0.0676500963698554	0.0320252208195665
0.170692482427456	0.0764602789294321
0.604335467276603	0.519277393893687
1.03565584560018	1.27241049726925
0.427397272931738	0.247142956171783
0.0183983906996755	0.00682299311513702
0.267985570868915	0.217602034276809
1.57070753117082	1.84244683532157
0.141955147489792	0.115658828970738
1.28750215723712	1.83955047803516
1.7175362155436	3.1317780434926
1.15225406553294	1.45464446917609
0.517409382964307	0.574103438626873
0.749499134285115	0.963356997245152
-0.277348476183619	0.25732872206739
0.577757187229574	0.732187108830167
0.553444124786787	0.698399845715003
-0.136865003264224	0.151444975205395
-0.530779019967837	0.629072302473742
0.621481420466745	0.922970768547632
0.858059965918909	1.46446596458017
0.264054561415487	0.283847539622356
-0.00864906397200856	0.00721194985136276
0.345494198355501	0.40717431327828
0.733076702483592	1.08443622958777
0.954401429612603	1.48605856534101
0.184248027938966	0.188576681468593
0.80091273797427	1.20213040228377
0.769066134261506	0.870886030710483
0.361743466251799	0.25404877854283
-0.00424983647527432	0.00236999935022247
0.877661049115638	0.933530441781268
0.420389515491178	0.298019090563353
0.212086991988671	0.186965241871202
1.26588384774525	1.4931400247775
-0.620307966601704	0.571569294191923
0.246832415066737	0.216968897205987
1.145346834419	1.48384804971465
0.0597782125778969	0.0508778159719976
-0.161402289956515	0.148763294781312
-0.347070999076429	0.316430434427055
0.00415201262638011	0.00199887564245116
-0.529104893385473	0.390068364940066
0.5058891817159	0.441385661529327
0.157538050022002	0.104562104269179
-0.0364073690915921	0.0223564056430959
-0.979331943558241	1.12497356516866
-0.48343228256685	0.296374407524885
1.09844548140625	1.05114393464788
0.909955985300597	0.79311449676143
1.25152841920052	1.31634862011103
1.74244234169029	2.61918788505427
0.432655244634197	0.308576322119121
1.14426017036957	0.790908052661636
1.42463823136553	1.92589442106094
0.14753183174947	0.0997354851277901
1.04715699313144	1.23572920231614
1.00625491207081	0.955629580556812
0.349510789865057	0.255988859590812
0.928091516839077	0.720420704510937
0.275089559844762	0.15243040058283
-0.0422352894943208	0.0201868304778542
0.969783306364579	0.644681307057863
1.02504962741921	0.777299223845475
1.46459638431433	1.60789088510097
-0.661754218942535	0.458305959294019
2.00104292499632	2.39512034133099
-0.741477773908638	0.408260451636178
1.00628767634281	0.747841469623558
1.20523082432082	1.0662020623236
0.555119961855898	0.443477338781698
1.33713067936999	1.71238398081883
0.454037462745318	0.283657826501238
-0.669430018869119	0.246362780889304
1.45041340036703	1.86192770862656
0.238984723875745	0.128404056937344
0.80217734580673	0.888113442388948
1.79184083099669	2.61046445623825
0.465366604973239	0.42663588149338
0.562186697736215	0.620879088464759
0.357330561136843	0.323094480558478
0.00102293854422668	0.000512867318475903
0.176676324195114	0.171317621433614
0.21096056876551	0.196852425979877
0.921430510888597	1.794377667861
-0.00628894355229345	0.00529534955820912
0.309238765571767	0.31557664325605
0.150636981414801	0.140430774943855
0.276570760369604	0.314457771504195
0.136042863215082	0.123573244805887
0.293549931990361	0.333437600145118
0.111212496861565	0.11854349049323
0.551179573827936	0.760197501882492
0.706834879137657	1.25420508523442
0.667254274115071	0.854942169765701
0.468063334497671	0.478311051025733
0.584579641283402	0.476792599933958
0.802360598739995	0.670541902391847
0.66860946161777	0.578627390377891
0.663783136803884	0.584538977406793
-0.0369333424961906	0.0222296145231194
1.14816223508479	1.11743958472454
-0.00786407229145356	0.00425857919639543
0.0604931977759922	0.0377455061807999
0.0876749200676557	0.0563437356684032
-0.0547213504220089	0.0306878704647722
0.477138758161936	0.490468985793935
0.196241562150493	0.141909932930398
-0.69926227778761	0.771054733398259
-1.07056159699064	1.09273524086154
-0.9524633264093	0.69306657665742
-1.24382114951532	1.12807013560899
-0.675911259041805	0.523912046233842
-0.538908519277044	0.386176541401318
0.172543611298465	0.099418160945414
1.02377408113409	0.785708964277205
0.362558185144016	0.219375058382441
1.24670215551103	1.38145219953798
0.929649069063241	0.798049070052486
-0.179133139246824	0.0961128329826414
0.330221271611983	0.170630907670168
0.283328170041587	0.222375960967965
-0.200858325088842	0.0980881455937896
-0.119511578406435	0.0598982286879595
-0.132781732725266	0.0612020161517877
0.732132699719855	0.610136522118581
0.494561928211867	0.391002072674255
0.941140224329544	0.775454265941644
1.2630426384266	1.32872568918686
0.191900493256885	0.0852688898914767
-0.0315285633021978	0.01513185079781
1.47314779369971	1.18568938420513
1.07369121260542	0.701026256188578
-0.105093693185829	0.0571990128022774
-0.00596142931295727	0.00163702733143194
1.1074644362778	0.788070887622304
-0.255780730677415	0.144422227593903
-0.162397958196826	0.0782390819405974
0.740621611771718	0.566080296009406
-0.07266059622711	0.0379413063552613
0.49841313623175	0.192973822293586
1.38454714213029	2.06970173658222
1.21196200537013	1.1239109980718
1.05202466958857	1.3685116055776
1.1315207149318	1.43284452232312
0.754215119079716	0.896555974011968
0.960020663343706	1.20882268310292
0.291039836662626	0.261448753349862
-0.629308817400271	0.762940789201265
-0.117803560216256	0.0874816652802905
0.22087707799482	0.22208430757991
0.628874652520239	0.987003893591117
0.686066172817622	1.08411397405622
-0.143755241261311	0.0970291025958412
-0.181522824534945	0.166126693330129
0.779128206467378	1.1270266586217
0.245342931426643	0.232463449751843
1.44499089009529	1.83700236720833
-0.375569445544848	0.187425587245603
0.31660026898975	0.145160580491949
-0.791774047200242	0.451597052223869
-0.384715467081878	0.218501245072603
0.858791973733093	0.582643525991396
-0.0996436564136205	0.0551962552966622
-0.0413468292244712	0.0197554117822995
0.314320274657756	0.238548838044656
0.874689739082134	0.840095951261768
-0.773641617286627	0.655928445275383
0.00983385827369803	0.00608758006644155
-0.129773664605181	0.0936610233271775
-0.0862311033607699	0.0433684146016454
-0.773273477167849	0.579344500887834
-0.270030440325184	0.138319031451942
-0.494045566709121	0.362878700319303
-0.0982647259787878	0.0536912989633146
0.239257442558211	0.118073689143138
-0.27377068638439	0.141551673726923
0.976253749523191	0.68664534414535
1.2721629091102	0.916116530118791
0.306390986312639	0.184641235984871
1.79253751905537	1.68903986835102
-0.720026001055282	0.332211551111151
-1.23311086481122	0.587785498743254
2.01462312274226	1.91213399897034
1.07703261572094	0.70483435109918
2.26977130054564	2.49876585404252
0.0711605183446347	0.0309639491147993
0.687170394820095	0.499113992039579
0.979752959473731	0.676174040767058
0.853092326595353	0.48000379458525
0.359737558543318	0.221042301048617
-0.34198532070796	0.142855794393627
1.73180171776378	1.87494242433805
1.49518504430604	1.50113619200358
-0.209276584611855	0.0932389455076524
0.687773087904025	0.371073387826429
0.541744708593102	0.34870062468032
0.82671871307724	0.429214200772173
0.30096977708404	0.140068983102212
1.77057476082557	1.84354686392526
0.126863380535665	0.0409162175615673
-0.569453322820856	0.234149320707451
0.548762897269581	0.24112501857993
0.670740830829563	0.592774153561571
1.0666434245921	0.872284858802545
0.624108357798522	0.411506400469494
1.25439409621459	1.25502062606738
1.28796898770229	2.07781287281249
1.04392312490706	1.21907910709716
1.15182204026504	1.32604196488376
0.151470945908343	0.0986284278337371
0.265507140951735	0.195733674355996
1.207482678964	2.40787729937742
2.02491485216946	6.20249404060422
0.893678121005961	1.84494101807435
0.253576649664252	0.18744848084618
0.534046664671368	0.533626499749327
0.193563147141156	0.160426449900225
0.558017748603124	0.450499135089836
-0.923633758739825	0.645995927688834
1.10420110079537	0.988776972542905
0.368561300304156	0.261541103626905
-0.758270465425074	0.571321431964527
0.449052475219186	0.326733550390041
0.432185844776896	0.269886982064201
0.553190762916049	0.477495556341416
-0.169315422420005	0.0995727340142955
0.0129625043919145	0.00797230500891476
0.718280632804599	0.719282471643801
0.222847522198042	0.163971068765311
-0.885673682367399	0.883890071778601
-0.612841757660189	0.570246231887758
-1.27718271132105	0.994876986700396
-0.714863064787899	0.52094335469816
0.281187450036089	0.202103478330803
0.294748764331097	0.190157414850728
-2.1025899231331	1.5842673377236
0.273543854298155	0.163748550576504
-0.549277230102347	0.306041664785464
-2.42332651920022	1.42015104619714
1.34323815325961	1.12116389515086
0.26001269429013	0.145124178232444
2.01886493715401	2.37843114567522
0.777636914136243	0.481217753552292
-0.451933557931231	0.200066001843741
0.369785167211655	0.209359308590347
-0.721752409857444	0.39897282439961
-0.79543029147138	0.449563699095782
1.0252339489656	0.963608828344364
1.01546972453877	0.883563685707599
0.230486982658742	0.0843918591122116
0.303848661509018	0.151594660549191
0.452872098459655	0.218984461192532
-0.0241589290955918	0.0119089307806365
-0.110993116404144	0.046547715615676
0.419393592270072	0.240826169111945
0.555937055368617	0.302539495806698
1.203040524282	1.03144890854981
0.817067674582757	0.376664783274472
-1.37592203739214	0.900268513874374
0.823709139764437	0.428843471332674
0.303196041351204	0.142581023210349
-0.95497653477077	0.504749819503212
0.555711162428034	0.248981223676801
1.13417839030177	1.49691390084838
1.32119649085649	1.227499725598
1.10593990478629	1.40405381654647
1.55182352083289	1.97681030549104
0.92360276408184	1.32505898051647
1.49048905410018	1.19186336746003
0.595007020886673	0.411836326003118
0.595159290642989	0.607867925173897
-0.710735786413502	0.756178192668814
-0.168040007168267	0.163311314774043
1.12813430468161	2.53651087361889
0.5392630562457	0.790286205516401
0.371964142535411	0.26518953801717
0.595341110903295	0.632602643550805
0.088954377543292	0.0560438402212517
1.2431084881847	1.4596043675219
1.36156829434043	1.71333168370153
-0.240238728343913	0.192107004102136
1.28320665101193	2.0596165936168
1.71340442472602	2.49850434498031
1.50579109573887	2.03268996737007
0.0154405234892272	0.0094927780622605
0.112159316617467	0.0808799466145284
0.0997834503973143	0.0798034200475555
-0.139659615223669	0.108241484468239
0.275736078033648	0.269249428013644
-0.463221478422378	0.362768588141224
-0.26530250684882	0.197407986329849
-1.131997178667	1.07034458528867
-0.564820571938304	0.434912846759057
1.17199122302296	1.55232142342529
-0.599276370704404	0.397409263410324
0.87021519851252	0.738436628885759
0.42416259056629	0.326024414850179
1.08197290875655	0.710879132851048
0.669831033830473	0.585188563622052
0.650330801860905	0.476175564978335
0.738994270896621	0.56884048602937
-0.121356057669703	0.0607140385880501
0.567343975923632	0.332978643312882
0.453462450763568	0.261923437809284
-0.387503208602773	0.19443873386237
0.511597634966194	0.383391962806136
0.194919782483416	0.111306890080404
0.806397566507971	0.688169322028674
0.978846075913288	0.685344373027217
0.648738290174895	0.378450508785255
0.602859292364816	0.387021313724806
-0.665550220786996	0.345983577236538
0.435549185335331	0.317515271126412
-0.111956051981866	0.0621636884634508
0.408291404680406	0.211817517200949
1.4729404155451	1.27725431122889
1.61625394818826	1.55999116770043
1.60515459516478	1.77024940857481
-0.0482440597932509	0.0222530550096624
0.71407499242841	0.620386295213926
1.11762965031073	0.777482393978877
1.26999727414223	0.917677323507543
0.785798163602233	0.469949975112139
1.71598242295584	2.63827934104021
0.853765370198342	0.917212486178735
1.39024675290113	2.14421579148527
0.588750040104832	0.451724242569238
0.824565729788945	1.01218707688187
0.670478187284434	0.806008882115909
0.732995831495587	0.934375789314537
-0.648328831909229	0.593962246314479
0.178028408695422	0.147964377625636
0.344324200752813	0.386548097933156
0.805259671432772	1.56848402117451
0.96208836812699	1.89625697130264
0.229907133034489	0.215901814178854
0.491070591074695	0.623662895661437
0.559644180911898	0.603099133949387
0.650044676499609	0.552218060251957
1.12078839888652	1.526091194055
0.71827503453583	0.596703500394292
0.668327519457655	0.710788644205701
0.162533728206622	0.1069886915468
0.354455415582332	0.310849542130153
1.22738013349377	1.37241268584212
0.669700582913666	0.546293124443457
0.554467684404586	0.492045256367226
1.40583744225155	2.09313759492948
-0.272448561844601	0.214273323253141
-0.122485168674022	0.0868420900505939
-0.0475872506189275	0.0274826698938824
-0.446803629062199	0.360738225293781
0.460129543597351	0.369219110844824
0.687866079364494	0.499080227010921
0.377643001947394	0.263604482858098
-0.713280114999568	0.568539990139823
0.0853662181334292	0.0473744612442133
0.860021674597437	0.690714151603494
-1.11583111457261	0.770303765096927
0.0921595328646087	0.0470800733423607
0.791672217334765	0.580973961700965
0.186428729713906	0.120420705259085
0.737907904244671	0.494807970756779
0.426567844141582	0.248233165076546
0.448058334912827	0.215015275681317
-0.25050227058958	0.150097745912538
-0.0299128922075014	0.014230750839638
0.8767117825204	0.909576568958743
0.598103646466657	0.449044529995237
0.431399650920158	0.267693099725714
0.258525064106333	0.142014607986854
2.55878804979715	1.47897301748038
-0.215690898497027	0.107307158715222
0.72239850135122	0.488477321437885
1.64296685033548	1.29023578455667
0.709040651243241	0.464533759155524
1.04653175429044	1.00122229500225
1.13265891137961	1.17281713795427
1.12684036559456	0.770490501622435
-0.0218459120431705	0.0116030729360384
-0.0359039907803923	0.0156204526832004
1.35554512833546	1.28073202230466
0.435842268628533	0.31098627899023
1.19913666751048	1.0168649549038
0.693240041461676	0.38583267857771
1.22575180534786	1.51918703317609
1.62018781564572	1.66579524177729
1.00710821751315	1.48306755063686
1.33423090857628	1.25535126969756
1.26269331644731	2.15320431912506
0.896082575257201	1.09467165288495
0.277809127058087	0.199373286429161
-0.569701086879108	0.636472575593049
-0.0307439675110541	0.0230248799240803
0.198211426520677	0.193259406155084
-0.0954137592907138	0.0822308551505938
0.646342056031041	1.06412599433902
0.198919411235572	0.190452205070699
0.341305832247381	0.295441244329512
0.857688717559828	1.07517076402216
-0.135549016785007	0.0950416765138946
0.81346625121715	1.19646018948652
0.830628974212333	0.714248688307115
0.549360037099752	0.541600185652617
0.0259825729526875	0.0194096164575715
0.385695260529918	0.390400740197087
-0.423283649313511	0.316348309495724
0.292048300843769	0.266017711126676
0.0950902220424002	0.0776416745736909
0.138050273036345	0.0927960650431099
0.320235604576873	0.247968637980075
-0.21217406366577	0.125832008101523
0.68826043613718	0.744903083487816
0.612521044853224	0.624763589356331
0.0622359723628243	0.041194443640402
1.12765401902995	1.46579933690661
0.0861158474139428	0.0513518040077259
1.65205271271543	1.45755276154693
1.91681459244202	1.99988579211514
0.822339102600616	0.608276231034132
0.338423206214475	0.190672088386579
0.869490312939244	0.833788920275836
1.10206167284083	0.91439706315189
0.966458971619563	0.911825888864866
0.784522561589738	0.757421328852238
1.00892674164412	0.88888190712223
0.977516958788111	0.806168175465808
1.43508200107761	1.65402715653443
-0.614050103284815	0.349477932031008
1.39278048065933	1.89757458065549
-0.0890478495465477	0.0452274513647383
2.00067680491362	2.34870432247909
1.49948982028286	1.56901543294558
0.539611516751101	0.318865966380543
2.95033122761665	3.4989276841953
1.46442218858817	1.39180543255041
-0.0871523681819485	0.0475661208196525
-0.0602140295575696	0.0254674147511353
-0.251636797757212	0.15574158292466
0.39205726061892	0.25617137768769
1.35412651240664	1.46000797048881
0.540918563583114	0.348250754316778
0.86122371554348	1.10613432995671
0.596904011479443	0.450062516090468
0.55258388657148	0.491845061821778
0.907064297289785	1.17630196496611
0.44677377911161	0.434006517515594
-0.0984668025431874	0.0686802372146428
0.898966268811205	1.39803526643873
1.02887605766503	1.60752231523498
0.205341140674346	0.165746037549064
0.564245722481431	0.760366401393587
0.442666076096231	0.603334446436391
0.381078366578478	0.565372132842839
-0.00221307138003362	0.00221354803380648
0.862760039317902	1.81004200956022
0.586334688456602	0.522478724915724
0.81760726807673	0.819538384699573
0.542516458846481	0.514529958013499
0.459266043295005	0.356656011850867
0.953054001320717	1.09070107508476
-0.245761833115772	0.16353278687711
0.954472705981298	1.24201293862068
0.365443977621826	0.291823604486632
-0.713568007361137	0.575111775023811
-0.422175135836903	0.293326049178909
0.664449718181572	0.766965824057049
0.387101781282222	0.334692051893181
-0.171607641329311	0.0912633376835084
0.729881974216058	0.793462540815128
-0.223767730525977	0.143928789843505
0.144309092515064	0.087444300222927
0.238773449464104	0.167875617254146
-0.0101896405111668	0.00516456728615505
0.926585473495642	0.664771980840878
0.0714089139540574	0.0400045047169556
0.536929579469555	0.401412512412268
0.27862725228574	0.155117969478731
1.88248014879682	2.12414296357076
0.122305529042761	0.0702480810110066
1.47098205913199	1.68303091236062
1.23991716005433	1.47277842643513
0.15256523039155	0.0966937847691116
1.05041261844298	1.00419408136281
0.689922978764613	0.766405874872448
0.874324416379703	0.713683727422453
0.0386565577901114	0.0178644878992727
0.925121339177399	0.872071234741963
1.34038943014184	1.43417114244517
0.020438893393707	0.00687302570028063
0.74845019664813	0.502407367349331
1.45444466335943	1.35408990531446
0.762566836944709	0.466874485865797
0.506881910342503	0.21010022524977
1.13196559020169	0.875690289886303
1.71044342638609	2.04255693590492
1.45101755689659	1.57103419935054
0.484986122461433	0.436951207499244
0.887226827287023	0.66435274144662
-0.879878283870231	0.353018134107162
1.40949512716452	1.89408522717395
0.0412380186689951	0.0181375417535114
1.05713856102473	1.13110687997733
0.366798559242324	0.300591873896876
2.31879254763424	5.14821603033211
0.452962912896659	0.371688765432679
0.925403273450007	1.48054054185463
0.103846967343813	0.0892868399085443
-0.456223956298	0.442374052116161
0.619403337487521	0.868354585419888
0.606839381801837	0.843059552466927
0.639348083559887	1.05917899182301
0.396344308014504	0.455651149074173
0.435064041502119	0.587250095956869
0.705490137472852	0.780621211199464
0.173317178637684	0.161538346568697
0.603026915267992	0.747182849674105
0.876814168160687	1.1049464378658
1.15716181046873	1.38548938038
0.0713199835072866	0.0424082152706099
0.795553037018087	1.02510069536633
0.533796780260396	0.558231430173765
-0.202023790882945	0.149333194819525
0.728638691904866	1.00047770322589
-0.18571664704108	0.143175918741441
0.796676354495089	0.919735631291189
-0.0237421670219594	0.0125618699629076
-0.171202357877093	0.0998033104327435
-1.20010152101312	1.06670858415001
0.0745056754065564	0.046492062510281
-0.293167608434589	0.184983491950515
0.150451231058761	0.0962315368350519
0.686815620803564	0.609134803818844
0.764417196513468	0.608987702288518
0.932382176485464	0.897548047034927
1.25017969913924	1.40594322275002
1.69088475617798	2.34212651082136
0.311979794996277	0.204212615172906
0.664366259185004	0.400552927422289
1.03914658190215	0.922247949219639
1.61498153851596	2.52244814131733
1.36236629679672	1.54275716895693
1.54930855281104	1.97554409624783
0.684900837931858	0.538100073613772
-1.57667901141146	1.20362672103365
2.14339593960451	3.35712960886836
1.73001176397894	2.37116695194424
0.346329118283714	0.196918089760947
1.05029868583969	1.00347602972154
0.704493252007418	0.471903016793115
1.70109738872525	1.84576170212483
0.0216030315245659	0.00731386866736123
0.321751050591166	0.174806125874192
1.16205806564563	1.29189630115987
1.63779968129207	2.10604008486872
0.194604035568579	0.110751168559003
0.707836827689566	0.669710376973594
1.83319307899332	2.17000274047875
0.4286320237108	0.228507440303673
1.12077576063446	1.4737643432082
1.12079397412101	0.796442183290646
0.665879155672234	0.755049863585339
0.565427924180364	0.696879444244615
1.04955812314306	1.62088939457588
0.686618796006005	0.846115018883451
0.506306837490538	0.590535325642572
0.327262836342293	0.370105589402872
0.570804542640109	0.650716749514734
0.657790752826324	1.04140599026295
1.32854354450601	3.49330166994413
0.218204346452629	0.272268773012088
0.439317958535451	0.551641510420141
0.474202762445292	0.583321172698402
0.55405578615728	0.769370354044025
1.18519156697645	1.72573545663126
1.04584290412316	1.50559667742491
0.543769166872594	0.542655931767269
0.840780689425965	1.07735818275361
0.548998624244975	0.621571883136887
0.683784080240888	0.824224749373422
0.934953203363077	1.30421253304984
-0.134066232613206	0.104204762590132
-0.00645311869605049	0.00427971572984454
-0.0603350175542325	0.0465710985228395
-0.270961796610078	0.245362521177528
0.581141461329933	0.686398386201261
0.676584292539557	0.764070948399359
1.15231681806167	1.35759757003984
0.208724095136108	0.175795888495041
-0.0388879598863373	0.0296489550803169
0.421302183090563	0.329510329410846
0.15957177000034	0.114169711181491
1.12617433362127	1.46727656688812
1.31252459406384	1.72139007262512
0.680093463892578	0.486819752489611
1.42839838977626	1.71186172258957
1.07045555661337	1.2322583075675
0.114186467863893	0.0697814694038583
2.1874476148941	3.40062108887696
1.32731235971443	1.49665606030903
1.01008177208293	0.742582562643069
0.372222650902035	0.263494319626402
1.21273838685351	1.41961355596889
1.17062538523054	1.36676815639421
1.43642631443447	1.86164713313114
0.366764841889356	0.246260298225037
0.965887652176941	1.07333725917788
0.979952446539204	0.673777911850719
0.728729116400591	0.606325615494581
1.31447726324675	1.30622733649698
-0.100874696974859	0.0559130217853478
1.31222764485496	1.8185079524719
1.49706662373512	2.13225622410409
0.235853065694706	0.11808232811504
1.09359084540671	0.9892235743888
0.421161365710233	0.260884279766241
0.852406639973319	0.838092296775588
1.76576910312044	1.63400833210239
0.178706788298802	0.0807608732004259
1.05066006946174	1.30310386636567
1.59387377356215	2.19122546358723
1.51349676539594	2.0610696398417
2.53546171463314	5.65051430194437
0.0773568442745247	0.0626233778484771
0.714882882971602	1.0078179967545
0.653032891814469	0.902328528469566
0.638217440183451	1.03492702043886
0.585991605047631	0.852471541787076
0.584131735757249	0.987217351344853
0.549057548361812	0.83335847782557
0.901453901566396	1.82572858223763
0.70375848647917	1.02868815043106
0.663760656022741	1.26460412710446
0.810921119015527	1.00117408278668
0.865458953499098	0.937329866476453
0.925227334702724	0.90404834286901
0.690496169250484	0.754159592113528
0.530397874098551	0.557836948829994
0.72911778032936	0.777396515949923
0.524472289910743	0.425687945248152
1.31141954374192	2.33235949364053
-0.098681011372044	0.0798453385399035
0.653410416512192	0.751147001006252
0.246144796857848	0.198876141152196
-0.092193054319535	0.0725049186102301
-0.0395215248157177	0.0260985032569939
0.261415997054932	0.208878750969225
-0.254546971018929	0.144285637210543
-0.106880800093725	0.0669219945227067
0.247881736821804	0.198862774631296
0.329219734739729	0.253429719710107
0.7755170146543	0.553154920178478
1.41817868942569	1.80223846457833
0.281039341409412	0.18026621628086
1.30037623404425	1.09971517812061
1.89307177316544	3.09379172456134
0.834454843922892	0.766599350608606
0.634344895775537	0.454325493426007
0.452813789534736	0.307187165551197
0.216089529937426	0.133086442027601
0.906513093773948	0.996922221812483
0.0184565061846268	0.011218431705997
2.30877273429346	2.96344597898527
1.36628822048302	1.56037555713007
0.572225489570024	0.433347722509147
1.31444331875315	1.1301667442924
1.80977811093892	2.24360301200517
1.47201925273337	1.2910980499324
1.85030237735449	2.56354828011456
1.66538455319719	1.34034934749785
1.45725994987915	1.47256198549841
0.726243135495639	0.525571864912628
1.59383192553635	1.84737108009475
-0.481180197465891	0.258959294751439
2.98577471782215	3.52875447560188
-0.0879146940877876	0.0480681040724944
1.42996194369715	1.8942694365349
0.603609281139882	0.425836373820781
0.457358490640676	0.264119202867753
0.687942255442219	0.771942115503496
1.86929038542776	2.89868227742032
1.8250629694149	3.74752844770288
1.78421124005729	3.15178514517975
1.22250331237778	2.27467357104142
1.06811806628022	1.7286567528751
0.591800597878499	0.810543719576811
0.540614220959046	0.982369366395347
0.888308775794914	1.85024149139462
0.867676535572581	1.46487493184229
0.326702826305127	0.366663652053017
0.735100812797318	0.722149624609562
0.325224548332444	0.24639128203966
-0.1146381190123	0.0787152344926313
0.705444395597116	0.801348039959734
1.22083319682174	1.52192111770799
0.96662280725851	1.25314251342687
0.538822008544044	0.575044152487394
0.723041773800202	0.962236186572266
-0.0364653038850778	0.0261314474032092
0.820779964880106	0.986962068440122
0.356349822858036	0.338809591680421
0.122985134747236	0.0879736804688289
-0.6189175154066	0.470305024787635
0.694584192942177	0.697846389355244
0.31216415049508	0.261956584982461
0.0402152217447612	0.0276506873499992
0.507421583890919	0.509367275048336
-0.187857387797114	0.10791712764426
0.784275439686916	0.798116659839414
1.82387756307747	2.33318599808814
0.490185316340707	0.439942136219744
1.60778629787205	2.21414447475018
0.811807709839978	0.819969815574636
-0.00119598394309794	0.0000915633522401105
0.484450978072769	0.369625773581101
0.890121273391716	0.765628530808896
0.552458582566803	0.43659097105496
0.0753693443751816	0.0326737741229825
0.103996915437119	0.0657265198094732
0.825054479888454	0.560651176022971
0.809120713734941	0.603189788467666
0.476953035117657	0.373335189543994
0.302782013116127	0.140712758566312
2.32005451076845	3.29448277547597
1.30731270367588	1.28203917564588
1.73506211334329	1.92862074658186
0.403411472327503	0.211169254936296
0.941853006135999	0.614182710419134
1.10211756394035	1.00419984111445
1.36047589413463	1.47480509595661
1.73403318517997	1.9347021641341
0.481893133570214	0.389133334553822
1.62391925518757	1.53013808763336
2.72028492035246	2.84073302065281
1.32881103551457	2.18631132478401
1.4540513525939	1.59028179197796
1.0406757977356	1.7570571304886
0.666418827276742	0.690477682169107
1.05603827090367	1.73070590696506
0.224886382282764	0.279432271410154
1.21051812994338	1.77289827734171
0.820978296522107	1.23576615649877
1.06236164433482	1.55340727763541
1.41575650673183	2.12097416925799
0.410520903439679	0.358417596653792
1.2709760008878	2.08972243644439
1.45176316434588	2.1932731393866
1.59551814239828	2.20776993939253
0.597517973004183	0.61157922042592
-0.168701598159408	0.110068298831633
1.17049830511979	1.8322932790733
1.09765440621435	1.7079001843423
0.609479638497002	0.603947588876693
0.563398908387208	0.523812106183815
0.658364151104159	0.760149307521258
1.53092603840703	2.26628721306461
-0.00637899068108898	0.00414580485354933
0.570455364784589	0.550881710779578
0.341750220558824	0.275577458769501
-0.592581925111573	0.474653178333754
0.137158707841979	0.0835435711925237
0.892974289354556	0.561362602053113
0.963955466895088	1.03137187513528
1.29919010079461	1.18644222284863
1.44144188752979	1.53428108548126
1.44652328988005	1.76310758787344
1.34141090943585	1.38665078533469
0.9752438525136	0.801144317885268
1.58806171672619	1.75828697416761
1.10844304539404	0.991877266021104
1.16967217066386	0.979333576941472
0.98761739850128	0.761069238500433
2.38146720213023	3.93339449754754
0.918505428656926	0.684926118404563
0.0807915358374333	0.0350310534825056
0.348372563691533	0.197349407807095
1.17028289019679	0.995929693152896
1.33609189176829	1.412234855698
0.950677044877745	0.660404310684063
0.972437236515121	0.678531828861538
0.868058400147569	0.621209220436011
1.3390005349059	1.6043781925823
2.06707056922395	2.8104105904567
1.73073779089874	1.90963320731226
1.59764421473285	1.71265538167683
1.48297412570899	1.57126285473263
1.07510245786183	0.896118435718576
0.17228689300164	0.0765937787537289
1.14332532399373	1.30487680368717
0.803475267688252	0.890872287920747
1.26862349820934	1.83770761646251
1.82728209964526	3.37377724041878
0.936837715472962	1.42174697853943
0.689072932295321	0.900197138203448
0.354040240565198	0.309856022619639
0.777401362602088	1.27836391358658
0.272739816243612	0.306741627353817
0.740370963666853	1.20329075934075
1.04988971211934	1.31912519313795
0.991117770828856	1.24090697979
1.13151711587223	1.65892366523289
1.52204570557093	2.34183931012463
1.3858415208015	2.6125977201099
0.781120720654679	1.19108169755227
0.227170333107824	0.175430911017342
1.67449853607544	2.72668602430324
1.19167109511547	1.81172957348507
0.288185046649854	0.248467344468124
-0.151663250054797	0.115290799214604
0.912261577978731	1.22917611614691
0.606956176062179	0.517193721484411
-0.182607733848626	0.127315430675075
1.0215450196684	1.55368070176819
0.354338325279676	0.264544284516431
-0.734696214476936	0.533135424514199
0.526125212955103	0.393463042939135
0.821780923089404	0.905155884783707
-0.0481840911023848	0.0290124375041309
-0.297308336082323	0.217007063010548
1.1136606454466	1.24636142898984
0.944264731491676	0.760716538935968
1.55536110975706	1.91148193661641
1.0497648923617	1.17417368661406
1.15179652605916	1.61819159812598
0.748444124342519	0.670570535317866
0.539440950027346	0.321752072476131
2.35959156031959	3.04807165102684
1.58646559799532	1.74806551033783
0.640046243116697	0.734949539462844
0.933598362345698	0.848984970276065
0.850411216677921	0.767239658286242
0.439566218271813	0.273582815577098
1.27274276954838	0.908655872663777
1.34326151883056	1.31528375980821
0.732482106648429	0.601665853957475
1.40790071526884	1.95494695397589
0.936159534050505	0.867576913599597
2.59081760597528	3.82320596257595
2.22153994362915	2.65513641934413
-0.235590750931273	0.129590431192056
1.13786515537247	1.21389754252726
1.81938190950529	2.26578399580421
1.49151350299633	1.49848133276865
0.678533584047635	0.600539049636908
2.41858557537067	3.58665844249047
1.4894867299173	1.10395653238531
1.31315528578706	2.13655474919872
1.14758668633839	1.40440802402533
1.73754883667091	3.12200618044163
0.96148739312213	1.48120207835651
0.791732374764096	1.10215858227661
1.13905492218336	2.0894820713292
1.56406458957683	3.21570222021258
1.21012567974566	2.00575066552727
1.07843356634584	2.00097309659145
1.23892261078826	2.08036907250834
0.557551051803763	0.705861591779219
0.222413229111732	0.169896006199947
1.06381074988108	1.64936145011402
0.243470334685072	0.213451320582111
0.905146346228121	1.17765982524096
0.696010248535044	0.864483742318024
0.752900036012444	1.05652928716124
0.850273559434166	1.16630865296005
0.377731227717672	0.431170739740486
0.721488925669622	0.974794699769791
-0.0386241748100613	0.0302643410208446
-0.335890339874602	0.327139646688902
0.109755376768273	0.0689146090323309
0.754894351761363	0.90172361873394
1.30198396808817	2.09239812028286
0.365790661741696	0.282376505391188
1.26705203763368	1.69005159168629
0.400942912329011	0.298667269392427
1.54553976781527	1.85293892185472
0.80149780127968	0.809628775883116
1.26632582953539	1.76197281147685
1.42554514964341	1.83321243405908
1.90628530691194	3.2023514877172
1.52744334692513	2.10315259130696
1.29085795282124	1.76916741185267
2.01889510659112	3.6272675818668
0.618222907854612	0.680914881758112
1.37588799849461	1.8069423756116
0.6870283344482	0.632087672512047
1.20997646390754	1.22862219347885
1.58206090463324	1.6708952450459
1.19146814881893	1.5668421699868
1.8270319004324	2.29496258210393
0.667289778358392	0.519607487470452
1.47477925603955	1.71955088645753
1.55971190937122	1.88954039677724
1.47162118715124	1.59734501830786
1.28904638655155	1.02443943899428
1.88682315016346	3.42325712572017
1.71406888929837	1.88861479392296
-0.11182112373003	0.0619379637738612
0.874426486021532	0.844277906486812
1.70220617271814	1.83974395362299
2.27380102980015	2.83091442760139
0.414731772511034	0.402260085017843
0.977983562793907	1.31423311407511
1.37625940685904	2.51153953499519
1.22787921168072	2.08067540368684
1.19174840634428	2.55436031088074
0.948431074928392	1.53779028061006
1.01941487891452	2.01906624158468
0.926539467891892	1.59248880357774
0.922641979082439	1.40669363889631
1.09213551590562	1.68243557105295
1.09293451049597	1.75194396731889
1.31084384189308	2.33862590682007
0.492387255946269	0.679309841304552
0.763303066160686	0.784967381727733
0.874254461965523	1.07315798295275
1.85228858863198	3.92322336343225
0.563206960064792	0.667785305585838
0.801810681948182	0.811644245444194
1.0384969517833	1.61381952361912
0.268327001680074	0.234149295318572
0.990056194052029	1.68450274215326
0.0968948126768305	0.102120398381448
0.485525739463144	0.511803980041634
0.635423165267897	0.833445008580062
0.917981100978802	1.34190320962228
1.19710002953576	1.87317035087872
0.108364941752009	0.0674145268739923
0.106724141877805	0.0853571386109528
0.816598041680242	0.938999754428793
1.34501761920801	1.92209519967252
0.0918418425246115	0.0632047326870438
0.973071552942399	1.13012912192653
0.809601473437888	0.933932878936633
1.43798275969511	2.32296402470583
0.602595656273423	0.605678906956255
1.05047114788601	1.16288708939363
1.15999758105511	1.79713873376459
1.5715946134283	1.83977928425371
3.23290581389679	7.2462166437353
1.04876323500184	1.18623861128187
0.550458916656891	0.440135572187427
1.90439804150198	2.94335065661814
0.753555303466069	0.687071236632809
0.902681060293573	0.826425939901114
1.21657106934631	1.10014903917152
1.3492402178709	1.63307481482791
1.57718615280376	1.58646018346034
1.11866515142089	1.15081613829113
1.48908020349668	2.37958211728268
1.21607700600104	1.48727543391647
1.22737422814833	1.22047386393485
2.45321153349718	4.21367958114303
1.42857458731549	1.82879878338869
1.22961928422897	1.57436405286348
1.57664776105503	1.69804663634373
0.443830186217095	0.322478707722311
2.08325424043053	3.37905793578211
2.54963716570864	2.47013341299009
1.57903859876497	2.96493231207978
0.24291685554604	0.172601500723709
1.36404005905521	2.29187822271625
1.10628655278222	1.72517566423598
0.210313294708843	0.19841394544543
0.7888132214225	1.3644094957739
1.25482564281429	2.30858626074392
0.880300190720423	1.22353037427557
1.10331077261181	1.74771488905781
0.611997433277192	0.922385099929125
0.735857635961654	1.31846026589184
1.53652633357063	3.32018462758064
0.983295078722509	1.84419204888959
1.34094556259551	2.5892822049218
1.07664824364361	2.10327125643449
1.46167166266955	3.08354828785703
1.66869507916621	3.63447657796092
1.0152650067073	1.72430970403741
0.60241182585813	0.85508120851314
0.317001412545481	0.355497556985732
0.429608600322909	0.549519602754575
0.9957106532722	1.55468104570235
0.225462805787147	0.26402495189313
0.734436769706642	1.07573308618197
0.108102978041579	0.0889434020872938
-0.411908787733241	0.425373383184554
0.98351374791043	1.612446247949
0.746512050253356	1.02252160787987
1.90659124596252	3.73496818310468
1.21333844328311	2.00027474878573
1.9622664050467	3.20901988524567
1.09000988451112	1.67480248902473
2.08241034038018	4.28051079939935
1.24843895175945	1.80245346003146
-0.0585803461760442	0.0347900116595503
1.00738220508072	1.07632681632545
0.693256545530211	0.643408978495397
2.10949262471068	3.67369514189641
0.932761715248469	0.924865404052009
1.48442377349619	2.55819119496477
1.50674274854235	2.69862436617166
2.04923477106993	4.08826982070816
0.207256016367172	0.129068345596855
1.66660322345062	2.67863341877337
1.85001180703125	3.18179349230544
1.32796982693001	1.75498079135361
2.40589287009848	4.4651430887269
1.21603408467007	1.57470405976419
1.16044124714401	1.6992100597973
2.81936095051108	5.48788318304994
1.7483947899059	2.66682338854421
1.51962689559028	1.89404468859566
1.86884411458139	2.97651649416225
2.25815897563829	4.59645362898827
1.05779705108939	1.16547093134065
1.13524998402248	1.08318942308287
0.993716979736128	1.80031797960465
1.05904098538241	1.27410362830636
1.25051142563115	2.33343232359875
1.02155604870888	1.70942551396229
1.22179874989664	2.5335724983017
1.52694648243931	3.74009113331088
0.993505049427998	1.7799775627037
0.828869370524398	1.13951747351303
-0.0343615223112003	0.0302683279423152
1.51072573811134	2.69488756523004
0.882891238294426	1.24485655248506
1.62374199495074	3.38233839204939
0.972868636027581	1.43463094442303
0.712087055235657	1.13083613209708
1.7538793785319	3.19962266061021
1.3593347737076	2.51042169434743
1.28740182894754	2.21217970898803
0.028017592156704	0.0237956808544609
0.947526075115168	1.68000704381875
0.372992836546034	0.402883415010176
0.612963950280719	0.880823014758764
0.639080235670384	0.902405165419876
1.333920493918	1.60434058757264
0.346804831467716	0.319391378321916
-0.118700977650301	0.0880973478453195
0.786678426236943	1.10233142769987
0.751512793617139	0.852868537826601
0.892912649353391	1.09710253567712
1.89370256079757	4.12391129043472
2.36226853190628	5.05600669705718
0.669317196327505	0.646691175979546
2.0039808616213	3.16113674062019
0.753377456695087	0.682391826300029
1.48585962552691	2.48148309325589
2.23612440919753	3.72518385719766
1.62042378865871	2.24783514227722
1.39439705770443	1.85773495076495
0.832820473661213	1.12109807721113
1.39099244934731	1.9066470348659
1.3120960959902	1.68008295759565
1.62681216962826	2.51244628085862
1.18796559280262	1.61870508517889
0.0698440715164459	0.0428592794764747
2.04496392091829	3.5720247087655
1.37329057739293	1.7752760233395
1.84577974964827	2.97215296514901
1.77977650642363	3.31194144105497
1.09975386367162	0.974039430483665
2.05746916825872	3.31083952271432
2.3914340870637	2.49601297748446
2.26573918093611	3.83855654499105
2.0210696040919	3.19027552318546
1.81592352363361	2.69509684122625
1.54735391319358	2.47718243971489
1.59611459067953	1.64452719661338
0.980944204701045	1.52528111812228
1.57601904042999	2.83862143582731
1.02863095299888	1.79842758271222
1.17061798362785	2.17734845258515
0.762821550428091	1.06233868463299
1.56954352678049	3.42233303006474
0.547821531450477	0.663508924374316
0.581488634930425	0.730698146339986
0.709833437801898	1.00244832475144
0.268792099277891	0.274390757756452
0.574672361665299	0.638819735658906
0.62126917432371	0.729089876815805
1.71157278086992	3.67035592708421
1.40788357598736	2.66029754614716
1.14476989540048	1.81517807823332
1.3782002518265	2.28878969157509
0.494362250236207	0.448180296622754
0.675733922164738	0.938525417572354
0.599675697566583	0.71639706608735
0.532982656611504	0.727418966002409
0.370063610090511	0.359806925058118
0.683182570744125	0.869032387620098
0.228134287192499	0.18561919210504
-0.142901412167595	0.104699480722161
0.585938007650826	0.570021270833611
0.722334457484788	0.743565253372373
1.03933269606781	1.22106386878372
1.43730295700798	1.57938788482492
0.65249378245878	0.567744246485782
2.24587762840681	4.03957490892817
1.3266971761836	1.74529523423167
1.50977378954771	2.34195476457383
1.38234808660754	1.86882538536521
1.55205896666947	2.30351619173619
1.58948683005951	2.28775005300608
0.432468018786183	0.342171827133525
0.892402228463468	0.884851275368405
0.864620047772008	0.850165230018419
0.847520960364485	0.678844054775161
1.72653387538556	1.9154925064649
0.75674741613439	0.75223505357771
1.75608425212856	1.83578436162606
1.46621583107231	1.67103862123336
1.31530035318105	1.74129674425756
2.01184077558255	3.13769856269146
1.49821030905416	2.00278250624759
2.3941489235858	4.24968096716668
2.23576124195707	3.36753908623486
1.23139210326388	1.33779122379773
1.49420078071292	2.11865066183141
0.666108943764103	0.565195472320064
2.89349647582526	4.57553860269626
1.38076176538251	1.83843373303382
1.63543492317452	3.11578043539253
1.35216645443845	1.81085554243503
1.48934493956879	2.7617968576921
1.73183473157241	3.90791140934244
-0.192452098629758	0.160409632652736
0.812776752600066	1.32910130001738
1.04963661735542	1.70625561428743
0.744805796382947	1.06237954364278
1.44981832949378	2.7096029164651
1.18040421108036	2.20440596613308
1.0642092862645	1.79151761943161
0.924862164691438	1.35793594640197
1.0790827274405	1.9009612015913
0.96417629385953	1.44818228005639
0.64238024226486	0.679201796069028
1.05634745095622	1.67692039943981
0.588911117520343	0.763513280755401
0.376169560455592	0.324357058309326
1.36015647584633	2.67169684317837
1.75383951823081	2.70451920134107
1.76983173621494	2.31453940235368
1.60674410211773	1.5309741134537
1.16852467834819	1.68048665043942
1.55792823925192	2.73344106656115
1.51851152546949	2.2210464361655
1.56493189906736	1.90111482982162
1.42194346760576	2.65912239229559
0.974584322989787	0.673769833562709
0.54038498718314	0.593353366789555
1.39777632484572	2.04616523791943
1.77617170662467	3.2762780270034
1.4446803932348	2.18645019941818
0.518023797570923	0.35769524077621
0.983801124365957	1.18514997593052
1.841463789713	2.13338195029287
1.45376347466903	2.10097463021649
1.28189659843221	2.12903526263716
0.664815897121538	0.671208680690748
1.69934574455178	3.18378247903812
1.2239762170485	1.59101862301342
0.855591236391991	1.01785285368057
1.24173058814012	1.21891356972346
1.00164446558293	0.903438512401708
1.61016523117792	3.12298562338198
2.98325636450416	6.38917742788435
1.347118743608	1.35219535866597
1.45443030189038	2.60821100979285
1.33217004346675	1.81545995603768
0.272940259584675	0.264622657103646
1.03784121163708	1.78824530867414
1.31203017946785	2.76776659869371
0.828940385063354	1.46933295291525
0.456387579765896	0.580038692652549
0.787399062947957	1.23582032863687
0.97541740738962	2.2633141009403
0.670922967559869	0.972039554539838
0.374510087771437	0.436034029324488
-0.244945317790202	0.271269030670489
0.169066428349513	0.187058239334599
0.750366622806342	1.26724180454763
0.636904226422923	0.844262162818478
0.768164265324326	1.33765980282223
0.819093985318655	0.883616675962746
0.147469075502635	0.128000801118963
1.39878239610313	2.61997522230527
0.906432452840251	1.59910517302408
0.996563896984461	1.35150292780353
1.56492465849326	2.41175698082965
0.508578542200537	0.493872381550514
0.877368031916216	1.09378410649167
0.832990934601987	1.29842705748354
0.141058692875626	0.134716115615452
1.17783200393827	1.73032992834707
1.11408741807243	1.66733945106736
1.75573370370184	2.99996039028143
0.468419599948223	0.367748295000908
1.66759132450162	3.50118663308977
0.916389674415289	1.25167098821221
1.36463399924219	1.97770327859103
1.22607662402623	2.20763379462749
1.56817309197194	3.07251611254275
1.14292188916364	1.18159823971676
1.91464020898741	3.96876450721835
1.27125489504675	1.79482285495463
0.584537096861271	0.688269930249288
1.08261324318834	1.85035492527425
1.40563077880902	1.9086654337946
1.24277488478743	1.22063440655773
0.93642957233229	1.40005673709278
1.53266166771457	2.59646821173142
0.522597930730279	0.678174804406935
0.77795369913307	1.29222862692143
0.537950230678941	0.911126300338308
0.827239617652291	1.73332694834033
0.992847206322976	1.51056277129963
1.05825484048251	1.84420725192824
0.565130245904299	0.525991098574089
0.220716276310559	0.19443168501943
0.9279350056806	1.13178255177546
1.20556913306366	1.86857315287162
0.92310607527338	1.03395688205893
1.13146939779644	1.32721439325868
0.659452041182576	0.669225738167266
0.906726728829193	1.02579232447351
0.540867436967865	0.457867785618863
0.732396647284425	0.689712309083534
1.32104711560013	1.28704433127186
0.0456797467061886	0.0300575324281026
1.04978051228811	0.878180813900185
1.30055926296209	1.50938724072035
0.276049860846689	0.198364162944926
0.338110991184756	0.219144781161137
0.908963021541631	0.873081681361536
0.495193194089487	0.464194112546554
-0.668326783040185	0.520590937538696
-0.388890103793122	0.218281557658524
0.736416837398853	0.567057182087774
0.626656302715772	0.49116846553176
0.238083254666934	0.129634979013999
1.72587983591745	1.77115581219748
1.66175170630054	2.04775709023055
0.526162597419615	0.446309053660796
1.90394916154098	3.6597027961795
1.65267278370629	1.46886063039915
0.748271240980482	0.569596308158286
2.18762205602485	2.86192687779694
-0.148384715987811	0.0889595192869007
0.952425193780848	1.23591138093629
1.01923737468129	0.958054530911666
0.474669556038131	0.388279113617116
1.91387747876134	3.96530181877138
0.948114224705711	1.02263911618402
0.661597070938415	0.738713403337277
0.150949715278899	0.105719733610446
1.17087132991808	1.89799214985196
1.52229917536118	2.76081099609901
0.557430426201176	0.684440112147765
0.35571527467895	0.415541718785229
0.721627090363334	0.819822334218487
0.395805424415684	0.358298794982657
0.506031633912291	0.536219046380108
0.435816515811676	0.498634166675117
0.532037970521965	0.591805680081076
1.1997614493862	1.49363929012339
0.559979589547678	0.574931706432945
1.07966193788075	1.42872496672083
0.162005294583948	0.0995573182678858
0.522677518764844	0.43474584691152
0.797827202757122	0.686661180577071
1.3787203929849	1.80411439540162
1.07464958523666	1.2081995287927
1.34195778146333	1.41856737523181
0.804364528870785	0.841136240929316
0.22149832938875	0.147025229719334
0.630737063386878	0.575658028654164
1.20373072995162	1.60204584728445
1.84227324760472	2.21197282614757
0.126083557900472	0.0722145964717413
0.587697486620473	0.435111688220176
0.7504909723215	0.626306003924378
1.23529351834188	1.36206828260097
1.28230289106995	1.73617771866242
1.14056978052237	1.46151223048111
0.657088207444267	0.623887916990269
0.689786251443866	0.673465308270709
1.79963465975858	2.75418510208122
0.898012810567109	0.928181968013816
0.858016146962364	0.86413490392246
0.718857337307158	0.699366346270963
0.0649027158693063	0.0359628282542429
1.2276340273767	2.00306901662084
0.885839397214115	0.961843848263482
-0.468632285766701	0.411751204474612
0.953672218577824	1.71906103948499
0.785290502699447	1.02106563546033
0.786055868451629	1.1394489817738
1.17263217871226	2.02185362163321
0.990915432900102	1.19948931985718
1.00617173891203	1.40502178952425
1.03933579937182	1.06062758911843
0.6923729517477	0.901237287925144
0.727255079195533	0.969741256715521
1.00678855657463	1.43930761114893
0.911560981173944	1.12021511049228
0.700180772826792	0.739565385752826
0.689263792754657	0.813608380944279
0.410753582943599	0.334342702003342
0.330890419673424	0.264998926189388
0.0912111310381456	0.0537959617621868
1.55965246277517	2.34853268130706
2.28211628805332	3.89829440805927
0.251439108710222	0.169536081044198
1.27842866007602	1.68316732062602
0.790969847101415	0.820624466785253
0.656189547413523	0.680439264332231
0.661211529825974	0.814490333830641
1.47316691053922	1.80706100687887
0.88861654286293	0.99767875197472
1.24660380842656	1.56043077218001
0.585518312524472	0.494597999055448
0.63125129045291	0.57804921799611
1.92945424680223	1.99230768104304
0.868074938318334	1.09855582125068
0.934986442843753	1.41759047907813
1.04356316185568	1.81148573812392
0.364827378104401	0.34810595070614
0.796865391248116	0.88119064892091
1.12611944378309	1.47514483301138
2.04264559840937	3.20254893581819
0.803828247222927	0.925942888540219
0.968962035073376	1.0899752332476
1.67313851723238	2.07148212424396
0.74159261055405	0.689902870933857
0.803824445535007	0.820608324731349
0.066528403507604	0.0452801708870575
0.366677201664574	0.257565461989865
0.675332887119232	0.599509588324611
0.548207814415657	0.43010578011892
0.884817167984194	0.98783666787019
0.116284249280867	0.0558454748315939
0.184806060719684	0.100631377985714
0.549950311206366	0.434271374907951
0.432839743516623	0.348505196136604
1.66852989669164	2.93223277611848
-0.417678161891256	0.242513959787276
-0.351580638174282	0.236666505458662
0.587537131853621	0.444150419982106
-0.872632033612228	0.779344934982759
0.357711578283806	0.328276040935768
0.721000710128918	0.552884233595198
1.20596941093573	1.46698379806637
0.234450202492843	0.20409575726082
0.7998196786587	0.990235565329705
0.963124882384336	1.4130331008549
1.153565180376	1.35056692512268
0.672339494568493	0.579286302470093
1.27173512240763	1.82323079381877
0.131827934336537	0.0884490030470176
0.00889695516424822	0.00552208468828495
0.356258269466882	0.238435353495394
0.786644564005486	0.914624000980596
0.372046401376225	0.330723424958561
0.964059137730834	1.22551993252483
0.884198742320088	1.07009240319358
0.597876984588041	0.538895918265691
0.407800223011265	0.335975450568532
1.23624313861819	1.37873223066282
0.528117242650921	0.369182539173365
0.76906154717378	0.949564085716534
1.12021964405307	1.06313729567819
0.652389173723171	0.553052020269401
1.06078390500136	1.25300172280633
0.279373339182749	0.275734934586809
0.742498204728272	0.870348768618054
0.467968759660965	0.605370870741218
