x	y
-1.08700758107006	0.495698117216324
-0.9116039695995	1.05242545316946
-0.896181052990569	0.719610756046761
-0.947248050894211	0.588083597603304
-1.5289099341182	1.10777994444495
-0.978267187659909	0.512118841238369
-0.76677382278125	0.555833415419656
-0.247478197951621	0.140085335240142
-1.07598413016388	0.851860950501949
-0.704462038130802	0.558757455333986
-1.09853775878723	1.01366545723786
-0.685486848067922	0.633955501545761
-0.862618576913131	0.969402312228774
-0.029977398066709	0.0156305120556152
-1.06183160715453	1.08570346581145
-1.11530086116584	1.70176733671707
-1.14935832333223	1.57560653117014
-1.47158238920056	2.33344546392645
-0.289435430088292	0.198243742069645
-0.491498707496019	0.366469903942556
-1.25949746603466	1.64060402431116
-2.32205744070651	2.82584774893081
-0.624673104567296	0.548783790241006
-0.944877864003591	1.18017676971719
-1.08759195379432	1.86389234360945
-1.08200994813508	2.03428618980809
-0.184745015407553	0.149660031639361
-1.1205147125894	1.65900287082139
-0.624936081847458	0.689512619901377
-0.357763572574855	0.239709003030403
-0.578321813651699	0.530253483456482
-0.860101581596553	0.890715423931437
-1.06328859090797	1.2353782254829
-0.628534028384586	0.423839472534112
-0.706682830704213	0.574555790936005
-0.635580235515061	0.521721628943523
-0.983096882410505	0.742002079164008
-0.616104974207685	0.579557846128139
-0.885948770193035	0.720713711197623
-1.00460869310483	0.889287598614865
-0.443702832877092	0.384088647194918
-0.304536033948186	0.196657956629435
-0.608872982581556	0.450319009248725
-2.40132422479394	2.17045195202436
-1.26502755716045	1.17570600667196
-2.07155518019804	1.56386357583281
-0.642387829186728	0.624008101334638
-0.98833414728337	1.72916185738966
-0.781906687966766	0.921581105189281
-0.712027168420646	0.810469444447503
0.104943727418392	0.0842256395810804
-0.344724645182479	0.289543065074557
-0.924019909479707	0.67539075592829
-0.325393338090607	0.211641711864848
-0.309113485104953	0.198551037470723
-0.241915647255595	0.159714989807908
-0.837078626836168	0.864683191545083
-1.88399649659524	2.56588431100379
-0.165468703950852	0.150276476267597
-2.27229141687744	3.82418973483996
-0.86075773898782	1.13165609678704
-1.21709187051063	1.79201830509647
-0.579493655627368	0.586709467129148
-1.04271314723252	1.32803088549697
-0.707282790526963	0.813870742348223
-1.32747989610474	1.76927549122952
-1.75194529208049	3.04760593462666
-1.01491776699435	1.21023233273165
-1.63163076215667	3.24009262251878
-1.26024581491083	2.5613613001574
-0.581817766360279	0.757180122369913
-0.685199624674323	0.879042846158299
-0.174397535910493	0.141809383125931
0.223555785426076	0.200475380093082
0.180851035147836	0.138504701144315
-1.24665440401186	1.80669203630961
-0.88034568453701	0.923957544036363
-1.04812984366117	1.16173991426967
-1.04853471051215	1.35288247195525
-0.831914834327615	0.908029154574207
-1.03937647937147	1.46670899857231
-0.451671508732568	0.393322664572516
-1.31226017675266	1.4019708584284
-1.14886788397833	1.46748208932833
-1.19321904102174	1.59103768860023
-0.303207514451154	0.255809825310303
-0.458664750262578	0.51886653472218
-0.220699046452888	0.185369640059077
-0.283845404038394	0.235452265539781
-1.23648756167277	1.58774514727249
-0.95099425799714	0.8037756124341
-0.605706059421414	0.450471214781778
-0.821244716026259	0.957514756120505
-1.5643451600036	3.45369862645732
-0.717442343773294	1.11832127203847
-1.09233380552526	1.88619763390235
-0.820722821894937	1.27746889068495
-0.592255208963337	0.657909673026479
-1.58928406034026	2.31292496264895
-0.606100706753443	0.530268024194603
-0.33964516157073	0.226828683036422
-0.679996543956726	0.754045476975904
-0.156233794152875	0.110206099585409
-0.201823735769063	0.134731230888559
-0.720515792616789	0.571166206170017
-1.02947192995245	1.14266301443476
-1.42296513727567	1.48862667804667
-0.923602263622083	1.09589809393475
-0.740580689720556	0.702672080543925
-0.317744846268859	0.250085028226455
-0.0742596478598191	0.0479999136444179
-0.103967457657583	0.0750475664728895
-0.704932428259835	0.550371332744745
-0.541045848996311	0.375998229171518
-0.784536694674034	0.647308548545496
-0.754320493745809	0.624432005985794
0.281526136763399	0.168992822711808
-0.869217093198696	0.523686952854382
-0.846768765482809	0.870032440193004
-0.908486206424142	1.36739073336178
0.111606530428698	0.0951243114622259
-0.189531779626443	0.146326013240913
-1.01693733447977	1.57594818749811
-1.04024504777861	1.14059527756809
-0.35208389414608	0.194761125773018
-0.0499498610600856	0.0323426820774015
-0.437705769935601	0.40052675385231
-0.455465268413648	0.350921925563268
-0.845308147827144	0.811756755477128
-1.99044963647519	2.44411449155154
0.0146758401525523	0.00850731648160347
-0.66327351290999	0.719465254927488
0.0224308958452186	0.0154052466819
-1.07787615412727	1.55443797113808
-0.843761411493283	0.825450168927308
-0.744484434987277	0.603465776911816
-0.91349929087452	1.10467726799988
-0.147614464685652	0.0997872108142179
-0.51894412555398	0.416520992015125
-0.843596356396881	0.883591317029153
-1.30689566625693	1.25510356532295
-0.471667769480494	0.389964823713158
-0.455645183553302	0.382706309275413
-0.71623008720771	0.57958977096422
-1.53262881247561	1.90636836457136
-0.889524516310967	0.79464125213966
-0.697030907648203	0.691538908152784
0.0432486749110248	0.0276376427751877
0.367692441198878	0.25968075856795
-0.345184048656888	0.308747124778889
-0.293690111167418	0.223700261636186
-0.633460426179875	0.522668586779001
-1.47116466543069	1.52221728092198
0.654807726795203	0.663127142889952
-0.821412873461077	0.875414705040429
-0.429738208181918	0.637275493967574
-1.4617446394334	3.50558625990592
-0.867453304874113	1.46867948359765
0.135757085024898	0.122923258430418
0.325733964256614	0.317073702204708
0.102554424614724	0.0671197785053396
-1.33991763385717	1.28424004897563
0.10310050152623	0.0740354845340331
0.477881417737557	0.42677624503723
-0.139422881283805	0.110485128074161
-0.975345720827484	1.19474709308708
-0.356451168402722	0.272964273972251
0.234653459918803	0.155726243237562
-0.0687931786638351	0.0393453895981006
0.757326889109189	0.682365723009422
-0.432714518470259	0.281378433304556
-0.36716453908881	0.265705638465369
0.658710440831625	0.544058481151288
-0.736077060957938	0.813571771540011
-0.827952295120231	0.708386861578121
-0.139628898072804	0.113047478050602
-0.424249186780045	0.326255550890878
0.0623260407246611	0.0419931916391238
-0.389571871182221	0.271640502396539
-1.40890950612486	0.962478880505098
-0.269330357119731	0.140521704371823
-5.63883061742142	5.08498762579557
-2.78728775284089	1.95098312380763
-1.18590539339314	0.878839908118345
0.165026064704101	0.102024695107055
-0.33741405937378	0.183737788127721
-2.3976156171659	2.14939814018485
-0.104846330058547	0.0488022332908262
0.209218551274745	0.13158577516436
-0.461540325251251	0.337966580866345
-0.258748532353876	0.157897723017523
-1.38089237256209	1.15972660987443
0.2482998700066	0.18908905772447
-1.09564209096013	0.745475916972259
-0.301314462285641	0.231606072062972
-0.523986373853765	0.365688603910264
-0.202979766655438	0.109100144218161
-0.21660285272357	0.156658838049616
-0.104578306732365	0.0620695671230616
-1.1285497878392	0.969529670311621
-1.28189431078039	1.37487219089522
-0.546182384215526	0.487809608454638
-1.49059513009425	3.25068117843958
-0.782972153613112	1.13430930088592
-1.3765120425331	2.02261966222033
-0.914188563589547	1.16843596901319
-1.04125049122946	1.04199286869594
-0.259650300801878	0.194021842795403
-1.0101127344892	0.666527812973582
0.695070153283906	0.609603452489836
-0.136465258335299	0.0927749063217766
-0.669519457945732	0.613605001763965
-0.822612028419058	0.641050079675259
-0.508687440178361	0.341132542585253
0.438138691700867	0.231865585703663
-1.52229087634752	1.11523197107867
0.367327805340833	0.242250455419445
-0.428847971395141	0.406822894928088
-0.52005184021191	0.529501145868573
-0.850829117390978	0.742312155598456
-0.184362296132802	0.135592659741418
-1.39754448403713	1.96474876743326
-1.6912216347195	2.61396604970653
-0.608990657913798	0.539167049250101
-0.571558737151792	0.525430103061684
-1.702582245031	2.05404963095855
0.309270365868502	0.265810129026289
-0.99534563236132	1.21502417493759
-1.12053903128029	0.787649017572996
-0.0903982243309831	0.0519597849674825
-0.0935265412724035	0.0526936185937124
-0.368269836346207	0.268571105541383
-0.0134207924546131	0.00873915779183035
-0.250441580594772	0.174549671869197
0.139710900679878	0.0902666576664395
-0.954382133468427	1.4701411116356
-1.93345431154677	2.70865983649085
-1.21860740152321	1.74580728419467
-1.08280887469979	1.48464262131301
-1.35986754495735	1.49458034791729
-0.495628142668676	0.536564379251428
-0.087015285520217	0.0673225406420815
-0.246460291990321	0.220673010590985
-0.584776297693188	0.606116372092746
0.0454618938264473	0.0312971268624834
-0.904996673176202	0.99418620055077
-0.846601057578233	0.932347069911875
-0.69787116195624	0.88792255104827
-0.148004736825972	0.14890308151259
-1.08933601280719	1.98206622169883
-0.582711153217221	0.847882591847548
-0.657686145804654	0.933366123876944
-0.268865787136633	0.2566310052396
0.790776925186899	1.05256691961235
-0.13437161563589	0.0816256319054448
-0.513304574388513	0.4403243192167
0.3748618117212	0.326264835710133
-1.74345333349148	2.53835538147371
-0.645433898426038	0.691496349372959
-0.529791978027989	0.513555034100932
-0.782599195829567	0.707412635974105
0.0878354153701968	0.0490296075384887
0.0481619718037225	0.0241698338859681
0.117712932846359	0.076807284138285
-0.44720162633248	0.460092405274068
-0.287208084129565	0.267374775640252
-0.795008337475587	0.665971814325945
-0.360868409115909	0.276163583411516
0.0540495720477527	0.0366881977576808
-0.24227315786909	0.202639959047211
-0.29606734024261	0.189559365763265
-2.22133327755928	4.10382721219603
-1.94247167223565	2.27462289597109
-2.27056952632209	2.60530225307537
-0.669083294894243	0.638165554611174
-1.1919385117615	1.05703089674884
-0.577802730892331	0.46522416262085
-0.715271610726917	0.717672451563202
-0.832608269049147	0.655895731295001
-1.72463132919394	1.75512730691459
-0.863396887003438	0.98507808345984
-2.23237649636881	3.6906389444105
-1.84695816855033	2.73321466551772
-1.57518707416011	2.0104817363066
-0.591130910871087	0.471413020756177
-0.150599366198029	0.104952440144811
-1.78258467971575	1.52191466970324
0.146647956222825	0.089641383922641
-0.927552856984786	0.868359405805727
-0.905519465579403	0.652555258323874
-0.774999871368365	0.638103958989137
-1.14367500064517	1.10210089842108
-0.273448138823519	0.18501284208189
-0.612777522316972	0.859454585207091
0.043924986200956	0.0390595509792242
-0.0858540421792828	0.0622146172282705
-1.3121558781257	2.13006088341119
-0.188674469269336	0.124353318508696
-0.484074913401828	0.404110437435314
-0.646234524548395	0.432842452914484
-1.81803978558731	1.91872934813903
-0.778004955967199	0.584049839949034
-1.73886608910633	2.1899354794745
-1.39673492552302	1.74412791364883
-0.261185868799751	0.172816521144809
-0.237778513012739	0.144755963602144
-0.0361858056228711	0.0224982351295204
-0.166998165110814	0.0924955210892446
0.440655782991857	0.232923085448148
-0.514274730811789	0.572119461678141
-0.898286094183585	0.981622865438612
0.00242388298892432	0.00224653684025263
-0.112544403045732	0.077291988213358
-1.61790214600239	3.01039210182134
-1.24345196915595	1.90237856784734
-1.86447890544479	3.82894693439758
-1.32433420295874	2.07914257440691
-1.05582689300173	1.08238947449246
-1.47687806116409	2.16120567170148
-1.19789468205568	1.47671262398538
-0.944672365650333	1.05498582520571
-0.519101291145461	0.553768190304279
-1.84720470572351	3.64512944151436
-1.34474431289681	2.40769707075281
-1.63627960150678	2.16477522830166
-1.7005464680462	3.38745790350672
-0.923429961584544	0.779310265914468
-0.290803392357504	0.252394382915194
-0.519740447463828	0.352313113793268
-0.773252465581945	0.590030084482659
0.158189076448972	0.0908555924395951
-0.285700296048121	0.178301583231955
-1.30580297725547	1.40440897883255
0.433704256700165	0.384195537788393
-0.514641779311912	0.441582222110983
-1.43279535789495	2.97987650887876
-0.416708753066262	0.495530013113713
-0.252184393390807	0.257798139029627
-0.40807519147395	0.471287848819441
-0.45196944352403	0.48902898462383
0.281787787217122	0.190554541939391
-0.48187629301368	0.295862615699887
-1.2414385983261	1.30127428846751
0.18364098054503	0.133080104269981
-0.284355941838894	0.264699014616772
-0.258257288195437	0.198752794681054
-0.27508680771895	0.224098630753576
-0.434652780061998	0.352707476033477
-0.0242553196364289	0.014615169222995
-0.858553480120326	0.825670829607769
-0.592330951044348	0.389104789034641
0.195156311417769	0.1047222834529
-0.469416615451015	0.271566032346313
0.518190624586057	0.407176893811521
-0.0334801055517782	0.0217948810864044
0.216146410662418	0.180849870195321
-1.13784972034063	1.45306798599485
-1.47600151827096	2.31405010152609
-0.803416611335071	1.21451445782561
-3.75320294103863	4.40086120930699
-1.3486232066163	1.83855995965903
-0.676986401872644	0.66470589196227
-1.18278302731363	1.1596416877965
-1.36431845212387	1.81935744483213
-1.27411435973363	1.62983190581749
-0.453071594372202	0.394266548433689
-0.969138245413485	1.58722508487025
-2.55846071581801	3.47069452694017
-1.8039821087239	2.94706546280124
-1.08582126418992	0.998783768140112
-0.519833406553325	0.427723310163583
-1.74689678840814	2.83539552749461
-0.367888490422894	0.259689196817778
-0.530564691227185	0.44015353715959
-0.972395938859216	1.34553585487434
0.305221387216446	0.252749711719133
-0.106893541548308	0.0695594225709122
0.105312884764578	0.0693187770582484
0.297400052690511	0.232441869427218
-1.04138788731829	1.68244114810138
-0.591428773387314	0.934696553686516
-1.01450243515825	1.58843485554489
-0.987684937636398	1.23508187495497
-0.349884911408125	0.322537580189665
0.335451366975592	0.23093587987967
-0.471626540624964	0.356006857202238
-0.412577810260572	0.323224410671753
-0.851653025313156	0.745389370920335
-0.342437870958064	0.286844484293619
-0.142478317559709	0.0946581194492833
-0.0282833593374146	0.0149924392746009
-0.125678405182554	0.0898565934654955
-0.538452162778384	0.337929364985226
-0.260029094714816	0.161717204869238
0.0482912157301601	0.0246184143082348
-0.532234329413223	0.410087719800722
0.819912607845979	0.705855143707213
-0.186084379810785	0.119988416829557
-0.0432890295952238	0.0260707071925807
-0.329224465650357	0.23043272052981
-0.308737712955559	0.2404278225665
-0.935023317682611	1.17505825926564
-0.971054179956785	1.1711852243668
-1.93926879700455	3.09358250232489
-1.72754972518121	2.99832666083771
-1.99420672537668	2.84477660222221
-1.16046853387205	1.40982572292357
-1.55205061259963	2.19179121299075
-0.301855406192239	0.23165800089827
-1.27934931342529	1.6494609077649
-2.63177376129901	6.0440504215953
-1.64436247711299	3.33902632830376
-1.87770642379667	3.20101237974954
-1.39992545070587	1.99297099664692
-1.67350816324077	1.71965713771877
-0.540303210720965	0.449127968073486
0.405602000948891	0.211784042950606
0.083638205661877	0.0498838470905183
-0.550003511065651	0.270928673682358
0.258737359088722	0.139011447947288
-2.78506201013735	1.86452507990241
-0.627451020753694	0.358805379605388
0.131126904992623	0.101085721442152
0.231361808439205	0.177798492777918
0.128253748697504	0.0963129044921146
0.181673714356608	0.141082884154898
0.17066794999541	0.126755913636334
0.117123451343611	0.0567718197757158
0.552637352817357	0.325334195058876
-0.541868677133257	0.267938331517008
-1.35008767631374	0.871758811374107
0.126645171374528	0.0616183525383161
-0.664051664085096	0.517988176268518
1.22241994049005	1.12415503132577
-0.403416032106341	0.206085651425203
-0.1443287201929	0.100915680859486
0.621712835773064	0.443685681148017
-0.361954909171158	0.223939284507491
-0.850451705339706	0.575437971366069
-1.08706681012547	0.996267669252767
-0.71781369430182	0.332647199964254
-0.243748186106643	0.137222953039833
-0.0929337221037952	0.0433853902345866
-1.77517767227216	1.14037590683176
-0.307159993259682	0.235949220351574
-0.179502227094244	0.0879606481761708
0.327458443372751	0.179082948693366
0.144703886969204	0.0712685862846057
-0.335123141544796	0.493573458903492
0.36775580608333	0.273992681754102
-1.30729167821697	1.21348262538625
-1.461769482609	2.65388027790659
-1.25153806075175	2.41184895953335
-2.15042103499079	4.37743203162651
-1.52075083672203	3.4886988827448
-0.819770268384017	1.01253176776671
-1.34093554679609	1.98711314593217
-1.49584469782304	2.2331255113241
-0.94942907751042	0.984378490239672
-1.0020141602843	1.34306655727639
-2.41469480880016	4.99486027631084
-2.21705396577679	6.20812176868302
-2.12892170294461	3.67754173604962
-2.01415776753067	2.55160175659434
0.165567183325179	0.111744179449639
-0.0442737556767939	0.0274232085473516
-0.944426214421782	0.899220915164862
-1.30601089723879	1.24110296542352
-0.102704914683136	0.04247396329723
-1.56243791376001	1.48009320489261
-0.268335976112737	0.139208375205597
-0.483518287774863	0.352927956598268
-1.18580409843738	1.02921424282455
-0.301845051524874	0.260513306830259
-0.0519035735865383	0.0408412013425637
0.0127136862121282	0.00885614789541757
0.127852844779629	0.0995322993498634
0.598739195448911	0.675999726582449
0.456553629925387	0.309066234747816
-0.764888305394404	0.494566717851118
-0.909890741763623	0.671090142087265
0.249027461743037	0.157585565006471
-1.72317872400896	1.77317256480413
-0.920154046654076	0.781179796565516
-0.0382153941895298	0.0248411223343118
-0.299891646482587	0.231750803382122
-1.40916549947945	1.61645305720419
0.233983785408916	0.146183018408721
0.102751888815939	0.0610123319767298
0.236437399957021	0.18125238304054
-0.0612479306759489	0.0366401612597294
-0.386506711987623	0.191005843117014
0.428176565772318	0.268740320151343
-0.120890335432815	0.0665750456595054
0.276169230402809	0.152116822038807
-0.194564461092198	0.104175753759455
-0.41073621565245	0.238861953890832
-0.476887011438727	0.691487807161201
-1.32540967026537	2.7388053923357
0.121796285424508	0.105565945876938
-0.347593119423075	0.336245421642016
0.0757148583740579	0.0548138604232512
-0.172090738902979	0.113115172950609
-0.132166330792943	0.0786780210737918
-1.10468602592905	1.39760559466962
-1.24697543614897	1.59017130070218
-1.3144300114919	1.89840943805151
-2.41678564692319	3.73324389231816
-0.646571748972348	0.585957263247273
-1.42025721838548	2.32571708081325
-0.807600592065255	0.81740233660492
-0.62286215868701	0.508222360763864
-1.3792663170687	2.39198760719888
-0.976384869105754	1.36231648170879
-1.66785066921181	3.42362403437895
-1.55865830448622	3.37529466909707
-1.05039735439189	1.0582036198806
-1.57818544373938	1.99580232773362
-0.883842224377896	1.02084438245524
-0.461612615713203	0.424190205325969
-1.14864860662776	1.10463593133069
0.242638993714988	0.178174996641477
0.00133646862301321	0.000711329348702204
-0.879367981818519	0.729144090179966
-0.554569370392624	0.498345125325934
-0.125191294318573	0.090653217992552
-0.938611473483299	1.35492306551424
0.348698675867625	0.375085902242058
-0.106868450182905	0.0927754045541869
0.0901688066493901	0.0787369734724881
-0.162015076488124	0.117440863819912
0.79222492088114	0.750332070834331
0.0316929579123356	0.0161109138101002
0.00526452803282422	0.00324106959873442
-0.655360024410886	0.507612566191426
-0.510924010388583	0.538001931184545
0.143467954549709	0.106812603633985
-0.303981971904113	0.229540463752248
-1.6023813200907	2.06110814600826
-1.04539098510474	0.82508941070338
0.251252013168552	0.204360829247673
-0.944419272166746	0.598618089934736
-0.283167220507157	0.19252694414552
1.50800908212799	2.33477525286594
-0.399239405157936	0.296800951308645
0.410672787424479	0.313400958310959
0.127004861551531	0.0621171313040503
-0.285316690851891	0.183017467055222
-1.22407055688148	0.880825485574073
-0.103699857508689	0.0646908970391431
0.369542789145839	0.242904071096254
0.0643981971204754	0.0387016357852092
-0.205874884641537	0.143372299629244
-0.647506395071556	0.725204904189486
-0.499364913369512	0.493415240747675
-0.374736746468864	0.417825963169744
0.526714912924495	0.621189387081496
0.136024365697622	0.0779793862503271
-0.592384978640302	0.39838382384332
-0.145495692575437	0.110940589206163
0.0649798341719065	0.037085721719072
-0.650417056649684	0.65460839444344
0.0131540695144655	0.0083982725048263
-1.03595063975867	1.05017725182991
-0.979477204895239	1.12753307000766
-1.24122980958143	1.2962524889776
-1.07750080398552	1.09024186188889
-0.816041990754561	0.633495429867442
-0.504607009063526	0.497736688932537
-0.869227390483372	0.705386436584314
-1.21567814476168	1.39769465096368
-0.597853556619507	0.398305045546029
-0.146638700796086	0.113110679163809
-1.9296194360405	2.66879451196315
-2.49390244817924	5.37391854660132
-1.48353086480281	2.33374965068954
-0.560138741052364	0.429868191792378
-0.191145573190041	0.155987245810773
-0.43632941183476	0.339227429304753
-0.597940399240429	0.446204774083753
-1.0360367605877	1.05147478471744
0.0523731519952395	0.0292423887977828
-0.0467327647096201	0.026536824773556
-0.386305824773046	0.264274538546648
-0.751470739933324	0.967455053283295
-0.505047535220377	0.594526637832516
-0.382850683620753	0.447181782745304
-0.254447921367907	0.306673040865325
-0.613100987988523	0.859079880784751
-0.473479642809505	0.565458420883918
-0.205528322331727	0.147463091548767
0.181448662089361	0.13648919574187
0.854764053748102	0.840331083558436
-0.624544819427698	0.556164550872985
-0.91941132076256	1.00386945398489
-0.731532594501754	0.887162521561
-1.97406261714143	1.95698092282082
-0.289830788158301	0.220386280547284
-1.00398566370655	0.773898237053485
0.212392343144125	0.148737941965394
-0.435665048109109	0.308356869342005
0.0427480393732183	0.0207230884755231
-1.56395650790991	1.47455959133502
-0.48334835785676	0.386762909707991
-0.593230582520919	0.579880169924114
-1.86048217264282	1.66246787967452
-0.796392145630983	0.598528404950831
-0.17348271283562	0.101480672324387
-0.974792090767087	0.855654318208377
0.169664026597062	0.0773489918051161
0.123399573521781	0.0776486373868218
-1.2858501318069	0.799961249898539
-0.294588508352232	0.198747250480813
-0.844948884017838	0.582387993499172
0.61371068467806	0.4589317255228
-0.0596514467791972	0.0343834002549675
-0.0765901825805633	0.0458290904076406
-0.585445923652455	0.420507437139423
-0.531811851406488	0.337477198454722
-0.689261298390111	0.831396895309985
0.0329183537137714	0.0269841670326114
-0.841726879068304	1.29997045860094
-0.318308343364388	0.303411648265648
-0.338105354211189	0.303472466223692
0.175196061879091	0.163358165267303
-0.638449429168448	0.753378576770474
-0.928686835826916	1.2543816320687
0.259416236176053	0.248461077162581
-0.324658576287955	0.276525222652973
-0.560813552537449	0.528205316741497
-0.210738642331578	0.172636956452763
-1.23204513373897	1.78786307883403
-0.621896942445189	0.618720996042759
-1.14637685237522	1.46970656521376
-0.307444398954649	0.249400758935752
-0.414856184993569	0.373394013271381
-0.2791292347849	0.257095316890477
0.399365424042255	0.41708838849557
-0.721972561119035	0.730880024102766
-1.28399734014063	2.19044374951636
-1.21676509846619	1.65215857150853
-0.42604730044544	0.375298442792874
-1.17228557210131	1.93308575287849
-1.3638156318133	1.49968346095711
-1.76503367730744	2.26193272736762
-0.878067360767144	0.934225614368391
0.663318447529525	0.806979220155236
0.571203564688745	0.702521346760956
-1.38855488203175	1.80056587092027
-1.11321457190138	1.763428025805
-0.685702167882035	0.777780679303025
0.305632606574819	0.2860996712966
-0.887611753442217	1.57398184866623
-0.672599377004642	1.02704069869402
-0.362739184697661	0.491446324530064
-1.04292288782634	2.1175920234331
-0.237214904603833	0.252836915793396
-0.70647818880262	0.612491875029438
0.302513856031423	0.183157391446552
-0.823673528025669	1.00545123831115
-0.296437289667211	0.30319215583463
-0.844283736855251	0.881014316331109
-0.138997294005247	0.10911330442392
-0.162404787646711	0.126996670929727
-1.35016160965576	1.48689434596275
-0.0726146450338691	0.0419022356167314
-2.10504382166417	2.76807989800899
-0.572475690270805	0.450710357555404
-0.345670574836054	0.260377081954075
0.191183941201799	0.137861544020362
-0.485787904261448	0.48238011369419
-0.771205008460492	0.685327298414294
-0.505248198454951	0.342875715193667
-0.164239523133376	0.119732598366948
0.082289554439517	0.0575569174233393
-1.0136324906479	1.09911912077574
-0.182798438595261	0.139590066635677
0.0198529013029671	0.011932258394714
-0.457240559638883	0.379481725614411
0.144368326371156	0.0917923926402616
-0.498949745367291	0.337148442083867
-0.678586936709328	0.467680408017285
-0.54817575840423	0.618015611409371
-0.10588158020193	0.0839025961874647
-0.597763967041929	0.508113357705033
-0.228906635072219	0.18339595045223
-0.124713257350774	0.082572184127348
-0.0914883461981527	0.0658692871077001
-0.450646721904376	0.518563111417861
-0.506479000045621	0.380207099835284
0.0275911085785136	0.0185534882440404
0.0210043275783245	0.0134674882622417
0.156141694056745	0.121894671399222
-0.370103994924763	0.34324310283796
0.0841084039462513	0.0554027626595063
-0.639139225173602	0.577726966660366
-0.564182435500719	0.643658972246723
-0.713445074838682	0.887084263651045
-0.168094673555829	0.150827034646031
-0.861702422582884	0.897436027603512
-0.0251699579322261	0.0145172695823819
0.538847035021642	0.664666247583301
-0.333593799702568	0.274242480728798
0.531712423485333	0.513670884088272
-0.263578209137175	0.197952964721813
-0.60858430304871	0.565482616438815
-0.260389395487132	0.196702808319429
-0.348039104321537	0.293465638675993
-1.22248391991141	1.37863063142237
-0.381885789803788	0.317453080610619
0.00857176690456536	0.00544234660205846
-0.637823132538276	0.676884705404375
-0.50515590899806	0.370249123351171
-0.5951687540369	0.438077797355604
-1.45210327980873	1.73947621025218
-0.455545747261601	0.38107681928759
-0.820057331373731	0.76402877142407
-0.956642839144559	1.22961309984345
-1.50951529817742	1.81244974604618
-0.252310785966534	0.19506965227525
-1.19713841574844	1.72249340012707
-0.0340008752225798	0.0258795624322367
0.011304874860002	0.00869687581287055
-0.841543556292789	0.917692716793879
-0.802639497362986	0.874682582492879
-0.723307587976315	0.687128853390869
-1.01865626640104	1.02685928300783
-1.19099179464144	2.04097439343775
-1.13285284615019	1.93890248099754
-0.916468624098403	1.4993837162731
-0.992034375792016	1.59465848979874
-0.459502194902307	0.603674260590441
-0.821444034841303	1.15232942617547
-0.155562025552109	0.116896531483029
-0.979917105575142	0.742655592982795
-1.1371964197642	1.2460264629135
-0.74905269726293	0.723636894598034
-0.474899467531134	0.38422945270324
-0.489169545285026	0.418983166317466
-0.750884035315075	0.770086437982809
-1.12015901158803	0.92115284373739
-0.44200225375043	0.286108711085041
-0.0857556938599325	0.0578655177705697
-0.661062853180669	0.506474545836684
-0.922389536683487	0.764895624945619
-0.691584878936168	0.534363551294523
-0.386605198441284	0.266308367630841
-0.702347222302977	0.680497973806252
-0.376402084793933	0.254424077824041
-0.0942652921132303	0.054047249327015
-0.697268886797657	0.612691857008988
-0.677787800166521	0.526671384077635
-0.528201969505786	0.406388921805257
-0.281301798855358	0.21359993529763
-1.07654679879401	0.995976239871428
0.894422193150358	0.675776427120264
0.30311704643029	0.197307399583777
-0.425066426370104	0.302840616570105
-0.462260905626454	0.428535664601098
-1.11798730888389	1.05882668968477
-0.970997695236279	0.944397648246608
-0.652120466688472	0.596554189182469
-0.971365682808814	0.832920352066711
1.05651329869848	1.15366806128329
-0.996812155919704	0.747556425160191
-0.0989735121063782	0.0610185114980934
0.085143651493357	0.0435871145537939
-0.451349256716563	0.396977316369623
-0.761866661101394	0.720222907879036
-0.452191029051633	0.36939065714633
-0.569435977743989	0.446438324038889
-0.444417982496539	0.386791632508595
-0.417641828608732	0.286260192661008
-0.574904744747992	0.54940099971702
-0.697066681272563	0.89045019560897
-0.410713187659724	0.427150692796973
-1.04479816935751	1.32231995272971
-0.484546078002944	0.429059862609514
0.0494317996518022	0.0362831676350655
-0.869839630609923	0.948154475573023
0.259486797660322	0.18644165161324
-0.351990873661603	0.332156467623344
-0.754138291991685	0.932339688321956
-0.310009981967056	0.227176820103962
-0.887323082247411	0.80150333162309
-0.163893890313165	0.125418690846202
-0.389701922809521	0.286368740503428
-1.01491839687292	1.0918167964421
0.201772253826356	0.179427400794975
-0.342671168810219	0.271996045247288
-0.63092204629803	0.563917233426321
-0.546640879390281	0.455291153526622
-0.581545483165636	0.378179829938681
-0.0792950434640229	0.0558836862395827
-0.657392843469143	0.749695821513863
0.159822395078417	0.122974661376162
-2.09550216523907	3.10364643207395
-1.08543351227601	1.71007189831345
-0.32990666852326	0.2417233614401
-0.733943586272346	0.693577722657636
0.575044195042632	0.69013754852297
-0.36868000468058	0.317893216431103
-0.392212238256393	0.345990679194996
-0.67500312004133	0.705439529948788
0.0433048195666804	0.0260105551568726
-0.502084348967598	0.457920707194511
-0.70451850266968	0.874040297003867
-1.14009074937558	2.5622039754352
-0.871105375540155	1.56011551805275
-1.10335434510472	2.43379251635053
-0.605412420472753	1.00062324007825
-1.07476673632211	1.61336002287299
-0.0739590977402936	0.055729076517116
-0.522988503009738	0.507627308120475
-0.622340447374772	0.697937726986241
0.220923969192767	0.177418178763029
-0.526171104641108	0.454579977728772
-0.344548761577494	0.267806911746351
-0.728556450258938	0.8539746357521
0.187304744659579	0.120437799057544
-0.517558045131651	0.395896476387082
-0.719490158055406	0.81749511188187
-0.550227875723762	0.420406607393883
-1.96917554881452	2.38898090394974
0.0794695639536557	0.0500792981344855
-1.55817790917665	1.46700631687946
-0.979278774783262	1.02969561711481
-0.532692273653521	0.467192004777122
-0.350712683701079	0.26170049735204
-0.629908949950738	0.596166494876116
0.350499476069992	0.27430421764512
-1.54546208224845	1.40781119217257
-0.229124629141964	0.185529330773963
-0.590271540925542	0.595206743609782
0.345656104656638	0.223906260163274
0.768108309596135	0.687677536556823
-0.577239406849034	0.52543832149534
-0.268112438435951	0.210318599812941
0.36383066993018	0.360517476791088
-0.354915640557271	0.300836957611814
-0.210639701905137	0.165555717828974
-0.549964011174828	0.521183513753033
-0.0142911343007969	0.00903020204014787
-0.513465052581748	0.465775024277895
0.0290610232190392	0.0182533645012514
-0.890971002694286	0.964216963283581
-0.931631035454565	1.25381325022805
-0.423916739036314	0.394387260125141
-0.522391042902084	0.510565268513689
-1.16614222163145	1.39931703983243
-0.423246526150148	0.424496054283232
-1.49922194919933	2.65258327262769
-0.727544772482896	0.770246137477634
-1.73211355040071	2.44473575220032
-0.947608005287413	1.13887894389347
-0.283577580640513	0.238244874511992
-0.861189314766309	0.898470325784805
-0.609068794363448	0.630827060599514
0.0316700717369814	0.0244473219062715
-0.379156806239844	0.423991234217675
-1.20167874541964	1.86774742306416
-0.259619935113173	0.235407505940998
0.108124113640685	0.0832765342289691
-0.0164257540394144	0.0112647852579983
-0.413133402515871	0.376840524732519
-1.11091810010202	1.03608031382996
-0.563978835536074	0.475229187321224
-0.498830504960665	0.399299415831548
-0.502435594510287	0.477932559653081
0.0602252261480303	0.0417810560699133
0.549032901173661	0.526533163610939
-0.48737818667204	0.481390934554482
-1.18559713005826	1.55362636474723
-0.797157575105221	1.05045108838843
-0.833805011451642	1.08563815052712
-0.769578018481537	1.06744720928154
-0.624960760982472	0.510880045740822
-1.42497603118724	2.63853615790179
-1.09004097978526	1.35849195504838
-0.995629960211214	1.32215177309384
-0.821737941179768	0.965130199018902
-0.637789483146578	0.706598897330263
-1.93876351052449	2.65388348408028
-1.09126592581255	1.25968178272723
-0.667917348052208	0.963640676459614
-0.200080277093797	0.244310072927246
-1.09775680473565	2.32855111706595
-0.862115784945212	1.57018867086849
-1.866269769788	5.3442387314551
-0.448000090743701	0.624246233701922
-0.932536335624638	1.1057738955789
-0.798167336551207	1.08416065099645
-0.266684038842668	0.231283652684082
-0.687289323988252	0.995098177226052
-0.0369956048571963	0.0297771908866876
-1.06145970023379	1.43389952783137
-0.730192312685909	0.900303631662436
1.34623262123755	1.52383394348136
-1.30410965993301	1.04457322697779
0.179147715493076	0.159223154362949
0.155710944959778	0.115812858277469
-1.0367528862707	1.04010742571621
0.0538526464181591	0.0363645096357049
-1.59104203274483	1.82497432100962
-0.340751638970956	0.327034598045215
-0.722654203366747	0.755256282427124
0.0496269743908785	0.0310765367330568
-1.72843073051191	1.47813191371963
-0.0479630018005059	0.0280833203424844
-1.25763629284915	1.17365404821455
-0.674896016243028	0.577517673136956
-0.796860218480839	0.737571601906167
-2.00037997351134	1.98395429807456
-0.342973366743336	0.229177824546382
-0.184264292074197	0.116366993333123
-0.108484083481604	0.0711434948752446
0.374605084409946	0.249024187864251
-0.666783685308568	0.563410329280707
-0.523132693189257	0.64882945141026
-0.32468066753445	0.289259643664899
-0.4729570095864	0.414383765357403
-1.02333213762645	0.912769487822909
-0.31789649907442	0.284826887368671
-0.854558879472841	1.01207820652552
-0.700421021790902	0.53804288350938
-0.464953649596705	0.505944736636161
-0.907116845838008	1.05702768345373
-0.689716058316372	0.639922929571973
-0.716911908388987	0.845622449597917
-0.308568245160252	0.224587642821237
-0.385867890311678	0.362167734410507
-0.104310188290226	0.0621388984736962
-0.00395035086560844	0.00222260290302174
-0.219772559440925	0.171692624270914
-0.563915024432918	0.405834099036213
-0.619734410325702	0.569016862247524
-1.14554958356497	1.07401882491355
-0.656982599707279	0.593578897186275
-0.051244832374515	0.0367681438726848
-0.787944515303653	0.72610088478721
-0.382750208571961	0.333423486883466
-0.501179735486937	0.565919282452932
-0.862541813866893	0.892795038126881
-0.684674483689314	0.590467684117773
-1.2546283056689	1.44569805394853
-1.2366433164328	1.56214895931142
-0.350216407560787	0.271549641165443
-1.23970560916935	1.79695408704128
-0.724093501508665	0.916480119538463
-0.335213585852909	0.275612450816565
-0.0661615323142746	0.0478269049321174
-1.2183393116063	1.39187627800447
-0.972711201170198	0.950420563115197
-1.11926890084055	1.32308615298464
-1.02606921839436	1.45921935815456
-0.0552690271776829	0.0380912544698484
0.858216995041994	0.696350797238769
0.237744253956164	0.180474290731932
0.0262839704372845	0.0190723994260606
-0.704387767391122	0.537912117853044
-0.60337332491841	0.451685028075374
-0.191317516508382	0.147995735417373
-1.35155723661148	1.51714525901705
-1.34851573998944	1.99278079689355
-0.614130674215668	0.729966870625333
-0.553567576501363	0.509113885254533
-0.463032902762686	0.517795903437953
-1.39940219749765	1.60068670734525
-0.166209341699083	0.11893443122775
-0.565001825044599	0.491647753899097
-0.817493085872194	0.929110114890156
-0.679110327828221	0.672400076446745
-1.5260756855131	2.13889203415757
-0.720186839017347	0.888688765602368
-0.958701079015397	1.55707271056188
-0.910852068977759	2.01999622442404
-0.773476004187327	1.3106125173873
-0.479602592220419	0.524734357373034
-1.06629088079984	1.66008366727458
0.089855595177189	0.0580732025869233
0.388076496722976	0.306224709498247
-1.07045804366366	1.16140681720515
-0.685077250435324	0.789579135087002
-0.697768237797975	0.734273959168008
-0.798148418153949	0.73964081536273
-1.0859631248545	0.996646918014772
-0.309264060548448	0.263490039581281
-0.0267440937834518	0.0167772500517437
-1.87023144438814	2.42465732642086
-1.18323566232312	1.18409047520438
-0.924692727569919	0.684319909462777
-1.20039957828275	1.08015103987112
-1.8496770431468	2.0087744960369
-1.40402654251015	1.38433501107286
-1.07880355577163	1.00900473340736
-0.839616406899713	0.665645632916749
0.114521134820042	0.0559537047757896
0.24383829159863	0.182213995004898
0.0640880180415024	0.0359633660175542
-0.824496286679922	0.642007472047318
-0.540521283629324	0.335104274287587
-0.351645967549748	0.211574923097696
-1.42790241424746	1.22119910505564
-0.224437517314597	0.132908696695238
-0.502090083393977	0.348864581165707
-0.700017486080212	0.553400705872909
0.195847613586411	0.156756988602845
-0.573419220610006	0.484130015093758
-1.3577811338875	1.33326855045027
-0.350918814279993	0.235262459447182
-0.384180971649646	0.394393400834627
-1.97480312192106	3.63001354245574
0.429925355414983	0.313417162779061
-0.278439567487911	0.220231665462186
-0.525824591439632	0.424716835900773
-1.09941664662534	0.913473337890133
-0.59777813096341	0.44858925396321
-0.496406946317416	0.417360105817541
-0.618168263384124	0.406385410448787
-0.883760062284566	0.881528012435633
-1.42794058116243	1.81676695842162
-0.577324349457414	0.589280691121687
-0.576968673572344	0.524842286980436
-1.44795147593866	1.89079953552981
-2.21121790002382	3.05773032115794
-1.34222019596067	2.26329530654416
-0.573988291320449	0.628112653062428
-1.75198235781412	2.17609159208175
-1.60970855379033	1.84404216826779
-1.53876600099368	2.37013040539419
-0.512123543972066	0.418108066772863
-0.706432018676223	0.757172592234036
-0.488489654454172	0.564947272625056
-1.22931175168068	2.27198450365801
-0.333823818049055	0.295587236253785
-0.34030825777104	0.31228449624817
-0.399867834361831	0.294582158119837
-0.191478063013832	0.133620496252625
0.0580816328107601	0.0421753241271621
-0.889880336561312	0.96570939189893
-0.271383598440578	0.224862214286977
-0.0184577676586772	0.00980542451933375
0.245320091072561	0.193663334736755
-0.975303463563547	0.960534258697376
-0.235001571474608	0.178619940886903
0.812468417044707	0.850617666461115
-1.57061367770418	2.22870164558243
-0.720514387227711	0.742099622404217
-1.85284470015064	3.13444926022336
-1.50351705461742	2.28281998131929
-1.03068447350678	1.14035074287673
-1.26241508037201	1.62351856980776
-0.601218604465276	0.585255972661924
-0.850381939196649	0.948641343923485
-0.52366287934883	0.497303482593485
-1.75258306302775	2.2174794327976
-1.50636707885052	2.04463104616419
0.104773772932604	0.0658635814603902
-0.893204125419893	1.21154265872824
-1.25092552701056	2.64659141155803
-1.37847081910663	3.08725655940679
-1.39449826921646	2.71458835374711
-0.709096502519277	1.18413329668774
-0.969917036479196	1.55573752550629
0.49087877960451	0.385733759311609
-1.43697931843386	1.84396756270909
0.224253205773274	0.149434911825367
-0.524118700237679	0.406811835453749
-0.790738684671865	0.833892464743388
-0.541316510453675	0.533172922685923
-0.890442037266666	0.90215210464401
-1.70883315936065	2.06888869125549
-0.660443119474819	0.51968425224404
-0.744367340005639	0.730731039009503
-1.28473248498335	1.04011068277439
-0.533049525653507	0.397738559723115
-0.487495604272712	0.418331371676609
-0.533683154889063	0.552119304218536
-0.287915908830519	0.218589805515997
-0.660310954287803	0.67214669793306
-1.00202005688992	0.656373926008983
-0.90925925416971	0.537689014884635
-0.694722047356972	0.691415945827907
-1.09189831736422	0.897762107011426
-0.0949184135838067	0.0646158174219561
-0.70696256635511	0.705336279487238
-0.462999780822468	0.338689811666858
-0.65419333866287	0.553983473826501
-0.483038851794641	0.360396902739558
-1.29846647724378	1.03523351740669
-0.554870746520017	0.418101838130465
-0.835335569812341	0.734307493158198
-0.494039456160587	0.426217340236195
-0.750038979228281	0.723824513307737
-0.305347245250087	0.259721929182284
-1.00321441407441	1.0851866870881
-1.57036594971786	2.22664373599501
-1.01473047853207	0.782994398685991
-0.650437785261105	0.664415434596761
-0.39970261403719	0.296358706266989
-1.20236269404144	1.8061023539051
-0.905179348732311	0.819856020011256
-0.583122826340392	0.471787840839564
-0.711338430026847	0.659242659130375
-0.805141417097391	0.750023826111649
-0.824474165614854	0.780797645796162
-0.466821760088381	0.333542328988207
-1.66616600420535	2.00144974647969
-0.131457863354989	0.11190506139077
-0.361234526214339	0.311264751084273
0.0139487054275597	0.00798755745617377
-0.0955806179565161	0.0655077697553868
0.00410640876074198	0.00217728539281767
0.0273894400656621	0.0138299990426433
0.452152806071561	0.371182660937244
0.292515676050224	0.220560724001525
-0.276697874275418	0.184503335207119
-1.46045426979585	2.32462857337398
-0.859138592881641	0.821027103632016
-1.01110669220567	1.09867986909153
-0.586803831315836	0.511075345640198
-0.342561599499893	0.300644872905447
-0.557947989101855	0.390173702481229
-0.707372288734145	0.717623156431229
-0.260289112548771	0.207802816419102
-0.630202907664057	0.693275528287733
-0.356978634896257	0.318104638995674
-0.619327713466019	0.547960140587869
-0.912072393665246	1.23494809755258
-0.592803436614955	0.550128133471142
-1.64487319940299	3.306286815137
-0.529451777989812	0.842358406335616
-1.58892130379805	4.82183699436418
-1.49048904019733	4.09392239681695
-1.10182130201243	2.26841991783189
-1.21020503494023	2.0879446868503
-0.815480869989727	1.10573859216139
-1.51155207722642	1.60255064535976
-0.99038525210704	1.65488710923071
-0.505135377427181	0.404584273779656
0.0357345695657693	0.0232737143970936
-0.546222520843523	0.568729079377329
-0.0202713509750819	0.0154044803980628
-0.690567003981106	0.530765403880011
-0.921993695026053	0.665473581931587
-0.0946134061692458	0.0516085127729761
-0.519567823916213	0.351711933357714
-0.356525737156035	0.289113421876911
-0.430478383258834	0.400456916451085
0.174197121667214	0.125199402582943
-0.378932685645829	0.275482048057756
0.374883735216986	0.309298953531158
0.883794808461046	0.91734038184715
-0.800981933488708	0.792165351746426
-0.488842329180986	0.390116533523802
-3.28449245204725	2.98322162204141
-0.930881040311395	1.11183121504529
0.116745744914683	0.0569802152204347
0.230527811471471	0.125918626783856
0.273665402144857	0.164534308199995
-0.623599629454129	0.366923367607579
-0.782344952555576	0.516795107240483
-0.624721160611383	0.458700510069018
-0.014746815813267	0.0100293976933974
0.1210668179002	0.0909811087710381
-0.7577257050055	0.624926698525422
1.30781222758649	1.7395891508447
-0.386170408294006	0.285160748094158
-1.57286227305289	1.72241505731663
-0.55663502564304	0.469505471329355
-1.13880494846647	1.6819228468503
-1.47308453090474	1.56435749754736
-0.283473348935693	0.256083559439246
-0.943485961406748	1.0583866056382
-0.834541390237901	0.769914557648708
-0.363688209842435	0.246019700514884
-0.475433652926158	0.309835568271981
-0.503790835306317	0.350124311037362
-0.310836086852272	0.149454761480321
-0.182192495674012	0.0976864013039827
-0.18807972036961	0.126154636614916
-0.0764538118157168	0.0442182913619534
-0.653241033334892	0.556163780085933
-1.07387306080378	1.11976592410507
-0.367770640763639	0.282894779741981
0.299799576890586	0.247927699844476
-0.837836156448259	0.781749507681298
-1.52471898381177	1.11036373504914
-0.794105974741879	0.857111362687588
-0.930984874376098	1.25265785182278
-1.95842726132235	4.15565699242232
-0.416013961611494	0.58107512559898
-1.9318150717281	5.17721550149588
-1.33231933393349	2.91900167584326
-0.539556866856258	0.622465851603592
0.111044118396287	0.0762958621015524
0.278201195385698	0.20101912545556
-0.717053080752847	0.754659808315557
-2.17271761610856	2.36227737341875
-0.179267587636866	0.112705924333074
-0.937145645669765	0.963453292221711
-1.43022458678992	1.42515681681746
0.152334349365145	0.0921362622347203
-0.718558574168096	0.439925414266805
-0.736790392818743	0.472978913893475
-0.168276404507523	0.0901414909387573
-0.541332414093698	0.380349429783156
-0.18086977182526	0.103973823612543
-1.13255678154168	0.809554698180296
-1.25576190760293	0.74411668983254
0.121252146796601	0.0776741249157319
-0.727174843549531	0.534366617739465
-0.408357935309866	0.277729164597021
-2.07812721997821	2.18066340076917
-0.323805864119121	0.238783472835461
-0.749942938214884	0.465876819917864
-0.484642800784403	0.353149075272284
-0.672585980903313	0.466599509180995
0.0558142988327464	0.0246938037002095
0.179499934837633	0.0802907435958433
-1.89558806785587	1.77211438317597
-0.120234938456965	0.0554172042814107
-0.088495959772373	0.0507723992462964
0.375735714277456	0.292991888511403
-0.292750855318719	0.186387199547663
-0.672518345946241	0.565634272707167
-0.355093123787486	0.216907127975082
-0.848971485454154	0.744816064914843
-0.604761647027928	0.351756766626595
0.30737594846131	0.226624910044681
-0.602405577645494	0.488194347988001
-0.41415539457923	0.268510988634943
-1.97253136313039	1.39338578684144
-0.241735323530969	0.147615221815917
-0.616863840871866	0.456939796883721
-0.71201534889167	0.702593628385008
-0.172491879408648	0.145387246555263
-0.731820086639416	0.782887075981976
-0.892649044822048	1.04391236719121
0.166669215077862	0.123646663042219
-1.58200554331921	1.77022949072332
-0.351102174337657	0.372900387698867
-1.10300200719163	1.36939472337167
-0.497054343291703	0.440871379072291
-0.721516589338726	0.89864626541073
-0.745059584170066	0.733136984102012
-0.565334381377898	0.593108962926713
-1.05188179251869	2.33161132650075
-1.70066010231949	5.81286671876106
-1.50747034415247	4.29512807789929
-1.19887253272961	2.69587434040747
-0.509159112548497	0.649666872294824
-1.83523165789883	3.3081889767003
0.364211929585205	0.349452817562181
-0.916549583231051	0.851487755546677
-0.544294532781023	0.515800566307339
-0.516955511569587	0.641128639063784
-0.556308097831932	0.497083664628097
0.168315502356807	0.123140273685336
-0.559624717427363	0.399622286221752
-0.471559977725367	0.247563235883154
-0.406892768496185	0.3433830786407
-0.759547372754281	0.84553309646681
-1.44197121304458	1.50419970141966
-0.47923778094988	0.381817083430137
0.401618928894219	0.300916894211605
-0.26880036702128	0.165390865340295
-1.13797286616869	1.09089745386619
1.01477703152881	1.21751703625449
0.450273385070301	0.34384416761067
-0.116168773782386	0.0479999269608807
-1.15252944717593	0.958856980405938
0.071005122771885	0.0395719627693694
0.916041380328082	0.581354152307378
-0.86578692569703	0.789826316140993
-1.41584500246609	0.97193008738676
-0.496957456880912	0.260544374070542
0.110583376856579	0.082534359106681
-0.0518915391725582	0.0324275676355328
0.651141886400654	0.826208692309547
-0.0991257867432374	0.0616402632070398
-0.300036731322905	0.19148224855241
-1.30137765808646	1.41092649700461
-0.467603569745655	0.303476227004359
-0.511406984722443	0.383521257493564
-0.339618855493746	0.225972160457125
-0.738542169112509	0.651751092518186
-0.262948225876848	0.237548868480393
-0.317134694369774	0.262987715078857
0.651343292078476	0.701752594016649
-1.21564152357166	1.38013392123897
-0.455251276075235	0.45505740701845
-1.37553314659507	2.2393110216939
-0.865761494280605	0.98709554207944
-1.37581488934531	2.33585520990044
-0.61253166909825	0.568725002898686
-0.35749147520298	0.415733069611863
-1.45477630097327	4.41036779532686
-0.114039703694351	0.113078149428626
-1.36911907533516	4.3340630313846
-1.3610363186709	3.53900879483391
-0.608676396551338	0.828297047813131
-0.729370263479764	0.870550855987456
0.25222090752176	0.185014835013922
-0.728405453797188	0.899243705276258
-0.68939222385854	0.791132556226752
-1.44951457640126	1.7517661659514
-0.77891454602098	1.0973941515398
-0.737501159893865	0.798942845022534
-0.958537579362324	1.06831756705604
-0.442516356856071	0.25820957929775
-0.665494450834422	0.650529431209827
-0.521265501695333	0.451844601416608
-0.457159591473361	0.298689476887955
0.387041084124527	0.34929330269953
-0.476667292615445	0.319843994316004
-0.813321069229838	0.770301384207414
0.645250054849377	0.525943382314399
-0.758083798382397	0.788299863362167
-0.0486307999851233	0.0287467288743776
0.00449312095149405	0.00278038181261781
-0.608145202171475	0.457596209187611
-1.04144548743883	0.937598694419628
-0.276573251479079	0.186037542587833
0.367482945602356	0.223109003666992
-1.19203672639381	1.04495251624991
-2.58643446746372	1.64415513789665
0.35268717160315	0.232012520329971
-0.0908733696257214	0.0628903650854917
0.0578098194694477	0.0357720906600386
0.538517895260586	0.478083290092407
-0.243246543634676	0.14961834527698
-0.756317761902144	0.564846182707745
-0.529393043932446	0.460002003492683
-1.2270918510532	1.39055376511836
-1.02416853004696	1.12435292533461
-0.474329484728831	0.413907043961959
-0.509339213307048	0.593759223098065
-0.758589699721304	0.969823836661883
-1.14984523671868	1.36233286650699
-0.0186738075492938	0.0134574393461099
-0.683246944845206	0.754439396897524
-1.13573344887047	1.33663045812896
-0.900983226302502	1.18212777654718
-1.64668503690063	5.10519724238353
-0.991596216410022	1.84974149379729
-1.41051113827743	3.91546930563477
-0.773411754056407	1.37345434348429
-1.1904246321763	2.09615935544765
-0.660050974406653	0.738085682576068
-0.541782862446188	0.447613175067483
-0.379949342517971	0.398136943019591
-0.584646741373144	0.564294811980433
0.035355423645999	0.0308644298006682
-0.672875394393785	0.875648462872851
-0.163686729542205	0.113674419142171
-0.422774198954648	0.342906639098329
-0.905287475824976	0.652753334882106
0.814645368839006	0.68468280228258
-0.130180093857676	0.0812678927216117
-1.58405795254615	1.78964880300073
-0.760602691283789	0.619025318548755
-0.182096483935256	0.121886464768587
-0.534048468800325	0.44636977135984
0.863654698638003	0.699302589873129
-0.739900184252908	0.722094903176693
-1.91931321705385	2.65517780192409
-0.0129395384943123	0.00725705167185177
-0.666238690487954	0.56278322137543
-0.555422939036412	0.352863250987656
-0.725322581317924	0.466059216075195
0.380095317883987	0.252328135363801
0.886136831170092	0.874774017996897
-1.22361565606877	0.936646356343195
-0.0501733327631716	0.0236157558329601
1.3140331971152	1.71750407515227
0.379828961303524	0.349325007503997
0.139312693472101	0.0897496738708875
-0.119410566341849	0.0752427995559829
0.745992327906046	0.735851543541237
0.416404461214724	0.319268730329724
-0.682683846099176	0.473945596309256
-0.295292624351598	0.215326565520355
-1.08812407519382	1.4379988465056
-1.7778028254823	3.19281102466611
-0.763746167082994	0.681656310546542
-0.615831283723535	0.611677892221915
-1.13969527208007	1.56479043906671
-0.18090317944477	0.168478709005307
-0.703256702835414	0.906168522128115
-0.752468133627501	0.86658576004132
-0.571569864287825	0.603370222182037
-1.62020651313858	2.32440352669263
0.0604202324895129	0.0472780712699256
-0.505818548009135	0.874738732113323
-1.20959235501428	2.66835034952805
-0.784519818903998	1.56896864474096
-1.0247194794544	2.33766421319702
-0.924071339326542	1.64241280598673
-0.0769383688970573	0.0588084008473671
-1.11837164650752	1.31909965589055
-1.16158859110579	1.90080714869467
-0.349955656232537	0.341782972637566
0.213871644015487	0.220495201236926
-1.25058022740338	2.42236355128849
-0.260774375268347	0.195863841871514
-1.06150009736623	1.18069614210693
-1.02378057881869	0.805953904841513
1.26845636689328	1.98224936915673
0.546809653824257	0.462248455128659
-0.812883593577386	0.626655518796366
-1.39429114153451	1.57657847666441
-0.666639229122952	0.724744199967075
-0.84300342580579	0.812236954129951
-0.631475352052746	0.60154123249659
-0.854628258773232	0.811579570472545
0.348241246885082	0.29391161539448
-1.21807690782254	1.0807285369776
-0.696936557806786	0.558720533135182
-1.01365338455912	1.27453804368525
-0.12245899874221	0.0665670986717444
0.356795844644497	0.275824157894483
0.0893235452208739	0.0534584389447292
-1.73938228300738	1.47371248213644
-0.212789673556567	0.135735429129131
-0.812896980896394	0.523337784841771
0.45199471707314	0.345868342927595
0.0516844821648085	0.0373644367705836
-0.16231238988091	0.134478624813104
-0.434324924027253	0.42395390877539
-0.64792604703752	0.574780233033554
-0.174708796488281	0.141792830939495
-0.0468376585392753	0.0291647150385062
-1.24011784833981	1.30680972325137
-0.2325324803895	0.162636029287436
-0.415544893895035	0.315386189856086
-1.30442426308373	1.37435733807072
-0.115005579540273	0.0888804459457655
-0.4261835906927	0.384060536267297
-2.04694232694213	2.09964275146159
-0.522664194645497	0.399708348938665
-0.146012681831356	0.123215306293607
-0.57225401023968	0.657725570388009
-0.863217880991782	0.687865440310597
-0.772354120437455	0.701316898476108
-1.52420425911304	2.09320804650703
-0.934231817196476	0.878758861470913
-1.53901480096955	2.60167964795258
-0.974239370460249	1.88375018452914
-1.18307904419615	2.67733709744607
-0.979159328952291	2.00141580736906
-1.84468098390037	3.66151144750631
-0.655572870566858	0.982298041887996
-0.903611110130877	0.894273126481531
-0.700551456193487	0.692986777872962
-0.0860041706276275	0.0599236215135132
-1.30350999814438	1.57047520707611
-0.353315775594606	0.272633530348992
-0.336567860018195	0.340422598471907
-0.67854446546026	0.708361242214484
0.117185796984877	0.0704906610565827
-0.881851553851595	1.00998270681597
-0.938228387865647	0.958947812412621
-0.700029420778306	0.548015781691031
-2.34229895788437	2.05976571466564
-0.826986466673456	0.969475441423881
-0.542057140439827	0.44606205208907
-0.860988556467527	0.834158361429531
0.283005662034809	0.169996355560353
-0.469630277640166	0.388713879360362
-0.531585985482071	0.442057727472069
-0.462056701020769	0.270929954585788
-0.726696448074727	0.532372621825876
-0.545312211756892	0.428223880606192
-0.584187162787993	0.488801959886188
0.270040448714707	0.159153576350496
-1.41879994929337	1.42590958807131
1.14238458324448	1.10892009392707
-0.871822379457765	0.516452571630243
-0.795127653146716	0.537604245742845
-0.882773874190149	0.613498184619377
0.519653524104741	0.435310910314801
0.0253641530163359	0.0175622172892203
-0.989453490554081	0.867074909880403
-0.648766252813679	0.538626826405332
-0.577935153020227	0.487117698504748
-0.595060247696841	0.465644503200766
-0.264260897484296	0.200307674169315
-1.65372197099249	1.32604352257603
-1.08208144189741	0.882144721336886
-0.0530293551537786	0.0304153256241416
-0.830656218273471	0.712330006648325
-0.62829129931822	0.58194435868243
-2.07680314524927	2.15965380127785
-2.05571104821849	3.03882350957931
-1.54020188425936	1.39272073944607
-0.0221623370475482	0.0172566138773524
0.111377457710094	0.0888500825790617
-1.01553310007187	0.784435308262089
-1.25878086931025	1.31598306671936
-0.264012957964915	0.224251006099812
-1.17463237286052	1.27157669362859
-1.7907634773707	2.23443239883661
-0.457215154210729	0.458074573746336
-0.422050672765478	0.335973132507619
-0.455382053848571	0.395380906686253
-1.47820578161999	1.9699593296708
-0.68789674895557	0.706767321597462
-1.18786108164339	1.24500725356413
-0.776755865838818	1.17888348136282
-0.827451292092048	1.80750753541199
-1.36954612555596	3.67422549644452
-1.2294655915278	2.92546826764166
-1.11603972308519	2.48857285804008
-0.747835688255624	1.24625081425271
-0.825600299940167	0.856291278169997
0.0768451112103232	0.055488691419427
-1.05606824731125	1.5963934877016
-0.0643452391094768	0.0461530366970723
-1.11675497650209	1.28170995167503
0.162939584442652	0.124577969358631
-1.3265273631169	1.63089246480023
-0.730715889245786	0.736277065241863
-0.82831421399077	1.07496995552343
-1.90725976620878	1.80808992134641
-1.95420431670707	1.85275335064022
-0.948567793080305	0.905540582989711
-0.568771924483071	0.515096330102426
-1.12291071808523	1.09830821292592
-0.949366160502789	0.798328274880455
-0.818456773526101	0.634938723488379
-0.521237432130839	0.503829303651243
-1.78538827678971	1.52414764835729
-0.996780534008096	1.0598575667895
-0.908408143497172	0.64892061539177
-0.42354083101493	0.297301863016985
-0.339553057288849	0.267073027454429
-0.188403437653474	0.109479528572062
-0.42484599689943	0.316190153832313
-0.816174802899763	0.709520821927528
-0.724112560989576	0.527298040961682
1.19243973220452	1.69384240822963
0.706060366848215	0.686789250829631
0.328532036565798	0.295846996144872
-0.246684440993494	0.180260221781158
-0.192310272663528	0.126911684490736
-0.440367348714696	0.389854334713512
-0.54570794071189	0.426358906587607
-0.770931722402764	0.69920341256455
-0.379886005898925	0.25872960511331
-0.388058447005487	0.37697613210441
-1.51206945848821	1.84706245181916
-0.276172349523754	0.20000766567228
0.212245234874492	0.130985897249217
1.01412160807264	0.782902772096468
0.722648146218415	0.609761631290052
-1.2043582940184	1.23018215392936
-0.873209261858199	0.929159013415578
-0.383584946843667	0.276026754427266
-0.468012504797048	0.463130023553381
-0.934764541492525	1.23281620735312
-0.198114831058071	0.12597994080762
-0.884246348064366	0.937883412246865
-0.340857939766777	0.25398480838995
-0.971174206939074	1.27842423593053
-0.700545790182921	0.634477403340808
-1.27703833141594	1.79572220765681
-1.38141582718579	2.81724324236065
-1.52952746496425	3.07299374411368
-1.28706912414684	3.26782923029028
-1.29612025381533	2.97143416367322
-0.0257029927994183	0.0238999583250574
-0.99577687496964	1.20665303496668
-0.189366438914825	0.125178982122124
-0.496245164984859	0.48166249442546
-1.10056994507147	1.54833541994912
-0.17476213340909	0.145298179172435
-0.597163432946965	0.590939349288749
-0.687079553927375	0.672128167017758
-0.443340124301301	0.31872940466464
-0.397527838635707	0.247037220671475
-0.666490657679419	0.457314674044962
-0.775930351026112	0.637648656636142
-0.408261923157493	0.360629963673083
-0.527037135685902	0.404447480071043
-0.88602230499519	0.527455276320531
-0.327216201628657	0.177139795064056
-0.288435866787059	0.149888679581983
-1.41066611635696	0.964600150642255
0.828048605119481	0.432490267457233
0.409704494868647	0.21396261821009
0.552303565363682	0.461231620275091
0.0644823324409584	0.0494658039342865
0.662112836553569	0.504470308973971
0.346423607852062	0.210053758420044
0.793603805984715	0.910538008028202
0.511049375738171	0.501842339250929
-0.101093238966715	0.0503110792399365
-0.866933490145237	0.599288151841634
-0.834446483702877	0.559333198293975
-0.511630531370832	0.353570937770397
-0.287337917761374	0.217148521654601
-0.420807503988101	0.273960264664633
0.818482657484969	0.819255704160743
0.508647175027019	0.398376380858115
0.264980991789983	0.213498677460553
-0.455752840465172	0.352111538305659
-1.09146469702303	1.02828959270381
-0.289486876785712	0.240957988963435
-1.33010397982071	1.97184805714193
-0.320305166197323	0.234753650570908
0.0103309353505483	0.00717795305346896
-0.642479301945116	0.601480344996048
-0.198922579071418	0.166233000429034
-1.17484814591885	1.45080837373807
0.0213528647008965	0.0172506429798774
-0.873955290082719	1.94865332980216
-1.26510903409681	3.28971489660722
-0.492837997586409	0.647198220588931
-0.810965038230247	1.74579018210769
-0.532369841022592	0.808308196636903
-0.267214047708855	0.244616271984175
-0.463257925264329	0.380131845962783
-0.472470632070313	0.455915372350016
0.519158126261483	0.486154158099613
-0.192050255025097	0.147880427622616
-0.0975406877171936	0.0809869126183939
-0.31030586666731	0.24256299299268
1.38867473823201	1.718741402888
-0.501993225732926	0.374222337559467
-0.477385622423679	0.404316388632124
-0.959228357927309	0.907243779711923
-1.11800380138571	0.937747506507448
-1.9097051292199	2.19162056541493
-0.780543386441953	0.592135921568409
-0.286677404709309	0.226612635752904
-1.7452762686051	1.86249284624944
-0.403698021619225	0.251226548907237
0.0360010476092758	0.0172691140768459
0.211814001204783	0.105917714430947
-0.559978374508535	0.405069851495498
-2.07830595571452	1.51220175821189
-0.0505591207998872	0.0301861602238643
0.318757999346664	0.247725128670329
0.188491932045367	0.134058732563366
0.578813202779929	0.488295746638649
-1.14536158114788	1.38535791817802
0.161290122223345	0.0995375409958711
0.428169400017844	0.309924287874892
-0.726607882665487	0.593136595316484
-0.269892480999443	0.151566976401085
-0.213830806288802	0.166567215364303
-0.592072109631403	0.538320248726738
-0.538869613255064	0.498461445442722
-0.325237487992746	0.288731343682461
-0.211078218125435	0.162374430254357
-0.320858657306528	0.235878043306789
0.405177306377055	0.456751125313473
-1.87937489119354	2.19039509638123
-0.542399643296725	0.413395699087935
-0.734408227223967	0.759096902376366
-0.903205763755597	0.987794368126401
-0.423732729558415	0.340600309017371
-0.193788592481182	0.136969757506891
-1.54963727848623	1.44692301523291
-0.379653323603855	0.316956975083037
-1.20752724643164	1.61967108860834
-0.764326157434776	0.98432185338634
0.0490630030496055	0.0307112448082274
-1.3270974321767	2.56717966546453
-1.00536230818931	2.1339072830734
-1.07794256031265	2.39275587711217
-0.655187385293119	1.18864515941705
-1.20263200424049	2.8484391147578
-0.469062454386163	0.660460370412096
-0.720258565894833	0.859443933179584
-0.715781881948573	0.807685008760136
-1.90661877371207	2.52194052766371
-0.599116278294487	0.584301142849979
-0.469850545094216	0.396561428230469
-0.851719727144138	0.889084548022513
0.50315925541841	0.571822475673408
-0.723129268514094	0.642335914658136
0.0228032461840837	0.0116907951667319
-1.32278895741534	1.45976746942566
-1.44827315701519	1.51214849927798
-0.424642922681543	0.277832122414418
-0.942993706421056	0.799428817322978
-2.44856920962627	2.30998787356419
-0.25065632281744	0.155540008264473
-1.00269435804729	0.888809259669466
-0.803297726203618	0.550615071754031
0.0162875533701803	0.00848372859847073
0.367723000417272	0.285653747626953
0.190140358154164	0.130810533769958
0.333546633352772	0.23379745772807
-0.425292289555555	0.362409887219847
-0.155760534832901	0.0981894706489705
-1.2098644103078	1.23120415186208
0.10031630426605	0.0522635127094097
0.28975338878934	0.172071941076198
-0.158547379162395	0.0965209562109222
-0.178302449811073	0.103881316631077
-0.578351586321164	0.410351117465359
-0.120517500207915	0.0757763855478116
-0.496561543207039	0.394971603576333
-0.793269249089825	0.606430111566145
-0.402646311762882	0.322245692985347
-0.280112892321467	0.274225869835213
-0.790998453868482	0.522920857232709
-0.412651396561583	0.336352692611896
-0.556424795831722	0.383503872693959
0.101995590051872	0.0646231661819824
-0.0844495771836727	0.0646522239960503
-0.515369089728734	0.354330536191954
-0.176359280839487	0.148865665785061
-0.709255907933868	0.742972629665799
-1.28229532111256	1.8277654511799
-0.0846274486699899	0.0559749232652052
-1.70140424386001	2.40072928508327
-0.972526605350658	1.03526146662761
-0.73105744948058	0.526981358296046
0.53084917438766	0.671705223628855
-0.989727843858993	1.71350991454874
-0.879909983992132	1.72387201450473
-1.08112904965936	1.60285193915214
-0.193241948413623	0.222197880969048
-0.534434905834062	0.716246024071905
-0.367005788650472	0.301762474910022
-0.61106564241463	0.403336575278049
-0.282828764783745	0.255281360286282
-1.02123101163783	0.908593806510593
0.393855495886372	0.410362959484257
-0.961835473004074	1.16353170573303
0.0583000581282766	0.0415990841446409
0.639623561081755	0.524363985554571
-0.387999840251543	0.2608922408778
-0.0991638788025538	0.0614134351724878
-0.446191583374608	0.317157187807088
-0.758474913138924	0.627964674426126
-0.74823082429341	0.48465363534411
-0.369621073757624	0.249546250333667
-0.376176279616593	0.289872368997567
-0.81747179070654	0.535664536931624
-0.803047254017144	0.683887605492118
0.0418866286324242	0.0197373120298121
-1.0222251072817	0.680712997692774
-1.14099536155804	0.670497674061485
-0.216565692890027	0.106665695407001
0.0355417510378408	0.0195533964150315
0.0282022434979598	0.017738162213209
0.209566641440108	0.136692373626184
0.497290911597577	0.464008002487744
0.0540285184132548	0.0340133053799627
-0.940746755300842	1.05633811891425
0.23533724147554	0.156209417411708
-0.2273455974008	0.155645390515396
-0.520294179065137	0.319739848975399
-0.300822702393969	0.232045461756134
-0.365683884673329	0.225217106873852
-0.344915108031044	0.2426311112869
0.427982995139458	0.311764100368172
-0.0859468352548961	0.0564095611223871
-0.214496575093885	0.137290620409405
-0.104800552915317	0.0561725205161174
-0.385798211694147	0.380915654455182
-0.434659521154781	0.335660175475568
-0.858518107110149	0.75173113269495
-0.310755416417292	0.219208234407884
-0.288213798938505	0.206487999660958
-0.502148974135353	0.346099462441993
-0.0796285375924754	0.0604342316832072
-0.378692900980137	0.328360531716235
-1.60653612150261	2.80425775948784
0.210711767226148	0.153326292351473
-2.71307851214382	3.96695572981188
-1.68317174872239	2.26524833958496
-0.316567052345133	0.247557665127161
-0.653991994814742	0.668452346809893
-0.871810301751859	0.787264159700668
-0.195089641435535	0.124615637200653
-0.309064297061289	0.272892942880822
-0.409215417089687	0.306291451622497
-0.518101937854403	0.588247504875009
-1.67740681450556	4.97760480594415
-0.618316914515312	0.885013136075469
-0.837317408643593	1.57017838770015
-1.12083459106874	2.31387012427517
-0.824295281702648	1.48059441362931
-0.532804553888438	0.677762914344715
-0.239078049884309	0.173162003592968
-0.947731998200123	0.900290708287194
0.09545967433465	0.0679999312597467
-0.251931579101772	0.196386409620648
-0.915599868618303	0.947299324546286
-1.00973571917313	1.00808969555589
-0.759157885707622	0.739561170500275
-0.821284443798649	0.719398161152377
-0.353406024620992	0.238440550494315
-0.496893072886852	0.363759099017888
-0.914265519370806	0.671891734989382
-0.677989971607767	0.467432629248523
-0.840105247943762	0.913484381038847
-1.19547938056213	1.35094875060855
-1.99865338540945	2.42197730304057
-1.16471518107936	1.36376558088446
-0.910684263816837	0.658786916378754
-0.263432936308361	0.176986363876356
-0.390329694735829	0.243203445924666
-0.703055184919801	0.478619468610324
-1.11608456708436	0.776595453620235
0.0190049565566356	0.0109856342321633
-0.0357607825388064	0.0231572853646744
0.0613447542569188	0.0445101528675283
-1.12257772568486	1.29587622751996
-0.783023830973829	0.66539233195051
-0.600334972258382	0.582787046291424
0.410786081666417	0.313147458398312
0.882922561058666	0.865931090337031
-0.271758581512217	0.182487326435369
-0.529670265465873	0.405552382204572
-0.0168885304834298	0.0116046686205607
-1.53948895706734	1.45264769971363
-0.257628879257682	0.212439084118286
-1.14785549806769	1.4321605271614
-0.200001638599358	0.149764548280872
-0.527667282603751	0.428851152234196
-0.196312844503858	0.114558885940767
-0.119098690156837	0.0747576429376983
-0.789517293845911	0.736246343622179
-0.0535509616162478	0.0301498650409106
-0.17353701770609	0.118680285288903
0.316530955220282	0.230725952959081
-0.349773237349069	0.267419097688291
-0.22259502849725	0.143040722155603
-0.874913069168585	0.802814788357185
-0.895746954119025	0.963374998652677
-0.333684914893877	0.23778891790617
-0.679792278182137	0.523833860472812
-0.198918026240771	0.142074842766647
-0.408020874039815	0.393626558341616
-0.440199629031406	0.364960360569326
-0.893345609049435	0.900856315076723
-1.20471594257682	1.3278255666015
-0.350012202031541	0.249966462543426
-0.229355094049382	0.159041279213418
-2.7618157046671	3.11540317442587
-0.543823145335679	0.502216816404839
-1.47959843604701	1.32372254036902
-0.995535508910289	1.13971892962727
-0.978273696578852	0.82763489958581
-1.7616223107812	1.89815188474995
-0.343110747893479	0.392439703725787
-0.158306150742198	0.138146978949948
-0.255865119674585	0.260043037315107
-0.54989742697754	0.622174927563572
-0.28305484495014	0.237344382030223
-0.861219324466579	0.777451163807572
0.637116667138081	0.6065566173124
-1.04251621017155	0.960550026844252
0.293955028264924	0.192095397158129
-0.63149263102304	0.566921272649605
-0.372844018796581	0.270833597476367
-1.29463831076389	1.19226342183315
0.0495765207590677	0.0235643884448685
1.31515706740293	1.29773385634034
-2.01660507926712	1.49689001415029
-1.73179556175686	1.45102260387887
0.0879245323861725	0.0525084173109469
-0.555162538295754	0.433854492996103
-0.507474974192777	0.351994657111506
-0.650391659650445	0.451223997155697
-2.58120706661364	2.56023046362282
-0.807534947830101	0.610797835532816
-0.106847585533651	0.0500211465818928
-1.05341307499106	1.07216835425942
-5.0286167858831	3.51214285015862
-2.91123424219745	2.18639806963741
-0.934152524290223	0.589559238856119
-0.0937721849704077	0.0650763781438638
0.283916316690869	0.240984487794229
-0.175177909977	0.102486235741128
0.681526861137644	0.599251923607642
-0.821909897712843	0.559104415255669
-0.952538250254235	1.00596355003898
-0.884077034444608	0.990461758436662
-0.21388910686358	0.153970227921163
-1.02673145719554	0.938299911612824
-1.90706889284186	1.76345891931524
-0.7918701762398	0.527554171440404
-0.822706296948033	0.629315225003806
0.964411689031201	0.788786623521618
-1.73103837233127	1.4699909156528
-1.21229404208177	0.901925989894824
0.797571054853964	0.756180866138396
-0.543567008271558	0.308050504109117
-0.654741395189028	0.436899225379628
-0.270747509028346	0.161393167171079
-0.028999094686315	0.0232012863079363
-0.204918964104794	0.154060875988481
-0.78197676604585	0.928798637892301
-1.6511877940684	1.93166444551918
-1.25950135707182	1.48034712232876
-0.450015364811492	0.394850711738538
-1.00387612725273	0.980301540617219
-1.41941464715873	1.8286178945474
-0.543172410538512	0.488233185068201
-0.818600497197028	0.700843548664805
-0.253710860601719	0.170189388232529
-1.24448134659354	1.69543356676268
-1.30838705620301	2.12960592744218
-1.13947542949249	1.12554154795487
-0.256817946058152	0.193254455405114
-1.00374713747027	0.987540082653654
-0.709608455689876	0.563924176647581
-0.346908058073368	0.188986390547893
-0.0296960657861845	0.0175495996339768
-1.00543552359544	1.00056229794379
-0.672305519896247	0.548470771950635
-1.63866260659683	1.91411794061457
-1.3903184376793	1.36738023433974
-1.12467430634239	1.17943485082586
-1.05180549792091	1.60389802317885
-0.664245670546033	0.971674284235341
-0.973177833123081	1.52172752234738
-0.105665844997388	0.104356952632589
-0.88920617807665	1.0232166914559
0.0597007720748101	0.0420107602880588
-1.61980240685412	1.55621870765332
-1.13810317111915	1.07504734698975
-0.124471944880523	0.0746618174056387
0.516541316516966	0.538901357285037
-0.48486060778181	0.38263858053552
-1.24145490642166	1.13887262451913
-1.2778885314937	1.1976727191073
-1.35607593060991	1.13096479408659
-0.377101212617654	0.253332090452947
-0.731162793285385	0.657754779602639
-1.1184185396041	0.956601511128777
0.11931834436819	0.0790733138514407
-0.670562328968422	0.702997012142611
-0.852446764925444	0.655999176491241
-0.367520986491193	0.228639802790157
-0.566291065907964	0.394907264639922
-0.943936569599518	0.697123831925612
-0.631957149881696	0.476570062552803
-0.539247546470674	0.405357071701703
-0.617896092727007	0.403235007852205
-0.940001455824138	0.578449273583263
-1.36926674286677	1.13448978235707
-0.514645105776447	0.321297619705433
-0.402101923425412	0.335235889878922
-0.580847159019004	0.461337395143804
-0.447170453674542	0.347610026444643
-2.38968391077599	2.15930038963371
-0.710481245989082	0.512625083512335
-0.463153862654376	0.431296446494504
-1.07507251823271	0.971256541460379
-1.64466248870264	1.64285798141784
-0.62054142627111	0.458996961467344
-0.764147662695869	0.562508476254118
-1.7668096557276	1.12066080680881
-0.467963162789654	0.314982969534806
-0.217615853944586	0.147074085982581
-0.253813283775201	0.190110464117815
-1.21691770032354	0.747435218844053
-0.699423033924224	0.805494152466042
0.253445405586423	0.204426993632845
-0.0383073729198082	0.021094345640528
0.276495842604099	0.248144699389917
-0.942533121233363	1.26788804202469
-0.613470110957929	0.457699555216175
-0.389531268533985	0.369956199031093
-0.700964302056594	0.787404951260609
-0.0243240023262581	0.0188864761054841
-1.10854213399944	1.87718980776579
-1.04165688187513	1.03704737691496
-1.26223196791629	1.63028329521944
-1.24644018764984	1.15278867856824
0.0656821188182519	0.044351184928019
0.954765736838196	1.00987442086314
-0.0838998373737069	0.0528636532548089
-0.484864212154278	0.389329180295117
-1.17420748344614	1.16234291362569
-0.67171051327816	0.730840774232141
-0.407387588218171	0.325848396709364
-0.936553242078786	1.37873054562583
-0.260839471510341	0.264281444491141
-0.805881780179423	1.45609385607668
-0.28516462007233	0.31404243832007
-0.113019720214367	0.115946387637658
-0.374685950501806	0.404930860734993
-0.334691366299725	0.253131986836652
-0.12379004138748	0.0816822865171467
-0.311361435214314	0.251894337597309
-0.164045671758268	0.107616605821858
-0.300993053716983	0.255502761541787
0.219167594929727	0.146466496151691
0.278624484418233	0.200324961705446
-0.659847925697518	0.511739847079587
-0.32019916813657	0.251667619625841
-0.29010611064142	0.208855047466035
-1.61613068623075	1.21478538211284
0.0632475351920974	0.0375528691524182
-0.32453689678273	0.242715137178509
-0.61347095185643	0.498670279235593
-0.330271235181473	0.232393382097613
-0.339130122535721	0.236882142278956
-0.828870515352127	0.708685770526041
-0.655531908515152	0.45121864872202
-1.82331494933101	1.59931106658988
-0.23825322896611	0.190565343643909
-0.569790385803941	0.320701908764917
-0.188176861000821	0.124864520258284
-0.977643405076616	0.730899718234067
-0.763945531052287	0.762956038625326
-0.835023217951037	0.808074465522248
-0.207494889032841	0.16672774142389
-1.45846122727973	1.00448594509121
-0.144463152992277	0.117628086750538
-0.156652074420031	0.102406914831784
0.12049286669186	0.0588231944211645
-0.111096669813179	0.0945122880695716
-1.11916124799093	1.29330959543783
-0.465261949066543	0.389136597807005
-0.69837415966886	0.782023989039154
-0.486023478520007	0.549475151023467
-1.06492479679744	1.27486074629553
-0.347543387015164	0.295550637656727
-0.455323178920041	0.440387246217957
-0.455947705728797	0.473017639744623
-0.726780280081547	0.986106460176229
-0.71649321218266	0.722596826468324
-1.06436236297139	1.82334106014391
-0.0753019665443689	0.0571014043533792
0.630642050562475	0.575813750177763
0.297809960605192	0.276202540858746
0.380801051920718	0.360673450486267
-0.0995693879379172	0.0758455141196337
-0.250786669218098	0.153921177551861
0.476336138866474	0.389140608710614
0.108760229436372	0.0946853075773607
0.320945872447101	0.278264786152627
0.173655739870016	0.156449704784368
-0.369717442892842	0.427060739472046
-0.632039156022442	0.984977130172862
0.273276533445331	0.31664475991365
-0.19838278141666	0.226814619290757
0.0288315573874036	0.0238607605203617
-0.157436943194432	0.108220207387848
1.1262705565518	1.34396332288082
-0.0440912561629853	0.0296768389636427
-0.304206603761628	0.248514387095912
-0.329127806360878	0.348712000038275
-0.426447742391642	0.382003164344863
0.374879158870836	0.383839774811642
-0.120651590743887	0.0671178454915333
-0.199300774549878	0.143586719727923
-0.307518173762572	0.240281244873009
-1.04917864266168	0.972459098627999
-0.289554225395273	0.182267178106208
-0.606489396959663	0.480054332151472
-0.64278336478743	0.629597089536542
-1.13591124027939	1.54827039361742
-0.639831304657478	0.721172601682168
-0.407692590486468	0.287134516291834
-0.408167183628479	0.411481548294874
-0.500203549796048	0.523649531518745
-0.781335072964533	0.972967778082407
-0.617038097301161	0.464008884933379
-0.197631324733309	0.165562075415983
-0.361793467390049	0.359343940197848
-0.205447937051769	0.196462180040444
0.22228600193871	0.216851613336891
-0.282705289291797	0.202070403530758
-0.61971001051082	0.820420808572241
-0.97400811338436	1.62688796375872
-0.638238874570704	0.634179946633573
-0.425162246715731	0.416987705986147
-0.848678419715526	0.96367713016475
-1.48676874291482	2.5581446547051
-0.238865902149155	0.205761121497079
-0.571024702096326	0.802470251396201
-1.2194115441987	2.0831548153083
-1.44611131000129	2.39118896515597
-1.19616134247212	1.6045381947808
-0.794660191679844	0.744047838505288
-0.121786858828513	0.0820720815152866
-0.0995511681103339	0.0600083713308694
0.0537722959680223	0.0407242263948075
0.401448961826443	0.360292275363044
0.786730920672315	1.01405704078521
-0.657639543761999	0.638939389812488
0.915510860850911	1.00435717484474
-0.323297477705895	0.263115014059428
0.392989460782994	0.518339943175741
-0.754902170881216	1.17041985653137
-0.252103375690853	0.294563862157657
0.291296219782068	0.381017688626
0.826611997378913	1.3183215440849
0.264437064825754	0.215292699250065
0.191712384126708	0.109925293627087
0.740441286149667	0.80609802893999
0.0458954396647692	0.0362885808935176
0.12324906232007	0.105504865339075
0.587865626764932	0.673697883860573
0.621842366172929	0.636958325295987
-0.641951148026327	0.716656863751758
-0.53925322329643	0.415395649504853
-0.477244512042726	0.468576537418291
0.950988167014709	1.10146603279565
-0.270983796334352	0.19288291870324
-0.152076887384828	0.121540401725202
0.359886989648939	0.351194485295379
-0.895199755212099	0.829824924247172
-0.738741406495419	0.756423275512791
0.128221195392297	0.0931318116744769
-0.933526039285395	1.04105724800721
-0.455153005033139	0.318001206071156
-0.0616968418163199	0.0351867839827934
-0.266013930473597	0.194966772475913
-0.0678411390859769	0.044698843797678
-0.381498481007022	0.333760956470348
-0.620597466433497	0.581464489199023
-0.0124859742295536	0.00889769740517308
-1.33543486057803	1.47930727563054
-0.364440414661149	0.410960719718684
-0.921003782945762	1.23475149638644
-0.647300506185867	0.691342367577025
-0.900635584474802	1.09592364459691
-0.701346536488266	0.607248637200935
-0.461262829718835	0.383667362734173
-0.319402681244655	0.270370101568207
-0.226179005655036	0.192138818615841
-0.0689494149979796	0.0408942593537423
0.427918616969229	0.323161685981558
0.210783942507716	0.158028436889463
0.0695884059899888	0.0452410582866233
0.595430898352307	0.742126046354982
-0.156848151573095	0.132982118982784
0.350541219302878	0.388397520001462
0.246425793088138	0.224906540600258
-0.764906697727332	1.04939713345503
1.03597681397446	1.68386090717484
0.425501054470517	0.326444531078835
0.772932483078841	0.697514357672153
-0.191612652900934	0.122215014644744
0.746700689747102	0.745421420538965
-0.992374455225483	0.885854597458866
0.917021199529314	1.0996539447773
0.399355659407298	0.334195178902334
-0.265017523693828	0.210092107520851
-0.6172708879035	0.499831537145528
0.715742386970141	0.734333612027919
-0.531348672642285	0.408188108574509
-0.989336645021454	0.955129125754425
-0.479497312662196	0.468319972700813
-0.534309896237845	0.552594164922957
-1.11554784009504	0.799690918863625
-0.521458171777244	0.325912023582856
-1.60073308159202	2.52768334345639
-0.76249062200846	0.899980259004359
-0.391221898424719	0.309293962375103
-0.00302106990539556	0.00240179706268371
-0.508415725646185	0.509173039414248
-0.570262138171864	0.579607828173836
-0.557895535329939	0.662150359331343
-0.317443191191694	0.34148840152627
-0.437833177528077	0.450601859139026
-0.916706112643795	0.937859395744262
-0.414228324739709	0.532025192109424
-0.723573243261656	1.04225980227823
-1.43391197203834	2.67910812707308
-0.835869368882464	1.04040683794424
-0.709481999919447	0.619930055331029
-1.44213139114375	1.88343266872842
-0.761450796022849	0.991772355437233
-0.639938632988503	0.579047306395896
0.913474143450985	1.23722258415713
-0.253631106972779	0.187821681145991
-0.101688544103337	0.0635794137268021
-0.0933114895172279	0.0654231921936132
-0.298308241250388	0.262363163746121
-0.594688649607968	0.891017654806035
0.151072237186779	0.149163708293262
-0.563608014150724	0.660644912619398
0.298378632624022	0.308437773866414
0.30998800511005	0.291636450439236
0.609614455747938	0.607557982055891
0.285982053457678	0.208283748307568
-0.351264502801446	0.34659319335747
-0.998134534858692	0.966816164941659
-0.863126157745805	0.68824899072451
-0.358022911679309	0.275251705182736
-1.40886074991993	1.93419782358093
0.117569646709823	0.0819590411756455
-0.0827031784433196	0.0541639905142027
0.368340443424894	0.33384371018863
-0.777823667473312	0.708374684150816
-0.622837136014655	0.462879804534441
-0.180961206496032	0.105723259983021
-0.241332938114395	0.134443626207474
-0.280844281196062	0.244567199991823
-0.423420481152424	0.399550899513351
-0.120590554117852	0.0827813462511776
-0.465878770631111	0.280762831660434
-0.444915738712535	0.45956459272825
-0.605761278950855	0.773365650018717
-1.29126452373842	2.08865153222412
-0.746863574660682	0.809845761349505
-0.905734962751529	1.51992256423201
-1.29431545251675	2.23193609226647
-0.555639987401063	0.656495880507169
-0.735189089963853	0.924886273801115
-0.153236739234418	0.113498435746772
-0.615026675590778	0.705113442775778
-0.8373446074586	0.797977086169915
-0.502859454987933	0.506431759593663
-1.03353445647278	0.807890074303499
-1.41345283244694	2.15413193036787
-0.654729651661786	0.544442539645495
0.383911037098993	0.375958125158253
-0.0846032401780006	0.0722744389267195
-0.986731398624131	1.96352363987218
-0.707402683572226	1.09868082665048
-0.298640812795578	0.35961655933785
-0.599597266078356	0.809911963022842
0.503849180287895	0.604515690710575
0.204978882214835	0.168743649995233
-0.197525029034188	0.145569731403749
0.400996142517577	0.373929708228608
-0.402475763342804	0.315276231994358
-1.14949957663032	1.53479769699387
-0.703924718973065	0.837003985704808
-0.071995149072467	0.0484216447136455
-0.359938240321387	0.32136611512108
-0.772841362176863	0.571806267314342
-0.761504214629019	0.788815936627325
-0.427130007136239	0.346560295765069
-1.22626348992885	1.3886156603954
-1.03569023277304	0.952221165729983
-0.566720846065869	0.463666751054825
-0.707429258416161	0.666846407262457
-0.904409057826597	0.741786136595116
-0.393019874932061	0.342917912561334
-0.680783507957641	0.533880097259469
-0.472053090721429	0.281917783354528
-0.600499527402152	0.527642104291381
-0.246206572068119	0.227119664004057
-0.779060653388487	0.636245540003247
-0.81646790711775	0.716618485626709
-1.19973899859762	1.48601048909293
-0.595421709650244	0.57855643967918
-0.366041335381966	0.407891827376342
-0.376681096146618	0.23220308511899
-0.953461381872186	0.972931186311766
-0.60704802982376	0.562407140693806
-0.333921897644742	0.277455592935726
-0.299973616980695	0.232163075977506
-0.600311720390844	0.441985156989327
-0.819301961880966	1.04987053054854
-1.03597445381586	1.50417349746783
-0.875372663748106	1.49244621267454
-1.20687734117748	2.06733205632174
-0.955354019807705	1.40769420616092
-0.714214067035174	0.808246088047724
-0.186098629494965	0.152955646773358
-0.174425945565617	0.165221699835344
0.226630928101895	0.201152349351731
-1.14516789433203	1.59450848265206
-0.315663554526305	0.2490416224813
-0.713229235089727	0.747657508653584
-0.362447367838513	0.291313981732577
-1.25928069904786	2.20443437579422
-0.987825346622944	2.35759858527144
-0.900958910518635	1.75455517200652
-1.63499675172525	4.92676026072532
-0.769385290576992	1.52420040983148
-0.189218204494105	0.18960260710165
-0.0802063146351696	0.0658119492743631
-0.74281156635492	0.814598693510066
-0.868784991432152	1.2132174123751
-1.68301328188891	2.55206626091413
-0.0461152985762371	0.0395826904374192
0.0235209075232272	0.0194309532700887
-0.122764293986285	0.10523590135925
-1.47731305710715	2.15935645792659
-0.562266732545983	0.468702231506659
-1.1848569642402	1.54880404920924
-0.26175148563323	0.222327681512972
-0.377643477681273	0.311183715130995
-0.391765780810772	0.289767072467986
-1.96683303251498	2.74681525108722
0.277833028180404	0.272051238251016
1.14666688589257	1.25625246122942
-1.84126467799894	2.8063781622869
-0.920201264614033	1.01999374822906
-0.294476308297481	0.185807231058176
-0.38394784066439	0.303509933226282
-0.342283588129731	0.255713571596024
-0.353930839858741	0.300962198925347
-1.11250512776302	1.56682419002343
-0.818272979806679	0.9058664866213
0.0112898189789692	0.00821749860446793
-0.285369602787563	0.218758482765481
-0.126934984226195	0.0910271235516498
-0.567352199961474	0.535846537518359
-0.446986393875182	0.39091199515844
-0.994507242093873	1.46752981246835
-0.882765164932659	1.14102307681825
-0.638875683222941	0.700575073515701
-0.81227158259864	0.88412213362682
-0.70918396797076	0.87566732288204
-0.805006415879711	1.00431999872855
-1.28607798338305	1.22591626095441
0.0865925391244975	0.0505125455725756
-0.210700896577169	0.191982862623677
-0.161819101738539	0.116371065299771
0.409644133235742	0.383340804554698
-0.207351215507279	0.233717685779363
-0.221612704434846	0.246041812823284
-0.391824764025451	0.495246280521519
-0.574799533098364	0.867130041449392
-0.548939029571434	0.703958949597452
0.311626893577232	0.290020456208879
-1.62259270800725	1.87729387108491
-0.0689957889608552	0.0454314873552157
-0.2767189652662	0.223961348783638
0.236420169652024	0.201465476325312
-0.289408817870821	0.25220006397377
0.316403748182564	0.279434351368024
-0.280496603128926	0.215335235291745
-0.785459473338396	0.7945869205718
-0.559883833504872	0.504350737014385
-0.548822544046467	0.513098968299157
-0.289981980283141	0.289013967362687
-0.729602539934991	0.691385606374163
-0.290427424946538	0.197909024620061
-0.233204415228005	0.142933974165502
-0.234488049052198	0.18875165505256
-0.661304733439061	0.502908252041374
-1.44233166764136	1.50718401627098
0.205710985586203	0.144199210310875
-0.29981795766448	0.229852481821451
-0.219662304299705	0.119373764914385
-0.950423843784567	0.699782735431775
-0.515853999276389	0.50576726818512
-0.372744899703906	0.322387021014158
0.235262443572134	0.175557263837499
0.376654502460918	0.280728762628896
-0.0855945557676598	0.0638881400380079
-0.491572560726306	0.448071139160147
-0.755793780327974	1.34060714578833
-2.21297703237289	6.11252656897671
-0.90556351440336	1.4821349636089
-1.03839691669041	1.64186731281018
-0.972453457916784	1.73308471723001
-0.361953690081964	0.385215176740557
-0.778288508674207	1.01685112917701
0.171369081744402	0.156707911869942
-0.540707316377338	0.565042413576083
0.267302256914417	0.262391511738493
-0.30745831837695	0.279848280662856
-0.882465100817921	1.414931496023
-0.582408112486714	1.18435983252724
-0.309289746819904	0.49305165301354
-0.346733772929675	0.54390952440564
0.134929448762913	0.169858473564477
-1.06567502157294	2.57496539253605
0.170267470043731	0.161263301294374
-0.822942887244879	0.843273650590008
0.2017013024603	0.198093687488838
-0.315663512773115	0.303385415501741
-0.47989883554849	0.711496819112353
-1.10908545981131	1.93043662659041
-0.0464839374668097	0.0424500047114767
-0.558080906543541	0.687447874255023
-0.965553138401628	1.10452647315193
-0.604093302546303	0.679676906683803
-0.302992825327323	0.319334472701552
-0.903370786681991	1.34750787518389
-0.532208723049872	0.642902216882541
-0.788379886958311	0.909463738016951
0.200022012387396	0.165491454646
0.518701335133835	0.603610593918274
-0.370338297042621	0.370076335518422
-0.653647905678271	0.79150472611102
-0.450355337383179	0.51822575369304
-0.381938327989731	0.333947345409551
-1.67409955978105	2.78490477606759
-0.767118087027152	1.08195667395298
-0.670374239382739	0.692038953585604
-0.23863870638911	0.240936428174963
-0.923336787971105	1.48033016736554
0.0942176164624741	0.0800259629656659
-0.622867079533135	0.884922953999838
-1.15086099586515	2.15809574623757
-0.301861879981633	0.303927592674991
-0.245186162534144	0.196588878181591
-1.08912035154466	2.01163174913605
-0.764440785225874	0.991266932483574
-0.613402118864141	0.841270057022927
-0.649958441360053	0.930818895169587
-0.986521323364377	2.46444379685841
-0.79985062702551	1.43873380326056
-0.646011619107347	1.11899924266352
-0.841058368859987	1.72387504142134
-1.50086304347564	2.89246201274623
-0.390726050342042	0.497652734581059
-0.164366281378234	0.149357718850281
-0.531718831213212	0.691940688862867
-0.598396325819963	0.759021313146863
-0.935316324629206	1.54704770878222
0.121357509620034	0.100622410432308
-0.440831896808009	0.435302875532903
-1.44860207854466	3.92764248015514
-0.353627090503396	0.636541973594838
0.493129174695076	0.82437936675679
-0.308096849718528	0.513226675885479
-0.500296052033883	0.890980963818886
-0.115639699063607	0.121532252207488
-0.307124071557585	0.286239899600134
-0.741195372665932	0.863275741830774
0.171456746891834	0.162581731824983
-1.89499347906102	2.91467525777324
-0.991475802972941	1.77916711420509
-0.798575784711845	1.14908807614652
-0.649963463635664	0.818906874895533
-0.810385779703167	1.23443878354529
-0.867115666266415	1.37361407539175
-0.502970875962213	0.536806452883927
-0.442390348021311	0.548106150453175
-1.44706931473043	2.90875922994753
-0.626042093859751	0.803387256976202
-0.416585451369708	0.448933330899207
-0.109476817997473	0.102217339746861
-0.268341475163778	0.259011090632703
-0.436728392666542	0.430489392645763
0.335935155378428	0.311458628251202
-0.462879309034942	0.457017316645979
-0.238959351424233	0.252930085508512
-0.551959205819552	0.526999217917824
-0.00397097397739267	0.0028791846108518
-0.681618748180978	0.667949536909351
-0.240845673847548	0.236339519941466
-0.320194777089361	0.361558761824332
-0.469214434225866	0.545761813870364
-0.228731307531536	0.244550394131102
-0.981217374157256	1.835287045223
-0.948751703641877	1.53108843384544
-0.581385348954957	0.819724557690915
-0.0906914404374794	0.0689137425013167
0.0273441568098555	0.0199324927182909
-0.0864353953061101	0.0670177374458357
-1.03242016239697	2.27878035548644
-1.20513340063442	2.73524237931404
-0.352669951786494	0.349641431528096
-0.835529589432434	1.37740274490219
-0.415565259950932	0.49988551126597
-0.454523294102255	0.467175921476524
-0.469953473697094	0.620307218224847
-0.471192433165833	0.478828599965698
-1.14832144049989	2.06838639274359
-0.75542208175679	1.06891683212212
-0.831626316953321	1.66848824859406
-1.01912966538604	2.7218368805411
-0.446539472582492	0.80657546165151
-0.0822245686696416	0.102129864335902
-0.0189534887412567	0.0214780466324796
-0.0138453768309634	0.0142133443462191
0.0888785018919026	0.0817306974037698
-0.826584888286396	1.01033332801018
-0.719755324055556	1.14897697564568
0.333603274806756	0.360266903106409
-0.652999409346061	0.88634621351325
-0.523207774391133	0.791937917027385
-1.21730859741484	2.52815345759076
-0.745860237354636	0.825795158666931
-0.467022092303665	0.483611858096385
-0.631498645562783	0.882299526717323
-0.846856176742496	1.32049976736197
-0.506901352066148	0.579659945572944
-0.419294345104109	0.413915617479675
-0.52391566646993	0.538456691094696
-0.148017596662466	0.130922663062084
-0.0331633029446726	0.0261161852857212
-0.0620989144386006	0.0503625951815749
-0.513116563548525	0.538583443431113
-0.202366312768906	0.197943410476833
-1.92704311797946	3.68287215078406
-0.80889286051686	0.818923327415384
-0.272192222828717	0.215459244527063
-0.125764707238888	0.103937021802365
-0.404090255618855	0.342497752535599
1.17410912561965	1.75115747227338
-0.428389370205039	0.401248921703359
-0.640638163093883	0.797439162246855
-0.732803181377728	1.09130976054654
-0.768184097455738	1.35527127549281
0.466692727761298	0.623036951184278
0.126997130255095	0.114234712205083
-1.02171005277573	1.67821311035255
-0.188438590225645	0.192497322939765
-0.0790786229950999	0.0718396831557506
0.375046472216083	0.416671080459421
-0.185052839611484	0.183059311446397
0.114064491610012	0.098557381834124
-1.14829193788072	2.0220925535582
-0.0176751017098764	0.0127568139731828
-0.787961976774331	1.12440284795815
-0.812549952257598	1.33800939412789
-0.888872274624612	1.26080181104581
-0.870853656261749	1.17077311894199
-1.28201843898795	2.67788743823065
-0.486105190995308	0.660059079159635
-1.52237885056293	2.87226002473592
-0.119507229887985	0.120180548013064
-0.326254673428057	0.370598209318048
-0.977609900599673	1.6917551389983
-0.40003419052716	0.474628711324338
-1.17883226425835	3.03947675316434
-0.672376644176633	1.55923254944936
-1.34379393615407	4.44433356533764
-0.393601653096008	0.715894960744418
-0.921546156137996	2.35613078669777
-0.677665451048416	1.25316748689967
-0.480788617296925	0.644593054266634
-0.0719440329847254	0.0626895798322708
0.193344619866539	0.182259213101611
-0.723458298468355	1.03208191264801
-1.61035341675912	3.42595255377663
-1.06245483181274	2.16480481377258
-0.659464916937571	0.675772531972185
-1.1248486216052	1.70754463951448
-0.638362138896054	0.567735782131637
-1.28966420880935	1.80484181555135
-0.271085033641996	0.259980727584404
-0.453802518109712	0.629585376507465
0.618090000580861	0.776194496415092
-0.458521715284463	0.587642363121982
0.350473303473311	0.405376573203435
-0.452087557429527	0.433597818513484
0.192086887136428	0.171777445350442
-0.72151437641142	1.01975196217177
-0.341369341426755	0.296919369434509
0.321611342860312	0.255548358806822
1.22504102334099	1.65392606729086
-0.367035356798743	0.266871451107802
-0.292136836619295	0.288545856738972
-0.55005826095403	0.744849454762624
-0.305550532317306	0.288259022652837
-0.600071004083765	0.760431347804708
-0.0974495616251777	0.0935637839969591
0.304586815033262	0.295062358877098
-0.0275238768272426	0.0226120090058239
-0.226687087405257	0.205118951506259
-0.358018211867371	0.398888135758436
0.304957451530908	0.293256382836467
0.114877325684553	0.114684944937733
0.102734540718087	0.080333094866673
-0.351025424649683	0.38750048562367
-0.0321186181111951	0.0246366003489016
-0.076036649746375	0.0583529685993433
0.109594298463343	0.0623040848255712
-0.1356951088243	0.117985020441875
-0.595704635347317	0.680626337878603
-0.409316019179613	0.375064115519856
-0.641842143700953	0.96702933810973
-0.359506368707798	0.494971052802316
-0.525786516350462	0.7154344887937
-0.481926094569836	0.63315053212317
-0.545889712278975	0.611768748791459
-0.928805505127803	1.81517010840868
0.0512620012099475	0.0582103997010704
-0.613961203590893	0.955212397641282
-1.535577639744	2.39136270639334
-0.164839039870052	0.175567842314442
-0.805141076914806	1.67209087977379
-0.856089508508608	2.506003530416
-0.957477278013809	2.96309924076219
-0.835111498717719	2.41316037186756
-0.534301550065204	1.21607237881902
-0.714013811593363	1.52117509919554
-0.694559797911451	1.01559280340204
0.0185995852190569	0.0167506955210278
-0.595438985695417	0.978157454792925
-0.76255820349008	1.23991937437241
-1.19499804304114	2.48322480999193
-0.638570449313335	0.736991600215991
-1.00846685386641	1.52673327793024
-0.474097384217069	0.574887760104619
-0.160365808740581	0.157472582922138
-1.04185974835883	1.21075367881531
0.135504008107513	0.129843192946113
-0.369450146770789	0.338750048925843
-0.778468929121702	1.075852647375
-0.647852454459169	0.656586685935273
-0.565310093568012	0.611114876651405
-0.0699214444645393	0.0522401690655975
-0.413589100714519	0.364396841216493
0.771496755384496	0.929977102568723
-0.814269957684649	1.35369113207677
-0.511342154128392	0.681888713181476
-0.292538288673444	0.284915597361702
-0.462781892799457	0.521751129834424
-0.485292728133192	0.503716555239921
-0.492780930875602	0.670946725990285
0.0628526306382569	0.0469979108522241
-0.143095082433111	0.127146139107653
0.249301493901009	0.244398652538228
0.176997016503676	0.1654138571756
0.37328842658957	0.410850218685412
0.17416567527407	0.169062363527717
-0.111131337699137	0.107289593702544
-0.826636308406977	1.15176958162141
0.124782282761366	0.125987172970975
-0.198203958576132	0.164886336646392
0.0221149162828446	0.015459218526754
-0.288938169098547	0.261514387429601
-0.13499437843559	0.117056681876397
-0.42815338910951	0.523623898721817
-1.01897703820877	2.0175407451843
-0.734644495253667	1.10445835440649
-1.15147190075186	2.34366873754253
0.0787382798626904	0.0816015770441578
-0.775583253383395	1.3904638430028
-0.309242032681757	0.390466266286025
-0.826270887591017	1.37989294610068
-1.01794888116441	2.29971768958984
-0.582536824152427	0.971523863014788
-1.09392293208894	3.03727675346971
-0.584014958185823	1.51227200829831
-0.834583030069439	2.52028272483026
-1.06456002004299	3.25472581559944
-0.855369389178599	2.66378613926401
-0.456285248895397	0.800909815162407
-0.306758231949259	0.369767630376336
-0.567463014971886	0.819992120787593
-1.11990785259159	2.59221853557604
0.0433347936063675	0.0393228055628254
-0.71132195088286	1.19237044612178
-0.80662234876472	1.33889101407977
-0.200937199397717	0.181945835113886
-0.750281709230411	1.17984283785085
-0.928376956236825	1.7052258800784
-0.934301960335163	1.05532214870271
-0.888130276047594	1.24805034298517
-0.674582573059899	0.935909510020011
-1.08399200058292	1.51475147288554
-0.0784698780694019	0.0510291373867173
-0.319923250301349	0.29391373574989
0.0438506333574878	0.0366779502589094
-0.962434870615483	1.49475009090704
0.00141462757103232	0.00173137252086813
-1.13143812628616	1.74359456355926
-0.624594950718245	0.780424725273429
-0.697486734676068	0.892479023071464
-1.48546722940048	2.70944442792501
1.18994298377185	1.87302828645123
-0.689900252167312	0.897913079424377
-0.712440247260478	0.80643078891633
-0.345434644478947	0.384828509003348
-0.389192108791615	0.501598066598529
0.127323756188439	0.129417291688669
-0.736671044894855	1.01595943996657
-0.4950533748782	0.712019791376734
-0.0248609243504426	0.023482818098856
-0.0675023931229485	0.0562200769240438
-0.14143059169223	0.127076310373984
-0.582271366239478	0.751314737153939
-1.01134883433534	2.22759279473603
-0.434212987631043	0.476633091761622
0.027077179235132	0.0262513458448609
-0.599475703658442	0.856753358997797
-0.932150723031104	1.56436818312221
-0.595031886495745	0.884239513620067
-0.543179448726519	0.696674719457872
-1.48682077901374	3.7125154150481
-0.458429535617427	0.486917572903131
-0.322711372364754	0.455294937703738
-0.641288979634058	1.55840929896693
-1.11976846234049	3.31400733864372
-1.09210071597733	3.63618689145471
-0.950448186451757	2.68270504023196
-0.829440725418202	1.99277163200067
-0.262249107839783	0.286610557313825
-0.0727034687190146	0.0602888872085839
-0.536242719176318	0.732278122598089
-0.39723229356438	0.494874331411614
-1.11881195460453	2.15609549265498
-1.33000453106895	1.90545238559973
-0.455931768625055	0.439021700332762
-0.194816173100989	0.145258531746381
-0.543084469254176	0.592297721034041
0.0592019800529376	0.0473672973464038
-0.259080971869916	0.224587312899898
0.0795284319827972	0.0614611956909904
-0.00378279285089643	0.00317783748562308
-0.255474425905032	0.235303544214011
-1.21600386669395	2.19950096950751
0.105528171730947	0.0856020756359738
0.0349085961591337	0.0260520029026913
0.597113807415311	0.722514264135517
0.144183605305582	0.13568357167093
0.239660023726617	0.211000499381113
1.13162126135062	1.56906709412987
-0.461356808290797	0.498629237122513
-0.00707887849491132	0.00460603722909098
0.00310913283591757	0.00228482711124359
-0.0280063221272653	0.0228005541393649
-0.38922934493212	0.394961944269732
-0.278918913031092	0.302417174539651
-0.37729744805279	0.347607038845257
-0.396079508416755	0.52103446383866
-0.261094077703145	0.275880710578323
-0.361826235960861	0.423505264813019
-0.889245463808213	1.26558671614251
-0.227093124866462	0.26235849959325
-0.763929250284484	1.11044986237694
0.620464166329466	0.870323587241806
-0.537147546052057	0.605307440448712
-0.406083214052324	0.449032754631302
-0.671835924521335	0.966134297791947
-0.871731580273156	2.21217853644566
-0.245726469013002	0.358753377101373
0.047763277420242	0.0551456041164181
-0.569614851405766	1.23847307481904
-0.559768600283852	0.902616305910706
0.339130207623949	0.365823986461411
0.483629091808027	0.506902032864496
-0.167956082915155	0.171958094507748
-0.429996727057652	0.492208406952187
-0.632803393166237	0.70565258886512
0.0380795459575123	0.0284122562650446
-0.00548164258852399	0.00397630705430301
-0.234036804388063	0.25241749070392
-0.52206371184618	0.575242150582137
-0.257176449495276	0.240509333428165
-0.388906446674684	0.302961555583188
0.988046294061592	1.25747653359152
-0.451650068060713	0.32268795927613
1.75223094435838	3.47622116765035
1.14276828894485	1.91005741677534
-0.194675364092764	0.20149314879982
-0.464219100014892	0.398912628003096
-0.309598552432713	0.331033512561931
-0.128253394008496	0.117943517674071
-0.679696967888592	0.847581946369789
1.17595475399924	1.99841808454815
0.19654765469424	0.157654924643212
0.395778091762331	0.366156354843374
-0.0792935399202298	0.0672579017340342
-0.0571094646946964	0.050455697926638
-0.737179279113483	1.14287648958649
-0.82122128950234	1.30748403150284
-0.46827918567146	0.588806540870551
-0.475763960618438	0.621984261052081
-0.635196639040173	0.893936396172664
-1.40176502668898	2.8344164884449
-0.513934922829193	0.83595746929451
0.330608791318737	0.342964080071735
-0.988377853430762	1.82400090269636
-0.668654042779166	1.01146440635425
-1.26451362626479	2.50213842012249
-0.0773964043069913	0.0742675245863458
-0.677451295302382	0.814182955905085
-0.959271813358451	1.57496374656491
0.00069374276257815	0.000374063892037562
-0.501097855280957	0.771912640727008
-0.662920462835522	1.54566934180172
-0.394009773383238	0.616930621921505
-0.324927293648005	0.540013345508304
-0.64363352733117	1.56740570463577
-0.333032088398368	0.456812790800733
-0.296988842872816	0.364894984813501
-0.309250740110825	0.309617294877335
-0.672343001651047	0.904123697515266
-0.31088016545775	0.200126529320218
-0.597919381756267	0.704174149409066
-0.632664658770236	0.65510947700017
-0.520460917836616	0.507581521418368
-0.22266951949537	0.167568840491798
0.951552182399089	0.891022428023101
-0.823361381755885	0.792247562227018
-0.0587384824799772	0.042104765339989
-0.236645699669099	0.188595016567693
0.00352710902161849	0.00263190187547322
-0.322502542794089	0.299313217994815
0.139355840055818	0.121966274366443
0.119049045783496	0.0865778121769892
-0.114599092594317	0.0879045709068162
0.699820843158348	1.00714480592668
0.959834630409037	1.46863037009544
-0.108329290063213	0.0909137764611046
-0.106616426771086	0.0864168480424168
-0.242012644356063	0.255226149840627
-0.166259006793419	0.144727298304656
-0.347910496083091	0.412809226429097
-0.559404721402504	0.660858279429308
-0.36204150494354	0.416035033945789
-0.387396237231667	0.45392669940145
-0.788661342082054	1.0743584715999
-1.02162388322714	1.38269870386071
-1.08623360579324	1.8839863732499
-0.264673163045633	0.321242028208008
-0.496013179942824	0.626684637328916
-0.669041067081897	0.990643935832239
-0.876071702085022	1.71488136127028
-0.629245007386324	0.789878645957346
-1.06047872401134	1.93657042787458
-0.358578442633952	0.42965619586937
0.727944473891754	1.09989655395017
0.242360528595368	0.235439145966548
-0.372304323842835	0.362500340551018
0.0336249943528934	0.0283514190703076
-0.288866914052855	0.26151220997781
-0.378298160617174	0.441760490545378
-1.25136741983104	4.41734410070905
-0.195374450415894	0.275579979454851
0.159135184036	0.198964783538466
-0.0356662674953835	0.0366130569327617
-0.693093125205627	1.11101233799546
-0.218149960854447	0.205909004288499
-0.446588364241542	0.372315452906612
-0.131743922221818	0.116818556090751
-0.453022740528002	0.467807471665073
-0.925897951926219	1.51791486462191
-0.444408588471294	0.424173675592943
-0.217062802412591	0.222474053503377
-0.386580039793945	0.284055812694463
0.420067928606747	0.331916355870524
-0.260135798349457	0.238123122286823
-0.120311507166027	0.0988924949711638
-0.322025583775924	0.267341655444643
0.211032291165724	0.159866762662255
-0.194967025540984	0.155355228550193
0.458869331104376	0.451071656285999
-0.366055898895172	0.338857107906625
0.111989894721893	0.0877942744530987
0.394893690692515	0.424622994356332
0.164163096214834	0.151471430519817
-0.333894227996855	0.352655336905343
-0.250417748885836	0.267753565504327
-0.66084247807255	0.681346053199368
-1.05727439444161	1.37837379739544
-0.203498148025779	0.179350025885432
-0.134150110361876	0.115637325150279
-0.000139033674743757	0.000553975376382045
-0.439272048605117	0.64247329020465
-0.581022854495915	0.833367554113185
-0.381664905057454	0.527788580412863
-0.611270855425699	0.849333425497186
-0.696178576307894	1.27164874415029
-0.100950270236508	0.103634756554412
-0.363126799548401	0.402832257565519
-0.411370481752273	0.666125230842452
-1.20622723836962	1.61510316455917
-0.585738068486361	0.725785204216786
-0.736786628553972	1.41897676758275
-0.218690704593498	0.26750939235053
-1.20152724430304	3.25174735951464
-1.37224009817212	2.85361765837364
-1.98195560820404	4.91037770670501
-0.64405526418011	0.955900988593417
-0.741425775936611	1.12033385005033
-1.26723588241805	2.68527815376103
-0.206618773971163	0.198679271872257
-0.331505986350217	0.36936616318732
-0.226512281123318	0.235880328238127
-0.069273580363988	0.0575840274066406
0.0288365821687239	0.0221189962917563
-0.553635489375838	0.805038242175653
-0.739090173420096	1.82379965350633
-0.592071041100123	1.22369878566329
-0.313165867544948	0.465537762806209
-0.837734285156445	1.77882471364954
-0.511708351019717	0.822346808655021
-0.500595418859531	0.671469106572382
-0.942870520285509	1.04000413300202
-0.60403853860724	0.602964209232804
-0.208204195260814	0.160483546603754
0.759254870749111	0.779005794325991
-0.57391541450474	0.611337827349093
-0.230326144311864	0.174795227913714
-0.362819152200932	0.325396875759431
-0.455519313798333	0.397049469480674
-0.549517365975132	0.422261178375388
-0.0641351586972574	0.0394154446079857
-0.792776964030345	1.08308510684795
0.225281693674234	0.190741181554137
0.458915640063447	0.654058885851582
-0.673409918789567	0.842922681164894
0.023569804123161	0.0184627175312649
0.320665855783517	0.377271803507426
-0.321814530752081	0.309822537650241
0.0865700685646066	0.0722715777193889
-0.672918987200029	0.962501873790481
0.108075786128711	0.0889782578042139
-0.132521139308347	0.121344977077324
-0.258695691115338	0.234698203440854
-0.607121826435391	0.80027853425562
-0.637276411734027	1.25540053789304
-0.591648554304929	0.842842039528329
-0.198515351987733	0.219864752341749
-0.855046158923155	1.30091346748044
0.418925889862408	0.577071401238571
-0.3889023572369	0.59915080177273
0.33094749397609	0.451977613703965
0.0569253766966546	0.0592401152214535
0.147331798821713	0.185665022661797
0.552167488352287	0.754190401744976
-0.012938873632029	0.010518300801443
-0.213124345945428	0.21391723377971
-0.0940723048552871	0.0858944629862686
0.0289851208541813	0.0293286515455256
-1.20799016229849	2.87917385336209
-2.13734594268444	5.10080400179546
-1.19307621924896	2.45884079590979
-1.21342196699455	2.02268932686209
-0.377247650707434	0.406978042870244
-0.638796173155074	0.754120203698158
-0.409984448343885	0.328496448617249
0.0961466760773496	0.0717918576094125
-0.752191914508983	0.836338002629399
-0.681420551248648	0.81865453133727
-0.33477987809995	0.280200534419744
-0.648845253892043	0.930892079311706
-0.914019708753331	1.85086606720216
-0.514278413855639	0.748749869821966
-0.307729692303915	0.346161976327486
-0.6888641166972	1.09449870541097
-0.414752747216104	0.557275071209564
-0.812835340256204	0.709252771530384
0.0256618483155941	0.015520954986904
-0.332449208869915	0.211355178706767
-1.01056596390645	0.87982082669376
-0.288730182973551	0.230717819939138
-0.352472373796048	0.25497031493045
-0.817921238783937	0.835428481334087
-0.408882635100935	0.308385507664199
-0.478610885252454	0.287546771931594
0.249643999507233	0.26072809192954
-0.120082918623016	0.0849317759666588
-0.412936294864583	0.3811400068641
-0.0835620019553367	0.0567345945810886
-1.13100538352409	1.65817935768695
-0.823817509388196	1.07384947880318
-0.424227959361843	0.490652657359854
0.257452589337519	0.251515677237283
0.125431648829566	0.0903716965014108
0.0473426008449381	0.0381529047521291
-0.516134915484551	0.8216728586115
-0.621451852741142	1.15047196656898
-0.467868821337227	0.624534583385137
-0.229873350365149	0.282580761329481
-0.270605960866379	0.341721619381969
-0.353455554939668	0.492785975824726
-0.278971687071754	0.355345671392579
-0.778034529272372	1.53646225555126
-0.699526341287825	1.44397945949002
0.0852600958569817	0.109973648090411
0.443006338188403	0.750122527229367
-0.126642050816873	0.179102567947773
-1.03732957630882	2.01910383940971
-0.103163127982931	0.116926564542063
-0.540385187974374	0.723512012111589
-0.391315889797535	0.52190241531755
-0.545561040286621	1.07069614052705
-0.986946666206115	2.40109077963264
-0.898207466114461	1.49445817462008
-1.43383732977901	3.13921481341828
-0.422186463970691	0.468624223785118
-0.539408107228524	0.752960974438185
0.262044339259258	0.269250241985505
0.370799960066997	0.37237243165909
-0.0605036388313413	0.0493384218679103
-2.79341319733709	4.22521304101112
-0.434916626157275	0.490604797131802
-1.06114051231753	1.38536116683308
-0.593410873358517	0.690112513304083
-1.01137148788635	2.61353788719662
-0.559496332037127	0.929759943135367
0.0457346457178719	0.0360659441674287
-1.17771763823928	1.53708762977859
-0.518337729921779	0.50686203236181
-0.26111088040754	0.184851248681002
0.156862222694294	0.114742584741072
-0.959518295712968	0.90144901684405
-0.0140407868684154	0.0108321238046101
-0.117203467305389	0.0844087044761676
0.419671345103955	0.32427043294439
0.230399858898244	0.176707374302915
0.087796734746031	0.0595207487348014
0.619273906913077	0.777599466044649
1.21182299217241	1.71420925423287
-0.21249309008379	0.173583580001014
-0.593405715985952	0.71350035088959
-1.17340845981566	1.91199965186078
-0.641312196439874	0.895597438891652
-0.0438394894815373	0.0417332832988483
0.00636521376721134	0.00541348474949228
-1.12599976762153	1.64234582652602
0.121093120619296	0.109286226712715
-0.0119417387003687	0.00819835207697081
-0.00128143076098644	0.0018148803559136
-0.692449424415736	1.85984701616876
-0.209406569091509	0.258494455960056
-0.906503458820997	1.8835118918918
-0.235313305069661	0.277225092024187
-0.780238509328921	1.3901919789328
0.262797985290306	0.304600713847878
-0.82179362649131	1.57037169188594
0.16227368225254	0.169728095102545
0.0246694307045966	0.0239675542608201
0.106343483516373	0.105282649330109
-0.505051583103287	0.555410801457028
-0.243305190616243	0.304984930427117
-0.0179678353187072	0.0190820416254786
0.144938988263596	0.157979027267964
-0.554133599098105	1.03658392049245
-0.515034085606013	0.609302732526491
-0.245448923764626	0.352928285272556
-0.254995730701423	0.287233671785877
-0.394737599082873	0.509069299235351
-0.777272502122269	1.29768337577352
-0.973970674979983	2.39930495902539
-1.15543268819097	2.20492535879358
-2.59261088448665	5.22945323962897
-1.07036754856679	1.81136952911874
-0.18999297566174	0.186790048868622
-0.173334889572477	0.144738688070621
0.249190653545386	0.224545930117446
0.949632112016159	1.2661156268941
-0.190428804830848	0.150652427545678
-0.200365904696422	0.14380692284796
-0.471282688770966	0.396501284834175
-0.780264301257314	0.77522116009347
-0.350394885354728	0.335988806394442
-0.757591474525583	1.27916938775545
-0.633790560295576	0.563013046699127
-0.226357507021783	0.165876219022101
-0.447328773658835	0.392451111473446
-0.144303125274239	0.0950204420917973
0.262526123363201	0.211359657003015
0.107311709883834	0.0900067130646554
0.603283059335117	0.512692064702907
-0.196897986077716	0.169930433620575
0.252799016107834	0.210670041809301
0.222645201407051	0.149187403581588
-0.369553652637202	0.247757238266822
-0.498940220631345	0.474220099379038
0.674225231125426	0.52389926923448
0.170202777672283	0.133806359925144
0.00503650061140457	0.00318422875766324
0.0321371918432721	0.0221909618548366
-0.364673746616688	0.38632547449489
-0.0256633235458739	0.0210603437491794
-0.491427893674864	0.56965396158192
-0.978478229499317	1.67306141204062
-0.168804032557604	0.138525912587415
-0.834475338396687	1.07403548793914
-0.216654636495019	0.472955772741594
-0.147249039772401	0.251303749327839
-0.555786806663049	1.47090931838409
-0.632254371349626	1.8281454698604
-0.358103641820039	0.648657740316794
-0.305425074075651	0.526496116087058
-0.590705982242818	1.30284719371528
-0.409361384662758	0.693246104817962
-0.644523989367422	1.24438805110093
0.0461070633569709	0.0437008729153289
-0.21939851829317	0.287619565383063
-0.709096010256776	1.4156895730153
-0.432089951587639	0.830407420920733
-0.245151775621102	0.31302817018613
-0.215438880029657	0.259667405793051
-0.408036057442119	0.788262781579881
-0.881719462737156	2.60296870264772
-0.628019428824994	1.47501698536617
-0.730769402976825	1.64966368773185
-0.671580763383858	1.42571138664644
-0.233456642317211	0.29942475602033
-0.501433483718068	0.7991940656879
-0.662131723511774	1.24038516041273
-0.882255061696306	1.80496249183887
-0.809027794388241	1.85794146213345
-1.5479630974913	4.9535611919625
-0.867727038585388	1.61024878840759
-1.01850109294135	2.13730308249564
-0.168813656615478	0.161604987207433
0.332423792633536	0.384405369627959
0.188318112938925	0.163974071559302
-0.11228667164103	0.0776831747864577
0.194979079802328	0.179151417670691
-0.225701458501967	0.176738936160558
-0.0574060121548886	0.0444471909108291
-1.26294307016441	1.86677537083137
-0.316577156294114	0.375031605469166
-1.08383131788139	1.38101250135166
0.168005347088378	0.148903423529747
1.00113227301538	1.54629564700945
-0.134967578998242	0.0805208183196768
0.560429096409332	0.604784011613214
-0.261829411358576	0.274227217324025
-0.555003129565904	0.46350284247893
-0.402772328065377	0.387941642692135
-0.18844178901276	0.168790531953602
-0.138521536045716	0.0960832708247475
0.678713406900061	0.767466268249589
0.225276091766308	0.208705062691586
-0.638102550820188	0.779857011707919
-0.556824612575431	0.782258924718964
-0.313930176366613	0.336984052378019
-0.854298116286414	1.57653132613845
-0.610422017929528	1.05352918076365
-0.729710585279291	1.16061492546129
-0.283903577682025	0.302348544475198
-0.227410605429987	0.254888649432667
-0.276984422318409	0.628248628638273
-0.111303231711844	0.183737978977746
-0.599931185529746	1.58621480928007
0.123337949239004	0.196544331703752
-0.830062029605987	2.82311254145361
-0.340929046092634	0.700253212109001
0.248719161024412	0.453652274724807
-0.18378069116061	0.310944772757044
-0.372566550232142	0.806641218343343
-0.364228089909238	0.799405594225247
-0.336791911545958	0.603317924972582
-0.284879125106093	0.452618771348941
-0.316438250452315	0.530503995419321
-0.234264873124736	0.329605466207076
-0.495369438589842	1.03331700602144
-0.239366679591693	0.376735733842605
-0.403170988429004	0.637796625074815
-0.286501814803997	0.4468030972764
-0.264065538472997	0.36346600418914
-0.48509435566055	0.895327599882881
-0.503556520974756	1.00552849013481
0.172607170465949	0.222442621764733
-0.576136902519282	1.11823211399535
-0.541639561368084	0.940265810115832
-0.898711999289188	2.10158897527229
-0.0450181603052252	0.0486068672872231
-0.155701398471947	0.195679195134204
-0.652813705398158	1.23965204950467
-0.727506605219703	1.55144858401453
-1.12754321299998	3.29110331495289
-1.1107406249023	2.28384398070592
-0.900859556300852	1.6323635850028
-0.564351214891033	0.780051891068938
0.0852153949873989	0.0785851365977912
-0.0172672369581749	0.0161954900053874
0.891755381453905	1.60144437262816
-0.176063196922832	0.184967373350367
0.709283551380455	0.999104119695781
-0.444088298914006	0.628923283810932
-0.213267471168253	0.260028920167392
-0.0590267016983539	0.0496074261366331
-0.330392655971525	0.276684586581023
-0.278272625250867	0.255349580026704
-0.251357867660824	0.194754963729508
0.390532396976508	0.396641090601683
-0.861168381002245	1.12334339561924
0.442895319757271	0.464835461894069
-0.238768153990591	0.203387756386126
-0.678196820193556	0.739012437750565
-0.206483068429462	0.202757881698526
-0.0570088798127599	0.0546404689884472
-0.733743568336746	0.897321976888866
-0.384052290797945	0.45961230290273
-0.317133312263041	0.34791019544394
-0.457337235380185	0.633136007252584
-0.619672815002231	0.865894203096028
-0.862950383918718	1.4587959460595
-0.535775658703613	0.772555748946768
-0.420840116159399	0.50487152181997
-0.334394299334572	0.805648600553646
-0.214908399593492	0.390441484667505
-0.259220238935128	0.490059590168895
-0.72709332368931	2.24657623514669
-0.579434471024641	1.66119392103218
-0.356876376245538	0.733312026507462
0.526066786552333	1.18867003783374
-0.239883231118811	0.435849626882609
-0.0510836769817275	0.0726689896696263
-0.285575780035478	0.622252486256244
-0.700868435449198	1.82414810709229
-0.469397167271404	1.02736696742511
-0.367599971519603	0.689604325349086
-0.564973498991783	1.14402850766339
-0.400439141667189	0.694913166686103
-0.0732546938741588	0.0766950421326219
0.345363505734108	0.545836434304975
-0.782275740934102	1.81597777070139
-0.283915169769792	0.444514186536458
0.450481830290717	0.719709347451889
-0.972824011000459	2.04434138321094
-0.61032060621815	1.39582902746613
-0.54986123474444	1.07132087538994
-1.0635910455874	2.61517799440274
-0.909867108871975	2.03717748998902
-0.573699752140638	1.03897679217357
-0.59713610857768	1.15791983976493
-0.545548589234442	0.947193153064993
-0.599990075459851	1.02689211167264
-0.535872770622135	0.906586390496779
-0.455448401072048	0.814103603992873
-1.92984686215762	6.5834754030579
-0.35810215394634	0.518592241651573
-0.663980640807945	1.07826106163856
-0.890978429450816	1.43293542736521
-0.0946585483857256	0.0862804392151471
-0.580758181862249	0.762048495975107
-0.576693701864199	0.624221956875334
0.194526364414146	0.19376188442932
-0.0196891460575752	0.0164453403257987
-0.411421688132558	0.380397294339018
-0.213143587939631	0.160842441886557
-0.628444106118613	0.741752052312456
0.0818631959000199	0.0653254449418267
0.346917292110326	0.314932186981981
-0.938591569458619	1.68751475866765
-0.787565968257784	0.93311744674236
-0.965475534235146	1.01809992333058
-0.29635778473567	0.225777720894574
-0.573598939405165	0.607939618375913
0.0538010678079103	0.0458270343986135
0.196328480155691	0.190436586476869
-0.357766802746846	0.400955004452115
-0.886840637202696	1.29731865459654
-0.402952583986601	0.481859318803461
-1.31149760203782	2.81621169833771
-0.500949943589068	0.71778088100904
0.125458989303942	0.121101742503494
-0.28582037120537	0.330849511690269
-0.613736899660071	2.22057044172655
-0.416874905529268	1.0952293500498
-0.494007736699454	1.2056239818816
-0.39553140623162	0.961390905824662
-0.846920907336996	3.42033400525008
-0.501681630540321	1.27673237167189
-0.457855803904466	1.19865515855282
-0.12743285704995	0.222128346885706
-0.226503573581591	0.423990259330716
-0.199037688582721	0.373146331442713
0.0468528575607035	0.0668468343329076
-0.436342319110237	1.0424535071172
-0.0292397286851101	0.0375243164679325
-0.515046120921688	1.07082006678418
-0.858871822318952	2.43281281314126
-0.894022444075138	2.45907460959082
0.530707490740385	0.953259043686061
-0.46466860926639	0.940322748775693
0.00307193340640422	0.0033396334226714
-0.664526448659128	1.42950195653113
-0.279802489698546	0.407573215762049
-0.178826897403708	0.2301181341812
0.0140044382879509	0.0173928826200562
-1.2941847296905	4.25858746597686
-0.528936702045017	0.970755626995301
-1.02396600377875	3.12059591444345
-0.367976245126486	0.615760037814502
-0.202543378790709	0.296556302994103
-0.729767155807728	1.40384773672521
-0.682792151370271	1.39867023724157
-0.534428301703961	0.969324280275661
-0.97195231277384	2.92392665617191
-1.67986030765948	5.77894387942606
-0.927953747036661	2.55580513479765
-1.34361690628366	3.72910802242179
-1.15432330777628	2.27652520934616
-0.669652517610593	1.05244358490556
0.245076338922976	0.248666559361626
0.24756968521008	0.292757855691298
-0.538811966850926	0.731208628228614
-0.317142331308216	0.312127842636848
-0.414362551901214	0.509423567495425
-0.633694212909691	1.03506075620849
-0.465630206056027	0.985760848726868
-0.708693124355166	1.5363158372547
-0.287661183703291	0.457869888259752
-0.526058105511726	0.68203451905525
-0.384453347529933	0.391179637306723
-0.38160319308897	0.427073321971698
-0.783845696318097	0.837388684539097
0.422718122178195	0.425042888601699
-0.659297100268514	0.954952871958065
-0.150288266242973	0.126836399120352
0.0188119722329876	0.0148282870261235
-0.569991047939447	1.01719114901064
0.00889245130520216	0.0072162125268986
-0.0798208846882603	0.0704253301530132
-0.35046083035153	0.399994393937539
-0.471413465292131	0.697125835179155
-1.01867689610253	2.19982401619007
-0.911661741227896	1.59675380125889
-0.218414666811929	0.242127856272365
-0.2337478102516	0.24684532325521
-0.530454922330202	0.731106222288099
-0.225649623206675	0.45672649861511
-0.557226831008007	1.35579451748363
-0.63355361020169	1.9189638048078
-0.513108309127908	1.64805705186323
-0.431097838972254	1.06109492308352
-0.358024665752582	0.809901240738287
-0.483395297664159	1.24859222476996
-0.342680005137452	0.690665188584481
-0.461465857166969	0.921298545766762
-0.547884763940943	1.19802434335388
-0.684052022978161	1.65439075650275
-0.476955735956896	0.940637172260623
-0.205693430195147	0.34023082517005
-0.493233832556775	1.12355400859391
-0.592902936887963	1.36788450618547
-0.779754136601572	1.90429616440539
-0.700511735449597	1.76164958667772
-0.100922268949331	0.128028342049301
-0.211102438613027	0.287245787074607
-0.605828006416258	1.25076947939775
-0.431655906772457	0.640853036413316
0.0546656920585415	0.0626119589493254
0.352615940708191	0.506607299797735
-0.328630830738359	0.474410738722245
-0.391920618764357	0.596217416900738
-0.711916066067233	1.5279810110416
-0.702397315487998	1.45560854022445
-1.46734637846865	4.75129274558759
-0.230520800826889	0.315694699553772
-0.561135382783578	0.790021944367284
-0.867193798241158	1.60360161476471
-0.409490134833813	0.598105673871416
-0.366090040333852	0.484807007342582
-0.0153096912899748	0.0145831586722499
-0.311476890272237	0.366241035172366
-0.884652885669439	1.86381056403576
-0.689878924014665	1.61092711112962
-0.556107820356341	1.29777715332997
-0.556188187126893	1.24312621142285
-0.465751363471697	0.945617374263639
-0.340248148833483	0.532919276762594
-1.3161900019793	2.15512125088089
-0.441220277329284	0.46185260468403
-0.408255058484821	0.478713550747399
-0.435277382387339	0.476479142964093
-0.229420662588319	0.176317563802698
-0.149328830379127	0.13666427114074
-0.440271359253029	0.600770749264648
-0.463177177603386	0.595626960260358
-0.503420854688469	0.668373635267227
0.016837667273546	0.0129173835038366
0.668145089799722	1.12402076336091
-0.053349689450736	0.0535027715161862
-0.0325727057149366	0.0274921422002002
-0.234072782213826	0.26020223649011
-0.562143222921928	0.77281853157066
-0.497323323614772	1.08944761105927
-0.274751255925858	0.54718119940783
-0.280618663051742	0.523321836941739
-0.509312723659025	1.39824240027096
-0.514214020278604	1.40203060933933
-0.372045472401085	0.674123775808889
-0.445595364356182	0.928297688000511
-0.471899620685679	1.03709123153502
-0.404608436997678	0.920241086132094
-0.531882599840908	1.13622827225605
-0.588849542558438	1.39474217599852
-0.833544734688715	2.36229407269453
-0.169008656310891	0.252083109500515
-0.428696112704467	0.825327893521351
-0.682554979989232	1.38870606331698
-0.120868695840201	0.130841594745946
0.122154598670606	0.14431759114363
0.160780825092675	0.176460118051036
0.155551531507534	0.201199754636005
-0.59598669641571	0.980028347774492
0.15007899909147	0.159341689746755
-0.836721963910706	1.82496183172301
-0.0854914008486421	0.0960923524918829
-0.54021080304912	0.785634580387319
-0.991197224135016	2.11983906900853
-0.858418505483671	1.89713390855635
-0.970751354127453	2.05571331319674
-0.129408455654649	0.148224913613041
0.285923154639518	0.359924023241104
-0.271426609831475	0.327942204372009
-1.02558619351934	2.42312310003661
-0.720567013916887	1.18312540505489
-0.904776589268102	1.86138323747829
-0.387627728494673	0.653618837153879
-0.437468286214584	0.980418017594015
-0.359031135677712	0.685791011959464
-0.580865249040698	1.33664303816267
-0.468130552537323	0.93993743775941
-0.377688619746261	0.417905859923741
-0.519704154529243	0.677104734616516
-0.507362204488141	0.770342677026143
-0.49712514573707	0.630096203481309
-0.0579743457676772	0.0496250900129775
-0.0199961226588147	0.0188071515673843
-0.193877330374476	0.183979382329585
-0.651046498950047	1.77454806593213
0.0300381228815149	0.0391000775958048
-0.320637523290712	0.558212664866381
-0.189132696060109	0.312691435071058
-0.301741072097438	0.604986772585914
-0.889156769337489	2.44455514890939
-0.265240491953621	0.476477929240456
-0.930932755062155	2.61391324926932
-0.872809611330565	2.74998686956445
-0.452114954881123	1.08719360756308
-0.595122579404365	1.46574555485481
-0.574585603137551	1.17940199201608
-0.235211429810971	0.320848770943027
-0.725609768060317	1.7095417064168
-0.502057013872385	0.890507341352611
-0.0721681464192181	0.0720593870395693
0.372710319817901	0.545774507098422
-0.333519670345445	0.384659160818622
-0.441905711723316	0.710397466723413
0.584185002038767	1.00179205154004
-0.0795533622150427	0.0817384323831504
0.151075654309314	0.167118624945999
-0.656871440505511	1.42454030303492
-0.276924681646913	0.347973638734234
-0.475283594114163	0.711445319971749
-0.137881989974995	0.177965040646486
-0.0246042490674325	0.023851346538821
-0.811929853801744	1.54551306528288
-0.229293044234375	0.288276557766575
-0.71915298028356	1.29347727057836
-0.132687185534943	0.158674509477228
-0.567618153544212	0.870829415764201
-0.63019054347964	1.04934228591119
-1.02605935662215	1.98293724103854
-0.577805874410518	1.12156874060717
-0.610843919697432	1.51693995074558
-0.78842616193704	2.20284598350928
-0.442824629571393	0.914355471408089
-0.732966475740501	1.94635316624347
-0.0897035396420094	0.0737694234862404
-0.609849647325853	0.756733045761831
-0.073212732619278	0.0711636047266504
-0.315728727786818	0.611746766152458
-0.321464690245386	0.599328647198624
-0.239333448350852	0.404977330843284
-0.52385580087722	1.27223751272692
-0.680892075930952	1.89395323454972
-0.682446311143122	1.92089013128594
-0.496251180806439	1.09763693032491
-0.787750860069291	2.65789165886107
-0.77893481539919	2.35873082319793
-0.241763041477532	0.472878661747167
-0.40025594252749	0.899792052216489
-0.595656747096394	1.42892869420064
-0.413129388012571	0.785424917876631
-0.796101153392765	2.06712493703581
-0.55820171644284	1.23321629286776
-0.47554266999292	0.882330086494347
-0.511465479272584	0.861319672737805
-0.556052393870049	0.937614325620977
-0.0341100710366861	0.033546902323748
-0.327897500028361	0.566898159372592
-0.270684690728047	0.381808873571963
0.339617325697831	0.500146171700488
-0.658182465626898	1.32166236167884
-0.290022434146385	0.431536342523976
-1.32583118910675	3.85956423041139
-1.26116843884537	3.49531682341719
-0.797531774930195	1.66793206331451
-0.220636961077012	0.278184343252112
-0.442086671541223	0.712661492624239
-0.090000060216499	0.101757827206839
-0.170352058638621	0.21858251959268
-0.15994841086819	0.192199814230031
-1.15364549636076	2.59705223654476
-0.333611158644009	0.48883838921673
-0.843880699147072	2.84621408959769
-0.772766594809674	2.50498851889768
-0.235029334818873	0.421123148782175
-0.57089783899369	1.70081124430628
-0.456753372132069	0.728065002516609
0.00425244309330278	0.00420038937093102
0.0486345168266611	0.0444104685939352
-0.360936778863239	0.569727522933487
-0.274895142261913	0.491405828116867
-0.393379673862421	0.803446185253893
-0.546598542014441	1.45344545716376
-0.424693103936936	0.956027960147725
-0.643722126846418	1.97990963624423
-0.942960457490981	2.74067915085376
-0.275299614066143	0.566256516340209
-0.327056014617771	0.626201120287113
-0.637883388009973	1.79956962187121
-0.113304235278914	0.187733106272532
-0.378802679142941	0.824194175080194
-0.340005957946729	0.626632435104334
-0.409140079922481	0.703405137331482
-0.0107019645164273	0.0122267639202074
0.04734245891552	0.0530058827767328
-0.124653078151963	0.160246733802784
-0.216865846298899	0.253960935295553
0.239960879488182	0.268529754586329
0.284359147020101	0.440141727908126
0.0302940562440735	0.0324259770702952
-0.18945240755138	0.230320439087916
-0.630714981310591	1.12319552158282
-0.69784456067162	1.58263317140425
-0.119658509465518	0.158926632642699
-1.22519932181324	3.36910607250243
-1.10792408907188	2.99245464771789
-1.01353268592794	2.062599737626
-0.48703088351314	0.862325825414357
-0.196796149106011	0.275200532941324
-0.417382361588305	0.618894297231079
-0.294599219768818	0.394922565127702
-1.00825758856312	2.42633636722382
-0.966703512336789	2.08913734300162
-0.948941809012647	2.23495134613423
-0.373419194983332	0.789275235869314
-1.00462768398509	3.64361609544394
-0.331660602287548	0.698772687095893
-0.480462768879278	1.18369754863576
-0.17802212026177	0.208542596503223
-0.0696844075587632	0.0677416356729571
-0.278759157729241	0.343188344658905
-0.705967110636036	1.26102791171747
-0.340091164149218	0.46915076141469
-0.57783141865232	1.24653240198525
-0.28870857508303	0.504036374366493
-0.756599230598628	2.17703545705058
-0.398185841405957	0.710763587648852
-0.509453291986816	1.12175928570997
-0.445585431795983	1.09785494386843
-0.603361738201525	1.69890710195539
-0.491188916605627	1.15522766098636
-0.707690153204547	1.59378651132488
-0.618587021799625	1.64424549587741
-0.469491169591849	0.980499823405233
0.0111704135639853	0.0140231392072258
-0.124928120884512	0.175112984827832
-0.876975652612969	2.95820646343903
-0.0530136446883361	0.063412801477676
-0.511961096409986	0.90128894281757
-0.473306263327546	0.931227335154606
-0.340113130233818	0.486885687824154
0.326388409220627	0.445982241843479
-0.0185541386957262	0.0193938018793559
-0.0528315450804668	0.0500163577919352
0.179809665452807	0.224205691395493
0.228108312400624	0.268102423290083
0.440151958760692	0.586952272675106
-0.162023757531399	0.204927273981924
-0.482860188500273	0.956370959479827
-0.494674901107324	0.799206857359568
-0.518093513513806	0.925983559171942
-0.437288924372476	0.755500430484904
0.0691862576026555	0.0707961375160958
0.239663063175213	0.296908958720462
0.760220381321948	1.32422474410999
-0.39188142740895	0.614887712174122
-0.307682285700937	0.413904483807793
-0.79457798215795	1.58794199860852
-0.653532205862896	1.11055421206433
-0.718571894811438	1.91231283325895
-0.497355313424517	1.06073845467169
-0.514438253716203	1.13962124012694
-0.484956388479235	0.6357011651727
0.481334363238549	0.681645869076207
-0.382898993415051	0.488628849416762
-0.223019365930905	0.246106236845108
-0.59310150227129	1.43607014183743
-0.83565041518446	2.37057331528186
-0.549698150804549	1.55971154364574
-0.894224147671512	2.88886810033308
-0.31771085542843	0.683105932230343
-0.64093415878253	1.59833897426556
-0.620496770163657	1.7976245592945
0.154274769570337	0.235602800236995
-0.57003688529567	1.37850748757514
-0.317116277407134	0.535887843409923
-0.746732304213492	1.64838329102649
-0.913839657959567	2.35792047178939
-0.561791581419793	1.05103130289901
-0.2434353123391	0.294373889519214
-0.446391865472949	0.748471021629179
-0.105499993323874	0.114751423030317
0.038587944931733	0.0409514225797376
0.137237367667723	0.156076721898625
-0.647961082546003	1.16773231328078
0.218008229184175	0.307463986039632
-0.276762551269325	0.352977709923702
-0.779767093894435	1.76039850432855
-0.97100478828086	2.000427203862
-0.394013430152466	0.585264791353742
-1.57997833895519	3.12784583319364
-0.866633973183685	1.53527008582313
-0.235584634389223	0.316028560441485
-0.3726045667633	0.517899207371571
-0.812908531055926	1.46900873984145
-0.487103059592264	1.18100685521522
-0.180875038105662	0.191358796767883
-0.830802089834978	1.29707806652179
-0.195074551191497	0.210584593266868
-0.128510651575057	0.144985530541602
-0.595189982711714	1.54438838224787
-0.551623223037991	1.31332221602218
-0.726333674096494	1.94952775615556
-0.831548377461367	2.4418079695492
-0.903223936545439	2.521613855988
-0.419291696137225	1.03439341862462
-0.497640094884916	1.25575813158864
-0.670794263335683	1.3437191826299
-0.889404491055619	2.58677317013504
-0.511532977613688	1.09805580751802
-0.320077832686195	0.615174670187039
-0.731953975664121	1.77308109817983
-0.203770959800052	0.264585038549838
-0.339219222273954	0.566561737735674
-0.420721141970047	0.707431149537126
0.39302878652916	0.554223456975287
-0.441367788217426	0.720414244663513
0.0902666753853987	0.080817205181511
0.0327256149799706	0.0346712964390249
0.0694676485082786	0.0758736034049557
-0.261454731097747	0.268014281224505
-0.645038572550314	1.18972486075095
-0.23813396374948	0.361375581833589
-0.821116690294086	1.65967424717887
-1.08696559812875	2.74553626436191
-1.09303404766471	2.98414031581618
-0.0154599792206337	0.0136748141429166
-0.321813276616084	0.444895699868352
-0.0477105578778915	0.0482322541326407
-0.161943698087442	0.180703363398404
-1.1035368833739	2.37296197177726
-0.138755217234236	0.14138662762369
0.410246815153011	0.519236941022679
0.140380349592574	0.132953650766513
-0.537365564682911	0.813301549556777
-0.765122517489845	3.22923866116537
-0.792444653594636	2.85658992356731
-0.657102271494594	1.78595108413894
-0.541580872567629	1.44258579357821
-1.03158679450737	4.16054215992271
-0.611917706975297	1.67875002368673
-0.333364833360797	0.722781283562738
-0.359581436599534	0.887241479090095
-0.57454905175697	1.52149320197907
-0.271844605243168	0.48872213580702
-0.420835458411531	0.90374836313059
-0.507244269016912	1.29152362995882
-0.617600733995257	1.68091258042367
-0.0713250034368176	0.0893365518878613
-0.448459171329914	0.948763885342386
0.466235169163821	0.948161545245843
-0.373228097028333	0.665597024976004
-0.702644563808847	1.62787737064853
-0.560853294006921	1.02894247402854
-0.284913870912784	0.453358989453398
-0.784406295406487	2.01635214761885
-0.429853465004833	0.777230914547154
-1.0094902322376	3.05232579287927
-0.358482954997329	0.535619553638505
-0.52578141527557	0.984200339167101
-0.491129905770623	0.638701248788628
-0.497638595583997	0.65186142163011
-0.911886265453315	2.16772805725164
-1.44105065198418	5.19632423722345
-0.599969041015728	1.18819874663928
-1.16874063044571	3.16237402546289
-0.673640569833807	1.07209230480198
-1.2591162184949	2.67456016309852
-0.303007394256354	0.387417146885343
-0.210879691483592	0.240912978905452
-0.984278130114752	1.57335903361664
-0.785771671321381	1.34822580078064
-0.310394205746561	0.33173155433496
-0.0031090077582348	0.0028897178693514
-1.05958912510779	2.58656646523649
-0.741205017903094	3.24543649731532
-0.457093307161504	1.34021469168101
-0.473477566129115	1.19189617916666
-0.430015021482975	1.05284950183199
-1.07500140130716	4.81145194112175
-0.895854092389482	3.13158371847683
-0.324673800623525	0.69387784553698
-0.679117447966146	2.0247325231407
-0.338343621936415	0.63862035322224
-0.446630534380705	0.971823846790186
-0.481308549815933	1.05312450697694
-0.369987878766468	0.682355082050782
-0.941645915624873	2.74823094303194
-1.27718149517962	4.06928901928281
-0.751105717586584	1.75315500768289
-0.0195108012507124	0.0233178842253664
0.213751530472052	0.333883623069166
-0.0611992208068956	0.073720281576249
-0.0529754505852216	0.0669137776164449
-0.707780900935017	1.38809348965348
-0.489403756109796	0.846570592923399
-0.748300793867194	1.872921981825
-0.960977237109527	2.45297547716078
-1.04494696588879	3.06994367020336
-0.576569480824455	0.787544128243507
-0.599540069639847	1.23657916706315
-0.0638723044854864	0.0661110071972702
-0.594243114166801	1.0197616709501
-0.653413027933892	1.14735613068416
-0.902995736973432	2.41017845005032
-1.50400960620555	5.56423319518347
-0.615262258848443	1.25386153188076
-0.982973532184617	2.20789440825562
-0.820425349909208	1.37166770667393
-0.673238175630557	0.975964763457879
-0.432855691440676	0.492401086718534
-0.861110809478457	1.51896453550632
-0.764830339555661	1.51211594670307
-0.159883797512058	0.141166905553178
-0.661848778167545	0.824631233933791
-0.479742368288329	1.6594946632028
-0.486473188265087	1.37015657077527
-0.839899710988298	2.98443691298481
-0.491369434234992	1.38914944305373
-0.906074281539511	4.12316184500802
-0.498972172835375	1.25402976322257
-0.331625857426064	0.737021750648606
-0.399770825311882	0.988227224441465
-0.279243866478961	0.645745191171723
-0.344251770050381	0.768473140745439
-0.403023544284627	0.956991479173725
-0.00598026690318733	0.00779310794048112
-0.201371762387079	0.339424334134815
-0.259173357182392	0.452902656746376
-0.24900689818756	0.397935841500084
-0.0436564564964002	0.0579474938536959
-0.146440135839593	0.189314617552062
-0.486619852834704	1.0763580474409
0.277551863194851	0.443731991738657
-0.490414967797057	1.17293979506447
-0.11979711290102	0.158691772868647
-0.207312742805967	0.287298647915976
-0.618580872687789	1.37384021736955
-0.27343378563021	0.501377905923051
0.111237050331826	0.143325145836437
-0.845284880385923	2.03287523215245
-0.267674704012562	0.320739105833688
-0.0766062995026985	0.0940146043230156
-0.622165639010257	1.07818968868324
-0.69632771964791	1.27766278820715
-0.743108532521795	1.76106499447003
-0.91424586183813	2.89789138387195
-0.980472208856114	2.2739601722518
-1.095889528516	2.53053224343088
-0.952985675919694	2.04132663338276
-0.654732001465979	0.914130689983166
0.0636141010587203	0.0629072441696101
-0.0259572229485457	0.0228331440087886
-0.250534608675125	0.309122668582614
-0.1386496116781	0.14874458059168
-0.685702705656783	1.03465747615694
-0.0783205949191727	0.0694813508334119
-0.0633072862398681	0.0562518540848461
0.100104774316223	0.0844578052448513
-1.05664538629318	6.92665354871262
-0.698539115922914	2.99183780795759
-0.922937873899669	4.28817940664408
-0.766648913036736	3.0549922213111
-1.03677433306955	5.20219187200383
-1.20475027038607	6.00169902797625
-1.14182017781283	5.17404022239097
-0.476481637759603	1.37768387053257
-0.355175602923948	1.03634349996657
-0.447848588801525	1.39699076104082
-0.584962546801587	1.61113566530005
-0.413556454753893	1.08029855949844
-1.40158779458452	5.81358798649111
-1.09942099587468	4.21268866480273
-0.857337310518401	2.63268575382016
-0.732012056414959	1.99346581545723
0.18137086728157	0.292825547028694
-0.30406094053479	0.635899137059243
-0.0627602623549731	0.0863564556519284
-0.256739082078113	0.461146481226657
-0.0721368533532326	0.0992541472673391
-0.678223980834275	1.5764893173321
-0.562859975255813	1.35959790506224
-0.912632627719952	2.99224423648005
-0.594110746400743	1.094506742652
-0.933627961290304	2.6720148524937
-1.01305004860036	3.00514833600538
-0.739331108702243	1.69373730379993
-0.331871823157124	0.557952004501228
-0.842273747031199	2.12628872651278
-0.515832003964073	1.02206673316158
-0.64182433913704	1.50330260221575
-1.31832113459935	4.56061309181863
-1.13464129720505	3.47268995396856
-0.487743119634083	0.623637803481685
-0.81035957353704	1.46740562266612
-0.485425533756706	0.629353528714308
-0.787481105194961	1.42356636295903
-0.59360773951667	0.958560565851275
-0.534172339219698	0.889953054511747
-0.167503450746275	0.18414475012733
-0.273969106237423	0.31409323278944
-0.515182313851667	0.611518134861614
-0.613815596484261	0.880536109241018
0.266580715179864	0.32474504463047
0.0677498482433607	0.062810971361053
-0.777914758729864	4.57967627184785
-0.757105351368293	3.35082909236954
-0.871225064954685	4.31822111505578
-0.337132681147962	0.86955942359862
-0.944398595613832	4.6377285570446
-1.21956965235283	6.18727105926784
-0.461631629544299	1.31569048633062
-1.0305401176271	4.44456571721835
-0.685226054628791	2.52224088001611
-0.985845849590703	4.79422631610722
-0.442418384520145	1.1919417874436
-0.0635210882556829	0.0969447023243613
-0.799023239701942	2.81037804121338
-0.355045804605864	0.768162785478676
-0.758057180623811	1.98453745167131
-0.584885615260669	1.56594172697704
-0.638748458714214	1.62325040505353
-0.0944793092364439	0.1571769699794
-0.159634013717426	0.273625693563696
-0.308780810494362	0.616897304819778
-0.48597438844069	1.17575203131602
-0.865218527446588	2.80059267894815
-1.21761530537216	4.58473687224258
-1.22761443713374	4.61155702203253
-0.554850532378542	1.15001522181803
-0.27555186560182	0.427332487975738
-0.00811117114741807	0.00867339931554568
-0.513659987473888	1.05748111001512
-0.850072360794289	2.34498289422427
-0.620517073560719	1.14857432748562
-0.737267250355488	1.64955815869969
-0.354659142151594	0.626925599303264
-0.942658398037762	2.63501147239017
-1.1445900866242	2.84856584059998
-0.627397472706907	0.863535578751223
-0.361751445385327	0.473336966114316
-0.679633345970834	0.934369170437777
-0.684195400293149	0.993730940335931
-0.882379822321597	1.69895833618678
-0.886242026129365	1.43628592789018
-0.0913099218475549	0.0831273288730418
-1.04050265178774	1.74272468972797
-0.554754508423969	0.816669059016079
-0.490204539501389	0.778098080542153
-0.232690158852321	0.24253748829633
-0.414376169289401	0.512764443967956
0.201891119440514	0.201145856706112
-0.448692415432012	1.69317000778545
-0.676221523153492	2.91945756891023
-0.626133239089303	2.71100257644654
-0.54404464949168	2.04256795560582
-0.535070280623957	1.87924981264745
-0.350180256194693	0.942391628421225
-0.111370968401585	0.217363296160977
-0.455196698703559	1.55874192838137
-0.33839907322414	1.00199287075783
-0.755365378970841	2.86830507718729
-0.566375682827534	1.80748362100956
-0.802097079037812	2.7364146793083
-0.369050325329803	0.824701157233744
-0.638563029504666	1.69896141244699
-0.681306125296509	1.93568061279938
-0.463444689389017	0.967314165941958
-0.570816472905727	1.63457601760517
-0.400390274249618	0.820241332363565
-0.155138124086857	0.239935410564712
-0.391763749266662	0.842721103807039
-0.429891610804984	0.872978890776955
-0.711654567248079	2.10486550530808
-0.737841493877888	1.91535826801348
-0.500031318995938	0.942978185344759
-0.488547220931771	1.05859573591585
-0.579547886653848	1.15515464190489
-0.176546031692468	0.24280114087799
-0.602439793944454	1.15247843757428
-0.298128267122578	0.438394269620793
-0.67031701839661	1.48179091293907
-0.689625912037644	1.9510650823788
-1.06967191073688	3.11381764235031
-1.10751612651734	2.6385202601844
-1.14922843100598	2.41243381828621
-0.449319714319425	0.6211374699363
-0.683170500250477	0.943658227547818
0.340497844221964	0.317013700261136
-0.0608608365325232	0.0588954646430369
-0.934393198572657	1.1962547297714
-0.962979662323226	1.74060325088848
-0.498109761347909	0.630708248882168
0.105290547241641	0.0986346249320061
-0.128432432655985	0.138868151899916
-0.647819766593662	1.08045158388841
-0.0941202574233951	0.0904989215332964
-0.639146690644706	0.859362058166222
0.0269459932876081	0.0250938612813981
-0.13472917132739	0.117783974817376
0.231024794134741	0.262418563638454
-0.168538224422487	0.167173629343305
0.114012423544289	0.0939984501579981
-0.376920672278717	1.49722954244063
-0.396929364598517	1.58722225194088
-0.20815030187811	0.613074591833528
-0.236955117512591	0.661413489661631
0.0867519040500991	0.195049250115853
-0.0449468443122763	0.0886797936778781
0.169639489602919	0.4420776512433
0.0951751374130438	0.213690923917533
0.0803915779396274	0.158213047546542
0.325969120144611	0.847362387059821
-0.295013975292036	0.788691379236025
-0.38384847560259	1.05295699477251
-0.346982066707664	0.749300455180738
-0.651239241977385	1.82001411224624
-0.493921813265612	1.12124634382895
0.0601462823094474	0.0841523535822159
-0.734053429623706	2.20650500115558
-0.1058085561318	0.170481058372703
0.386471102583857	0.739278544354618
-0.436331804326661	0.902394918271492
-0.137110363254078	0.231271200020651
-0.790986586810807	2.69159680924393
-0.667865877483392	2.0410856182741
-0.488996804889	1.27115376411094
-0.688686270970299	1.68299262794262
-0.572626684581467	1.28939032736524
-0.205628236396082	0.323360078948285
-0.10905612111773	0.159778438730774
-0.506414874280113	1.03492875708327
-0.914737592806512	3.08857099216658
-0.940356799639548	2.56841675078892
-1.40388669841668	4.37939401639679
-0.513518433220201	0.684386996035765
-0.643060900414739	0.955573284432572
-0.140747212295924	0.124842048131657
-0.57058058274897	0.808714679744598
-0.156149386784056	0.145281892080164
-0.984392015506743	1.29102516436557
-0.573983702405247	0.865885324776951
-0.416686244787982	0.492698003198929
-0.463987104153987	0.574357454946608
-0.324901475004052	0.373266326643818
-0.0676086083959899	0.0603168804786124
-0.0668404830318232	0.0662746430298147
-0.979288644259823	2.09076130798333
-0.194503270076906	0.227786062050661
-0.328835727582544	0.396075137795145
-0.321693036950124	0.364749055058893
-0.160231588061853	0.179560481895395
0.140815306788821	0.141680917562142
0.035054522550934	0.0321374845552132
0.342274463174824	0.353371280266726
0.203922411900233	0.193101897320499
0.0682496407289408	0.0679012821069101
0.139774958671389	0.134752894021916
-0.422227343994256	1.91716684716301
-0.535721783728156	2.94698574066394
-0.612175304916012	3.75159941012556
-0.329785537627307	1.22653867966
-0.0593775361663824	0.129670366694829
-0.144643981262528	0.355601785203821
-0.0780047126901966	0.187176440902731
-0.129344255189307	0.312274536052727
0.00341799000339155	0.00591497723809499
-0.343602776879473	1.00581882723907
-0.443232620531207	1.4132763434828
-0.469178981629272	1.53367053816701
-0.901713236596732	3.72743414466136
-0.699954384992477	2.6230638049868
-0.349296107773375	0.701784145457355
0.197036981247755	0.342376499772701
-0.308903279804209	0.691155625416817
-0.188265024075768	0.347118057515962
0.175768060965744	0.273251799028936
-0.209420334986371	0.379431990390387
-0.391100565436543	1.06965059702224
-0.438421462823163	1.2558766550314
-0.632656640637302	2.01351622570354
-0.976937532240189	4.27006468609842
-0.65624920462798	1.89489964924049
-0.0219345145773046	0.0296084796010725
-0.206474230306466	0.318750342965487
0.0105486567343061	0.0143507909349
-0.885909095697142	3.07113436922328
-0.697269603844117	2.2133166143165
-1.286692813024	5.85646348458976
-1.64909435889896	6.53990509474389
-1.42543103317598	4.84436112654298
-1.40572571583569	2.90411886813564
-0.699527888005907	1.15968312262487
0.293646428185768	0.372183822888104
0.203452959181546	0.205043435632911
-0.609877992248792	0.570198772153109
0.554563374450371	0.836431702159176
-0.767235072580754	1.25436477593967
-0.123818597732211	0.128748678517196
-0.580249211474985	0.993068337707611
-0.332241035588306	0.423964219687279
-1.00607974214344	2.67902172092495
-0.741260139008811	1.71859012039807
-0.566057181623265	1.14940337384973
0.195428467604465	0.200978213430484
-0.313208765011029	0.360215787601366
-0.0257955365122937	0.0249816356554926
0.00888119294148448	0.00803163141965481
0.34030782200923	0.408829586893991
0.217975414060208	0.230000064819972
-0.578327072695155	3.3878407335298
-0.478604514909065	2.25326197533988
-0.380602214807649	1.52643595195066
-0.561918116428079	2.74295236525163
-0.223091238140639	0.615909536144933
-0.15102526476716	0.331265328479168
-0.347639824960901	0.940545423631223
-0.159756025933726	0.361137772701552
0.401870289904573	1.21195361765848
0.297332812842713	0.612008415998147
0.161085642411292	0.289873657322474
-0.601119577838541	1.52826841196054
-0.517618846116251	1.33235657113977
-0.565088735274523	1.30216630782291
-0.211535495887086	0.286166597728677
0.252451621215415	0.329447227422896
-0.250567279655588	0.364247619614397
-0.399061344150785	0.671807721207134
-0.401968822168755	0.68862136226647
-0.00639353298250087	0.00607079978632341
-0.206702440103729	0.302146103406905
-0.526047293972969	1.30654585517027
-0.351050594501062	0.795555059763397
-0.224733592473197	0.39928484741848
-0.210910040482937	0.403723636033036
-0.737385988599738	1.70147213633065
-0.345022265443166	0.567082948710044
0.132926766276573	0.181823617484939
0.11042912797953	0.138518446967215
0.135619877079567	0.168083685773739
-0.591992411048125	1.39555734767432
-0.759808846223581	1.61947255232848
-0.526149198081449	0.801633823207578
-1.06548102552885	1.74690371755509
-0.331407286723642	0.297540491656607
0.6834811979091	0.806605002890864
-0.26708846232821	0.244391405551265
0.346176985291883	0.338933605739527
-0.567087203218904	0.503306189669531
0.240235762111629	0.199090492479539
-0.0167352901188545	0.00912254207486882
0.105592041993118	0.0791009743072597
-0.0520320887883659	0.0455841429243702
-0.349961684703395	0.294906517739862
-0.031567432669306	0.0263830982299962
-0.493051577861841	0.733365148614214
-0.909658680585492	1.48695081177466
-0.405780069673938	0.393198131044186
0.120106305789009	0.105150167366132
-0.0444996055919251	0.026346086475404
-0.385464475739225	1.92735800135366
-0.324676857069005	1.36789487854884
-0.0119891814587788	0.0254401412327635
0.0617129619910016	0.138019165009008
0.00507983611677354	0.00885069154843726
0.00650496333384105	0.0112854695977902
0.107991852812762	0.236601715741117
0.598318027606662	2.41490139320006
-0.0809473628545481	0.130694461546194
0.01311282132601	0.018777330365837
-0.41749628977124	0.965541978478506
-0.428103494329707	1.13312531908228
-0.562951397634243	1.21641058423197
0.0074420001882105	0.00861838354582646
-0.362038454925687	0.556564596083969
0.12005577985924	0.176128925442793
-0.492469480345976	0.931602490669329
-0.335726945397309	0.463418630622189
0.380622430333474	0.616172821685201
-0.386335985934572	0.678581057602972
-0.527107044613453	1.38426287467365
0.169336144557127	0.332709885712603
-0.10521283090188	0.186884857168627
-0.588162883950007	1.7097955619346
-1.00166905293411	3.12839671117006
-0.694211205254913	1.84066222708145
-0.582497617560928	1.29887373098773
-0.415356499453626	0.724175303165673
-0.236367210299956	0.391762631042265
-0.239471668362319	0.419876180400974
-1.16771693552442	3.5710956123686
-0.869871534552244	1.58069820612951
-0.636912245880809	0.8317198988842
-0.554953664158177	0.535315137413596
-0.047405955344368	0.0379185879970833
-0.0776823860130402	0.0577899904358629
-1.04998334716359	1.42491399808443
0.0804869517511821	0.0508355663350358
0.0963032722982125	0.0682046813552818
-0.49703483227967	0.440184927635241
-0.593781579528991	0.565887251594865
-0.730466235156576	0.810505559628429
-0.187216801621661	0.178627639752016
-0.365363099475011	0.387536701682147
-0.638103036632813	1.27438407920737
-1.12205217959724	1.9535621743831
-0.206533694739621	0.186535093816379
-0.379379384632133	0.341903267449106
0.14033077604776	0.095112808932873
-0.347549462805959	1.75580639327835
-0.542500660828599	3.25639359120565
-0.573823819582406	3.19457807778024
-0.365589552939509	1.51885850265199
-0.544932490999903	2.72256247853454
-0.150811099075525	0.390026198230795
-0.0956553732588955	0.205547867501982
-0.178906566141097	0.384089711626113
-0.0619477735850047	0.117060150713539
0.0935054597550713	0.187140005212869
0.559909445064877	1.59072601104706
0.123448412831004	0.211050010322536
-0.502521204236944	1.14649463895754
-0.56182145223645	1.49976757638379
-0.494978865401581	1.06084536273261
-0.790910533648301	1.86958586522811
-0.0110982081938158	0.0110144988840708
0.559437062998268	0.982367836841508
0.18111690774766	0.219426127991133
0.265200226463954	0.381556837654319
-0.207459072574201	0.246560894777161
0.187419608173777	0.259712950429989
0.129679360494838	0.210700556056952
-0.137284586205729	0.228663736233971
-0.282046884665903	0.607497519085456
-0.73820216096109	2.56869319086573
-1.01958090253287	2.83306895137762
-0.395702314429915	0.702624518918324
-0.13999489283541	0.170663993824122
-0.160401431531817	0.185822992203428
0.144821299386417	0.20134774700095
-0.754455909359546	2.07309471858955
-1.34662354937437	4.05517626657035
-1.78827126779066	3.9319400218752
-0.672447013142445	0.931139985780189
0.160748453950606	0.114124548320218
0.0618226409510572	0.0454951340344542
-0.866165918193688	0.853232085578055
0.0611121809673971	0.0407214256090882
-0.4304299187522	0.392635173238521
-0.470784487494487	0.417897161636055
0.137927833410983	0.104569868736969
-0.417101321088983	0.403988522712127
0.326476454270854	0.351945428094326
-0.665078291935962	0.984992652008319
-0.738888929599407	0.996322623965143
0.454678226988477	0.438534977759882
-0.116084377328087	0.0863490469305112
-0.443814340458575	2.95847469183885
-0.261132353285838	1.36698857724686
-0.806149242153361	7.50830438610902
-0.47286884455757	2.79406952383505
-0.510760181564833	2.81058252507958
-0.313515152932647	1.32491616732744
-0.327736784673666	1.32186783392953
-0.124261037216993	0.304923289015443
-0.194566330857624	0.531028076455718
-0.368146272655265	1.31462572300365
0.0587232268074608	0.126046240775211
-0.193609273607585	0.415008611267865
-0.058416365679465	0.0925358213420299
-0.511744163104952	1.43951843120189
-0.654100040143531	2.23422754246475
-0.503723127914768	1.28337153737318
-0.200706133459027	0.316562770223134
0.129221671089817	0.167458268722662
-0.113662263303777	0.165488983167204
0.104928321832891	0.140700791263966
0.210215103943295	0.323940813917524
0.527926663448788	0.97262281054684
-0.474491418883738	1.13769945729264
0.0848865077807442	0.137523138739213
-0.0698933627707548	0.123447515803088
-0.0163870477800023	0.0244457868799679
-0.280620515046441	0.663226562930863
-0.417111758030238	0.777411778019277
0.00753711881932038	0.00953875521993126
-0.298326749435969	0.509574598514378
-0.112993871894495	0.145828808311744
-0.869761062646211	2.62482772775709
-0.318229677306622	0.701479900462791
-1.24712047773383	4.3909527247429
-1.2038027989539	2.43450702890529
-0.66826851678281	0.991474204916083
-0.478304214993774	0.491866575911892
-0.188818929058361	0.154934819058838
-0.42880719974851	0.417809360347673
-0.117142941066927	0.0765123411044894
-0.0353257441145397	0.0262069808425993
0.0745567125551674	0.0556839388087143
-0.736886983508182	1.2065058085757
-0.57944757118007	0.968766722795478
-1.52666285212872	2.89424036102313
0.107043225070608	0.0740531271273283
-0.289678035239478	1.65003119540141
-0.461366080132735	3.59708366810312
-0.575439000383283	4.65474741170017
-0.561317130006807	4.14941801211984
-0.448715901645215	2.6985471927253
-0.339762289715857	1.68693207819606
-0.417786129126771	1.87303306546151
-0.525629209515863	2.35975667236159
-0.510880925340289	2.09146076155766
-0.104762916866573	0.244069899506926
0.328443569132556	1.00589702291834
0.118853798603471	0.200931177177628
-0.232390224008066	0.429059182179637
-0.367467826756571	0.847658787591801
-1.07553189810625	5.82428450957925
-0.807600261198337	2.6608109436393
-0.559491526938262	1.3266883154555
0.0195012576894209	0.0205109789029763
-0.636025366189849	1.30690305260188
0.320801120702157	0.530834464131875
0.192885046579958	0.291313221925755
0.115656067251936	0.144795112276691
0.185867944091756	0.293534328534612
-0.0561910305743413	0.0823383622748341
-0.154854799470195	0.308452949060895
-0.106041994194441	0.192026594202632
-0.606892704558452	2.25449615827218
-0.526491715818391	1.23540505877285
-0.76120802850057	1.94915210256437
-0.159064059382294	0.223814399505515
-0.300629502316171	0.545808124378297
-0.359767000806815	0.713225306592103
-1.14006784811611	5.16823367263751
-1.48945757054107	5.58688962392335
-1.67732214875883	4.40679258114594
-0.475312713398	0.644874540060653
-0.563421992179847	0.654254302285771
-0.244969431251712	0.230423875695903
0.00621595172692471	0.00457665851564025
0.00304292621237783	0.00294875051274997
-0.982685930974501	1.94011061106911
-1.14270210585949	2.64011224622726
-0.397919548862864	0.55554863736685
-0.591908436703583	0.580193218466299
-0.095989042816896	0.0702910917592076
-0.251549661638758	1.40833209846455
-0.465771737425038	3.27417200118089
-0.569816888737425	4.19777671150036
-0.239293359401532	0.98360430724184
-0.350929251813944	1.65027754840186
-0.288568611308146	1.03942918170343
-0.472454622562705	1.6258725417716
0.050554801290789	0.0925283649013862
0.439399332944304	1.61037854852408
0.289732294640346	0.778033752231718
0.572547678564911	1.49466936299631
-0.140738165990289	0.220413049173009
-0.615288325788921	1.90656368719875
-1.00387501528153	4.46919611723612
-0.795574696327086	2.29552592712974
0.0413017136189758	0.047515892183014
0.331864340632837	0.524724124229022
0.576666062561557	1.09504130782232
0.241205565240189	0.330163585119653
0.982389974422344	2.22494227422733
0.402546634449154	0.601950698939645
-0.0139248886676491	0.0136708065344443
-0.393686437554515	0.820053488128273
-0.142731577405059	0.254808134049833
-0.466423289432405	1.22147083227367
-0.435976505752246	1.14780036528637
-0.483926791572354	0.79242810626686
0.207207416292641	0.291593574126535
0.617478927331667	1.34975713630251
-0.247008591714976	0.337359062506765
-0.0264517903128465	0.0318799048890621
-0.636021500520737	1.50524501868677
-1.40068048913717	4.56434207868882
-0.454831250605579	0.584049965077319
-1.57776283042275	2.0392754369491
0.00934717845179232	0.00634552187092316
-0.892874646379894	1.14255745475137
-0.400132629598218	0.273568223450592
-0.189221410775348	0.092968202981421
-0.24656574944051	0.207831854541849
0.119495793678795	0.0840065181550261
-0.66147877884981	0.959541364211071
-0.847752783731081	1.63187371655938
-1.00835732891747	1.78098284263023
0.01321831802447	0.00933147888032084
1.05336495429622	1.1397362514905
0.540493701921461	0.468553987532571
-0.42475058626992	4.43129806438838
-0.368893734314947	3.5251146969685
-0.161907652905752	0.918055167365899
-0.161787562771287	0.889347427143881
-0.481063313268714	4.364204446164
-0.334925233842797	2.06390444167324
-0.30415370151566	1.58252280296314
-0.311169708815937	1.69616300982791
0.204838667526073	0.824380960782152
0.268929846503287	0.993012247636941
-0.0578374468894457	0.134266997940923
0.284486252610202	1.09430996686057
0.421985614850778	1.84051433600891
0.520072018671474	1.70614389391082
0.0911103366571567	0.166683170101088
-0.148989104971372	0.314952460345469
-0.787215603121515	3.64796300930944
-0.152078928499962	0.279622976145038
-0.152427031849729	0.223670395280831
0.116944598452162	0.149166718723468
0.524395114303049	1.07078786747281
0.276659660805568	0.465985482061197
0.212931125649723	0.351585873874443
0.49785296254079	0.96424638326795
0.559204263085027	1.23259282589567
0.26167655248556	0.610745788384565
0.0736487612114728	0.139590314379053
0.199494868732391	0.442598795211118
-0.682406008409995	2.77327526919711
-0.384835768904957	0.753449867638418
0.166822378123641	0.24653116386774
-0.588421475734199	1.34379237479846
-0.321977158380283	0.612831672728067
0.0183223654191427	0.0239607658951689
-0.897473815306418	3.52325725517229
-1.11367570623955	3.31445861469235
-1.00696620755257	1.54960813559871
-0.571959201461089	0.713645199052212
-0.529655990834249	0.721192240650831
-0.106279062729599	0.084777120620387
-0.195539314671727	0.218058157831445
-0.992706406712243	2.35092294146215
-0.548201866271362	0.846506290903312
-0.52766089172833	0.5889295703094
0.348429185584382	0.304669217009886
0.108896314699675	0.0832140345435688
0.0197490217794584	0.0119374730002066
-0.381675401080744	4.42209177012397
-0.520678756357756	4.49689904097242
-0.285903475322921	1.67346843015695
-0.191819861518362	0.865789337364782
-0.28150918256215	1.24975670735093
-0.563455396221603	3.45212125119506
-0.217901783738773	0.910564309805225
0.566845254756638	3.99336917095071
-0.0966955527980611	0.213164950948314
0.476418919570551	1.73925477998037
-0.450509800170985	1.51911225932497
-0.350223016121412	1.18569237304673
-0.743255063962283	3.01401962904049
-0.449409433375876	1.06924583671975
-0.312361571734046	0.567264423687136
-0.45133642361358	0.941369614511669
0.221869031975035	0.376332981123034
0.167478374987687	0.27790792524507
-0.309688365618951	0.591140666576534
-0.00951231019006329	0.0134506909762167
-0.139441912121297	0.291159366080537
-0.297626876739111	0.797010253551996
-0.10009782153188	0.201337175074188
-0.165978951582955	0.347008222646135
-0.514952579651369	1.24844854780198
-0.562835795069365	1.50346612963251
-0.428111550335833	0.817266089898746
-0.443240200827054	0.904179165315984
-0.10305883884122	0.14221783904101
-0.218239966942244	0.426384557113624
-0.564420734835069	1.2465476816171
-0.511805649058954	0.780294809270217
-0.513842759959068	0.656236732384345
-0.67468718226023	0.774837065233515
-0.369095488799165	0.365705089507305
-0.909515326935646	2.07130997703064
0.212824321109178	0.230219773479482
-0.226239595545195	0.283992017691749
-0.384577271859032	0.496062475898453
-0.0774981417038868	0.0529231879194432
-0.202728761217969	0.15777223033604
-0.578947509268848	5.48094104238171
-0.483169684331329	3.89436989069668
-0.200378662620708	0.875513367202419
-0.0325717155189953	0.0857954204962609
-0.0637733816181255	0.175046744134204
-0.0977806019200484	0.311261180274311
0.286037623750919	1.35659249421249
0.120720311388498	0.330058929757042
0.330201100677012	1.14955974010941
-0.20747901169758	0.54615811712651
-0.531843832287169	2.3801622052596
-0.874663730090352	4.33860622858672
-0.429911341637728	1.04352228500035
-0.419507871348476	0.826196373969951
-0.49142939070289	1.39693116599246
0.00141966922418243	0.00168715899320692
-0.14016603079854	0.207956931851501
0.540024323229488	1.48518084457076
0.0526547817273539	0.0766958737436578
-0.0225855821211456	0.0397839007337115
0.0310007936285441	0.0571142489092021
0.0885613317533574	0.170105064331156
-0.306678109847897	0.827039546690129
-0.853155446844637	2.63432328180047
-0.18137645418199	0.325357917863059
-0.166786830742067	0.250396168160653
-0.233413698948788	0.39527352891225
-0.344612107613938	0.706087916880091
-0.682585352409961	2.04686092531344
-1.05398497189955	3.38292842280977
-0.448291049299537	0.645773335947575
-0.231585962714821	0.294357403105763
-0.113429278374072	0.0816350520836418
-0.127262105433615	0.120640528744672
-0.458825061537805	0.608016681973528
-0.782479537766114	1.41563998779786
0.222356222377847	0.240154284161499
0.149388157034348	0.122530646444288
-0.173367130322518	0.153236268899349
-0.380589010752482	2.76292086422964
-0.534653950168564	4.69277729082318
-0.162833490959214	0.700755281496547
0.254667301938683	1.20471598067237
0.0251881899239527	0.0651721762419556
0.318309770540036	1.66464246638092
0.395938397738949	2.26987358423536
0.516398250141319	2.93381019400172
0.392232596159898	1.62858474084662
0.281727914435826	0.925973958927337
-0.560288097049891	2.70658872176199
-0.521352503485995	1.85147873861694
-0.758573243708117	2.85524158930264
-0.48318562421371	1.33780177522282
-0.131070503064797	0.231772475185315
-0.0188467606667605	0.0276637389721954
-0.248020442714695	0.480764394431847
-0.1924004454515	0.356783814512192
0.367789702770164	0.899580452327283
0.3242554419675	0.989065080444916
0.176757627148141	0.445701527039129
-0.140821814586713	0.292208604050724
-0.0949266140095301	0.18794185014266
-0.321749637711959	0.66012391890508
0.100179941050237	0.156784160628533
0.0807058989103691	0.110218506823571
0.126214745653998	0.190898555841539
-0.267263251815332	0.56960284611979
-0.255409052729611	0.570792010262474
-1.41486225588331	5.22689801599307
-0.438524381110446	0.693430785927703
-0.325954500063822	0.47228798728847
0.246755490888082	0.218196545644839
-0.838142715565077	1.1535959884645
-0.387968030579008	0.520762372016824
-0.544629587284761	1.02627642919471
-0.79770822146449	1.32185426373463
-0.419909946069052	4.69057779782228
-0.107476535278372	0.544226038631552
0.20566478925878	1.30199433827734
0.178213506662957	0.941439803376041
0.100895433755597	0.413654483640689
0.612020559187029	6.23408268420279
-0.0952740621085977	0.296347286846141
-0.402229137758849	2.06457402046527
-0.250879838169257	1.03698461069011
0.269116982951499	1.13944436493769
-0.0570180137637263	0.122152192428451
0.0901805948824062	0.192889723949679
0.0484901676707615	0.0922486377095926
-1.02564395543282	6.36201402525532
-0.43986340228853	1.27773896198352
-0.337610241521544	0.737810832814749
-0.44309860668501	0.810342198621293
-0.194207890596634	0.29779647240757
-0.422718378079791	0.925004802347738
0.442517311474545	0.863684109069975
0.122361114408141	0.175885817403493
-0.033295698572263	0.0477301270617612
0.306967872351781	0.787354664398356
0.707836387698971	4.08516900805047
0.712987371522784	3.655494277137
0.205751568014052	0.559576595689402
-0.643292876733349	1.76832271862563
-0.125580109966269	0.178217337267763
-0.266371218833453	0.430792091261464
-0.161234864452555	0.243863227711564
-0.146115272876749	0.241648670369702
-0.195909267069258	0.33668787304362
-0.853139427368612	2.37899818334233
-0.376799921155267	0.547901488463289
-1.05295979529093	1.62191468703827
-0.944995312509064	1.15621574460033
-1.46394024836187	1.9757318231462
-0.324102326184202	0.274056860534673
-0.146796441689153	0.116336836576964
-0.75076926632393	1.21899538951669
-0.918528128654257	1.88867691494459
-0.268740480160913	1.80363891818865
-0.232728084192555	1.20980715595347
-0.479499158865253	3.40970480534191
-0.485730618298524	3.72446382922802
-0.437756330868023	3.26556449999847
-0.382011632659008	1.81901091213809
-0.202118886751875	0.635822978943299
-0.488590583577182	2.33466771463405
-0.536605212929144	2.68909287785729
-0.797449641228523	4.46884050905513
-0.972729872866878	4.1029356702607
-0.582447888316293	1.29256859404331
-0.685715502640589	2.20954631250208
-0.615273515261689	1.79087008527486
0.119921623365493	0.188628901087955
-0.230279895135131	0.483527747232695
0.151115286705499	0.293060418090384
-0.199840639447724	0.526376232014449
0.405124376825116	1.71147220716647
0.492775602283093	2.13845850042317
0.15607687156404	0.369806029250341
-0.343600553200771	0.705751837148416
-0.468385332474045	1.16364960325452
-0.766544096616932	2.08278604111737
-0.0616846761489018	0.0822233350080441
-0.258528768776593	0.509531327469122
-0.365421031081526	0.967640896893909
-1.18502774724567	4.50418772740473
-1.38195410584847	3.48981993415209
-1.41586860956441	3.13386462636237
-0.295234986866532	0.200775831788566
-0.192073760641363	0.142343335273472
-0.125226265008313	0.0866374584683382
0.790827515594227	1.1187214676201
-0.326454606410488	0.231254025570321
-0.0441749683352808	0.0263422858508863
-0.454409255281009	0.354995336263926
0.295102882908757	0.24998610790712
-0.744776006960874	0.862199078462676
-0.763316453763371	1.42849759132064
-0.332328420064673	2.84364746544018
-0.598108684672505	5.97860273912728
-0.794997074577557	6.97170398087313
-0.747960229829642	5.76185340418141
-0.898157507778302	6.99938473425085
-0.778579281497256	5.91276567254755
-0.962208432600627	6.86442339593969
-1.08104515632472	5.26373696412178
-0.97248627937251	4.68801013598401
-0.907545626872991	4.19733914798324
-0.529272517158215	1.60631373011499
-0.640029244055056	2.33012930299637
-0.517059298035534	2.14277907934519
0.0274977370638617	0.0590900060271624
0.238962246593628	0.900262917961
0.037381394133538	0.0857592798532542
-0.00372252604887796	0.0076663512392755
-0.399646870465799	1.01985106313096
-0.655965503059452	2.06161646219693
-0.465974107645174	1.10374571144669
-0.531666424255098	1.53238827315681
-0.229953745390448	0.515212287926659
-0.653172375286554	2.80275486059737
-1.30725754849288	6.3521778520451
-1.21123684892254	3.60145040210905
-0.927676823831556	2.06900050634966
-1.3617941818654	2.93988163179436
-0.470498987113213	0.619074738290061
-0.529594691677087	0.560125280220415
-0.609862527850153	0.761909363690685
-0.233824519493873	0.274805518399333
0.246296711927409	0.21270571847199
-0.168115851153378	0.140509074230816
0.0268049752756543	0.0217999980756627
-0.242287713771733	0.178020862146243
-0.0141715982903614	0.010265361297299
-0.0311105804691255	0.0257288099119374
-0.222681254551045	0.251389333340273
-0.470419590879362	0.390730536490691
-1.25217252856592	3.05372930228281
-0.177883279502836	0.228675847293073
-1.07136784443086	2.26530477523234
-0.211277453923079	1.58786815443104
-0.745018097136093	5.84736543579873
-0.789155076845553	5.98599515466835
-0.764877860205799	5.3371285761437
-0.903004720009126	7.34461987369261
-0.655192133798757	2.66476860010624
-1.109883526503	5.00473181772401
-0.761578509721425	2.88331335345793
-0.734076486059718	2.69858745863673
-0.372280829595143	1.16357524034411
-0.224371172378069	0.734374521236126
0.628789397836806	4.66487493446038
0.860268177827611	8.12792008172292
0.311976081782635	1.31848143089009
-0.577336179713947	1.90617241617917
-0.258581073221385	0.584196731782378
-0.591304359031524	1.66383685347664
-0.392377124256683	1.04903790102074
-0.410412519516791	1.25709369448478
-0.448625165110334	1.5597218271445
-1.28788961692882	6.36858658811886
-2.18920742651344	8.85347075967403
-1.08032610496094	2.2419281826905
-1.11643764613048	2.04295976898872
-0.633907814666489	0.848566846823438
-0.638885927433249	0.646433848080582
-1.09724869229546	1.91657017263153
-1.00339875595065	1.56781715794699
-0.633422321956746	0.76287457627689
-0.597052359629802	0.472490021534501
-0.433187573426261	0.408088690933076
0.887930303816097	1.08320446485388
-0.0552626545603811	0.0415799115500926
-0.474066706895548	0.439666391912477
-0.693776795809307	1.15920354399883
-1.32385954647494	4.2237958670497
-1.23332254611367	3.3256128018609
-0.0114296614099554	0.0490346947904511
-0.777808296323639	6.75755928734482
-0.723901048409245	3.32577219039755
-0.840147313090785	4.29779034601685
-0.136412901212744	0.322272424959593
-0.162602324234546	0.514781408611352
0.99105840281265	11.3102875558488
0.898046386866078	9.75824031093339
0.570487764531948	4.07550464415148
-0.312649778298737	0.851792918504292
-0.962967091988988	4.7193371391563
-0.681530721070759	2.41951885253182
-0.487201083915364	1.48525803311205
0.294360097676418	0.879186579161839
-0.685998350232032	3.340314050673
-0.879882521052686	3.8259576703946
-1.46772057582663	4.56701121077088
-1.3430787771899	3.90642302410238
-1.75686657495232	3.56424897198706
-0.833826261655258	1.29113685942253
-1.70564114689872	3.09734858746871
-0.46241897329698	0.565865209029612
-0.541166253214689	0.556586788657919
-0.327618586305235	0.268641624121815
0.417266884990939	0.418629642427237
0.0953630845125121	0.0742701458436087
-0.924818721037696	1.30385677199803
-1.11041595963177	1.85777536365037
-0.711185640752462	1.08314450035554
-0.898911776432031	3.13654214918217
-0.533461677596195	1.10885516282444
-0.395047399644028	5.13894449647525
-0.49059721612987	3.63243831876117
-0.633023258181755	5.19012128867818
-0.672375323419298	5.25984887531375
-0.620613495521437	2.67471084692374
-0.954394834835221	5.49206529499011
-0.2943335669616	0.848320034127323
-0.531326776113292	2.58309878112971
-0.21190483575898	0.772587422529581
0.614603901169249	4.95265367431424
0.720446770318444	5.93062621538819
0.462474088876963	2.71548513346425
-0.422818760705214	1.37854838932403
-0.811438756438098	3.37227906183078
-0.168752409726804	0.329487236640349
-0.397900107197491	1.11020514588352
0.0113688531890533	0.0213093898586616
-0.463683816104923	1.78354920546586
-1.19258238701983	6.67903880726713
-1.7090614140621	5.59393148537725
-1.19047686607961	3.06243309139727
-0.410719541939298	0.536920638792906
-0.595956691408197	0.853456009987491
-1.13953179129899	2.56077176323876
-1.08252486825309	2.06849238404347
-0.898252720687684	1.31572367411631
-0.142975323573481	0.133267666179167
0.353973364637681	0.414845674605882
0.0511418627028864	0.0341725663926536
-0.216536034027081	0.200092247658774
-0.586471531948568	0.828779196205356
-0.506919570122123	0.798656352796887
-0.691049506138725	1.93754625176955
-0.618428117396016	1.29601181561076
-0.688800385376597	3.69241768255691
-0.593670770562738	3.2174796104111
-0.185488250734409	0.667466477409764
0.282976643814722	1.47528400795125
0.526999994962408	3.8811815774227
0.269496351610599	1.16168548193076
-0.564124269057101	2.19184518569763
-0.570172694679916	2.02737709538885
-0.648910726232599	2.37915745825498
-0.0972227719218406	0.197011789539657
-0.115209494941243	0.262577701869401
-0.405854469005119	1.59518910439754
-1.9046389002684	12.7192120184268
-1.8375043433819	7.87315645774535
-0.888641008721651	2.33540632687026
-1.24694908698732	3.60169654268951
-0.810306480528387	1.60481231143469
-0.51056859964172	0.922342258117161
-0.178465448546846	0.221991400164325
-0.792263365183151	1.42417215940541
-0.994518894406912	2.08004228112741
-1.0582352367071	1.71980635030306
0.185166515974652	0.184190589080612
-0.619729656846011	0.799066998936289
-0.237539150213812	0.225623262715864
-0.845907175548827	1.44002179795203
-0.796849175391862	1.2352012239863
-0.833881346225591	1.41591913264713
-0.638817660928839	1.33755342215599
-0.644596921152108	1.53210596767849
-0.459842534023209	0.94465657880877
-0.698148501318016	4.15539524079412
-0.323100731211291	1.36454666489832
0.0657796925613209	0.191660556373757
0.791236171210896	8.09025445947788
0.797961282614328	7.78118486655255
0.30186279532974	1.39105240751136
-0.396794462018983	1.22301945164965
-0.280805968762529	0.748737878797963
-0.452527945771336	1.24371199806344
-0.376716930730634	1.08117929871273
-0.0940232513131333	0.205644531626628
-0.396423717499747	1.53079147459759
-1.46728391394703	8.22723945520468
-1.73812579558777	7.34070615521087
-1.26298657828411	4.06296083322846
-1.14016607918017	2.75893097359145
-1.07670408834808	2.35785994141926
-0.587408597547624	0.971701975920437
-0.768019390528924	1.3534757130561
-0.733149111342266	1.46682410021551
-0.634917828167221	1.31858060248037
-0.0341650252757038	0.0399873320410402
-0.309813368475267	0.49520658495197
-0.3569590762685	0.614857233571893
-0.508605472942694	0.772729202127823
0.0223709249948457	0.0195241354848519
-0.814158574361481	1.40040729857663
-0.393221631883764	0.460586408150783
-0.294629977075337	0.277134473825843
-0.429052716594915	0.481807226601126
-0.204922812863543	0.20400511735474
-0.489207882418141	0.614584808098508
-0.575192094370824	3.507838092155
-0.331832862233569	1.61291805021502
0.209525412943838	0.870005442893156
0.266775076273011	1.24545974443222
0.20206485629648	0.723560578007538
0.0366982438165372	0.0833054794261679
-0.383115235613005	1.12868685610041
-0.166524468392896	0.370961589725944
-0.43599485414282	1.28605673650267
-0.134569750074375	0.266796860630004
-0.0330655958392499	0.0628085517049959
-0.372559036386565	1.24481866412945
-1.11255601556259	5.13191176096782
-1.35708314366911	5.76741148478929
-1.20804718298074	4.09377363944417
-0.882577383242326	2.07575461841924
-0.23222267608995	0.347225468916769
-0.568668986704501	1.02968729465783
-0.321196534910147	0.601211784516067
-0.30142869193986	0.536293888755411
-0.186414875723324	0.297626265764906
-0.365896659769059	0.530861377415823
-0.65444606250133	1.13410056942252
-1.24183197799375	3.01029247753786
-0.253525353667804	0.293346219496641
-0.789522045784836	1.45854020975119
-0.0835589253705119	0.0772828856990651
0.44435502515602	0.495852424845705
0.171571728379324	0.187796104701681
-0.177560464758922	0.191405134846729
-0.643626960208313	0.902281892665376
-0.426502243686602	2.19168999001621
-0.14621306697178	0.498368451788412
0.0699190571733964	0.211812422312979
0.127760389864196	0.452410505258349
-0.0898903655315967	0.243509305135207
-0.367258574559606	1.61607562957536
-0.285893754205239	0.829809998609523
-0.0026648728248608	0.00484346133170536
-0.295637981912743	0.739011456652554
-0.617837713307586	2.24618100688437
-0.0586837428442339	0.111539289551669
-0.066384696554968	0.1451283403766
-0.851657492931211	3.32918329380733
-0.699426576535292	1.95251439163897
-1.2562784949961	5.09080923487496
-0.272274804750886	0.445867639521694
-0.578171553225393	1.0813294758471
-0.582418815778509	0.942296011676989
-0.428274874733361	0.589124707318167
0.0280523154668996	0.0361466038582308
-0.0857304705436975	0.117906237882843
-0.303589065408863	0.472084179048197
-0.254481711974592	0.299322592634439
-0.413530692697241	0.668624744771941
-0.134351861163876	0.155883970253005
-0.499565168523655	0.71900893154058
-0.41811097775232	0.556526613344745
-0.189969451926617	0.226365091778438
0.284522117658061	0.330912558946876
0.0463654005629231	0.0394007123252209
0.246383148473402	0.281516215297604
-0.115709930212939	0.123455906806239
-0.360253078891332	2.13890998711731
0.0650328984230305	0.2147226826064
0.28492694803315	1.454248762127
0.0489025519871481	0.133528231861975
-0.0903057642008357	0.2578895220089
0.00380019484846765	0.00710492283272596
-0.110907450461762	0.250484752135462
-0.37083161130596	1.15888172599535
-0.0935725557932323	0.195439874502502
-0.327436379921155	1.09732555900629
-0.0886014463054843	0.206613836864329
-0.596558076763334	2.27148991293993
-1.31784306463663	6.33809495066396
-1.11347229893665	4.07989066078127
-1.21216583915165	3.89710374536527
-0.992263446800259	2.79769895050488
-0.70731777846531	1.76961419216058
-0.244344715753187	0.366423284004006
-0.520029387526004	1.14468304103198
-0.689484972004321	1.46566813998267
-0.0385135193802344	0.0487392828721793
-0.0965162845769381	0.156387545755192
-0.212142975808442	0.414204052561737
-0.128075913390245	0.199810940626608
-0.0754014209013778	0.111880091905738
-0.147128387618427	0.199633185581025
-0.207296296701926	0.254723555608695
-0.402819002156646	0.505885328342216
-0.626145857369134	1.09493140896417
-0.198148766954551	0.227902206624325
-0.520671474707898	0.641075146350379
0.0898994298169037	0.091295385848407
-0.516450799187524	0.851883854485007
-0.524812525570664	0.908846490288594
-0.434279460755871	0.656375580004213
-0.344860074156217	2.32229932680835
-0.0200426821871439	0.061135247215186
0.250086437841309	1.27913759577706
0.218557990429615	0.9357263757888
-0.0599701622076799	0.159637595116025
-0.209006909871211	0.546452644399175
-0.317550844782146	1.04956383563438
-0.229511597649713	0.627118734673902
0.00432126673644039	0.00747983988755195
0.231726520137043	0.678886915936328
0.100312990146732	0.244285834094162
-0.906423889328503	4.83638765279883
-1.43340283049573	6.77238754990907
-1.14555644220624	5.09269939071936
-1.2376210131714	4.10176744767939
-0.269691447018586	0.465155112959554
-0.03893379206335	0.0495631425660368
-0.487836810795857	1.0256074999886
0.20694604629732	0.299761957943617
-1.00980684116258	2.65621842493235
-0.799851407482993	2.04793881306954
-0.557200198676402	1.35373560970651
-0.735841986978792	2.69332458075933
-0.463916195213014	1.20995691681439
-0.472412413278102	1.2644403516111
-0.54601403035027	1.50353201154706
-0.307217795123543	0.472771285035977
-0.38622323385583	0.658025651917595
-0.494357197482248	0.892800007918677
-1.20001286954007	2.70644005142831
-0.30237959706959	0.443266668412496
-0.277436191496474	0.428830538496695
-0.378450779236543	0.6400531752683
-0.745085237451105	1.21961463377206
-0.0593747759675406	0.0684414611390355
-0.64497643190774	1.4420541384428
-0.159278801189856	0.179557447397168
-0.445107290191759	0.70415125728162
-0.261722335747224	0.283586606304305
-0.111709600077135	0.494528611721504
0.169665817415828	0.908500399230393
0.378693182586493	2.79251062111548
0.299326882868938	1.63704015840907
0.29555952511307	1.39572188051434
0.0193447363913094	0.0372027699070683
-0.439581883866092	1.77944883546519
0.0248475029878838	0.0451417411512734
-0.0132043906612668	0.0245846768725489
0.453771929084905	2.00174378079484
0.278684182830209	1.02997467303768
-0.404984312798946	1.34582016342476
-1.23150380498274	5.82023370659878
-0.842137228051873	3.34504453588559
-0.859137088068232	2.52191164098613
-0.350324258870645	0.720368394157637
-0.342753883213812	0.633810483306829
-0.655449365607059	1.46495079497806
-0.577855795104917	1.33919667801456
-0.60647490051307	1.28102547156976
-1.09030563848725	3.711470001124
-0.799889196345187	1.98832530695129
-0.532190449702509	1.45958997756959
-0.648080919437986	2.42760636736039
-0.338319330412039	0.750009681053825
-0.857653467734877	3.4187447314866
-0.326967384953825	0.781311996281253
-0.461348896339771	0.867474337439599
-0.347334227402176	0.468318841756865
-0.558194697651581	1.15916790796761
-0.418337711024473	0.739434165620867
-0.328704511233282	0.552428812207433
-0.495108854380445	1.00293103312682
-0.490916269031252	0.86258086284259
-0.455265747162162	0.592586398064691
-0.735243606656327	1.38548377906214
-0.602832139879027	1.10704590592287
-0.456612812508106	0.754614662529214
0.174447593564491	0.17215334879634
-0.478304696344546	0.700643275205827
-0.160573288566432	0.187242752992813
-0.829769174646301	1.73559969645127
-0.157525438980667	0.168075854248914
-0.254978280656842	1.72365780353019
0.0594418984202212	0.23681938297724
0.254749471842787	1.57291986967481
0.0717769907787451	0.247698843276989
0.168463402731338	0.61739736159697
-0.200378060439022	0.562193797115928
0.0467161320435163	0.0991072496581665
-0.31605891764397	1.07195088886048
0.259332993469484	0.790279013556367
0.249995472372217	0.908939221209894
0.327705106144161	1.40774350597812
-0.672968399815918	3.08695076962746
-0.781301491878939	3.15581594460542
-1.00711808327648	4.35572833383177
-0.223982454412072	0.414504624879705
-0.674398793155328	2.04131227256905
-0.2604850477226	0.490484023997247
-0.571892766025107	1.54339835722203
-0.5845620826866	1.34603924015386
-0.681624237566644	1.66107411690379
-0.739734841460695	2.15206985630052
-0.0425691536791766	0.0563336647095546
-0.425299520730788	1.04138855911923
-0.510827956646654	1.71537575879522
-0.307711518456468	0.735995136733015
-0.382193781307826	0.991466309452909
-0.297309926164128	0.531941672375554
-0.276626835339557	0.41017517386782
-0.30272841930411	0.502408750419762
-0.308814095390495	0.570858586882635
-0.323620603107269	0.595384858324485
-0.757800075940939	1.99033661157986
-0.449445608131437	0.732747956810057
-0.0111456826764069	0.0114307689315818
-0.323988981099893	0.486860807980107
-0.20185701067295	0.27972049198488
-0.171174985595936	0.204849987698457
-0.523748384645472	0.905809001669522
-0.238209811313561	0.331915777148443
-0.360095568774146	2.86692593349672
0.0697061394812893	0.300053212933588
0.101229788137869	0.481713309957526
0.299559522029684	2.2015667208012
0.145789506909895	0.651376960966116
-0.00632826992474482	0.0170746765205307
-0.367220952837553	1.47132684499318
-0.339175953477846	1.26407487969514
-0.369741934664027	1.33159350573498
0.0817054543386792	0.188310819760104
0.0732807035289652	0.183796624542198
0.0752264357456431	0.211201624300662
-0.527848750567498	2.34156941957622
-0.537879774739646	1.31073685824915
-0.82383370179514	2.72017971442586
-0.432776943718096	0.987491028608108
0.0753266475969587	0.105963347782891
0.023129007720778	0.0312841213257384
-0.454306019695942	0.949796455623522
0.130315179991387	0.168007023866263
-0.462354063565168	0.922251218184569
-0.183333822641324	0.309272295505688
-0.625038820349031	1.30158964987646
-0.501488551256491	1.00076040833559
-0.681685222999785	1.49290034234561
0.0402683962863256	0.0431435559093489
-0.183710403741541	0.219502937833404
-0.34782399465432	0.547354669174789
-0.628464602362171	1.37199263007788
-0.357110493246692	0.522670805896642
-0.214161696193026	0.28107904868934
-0.462588529589068	3.99459857768672
-0.370924888023351	2.73761196246957
-0.328022478873608	2.2259424498253
0.0957907857511989	0.39370156596678
0.336470046009458	2.68951304856048
0.232256561202637	1.51925132775852
0.297432860037829	2.11864022372714
0.135859740175076	0.57355328012131
-0.0279368627512782	0.079004799826976
-0.375100885452494	1.61578322136472
-0.00813676463068481	0.0162899261251139
-0.362246479403604	1.31531844849938
-0.191456774364418	0.547679077016035
0.0534447771088915	0.125950967983551
-0.111710601468988	0.328041243639419
-0.777784465320812	2.83313947557571
-0.461418552102171	0.999966490299704
-0.579498210696129	1.55223405826664
-0.743497848399742	2.05698652324859
0.135117336143217	0.202304903329742
0.415519745633801	0.812499754209514
-0.286346668305569	0.481146113461736
0.58991870847955	1.18166308465047
-0.247625235633369	0.358364890069805
-0.244685335558463	0.454026593514637
-0.330959275347044	0.798956091836246
-1.05892291053426	2.51171449581213
-0.210097372552715	0.289419360236548
-0.392464539144556	0.643476490629929
-0.442899874674438	6.23525205813024
-0.177851796082695	1.1734175401106
-0.0474920658317272	0.209747960248158
0.229236967411685	1.72143796896152
0.425914987361135	4.66354669351913
0.549828916249045	7.64191181919425
0.476887130974833	6.47279220181447
0.426396529902515	4.86833584471261
0.388880164122798	3.78636712868139
0.228386046974605	1.37460956181993
0.0339681739076922	0.10140921210517
-0.383562538877213	1.67599213861843
-0.508619222797617	2.54225220903084
-0.368761847317227	1.30558390822253
-0.191224594393194	0.545422895715563
-0.165064569906013	0.508268838142371
-0.0384305294812656	0.0979030551190096
-0.876239705641608	3.41825577151978
-0.741519771102717	2.30663756402144
-0.946637529281302	3.28053925866968
-0.412308906686492	0.847531326861722
0.110844505313054	0.155015065854903
-0.00444527980149421	0.00530696405577351
-0.362451790055333	0.678799943327502
-0.624321741660489	1.27891980533423
-0.418710737933274	0.798519132780501
-0.363548506249532	0.805741447537816
-0.231959860106479	0.537348484459558
-0.123377470660141	0.212445917061038
-0.209759961581094	0.382221763698595
-0.179890814475173	0.259064735232851
-0.295624352048061	0.447546018654443
-0.573124816127098	1.02232935992409
-0.387711243037693	0.633770790350489
-0.178542981596022	0.217381979104999
-0.236479956156216	0.269696901145742
-0.701284892541612	16.5683589587948
-0.247817053737164	2.55888147482469
-0.160197538205171	1.19240766414078
-0.0457334867158025	0.210017494194561
-0.0367870625613097	0.159245361055498
-0.0965931124274097	0.509426301793506
-0.258337551413708	2.08757901015768
-0.353091127888077	3.21085181781654
-0.339405183000919	2.52793804015942
-0.2677069205991	0.988526613345384
-0.728930747795145	2.36014627133622
-0.974346653218759	4.12578167634077
-0.412109184237907	1.05981083998885
-0.165848707275789	0.303035789268931
-0.389170507543135	0.947063731525524
-0.841318773683717	2.6610631292866
-0.775426775747513	2.34619597536821
-0.682851983481543	2.00736531848597
-0.637755207558542	2.09922057587585
-0.890388003573302	4.90602536238536
-0.159048410274281	0.353725248645341
-0.0586422105917872	0.104929198220493
-0.0969005811819675	0.199492672352835
-0.341209603334333	0.645817171602462
-0.71493093497523	1.93214610625821
-0.271969172550493	0.556586845661798
-0.549156468464555	1.48123365827953
-0.133771762081686	0.201543187789043
-0.36153977188596	0.660886877786263
0.219755211420954	0.301240351659136
-0.428139360896034	0.902194351555473
-0.216004491259587	0.316954533033079
-0.455042347915399	0.797373532415773
-0.661396912335811	13.5740595395447
-0.252203403879484	2.65608781534732
-0.199980158994661	1.49808428667273
-0.215595091383584	1.59831704449254
-0.20860718159526	1.4494505271952
-0.381002650193066	3.60745988634723
-0.353398069884578	2.74165923773807
-0.957603017391293	3.78520809586313
-0.738311268960972	2.48850935792294
-0.260568578451283	0.503959081842644
-0.248411990649692	0.482474360989067
-0.924901390725078	3.1263103091419
-0.410481755940836	0.916111938344706
-0.697818333763096	1.56961311117692
-0.392872271285781	0.707583754812217
-0.768933588562064	2.54858510484938
-0.413534526073856	1.34066569971195
-0.861649200779876	3.90076109225775
-0.585536958851027	2.01345677152699
-0.284511743907249	0.697314687943522
-0.1391272057457	0.250019215727591
-0.419799013739495	0.80392602953864
-0.146734555642983	0.194713635140331
-0.317576842919397	0.622669588422349
0.00446163598263451	0.00565234023073355
-0.146152600000376	0.220370087879202
-0.292615012667204	0.458471518950417
-0.383739555209666	0.514726760840045
0.188111528148494	0.22638785691856
0.359316069153335	0.541037335415164
-0.345556897013907	0.438061525880326
-0.259566759545236	0.343529496183309
-0.615187547303729	1.20799932941776
-0.59883895594858	13.2753932861044
-0.223494986612276	2.23926653758968
-0.124432090437215	0.804313566126499
-0.348856219453815	3.6973154852415
-0.895468541425509	3.81191425949372
-0.699225951069937	2.45529030976294
-0.663586937534931	2.24651679645746
-0.640623022018668	2.05732626923378
-1.11347929862805	5.29064899209042
-0.468253708337091	1.24242128765437
-0.625582744603912	1.93761535495098
-0.548697180070337	1.9295473632921
-0.367418225226992	1.2593693675134
-0.508503571509862	2.1094679123646
-0.610414117273266	2.57376031592206
-0.597191301789903	2.59169935400638
-0.266577567625293	0.645724085504121
-0.283032555209299	0.621557711181395
-0.413654243625262	0.929138662232079
-0.902378825173219	3.25018929637342
-0.260054292443264	0.51940890803141
-0.504372818106135	1.21443238326786
-0.0182618160767518	0.0206287367035634
-0.176892316773592	0.255889817123291
-0.350609733723863	0.639904771442445
-0.0211371116649861	0.0239909442654061
-0.343517765448058	0.54310380849462
-0.608564464253797	12.9057092214328
-0.246636468401005	2.64392115579977
-0.380973396348377	4.51090531734418
-0.901759024297427	3.72907168299167
-0.781859555252911	2.87393378032973
-0.64369917441478	1.97955681156768
-0.425376085235332	1.05878012709636
-0.970645338684775	3.62806032645219
-0.185070880884382	0.297997165693071
-0.800268983042501	2.72902116786455
-1.09757705051514	4.12849888704583
-0.428883296221739	1.16723368916266
-0.474441438731457	1.77901034773446
-0.420028195807644	1.40498564445959
-0.407673331182714	1.44623869210707
-0.358001413334262	1.08659173330833
-0.276329852220879	0.629052147232353
-0.322625892361268	0.649401455861192
-0.42983109854807	0.798423356442439
-0.336969199728603	0.712514457275526
-0.220358231810233	0.358706794769247
-0.217863368437293	0.429568502160944
-0.529554782082228	1.32229958349566
-0.298781252906143	0.543808410019909
-0.62755928964514	1.49550544927634
-0.202840178795549	0.272123965888735
0.255536954636887	0.398436658565091
-0.617481880016363	1.29368175406179
-0.149088827483959	0.197374408669207
-0.457600623566179	0.823569794599667
-0.767897047939977	2.81557191578888
-0.714819098134004	2.5568262368383
-0.929292568155157	3.57284341095733
-1.06899149085613	4.47434053537545
-0.843994744928801	3.15002760430669
-0.556392000368803	1.60093372819593
-0.735914460035834	2.28221859102208
-0.772986845174784	3.06981965867833
-0.896524017187243	4.82281265922905
-0.603072297186767	2.42943890953778
-0.55913543031073	2.30923388226831
-0.342358997424178	1.08436992078322
-0.522561557073394	1.77267366656296
-0.655391680024446	1.74859783912616
-0.609997878100462	1.49860756396148
-0.511141105543873	1.15007917786499
-0.344435364317117	0.665389798042006
-0.533349672482515	1.35538682651166
-0.705309680064491	2.13427342587157
-0.34851862894893	0.692143320255039
-0.40493931864353	0.750152007094316
-0.00832789658053757	0.00957448175555905
0.0106434221372886	0.0136143474689426
0.02415645253997	0.0268037304067035
-0.499260339158704	0.888554481419559
-0.482811046358874	1.00153991681802
-0.46288197842655	0.830768788494643
-0.881883861715153	3.23781401249128
-0.874175885498795	2.78287528984709
-1.31423395840547	6.08723309033813
-0.867258324223102	2.7953112818968
-1.02309664935383	3.40378537046089
-0.941826599443725	3.71980342517745
-0.785357566425837	3.65802608169102
-0.99849511974177	5.06285787028966
-0.831471226213217	4.24434727756563
-0.834652508076124	3.59032908049259
-0.973656946903301	4.2179166807737
-0.46870379342797	0.997313097533331
-0.00186244748042023	0.00224622597968544
-0.470449569159973	0.915164475994536
-0.200745932823232	0.329659660651097
-0.837702247624557	2.4809392969679
-0.407881245425285	0.914357166110685
-0.46253601956934	1.12337544565619
-0.383663294399347	0.646290698696456
0.0131309213848544	0.0125090177107128
-0.546800994367525	1.08125204669954
-0.625505702335875	1.15510533663627
-0.578278463263858	1.20396451713726
-0.580763872958842	1.22362493224367
-0.541857625983475	0.997784971335367
-0.573104121199804	1.42246736831665
-0.444770896554342	0.94608649971987
-0.213065320765	0.345010053431549
-0.992777081734686	3.20569859946522
-0.943576865011083	3.00323691325488
-0.479853707982305	1.08569864711037
-0.862807540795151	2.81191514589788
-0.718950525483802	2.98868849799323
-0.726212161414513	2.59678080290007
-0.378770496033837	0.60456214921365
-0.592799240555876	1.28903193138805
-0.635239965871683	1.39891489614999
-0.328780481019328	0.585719141900728
-0.16019503269939	0.209963295098716
0.0383119560836598	0.0458714616664566
0.0860953086509053	0.108068491725705
-0.14939919984485	0.167707350765014
-0.40716222779684	0.762422420043914
-1.23813934237446	3.43683659580487
-0.165957662957241	0.19502239733439
-0.310139036675235	0.479083692939532
-0.867731764806392	2.03166884620412
-0.577039570305276	1.27167208427091
-0.69825380542938	1.16817627400228
-0.58451749632369	1.86010430602376
-0.468578170874525	1.15804920165313
-0.792966104133577	2.43916073751619
-0.588029200129024	1.5784891168366
-0.987927012365941	3.61631413936026
-0.6110499634984	1.59720005990967
-0.798459573908799	3.05967077534444
-0.643303761932722	1.60542527935468
-0.482266855972268	0.955925932786815
-0.596428581058193	1.52289141635589
-0.177775443160799	0.266932524559594
-0.294136978569789	0.539377393998426
-0.448437257149108	0.891494758939962
-1.00640263439148	3.07896667213187
-0.119547745572626	0.184416083247489
-0.778157911964639	2.01254777727898
-0.199439902888474	0.289722863452722
-0.47915390601388	0.969889992132079
-0.835164768609899	3.33106294778537
-0.720809922486808	2.61986123913235
-0.497112571211271	1.43845027592859
-0.589903973339133	1.90637555854816
-0.681089700850427	2.23550015397375
-0.958343588547627	3.65629662022361
-1.16712404855286	6.21436596503246
-0.343190400813875	0.693701929334964
0.125850466156011	0.188309543204387
-0.269448782112074	0.506717160793104
-0.185316800908834	0.331221338535344
-0.166596808118864	0.271177714500007
-0.720663446703218	2.15905378103315
-0.492048880799528	1.21528947869207
-0.563784220695434	1.49940104283606
-0.144509489652261	0.212355740246097
-0.602702154209047	1.35568043185469
-0.356981848754755	0.758116065643701
-0.385055237977059	0.787471477840127
-0.489216039502831	1.5119338878196
-0.594404598703896	1.73469402905758
-0.878225770418169	3.2152634296856
-0.196347858824519	0.309032317555705
-0.308845608064811	0.662031705839435
-0.0236576678755147	0.0310438496735965
-0.71641010772683	1.99302336780532
-0.73404846379696	2.23312723728212
-0.325004338339196	0.624128908045901
-0.139664867438294	0.192072999372216
-0.753219564579612	3.99511403522756
-0.377140595278081	1.32431639589364
-0.411722122074034	1.34725991268643
-0.542899010037279	2.71857569904532
-0.442523891300044	1.71562150216097
