x	y	clickSelects
-0.0961196911235298	2.14474481759021	108
0.0214061082732901	1.77973211485229	607
0.0216371718583201	1.75279571838875	85
0.0206074801703799	1.74987860684014	482
0.0213036005566698	1.7595063451196	85
0.0303579279806501	1.75815043047727	85
0.03518783063552	1.73367570156146	35
-0.09538316942426	2.2176990059689	482
-0.0967105232343499	2.15301073438569	482
0.0267467240127202	1.76616704687936	85
-0.0975261867226198	2.16662149576118	85
-0.09902808870567	2.14875032341254	607
0.0259602657669	1.77571958773482	607
0.0314854457773901	1.7594083641165	85
0.0456854066424999	1.77956358080194	9
-0.0797001154104899	2.19432381487533	82
0.0435084722200898	1.78951797761964	82
0.0817936451065302	2.45033489504194	82
0.0135210311175298	1.75012145464247	35
-0.0784003004375902	2.19527246785453	181
0.0314854457773901	1.7594083641165	181
0.0360909509988501	1.74087384868574	1
0.0231435162296498	1.73201404957501	1
0.0314854457773901	1.7594083641165	713
-0.0999406106415202	2.16586642208617	360
0.0297428279585601	1.78478163746822	482
0.0680920715408	2.45525836533456	85
-0.10235430965686	2.16895791562	85
0.0323255944428902	1.75670721857387	9
-0.0831769592747098	2.19239479957497	9
0.0461119310193201	1.7779184374033	209
-0.06893176812321	2.2267619405987	82
0.0210241924152399	1.72021946722123	82
0.0314854457773901	1.7594083641165	1
0.0209911359141102	1.75779269442633	360
-0.10626320634793	2.13525595119604	482
0.0569837877720798	2.44909978916843	482
0.0224346551343602	1.73394313923088	482
-0.07820683898216	2.16769093890177	85
-0.0616838273431499	2.20400471222741	85
0.0301618513472599	1.7539913146149	85
0.0323255944428902	1.75670721857387	607
-0.0686812047749701	2.19685678313874	9
-0.0530601792191701	2.1175001970122	9
-0.06700563056966	2.19527390796914	209
0.0818748580886499	2.47956267063903	82
0.0435084722200898	1.78951797761964	82
0.04029198527908	1.76036913034791	799
-0.0825962553362398	2.22453207137743	181
0.0214061082732901	1.77973211485229	1
0.00443517165818008	1.7040754097456	360
0.0237978584971401	1.77796058405828	360
0.0321700747136799	1.78026665832039	56
0.0427689981646999	2.42694517339801	56
0.0587875046506898	2.44849971664579	482
-0.0843933195456499	2.17796185634875	482
0.0730534003897501	2.49496095501601	482
0.01777816209853	1.74164342306101	482
0.0212205356105	1.75236126583843	482
-0.0772812190979799	2.20743312138224	482
-0.07525223542947	2.18676524042059	482
0.0131097064560501	1.74970222628579	85
-0.06808393696932	2.18488600758007	85
0.0231435162296498	1.73201404957501	85
0.0264877515364499	1.75085369635609	85
0.0451835823608202	1.73417385569214	438
0.0199363393006098	1.73202857255246	438
0.0252078063200001	1.72052238777182	85
0.0355285837416801	1.79046075418453	305
0.0456854066424999	1.77956358080194	9
-0.1032234011326	2.17077574686102	9
0.0614088321159598	2.47039439887346	9
-0.0829708982501298	2.18423561763928	9
0.0413332744902601	1.78556725644158	9
0.0537068836807499	1.75489398431251	9
0.0419106546060499	1.75812496591709	9
0.0214061082732901	1.77973211485229	901
0.0317484045302998	1.78137918388793	82
0.0129462345286999	1.7347917260236	82
0.0271642451682101	1.7882009108053	799
0.0271642451682101	1.7882009108053	799
0.0651926296200598	2.47218421760497	35
0.0376974660276201	1.78825040842562	35
0.0407160795738002	1.74604602841344	117
-0.0959095776473702	2.17958140749713	181
0.0381202200528099	1.77866058288672	181
0.0519510071003699	1.76754027355949	1
0.0267467240127202	1.76616704687936	360
0.01884046099436	1.76001338712733	360
0.0199363393006098	1.73202857255246	392
-0.0843186412908898	2.16969742045383	10
-0.1024419999343	2.17196310695592	10
-0.0898313858711002	2.1633925630307	10
0.0519510071003699	1.76754027355949	56
0.01566664095709	1.75278318538375	56
0.0237978584971401	1.77796058405828	56
0.0176195594584199	1.7478452773406	56
-0.0766808373532002	2.19886891537901	85
-0.09437720861649	2.13807677337768	85
-0.0772812190979799	2.20743312138224	85
0.0435084722200898	1.78951797761964	85
0.0214061082732901	1.77973211485229	85
-0.0650516281279798	2.2081080225941	438
0.0317484045302998	1.78137918388793	305
-0.0637057106287302	2.17354028802552	9
0.0439338339165798	1.77998616645985	9
0.0260609152859099	1.76016525034169	9
-0.0911815729307199	2.17948575191096	9
-0.0760801585109299	2.16617210146113	209
0.0314854457773901	1.7594083641165	901
0.0191408354892002	1.73126393384282	901
0.04308329735544	1.78273337554263	901
0.0346859298275599	1.76190632052241	82
0.0214061082732901	1.77973211485229	82
-0.0831955721953799	2.22583389898171	82
0.0293239869881501	1.78591308132808	82
0.0239781122824598	1.76263870806536	35
0.0365663779605101	1.74759505809755	1
0.01884046099436	1.76001338712733	1
0.0372748970201702	1.78143272151952	10
0.0405832365282302	1.76998070490232	793
0.0275819478134101	1.76550976278697	56
-0.06696790715081	2.24003660021191	56
-0.0766808373532002	2.19886891537901	56
0.0291613210305899	1.75395865945644	85
-0.09532748104855	2.14449337761224	85
-0.0721798691695099	2.19543949998298	438
0.0957393096319201	2.47578441838397	438
0.0351071647482701	1.7915886071351	438
0.0155231625247101	1.75993793445774	9
0.0706333438011102	2.49217082583257	9
0.0250062200768699	1.7627695206282	9
0.0355285837416801	1.79046075418453	9
0.0370917749667998	1.71902899466498	901
0.0201909486624698	1.75096064138591	209
-0.0900421868027599	2.16392864560865	209
-0.0953187217964002	2.15937199349325	400
0.0271668310020599	2.31989459475153	35
0.0176813840873198	1.75776245721815	117
0.0368525129006998	1.74740043528758	1
0.04265830919101	1.74887839511611	713
0.0234680776512102	1.76336385484048	1
0.0109669118149101	1.73097006899876	360
0.0214061082732901	1.77973211485229	1
0.0218212603712402	1.75712836725798	360
0.01884046099436	1.76001338712733	1
0.01884046099436	1.76001338712733	392
-0.0835678056092699	2.16381631668682	1
0.01566664095709	1.75278318538375	482
-0.0998287856189899	2.16941259516517	85
0.0297428279585601	1.78478163746822	85
0.0423372444352399	1.76958095912024	438
0.0410090379980201	1.73522572134976	85
0.0209911359141102	1.75779269442633	305
0.0275819478134101	1.76550976278697	305
0.0319054284979501	1.76607996296772	305
-0.0676390825047801	2.1440740957023	9
-0.0896565578392399	2.17747319504746	9
0.0375849056890099	1.73918517583851	209
-0.06424564198882	2.19792691652937	901
0.0245898330360799	1.76233303311063	209
0.0250062200768699	1.7627695206282	82
-0.0763278831979402	2.20549215783501	35
0.0209911359141102	1.75779269442633	117
0.0250062200768699	1.7627695206282	117
0.0314854457773901	1.7594083641165	1
-0.0957252728604301	2.18410821842038	713
0.03106564615392	1.72611892262242	713
0.0214061082732901	1.77973211485229	1
0.0549653449451699	2.44053546638646	10
0.01525419835033	1.73146593555496	10
0.0291593849257099	1.75584590970342	56
0.02120031048115	1.72983895401708	482
0.04276402201039	1.76795651153876	85
0.0372748970201702	1.78143272151952	85
0.0233800876724799	1.75617268239177	85
0.0443593825766699	1.74484134897789	9
-0.0825794867790402	2.15966994016448	9
-0.0699464331989299	2.18636949762518	901
0.08525320164674	2.47092916333268	901
0.0295797247395799	1.77747306964363	82
-0.0885041455831201	2.17884377300187	82
0.01566664095709	1.75278318538375	35
0.0192543073591001	1.76044171960393	35
0.0263793569516499	1.77460351315333	35
0.0346859298275599	1.76190632052241	35
-0.000426910591249996	1.69126502243374	181
0.0323753612060802	1.76072701078593	181
0.0297428279585601	1.78478163746822	713
0.0214061082732901	1.77973211485229	1
0.03273459560222	1.71811537226189	1
0.0413332744902601	1.78556725644158	1
0.0281965087487999	1.72741467268495	1
0.0122903849650702	1.74284785118264	10
0.0985663661433702	2.47828034607739	10
0.0209911359141102	1.75779269442633	10
0.05714426647021	2.44383052789675	10
0.0481786868476699	1.75932198722883	56
0.03973219459857	1.7726922919672	56
-0.08259342307093	2.15368699187499	56
0.0287360625220798	1.76328940978545	438
-0.0585099920138199	2.20610601897638	85
0.0238935661948001	1.76226593184663	305
-0.0656771822993401	2.18941804085534	9
-0.0849676112847102	2.16198646092936	9
-0.0922445510259999	2.21748304904581	9
0.0120195581054201	1.73341175575919	9
-0.08515166332608	2.22401427600593	9
0.0333614298681701	1.76515449358433	209
-0.08256320997363	2.19595928678349	901
0.0237978584971401	1.77796058405828	209
0.0252078063200001	1.72052238777182	82
-0.0953187217964002	2.15937199349325	82
0.0329411574337501	1.78765901257722	35
0.0277043436977098	1.7166070818074	35
0.0319054284979501	1.76607996296772	117
0.02890532830894	1.75624626442474	1
0.0329411574337501	1.78765901257722	360
0.03595018693674	1.75966452644368	1
0.0321700747136799	1.78026665832039	10
0.0607840242211402	2.47098851078284	1
-0.09025055275464	2.18598189109226	10
-0.0854483869729101	2.20282485232282	56
0.0339771579665298	1.71498736505891	482
0.0755651694786401	2.46183874491461	482
-0.0650613803437601	2.17286397769535	482
-0.0916498601864899	2.20866044907652	482
0.0261436927025902	1.76649910992419	85
-0.10380000697374	2.17916127026623	85
0.03595018693674	1.75966452644368	85
-0.0735276942787899	2.19203675591683	438
0.0673751756956902	2.49185312354057	85
-0.0778705660999699	2.0940789746894	85
0.0245898330360799	1.76233303311063	85
-0.0990667285756701	2.18509997485927	305
-0.0837741373543701	2.20097265518492	305
0.0275819478134101	1.76550976278697	305
-0.0928389502104698	2.21063021871412	9
0.0448329207419	1.73146440485931	209
0.0293239869881501	1.78591308132808	901
0.0456854066424999	1.77956358080194	209
-0.0585099920138199	2.20610601897638	209
0.0271029390084698	1.75108257271372	82
0.0317484045302998	1.78137918388793	799
0.0250062200768699	1.7627695206282	400
0.0371556669938702	1.75335838613405	35
-0.0792847495741	2.15260654164354	35
-0.0945843683582099	2.18123810330268	35
0.0313326563530598	1.73619500559805	117
0.0409092579785	1.78667105794429	1
0.0297428279585601	1.78478163746822	1
0.0445517348778699	1.75594809982774	1
0.0404854273422601	1.7573804658212	10
0.01884046099436	1.76001338712733	56
0.0135210311175298	1.75012145464247	56
0.0716642279101101	2.40576112231549	482
0.00761121531804987	1.73287489521067	482
0.0127032534025902	1.72114002754028	85
0.0190627005144801	1.72426736028144	85
0.0301618513472599	1.7539913146149	438
0.0346859298275599	1.76190632052241	438
0.0461119310193201	1.7779184374033	438
-0.10299903473073	2.152469475569	438
0.03274594374107	1.72214262628452	85
0.03854315922564	1.74332033436954	9
0.0199363393006098	1.73202857255246	9
-0.0695642280784199	2.16575694658457	209
0.0260609152859099	1.76016525034169	901
0.0409092579785	1.78667105794429	117
0.01525419835033	1.73146593555496	35
-0.10126264915906	2.19978164899911	10
-0.0882079122561099	2.17483762238827	189
-0.10199114224827	2.11573930860544	56
-0.0916319569489201	2.19005865409208	56
0.0690017076283702	2.40628608702859	482
-0.0804272074438899	2.19751599399505	85
0.0239759002250199	1.75982344434879	85
0.0275819478134101	1.76550976278697	85
0.0261436927025902	1.76649910992419	85
0.03915981323129	1.75680900096895	85
0.0156216909910998	1.73787599175762	85
0.0323255944428902	1.75670721857387	438
0.01884046099436	1.76001338712733	438
0.0233800876724799	1.75617268239177	85
-0.0616838273431499	2.20400471222741	85
0.0372748970201702	1.78143272151952	305
-0.0760508823914701	2.18225841785101	305
-0.0624314793964298	2.18807486336526	9
0.0474365758858202	1.73465891366375	9
0.0339188132078498	1.7713584790422	209
0.0309062376977201	1.73776947598698	209
-0.0578998973508802	2.19997955868631	82
0.0271642451682101	1.7882009108053	82
0.0429978196684702	1.74334196558341	82
0.0333614298681701	1.76515449358433	82
0.0283109907556001	1.75665915110651	799
0.0519510071003699	1.76754027355949	400
-0.10003711025575	2.09959103360631	117
-0.0837945935133102	2.21422928381119	117
0.0093425362778099	1.73033654831266	360
0.0355285837416801	1.79046075418453	1
-0.1004649633424	2.18008122756279	10
0.0293239869881501	1.78591308132808	10
0.0796379301352301	2.44913369954598	56
0.0999272476716402	2.46145921713539	56
0.0135210311175298	1.75012145464247	85
0.0381202200528099	1.77866058288672	85
-0.08299422308537	2.20054097764017	85
0.0271642451682101	1.7882009108053	85
0.01566664095709	1.75278318538375	438
0.0482917685307198	1.75234968499278	85
-0.0616281898944	2.21955906019485	438
-0.0729252666879199	2.15621542935376	607
-0.0985164338038702	2.18959728307512	9
-0.0812306677897499	2.19416580094602	9
0.0752451837186698	2.47349434263903	9
-0.0454513232800502	2.19564271467428	901
0.03299170311751	1.70007622806876	209
0.01566664095709	1.75278318538375	82
-0.09278573970805	2.18550208077573	82
0.03299170311751	1.70007622806876	82
0.0275819478134101	1.76550976278697	35
-0.0915988320121799	2.16790618075482	35
-0.08890313300172	2.11785396719752	35
0.0261436927025902	1.76649910992419	117
0.0452590699275399	1.76798173252537	117
0.0275819478134101	1.76550976278697	35
0.0297428279585601	1.78478163746822	1
0.0375554717429698	1.77656511984412	1
-0.1059977344251	2.11837620290731	1
0.0329411574337501	1.78765901257722	10
0.0682729125749	2.48020803741121	10
0.0347646396389099	1.76862235817381	56
0.0484154027916599	2.43954803863754	56
0.0131097064560501	1.74970222628579	482
0.0267467240127202	1.76616704687936	482
0.0319054284979501	1.76607996296772	482
0.0511047493926902	2.42635946450394	438
-0.06700563056966	2.19527390796914	438
-0.09865024515054	2.1410711632041	438
0.0339188132078498	1.7713584790422	438
-0.0829708982501298	2.18423561763928	438
-0.0604668868431002	2.18957736236945	305
0.0235596179620199	1.76092025709296	305
-0.0676109957027702	2.20869520247178	305
0.0314854457773901	1.7594083641165	9
0.04308329735544	1.78273337554263	9
-0.0585099920138199	2.20610601897638	901
0.0413332744902601	1.78556725644158	901
0.0212205356105	1.75236126583843	901
0.0651926296200598	2.47218421760497	209
0.03106564615392	1.72611892262242	209
0.0413332744902601	1.78556725644158	82
0.0214061082732901	1.77973211485229	82
0.01984130995681	1.73208472735686	82
0.0334961775135598	1.73770123232882	400
0.0301618513472599	1.7539913146149	35
0.0325210682611301	1.76578903213022	35
0.0346859298275599	1.76190632052241	35
0.0203574789970999	1.76089251568796	1
-0.0747316539027598	2.20677221749093	1
0.0192543073591001	1.76044171960393	360
-0.0845534928188299	2.19012616833855	10
-0.0939700050290901	2.15832027907111	10
0.0109669118149101	1.73097006899876	56
0.0206895723506402	1.72945077822791	56
-0.0953187217964002	2.15937199349325	482
0.00986929758719013	1.73553572597893	482
0.0243923631439298	1.72982905901667	482
0.01884046099436	1.76001338712733	482
-0.11671508020754	2.13993737130231	482
0.0261436927025902	1.76649910992419	482
0.0351071647482701	1.7915886071351	85
-0.10235430965686	2.16895791562	85
-0.0829708982501298	2.18423561763928	438
0.00442247435587984	1.71272695085662	438
0.0329411574337501	1.78765901257722	305
-0.10925499174809	2.14781316254613	305
-0.09902808870567	2.14875032341254	305
-0.0534063380051499	2.20199223222639	9
0.0235596179620199	1.76092025709296	9
-0.0831955721953799	2.22583389898171	9
0.0351071647482701	1.7915886071351	901
0.0383142749991201	1.75740754542839	209
0.0470092621742202	1.69729208781276	209
0.0625624139354599	2.49919461207222	209
0.0319054284979501	1.76607996296772	209
0.0239759002250199	1.75982344434879	209
0.0166914912182299	1.73526139152412	82
0.0131097064560501	1.74970222628579	35
-0.0863593108711802	2.13497043393795	117
0.0283109907556001	1.75665915110651	117
0.0218212603712402	1.75712836725798	35
0.0355285837416801	1.79046075418453	308
-0.000426910591249996	1.69126502243374	360
0.0224346551343602	1.73394313923088	1
0.0244008758448002	1.74074991139183	10
0.05238035702039	1.75329127816774	1
0.0736934583911899	2.49373409093217	10
-0.10163979687224	2.18125874100759	56
0.0218212603712402	1.75712836725798	56
-0.10235430965686	2.16895791562	482
0.0323255944428902	1.75670721857387	85
-0.0721798691695099	2.19543949998298	85
-0.10866424646681	2.16841526152372	438
0.0158803250392801	1.75044711130464	330
-0.0955171515017201	2.15127517165351	438
-0.0772812190979799	2.20743312138224	438
0.0670849582387998	2.49832894210064	305
0.0124369916748202	1.75475715657275	9
0.03595018693674	1.75966452644368	9
0.0362977581111998	1.74369471148873	9
0.0267467240127202	1.76616704687936	9
0.02355553368831	1.74135916114039	9
-0.06131434050707	2.1814431006639	901
0.0375849056890099	1.73918517583851	209
0.0293239869881501	1.78591308132808	209
0.0214061082732901	1.77973211485229	82
0.0297428279585601	1.78478163746822	82
0.0314854457773901	1.7594083641165	35
0.01566664095709	1.75278318538375	35
0.0461119310193201	1.7779184374033	117
0.0271642451682101	1.7882009108053	117
0.0375554717429698	1.77656511984412	35
0.0409092579785	1.78667105794429	721
0.0372748970201702	1.78143272151952	1
0.00739746474101999	1.7219798445643	1
0.0492229801300699	2.42672665041962	10
0.0151016081679902	1.73855635706817	56
0.0581641575300602	2.47008994025086	56
-0.0933780173908101	2.18615248911191	56
0.0214061082732901	1.77973211485229	56
-0.0644447997134301	2.20191020897879	482
-0.0939759963938598	2.16254723457591	482
0.0243923631439298	1.72982905901667	85
0.0372748970201702	1.78143272151952	85
0.0690117820479101	2.45982916928831	438
0.0489107544681602	1.76627448492499	438
-0.10848569626484	2.1107633269917	438
-0.0908837592878098	2.18135282051485	438
0.0572196852047902	2.45230455312298	85
0.0413332744902601	1.78556725644158	305
0.03973219459857	1.7726922919672	305
0.0297018151981501	1.75761129265505	9
-0.0916319569489201	2.19005865409208	9
-0.0707717399908998	2.20665698505197	9
0.0287360625220798	1.76328940978545	9
-0.0701681339378801	2.1981756047879	9
-0.0738204591963299	2.20858777419354	901
0.0239759002250199	1.75982344434879	901
0.0435084722200898	1.78951797761964	901
0.00976151829739003	1.75162713601541	209
0.04786407796019	1.74916226167184	209
0.0271642451682101	1.7882009108053	82
-0.0606000591561799	2.19390188273702	82
0.0214061082732901	1.77973211485229	82
-0.08460879992949	2.1270666758776	82
-0.09650014466254	2.15897234072283	117
0.0131097064560501	1.74970222628579	721
0.0329411574337501	1.78765901257722	1
0.0156216909910998	1.73787599175762	1
0.0124369916748202	1.75475715657275	1
0.06492345645038	2.40231883946902	1
-0.10338379949204	2.11088942132115	10
0.06255302530277	2.45729810401636	56
-0.0888860339160802	2.15907070236826	482
0.0160792615713201	1.73082789242852	482
0.00986929758719013	1.73553572597893	85
0.0289650440247602	1.74686640103219	438
0.0271642451682101	1.7882009108053	85
0.0131097064560501	1.74970222628579	438
0.0176195594584199	1.7478452773406	85
-0.0877246592328	2.18737222536446	9
0.0213036005566698	1.7595063451196	9
0.04308329735544	1.78273337554263	9
-0.0741298232637	2.20552372672451	9
-0.0637867316956102	2.22680837174723	901
0.0439338339165798	1.77998616645985	901
0.0549653449451699	2.44053546638646	901
0.0489107544681602	1.76627448492499	209
-0.07074906915379	2.23032655939212	117
0.0351071647482701	1.7915886071351	35
0.0482917685307198	1.75234968499278	117
0.0187178414288098	1.73082290264151	35
-0.11933685735332	2.10240696643474	1
0.0192543073591001	1.76044171960393	1
0.0782284941871598	2.497780594338	56
0.0581641575300602	2.47008994025086	219
0.0192543073591001	1.76044171960393	482
0.0158803250392801	1.75044711130464	482
0.0375554717429698	1.77656511984412	482
-0.07097300255574	2.1926228675836	85
0.0456854066424999	1.77956358080194	85
0.07126316991571	2.48310372299207	305
-0.0778813040033701	2.20074278129223	607
-0.07667789788395	2.2387915018087	607
-0.0534063380051499	2.20199223222639	9
0.0440908519667902	1.72518580882207	9
0.0375554717429698	1.77656511984412	9
0.0295797247395799	1.77747306964363	9
0.0271642451682101	1.7882009108053	9
0.0435084722200898	1.78951797761964	9
0.0184501814026801	1.74719372001359	35
0.0192543073591001	1.76044171960393	35
0.0717482294697098	2.46412212659642	181
0.0131097064560501	1.74970222628579	1
0.0541372186391298	1.75808298007436	1
0.00526081246017007	1.71937661870384	1
-0.0831769592747098	2.19239479957497	10
0.0389048402227301	1.7254103449721	482
0.0398908443580299	1.7418502956899	85
0.0239759002250199	1.75982344434879	85
0.0376974660276201	1.78825040842562	85
-0.0766808373532002	2.19886891537901	438
0.0297428279585601	1.78478163746822	438
0.0209911359141102	1.75779269442633	85
0.0519510071003699	1.76754027355949	305
-0.0753331864557101	2.19548398424986	607
0.0381202200528099	1.77866058288672	9
0.0403832754378399	1.74849744545724	901
0.0214061082732901	1.77973211485229	181
0.0184501814026801	1.74719372001359	308
0.0218212603712402	1.75712836725798	1
0.0346859298275599	1.76190632052241	1
0.0303579279806501	1.75815043047727	1
0.0259602657669	1.77571958773482	56
0.0235596179620199	1.76092025709296	56
-0.0955285698798298	2.11318426756154	482
0.0275819478134101	1.76550976278697	482
0.03873695158777	1.77888244788449	482
0.0398908443580299	1.7418502956899	482
-0.0780205371828502	2.1921462710636	482
0.0439338339165798	1.77998616645985	85
0.0393069538755002	1.73920882365659	85
-0.0979815092156802	2.1449347428549	305
-0.06806948506512	2.19527127430869	305
0.07047952081883	2.47134242055246	607
0.0109669118149101	1.73097006899876	9
0.10174693647012	2.40754114875131	9
0.0376974660276201	1.78825040842562	9
0.0355285837416801	1.79046075418453	9
0.0275819478134101	1.76550976278697	209
0.0368525129006998	1.74740043528758	82
0.0259602657669	1.77571958773482	82
0.0255413569551299	1.7463830158366	82
-0.07097300255574	2.1926228675836	117
0.02890532830894	1.75624626442474	721
0.03986807695415	1.76198366427652	1
0.03986807695415	1.76198366427652	1
0.0439338339165798	1.77998616645985	1
-0.0695642280784199	2.16575694658457	10
0.01566664095709	1.75278318538375	56
0.0293239869881501	1.78591308132808	56
0.0429978196684702	1.74334196558341	56
-0.0778253313005402	2.18068756383707	482
0.0180347805208601	1.76953980875816	482
-0.0735115914751301	2.23050826433177	85
-0.0874768728681801	2.19391168056538	438
0.0354060747538698	1.72113122871229	438
0.0405832365282302	1.76998070490232	9
0.0184501814026801	1.74719372001359	9
0.03595018693674	1.75966452644368	901
0.0203574789970999	1.76089251568796	35
0.0271642451682101	1.7882009108053	181
0.02741277359286	1.74871357249702	1
0.0271642451682101	1.7882009108053	10
0.02890532830894	1.75624626442474	10
-0.0851219441989501	2.19656387831285	10
-0.0905802994683098	2.15949202074904	56
-0.0591197815799198	2.20274192841998	482
0.0866070978542801	2.48043101184301	482
0.05238035702039	1.75329127816774	85
-0.0591197815799198	2.20274192841998	9
0.0517181384427201	2.44820514811733	9
0.0275819478134101	1.76550976278697	9
0.0351071647482701	1.7915886071351	209
0.0718254957391999	2.47521652587543	82
0.0399529433332599	1.74207616998837	82
0.0372748970201702	1.78143272151952	82
0.0373634327371399	1.73639110002426	82
0.0351071647482701	1.7915886071351	799
0.0436181409296199	1.71611159629704	35
-0.0831700660581398	2.1847466227787	117
0.0165579368110298	1.70094609528398	117
-0.0835198775879	2.20724451065589	35
0.0184501814026801	1.74719372001359	181
0.0372748970201702	1.78143272151952	1
0.0237864777583199	1.69886835561328	308
0.0510928760515701	1.75779473253385	308
-0.0648815115496499	2.16340970698197	308
0.0319054284979501	1.76607996296772	308
0.0295797247395799	1.77747306964363	1
-0.07923798471559	2.2395032594901	1
0.0180347805208601	1.76953980875816	1
-0.0869108439314199	2.19498266757501	10
0.0355285837416801	1.79046075418453	482
-0.0766808373532002	2.19886891537901	85
-0.0644447997134301	2.20191020897879	85
-0.0828443027624899	2.15320583138345	305
0.0748553934351599	2.49032776109231	607
0.0250062200768699	1.7627695206282	9
-0.0804272074438899	2.19751599399505	9
-0.10771869402388	2.16455161527877	9
0.0309062376977201	1.73776947598698	209
0.0351071647482701	1.7915886071351	209
-0.0732116845265098	2.19510824627007	209
0.0218212603712402	1.75712836725798	82
0.0301301141831498	1.72813375616798	82
-0.0851219441989501	2.19656387831285	82
-0.0559422384361201	2.20105378781351	209
0.0339188132078498	1.7713584790422	209
0.04265830919101	1.74887839511611	82
0.0351071647482701	1.7915886071351	82
0.0212205356105	1.75236126583843	82
0.0550337822098999	2.44944402415543	82
0.00739746474101999	1.7219798445643	82
0.0589847046242	2.43931370007176	35
-0.0943166958320898	2.11480223007297	35
0.07126316991571	2.48310372299207	35
0.0214061082732901	1.77973211485229	35
0.0297428279585601	1.78478163746822	35
0.0293239869881501	1.78591308132808	181
0.0267467240127202	1.76616704687936	308
0.0384748092301899	1.71129218937319	308
0.0376974660276201	1.78825040842562	1
0.0351071647482701	1.7915886071351	4
0.0199363393006098	1.73202857255246	1
0.04308329735544	1.78273337554263	10
0.01566664095709	1.75278318538375	1
-0.0772812190979799	2.20743312138224	1
-0.09650014466254	2.15897234072283	1
-0.09532748104855	2.14449337761224	10
-0.11025000240326	2.16079495917658	482
0.0792547045557899	2.49223934710683	85
-0.0868748796143399	2.19265671521273	85
0.0839636339531902	2.47090046822566	438
0.0285446273183201	1.75613243556285	85
0.0160405475504701	1.73830892918756	85
0.0351071647482701	1.7915886071351	305
-0.0610755090014998	2.20280125505285	305
0.0788648899926101	2.46788299632653	85
0.0497665440841102	1.76363071170709	9
0.0792547045557899	2.49223934710683	9
0.0297428279585601	1.78478163746822	9
-0.0696258634367299	2.16503819838767	209
0.0245898330360799	1.76233303311063	209
0.0477494619689902	1.74809623165565	209
0.0124369916748202	1.75475715657275	209
0.0214061082732901	1.77973211485229	209
0.0209911359141102	1.75779269442633	209
-0.0900421868027599	2.16392864560865	209
-0.10380796711599	2.16862152123861	209
0.0206895723506402	1.72945077822791	82
-0.000426910591249996	1.69126502243374	82
0.0851557499509701	2.47724961512936	82
0.0484831425280698	1.73337294377583	799
0.0160405475504701	1.73830892918756	400
0.0271642451682101	1.7882009108053	35
0.0379797404265201	1.77547626350938	35
0.0319054284979501	1.76607996296772	35
0.0537068836807499	1.75489398431251	35
0.04308329735544	1.78273337554263	1
0.0197745977661699	1.72237297404297	308
0.0399529433332599	1.74207616998837	308
0.0267467240127202	1.76616704687936	4
0.0413332744902601	1.78556725644158	1
0.0102855994626898	1.7359606377124	1
0.04308329735544	1.78273337554263	1
0.0435084722200898	1.78951797761964	56
0.0297428279585601	1.78478163746822	56
0.0214061082732901	1.77973211485229	482
-0.0919838703070499	2.15197748242656	482
0.0293239869881501	1.78591308132808	482
0.05827725259996	2.44415606321983	482
0.0209911359141102	1.75779269442633	482
-0.0817958389632598	2.22860394511516	85
-0.0869108439314199	2.19498266757501	85
0.0297428279585601	1.78478163746822	438
-0.0599889749520002	2.18157143533912	438
-0.0888544412916201	2.16434236806827	85
0.0271642451682101	1.7882009108053	85
0.0697640430140898	2.49454608230963	305
-0.08832294040231	2.18075329348004	305
0.0214061082732901	1.77973211485229	9
0.0329411574337501	1.78765901257722	9
0.0417574770069198	1.75519593531386	9
0.0465386431905901	1.76335665313056	209
0.0218212603712402	1.75712836725798	209
-0.10279686501152	2.1584388039392	82
0.0191408354892002	1.73126393384282	82
0.0267467240127202	1.76616704687936	82
-0.0933780173908101	2.18615248911191	35
0.0537068836807499	1.75489398431251	35
0.0271642451682101	1.7882009108053	117
0.0160792615713201	1.73082789242852	117
-0.0735115914751301	2.23050826433177	35
0.0291593849257099	1.75584590970342	69
0.0360909509988501	1.74087384868574	181
0.00986929758719013	1.73553572597893	1
0.0124369916748202	1.75475715657275	1
0.0394443544659202	1.75058558517172	392
0.0355285837416801	1.79046075418453	1
0.0621254948435102	2.45134927356226	10
-0.0753331864557101	2.19548398424986	1
-0.0499922495801499	2.17882352827139	10
0.0295797247395799	1.77747306964363	56
0.0275819478134101	1.76550976278697	56
0.0151016081679902	1.73855635706817	482
0.0799711876923102	2.48014414334704	305
0.0119135175827201	1.73341440534533	305
0.0181042707721599	1.75666097713263	305
-0.0572168713674	2.23098112646978	85
0.0346859298275599	1.76190632052241	85
0.0181981585142301	1.7630799900606	9
0.0439338339165798	1.77998616645985	9
0.05238035702039	1.75329127816774	9
0.0439338339165798	1.77998616645985	209
0.0202653481211601	1.73855396176494	209
0.0261436927025902	1.76649910992419	209
0.00199314045441978	1.70716154450967	209
0.0333614298681701	1.76515449358433	82
0.0259602657669	1.77571958773482	82
0.03274594374107	1.72214262628452	82
0.0376974660276201	1.78825040842562	82
0.0118776946148702	1.72176583860569	82
0.0397654731094299	1.72203906623277	799
0.01500883638476	1.73542556969229	35
0.04308329735544	1.78273337554263	35
0.0419106546060499	1.75812496591709	1
0.0265676086317099	1.76540184055778	4
-0.0766808373532002	2.19886891537901	446
0.0317484045302998	1.78137918388793	144
0.0459702311259602	2.41449611764401	56
0.06519857994738	2.49900848123577	56
0.0181981585142301	1.7630799900606	482
0.0315224932492102	1.73329756811054	482
-0.0953187217964002	2.15937199349325	85
0.0537068836807499	1.75489398431251	85
0.0381202200528099	1.77866058288672	438
0.0367266178461101	1.75496238919636	438
-0.0843710212728599	2.19428451089524	438
-0.1133629844842	2.16096939549869	438
0.0293517792668201	1.73328523559356	85
-0.0772812190979799	2.20743312138224	85
0.0218212603712402	1.75712836725798	305
0.0459926999375999	1.762992208784	9
-0.09317858790383	2.19466691848917	9
-0.08291611190411	2.19864261699355	9
0.0264877515364499	1.75085369635609	9
0.0618305967610402	2.44686772422806	9
0.0381202200528099	1.77866058288672	9
-0.0668052269583099	2.18261526488762	209
0.0482917685307198	1.75234968499278	209
0.0307768748439399	1.75859398683312	209
-0.08515166332608	2.22401427600593	209
0.0293239869881501	1.78591308132808	82
0.03595018693674	1.75966452644368	82
-0.0992396592256801	2.16876765491336	799
0.0307768748439399	1.75859398683312	35
0.0181981585142301	1.7630799900606	35
0.0212205356105	1.75236126583843	35
0.0218212603712402	1.75712836725798	35
-0.1093670209346	2.13059897919842	35
0.0214061082732901	1.77973211485229	181
0.0166914912182299	1.73526139152412	308
0.0176195594584199	1.7478452773406	308
0.0293239869881501	1.78591308132808	308
0.0186183381079199	1.74101197531504	308
-0.0939759963938598	2.16254723457591	1
0.0209911359141102	1.75779269442633	1
0.0239759002250199	1.75982344434879	1
0.00780628649388993	1.72238849355829	144
0.0209911359141102	1.75779269442633	482
0.0673751756956902	2.49185312354057	482
0.0918111602404599	2.4806756634862	482
0.0133146104208799	1.72552552793546	438
0.0819572683589298	2.45313228514353	438
0.0135210311175298	1.75012145464247	438
-0.0813485903362801	2.18130880216885	438
-0.0778820665105999	2.19062803029643	438
0.0951825702843299	2.47419708055045	305
0.0365663779605101	1.74759505809755	305
-0.0678241249616498	2.11736421642127	85
-0.08515166332608	2.22401427600593	9
0.0271642451682101	1.7882009108053	209
-0.0515321672515299	2.17153115229632	209
0.0471570078489401	1.76521195559602	209
0.0231435162296498	1.73201404957501	209
0.0218212603712402	1.75712836725798	82
0.0209911359141102	1.75779269442633	82
0.0255413569551299	1.7463830158366	82
0.0409092579785	1.78667105794429	400
0.0131097064560501	1.74970222628579	35
0.0346859298275599	1.76190632052241	35
0.0129462345286999	1.7347917260236	35
0.03986807695415	1.76198366427652	181
0.03455012489195	1.7646083652213	4
0.0250062200768699	1.7627695206282	4
0.0239781122824598	1.76263870806536	1
0.0355285837416801	1.79046075418453	10
0.0297428279585601	1.78478163746822	446
-0.0566042861838199	2.22104251398194	62
-0.0676109957027702	2.20869520247178	482
-0.0910294892108299	2.18153360624748	482
-0.12464124045154	2.1103928363632	482
0.0381202200528099	1.77866058288672	482
0.0263793569516499	1.77460351315333	85
0.03873695158777	1.77888244788449	85
-0.0823951787686998	2.22927216582941	85
0.0242158108929198	1.75552814484328	438
-0.09317858790383	2.19466691848917	438
-0.0493981099824898	2.18568277156456	438
0.04308329735544	1.78273337554263	305
0.03854315922564	1.74332033436954	85
-0.0784003004375902	2.19527246785453	9
0.0346859298275599	1.76190632052241	209
-0.0591197815799198	2.20274192841998	82
0.0355285837416801	1.79046075418453	82
0.0267467240127202	1.76616704687936	400
0.00526081246017007	1.71937661870384	35
0.0041355331447499	1.72542030368589	35
0.0209911359141102	1.75779269442633	35
0.0362977581111998	1.74369471148873	181
0.0209911359141102	1.75779269442633	308
0.0128546066533701	1.73277326446805	4
0.0239781122824598	1.76263870806536	1
0.0297428279585601	1.78478163746822	4
0.0329411574337501	1.78765901257722	1
0.0611230137560699	2.48156756950466	482
0.0128546066533701	1.73277326446805	482
0.0158803250392801	1.75044711130464	482
-0.07014360318502	2.24196272045938	482
0.0599288014177901	2.48710060422532	438
0.0297428279585601	1.78478163746822	438
0.0203574789970999	1.76089251568796	85
0.03873695158777	1.77888244788449	85
-0.0559422384361201	2.20105378781351	85
0.0405832365282302	1.76998070490232	9
-0.0896565578392399	2.17747319504746	9
0.0271642451682101	1.7882009108053	9
0.0461119310193201	1.7779184374033	209
-0.0819966426786198	2.21063264003197	209
-0.0733251963364201	2.19334203077885	82
-0.10053256649377	2.14549094361083	82
-0.0871260836105101	2.17890187294104	82
0.0267986306365202	1.74416078377178	82
0.0309062376977201	1.73776947598698	35
0.0293239869881501	1.78591308132808	35
0.0317484045302998	1.78137918388793	35
0.0235596179620199	1.76092025709296	35
0.0209911359141102	1.75779269442633	181
0.0131097064560501	1.74970222628579	1
0.0245898330360799	1.76233303311063	1
0.01566664095709	1.75278318538375	1
0.0218212603712402	1.75712836725798	1
-0.0804272074438899	2.19751599399505	1
0.0235596179620199	1.76092025709296	10
-0.0618817340398801	2.19537013258231	10
0.0120195581054201	1.73341175575919	482
0.0439338339165798	1.77998616645985	482
-0.0869108439314199	2.19498266757501	85
0.0235596179620199	1.76092025709296	85
-0.11647068577134	2.13393684262511	85
0.0293239869881501	1.78591308132808	305
-0.0988330310766501	2.1251393281338	9
0.0456854066424999	1.77956358080194	9
-0.0778813040033701	2.20074278129223	9
-0.11871941246401	2.13548966655065	9
0.0166914912182299	1.73526139152412	209
0.0351071647482701	1.7915886071351	209
0.01566664095709	1.75278318538375	82
0.0281965087487999	1.72741467268495	82
0.0239759002250199	1.75982344434879	82
0.0334961775135598	1.73770123232882	35
0.0404854273422601	1.7573804658212	35
0.0607840242211402	2.47098851078284	35
0.00526081246017007	1.71937661870384	1
0.0245898330360799	1.76233303311063	10
-0.07097300255574	2.1926228675836	446
-0.0800331363017199	2.17950812719616	482
-0.09025055275464	2.18598189109226	482
0.0376974660276201	1.78825040842562	482
0.0381202200528099	1.77866058288672	85
0.0218212603712402	1.75712836725798	85
-0.0833882905775001	2.12446287568836	85
0.0368525129006998	1.74740043528758	438
0.0439338339165798	1.77998616645985	438
0.0443593825766699	1.74484134897789	438
0.05238035702039	1.75329127816774	85
-0.0933780173908101	2.18615248911191	85
0.0271642451682101	1.7882009108053	85
-0.0907739939973702	2.15493216577953	85
-0.0752290213100499	2.1713244044211	305
0.08378653244079	2.48518193522175	85
0.0351071647482701	1.7915886071351	9
-0.0699037257870998	2.17337274342355	82
0.01884046099436	1.76001338712733	82
0.0413332744902601	1.78556725644158	82
0.03595018693674	1.75966452644368	209
0.0329411574337501	1.78765901257722	209
0.03873695158777	1.77888244788449	82
-0.12245012692304	2.097755153078	82
0.0109669118149101	1.73097006899876	82
0.0180347805208601	1.76953980875816	82
0.0271642451682101	1.7882009108053	82
0.04308329735544	1.78273337554263	82
0.0295797247395799	1.77747306964363	35
-0.09025055275464	2.18598189109226	1
0.0293239869881501	1.78591308132808	446
0.0271642451682101	1.7882009108053	56
0.0355285837416801	1.79046075418453	219
-0.0877246592328	2.18737222536446	219
-0.0544441054001901	2.21401308501545	482
0.03273459560222	1.71811537226189	482
-0.0933780173908101	2.18615248911191	438
0.0456854066424999	1.77956358080194	438
0.0151016081679902	1.73855635706817	438
0.0355285837416801	1.79046075418453	85
0.0218212603712402	1.75712836725798	85
0.0184501814026801	1.74719372001359	85
0.0465386431905901	1.76335665313056	9
-0.0914803106720901	2.15377818917278	338
0.0340508477813901	1.75187524986932	82
0.03902081768521	1.71465106998769	82
0.00780628649388993	1.72238849355829	82
-0.0777936186664898	2.19865253445052	219
0.0118776946148702	1.72176583860569	482
0.0323255944428902	1.75670721857387	482
0.0372748970201702	1.78143272151952	482
-0.09620050216876	2.1441670030921	482
0.0329411574337501	1.78765901257722	85
0.0209911359141102	1.75779269442633	438
0.00772073509995996	1.71141901723628	438
0.0293239869881501	1.78591308132808	305
0.0250062200768699	1.7627695206282	305
0.0775959640654502	2.46569577008536	85
0.0401576221055899	1.77940352472172	85
0.0301618513472599	1.7539913146149	85
-0.0612731344504698	2.18574206677138	9
0.0372748970201702	1.78143272151952	338
0.0160792615713201	1.73082789242852	338
0.0203574789970999	1.76089251568796	209
0.0267467240127202	1.76616704687936	82
0.03986807695415	1.76198366427652	35
0.0346859298275599	1.76190632052241	35
0.0192543073591001	1.76044171960393	35
0.0429978196684702	1.74334196558341	308
0.0135210311175298	1.75012145464247	1
0.0329411574337501	1.78765901257722	1
0.0124369916748202	1.75475715657275	4
0.04933855494235	1.77287408526635	189
-0.10637120463071	2.14377669792805	219
0.0607840242211402	2.47098851078284	482
-0.0963223489076399	2.16345980202878	85
-0.0888544412916201	2.16434236806827	85
-0.0851219441989501	2.19656387831285	438
0.0208794544515101	1.7382811753685	438
0.0209911359141102	1.75779269442633	438
0.03187546961848	1.76148966774296	438
0.03595018693674	1.75966452644368	85
0.0465386431905901	1.76335665313056	85
-0.06821605976846	2.20992936027505	85
0.0180347805208601	1.76953980875816	305
-0.0939759963938598	2.16254723457591	85
0.0265676086317099	1.76540184055778	85
0.0413332744902601	1.78556725644158	85
0.0271642451682101	1.7882009108053	338
0.0752451837186698	2.47349434263903	338
0.0413332744902601	1.78556725644158	209
0.0381202200528099	1.77866058288672	209
-0.0710609089118202	2.19121923390195	209
-0.0752738168615101	2.22484030737423	209
-0.0644447997134301	2.20191020897879	82
0.0301618513472599	1.7539913146149	82
0.0297428279585601	1.78478163746822	35
0.0145900855186198	1.7364930255418	35
-0.0721561631216101	2.17854048556735	35
-0.0941969341975502	2.18803084594322	35
-0.0976945290447699	2.17964491231402	35
0.0351071647482701	1.7915886071351	35
0.0066945059186998	1.72845592564377	35
0.0300002478974299	1.7552238264429	35
0.0297428279585601	1.78478163746822	35
-0.09566949727837	2.12351418776069	308
0.0383142749991201	1.75740754542839	308
0.0510928760515701	1.75779473253385	1
0.0351071647482701	1.7915886071351	1
0.0158803250392801	1.75044711130464	10
-0.0916498601864899	2.20866044907652	219
-0.09219317173112	2.15751839786991	438
0.0243923631439298	1.72982905901667	438
0.0319054284979501	1.76607996296772	85
0.06564909323758	2.490887556851	85
0.0924667844304001	2.47229953716067	85
-0.0772812190979799	2.20743312138224	85
-0.06813931264483	2.19134731165219	85
0.0239759002250199	1.75982344434879	85
0.03595018693674	1.75966452644368	9
0.0131097064560501	1.74970222628579	338
0.0372748970201702	1.78143272151952	9
0.0545677440844301	1.75143766236567	209
0.0365149256138402	1.75214876686772	209
0.0465386431905901	1.76335665313056	82
-0.0849676112847102	2.16198646092936	35
0.0321700747136799	1.78026665832039	35
0.0233636365524901	1.73251178341482	56
0.0321700747136799	1.78026665832039	219
-0.0874768728681801	2.19391168056538	85
0.0255413569551299	1.7463830158366	85
0.0259602657669	1.77571958773482	85
0.0275819478134101	1.76550976278697	85
-0.06821605976846	2.20992936027505	438
0.0381202200528099	1.77866058288672	85
0.02431924179802	1.73238147861512	85
-0.0967105232343499	2.15301073438569	85
0.0319054284979501	1.76607996296772	9
0.01566664095709	1.75278318538375	338
0.0323255944428902	1.75670721857387	9
0.0431909874642402	1.7535580640454	209
0.0135210311175298	1.75012145464247	209
0.0209911359141102	1.75779269442633	82
0.0203574789970999	1.76089251568796	35
0.0297769595506798	1.75418553103217	308
0.0409092579785	1.78667105794429	4
0.0267467240127202	1.76616704687936	10
0.0709284147023199	2.49220922778184	39
0.01777816209853	1.74164342306101	56
0.0293239869881501	1.78591308132808	219
0.0372748970201702	1.78143272151952	482
0.0180347805208601	1.76953980875816	482
0.0250062200768699	1.7627695206282	482
0.0497665440841102	1.76363071170709	482
0.0404854273422601	1.7573804658212	438
-0.0718618922757099	2.20463957597238	438
0.0375849056890099	1.73918517583851	438
0.0429978196684702	1.74334196558341	85
-0.0875060004944701	2.16709350303895	305
0.0487196477309202	1.74570747634594	305
-0.0947901970301399	2.21701305543046	85
0.0439338339165798	1.77998616645985	85
0.01884046099436	1.76001338712733	85
0.0271642451682101	1.7882009108053	9
0.02741277359286	1.74871357249702	209
0.0355285837416801	1.79046075418453	82
0.0376974660276201	1.78825040842562	35
0.0621254948435102	2.45134927356226	219
0.0777629460540998	2.48345746805402	482
0.0456854066424999	1.77956358080194	85
0.0293517792668201	1.73328523559356	85
-0.0621797956940999	2.1869144894221	85
0.0216371718583201	1.75279571838875	85
0.0259602657669	1.77571958773482	85
-0.10235430965686	2.16895791562	352
0.01566664095709	1.75278318538375	85
0.0187178414288098	1.73082290264151	85
0.0293239869881501	1.78591308132808	85
0.0237978584971401	1.77796058405828	305
0.0456854066424999	1.77956358080194	305
0.0782447400130599	2.45934236571343	85
-0.0638376686992901	2.18508562697836	85
-0.0769937334931798	2.20651137594667	9
0.03434163387301	1.77810209777096	338
0.0372748970201702	1.78143272151952	338
0.03434163387301	1.77810209777096	35
0.0156216909910998	1.73787599175762	1
0.0371556669938702	1.75335838613405	1
0.0256342669246998	1.75355613691864	1
0.0826109151690799	2.47937154911302	904
0.0291613210305899	1.75395865945644	56
0.00772073509995996	1.71141901723628	219
0.0297428279585601	1.78478163746822	219
0.0407160795738002	1.74604602841344	482
0.0151016081679902	1.73855635706817	85
0.0242158108929198	1.75552814484328	85
0.0206895723506402	1.72945077822791	85
0.0351071647482701	1.7915886071351	85
0.0435084722200898	1.78951797761964	9
-0.0984389384409501	2.14976411577921	9
0.0413332744902601	1.78556725644158	9
0.0435084722200898	1.78951797761964	9
0.0384748092301899	1.71129218937319	35
0.0339188132078498	1.7713584790422	10
0.0317484045302998	1.78137918388793	10
0.0355285837416801	1.79046075418453	446
0.0275819478134101	1.76550976278697	56
-0.06626437821823	2.19025005277911	219
0.0250062200768699	1.7627695206282	219
-0.08610785067799	2.14878218030286	482
-0.0616838273431499	2.20400471222741	482
0.0351071647482701	1.7915886071351	482
0.0250062200768699	1.7627695206282	85
0.0419507117948199	1.72325213717992	85
0.0409092579785	1.78667105794429	85
0.0245898330360799	1.76233303311063	85
0.0376974660276201	1.78825040842562	85
0.0101421275090199	1.74019612353105	85
0.0303579279806501	1.75815043047727	85
0.0383142749991201	1.75740754542839	338
0.02355553368831	1.74135916114039	9
0.01984130995681	1.73208472735686	209
0.0122903849650702	1.74284785118264	35
0.0267467240127202	1.76616704687936	308
0.0333614298681701	1.76515449358433	1
-0.0735115914751301	2.23050826433177	347
0.0419106546060499	1.75812496591709	219
-0.10126264915906	2.19978164899911	482
-0.0881699351006202	2.15951894805799	482
0.0376974660276201	1.78825040842562	482
0.03986807695415	1.76198366427652	85
-0.0902869149333401	2.18072301778343	85
0.03915981323129	1.75680900096895	85
-0.08627258816052	2.17918749898313	438
0.0361448519505898	1.74714593030472	85
0.0213928188091002	1.73388902301766	85
0.10388393730124	2.45856602778457	85
0.0355285837416801	1.79046075418453	85
-0.0728514992068901	2.19741875477332	85
0.0277043436977098	1.7166070818074	9
0.0145900855186198	1.7364930255418	9
0.0376974660276201	1.78825040842562	338
0.0329411574337501	1.78765901257722	82
0.01546623043073	1.75002074763643	82
0.0431909874642402	1.7535580640454	82
0.05152184682228	1.76914236754964	35
0.0417574770069198	1.75519593531386	35
0.0351071647482701	1.7915886071351	308
0.0346859298275599	1.76190632052241	308
0.0355285837416801	1.79046075418453	4
0.0235596179620199	1.76092025709296	4
0.01566664095709	1.75278318538375	10
0.0329411574337501	1.78765901257722	10
-0.10176659623193	2.14882159108102	446
0.0156216909910998	1.73787599175762	144
0.10850963036722	2.42883451365123	219
0.0431909874642402	1.7535580640454	56
0.0329411574337501	1.78765901257722	85
0.0131097064560501	1.74970222628579	85
-0.11188294124973	2.13011742913444	85
0.0413332744902601	1.78556725644158	85
0.0120195581054201	1.73341175575919	85
0.0128546066533701	1.73277326446805	305
0.0519510071003699	1.76754027355949	9
-0.0559422384361201	2.20105378781351	9
0.0329411574337501	1.78765901257722	9
0.0304800066114601	1.72667857421061	82
-0.0869108439314199	2.19498266757501	82
0.0271642451682101	1.7882009108053	82
0.0124369916748202	1.75475715657275	82
0.0329411574337501	1.78765901257722	35
0.0404854273422601	1.7573804658212	181
0.0413332744902601	1.78556725644158	1
0.0290861698332998	1.71922644545837	1
0.0214061082732901	1.77973211485229	10
0.0239759002250199	1.75982344434879	10
0.0209911359141102	1.75779269442633	10
0.0769083488515299	2.43098117935086	10
0.0503664227218601	1.74524950591698	56
-0.10497653088806	2.17878165928094	219
0.0131097064560501	1.74970222628579	219
0.0448329207419	1.73146440485931	482
0.0647490641622501	2.48419592755549	85
0.03274594374107	1.72214262628452	85
0.0134669257795799	1.71021663539115	85
0.0231435162296498	1.73201404957501	85
0.0267467240127202	1.76616704687936	9
-0.09650014466254	2.15897234072283	9
0.0381202200528099	1.77866058288672	9
0.0375554717429698	1.77656511984412	82
-0.06229800464956	2.17001360966998	82
0.0372748970201702	1.78143272151952	82
0.0372748970201702	1.78143272151952	35
0.0339188132078498	1.7713584790422	308
0.0066945059186998	1.72845592564377	1
0.0381202200528099	1.77866058288672	10
0.0297428279585601	1.78478163746822	482
0.04265830919101	1.74887839511611	85
0.0589847046242	2.43931370007176	85
-0.0845534928188299	2.19012616833855	85
-0.0900294372368098	2.20071127795272	85
0.04933855494235	1.77287408526635	85
0.0301618513472599	1.7539913146149	85
-0.07014360318502	2.24196272045938	85
-0.0812306677897499	2.19416580094602	9
0.00627961604148997	1.70770884021049	9
-0.07097300255574	2.1926228675836	9
-0.0933780173908101	2.18615248911191	9
0.0470092621742202	1.69729208781276	9
0.0319054284979501	1.76607996296772	209
0.0489107544681602	1.76627448492499	82
-0.07003115649227	2.18490745521792	82
0.0381202200528099	1.77866058288672	82
0.0301618513472599	1.7539913146149	82
-0.11425215139214	2.08385553307901	82
0.0192543073591001	1.76044171960393	35
0.0376974660276201	1.78825040842562	35
0.0317484045302998	1.78137918388793	35
0.0307768748439399	1.75859398683312	308
0.0127032534025902	1.72114002754028	308
0.01546623043073	1.75002074763643	1
0.01884046099436	1.76001338712733	10
0.0259602657669	1.77571958773482	10
0.0519510071003699	1.76754027355949	10
0.0381202200528099	1.77866058288672	56
0.0489107544681602	1.76627448492499	219
0.0271642451682101	1.7882009108053	482
0.0275819478134101	1.76550976278697	482
-0.10269470199223	2.12774049823814	85
-0.0831769592747098	2.19239479957497	85
0.0214061082732901	1.77973211485229	85
0.0351071647482701	1.7915886071351	352
-0.0981254451912901	2.17507736477738	85
-0.09865024515054	2.1410711632041	85
0.0301618513472599	1.7539913146149	85
0.03434163387301	1.77810209777096	85
0.0281243939184201	1.74953270237886	85
-0.0752290213100499	2.1713244044211	85
0.0319054284979501	1.76607996296772	9
-0.0988789196844899	2.12478082676286	9
-0.0663603746425201	2.23360607917493	9
0.0439338339165798	1.77998616645985	338
0.0413332744902601	1.78556725644158	9
0.0323255944428902	1.75670721857387	209
-0.0837741373543701	2.20097265518492	82
0.0376974660276201	1.78825040842562	82
0.0497665440841102	1.76363071170709	181
-0.1154259260338	2.11754376930979	1
0.0376974660276201	1.78825040842562	1
0.03455012489195	1.7646083652213	1
0.0295867664128502	1.71956889174901	10
0.0429434662514301	1.72468552637606	10
0.0381202200528099	1.77866058288672	446
0.0339188132078498	1.7713584790422	56
0.03915981323129	1.75680900096895	56
0.00973055556083002	1.73977878983205	219
0.0248294931372302	1.71785578916959	219
0.0469655432890899	1.72549606469904	482
0.0355285837416801	1.79046075418453	85
0.0304800066114601	1.72667857421061	85
0.0341224328898102	1.75800966606099	85
0.0439338339165798	1.77998616645985	85
0.03873695158777	1.77888244788449	85
0.0456854066424999	1.77956358080194	9
0.0210241924152399	1.72021946722123	9
0.0389048402227301	1.7254103449721	82
0.0242158108929198	1.75552814484328	82
0.0307768748439399	1.75859398683312	82
0.0131097064560501	1.74970222628579	35
-0.0863153946884698	2.19433697522685	35
0.0413332744902601	1.78556725644158	10
-0.07863690315587	2.23062101326811	10
0.0287360625220798	1.76328940978545	56
0.0109669118149101	1.73097006899876	219
0.10244514869461	2.48511023766584	219
0.0469655432890899	1.72549606469904	219
0.0267467240127202	1.76616704687936	219
-0.0939700050290901	2.15832027907111	482
-0.0990667285756701	2.18509997485927	85
0.0435084722200898	1.78951797761964	85
0.0642922432676198	2.45598611876885	85
0.0339188132078498	1.7713584790422	85
0.0731268138913199	2.45637534358524	85
0.0207788026809901	1.75979169499821	85
-0.0715765856621702	2.19881206389729	85
-0.11280212206322	2.13218356156737	85
-0.0894288909360501	2.19209615715066	85
0.0354060747538698	1.72113122871229	9
0.01884046099436	1.76001338712733	9
0.0347646396389099	1.76862235817381	82
0.01884046099436	1.76001338712733	82
0.0209911359141102	1.75779269442633	82
0.01884046099436	1.76001338712733	82
-0.09711952382245	2.17896240893794	82
0.0491477156944402	1.72821921698157	82
0.0371313890182599	1.74759747408869	799
0.0303579279806501	1.75815043047727	35
0.03434163387301	1.77810209777096	35
0.0394443544659202	1.75058558517172	35
0.0407160795738002	1.74604602841344	35
0.0233800876724799	1.75617268239177	4
0.0214061082732901	1.77973211485229	397
0.0101421275090199	1.74019612353105	56
0.0439338339165798	1.77998616645985	219
0.0190627005144801	1.72426736028144	219
0.0124369916748202	1.75475715657275	85
0.0790697821625499	2.49987170038233	85
0.0409092579785	1.78667105794429	85
-0.09025055275464	2.18598189109226	352
0.0214061082732901	1.77973211485229	85
0.0658255945823401	2.49460786633063	85
-0.0935578087312798	2.18567641074681	85
0.0192543073591001	1.76044171960393	85
0.00504589421331003	1.70838931640332	85
-0.0701681339378801	2.1981756047879	85
0.0439338339165798	1.77998616645985	85
0.07634866405105	2.46901918691288	9
-0.0787846969002399	2.181939149984	9
0.0313269185021898	1.75202678253973	9
-0.08707421076969	2.15832671276357	82
0.0413332744902601	1.78556725644158	82
-0.0888544412916201	2.16434236806827	82
0.0307768748439399	1.75859398683312	82
0.02741277359286	1.74871357249702	82
-0.0879875121262201	2.14838570101945	82
0.0545677440844301	1.75143766236567	35
0.0203574789970999	1.76089251568796	308
0.0297428279585601	1.78478163746822	1
0.0291613210305899	1.75395865945644	1
0.0203574789970999	1.76089251568796	10
0.0333614298681701	1.76515449358433	10
0.0263793569516499	1.77460351315333	56
0.0267986306365202	1.74416078377178	219
0.00758511761751013	1.72123636760271	219
0.0201909486624698	1.75096064138591	219
-0.09650014466254	2.15897234072283	219
-0.0965224703368102	2.18561411325701	219
-0.08291611190411	2.19864261699355	482
0.00187444044546981	1.72276714370585	482
0.0181981585142301	1.7630799900606	85
0.0233636365524901	1.73251178341482	85
0.0231435162296498	1.73201404957501	85
-0.0597967031703801	2.23151013663072	85
0.04933855494235	1.77287408526635	85
0.0303579279806501	1.75815043047727	85
0.00973055556083002	1.73977878983205	85
0.0333614298681701	1.76515449358433	85
0.0271642451682101	1.7882009108053	9
0.0239781122824598	1.76263870806536	9
0.0297428279585601	1.78478163746822	85
-0.0886456900036898	2.11378249289158	85
-0.0591855969217598	2.21426117426948	85
0.03854315922564	1.74332033436954	9
-0.0837741373543701	2.20097265518492	85
0.0401576221055899	1.77940352472172	85
-0.0515321672515299	2.17153115229632	9
-0.0766808373532002	2.19886891537901	9
0.0355285837416801	1.79046075418453	82
0.0129462345286999	1.7347917260236	82
0.0317484045302998	1.78137918388793	82
0.0201909486624698	1.75096064138591	82
0.0293239869881501	1.78591308132808	10
-0.07587637114261	2.22548792102407	10
-0.0663999641056798	2.15960595024116	10
0.0347646396389099	1.76862235817381	397
0.0351071647482701	1.7915886071351	56
-0.0778813040033701	2.20074278129223	56
-0.0825962553362398	2.22453207137743	219
0.0333614298681701	1.76515449358433	219
-0.0740425124905499	2.18496626377441	219
0.0301618513472599	1.7539913146149	219
-0.0810255533159299	2.16975252410135	219
0.0355285837416801	1.79046075418453	219
0.0066945059186998	1.72845592564377	219
0.0892531249880899	2.48275303390359	482
0.0631303057069199	2.47531825115755	85
-0.0894136096753799	2.18950837959242	85
0.0314854457773901	1.7594083641165	85
-0.0812306677897499	2.19416580094602	85
0.0303579279806501	1.75815043047727	85
0.0159449011820998	1.73792538964343	85
0.0333614298681701	1.76515449358433	85
0.0830769976031101	2.49646642647247	9
-0.0741298232637	2.20552372672451	9
0.0486081013186901	1.7577398854478	9
-0.1102696987517	2.15798171831402	9
0.03434163387301	1.77810209777096	9
0.0267467240127202	1.76616704687936	209
0.0610035551797101	2.44987212378756	209
0.0293856441667399	1.71268361738301	82
-0.0806320498716699	2.19292083776073	82
-0.10474137091744	2.14916934092713	82
0.0180347805208601	1.76953980875816	82
0.0365149256138402	1.75214876686772	82
0.0409092579785	1.78667105794429	82
0.0267467240127202	1.76616704687936	82
0.01566664095709	1.75278318538375	799
0.0413332744902601	1.78556725644158	799
0.0329411574337501	1.78765901257722	82
0.00772073509995996	1.71141901723628	35
-0.08515166332608	2.22401427600593	35
0.0281243939184201	1.74953270237886	35
0.0297428279585601	1.78478163746822	35
0.00187411758690015	1.70972654442378	35
-0.0953835107236198	2.15634553850784	308
0.02120031048115	1.72983895401708	4
0.0376974660276201	1.78825040842562	10
0.0325919291812902	1.74981757796973	10
-0.0640800559234802	2.19991085602204	10
-0.0900294372368098	2.20071127795272	10
0.01884046099436	1.76001338712733	219
-0.10025767746378	2.1578182734057	219
-0.08119620341331	2.19972173150415	482
0.03986807695415	1.76198366427652	482
0.0218212603712402	1.75712836725798	85
0.0823124235827999	2.45328838182175	85
-0.0825962553362398	2.22453207137743	85
0.03854315922564	1.74332033436954	85
0.03873695158777	1.77888244788449	9
0.0451310327134902	1.70110246836125	85
0.0237978584971401	1.77796058405828	9
0.0376974660276201	1.78825040842562	9
0.0257199625605802	1.73761978806267	9
0.05152184682228	1.76914236754964	9
0.0295797247395799	1.77747306964363	9
0.0627804680292901	2.41263397139257	209
0.03595018693674	1.75966452644368	9
0.0218212603712402	1.75712836725798	9
0.0394443544659202	1.75058558517172	82
0.0197745977661699	1.72237297404297	82
0.0323255944428902	1.75670721857387	82
0.0293239869881501	1.78591308132808	82
0.03902081768521	1.71465106998769	799
0.01566664095709	1.75278318538375	10
0.0158803250392801	1.75044711130464	397
0.0467303741432601	1.76626361660703	219
0.0541372186391298	1.75808298007436	219
0.0329411574337501	1.78765901257722	219
0.0407160795738002	1.74604602841344	482
-0.0943604163943199	2.10098565205236	85
0.0245898330360799	1.76233303311063	85
0.0243923631439298	1.72982905901667	85
0.0333614298681701	1.76515449358433	85
0.0339188132078498	1.7713584790422	9
-0.0961196911235298	2.14474481759021	85
0.0785998368878298	2.47357676326071	9
-0.0894484597766798	2.18449798017207	9
0.0435084722200898	1.78951797761964	82
0.0216371718583201	1.75279571838875	82
0.0145900855186198	1.7364930255418	35
0.0372748970201702	1.78143272151952	35
0.02120031048115	1.72983895401708	35
0.0256342669246998	1.75355613691864	35
0.0267986306365202	1.74416078377178	181
0.0172586825180101	1.72897293710462	181
0.00739746474101999	1.7219798445643	4
0.0355285837416801	1.79046075418453	10
0.01566664095709	1.75278318538375	10
0.03434163387301	1.77810209777096	79
0.0245898330360799	1.76233303311063	56
0.0281965087487999	1.72741467268495	219
0.0607840242211402	2.47098851078284	219
-0.0842391414772301	2.16153968434249	482
-0.0715009136426499	2.19623814256979	482
0.0180347805208601	1.76953980875816	85
-0.0831955721953799	2.22583389898171	85
0.01884046099436	1.76001338712733	85
0.0131097064560501	1.74970222628579	85
0.0218142493097	1.73432892569101	85
-0.0576870733423598	2.17140286542246	9
-0.0882823925685301	2.18666015895741	9
-0.0610755090014998	2.20280125505285	9
-0.0763867276914199	2.19799249725621	9
0.0411403599682099	1.70879097639593	85
-0.0742359146804699	2.16289381427387	9
0.0291593849257099	1.75584590970342	9
0.0333614298681701	1.76515449358433	9
0.0487196477309202	1.74570747634594	9
0.0366597666044202	1.72548884092576	9
0.0376974660276201	1.78825040842562	82
0.0372748970201702	1.78143272151952	35
0.0209911359141102	1.75779269442633	1
0.0376974660276201	1.78825040842562	4
0.0213036005566698	1.7595063451196	4
0.00454929941904991	1.72583626182616	10
0.0351071647482701	1.7915886071351	10
0.0452590699275399	1.76798173252537	56
0.0545677440844301	1.75143766236567	219
0.0321700747136799	1.78026665832039	85
0.0319054284979501	1.76607996296772	85
0.0673751756956902	2.49185312354057	85
0.0465386431905901	1.76335665313056	85
0.0267467240127202	1.76616704687936	85
0.0307768748439399	1.75859398683312	85
-0.0948761390196999	2.09718283339167	85
-0.0939700050290901	2.15832027907111	85
0.0742207877769698	2.49939918541876	9
-0.0998287856189899	2.16941259516517	9
-0.0914455089262498	2.21591565722839	9
-0.0880785681823801	2.18265286579734	9
0.0151016081679902	1.73855635706817	9
-0.1081258706289	2.16440710240586	338
-0.0860763243723302	2.19661880117931	9
0.01884046099436	1.76001338712733	209
0.0192543073591001	1.76044171960393	82
0.0267467240127202	1.76616704687936	82
0.03595018693674	1.75966452644368	82
0.04308329735544	1.78273337554263	82
0.0301618513472599	1.7539913146149	82
0.0567568834246002	1.72711879082648	82
0.0376974660276201	1.78825040842562	475
0.01546623043073	1.75002074763643	181
0.0381202200528099	1.77866058288672	308
0.0267467240127202	1.76616704687936	1
0.0423372444352399	1.76958095912024	446
0.0376974660276201	1.78825040842562	784
-0.0735115914751301	2.23050826433177	219
-0.11025000240326	2.16079495917658	219
0.0435084722200898	1.78951797761964	85
-0.0610755090014998	2.20280125505285	85
0.0365149256138402	1.75214876686772	85
0.0229409804076899	1.7416336773842	85
-0.1081258706289	2.16440710240586	9
0.0206074801703799	1.74987860684014	9
0.0816030812455399	2.47857031874125	9
0.0456854066424999	1.77956358080194	82
0.0401576221055899	1.77940352472172	82
0.0265676086317099	1.76540184055778	82
-0.10235430965686	2.16895791562	82
0.0160792615713201	1.73082789242852	82
-0.0869108439314199	2.19498266757501	82
0.0271642451682101	1.7882009108053	82
-0.0063917361743	1.69278962629523	82
-0.0674103139142099	2.18320105824677	82
0.0234680776512102	1.76336385484048	82
0.0439338339165798	1.77998616645985	82
0.0297428279585601	1.78478163746822	82
-0.07863690315587	2.23062101326811	82
0.0176195594584199	1.7478452773406	35
0.0122903849650702	1.74284785118264	4
0.03902081768521	1.71465106998769	4
0.0208794544515101	1.7382811753685	1
0.0166914912182299	1.73526139152412	157
0.0239759002250199	1.75982344434879	446
-0.09278573970805	2.18550208077573	446
0.0214061082732901	1.77973211485229	784
0.0303579279806501	1.75815043047727	56
0.0187178414288098	1.73082290264151	56
-0.06626437821823	2.19025005277911	219
0.0267467240127202	1.76616704687936	219
0.0291613210305899	1.75395865945644	85
0.0510555642815098	2.46818626358857	85
0.0156216909910998	1.73787599175762	85
0.0731207654675501	2.47070541077205	85
-0.11178593871813	2.14134784324112	9
0.0465386431905901	1.76335665313056	9
0.0461119310193201	1.7779184374033	9
-0.0813485903362801	2.18130880216885	85
0.0425661200638401	1.74490432359034	9
-0.0798285662294398	2.19688285289868	9
0.04380846178934	1.75539422267084	209
0.03187546961848	1.76148966774296	209
0.0212205356105	1.75236126583843	82
-0.05809598226059	2.15170012742736	82
0.0333614298681701	1.76515449358433	82
0.00986929758719013	1.73553572597893	82
0.0289650440247602	1.74686640103219	35
0.0351071647482701	1.7915886071351	446
0.0405832365282302	1.76998070490232	446
-0.0774400313327202	2.13932272411978	446
-0.0831955721953799	2.22583389898171	446
0.0293239869881501	1.78591308132808	446
0.0213928188091002	1.73388902301766	219
0.0376974660276201	1.78825040842562	482
0.0250062200768699	1.7627695206282	85
0.0250062200768699	1.7627695206282	85
0.0231435162296498	1.73201404957501	85
0.04308329735544	1.78273337554263	85
0.0510928760515701	1.75779473253385	85
0.0271642451682101	1.7882009108053	85
0.0355285837416801	1.79046075418453	85
0.0293239869881501	1.78591308132808	85
0.01884046099436	1.76001338712733	9
-0.0707717399908998	2.20665698505197	9
-0.0965224703368102	2.18561411325701	9
0.0245898330360799	1.76233303311063	9
-0.0703691195880798	2.1758315150001	9
0.01566664095709	1.75278318538375	9
0.0465386431905901	1.76335665313056	9
-0.0829708982501298	2.18423561763928	9
0.0423372444352399	1.76958095912024	209
0.0293239869881501	1.78591308132808	82
-0.06821605976846	2.20992936027505	82
0.04308329735544	1.78273337554263	82
-0.0823951787686998	2.22927216582941	82
0.0325210682611301	1.76578903213022	82
0.04308329735544	1.78273337554263	82
0.07126316991571	2.48310372299207	35
0.0303579279806501	1.75815043047727	35
0.0532767390757898	1.74038273615626	4
0.0184501814026801	1.74719372001359	446
0.0192543073591001	1.76044171960393	482
-0.07975045905444	2.1918121540872	482
0.0484831425280698	1.73337294377583	85
0.03973219459857	1.7726922919672	85
0.0303579279806501	1.75815043047727	9
0.0409092579785	1.78667105794429	9
-0.0754725363222	2.22350715423687	9
0.0314854457773901	1.7594083641165	85
0.0275819478134101	1.76550976278697	9
-0.08547401075587	2.16862471188457	9
-0.0843710212728599	2.19428451089524	9
-0.0597967031703801	2.23151013663072	9
-0.0937771005471602	2.16667091897812	9
-0.09902808870567	2.14875032341254	209
-0.0973336237893099	2.18998721623583	82
0.04308329735544	1.78273337554263	82
0.03854315922564	1.74332033436954	82
0.0257199625605802	1.73761978806267	82
0.0293239869881501	1.78591308132808	82
0.0461119310193201	1.7779184374033	35
0.0303579279806501	1.75815043047727	35
0.0271029390084698	1.75108257271372	1
-0.0703721428167601	2.18854948944061	4
0.0452590699275399	1.76798173252537	4
0.0245898330360799	1.76233303311063	4
0.0329411574337501	1.78765901257722	1
0.0271642451682101	1.7882009108053	1
-0.09592512283032	2.17706928666735	219
0.0381202200528099	1.77866058288672	482
0.0291613210305899	1.75395865945644	482
0.0358690876547798	1.70814451591843	85
0.0372748970201702	1.78143272151952	85
0.00758511761751013	1.72123636760271	85
0.04265830919101	1.74887839511611	85
0.0271642451682101	1.7882009108053	9
0.0206895723506402	1.72945077822791	9
0.0303579279806501	1.75815043047727	9
0.0245898330360799	1.76233303311063	209
0.0333614298681701	1.76515449358433	82
0.03986807695415	1.76198366427652	82
0.0245898330360799	1.76233303311063	82
0.0329411574337501	1.78765901257722	35
0.0166914912182299	1.73526139152412	35
0.0160405475504701	1.73830892918756	35
0.0207788026809901	1.75979169499821	35
0.0239781122824598	1.76263870806536	35
0.0346859298275599	1.76190632052241	35
0.03595018693674	1.75966452644368	1
0.03973219459857	1.7726922919672	4
0.0297428279585601	1.78478163746822	4
-0.0933780173908101	2.18615248911191	4
0.0093425362778099	1.73033654831266	1
-0.0778813040033701	2.20074278129223	446
-0.0721055214228898	2.22980560590467	482
-0.11394658133512	2.15994676253587	482
0.0658255945823401	2.49460786633063	482
-0.0877246592328	2.18737222536446	85
-0.0721798691695099	2.19543949998298	85
0.0131097064560501	1.74970222628579	85
-0.0947901970301399	2.21701305543046	85
0.0682968637480901	2.46211442381085	85
-0.06821605976846	2.20992936027505	9
0.0467303741432601	1.76626361660703	9
-0.0900294372368098	2.20071127795272	209
0.03595018693674	1.75966452644368	209
-0.11726584453299	2.14527245327244	82
0.0109669118149101	1.73097006899876	82
0.0435084722200898	1.78951797761964	82
0.06225939784039	2.45045272673359	82
0.0297428279585601	1.78478163746822	82
0.0792547045557899	2.49223934710683	799
0.0353804858200699	1.76884300398295	82
-0.0752738168615101	2.22484030737423	35
-0.1010434741319	2.18060830902935	35
0.0497665440841102	1.76363071170709	35
0.0558936656973899	1.72255756602187	35
0.0321700747136799	1.78026665832039	35
0.0224346551343602	1.73394313923088	35
0.0452590699275399	1.76798173252537	69
-0.0824270176972002	2.1478918234256	1
0.0441264512939901	1.73525393170296	1
-0.10533384769222	2.1481466060417	1
0.06628660279249	2.49029497825809	157
-0.07587637114261	2.22548792102407	784
0.0353804858200699	1.76884300398295	482
0.03854315922564	1.74332033436954	85
-0.0908442561598402	2.17935180480089	85
0.0314854457773901	1.7594083641165	85
-0.07923798471559	2.2395032594901	85
0.0816644950383298	2.4416646013835	9
0.0333614298681701	1.76515449358433	9
0.0499727866695601	2.44345816974565	209
-0.0939700050290901	2.15832027907111	82
0.0184501814026801	1.74719372001359	82
0.02890532830894	1.75624626442474	82
0.0203574789970999	1.76089251568796	82
-0.0810255533159299	2.16975252410135	82
0.0263793569516499	1.77460351315333	475
0.0325210682611301	1.76578903213022	475
0.0295797247395799	1.77747306964363	35
0.0135210311175298	1.75012145464247	35
0.0233800876724799	1.75617268239177	35
0.0314854457773901	1.7594083641165	181
-0.09317858790383	2.19466691848917	1
0.0442594904776299	1.69669097533231	1
0.0250062200768699	1.7627695206282	4
0.0271642451682101	1.7882009108053	4
0.0329411574337501	1.78765901257722	4
-0.0877131594202498	2.16297071297816	4
0.0257199625605802	1.73761978806267	1
0.0325210682611301	1.76578903213022	1
0.0131097064560501	1.74970222628579	1
0.0607840242211402	2.47098851078284	157
-0.07587637114261	2.22548792102407	157
-0.0733251963364201	2.19334203077885	446
0.0325210682611301	1.76578903213022	482
-0.0774170043162501	2.17882042801039	482
-0.0715765856621702	2.19881206389729	85
0.0465386431905901	1.76335665313056	482
0.0545677440844301	1.75143766236567	482
-0.0657525393851199	2.21617639120439	482
0.0329411574337501	1.78765901257722	85
0.0519510071003699	1.76754027355949	85
0.0261436927025902	1.76649910992419	85
0.0817283068186501	2.48462875620687	85
0.0267467240127202	1.76616704687936	85
-0.10487764009837	2.14303007492414	85
-0.0857598843837799	2.16963532316023	9
-0.0992396592256801	2.16876765491336	209
0.0329411574337501	1.78765901257722	82
-0.0687351551769599	2.21364008657072	82
0.0885367711896401	2.49394537865433	82
-0.0837741373543701	2.20097265518492	82
0.0303579279806501	1.75815043047727	82
-0.0947901970301399	2.21701305543046	82
0.0355285837416801	1.79046075418453	82
0.0519748589892402	2.44986706375347	82
-0.0819560514881199	2.19471386701588	82
0.05704975327281	2.46010216992944	82
-0.0912296400105501	2.1615793444143	82
0.0160792615713201	1.73082789242852	475
0.0245898330360799	1.76233303311063	35
0.0192543073591001	1.76044171960393	35
-0.09025055275464	2.18598189109226	4
0.0435084722200898	1.78951797761964	4
0.02890532830894	1.75624626442474	4
0.0631303057069199	2.47531825115755	4
0.03973219459857	1.7726922919672	1
0.0233800876724799	1.75617268239177	1
0.0209911359141102	1.75779269442633	1
0.0250062200768699	1.7627695206282	1
0.0519510071003699	1.76754027355949	157
0.0297428279585601	1.78478163746822	157
-0.06821605976846	2.20992936027505	446
0.02120031048115	1.72983895401708	96
0.0208794544515101	1.7382811753685	219
0.0355285837416801	1.79046075418453	219
0.0355285837416801	1.79046075418453	482
-0.0883012796493201	2.2260651137846	219
0.0133666451088899	1.73522578079681	482
0.0199363393006098	1.73202857255246	482
0.0376974660276201	1.78825040842562	85
0.0528098967170401	1.71621188453595	85
0.0151016081679902	1.73855635706817	85
0.0267467240127202	1.76616704687936	85
-0.0819560514881199	2.19471386701588	9
0.0120195581054201	1.73341175575919	9
-0.0707717399908998	2.20665698505197	85
-0.06424564198882	2.19792691652937	9
0.0244008758448002	1.74074991139183	9
0.04265830919101	1.74887839511611	9
0.02890532830894	1.75624626442474	209
0.0289650440247602	1.74686640103219	82
0.0461119310193201	1.7779184374033	82
-0.0578998973508802	2.19997955868631	82
0.00986929758719013	1.73553572597893	82
0.0329411574337501	1.78765901257722	82
0.0329411574337501	1.78765901257722	82
0.0267986306365202	1.74416078377178	82
0.0413332744902601	1.78556725644158	35
0.0243923631439298	1.72982905901667	35
0.00973055556083002	1.73977878983205	35
0.02355553368831	1.74135916114039	1
0.0192543073591001	1.76044171960393	1
0.0229409804076899	1.7416336773842	4
0.0355285837416801	1.79046075418453	446
0.0233800876724799	1.75617268239177	446
0.0323753612060802	1.76072701078593	446
0.0261436927025902	1.76649910992419	219
0.0409092579785	1.78667105794429	219
0.0346859298275599	1.76190632052241	219
0.0355285837416801	1.79046075418453	482
0.0209911359141102	1.75779269442633	482
0.0456854066424999	1.77956358080194	482
-0.09167995154723	2.14972396498255	482
-0.0688208230288101	2.19868013156239	482
0.0647490641622501	2.48419592755549	85
0.0346859298275599	1.76190632052241	85
-0.0978905837940198	2.17263708542596	85
0.0381202200528099	1.77866058288672	9
0.11251063355311	2.47849192495465	9
0.04786407796019	1.74916226167184	9
0.0372748970201702	1.78143272151952	9
0.0319054284979501	1.76607996296772	9
0.04786407796019	1.74916226167184	9
0.0203574789970999	1.76089251568796	9
0.0209911359141102	1.75779269442633	209
0.0461119310193201	1.7779184374033	209
0.0397654731094299	1.72203906623277	82
0.01777816209853	1.74164342306101	82
0.0293239869881501	1.78591308132808	82
0.02355553368831	1.74135916114039	82
0.0733513219097501	2.47409891071803	35
0.0325210682611301	1.76578903213022	4
0.0467303741432601	1.76626361660703	4
-0.0981254451912901	2.17507736477738	446
0.0201909486624698	1.75096064138591	79
0.0101421275090199	1.74019612353105	219
0.0351071647482701	1.7915886071351	219
0.0486081013186901	1.7577398854478	85
0.0102855994626898	1.7359606377124	85
0.01546623043073	1.75002074763643	85
0.00145913899247985	1.72235009863593	85
0.0186183381079199	1.74101197531504	85
0.0250062200768699	1.7627695206282	85
0.0190627005144801	1.72426736028144	85
0.0413332744902601	1.78556725644158	85
-0.0774390552005801	2.15458817997268	85
0.0376974660276201	1.78825040842562	9
-0.0684160818552999	2.17002164204547	9
0.0323753612060802	1.76072701078593	9
-0.0837741373543701	2.20097265518492	9
0.0131097064560501	1.74970222628579	9
0.0192543073591001	1.76044171960393	9
0.0224346551343602	1.73394313923088	9
0.0297428279585601	1.78478163746822	9
0.0297428279585601	1.78478163746822	82
0.0439338339165798	1.77998616645985	82
0.0209911359141102	1.75779269442633	82
0.0297769595506798	1.75418553103217	82
0.01777816209853	1.74164342306101	82
0.0135210311175298	1.75012145464247	35
0.0181981585142301	1.7630799900606	35
0.0376974660276201	1.78825040842562	157
-0.0610755090014998	2.20280125505285	446
0.0317484045302998	1.78137918388793	892
0.0250062200768699	1.7627695206282	219
0.0307768748439399	1.75859398683312	219
0.0317484045302998	1.78137918388793	482
0.0849895236071099	2.4486638775522	482
0.0187178414288098	1.73082290264151	482
-0.09219317173112	2.15751839786991	85
0.0409092579785	1.78667105794429	85
-0.06397452235093	2.1968383191109	85
-0.0650516281279798	2.2081080225941	85
0.0160405475504701	1.73830892918756	85
0.05238035702039	1.75329127816774	85
-0.10380000697374	2.17916127026623	9
-0.0655574598247499	2.22083333689048	9
-0.08910056146971	2.19237400345168	9
0.06863156448363	2.46114625936855	9
-0.0823720355087101	2.15591193860039	9
-0.10185246833591	2.20046154651165	209
0.0297428279585601	1.78478163746822	209
0.0271642451682101	1.7882009108053	82
0.0238935661948001	1.76226593184663	82
0.0190627005144801	1.72426736028144	82
0.0383142749991201	1.75740754542839	82
-0.0894484597766798	2.18449798017207	475
0.0166914912182299	1.73526139152412	35
-0.11496381650361	2.10044923211838	35
0.0323255944428902	1.75670721857387	35
-0.0720362601897002	2.067065663971	35
0.00627961604148997	1.70770884021049	35
0.0250062200768699	1.7627695206282	4
-0.0894288909360501	2.19209615715066	1
0.0192543073591001	1.76044171960393	157
0.00780628649388993	1.72238849355829	157
-0.0809612034371101	2.20661575428532	446
0.0380835192045401	2.39788114346835	784
0.0267467240127202	1.76616704687936	56
0.0166914912182299	1.73526139152412	482
0.0413332744902601	1.78556725644158	482
0.0349780054687701	1.75533338940532	482
0.0691796050940599	2.45798111248313	482
0.0347646396389099	1.76862235817381	482
-0.07879312833983	2.09375338506469	482
-0.0925761716965301	2.15096057241822	85
-0.0937771005471602	2.16667091897812	85
0.0347646396389099	1.76862235817381	85
0.0293239869881501	1.78591308132808	85
0.0625624139354599	2.49919461207222	9
0.0682968637480901	2.46211442381085	9
0.0263793569516499	1.77460351315333	85
0.0845996633170998	2.49291178871461	9
0.03434163387301	1.77810209777096	9
-0.08494936113143	2.21554754843107	9
0.0218212603712402	1.75712836725798	209
0.0541372186391298	1.75808298007436	209
-0.0841233438759002	2.20053135311273	82
0.0267986306365202	1.74416078377178	82
0.0293239869881501	1.78591308132808	82
0.0212205356105	1.75236126583843	82
-0.0575737697406198	2.14417844864634	35
-0.0843710212728599	2.19428451089524	601
0.0245898330360799	1.76233303311063	601
0.0214061082732901	1.77973211485229	69
0.0271642451682101	1.7882009108053	4
0.00526081246017007	1.71937661870384	1
-0.0618817340398801	2.19537013258231	446
0.0334961775135598	1.73770123232882	482
0.0135210311175298	1.75012145464247	482
-0.10438841212174	2.20001723243838	482
0.0297769595506798	1.75418553103217	85
-0.0741298232637	2.20552372672451	85
0.0184501814026801	1.74719372001359	85
0.03595018693674	1.75966452644368	85
0.0184501814026801	1.74719372001359	85
0.0943916730372099	2.45173645257488	85
0.0381202200528099	1.77866058288672	85
0.0315224932492102	1.73329756811054	9
-0.0947901970301399	2.21701305543046	9
-0.0566042861838199	2.22104251398194	9
-0.0914455089262498	2.21591565722839	9
0.0413332744902601	1.78556725644158	209
0.0423372444352399	1.76958095912024	82
0.04933855494235	1.77287408526635	82
0.0271642451682101	1.7882009108053	82
0.0762471717945998	2.4804409741745	82
0.0239759002250199	1.75982344434879	82
-0.0919573894473098	2.15477410310322	35
0.0394443544659202	1.75058558517172	134
0.0267467240127202	1.76616704687936	1
0.0394443544659202	1.75058558517172	157
0.02890532830894	1.75624626442474	157
0.0431909874642402	1.7535580640454	157
0.0141715168613001	1.70836060617784	219
-0.09278573970805	2.18550208077573	482
0.00526081246017007	1.71937661870384	482
0.0461119310193201	1.7779184374033	482
0.0435084722200898	1.78951797761964	482
0.0497665440841102	1.76363071170709	85
-0.0967105232343499	2.15301073438569	85
0.0321700747136799	1.78026665832039	85
0.0297428279585601	1.78478163746822	85
-0.000426910591249996	1.69126502243374	85
-0.0766808373532002	2.19886891537901	85
0.0293239869881501	1.78591308132808	85
0.0896699921299802	2.4771018452664	9
0.0233800876724799	1.75617268239177	9
0.0218212603712402	1.75712836725798	9
0.0365149256138402	1.75214876686772	9
0.04029198527908	1.76036913034791	209
0.0160792615713201	1.73082789242852	209
0.0209911359141102	1.75779269442633	82
0.04786407796019	1.74916226167184	181
0.0271642451682101	1.7882009108053	157
0.0160792615713201	1.73082789242852	482
0.0218212603712402	1.75712836725798	482
0.0346859298275599	1.76190632052241	85
0.0295797247395799	1.77747306964363	85
-0.0849676112847102	2.16198646092936	85
0.0413332744902601	1.78556725644158	85
0.0245898330360799	1.76233303311063	85
0.0131097064560501	1.74970222628579	85
0.0779667677510201	2.49518807856371	9
0.0325210682611301	1.76578903213022	9
0.03915981323129	1.75680900096895	9
0.0667474513602602	2.46175996937771	9
-0.07097300255574	2.1926228675836	9
0.0297428279585601	1.78478163746822	9
0.0295797247395799	1.77747306964363	9
0.0101421275090199	1.74019612353105	82
0.0471570078489401	1.76521195559602	82
-0.0753331864557101	2.19548398424986	4
-0.10866424646681	2.16841526152372	784
0.0231435162296498	1.73201404957501	219
0.0203574789970999	1.76089251568796	482
0.0673751756956902	2.49185312354057	482
0.01884046099436	1.76001338712733	85
0.0181981585142301	1.7630799900606	482
0.0300002478974299	1.7552238264429	482
0.0231435162296498	1.73201404957501	482
-0.0624900297549802	2.19694261614326	482
-0.08256320997363	2.19595928678349	85
-0.0037159626747898	1.69579718335452	85
-0.0857196525125499	2.16630661886889	85
0.0224346551343602	1.73394313923088	85
-0.07863690315587	2.23062101326811	9
0.0592054788509402	2.48638007526213	9
0.0293239869881501	1.78591308132808	9
-0.0823951787686998	2.22927216582941	9
0.0160792615713201	1.73082789242852	82
-0.0648912206657699	2.1898040054951	35
0.0129462345286999	1.7347917260236	4
-0.10498396627802	2.14806036247506	446
0.0640327015099502	2.45337946679529	482
0.02431924179802	1.73238147861512	482
0.0301618513472599	1.7539913146149	482
0.03595018693674	1.75966452644368	482
0.0201909486624698	1.75096064138591	482
0.0722476039968298	2.40487090680144	482
0.0317484045302998	1.78137918388793	482
-0.08574953927124	2.23291042965255	85
0.05704975327281	2.46010216992944	85
0.0214061082732901	1.77973211485229	85
0.0192543073591001	1.76044171960393	85
-0.10294173684308	2.14843214497578	85
-0.0857196525125499	2.16630661886889	9
-0.0812306677897499	2.19416580094602	9
0.0250062200768699	1.7627695206282	9
0.0355285837416801	1.79046075418453	209
-0.06508122398612	2.17295423103149	209
0.0214061082732901	1.77973211485229	749
0.0355285837416801	1.79046075418453	35
0.0381202200528099	1.77866058288672	181
0.0376974660276201	1.78825040842562	4
0.0563251788928199	1.72893622014301	4
0.0261436927025902	1.76649910992419	4
0.01566664095709	1.75278318538375	4
0.0192543073591001	1.76044171960393	1
0.00973055556083002	1.73977878983205	1
-0.0735115914751301	2.23050826433177	219
0.09971785416462	2.45711974910369	482
-0.0934423425969499	2.17090019829947	482
-0.0863153946884698	2.19433697522685	85
0.0199363393006098	1.73202857255246	85
0.0267467240127202	1.76616704687936	85
-0.08035598170465	2.20535709456144	85
0.0160405475504701	1.73830892918756	85
-0.0837741373543701	2.20097265518492	85
0.0263793569516499	1.77460351315333	9
0.0910948861488099	2.48879187332121	9
0.0461119310193201	1.7779184374033	209
0.0372748970201702	1.78143272151952	209
0.0381202200528099	1.77866058288672	209
-0.0725198888128298	2.12984517489495	82
-0.12212230705397	2.09530671108541	82
0.0293239869881501	1.78591308132808	82
0.0375849056890099	1.73918517583851	82
0.0267986306365202	1.74416078377178	82
0.0166914912182299	1.73526139152412	732
0.0234680776512102	1.76336385484048	82
0.0229409804076899	1.7416336773842	82
0.01884046099436	1.76001338712733	475
0.0403832754378399	1.74849744545724	749
-0.0959095776473702	2.17958140749713	749
0.0489107544681602	1.76627448492499	35
0.0135210311175298	1.75012145464247	601
0.0263793569516499	1.77460351315333	601
0.00973055556083002	1.73977878983205	181
-0.0644447997134301	2.20191020897879	1
0.0237978584971401	1.77796058405828	1
0.0206074801703799	1.74987860684014	1
0.0904642224120802	2.48187246647743	219
-0.0933780173908101	2.18615248911191	219
0.0365149256138402	1.75214876686772	482
-0.0812306677897499	2.19416580094602	482
0.0301618513472599	1.7539913146149	482
0.0267467240127202	1.76616704687936	482
0.0283109907556001	1.75665915110651	482
-0.0772812190979799	2.20743312138224	85
0.0339188132078498	1.7713584790422	85
0.0155231625247101	1.75993793445774	85
0.0863586507057601	2.48308359149691	9
-0.0953187217964002	2.15937199349325	9
0.0762994039421501	2.44681143664265	9
-0.102783373949	2.11711351233777	209
0.0612116563266199	2.4638599985792	82
-0.0992396592256801	2.16876765491336	82
-0.0695378362622501	2.24067174909136	82
0.0328020767282302	1.73117655357339	475
-0.0831769592747098	2.19239479957497	181
0.0212205356105	1.75236126583843	749
-0.0663603746425201	2.23360607917493	181
0.0211139827771998	1.69588974382549	821
0.0864254503073698	2.46623989571477	784
0.0558936656973899	1.72255756602187	219
-0.0902327336784601	2.15356107211219	219
0.0212205356105	1.75236126583843	482
0.0650119043329598	2.46087041120588	85
-0.0624900297549802	2.19694261614326	85
-0.0729252666879199	2.15621542935376	9
0.0497665440841102	1.76363071170709	9
-0.08381396721034	2.13135513826568	209
-0.0679217154162601	2.1500197229497	209
0.0181981585142301	1.7630799900606	82
-0.0690211230761002	2.17155901785416	82
-0.0804832594057801	2.19159122872094	82
-0.0676669465658502	2.17221663391246	82
0.03986807695415	1.76198366427652	82
0.0329411574337501	1.78765901257722	82
-0.0962734338815801	2.13151864964227	82
0.0376974660276201	1.78825040842562	82
-0.0518610378208	2.20951859539045	732
0.0267467240127202	1.76616704687936	732
0.0355285837416801	1.79046075418453	181
0.0351071647482701	1.7915886071351	749
0.03230493767557	1.75223373127236	35
0.0101421275090199	1.74019612353105	601
0.0329411574337501	1.78765901257722	1
0.0394443544659202	1.75058558517172	739
0.05238035702039	1.75329127816774	821
0.0621254948435102	2.45134927356226	157
-0.0565535032675499	2.19442268678837	446
0.0218142493097	1.73432892569101	446
0.0409092579785	1.78667105794429	219
-0.0750370978115802	2.19854206185994	482
-0.0849858045586598	2.14726154981729	85
0.0569740756900901	2.45157408154783	482
-0.0869108439314199	2.19498266757501	85
0.0184501814026801	1.74719372001359	85
-0.0760753663498699	2.23748565697813	85
0.0351071647482701	1.7915886071351	85
0.01884046099436	1.76001338712733	85
0.0355285837416801	1.79046075418453	9
0.05152184682228	1.76914236754964	93
-0.0727230443069602	2.16577919587348	9
0.0482917685307198	1.75234968499278	9
-0.0635926299383902	2.23572961246847	9
0.02890532830894	1.75624626442474	82
-0.10044685845192	2.15261715367424	82
0.0371556669938702	1.75335838613405	82
0.01546623043073	1.75002074763643	475
0.00973055556083002	1.73977878983205	181
0.0413332744902601	1.78556725644158	181
0.0864494111459102	2.46547377493288	601
0.0102855994626898	1.7359606377124	601
0.0323255944428902	1.75670721857387	181
0.0376974660276201	1.78825040842562	4
0.0218212603712402	1.75712836725798	4
0.01566664095709	1.75278318538375	4
0.0285446273183201	1.75613243556285	1
0.0646592862472799	2.44458266707179	157
-0.0733251963364201	2.19334203077885	446
0.0181981585142301	1.7630799900606	195
0.0206074801703799	1.74987860684014	482
-0.0843710212728599	2.19428451089524	482
0.0250062200768699	1.7627695206282	482
-0.09219317173112	2.15751839786991	482
0.0435084722200898	1.78951797761964	85
-0.1081981224678	2.13098371380015	85
0.0517181384427201	2.44820514811733	85
0.0347646396389099	1.76862235817381	85
0.0269917104786499	1.73544316824961	85
0.0729500603629201	2.44567278473026	85
-0.0766808373532002	2.19886891537901	85
0.0494674995764202	1.7069707987021	9
0.0293239869881501	1.78591308132808	9
-0.0810255533159299	2.16975252410135	9
0.06775373349419	2.49408378970377	9
-0.0738204591963299	2.20858777419354	9
0.0192543073591001	1.76044171960393	82
0.0197745977661699	1.72237297404297	82
0.01777816209853	1.74164342306101	82
0.00761121531804987	1.73287489521067	82
0.0275819478134101	1.76550976278697	82
-0.0875060004944701	2.16709350303895	82
-0.0883012796493201	2.2260651137846	82
0.0218212603712402	1.75712836725798	475
0.0413332744902601	1.78556725644158	601
-0.0597155142288299	2.18825495870534	601
0.0537068836807499	1.75489398431251	4
0.0293239869881501	1.78591308132808	4
0.0440908519667902	1.72518580882207	273
-0.0849676112847102	2.16198646092936	157
-0.11612530464979	2.12017905814126	446
-0.0493776909038299	2.18531233007295	446
0.0229409804076899	1.7416336773842	56
0.0237978584971401	1.77796058405828	482
-0.0746208840665199	2.17201817209789	85
0.0192543073591001	1.76044171960393	85
0.08634200700789	2.44603808076476	85
0.09785016313988	2.49032250180245	85
0.0192543073591001	1.76044171960393	85
-0.10583331510921	2.13530475888193	9
0.0428810853135899	2.4043187974156	9
0.0207788026809901	1.75979169499821	82
0.04265830919101	1.74887839511611	82
-0.0809612034371101	2.20661575428532	82
0.06824761393406	2.47192087236308	82
-0.0778813040033701	2.20074278129223	82
0.0367266178461101	1.75496238919636	732
0.0379797404265201	1.77547626350938	732
0.0985663661433702	2.47828034607739	82
-0.0644447997134301	2.20191020897879	82
0.0349780054687701	1.75533338940532	82
0.0207788026809901	1.75979169499821	475
0.0319488334234799	1.7618009739008	181
0.0371313890182599	1.74759747408869	181
0.0267467240127202	1.76616704687936	4
0.00401856198466	1.72538236633879	4
0.0375554717429698	1.77656511984412	4
0.0578513526345001	2.47448826623515	157
0.0297428279585601	1.78478163746822	219
-0.0994352195374999	2.12571993173831	482
-0.0979251732863302	2.21092118877332	482
-0.0886456900036898	2.11378249289158	482
0.0181042707721599	1.75666097713263	85
-0.0979815092156802	2.1449347428549	85
-0.0869108439314199	2.19498266757501	9
0.0263793569516499	1.77460351315333	9
0.05704975327281	2.46010216992944	9
0.0394443544659202	1.75058558517172	9
0.0325210682611301	1.76578903213022	209
0.0816215492739598	2.47985097112047	209
0.03854315922564	1.74332033436954	209
0.0287360625220798	1.76328940978545	209
0.0680032133106399	2.49125135826828	209
-0.0909603811219699	2.1014107131736	209
-0.08610785067799	2.14878218030286	209
0.03455012489195	1.7646083652213	82
0.0166914912182299	1.73526139152412	82
-0.09687707123277	2.12524072933204	82
0.00976151829739003	1.75162713601541	82
0.0233800876724799	1.75617268239177	475
0.0214061082732901	1.77973211485229	475
0.0231435162296498	1.73201404957501	475
-0.09317858790383	2.19466691848917	181
0.0207788026809901	1.75979169499821	711
0.0401576221055899	1.77940352472172	181
0.0307768748439399	1.75859398683312	4
0.0346859298275599	1.76190632052241	181
0.0245898330360799	1.76233303311063	4
0.0218212603712402	1.75712836725798	4
0.0214061082732901	1.77973211485229	4
-0.0812306677897499	2.19416580094602	4
0.0404854273422601	1.7573804658212	739
-0.0863471209092999	2.22599633974923	157
0.0435084722200898	1.78951797761964	157
-0.0668052269583099	2.18261526488762	446
0.0718254957391999	2.47521652587543	482
0.07733401615054	2.47298268819495	482
0.05034227800004	2.3904473823927	482
-0.0559422384361201	2.20105378781351	482
0.06046701249632	2.47719770514378	85
-0.0894932786043801	2.19788314748853	85
0.0271642451682101	1.7882009108053	85
-0.0707717399908998	2.20665698505197	85
0.0176195594584199	1.7478452773406	9
-0.08494936113143	2.21554754843107	9
-0.0707717399908998	2.20665698505197	209
0.0229409804076899	1.7416336773842	209
0.0346859298275599	1.76190632052241	209
-0.0578998973508802	2.19997955868631	82
0.08890777192505	2.46532712233642	82
0.0329411574337501	1.78765901257722	82
-0.10359608504948	2.15441042570045	82
-0.0843710212728599	2.19428451089524	181
-0.0817958389632598	2.22860394511516	181
0.0131097064560501	1.74970222628579	601
0.0224346551343602	1.73394313923088	1
0.0461119310193201	1.7779184374033	739
0.0285446273183201	1.75613243556285	739
-0.0747316539027598	2.20677221749093	157
0.0733513219097501	2.47409891071803	157
0.0465386431905901	1.76335665313056	56
0.0271642451682101	1.7882009108053	482
-0.0945843683582099	2.18123810330268	482
-0.0896565578392399	2.17747319504746	482
-0.0644447997134301	2.20191020897879	482
0.0267467240127202	1.76616704687936	482
0.0191408354892002	1.73126393384282	85
0.02890532830894	1.75624626442474	85
-0.0874768728681801	2.19391168056538	85
0.0376974660276201	1.78825040842562	85
-0.00116845749235983	1.69876540603247	85
0.05322812771167	2.45043213265534	9
0.0592054788509402	2.48638007526213	9
-0.0707717399908998	2.20665698505197	209
0.0145900855186198	1.7364930255418	209
-0.0832433626134002	2.17704733646752	209
0.0510928760515701	1.75779473253385	82
-0.0896565578392399	2.17747319504746	82
0.0269935765531999	1.74827210657584	82
0.0680032133106399	2.49125135826828	82
-0.0721798691695099	2.19543949998298	82
0.0109669118149101	1.73097006899876	82
-0.0992396592256801	2.16876765491336	601
0.0287360625220798	1.76328940978545	601
0.03455012489195	1.7646083652213	4
-0.0703691195880798	2.1758315150001	4
-0.10878271353569	2.15088066983835	4
0.0368525129006998	1.74740043528758	134
0.0367266178461101	1.75496238919636	739
0.0321700747136799	1.78026665832039	1
0.08525320164674	2.47092916333268	219
0.03683936264231	2.40520088949611	219
0.0235596179620199	1.76092025709296	482
-0.10807321248317	2.14820711764529	85
0.1111626715961	2.47627550694651	85
0.0213036005566698	1.7595063451196	85
-0.10025767746378	2.1578182734057	9
-0.09025055275464	2.18598189109226	209
0.0131097064560501	1.74970222628579	82
0.0131097064560501	1.74970222628579	82
0.00780628649388993	1.72238849355829	82
0.02890532830894	1.75624626442474	475
0.0706333438011102	2.49217082583257	181
0.0237978584971401	1.77796058405828	181
-0.0762829552991202	2.1107046748334	4
-0.09278573970805	2.18550208077573	4
0.07126316991571	2.48310372299207	4
-0.0804272074438899	2.19751599399505	4
0.0192543073591001	1.76044171960393	739
0.0360909509988501	1.74087384868574	157
0.06428050871842	2.47965101756431	157
0.0492229801300699	2.42672665041962	157
0.0517181384427201	2.44820514811733	157
-0.0841233438759002	2.20053135311273	157
0.0702845286896801	2.43411596643147	219
0.01500883638476	1.73542556969229	219
-0.10294173684308	2.14843214497578	219
-0.0676109957027702	2.20869520247178	482
0.0192543073591001	1.76044171960393	482
0.0209911359141102	1.75779269442633	85
0.0736934583911899	2.49373409093217	85
-0.0933772109651598	2.16133217752664	85
0.0293239869881501	1.78591308132808	85
0.0245898330360799	1.76233303311063	85
0.04308329735544	1.78273337554263	9
0.0618428437158101	2.49412064518588	9
0.0329411574337501	1.78765901257722	209
0.0856768866726601	2.44379252969151	209
0.0271642451682101	1.7882009108053	209
-0.0933067461458501	2.12416105472892	209
0.0156216909910998	1.73787599175762	209
0.0158803250392801	1.75044711130464	209
0.0186183381079199	1.74101197531504	82
-0.0976945290447699	2.17964491231402	82
0.0275819478134101	1.76550976278697	82
0.0293239869881501	1.78591308132808	181
0.01884046099436	1.76001338712733	181
0.0307768748439399	1.75859398683312	4
-0.0622895760411502	2.11277506142493	4
-0.0973336237893099	2.18998721623583	157
0.0492229801300699	2.42672665041962	157
0.0275819478134101	1.76550976278697	157
0.0275819478134101	1.76550976278697	157
0.0346859298275599	1.76190632052241	56
0.0041355331447499	1.72542030368589	482
0.01884046099436	1.76001338712733	482
0.0293856441667399	1.71268361738301	482
0.0245898330360799	1.76233303311063	482
0.0155231625247101	1.75993793445774	482
-0.0959758516297202	2.188896580578	482
0.0271642451682101	1.7882009108053	85
-0.0833239182813901	2.15804732248246	85
0.0329411574337501	1.78765901257722	85
0.0206074801703799	1.74987860684014	85
-0.0657525393851199	2.21617639120439	9
0.0365149256138402	1.75214876686772	82
-0.0935813419542999	2.15557123506676	82
0.0381202200528099	1.77866058288672	82
-0.00384378446522993	1.69575458465243	82
0.0243923631439298	1.72982905901667	181
0.0192543073591001	1.76044171960393	601
0.0269917104786499	1.73544316824961	601
-0.10126264915906	2.19978164899911	4
0.0435084722200898	1.78951797761964	4
0.0297428279585601	1.78478163746822	739
0.0381202200528099	1.77866058288672	157
0.00187411758690015	1.70972654442378	195
0.0461119310193201	1.7779184374033	85
0.0244008758448002	1.74074991139183	85
-0.0798285662294398	2.19688285289868	9
0.0785998368878298	2.47357676326071	9
0.0456854066424999	1.77956358080194	9
0.0319054284979501	1.76607996296772	9
0.0214061082732901	1.77973211485229	9
0.0445517348778699	1.75594809982774	9
0.0271642451682101	1.7882009108053	209
0.0537068836807499	1.75489398431251	209
0.0181042707721599	1.75666097713263	82
0.0307768748439399	1.75859398683312	82
0.0932591014961202	2.47469678680182	181
-0.1032234011326	2.17077574686102	4
0.0376974660276201	1.78825040842562	4
0.0184501814026801	1.74719372001359	157
-0.0591197815799198	2.20274192841998	157
0.0151016081679902	1.73855635706817	157
-0.0888544412916201	2.16434236806827	157
-0.09592512283032	2.17706928666735	446
-0.09278573970805	2.18550208077573	446
0.0201909486624698	1.75096064138591	482
0.0372748970201702	1.78143272151952	482
0.05450830616563	2.46071001584098	482
0.0123338219158802	1.73234630225228	85
0.0295797247395799	1.77747306964363	85
0.0218212603712402	1.75712836725798	85
0.0733513219097501	2.47409891071803	85
0.04308329735544	1.78273337554263	85
-0.0732116845265098	2.19510824627007	9
-0.0992396592256801	2.16876765491336	93
-0.08627258816052	2.17918749898313	9
-0.0578291497465702	2.23260844691621	209
-0.0678107395110801	2.16058435638018	52
0.0323753612060802	1.76072701078593	82
0.0545677440844301	1.75143766236567	82
0.0452590699275399	1.76798173252537	82
-0.11188294124973	2.13011742913444	82
-0.11496381650361	2.10044923211838	181
-0.0739270500746398	2.19395544708468	181
-0.07097300255574	2.1926228675836	35
-0.10220296448285	2.17912605469631	181
0.0409092579785	1.78667105794429	4
0.0209911359141102	1.75779269442633	134
-0.09219317173112	2.15751839786991	4
-0.07074906915379	2.23032655939212	4
-0.0823970870880002	2.15538891399973	446
-0.08272042982632	2.17828279769687	219
-0.0979251732863302	2.21092118877332	219
-0.0707717399908998	2.20665698505197	78
-0.0835198775879	2.20724451065589	482
0.0729254510249602	2.44820792420255	85
-0.0688208230288101	2.19868013156239	85
-0.0786849845055602	2.16671717693128	85
-0.07923798471559	2.2395032594901	85
0.0465386431905901	1.76335665313056	85
-0.11380389463154	2.13688340936536	85
-0.0992396592256801	2.16876765491336	27
-0.0979251732863302	2.21092118877332	9
0.03986807695415	1.76198366427652	209
0.0245898330360799	1.76233303311063	209
0.0361448519505898	1.74714593030472	209
0.0713499177955699	2.49232066781009	52
-0.0760753663498699	2.23748565697813	82
-0.0837766200067001	2.14970663585751	82
0.0257199625605802	1.73761978806267	475
-0.08907933091754	2.18334635293331	181
0.0317484045302998	1.78137918388793	181
0.0216371718583201	1.75279571838875	181
0.0203574789970999	1.76089251568796	251
0.0413332744902601	1.78556725644158	4
0.0353804858200699	1.76884300398295	4
0.0409092579785	1.78667105794429	4
-0.00116845749235983	1.69876540603247	134
0.0376974660276201	1.78825040842562	4
0.0124369916748202	1.75475715657275	1
0.0376974660276201	1.78825040842562	157
0.0673751756956902	2.49185312354057	157
-0.11510917645386	2.15022383653255	446
-0.0976945290447699	2.17964491231402	56
0.114577083229	2.47932539118399	482
-0.0957252728604301	2.18410821842038	482
0.0172586825180101	1.72897293710462	85
-0.0702476564713299	2.13210167331217	85
-0.06700563056966	2.19527390796914	27
0.0250062200768699	1.7627695206282	209
0.0467303741432601	1.76626361660703	52
0.0237978584971401	1.77796058405828	82
0.0519510071003699	1.76754027355949	82
-0.10103941726693	2.14882659866023	181
0.0435084722200898	1.78951797761964	35
0.0353804858200699	1.76884300398295	4
-0.0984389384409501	2.14976411577921	157
-0.06700563056966	2.19527390796914	446
0.01884046099436	1.76001338712733	219
0.0918111602404599	2.4806756634862	85
0.0722476039968298	2.40487090680144	482
-0.0624900297549802	2.19694261614326	85
-0.0843710212728599	2.19428451089524	85
0.0197745977661699	1.72237297404297	85
0.0291613210305899	1.75395865945644	209
0.04029198527908	1.76036913034791	93
0.0209911359141102	1.75779269442633	209
0.0376974660276201	1.78825040842562	209
0.0329411574337501	1.78765901257722	181
0.0325210682611301	1.76578903213022	181
0.0271029390084698	1.75108257271372	35
0.0243923631439298	1.72982905901667	35
0.0271642451682101	1.7882009108053	35
0.0250062200768699	1.7627695206282	601
0.00976151829739003	1.75162713601541	4
0.0491477156944402	1.72821921698157	4
0.0233800876724799	1.75617268239177	4
0.0271642451682101	1.7882009108053	1
-0.11519484694522	2.11588126129043	446
0.0607840242211402	2.47098851078284	446
-0.0869108439314199	2.19498266757501	157
-0.09278573970805	2.18550208077573	157
0.02120031048115	1.72983895401708	219
-0.10546365936063	2.14202218711287	482
0.0372748970201702	1.78143272151952	482
0.0181042707721599	1.75666097713263	27
0.0124369916748202	1.75475715657275	482
0.0239759002250199	1.75982344434879	85
0.0501015817298298	2.48515625863301	85
0.03986807695415	1.76198366427652	85
-0.07808492280193	2.17001859174413	85
0.01525419835033	1.73146593555496	85
0.0243923631439298	1.72982905901667	85
0.03873695158777	1.77888244788449	85
0.0293239869881501	1.78591308132808	85
0.0271642451682101	1.7882009108053	9
0.0658255945823401	2.49460786633063	9
0.0842725675398302	2.49863969299994	93
0.0351670059535301	1.71179920942372	27
0.0293239869881501	1.78591308132808	82
0.0212205356105	1.75236126583843	82
-0.0825962553362398	2.22453207137743	82
0.00454929941904991	1.72583626182616	82
0.04308329735544	1.78273337554263	475
0.0461119310193201	1.7779184374033	281
-0.0947063331523998	2.14713360302301	4
0.01884046099436	1.76001338712733	1
-0.10866424646681	2.16841526152372	1
-0.0666562063454501	2.18943381148531	446
0.0439338339165798	1.77998616645985	157
0.0297428279585601	1.78478163746822	78
0.00973055556083002	1.73977878983205	482
-0.06821605976846	2.20992936027505	482
0.0128546066533701	1.73277326446805	482
0.0250062200768699	1.7627695206282	482
0.0842725675398302	2.49863969299994	482
-0.0835198775879	2.20724451065589	757
0.04265830919101	1.74887839511611	85
0.01500883638476	1.73542556969229	85
0.0435084722200898	1.78951797761964	93
0.0404805828096202	2.41282876731784	93
-0.10878271353569	2.15088066983835	93
0.0267467240127202	1.76616704687936	93
0.0481786868476699	1.75932198722883	93
-0.0829708982501298	2.18423561763928	93
0.0271642451682101	1.7882009108053	27
0.0489107544681602	1.76627448492499	27
-0.00157970706893007	1.69835984709154	475
-0.0908442561598402	2.17935180480089	181
-0.10497653088806	2.17878165928094	601
0.0176195594584199	1.7478452773406	181
0.0407160795738002	1.74604602841344	446
0.0706333438011102	2.49217082583257	157
-0.0837741373543701	2.20097265518492	157
-0.0971265910538799	2.14649732562943	157
0.0702845286896801	2.43411596643147	56
0.0325210682611301	1.76578903213022	219
-0.0768839084572002	2.14757571046647	482
-0.0979251732863302	2.21092118877332	85
0.0160405475504701	1.73830892918756	85
0.0250062200768699	1.7627695206282	85
0.0244008758448002	1.74074991139183	9
0.0333614298681701	1.76515449358433	93
-0.0622918421346101	2.19289668488717	209
0.0156216909910998	1.73787599175762	82
0.0180347805208601	1.76953980875816	475
0.04786407796019	1.74916226167184	181
0.04308329735544	1.78273337554263	601
0.0271642451682101	1.7882009108053	601
0.0616402261453901	2.38256963691709	181
0.0293239869881501	1.78591308132808	134
-0.10041762457696	2.14186782956598	4
-0.06737921746155	2.19009672666228	157
0.0673751756956902	2.49185312354057	56
0.00526081246017007	1.71937661870384	482
-0.06893176812321	2.2267619405987	85
0.0319054284979501	1.76607996296772	85
-0.10925499174809	2.14781316254613	9
-0.11130003301124	2.13111670247523	9
0.0041355331447499	1.72542030368589	9
-0.0998287856189899	2.16941259516517	93
-0.0624900297549802	2.19694261614326	27
0.0275819478134101	1.76550976278697	27
0.02431924179802	1.73238147861512	82
0.0896953114617798	2.47768670354288	181
0.0297428279585601	1.78478163746822	181
0.0209911359141102	1.75779269442633	181
0.0271642451682101	1.7882009108053	181
0.0325210682611301	1.76578903213022	134
0.03986807695415	1.76198366427652	134
-0.10553722776191	2.16825427091512	4
0.0441264512939901	1.73525393170296	4
0.0372748970201702	1.78143272151952	273
0.0323255944428902	1.75670721857387	4
0.00526081246017007	1.71937661870384	4
0.0303579279806501	1.75815043047727	4
0.0265676086317099	1.76540184055778	1
0.0809712723593599	2.48102699756049	821
0.0209911359141102	1.75779269442633	157
0.0355285837416801	1.79046075418453	157
-0.0953187217964002	2.15937199349325	482
0.0697640430140898	2.49454608230963	482
0.04380846178934	1.75539422267084	482
0.0101806828366202	1.72969851786379	482
-0.0766808373532002	2.19886891537901	482
0.0589160344263102	2.43543233520542	85
-0.0468015189341102	2.17733644600988	757
0.0275819478134101	1.76550976278697	85
-0.0992396592256801	2.16876765491336	85
0.0624743470017202	2.49351293364539	85
0.0419106546060499	1.75812496591709	9
0.0640327015099502	2.45337946679529	93
0.0214061082732901	1.77973211485229	93
0.0234680776512102	1.76336385484048	209
-0.0735276942787899	2.19203675591683	209
-0.0975261867226198	2.16662149576118	209
0.0439338339165798	1.77998616645985	52
-0.0638376686992901	2.18508562697836	181
0.0722506320430401	2.49001806590447	4
0.0102855994626898	1.7359606377124	4
-0.11871941246401	2.13548966655065	1
-0.0638376686992901	2.18508562697836	1
0.0456854066424999	1.77956358080194	56
-0.0800331363017199	2.17950812719616	219
-0.0739270500746398	2.19395544708468	78
-0.10478557919085	2.15400215255181	27
-0.0765793483117401	2.17557079748776	85
0.0267467240127202	1.76616704687936	85
-0.0819826835536399	2.0993361342873	85
0.0250062200768699	1.7627695206282	9
0.0456854066424999	1.77956358080194	93
-0.0933772109651598	2.16133217752664	93
0.0558606955778198	2.47248153315768	209
-0.0764786272445801	2.1970721605872	52
0.0321700747136799	1.78026665832039	52
0.0435084722200898	1.78951797761964	27
-0.0860763243723302	2.19661880117931	27
0.0192543073591001	1.76044171960393	27
0.0135210311175298	1.75012145464247	27
0.0214061082732901	1.77973211485229	27
0.0120195581054201	1.73341175575919	475
0.0706333438011102	2.49217082583257	181
0.0237978584971401	1.77796058405828	181
0.04029198527908	1.76036913034791	181
0.05238035702039	1.75329127816774	134
0.0333614298681701	1.76515449358433	4
0.0264877515364499	1.75085369635609	4
0.0297428279585601	1.78478163746822	1
0.0333614298681701	1.76515449358433	56
0.0554522931455699	2.40178053322242	78
-0.0965224703368102	2.18561411325701	78
-0.0953320749862101	2.15698183913971	482
-0.0908507948638202	2.19503761414028	27
-0.0585099920138199	2.20610601897638	482
0.0636145814957101	2.49060386759138	85
0.0680032133106399	2.49125135826828	85
0.0265676086317099	1.76540184055778	85
0.02890532830894	1.75624626442474	9
0.0783288782293599	2.46961407254898	9
0.0184501814026801	1.74719372001359	9
0.0203574789970999	1.76089251568796	93
-0.0831955721953799	2.22583389898171	52
0.0581641575300602	2.47008994025086	52
-0.0727230443069602	2.16577919587348	475
0.0293239869881501	1.78591308132808	475
0.0355285837416801	1.79046075418453	281
-0.0857196525125499	2.16630661886889	181
0.00710957545607993	1.70709549119351	181
0.0250062200768699	1.7627695206282	181
0.0242158108929198	1.75552814484328	4
-0.0947830847983	2.18405803923853	498
0.0293239869881501	1.78591308132808	4
0.0252078063200001	1.72052238777182	4
0.0124369916748202	1.75475715657275	4
0.0259602657669	1.77571958773482	4
0.0184501814026801	1.74719372001359	446
-0.11009052022245	2.13362505357276	79
0.0624743470017202	2.49351293364539	219
-0.1093670209346	2.13059897919842	482
-0.07097300255574	2.1926228675836	27
-0.05471878935399	2.18990466901446	27
0.0263793569516499	1.77460351315333	482
0.0376974660276201	1.78825040842562	27
-0.0984389384409501	2.14976411577921	482
-0.0822731385198301	2.2009764274933	85
0.0285446273183201	1.75613243556285	85
0.0242158108929198	1.75552814484328	85
-0.09219317173112	2.15751839786991	85
-0.10235430965686	2.16895791562	85
0.0267467240127202	1.76616704687936	85
-0.0896565578392399	2.17747319504746	85
0.0159449011820998	1.73792538964343	85
-0.0883012796493201	2.2260651137846	209
0.0351071647482701	1.7915886071351	93
0.0297428279585601	1.78478163746822	52
-0.05996708482028	2.13303536032334	52
0.0486081013186901	1.7577398854478	52
-0.07808492280193	2.17001859174413	52
-0.10235430965686	2.16895791562	27
-0.0798285662294398	2.19688285289868	82
-0.09709645613392	2.15948534051709	82
-0.0953187217964002	2.15937199349325	181
0.0691261291594598	2.45967833671888	181
-0.0894288909360501	2.19209615715066	4
0.0411403599682099	1.70879097639593	1
0.0329411574337501	1.78765901257722	157
-0.0900294372368098	2.20071127795272	219
-0.08515166332608	2.22401427600593	219
-0.0798285662294398	2.19688285289868	85
0.0576051846246899	2.38769539730147	9
0.0680032133106399	2.49125135826828	9
0.0297018151981501	1.75761129265505	9
-0.0695378362622501	2.24067174909136	9
-0.0900294372368098	2.20071127795272	9
-0.0962734338815801	2.13151864964227	9
0.0297428279585601	1.78478163746822	9
0.0267467240127202	1.76616704687936	93
0.0491477156944402	1.72821921698157	52
-0.08832294040231	2.18075329348004	52
0.04786407796019	1.74916226167184	27
0.04029198527908	1.76036913034791	27
0.0275819478134101	1.76550976278697	181
0.04265830919101	1.74887839511611	181
0.0372748970201702	1.78143272151952	181
0.0346859298275599	1.76190632052241	181
0.0297428279585601	1.78478163746822	498
0.0245898330360799	1.76233303311063	4
-0.0933780173908101	2.18615248911191	4
-0.11563950902156	2.10226729330401	4
0.0233800876724799	1.75617268239177	4
0.0355285837416801	1.79046075418453	4
0.0797785829326201	2.47327766631412	157
-0.0747316539027598	2.20677221749093	157
-0.0694252857479301	2.16355579819705	78
0.0372748970201702	1.78143272151952	482
-0.08610785067799	2.14878218030286	482
0.0351071647482701	1.7915886071351	27
0.0271642451682101	1.7882009108053	482
0.0278861055995301	1.72354048062865	85
0.0367266178461101	1.75496238919636	27
0.0303579279806501	1.75815043047727	9
0.0181042707721599	1.75666097713263	93
0.0333614298681701	1.76515449358433	209
-0.0735115914751301	2.23050826433177	93
-0.0741298232637	2.20552372672451	93
0.03595018693674	1.75966452644368	52
0.0417574770069198	1.75519593531386	52
0.0239781122824598	1.76263870806536	27
0.01884046099436	1.76001338712733	181
0.0250062200768699	1.7627695206282	181
0.0199363393006098	1.73202857255246	181
0.0218212603712402	1.75712836725798	219
-0.0973010664594698	2.1465548715628	27
0.02890532830894	1.75624626442474	757
0.0333614298681701	1.76515449358433	9
0.0346859298275599	1.76190632052241	9
0.03106564615392	1.72611892262242	209
0.0351071647482701	1.7915886071351	209
0.0351071647482701	1.7915886071351	93
0.04265830919101	1.74887839511611	82
0.0192543073591001	1.76044171960393	82
-0.09025055275464	2.18598189109226	82
-0.00384378446522993	1.69575458465243	82
0.0207788026809901	1.75979169499821	181
-0.10848569626484	2.1107633269917	4
-0.0819560514881199	2.19471386701588	78
0.0381202200528099	1.77866058288672	482
0.0383142749991201	1.75740754542839	27
0.02355553368831	1.74135916114039	27
-0.11394658133512	2.15994676253587	9
0.0375554717429698	1.77656511984412	82
0.0323255944428902	1.75670721857387	181
0.0789446279194102	2.46802135265988	4
0.03320723659697	1.73788250448247	4
0.0333614298681701	1.76515449358433	219
0.0158803250392801	1.75044711130464	85
-0.10294173684308	2.14843214497578	85
0.0250062200768699	1.7627695206282	85
-0.10848569626484	2.1107633269917	9
0.0245898330360799	1.76233303311063	9
0.0461119310193201	1.7779184374033	93
-0.0965224703368102	2.18561411325701	9
0.0250062200768699	1.7627695206282	9
0.02120031048115	1.72983895401708	93
0.0293239869881501	1.78591308132808	52
0.0231435162296498	1.73201404957501	441
-0.0896565578392399	2.17747319504746	82
0.0372748970201702	1.78143272151952	181
0.0482917685307198	1.75234968499278	1
-0.0863153946884698	2.19433697522685	219
-0.0869108439314199	2.19498266757501	482
-0.0741298232637	2.20552372672451	27
0.01777816209853	1.74164342306101	9
-0.0744289302028598	2.20983205285473	93
0.0297769595506798	1.75418553103217	93
0.0213036005566698	1.7595063451196	93
0.0394443544659202	1.75058558517172	52
0.0538517871800699	1.70805469338426	52
0.02741277359286	1.74871357249702	181
0.06638267354163	2.450193779904	181
0.0372748970201702	1.78143272151952	4
0.0323255944428902	1.75670721857387	446
-0.0925797800605799	2.1940163536727	446
-0.0640800559234802	2.19991085602204	219
-0.0965224703368102	2.18561411325701	219
-0.0982923078414499	2.15906294190917	27
0.0376974660276201	1.78825040842562	482
0.0823457892517601	2.48151864888103	27
-0.0739270500746398	2.19395544708468	85
0.0409092579785	1.78667105794429	27
0.0339188132078498	1.7713584790422	93
0.0118776946148702	1.72176583860569	181
0.03595018693674	1.75966452644368	446
0.0347646396389099	1.76862235817381	219
0.0307768748439399	1.75859398683312	27
-0.0933780173908101	2.18615248911191	93
0.0260609152859099	1.76016525034169	93
0.0260609152859099	1.76016525034169	52
0.0271642451682101	1.7882009108053	52
0.0118776946148702	1.72176583860569	52
-0.0859191072741199	2.15939539190282	27
0.02431924179802	1.73238147861512	441
0.0250062200768699	1.7627695206282	4
0.0145900855186198	1.7364930255418	134
0.0379797404265201	1.77547626350938	273
0.0267467240127202	1.76616704687936	821
0.03106564615392	1.72611892262242	219
-0.1004649633424	2.18008122756279	219
0.10244514869461	2.48511023766584	482
0.0355285837416801	1.79046075418453	27
0.00443517165818008	1.7040754097456	27
0.0963885811080498	2.4857088071604	9
-0.08907933091754	2.18334635293331	93
-0.0891397714253901	2.12995115931813	93
0.0323255944428902	1.75670721857387	93
0.0355285837416801	1.79046075418453	93
0.0339188132078498	1.7713584790422	52
-0.07577941949845	2.16544704123525	52
0.0452590699275399	1.76798173252537	52
0.0325919291812902	1.74981757796973	27
-0.0863153946884698	2.19433697522685	27
0.0355285837416801	1.79046075418453	27
0.0309062376977201	1.73776947598698	82
0.04308329735544	1.78273337554263	82
0.0831222524046602	2.44631343472392	446
0.0192543073591001	1.76044171960393	446
0.03873695158777	1.77888244788449	446
0.0649904590143202	2.44337110837178	27
-0.0754200690178601	2.19795042680085	27
0.0264877515364499	1.75085369635609	757
0.0355285837416801	1.79046075418453	27
0.01884046099436	1.76001338712733	9
0.05523243729938	2.47308138743002	93
0.0231435162296498	1.73201404957501	93
0.01566664095709	1.75278318538375	93
0.03274594374107	1.72214262628452	52
0.00526081246017007	1.71937661870384	27
-0.0973336237893099	2.18998721623583	475
-0.10487764009837	2.14303007492414	181
-0.0894136096753799	2.18950837959242	181
0.0231435162296498	1.73201404957501	4
0.0307768748439399	1.75859398683312	4
0.0351071647482701	1.7915886071351	109
0.0435084722200898	1.78951797761964	446
-0.0812306677897499	2.19416580094602	219
0.0640327015099502	2.45337946679529	482
0.0250062200768699	1.7627695206282	27
-0.11828599189182	2.11126833852947	27
0.0216371718583201	1.75279571838875	27
-0.10487764009837	2.14303007492414	27
-0.0933858336423601	2.13915693435943	93
0.0181981585142301	1.7630799900606	93
0.02890532830894	1.75624626442474	93
-0.0491194179510401	2.16370408676431	52
-0.0892311138955599	2.18389096121593	52
0.0260609152859099	1.76016525034169	441
0.0289650440247602	1.74686640103219	475
0.00739746474101999	1.7219798445643	281
0.00973055556083002	1.73977878983205	181
0.0265676086317099	1.76540184055778	446
0.02890532830894	1.75624626442474	219
0.0172586825180101	1.72897293710462	219
0.0465386431905901	1.76335665313056	27
0.0202653481211601	1.73855396176494	757
0.03187546961848	1.76148966774296	27
-0.0804272074438899	2.19751599399505	27
-0.07983876928891	2.23258687400266	27
0.0319054284979501	1.76607996296772	181
0.0229409804076899	1.7416336773842	181
0.02120031048115	1.72983895401708	181
0.0214061082732901	1.77973211485229	109
0.06537563213071	2.46247953498862	27
0.0319054284979501	1.76607996296772	27
-0.0908442561598402	2.17935180480089	27
0.0351071647482701	1.7915886071351	85
0.0601595268636901	2.44125894008454	27
0.0214061082732901	1.77973211485229	27
0.04903770551668	1.74364898839469	27
0.0120195581054201	1.73341175575919	9
-0.09538316942426	2.2176990059689	93
0.0250062200768699	1.7627695206282	9
-0.0953187217964002	2.15937199349325	9
0.0465386431905901	1.76335665313056	93
0.0339771579665298	1.71498736505891	93
0.0355285837416801	1.79046075418453	52
0.0245898330360799	1.76233303311063	27
0.0423372444352399	1.76958095912024	441
0.0207788026809901	1.75979169499821	181
0.0413332744902601	1.78556725644158	4
0.0368525129006998	1.74740043528758	446
0.0394443544659202	1.75058558517172	219
-0.0753331864557101	2.19548398424986	27
-0.0933772109651598	2.16133217752664	27
0.0166914912182299	1.73526139152412	27
-0.07748456420526	2.16397760393589	27
-0.0945217479317599	2.15153487776724	27
0.0334961775135598	1.73770123232882	757
0.0184501814026801	1.74719372001359	85
0.0558936656973899	1.72255756602187	27
-0.09592512283032	2.17706928666735	9
0.0206074801703799	1.74987860684014	93
0.0329411574337501	1.78765901257722	27
0.0283109907556001	1.75665915110651	52
0.0237978584971401	1.77796058405828	441
0.0943681007364998	2.47763543215254	181
0.0261436927025902	1.76649910992419	181
0.00780628649388993	1.72238849355829	4
0.0347646396389099	1.76862235817381	446
-0.0982697432155302	2.15143661242572	219
0.0295797247395799	1.77747306964363	219
-0.09025055275464	2.18598189109226	27
0.02890532830894	1.75624626442474	27
-0.0770769433665701	2.15844674630744	27
-0.0831769592747098	2.19239479957497	27
-0.0644447997134301	2.20191020897879	27
0.0447507021254001	1.73107324903935	9
-0.0852185976897601	2.11353047282959	93
0.0271642451682101	1.7882009108053	93
0.0990960718507399	2.45048820486404	27
0.0409092579785	1.78667105794429	181
0.0291613210305899	1.75395865945644	181
0.0329411574337501	1.78765901257722	4
0.0218212603712402	1.75712836725798	4
-0.0988330310766501	2.1251393281338	219
0.0066945059186998	1.72845592564377	78
-0.09865024515054	2.1410711632041	219
0.0818748580886499	2.47956267063903	219
0.0467303741432601	1.76626361660703	27
0.0267467240127202	1.76616704687936	27
0.0250062200768699	1.7627695206282	27
-0.0672050957797898	2.14178135454301	93
0.0413332744902601	1.78556725644158	93
-0.0571644619857898	2.17771094966417	93
-0.0837741373543701	2.20097265518492	27
0.0155231625247101	1.75993793445774	27
0.0325210682611301	1.76578903213022	93
0.0376974660276201	1.78825040842562	27
0.0229409804076899	1.7416336773842	27
0.0399529433332599	1.74207616998837	4
0.01884046099436	1.76001338712733	1
0.0381202200528099	1.77866058288672	446
0.0160405475504701	1.73830892918756	446
0.0186183381079199	1.74101197531504	27
0.0487196477309202	1.74570747634594	27
-0.0692926182590301	2.19019158070379	27
0.0405832365282302	1.76998070490232	9
0.0782284941871598	2.497780594338	9
0.0435084722200898	1.78951797761964	93
0.0160792615713201	1.73082789242852	93
0.0452590699275399	1.76798173252537	93
0.04308329735544	1.78273337554263	27
-0.0566787916599698	2.14587570428916	27
0.0176813840873198	1.75776245721815	441
0.0301618513472599	1.7539913146149	475
0.0435084722200898	1.78951797761964	181
0.0278021685121002	1.72365700921726	235
0.0293239869881501	1.78591308132808	4
0.0351071647482701	1.7915886071351	4
0.0206074801703799	1.74987860684014	4
0.0409092579785	1.78667105794429	109
0.0372748970201702	1.78143272151952	109
0.0224346551343602	1.73394313923088	109
0.01566664095709	1.75278318538375	134
0.0041355331447499	1.72542030368589	134
0.0207788026809901	1.75979169499821	446
-0.11828599189182	2.11126833852947	78
-0.0823120465607801	2.16581870533929	27
0.0131097064560501	1.74970222628579	27
-0.0919838703070499	2.15197748242656	27
0.0303579279806501	1.75815043047727	27
0.0375554717429698	1.77656511984412	27
0.0209911359141102	1.75779269442633	27
0.03854315922564	1.74332033436954	27
-0.0766406006577598	2.18800688418821	27
0.0271642451682101	1.7882009108053	9
-0.0869108439314199	2.19498266757501	93
-0.0745286057811798	2.16649150627011	93
0.0244008758448002	1.74074991139183	93
0.0419106546060499	1.75812496591709	27
0.03986807695415	1.76198366427652	475
0.01566664095709	1.75278318538375	181
0.0255413569551299	1.7463830158366	181
0.0206074801703799	1.74987860684014	181
0.0155231625247101	1.75993793445774	181
0.03873695158777	1.77888244788449	181
0.0267986306365202	1.74416078377178	109
0.01566664095709	1.75278318538375	677
0.0245898330360799	1.76233303311063	134
0.0209911359141102	1.75779269442633	1
0.0375849056890099	1.73918517583851	446
-0.09865024515054	2.1410711632041	219
0.0461119310193201	1.7779184374033	219
0.0131097064560501	1.74970222628579	219
-0.0894484597766798	2.18449798017207	27
0.01884046099436	1.76001338712733	27
0.04380846178934	1.75539422267084	27
0.0180347805208601	1.76953980875816	27
0.0351071647482701	1.7915886071351	27
0.0287360625220798	1.76328940978545	27
0.0239759002250199	1.75982344434879	27
0.0231435162296498	1.73201404957501	27
0.0351071647482701	1.7915886071351	9
0.0297428279585601	1.78478163746822	93
-0.0806320498716699	2.19292083776073	27
0.0355285837416801	1.79046075418453	27
-0.10460246667357	2.14223132583363	27
0.0291613210305899	1.75395865945644	181
-0.07790766823917	2.19491514372478	4
0.0265676086317099	1.76540184055778	251
0.0510928760515701	1.75779473253385	273
0.03873695158777	1.77888244788449	1
0.0341224328898102	1.75800966606099	1
0.0135210311175298	1.75012145464247	446
0.0533560825202102	2.47714494153219	821
0.0329411574337501	1.78765901257722	78
0.0166914912182299	1.73526139152412	27
0.0239781122824598	1.76263870806536	93
0.0203574789970999	1.76089251568796	93
0.0235596179620199	1.76092025709296	27
0.0361448519505898	1.74714593030472	441
0.0239759002250199	1.75982344434879	441
0.0210241924152399	1.72021946722123	441
-0.0907394608507199	2.15299074297224	861
-0.10279686501152	2.1584388039392	27
0.0892531249880899	2.48275303390359	9
0.0529723026584299	2.41525272029627	93
-0.0939759963938598	2.16254723457591	93
0.0355285837416801	1.79046075418453	93
0.0351071647482701	1.7915886071351	93
0.03873695158777	1.77888244788449	27
0.0339188132078498	1.7713584790422	27
-0.08515166332608	2.22401427600593	27
-0.0676599154482198	2.13181865563487	27
-0.0837628053396999	2.18341510873148	27
-0.0506301931270099	2.21465084182457	27
-0.0953187217964002	2.15937199349325	475
0.0394443544659202	1.75058558517172	475
0.0381202200528099	1.77866058288672	181
0.0214061082732901	1.77973211485229	410
0.0375554717429698	1.77656511984412	181
0.0329411574337501	1.78765901257722	1
0.0259602657669	1.77571958773482	1
-0.0973298277506398	2.17359131286726	27
-0.10878271353569	2.15088066983835	27
0.0245898330360799	1.76233303311063	27
0.0225185091931999	1.73514381497273	27
-0.0851219441989501	2.19656387831285	27
-0.09278573970805	2.18550208077573	27
-0.0812306677897499	2.19416580094602	27
0.0250155169180299	1.69191922189274	27
-0.0837741373543701	2.20097265518492	27
0.0180347805208601	1.76953980875816	27
-0.10163979687224	2.18125874100759	441
0.0381202200528099	1.77866058288672	181
-0.0959095776473702	2.17958140749713	181
0.0186183381079199	1.74101197531504	181
0.0325210682611301	1.76578903213022	181
0.0346859298275599	1.76190632052241	57
0.0291593849257099	1.75584590970342	4
0.0429978196684702	1.74334196558341	4
0.02890532830894	1.75624626442474	134
-0.0920399313849698	2.19463325308905	273
0.0155231625247101	1.75993793445774	446
0.01884046099436	1.76001338712733	195
0.0825304941468401	2.47467765470895	219
0.0354060747538698	1.72113122871229	27
-0.0937771005471602	2.16667091897812	27
0.0321700747136799	1.78026665832039	27
0.07567658044383	2.40697943973282	93
-0.0483400131951299	2.13635285625235	93
-0.0863153946884698	2.19433697522685	93
-0.0701681339378801	2.1981756047879	93
-0.10220296448285	2.17912605469631	93
0.0425661200638401	1.74490432359034	27
0.0358690876547798	1.70814451591843	27
0.0372748970201702	1.78143272151952	27
-0.0853134309748702	2.15338690545957	27
-0.0939700050290901	2.15832027907111	27
0.0263793569516499	1.77460351315333	181
0.00976151829739003	1.75162713601541	134
0.0351071647482701	1.7915886071351	4
0.00772073509995996	1.71141901723628	1
0.0329411574337501	1.78765901257722	1
0.0351071647482701	1.7915886071351	446
0.01884046099436	1.76001338712733	446
0.03915981323129	1.75680900096895	219
-0.0605180002684902	2.17824298832858	27
0.0192543073591001	1.76044171960393	27
-0.0831769592747098	2.19239479957497	27
0.0456854066424999	1.77956358080194	93
0.0109669118149101	1.73097006899876	93
0.0351071647482701	1.7915886071351	93
0.0287360625220798	1.76328940978545	475
0.0203574789970999	1.76089251568796	181
0.0151016081679902	1.73855635706817	109
0.0792547045557899	2.49223934710683	27
-0.0758764302713599	2.1588975087982	93
0.0234680776512102	1.76336385484048	93
0.0319054284979501	1.76607996296772	1
0.0176813840873198	1.75776245721815	219
-0.0965224703368102	2.18561411325701	861
0.0333614298681701	1.76515449358433	93
0.03434163387301	1.77810209777096	27
0.0218212603712402	1.75712836725798	78
0.03873695158777	1.77888244788449	27
0.04497720533106	1.73471190110923	27
0.0275819478134101	1.76550976278697	27
0.01884046099436	1.76001338712733	27
0.0214061082732901	1.77973211485229	27
0.0372748970201702	1.78143272151952	78
-0.0707717399908998	2.20665698505197	27
-0.10509093078347	2.10775365475357	27
0.0287360625220798	1.76328940978545	93
0.0235596179620199	1.76092025709296	27
0.0355285837416801	1.79046075418453	475
0.0610359114261199	2.45347560844035	181
-0.0804272074438899	2.19751599399505	27
0.01884046099436	1.76001338712733	27
-0.0863471209092999	2.22599633974923	93
0.0271642451682101	1.7882009108053	441
0.0218212603712402	1.75712836725798	441
0.0267467240127202	1.76616704687936	181
0.01500883638476	1.73542556969229	181
0.0243923631439298	1.72982905901667	153
0.0325210682611301	1.76578903213022	78
0.0124369916748202	1.75475715657275	27
-0.0877131594202498	2.16297071297816	27
0.0869832349458202	2.46866621512584	27
0.0297428279585601	1.78478163746822	27
-0.0657525393851199	2.21617639120439	27
0.0131097064560501	1.74970222628579	93
0.0127543097019802	1.70323116452462	93
0.0464209427972802	1.75385302619819	27
0.0203574789970999	1.76089251568796	27
-0.0831700660581398	2.1847466227787	441
-0.07097300255574	2.1926228675836	441
0.0745289532871398	2.45207436207346	441
0.0323255944428902	1.75670721857387	441
0.0339188132078498	1.7713584790422	410
0.0234680776512102	1.76336385484048	410
-0.0763867276914199	2.19799249725621	57
0.0456854066424999	1.77956358080194	109
-0.10750885780509	2.17217361689465	109
0.0372748970201702	1.78143272151952	1
-0.0674103139142099	2.18320105824677	446
0.0145900855186198	1.7364930255418	78
-0.0778813040033701	2.20074278129223	27
0.0517181384427201	2.44820514811733	27
0.07533066685588	2.45702070103468	27
0.0435084722200898	1.78951797761964	27
0.0231435162296498	1.73201404957501	93
0.0295797247395799	1.77747306964363	93
0.0519510071003699	1.76754027355949	27
0.0369390861488901	1.75055443782218	27
0.01500883638476	1.73542556969229	27
0.0135210311175298	1.75012145464247	881
0.0321700747136799	1.78026665832039	441
-0.10235430965686	2.16895791562	441
0.00504589421331003	1.70838931640332	441
0.0118776946148702	1.72176583860569	181
0.0307768748439399	1.75859398683312	109
0.0325210682611301	1.76578903213022	446
0.0297428279585601	1.78478163746822	446
0.0455646458301202	1.75646285443379	195
0.0329411574337501	1.78765901257722	78
0.01566664095709	1.75278318538375	27
0.0180347805208601	1.76953980875816	27
0.0271642451682101	1.7882009108053	27
0.0160792615713201	1.73082789242852	27
0.0451835823608202	1.73417385569214	27
0.0372748970201702	1.78143272151952	93
-0.0906296868423899	2.1940007168915	27
0.0461119310193201	1.7779184374033	441
0.0314854457773901	1.7594083641165	441
-0.0837741373543701	2.20097265518492	441
0.0314854457773901	1.7594083641165	441
0.02890532830894	1.75624626442474	181
0.0259602657669	1.77571958773482	181
0.0333614298681701	1.76515449358433	410
0.04308329735544	1.78273337554263	181
0.0300002478974299	1.7552238264429	181
-0.0947901970301399	2.21701305543046	181
0.0377730086780002	1.74202666173085	134
0.0319054284979501	1.76607996296772	109
-0.000682170135609894	1.70413416562435	1
-0.0120829077452602	1.66540219198358	446
0.0239781122824598	1.76263870806536	446
0.0325210682611301	1.76578903213022	195
0.0166914912182299	1.73526139152412	78
0.0353804858200699	1.76884300398295	78
0.0237978584971401	1.77796058405828	27
0.04029198527908	1.76036913034791	27
0.0234680776512102	1.76336385484048	27
0.0224346551343602	1.73394313923088	27
0.0381202200528099	1.77866058288672	27
0.0160405475504701	1.73830892918756	93
0.0351071647482701	1.7915886071351	27
0.0991350942490001	2.49770410916494	27
0.0383142749991201	1.75740754542839	27
0.0128546066533701	1.73277326446805	441
-0.0837183762518099	2.14832661065705	441
-0.0863153946884698	2.19433697522685	441
0.0192543073591001	1.76044171960393	441
0.0237978584971401	1.77796058405828	181
0.0237978584971401	1.77796058405828	181
0.0206074801703799	1.74987860684014	134
-0.0656581542080001	2.20472253795711	134
0.03274594374107	1.72214262628452	109
0.0275298843804199	1.72966160844394	109
0.0209911359141102	1.75779269442633	109
0.0413332744902601	1.78556725644158	1
0.0245898330360799	1.76233303311063	1
0.01884046099436	1.76001338712733	446
0.0333614298681701	1.76515449358433	446
0.01884046099436	1.76001338712733	78
-0.0890622711624398	2.1450185350751	27
-0.0578998973508802	2.19997955868631	27
0.0267467240127202	1.76616704687936	27
-0.10546365936063	2.14202218711287	27
0.03434163387301	1.77810209777096	27
-0.0674756765648499	2.17666181564769	27
-0.0760508823914701	2.18225841785101	27
0.0713499177955699	2.49232066781009	93
0.0242158108929198	1.75552814484328	93
-0.0894136096753799	2.18950837959242	27
0.0214061082732901	1.77973211485229	27
-0.0747316539027598	2.20677221749093	27
0.0102855994626898	1.7359606377124	27
0.03945773584761	1.7308395675951	441
0.0376974660276201	1.78825040842562	881
-0.0800331363017199	2.17950812719616	441
0.0351071647482701	1.7915886071351	441
-0.0676109957027702	2.20869520247178	181
0.00526081246017007	1.71937661870384	57
0.03320723659697	1.73788250448247	4
0.0541372186391298	1.75808298007436	134
0.0433815749237301	1.75643178186667	134
0.0271642451682101	1.7882009108053	109
0.0271642451682101	1.7882009108053	446
0.0401576221055899	1.77940352472172	78
0.0192543073591001	1.76044171960393	27
-0.0429870859652	2.1637806417887	27
0.04029198527908	1.76036913034791	27
0.0346859298275599	1.76190632052241	27
0.0762634132640399	2.49942923952177	27
0.0373634327371399	1.73639110002426	27
0.0275819478134101	1.76550976278697	27
-0.103592912518	2.14599358130128	27
0.0317484045302998	1.78137918388793	93
0.01884046099436	1.76001338712733	93
-0.0765156834402898	2.16557055270268	93
0.04029198527908	1.76036913034791	27
0.03973219459857	1.7726922919672	441
0.0443593825766699	1.74484134897789	441
0.02890532830894	1.75624626442474	475
0.0314854457773901	1.7594083641165	475
0.0314854457773901	1.7594083641165	57
0.0351071647482701	1.7915886071351	57
0.0263793569516499	1.77460351315333	46
0.0452590699275399	1.76798173252537	46
0.0275819478134101	1.76550976278697	78
0.0214061082732901	1.77973211485229	27
0.0297428279585601	1.78478163746822	861
0.0329411574337501	1.78765901257722	27
0.0271827872173098	1.72326050950278	93
0.0883205464424202	2.44136056241069	93
0.0208794544515101	1.7382811753685	27
0.06255302530277	2.45729810401636	441
0.0329411574337501	1.78765901257722	441
0.0135210311175298	1.75012145464247	441
0.0376974660276201	1.78825040842562	181
0.03106564615392	1.72611892262242	181
0.0409092579785	1.78667105794429	446
0.0355285837416801	1.79046075418453	767
0.0449465518708601	1.74268926418566	78
0.0624743470017202	2.49351293364539	78
0.0109669118149101	1.73097006899876	27
0.0323255944428902	1.75670721857387	27
0.0372748970201702	1.78143272151952	27
0.0209911359141102	1.75779269442633	27
0.0133146104208799	1.72552552793546	27
0.0271642451682101	1.7882009108053	27
-0.09278573970805	2.18550208077573	27
0.0293239869881501	1.78591308132808	93
0.01884046099436	1.76001338712733	93
0.0309062376977201	1.73776947598698	27
0.01777816209853	1.74164342306101	441
0.01525419835033	1.73146593555496	441
0.0329411574337501	1.78765901257722	441
-0.11822171716009	2.12935411958972	475
0.0293239869881501	1.78591308132808	475
0.03873695158777	1.77888244788449	181
0.0353804858200699	1.76884300398295	57
0.0271642451682101	1.7882009108053	134
-0.0863153946884698	2.19433697522685	109
-0.0959095776473702	2.17958140749713	4
0.0192543073591001	1.76044171960393	46
0.0155231625247101	1.75993793445774	195
-0.0672050957797898	2.14178135454301	27
0.0435084722200898	1.78951797761964	93
0.0214061082732901	1.77973211485229	93
0.0423372444352399	1.76958095912024	441
0.0293239869881501	1.78591308132808	27
0.0187178414288098	1.73082290264151	27
0.04308329735544	1.78273337554263	441
0.01884046099436	1.76001338712733	475
-0.0591855969217598	2.21426117426948	441
0.0124369916748202	1.75475715657275	441
0.0120195581054201	1.73341175575919	181
0.0267986306365202	1.74416078377178	235
0.0435084722200898	1.78951797761964	134
0.04380846178934	1.75539422267084	134
0.0293239869881501	1.78591308132808	134
0.03595018693674	1.75966452644368	4
0.0336203977024701	1.74064059366426	1
-0.0845162465338598	2.18805192851581	446
-0.11003898224584	2.14221935714159	78
0.0401576221055899	1.77940352472172	27
-0.10612968170712	2.16890390847285	27
0.0271642451682101	1.7882009108053	27
0.0237864777583199	1.69886835561328	27
0.0307768748439399	1.75859398683312	27
-0.10848569626484	2.1107633269917	27
-0.0712519520455599	2.20803282823305	27
-0.10567721111368	2.1346390703711	93
-0.0688208230288101	2.19868013156239	27
0.0346859298275599	1.76190632052241	441
0.0181042707721599	1.75666097713263	441
0.0419106546060499	1.75812496591709	441
-0.0877131594202498	2.16297071297816	441
0.00973055556083002	1.73977878983205	441
0.01884046099436	1.76001338712733	441
0.0372748970201702	1.78143272151952	441
0.01884046099436	1.76001338712733	181
0.01884046099436	1.76001338712733	181
-0.06278884117823	2.18748781580334	181
0.09977459911453	2.45102761466572	181
0.0271642451682101	1.7882009108053	235
0.0176813840873198	1.75776245721815	109
0.0233800876724799	1.75617268239177	273
-0.0766808373532002	2.19886891537901	1
0.0245898330360799	1.76233303311063	446
0.0218212603712402	1.75712836725798	78
-0.10714072486607	2.15784029048864	78
0.0355285837416801	1.79046075418453	78
-0.0877131594202498	2.16297071297816	27
0.0135210311175298	1.75012145464247	27
0.0417574770069198	1.75519593531386	27
0.0346859298275599	1.76190632052241	27
0.0372748970201702	1.78143272151952	27
-0.0741298232637	2.20552372672451	27
0.04308329735544	1.78273337554263	27
0.0220962227799499	1.70273988496705	93
-0.10438841212174	2.20001723243838	93
0.0291613210305899	1.75395865945644	93
0.0321700747136799	1.78026665832039	27
0.0355285837416801	1.79046075418453	27
0.0109669118149101	1.73097006899876	27
0.0459702311259602	2.41449611764401	441
0.0329411574337501	1.78765901257722	441
0.0301618513472599	1.7539913146149	475
0.0245898330360799	1.76233303311063	181
0.0618305967610402	2.44686772422806	181
0.0271642451682101	1.7882009108053	134
0.0275819478134101	1.76550976278697	134
0.0481786868476699	1.75932198722883	109
0.0109669118149101	1.73097006899876	1
0.0267467240127202	1.76616704687936	78
0.0207788026809901	1.75979169499821	27
0.0041355331447499	1.72542030368589	27
0.0267467240127202	1.76616704687936	27
-0.0933780173908101	2.18615248911191	27
0.0109669118149101	1.73097006899876	27
0.0375554717429698	1.77656511984412	27
0.0346859298275599	1.76190632052241	93
0.0135210311175298	1.75012145464247	441
-0.10235430965686	2.16895791562	441
0.0637652570728302	2.48253939525477	475
-0.09025055275464	2.18598189109226	441
0.03973219459857	1.7726922919672	441
-0.0916319569489201	2.19005865409208	181
0.0133146104208799	1.72552552793546	181
0.01546623043073	1.75002074763643	181
0.0307768748439399	1.75859398683312	4
0.0423372444352399	1.76958095912024	4
0.0355285837416801	1.79046075418453	109
0.0329411574337501	1.78765901257722	109
0.0372748970201702	1.78143272151952	109
0.0214061082732901	1.77973211485229	1
0.0329411574337501	1.78765901257722	153
0.0486081013186901	1.7577398854478	446
-0.10398392873916	2.08087750419554	595
-0.11166162580896	2.13360272058267	225
0.00986929758719013	1.73553572597893	78
0.06537563213071	2.46247953498862	27
0.0242158108929198	1.75552814484328	27
0.0207788026809901	1.75979169499821	27
-0.0877048406808298	2.19703252435582	27
0.0271642451682101	1.7882009108053	27
0.0271642451682101	1.7882009108053	27
0.0192543073591001	1.76044171960393	27
0.0333614298681701	1.76515449358433	93
0.0376974660276201	1.78825040842562	93
0.02741277359286	1.74871357249702	441
0.0461119310193201	1.7779184374033	441
0.0267467240127202	1.76616704687936	441
0.0275819478134101	1.76550976278697	441
0.0333614298681701	1.76515449358433	441
0.0244008758448002	1.74074991139183	441
0.01525419835033	1.73146593555496	181
0.04029198527908	1.76036913034791	410
0.0261436927025902	1.76649910992419	134
0.0287360625220798	1.76328940978545	134
0.0456854066424999	1.77956358080194	27
0.0461119310193201	1.7779184374033	27
0.0376974660276201	1.78825040842562	93
-0.0869108439314199	2.19498266757501	27
0.0297428279585601	1.78478163746822	27
-0.0834575475792998	2.11942346733584	441
0.0325210682611301	1.76578903213022	441
0.0250062200768699	1.7627695206282	441
0.0578513526345001	2.47448826623515	441
0.0519510071003699	1.76754027355949	441
0.0293239869881501	1.78591308132808	475
-0.0739270500746398	2.19395544708468	441
-0.0877048406808298	2.19703252435582	181
0.0351071647482701	1.7915886071351	181
0.0503664227218601	1.74524950591698	181
0.04276402201039	1.76795651153876	4
0.0218212603712402	1.75712836725798	134
0.0329411574337501	1.78765901257722	4
0.0467303741432601	1.76626361660703	1
0.03230493767557	1.75223373127236	446
0.0218212603712402	1.75712836725798	446
0.0731681706675502	2.49276372402697	78
0.0263793569516499	1.77460351315333	27
0.0166914912182299	1.73526139152412	27
0.0371556669938702	1.75335838613405	27
0.0449465518708601	1.74268926418566	27
-0.0676109957027702	2.20869520247178	93
-0.0037159626747898	1.69579718335452	441
-0.07667789788395	2.2387915018087	882
0.0250062200768699	1.7627695206282	475
0.0224346551343602	1.73394313923088	441
-0.0951279028449701	2.16387818754677	181
0.0409092579785	1.78667105794429	181
0.0271642451682101	1.7882009108053	57
0.0452590699275399	1.76798173252537	134
-0.0630316371536401	2.15773008040016	109
0.0199363393006098	1.73202857255246	1
0.0289650440247602	1.74686640103219	1
0.0243923631439298	1.72982905901667	446
0.0383142749991201	1.75740754542839	27
0.0435084722200898	1.78951797761964	27
-0.0798285662294398	2.19688285289868	27
0.0235596179620199	1.76092025709296	27
0.0413332744902601	1.78556725644158	27
-0.07391754608155	2.1985914234513	27
0.0465386431905901	1.76335665313056	93
0.0209911359141102	1.75779269442633	441
0.0323255944428902	1.75670721857387	441
0.0435084722200898	1.78951797761964	441
0.0365149256138402	1.75214876686772	441
0.0497665440841102	1.76363071170709	441
0.0351071647482701	1.7915886071351	441
-0.0694252857479301	2.16355579819705	475
0.0203574789970999	1.76089251568796	134
0.0461119310193201	1.7779184374033	273
0.0435084722200898	1.78951797761964	1
0.0433815749237301	1.75643178186667	446
0.01566664095709	1.75278318538375	446
0.0242158108929198	1.75552814484328	195
-0.0823736967823798	2.16424720430599	78
0.0239781122824598	1.76263870806536	78
0.0293239869881501	1.78591308132808	27
0.0355285837416801	1.79046075418453	27
0.0461119310193201	1.7779184374033	27
0.0876692333345801	2.43441598229961	27
0.0445517348778699	1.75594809982774	27
-0.0953835107236198	2.15634553850784	27
-0.0908507948638202	2.19503761414028	27
0.0329411574337501	1.78765901257722	27
-0.0841233438759002	2.20053135311273	27
0.0333614298681701	1.76515449358433	27
0.0176195594584199	1.7478452773406	27
0.0355285837416801	1.79046075418453	93
0.0435084722200898	1.78951797761964	93
0.04903770551668	1.74364898839469	93
0.0519510071003699	1.76754027355949	93
0.0297428279585601	1.78478163746822	93
0.05397189816351	2.47828876255799	441
0.0325210682611301	1.76578903213022	441
-0.10126264915906	2.19978164899911	441
0.0237978584971401	1.77796058405828	882
0.01884046099436	1.76001338712733	441
0.00973055556083002	1.73977878983205	441
0.02890532830894	1.75624626442474	181
-0.0583126791239099	2.16712075898969	57
0.0255413569551299	1.7463830158366	4
0.0297428279585601	1.78478163746822	644
0.0133666451088899	1.73522578079681	446
0.07126316991571	2.48310372299207	27
0.0368525129006998	1.74740043528758	27
-0.10714072486607	2.15784029048864	27
0.0393069538755002	1.73920882365659	27
-0.0740749776432002	2.17968303227599	27
-0.0604668868431002	2.18957736236945	93
0.00976151829739003	1.75162713601541	441
-0.0690211230761002	2.17155901785416	441
0.0351071647482701	1.7915886071351	441
0.03595018693674	1.75966452644368	441
0.0231435162296498	1.73201404957501	441
0.0401576221055899	1.77940352472172	441
-0.10185246833591	2.20046154651165	181
0.0271642451682101	1.7882009108053	181
0.0293239869881501	1.78591308132808	181
0.0376974660276201	1.78825040842562	134
0.0399529433332599	1.74207616998837	273
0.0372748970201702	1.78143272151952	1
0.03873695158777	1.77888244788449	46
0.0109669118149101	1.73097006899876	1
-0.10750885780509	2.17217361689465	595
0.0269147758093302	1.71654839690342	78
0.0275819478134101	1.76550976278697	78
-0.0769937334931798	2.20651137594667	27
-0.0868748796143399	2.19265671521273	27
0.0160792615713201	1.73082789242852	27
-0.0744289302028598	2.20983205285473	27
0.0375849056890099	1.73918517583851	27
0.0109669118149101	1.73097006899876	27
-0.0788362003502798	2.177549914589	27
-0.10235430965686	2.16895791562	93
-0.0984811666757999	2.14829438708565	93
-0.0857598843837799	2.16963532316023	93
0.0239781122824598	1.76263870806536	441
0.03986807695415	1.76198366427652	441
0.0206895723506402	1.72945077822791	441
0.0293239869881501	1.78591308132808	441
0.0203574789970999	1.76089251568796	441
0.0233800876724799	1.75617268239177	441
-0.10474137091744	2.14916934092713	441
-0.12074445606252	2.10407216702047	181
0.0333614298681701	1.76515449358433	181
-0.0676109957027702	2.20869520247178	181
0.0250062200768699	1.7627695206282	181
0.00526081246017007	1.71937661870384	109
0.0214061082732901	1.77973211485229	841
0.0368525129006998	1.74740043528758	153
0.0319488334234799	1.7618009739008	195
0.0333614298681701	1.76515449358433	27
-0.10546365936063	2.14202218711287	27
0.0319488334234799	1.7618009739008	27
0.0405832365282302	1.76998070490232	27
0.0263793569516499	1.77460351315333	27
-0.0863153946884698	2.19433697522685	27
0.00973055556083002	1.73977878983205	27
0.0041355331447499	1.72542030368589	93
-0.0809612034371101	2.20661575428532	93
-0.0866783398440698	2.19725675403554	93
0.0917810427226202	2.46916339705352	441
0.0109669118149101	1.73097006899876	441
0.0456854066424999	1.77956358080194	441
0.0842725675398302	2.49863969299994	441
-0.0572168713674	2.23098112646978	441
0.0323753612060802	1.76072701078593	441
0.0325210682611301	1.76578903213022	181
-0.0947901970301399	2.21701305543046	181
0.0218212603712402	1.75712836725798	181
0.01884046099436	1.76001338712733	57
0.00454929941904991	1.72583626182616	57
0.01525419835033	1.73146593555496	109
0.0271642451682101	1.7882009108053	109
0.0293239869881501	1.78591308132808	273
-0.09538316942426	2.2176990059689	78
0.0209911359141102	1.75779269442633	27
-0.10583331510921	2.13530475888193	27
0.0607840242211402	2.47098851078284	27
-0.06700563056966	2.19527390796914	93
0.0347646396389099	1.76862235817381	93
0.0243923631439298	1.72982905901667	441
0.0816043808890199	2.48118844707842	441
0.0255413569551299	1.7463830158366	441
0.00710957545607993	1.70709549119351	181
0.0375554717429698	1.77656511984412	181
0.0333614298681701	1.76515449358433	134
0.0293239869881501	1.78591308132808	644
0.0180347805208601	1.76953980875816	446
0.0559424302968301	2.45217180715729	27
-0.0668451258872498	2.16634166609734	27
-0.0843710212728599	2.19428451089524	27
-0.0803882455618301	2.11567189311002	27
-0.09592512283032	2.17706928666735	93
-0.0738204591963299	2.20858777419354	93
0.0214061082732901	1.77973211485229	93
0.04029198527908	1.76036913034791	93
0.0381202200528099	1.77866058288672	93
0.0824352094942098	2.47345967677416	27
0.0297428279585601	1.78478163746822	27
0.0293239869881501	1.78591308132808	27
0.0417402574932	2.38460552049769	441
0.0845996633170998	2.49291178871461	441
-0.0812306677897499	2.19416580094602	441
0.0439338339165798	1.77998616645985	441
0.01566664095709	1.75278318538375	475
0.0239781122824598	1.76263870806536	181
0.0491477156944402	1.72821921698157	134
0.0297428279585601	1.78478163746822	134
0.04308329735544	1.78273337554263	109
0.0250062200768699	1.7627695206282	109
0.0158803250392801	1.75044711130464	273
0.0307768748439399	1.75859398683312	1
0.0265676086317099	1.76540184055778	446
-0.10807321248317	2.14820711764529	27
0.0250062200768699	1.7627695206282	27
0.0976881195053898	2.48237673696299	27
-0.0792296294169899	2.16899600189343	27
-0.0549170252031201	2.1837506129295	27
-0.0961188793723098	2.17902584315189	27
0.0649100580703799	2.47906369468442	27
0.0631061664663202	2.46324056671646	27
-0.09317858790383	2.19466691848917	27
-0.0558000123606099	2.19796244174564	27
0.04029198527908	1.76036913034791	27
0.0199363393006098	1.73202857255246	93
0.0605543456876299	2.48826134107813	441
0.0297428279585601	1.78478163746822	441
0.0235596179620199	1.76092025709296	441
-0.10487764009837	2.14303007492414	441
0.04933855494235	1.77287408526635	441
-0.0810255533159299	2.16975252410135	441
0.0319488334234799	1.7618009739008	441
-0.0739270500746398	2.19395544708468	441
0.0333614298681701	1.76515449358433	181
0.0257199625605802	1.73761978806267	181
0.0329411574337501	1.78765901257722	181
-0.0933780173908101	2.18615248911191	181
0.0267467240127202	1.76616704687936	644
0.0267986306365202	1.74416078377178	46
0.0159449011820998	1.73792538964343	446
0.0317484045302998	1.78137918388793	446
0.00719336888182998	1.73244887992211	446
0.0225185091931999	1.73514381497273	446
-0.07895075900809	2.16544056733211	78
0.0255413569551299	1.7463830158366	78
0.0358035991660999	1.74701746436338	27
-0.0811944118769699	2.19393480168303	27
0.0931083040259999	2.48224935413368	27
0.0329411574337501	1.78765901257722	27
0.0133666451088899	1.73522578079681	93
-0.0809612034371101	2.20661575428532	93
-0.0703691195880798	2.1758315150001	93
0.0919017184160502	2.47852552740356	27
-0.0688208230288101	2.19868013156239	27
-0.07097300255574	2.1926228675836	27
0.0102855994626898	1.7359606377124	27
0.03595018693674	1.75966452644368	27
-0.09025055275464	2.18598189109226	441
0.0319054284979501	1.76607996296772	441
0.00145913899247985	1.72235009863593	441
0.0291593849257099	1.75584590970342	441
0.01884046099436	1.76001338712733	181
0.0275819478134101	1.76550976278697	181
0.0213928188091002	1.73388902301766	181
0.0267467240127202	1.76616704687936	273
0.01852734270259	1.72678252914628	46
0.0307768748439399	1.75859398683312	46
-0.0906457879194198	2.14271750897601	225
0.03595018693674	1.75966452644368	78
-0.10299277662396	2.11927988971606	295
0.03455012489195	1.7646083652213	27
0.0771214279680201	2.4615407216063	27
0.0376974660276201	1.78825040842562	27
0.0381202200528099	1.77866058288672	27
0.0482917685307198	1.75234968499278	91
0.0242158108929198	1.75552814484328	27
0.0369390861488901	1.75055443782218	27
0.03274594374107	1.72214262628452	27
0.0405832365282302	1.76998070490232	27
-0.0806320498716699	2.19292083776073	93
0.0461119310193201	1.7779184374033	93
-0.000426910591249996	1.69126502243374	93
0.0297428279585601	1.78478163746822	93
0.03106564615392	1.72611892262242	27
0.0214061082732901	1.77973211485229	441
0.0675632980898202	2.48007946480884	441
-0.0920399313849698	2.19463325308905	441
-0.06494960224832	2.18784122256197	181
0.0224346551343602	1.73394313923088	181
0.00986929758719013	1.73553572597893	181
0.0261436927025902	1.76649910992419	410
0.0409092579785	1.78667105794429	181
0.0313269185021898	1.75202678253973	251
0.0360909509988501	1.74087384868574	4
-0.0747316539027598	2.20677221749093	109
0.0461119310193201	1.7779184374033	109
0.0245898330360799	1.76233303311063	273
0.0301618513472599	1.7539913146149	78
0.0333614298681701	1.76515449358433	27
-0.0835678056092699	2.16381631668682	27
0.0376974660276201	1.78825040842562	91
0.0866070978542801	2.48043101184301	27
0.06537563213071	2.46247953498862	27
-0.11083528327843	2.18139747920068	27
-0.0906296868423899	2.1940007168915	93
0.0271827872173098	1.72326050950278	93
0.0452590699275399	1.76798173252537	27
0.0314854457773901	1.7594083641165	27
0.0180347805208601	1.76953980875816	441
0.0435084722200898	1.78951797761964	441
0.0293239869881501	1.78591308132808	441
-0.10612968170712	2.16890390847285	441
0.0321700747136799	1.78026665832039	441
0.01777816209853	1.74164342306101	181
0.0301618513472599	1.7539913146149	4
0.0192543073591001	1.76044171960393	4
0.0329411574337501	1.78765901257722	134
0.0461119310193201	1.7779184374033	109
0.0362977581111998	1.74369471148873	644
0.0118776946148702	1.72176583860569	644
0.0160405475504701	1.73830892918756	46
0.0160792615713201	1.73082789242852	446
-0.07097300255574	2.1926228675836	446
0.03915981323129	1.75680900096895	446
0.03986807695415	1.76198366427652	295
0.0133146104208799	1.72552552793546	27
0.0156216909910998	1.73787599175762	27
0.0441264512939901	1.73525393170296	93
0.0275819478134101	1.76550976278697	93
-0.0729073062416998	2.22408727356654	93
0.0293239869881501	1.78591308132808	27
0.0281965087487999	1.72741467268495	441
-0.0604668868431002	2.18957736236945	441
0.0250062200768699	1.7627695206282	441
0.0233800876724799	1.75617268239177	181
0.0041355331447499	1.72542030368589	57
0.0329411574337501	1.78765901257722	870
0.00780628649388993	1.72238849355829	295
0.01566664095709	1.75278318538375	27
0.0275819478134101	1.76550976278697	27
0.0401576221055899	1.77940352472172	91
-0.0947901970301399	2.21701305543046	27
0.0404854273422601	1.7573804658212	27
0.0301618513472599	1.7539913146149	93
0.0293239869881501	1.78591308132808	441
0.02890532830894	1.75624626442474	181
0.0372748970201702	1.78143272151952	295
-0.0877131594202498	2.16297071297816	27
-0.10807321248317	2.14820711764529	27
-0.0612108377857998	2.19903737628596	91
0.0261436927025902	1.76649910992419	27
-0.0550936573036198	2.16801058970779	93
-0.0888544412916201	2.16434236806827	27
-0.0981254451912901	2.17507736477738	27
0.0419106546060499	1.75812496591709	27
0.0408137979715999	1.73949995140208	181
0.0376974660276201	1.78825040842562	57
0.0333614298681701	1.76515449358433	644
0.0206895723506402	1.72945077822791	273
0.0367266178461101	1.75496238919636	46
-0.0655574598247499	2.22083333689048	27
0.0439338339165798	1.77998616645985	27
-0.0735115914751301	2.23050826433177	27
0.0321700747136799	1.78026665832039	27
-0.0866783398440698	2.19725675403554	27
-0.09219317173112	2.15751839786991	27
-0.0686812047749701	2.19685678313874	27
0.03595018693674	1.75966452644368	27
-0.0718618922757099	2.20463957597238	93
-0.0810255533159299	2.16975252410135	27
0.0209911359141102	1.75779269442633	458
0.0244008758448002	1.74074991139183	284
0.0465386431905901	1.76335665313056	181
0.0237978584971401	1.77796058405828	181
0.0292737051071001	1.75868589440385	295
-0.0657525393851199	2.21617639120439	27
0.0413332744902601	1.78556725644158	27
0.0257199625605802	1.73761978806267	27
0.0267986306365202	1.74416078377178	27
-0.11461335830374	2.09659624474576	27
0.0625624139354599	2.49919461207222	27
0.0239759002250199	1.75982344434879	27
0.0372748970201702	1.78143272151952	27
0.0214061082732901	1.77973211485229	93
0.0368525129006998	1.74740043528758	93
0.0419106546060499	1.75812496591709	27
0.0329411574337501	1.78765901257722	458
0.0333614298681701	1.76515449358433	441
-0.0951372542194902	2.19019825651432	882
-0.09317858790383	2.19466691848917	882
0.0376974660276201	1.78825040842562	351
0.0323255944428902	1.75670721857387	284
0.0245898330360799	1.76233303311063	410
0.0292737051071001	1.75868589440385	181
0.0321700747136799	1.78026665832039	134
0.0208794544515101	1.7382811753685	273
0.00627961604148997	1.70770884021049	46
-0.0778813040033701	2.20074278129223	27
0.0329411574337501	1.78765901257722	91
0.0372748970201702	1.78143272151952	27
0.0355285837416801	1.79046075418453	27
0.02890532830894	1.75624626442474	27
0.0218212603712402	1.75712836725798	27
0.0435084722200898	1.78951797761964	93
0.0275819478134101	1.76550976278697	93
0.0319054284979501	1.76607996296772	93
0.0109669118149101	1.73097006899876	27
0.0291593849257099	1.75584590970342	458
-0.0863153946884698	2.19433697522685	441
0.0160792615713201	1.73082789242852	27
0.0133146104208799	1.72552552793546	441
0.0339188132078498	1.7713584790422	882
0.0224346551343602	1.73394313923088	441
0.0413332744902601	1.78556725644158	441
0.0381412389174902	1.73644768447006	181
0.0461119310193201	1.7779184374033	181
0.0351071647482701	1.7915886071351	188
0.03854315922564	1.74332033436954	446
0.0563251788928199	1.72893622014301	27
0.04903770551668	1.74364898839469	27
0.0349575576119001	1.7476040708216	91
0.0809712723593599	2.48102699756049	91
-0.07863690315587	2.23062101326811	91
-0.0663999641056798	2.15960595024116	27
0.0245898330360799	1.76233303311063	27
0.0218212603712402	1.75712836725798	27
-0.0747316539027598	2.20677221749093	93
0.0235596179620199	1.76092025709296	93
-0.06700563056966	2.19527390796914	93
-0.0823720355087101	2.15591193860039	93
0.02741277359286	1.74871357249702	27
-0.0578291497465702	2.23260844691621	27
0.0317592627124101	1.72225155910202	458
0.0286579805801299	1.73313971755018	27
-0.0953187217964002	2.15937199349325	27
0.0405832365282302	1.76998070490232	441
0.0209911359141102	1.75779269442633	351
0.0237978584971401	1.77796058405828	181
0.0381202200528099	1.77866058288672	410
0.0309062376977201	1.73776947598698	134
0.0127032534025902	1.72114002754028	644
0.0297769595506798	1.75418553103217	273
0.0410090379980201	1.73522572134976	195
0.0351071647482701	1.7915886071351	27
0.00976151829739003	1.75162713601541	27
-0.09538316942426	2.2176990059689	27
0.0329411574337501	1.78765901257722	91
0.02890532830894	1.75624626442474	91
-0.10007194735897	2.14675536039984	27
0.0160792615713201	1.73082789242852	27
-0.0657525393851199	2.21617639120439	93
-0.10185246833591	2.20046154651165	93
-0.09317858790383	2.19466691848917	93
0.0394443544659202	1.75058558517172	27
0.0239759002250199	1.75982344434879	458
0.0239759002250199	1.75982344434879	27
-0.09902808870567	2.14875032341254	27
0.0325210682611301	1.76578903213022	441
-0.0933780173908101	2.18615248911191	441
0.04497720533106	1.73471190110923	410
0.0407160795738002	1.74604602841344	134
0.0339188132078498	1.7713584790422	109
0.0361448519505898	1.74714593030472	273
0.0239759002250199	1.75982344434879	273
0.04029198527908	1.76036913034791	27
-0.0754725363222	2.22350715423687	27
0.0365663779605101	1.74759505809755	27
0.0186183381079199	1.74101197531504	91
0.0145900855186198	1.7364930255418	91
0.0271642451682101	1.7882009108053	27
0.03434163387301	1.77810209777096	27
0.0409092579785	1.78667105794429	93
0.0818748580886499	2.47956267063903	27
-0.0741298232637	2.20552372672451	27
0.0355948076196801	1.73194920953207	458
0.0319054284979501	1.76607996296772	27
0.0257199625605802	1.73761978806267	27
0.0301618513472599	1.7539913146149	27
0.00187444044546981	1.72276714370585	27
-0.11656916562544	2.12314808525265	441
0.0314854457773901	1.7594083641165	441
0.01525419835033	1.73146593555496	134
0.0323753612060802	1.76072701078593	27
0.0237978584971401	1.77796058405828	27
0.0267467240127202	1.76616704687936	27
-0.0863153946884698	2.19433697522685	91
0.0718254957391999	2.47521652587543	27
0.0297428279585601	1.78478163746822	27
0.0275819478134101	1.76550976278697	27
0.0243923631439298	1.72982905901667	27
-0.0871260836105101	2.17890187294104	93
0.0238935661948001	1.76226593184663	93
0.0733513219097501	2.47409891071803	93
-0.0978905837940198	2.17263708542596	93
0.0423372444352399	1.76958095912024	93
-0.0672050957797898	2.14178135454301	27
0.0297428279585601	1.78478163746822	458
0.0131097064560501	1.74970222628579	27
0.00761121531804987	1.73287489521067	27
-0.0812306677897499	2.19416580094602	441
-0.07130572408375	2.14284646517285	441
0.0212205356105	1.75236126583843	181
0.0313269185021898	1.75202678253973	161
0.0461119310193201	1.7779184374033	295
-0.0692926182590301	2.19019158070379	295
0.0192543073591001	1.76044171960393	78
-0.10419097785395	2.17462203994922	27
-0.0747316539027598	2.20677221749093	27
0.0176813840873198	1.75776245721815	27
0.0355285837416801	1.79046075418453	91
-0.10419097785395	2.17462203994922	27
-0.0908837592878098	2.18135282051485	27
-0.0800331363017199	2.17950812719616	27
0.0259602657669	1.77571958773482	27
-0.0794339268234601	2.14389097217625	27
0.0355285837416801	1.79046075418453	27
0.0237978584971401	1.77796058405828	27
-0.0624900297549802	2.19694261614326	93
0.0325210682611301	1.76578903213022	93
-0.0962734338815801	2.13151864964227	27
-0.0908837592878098	2.18135282051485	441
-0.0864224369425202	2.18373633859404	441
0.00973055556083002	1.73977878983205	441
0.0355285837416801	1.79046075418453	441
0.0328020767282302	1.73117655357339	441
0.0317484045302998	1.78137918388793	441
0.0474365758858202	1.73465891366375	134
0.00780628649388993	1.72238849355829	273
0.0278861055995301	1.72354048062865	273
0.00758511761751013	1.72123636760271	188
0.0165579368110298	1.70094609528398	446
0.0122903849650702	1.74284785118264	27
-0.10533687208369	2.11649530932333	27
-0.0900294372368098	2.20071127795272	27
0.07567846615314	2.49123744491361	27
0.0346859298275599	1.76190632052241	27
0.0066945059186998	1.72845592564377	93
0.0365149256138402	1.75214876686772	93
0.0269917104786499	1.73544316824961	93
0.0340508477813901	1.75187524986932	458
0.0201909486624698	1.75096064138591	458
-0.10294173684308	2.14843214497578	458
0.0358035991660999	1.74701746436338	458
0.0250062200768699	1.7627695206282	458
-0.0987230780313499	2.18344506329651	458
0.00986929758719013	1.73553572597893	27
0.00526081246017007	1.71937661870384	27
0.0381202200528099	1.77866058288672	441
0.0325210682611301	1.76578903213022	441
0.0379797404265201	1.77547626350938	181
0.03915981323129	1.75680900096895	134
0.0131097064560501	1.74970222628579	109
0.0489107544681602	1.76627448492499	109
0.0383142749991201	1.75740754542839	188
-0.08035598170465	2.20535709456144	295
-0.0851219441989501	2.19656387831285	27
0.0355285837416801	1.79046075418453	27
0.0242158108929198	1.75552814484328	27
0.0372748970201702	1.78143272151952	27
0.0230427760352798	1.73455886480184	91
-0.06806948506512	2.19527127430869	91
-0.0729073062416998	2.22408727356654	27
-0.0604668868431002	2.18957736236945	27
-0.0631774267719099	2.21682958451599	27
0.0271029390084698	1.75108257271372	93
-0.0805926287004701	2.185476918915	93
0.0407160795738002	1.74604602841344	93
-0.0676109957027702	2.20869520247178	458
-0.0644447997134301	2.20191020897879	27
0.0319054284979501	1.76607996296772	441
0.0206074801703799	1.74987860684014	441
-0.0819966426786198	2.21063264003197	754
0.0239759002250199	1.75982344434879	134
0.0233800876724799	1.75617268239177	27
-0.000426910591249996	1.69126502243374	27
0.0381202200528099	1.77866058288672	91
0.0376974660276201	1.78825040842562	91
-0.0753331864557101	2.19548398424986	27
-0.11519484694522	2.11588126129043	27
0.0351071647482701	1.7915886071351	27
-0.07808492280193	2.17001859174413	458
-0.0987230780313499	2.18344506329651	27
0.0439338339165798	1.77998616645985	27
0.0239781122824598	1.76263870806536	181
0.03873695158777	1.77888244788449	446
0.02890532830894	1.75624626442474	446
0.0401576221055899	1.77940352472172	295
0.0109669118149101	1.73097006899876	78
0.0238935661948001	1.76226593184663	27
0.0271642451682101	1.7882009108053	27
0.0383142749991201	1.75740754542839	91
0.0214061082732901	1.77973211485229	91
-0.0694811054057198	2.19337668835886	27
-0.0955285698798298	2.11318426756154	27
0.0375554717429698	1.77656511984412	27
0.00199314045441978	1.70716154450967	27
0.0128546066533701	1.73277326446805	27
0.0207788026809901	1.75979169499821	27
0.0401576221055899	1.77940352472172	27
0.0203574789970999	1.76089251568796	27
0.0287360625220798	1.76328940978545	27
0.0233636365524901	1.73251178341482	93
0.0216371718583201	1.75279571838875	93
0.0523318321412498	2.42689495454286	93
0.00986929758719013	1.73553572597893	458
0.0239781122824598	1.76263870806536	441
0.0360909509988501	1.74087384868574	181
0.0301618513472599	1.7539913146149	125
-0.1081258706289	2.16440710240586	27
0.0379797404265201	1.77547626350938	91
0.0329411574337501	1.78765901257722	91
-0.0959758516297202	2.188896580578	27
0.0506640946538401	1.7220164128471	27
-0.0896565578392399	2.17747319504746	27
-0.1245506035056	2.06353679670286	93
-0.0839986976481102	2.13024098465458	27
0.0145900855186198	1.7364930255418	458
0.0413332744902601	1.78556725644158	458
-0.0728514992068901	2.19741875477332	458
-0.07587637114261	2.22548792102407	27
0.0381202200528099	1.77866058288672	441
0.0225185091931999	1.73514381497273	441
0.04786407796019	1.74916226167184	181
0.0383142749991201	1.75740754542839	27
-0.0961188793723098	2.17902584315189	91
-0.0823970870880002	2.15538891399973	91
0.0355285837416801	1.79046075418453	27
0.03986807695415	1.76198366427652	27
-0.0714398938507399	2.17900935656028	93
-0.0974804095929902	2.09497915598305	27
0.0293239869881501	1.78591308132808	458
0.04029198527908	1.76036913034791	458
-0.0817651580569998	2.18320575500623	458
0.0353804858200699	1.76884300398295	458
0.0135210311175298	1.75012145464247	181
-0.07923798471559	2.2395032594901	134
0.0303579279806501	1.75815043047727	295
0.0321700747136799	1.78026665832039	27
0.0401576221055899	1.77940352472172	27
0.0237978584971401	1.77796058405828	91
0.0275819478134101	1.76550976278697	27
0.0339188132078498	1.7713584790422	27
0.0471570078489401	1.76521195559602	27
0.0489107544681602	1.76627448492499	27
0.0435084722200898	1.78951797761964	93
0.0329411574337501	1.78765901257722	93
0.0329411574337501	1.78765901257722	458
-0.06821605976846	2.20992936027505	458
0.0158803250392801	1.75044711130464	441
0.0293239869881501	1.78591308132808	441
0.0319054284979501	1.76607996296772	441
0.0355285837416801	1.79046075418453	441
0.0365663779605101	1.74759505809755	27
0.0124369916748202	1.75475715657275	27
0.0176195594584199	1.7478452773406	27
0.03933506147066	1.72850935055886	27
-0.07808492280193	2.17001859174413	91
-0.0753331864557101	2.19548398424986	27
0.03274594374107	1.72214262628452	93
0.0671692619300202	2.49338630462321	93
0.0239781122824598	1.76263870806536	93
-0.0871177336587699	2.16176507552178	27
0.0319054284979501	1.76607996296772	27
0.0349780054687701	1.75533338940532	458
0.00710957545607993	1.70709549119351	109
0.0339188132078498	1.7713584790422	27
0.0214061082732901	1.77973211485229	91
0.0379797404265201	1.77547626350938	27
-0.0998287856189899	2.16941259516517	91
0.0448329207419	1.73146440485931	27
0.0190627005144801	1.72426736028144	27
0.0351071647482701	1.7915886071351	27
0.0407160795738002	1.74604602841344	27
-0.06728807124603	2.14258042506076	27
0.0297428279585601	1.78478163746822	458
0.0474365758858202	1.73465891366375	195
-0.0888974255394501	2.22674634620533	27
0.00986929758719013	1.73553572597893	27
0.0799711876923102	2.48014414334704	91
0.04308329735544	1.78273337554263	91
0.0413332744902601	1.78556725644158	27
-0.0839598313069101	2.16626057197088	27
0.03854315922564	1.74332033436954	93
0.10247622566967	2.43085828981357	93
0.0722946296565601	2.49087309811719	93
0.0192543073591001	1.76044171960393	93
-0.0676109957027702	2.20869520247178	27
-0.11577605446273	2.09620326820084	755
-0.0994702414545698	2.16226177829057	27
0.0293239869881501	1.78591308132808	441
0.01525419835033	1.73146593555496	441
-0.0945843683582099	2.18123810330268	181
0.0293239869881501	1.78591308132808	181
0.0265676086317099	1.76540184055778	134
0.01884046099436	1.76001338712733	446
-0.0512457701432898	2.21622018052078	91
0.0369390861488901	1.75055443782218	91
0.0463039281373998	1.73794332349269	91
0.0218212603712402	1.75712836725798	27
0.0323255944428902	1.75670721857387	27
0.0510928760515701	1.75779473253385	27
0.00758511761751013	1.72123636760271	93
-0.09143766830661	2.1473240631683	93
-0.10126264915906	2.19978164899911	93
-0.0888544412916201	2.16434236806827	458
0.0456854066424999	1.77956358080194	458
-0.0612731344504698	2.18574206677138	458
0.0465386431905901	1.76335665313056	27
0.0301618513472599	1.7539913146149	441
0.0325210682611301	1.76578903213022	441
0.0365663779605101	1.74759505809755	441
0.0303579279806501	1.75815043047727	441
-0.08425091350141	2.10505467139011	441
-0.0841233438759002	2.20053135311273	441
0.0180347805208601	1.76953980875816	441
0.0417574770069198	1.75519593531386	351
0.03595018693674	1.75966452644368	181
0.0155231625247101	1.75993793445774	273
0.00360213306974	1.70468830631101	396
0.00986929758719013	1.73553572597893	78
0.0109669118149101	1.73097006899876	27
0.0435084722200898	1.78951797761964	91
0.0256342669246998	1.75355613691864	91
0.0664588769261698	2.47276973788531	91
-0.11188294124973	2.13011742913444	91
-0.0871177336587699	2.16176507552178	27
0.0944880570698499	2.46383298861268	27
0.0209911359141102	1.75779269442633	27
0.03873695158777	1.77888244788449	93
0.06819463847626	2.47110364848618	27
-0.0713750464990302	2.20001164495907	27
0.0242158108929198	1.75552814484328	458
0.0301618513472599	1.7539913146149	458
0.0259602657669	1.77571958773482	27
0.0439338339165798	1.77998616645985	27
0.0235596179620199	1.76092025709296	441
0.0127543097019802	1.70323116452462	441
0.0307768748439399	1.75859398683312	441
0.0297428279585601	1.78478163746822	181
0.0267467240127202	1.76616704687936	134
0.0267467240127202	1.76616704687936	273
0.0419507117948199	1.72325213717992	446
0.0235596179620199	1.76092025709296	78
0.0131097064560501	1.74970222628579	27
0.0297428279585601	1.78478163746822	27
0.00442247435587984	1.71272695085662	91
0.0245898330360799	1.76233303311063	27
0.0365663779605101	1.74759505809755	27
0.03595018693674	1.75966452644368	27
0.02951454807764	1.68303949145705	93
0.0349780054687701	1.75533338940532	27
0.0435084722200898	1.78951797761964	458
-0.09650014466254	2.15897234072283	458
-0.0845601448582198	2.17951186711392	458
0.0154277695867999	1.70623830863385	458
0.0218212603712402	1.75712836725798	458
0.0384041951983898	1.74544467700048	27
0.0381202200528099	1.77866058288672	441
0.0401576221055899	1.77940352472172	441
0.0376974660276201	1.78825040842562	441
0.0192543073591001	1.76044171960393	441
0.0160405475504701	1.73830892918756	181
0.0409092579785	1.78667105794429	181
0.0376974660276201	1.78825040842562	268
0.0329411574337501	1.78765901257722	580
0.0372748970201702	1.78143272151952	109
0.0482917685307198	1.75234968499278	109
0.0435084722200898	1.78951797761964	295
0.00526081246017007	1.71937661870384	27
-0.0661650147091399	2.22946365317784	91
-0.07975045905444	2.1918121540872	91
-0.0691274396420298	2.1714289464328	91
-0.06700563056966	2.19527390796914	27
0.02890532830894	1.75624626442474	27
-0.11142028034309	2.16041984420216	27
-0.09219317173112	2.15751839786991	934
0.0287360625220798	1.76328940978545	93
0.0376974660276201	1.78825040842562	93
0.0589862655886302	2.41013517238487	93
-0.0772801311843501	2.22711429179434	93
0.0372748970201702	1.78143272151952	27
0.0784744144853899	2.47317809088143	27
0.0782254721734099	2.47587991010717	27
0.0206895723506402	1.72945077822791	27
0.0176195594584199	1.7478452773406	458
-0.0715765856621702	2.19881206389729	458
-0.0741298232637	2.20552372672451	458
0.0361448519505898	1.74714593030472	27
0.0384041951983898	1.74544467700048	27
0.0376974660276201	1.78825040842562	27
0.0297428279585601	1.78478163746822	441
0.0242158108929198	1.75552814484328	441
0.0319054284979501	1.76607996296772	441
0.0245898330360799	1.76233303311063	181
0.0341224328898102	1.75800966606099	181
-0.0730808589835701	2.1527598212758	181
0.05152184682228	1.76914236754964	109
0.0319054284979501	1.76607996296772	273
-0.06363879084256	2.18960221657477	27
0.0245898330360799	1.76233303311063	27
0.0242158108929198	1.75552814484328	27
-0.10235430965686	2.16895791562	27
0.0329411574337501	1.78765901257722	934
0.0218212603712402	1.75712836725798	934
0.0245898330360799	1.76233303311063	934
0.0404854273422601	1.7573804658212	93
0.0413332744902601	1.78556725644158	93
0.00401856198466	1.72538236633879	458
0.01884046099436	1.76001338712733	27
0.0381202200528099	1.77866058288672	441
-0.10341003392958	2.10266498633864	441
0.02120031048115	1.72983895401708	441
0.0487196477309202	1.74570747634594	181
0.0269917104786499	1.73544316824961	125
0.0303579279806501	1.75815043047727	125
0.0209911359141102	1.75779269442633	91
0.0093425362778099	1.73033654831266	27
0.0554293669782	1.69527421573547	91
0.0295867664128502	1.71956889174901	91
0.00780628649388993	1.72238849355829	27
0.0216371718583201	1.75279571838875	27
-0.0869108439314199	2.19498266757501	934
0.0250062200768699	1.7627695206282	93
-0.06508122398612	2.17295423103149	93
0.0333614298681701	1.76515449358433	458
0.0297428279585601	1.78478163746822	27
-0.07748456420526	2.16397760393589	441
0.0186183381079199	1.74101197531504	181
0.03274594374107	1.72214262628452	181
0.0351071647482701	1.7915886071351	181
0.0399529433332599	1.74207616998837	268
0.03915981323129	1.75680900096895	295
-0.06700563056966	2.19527390796914	78
0.0214061082732901	1.77973211485229	27
-0.0894484597766798	2.18449798017207	27
0.0238935661948001	1.76226593184663	91
-0.0740118190571502	2.16029476800471	91
0.0101421275090199	1.74019612353105	91
0.0214061082732901	1.77973211485229	27
0.0131097064560501	1.74970222628579	27
0.0325919291812902	1.74981757796973	27
0.0120195581054201	1.73341175575919	27
0.0184501814026801	1.74719372001359	93
0.03274594374107	1.72214262628452	93
-0.000426910591249996	1.69126502243374	93
0.04308329735544	1.78273337554263	27
0.0541372186391298	1.75808298007436	93
0.0776462048481799	2.49620000762474	93
-0.0888974255394501	2.22674634620533	27
0.0355285837416801	1.79046075418453	27
0.0409092579785	1.78667105794429	458
0.0329411574337501	1.78765901257722	27
0.0339188132078498	1.7713584790422	27
-0.10487764009837	2.14303007492414	441
0.0409092579785	1.78667105794429	441
0.0293239869881501	1.78591308132808	441
0.0372748970201702	1.78143272151952	441
0.0339188132078498	1.7713584790422	441
0.0214061082732901	1.77973211485229	441
0.0351071647482701	1.7915886071351	351
0.0231435162296498	1.73201404957501	181
0.0301618513472599	1.7539913146149	125
0.0281965087487999	1.72741467268495	109
0.0218212603712402	1.75712836725798	446
0.0351670059535301	1.71179920942372	446
0.0325210682611301	1.76578903213022	27
0.0456854066424999	1.77956358080194	27
-0.0902869149333401	2.18072301778343	91
-0.0630987166877799	2.18898678012181	27
0.0245898330360799	1.76233303311063	91
0.0269147758093302	1.71654839690342	91
0.0329411574337501	1.78765901257722	91
0.0405832365282302	1.76998070490232	91
0.0323255944428902	1.75670721857387	91
0.0456854066424999	1.77956358080194	93
0.0351071647482701	1.7915886071351	27
0.00442247435587984	1.71272695085662	755
0.0303579279806501	1.75815043047727	27
0.0245898330360799	1.76233303311063	27
-0.0798285662294398	2.19688285289868	27
0.0261436927025902	1.76649910992419	441
-0.10163979687224	2.18125874100759	351
0.0319054284979501	1.76607996296772	181
0.0275819478134101	1.76550976278697	181
0.0439338339165798	1.77998616645985	181
0.0297428279585601	1.78478163746822	134
0.01884046099436	1.76001338712733	273
0.0231435162296498	1.73201404957501	78
0.0214061082732901	1.77973211485229	27
0.0269917104786499	1.73544316824961	91
0.0159449011820998	1.73792538964343	91
0.0293239869881501	1.78591308132808	91
-0.0706417068739	2.20180404027835	91
0.0313269185021898	1.75202678253973	27
-0.00157970706893007	1.69835984709154	93
0.0261436927025902	1.76649910992419	93
-0.0597155142288299	2.18825495870534	27
-0.10299903473073	2.152469475569	27
-0.06700563056966	2.19527390796914	458
0.0471570078489401	1.76521195559602	27
0.0319054284979501	1.76607996296772	441
0.0192543073591001	1.76044171960393	441
0.0467303741432601	1.76626361660703	351
0.0423372444352399	1.76958095912024	181
0.0349780054687701	1.75533338940532	268
0.0214061082732901	1.77973211485229	580
0.0372748970201702	1.78143272151952	109
0.0209911359141102	1.75779269442633	109
0.0135210311175298	1.75012145464247	109
0.0131097064560501	1.74970222628579	109
0.05152184682228	1.76914236754964	446
0.0376974660276201	1.78825040842562	396
0.0260609152859099	1.76016525034169	91
0.0281243939184201	1.74953270237886	91
0.0376974660276201	1.78825040842562	91
-0.0953187217964002	2.15937199349325	91
0.03973219459857	1.7726922919672	91
0.0275819478134101	1.76550976278697	27
0.0300002478974299	1.7552238264429	934
-0.11763551308641	2.1303621305298	934
0.0340508477813901	1.75187524986932	93
-0.0735115914751301	2.23050826433177	27
0.0351071647482701	1.7915886071351	27
0.0201909486624698	1.75096064138591	27
0.00976151829739003	1.75162713601541	458
0.0158803250392801	1.75044711130464	27
0.0218212603712402	1.75712836725798	441
0.0321700747136799	1.78026665832039	441
0.0497665440841102	1.76363071170709	181
0.0263793569516499	1.77460351315333	181
-0.0792296294169899	2.16899600189343	27
-0.09538316942426	2.2176990059689	27
-0.0653068030373301	2.20269609227115	91
0.0250062200768699	1.7627695206282	91
-0.10878271353569	2.15088066983835	27
0.0297428279585601	1.78478163746822	91
0.0297428279585601	1.78478163746822	27
0.0180347805208601	1.76953980875816	27
-0.0908442561598402	2.17935180480089	27
-0.0830566031479001	2.17832291541392	27
0.0317484045302998	1.78137918388793	27
0.0102855994626898	1.7359606377124	27
0.0482917685307198	1.75234968499278	351
0.0452590699275399	1.76798173252537	351
0.00780628649388993	1.72238849355829	351
0.0333614298681701	1.76515449358433	181
0.0218212603712402	1.75712836725798	109
0.0323255944428902	1.75670721857387	109
0.0267467240127202	1.76616704687936	446
0.0263793569516499	1.77460351315333	446
0.0325210682611301	1.76578903213022	195
0.03854315922564	1.74332033436954	27
0.0341224328898102	1.75800966606099	91
0.01884046099436	1.76001338712733	91
0.0791139458176202	2.49531532816293	91
-0.0837741373543701	2.20097265518492	91
-0.0934330579917799	2.1774915265913	91
-0.103592912518	2.14599358130128	27
0.0235596179620199	1.76092025709296	27
-0.0721798691695099	2.19543949998298	91
0.04933855494235	1.77287408526635	93
0.0323255944428902	1.75670721857387	27
-0.10577470137823	2.164190526638	93
0.0319054284979501	1.76607996296772	93
0.0700038325344501	2.48491327201271	27
0.0683907951299898	2.46399827343237	458
0.0361448519505898	1.74714593030472	458
0.0267986306365202	1.74416078377178	458
0.0486081013186901	1.7577398854478	27
0.0201909486624698	1.75096064138591	181
0.0351071647482701	1.7915886071351	181
0.0135210311175298	1.75012145464247	295
-0.11763551308641	2.1303621305298	295
-0.0973298277506398	2.17359131286726	27
0.0323255944428902	1.75670721857387	27
0.00739746474101999	1.7219798445643	27
0.0289650440247602	1.74686640103219	91
0.0329411574337501	1.78765901257722	27
0.0263793569516499	1.77460351315333	27
0.0438617932555698	1.69336292581212	27
0.0319054284979501	1.76607996296772	27
-0.0869108439314199	2.19498266757501	27
-0.0727610053166901	2.13955023395125	934
-0.0825962553362398	2.22453207137743	93
0.0160792615713201	1.73082789242852	27
0.0293239869881501	1.78591308132808	27
0.0289650440247602	1.74686640103219	458
0.0307768748439399	1.75859398683312	458
-0.0688208230288101	2.19868013156239	27
0.0405832365282302	1.76998070490232	441
0.0376974660276201	1.78825040842562	181
0.0404854273422601	1.7573804658212	181
0.0209911359141102	1.75779269442633	181
-0.0776004371685799	2.19984316622646	27
-0.0672050957797898	2.14178135454301	27
-0.0894288909360501	2.19209615715066	91
0.0376974660276201	1.78825040842562	91
0.0216371718583201	1.75279571838875	91
0.0351071647482701	1.7915886071351	91
-0.0947901970301399	2.21701305543046	91
-0.06700563056966	2.19527390796914	27
-0.0806320498716699	2.19292083776073	934
0.03986807695415	1.76198366427652	543
0.0381202200528099	1.77866058288672	93
0.0293239869881501	1.78591308132808	458
-0.08515166332608	2.22401427600593	458
0.0218212603712402	1.75712836725798	27
-0.0863153946884698	2.19433697522685	441
0.0355285837416801	1.79046075418453	441
0.0245898330360799	1.76233303311063	181
0.0487196477309202	1.74570747634594	446
0.0135210311175298	1.75012145464247	195
0.03595018693674	1.75966452644368	78
0.11381824131018	2.47738919112325	91
-0.0988789196844899	2.12478082676286	27
-0.09143766830661	2.1473240631683	27
0.0109669118149101	1.73097006899876	27
0.0301618513472599	1.7539913146149	934
-0.06821605976846	2.20992936027505	27
-0.0675227305023798	2.17792383521782	458
-0.0585741848880801	2.1755072629929	755
0.03274594374107	1.72214262628452	441
0.03854315922564	1.74332033436954	181
0.0381202200528099	1.77866058288672	181
0.0351071647482701	1.7915886071351	181
0.0235596179620199	1.76092025709296	181
0.0261436927025902	1.76649910992419	235
-0.0611364739111999	2.17653867899958	134
0.0214061082732901	1.77973211485229	134
0.0409092579785	1.78667105794429	109
0.0230427760352798	1.73455886480184	125
0.0135210311175298	1.75012145464247	295
-0.0967944616836198	2.17181570153037	27
0.05238035702039	1.75329127816774	27
0.0213036005566698	1.7595063451196	27
0.0267467240127202	1.76616704687936	91
0.0214061082732901	1.77973211485229	91
0.0214061082732901	1.77973211485229	91
0.00442247435587984	1.71272695085662	27
0.0367266178461101	1.75496238919636	91
0.03873695158777	1.77888244788449	27
0.0381202200528099	1.77866058288672	543
0.0456166548633101	1.72770053924491	543
0.0218212603712402	1.75712836725798	27
0.0281965087487999	1.72741467268495	27
0.0135210311175298	1.75012145464247	458
-0.07667789788395	2.2387915018087	458
0.03455012489195	1.7646083652213	27
0.0439338339165798	1.77998616645985	441
-0.11359529285894	2.12384762863133	441
-0.0900421868027599	2.16392864560865	181
0.0145900855186198	1.7364930255418	181
0.0297428279585601	1.78478163746822	181
0.0271642451682101	1.7882009108053	181
0.0325210682611301	1.76578903213022	181
0.0289650440247602	1.74686640103219	134
0.0209911359141102	1.75779269442633	134
0.0417574770069198	1.75519593531386	580
0.04276402201039	1.76795651153876	91
-0.11770617483309	2.1122553981889	91
0.0263793569516499	1.77460351315333	934
0.0329411574337501	1.78765901257722	27
0.0404854273422601	1.7573804658212	27
-0.0695378362622501	2.24067174909136	93
0.0271642451682101	1.7882009108053	458
-0.0957252728604301	2.18410821842038	458
-0.0912296400105501	2.1615793444143	458
0.00719336888182998	1.73244887992211	27
0.03455012489195	1.7646083652213	27
-0.09650014466254	2.15897234072283	441
0.0131097064560501	1.74970222628579	109
0.0186183381079199	1.74101197531504	188
0.0355291255260601	1.73794437575311	91
0.00627961604148997	1.70770884021049	91
0.0281243939184201	1.74953270237886	27
-0.0888974255394501	2.22674634620533	934
0.0615630996365102	2.40204673801664	27
0.04308329735544	1.78273337554263	93
0.0271642451682101	1.7882009108053	27
-0.0869108439314199	2.19498266757501	441
0.02120031048115	1.72983895401708	181
0.0297428279585601	1.78478163746822	78
0.0245898330360799	1.76233303311063	27
-0.0883082924503	2.15202994292655	664
0.01500883638476	1.73542556969229	91
0.0376974660276201	1.78825040842562	934
0.0271642451682101	1.7882009108053	27
0.0376974660276201	1.78825040842562	543
0.0439338339165798	1.77998616645985	27
0.0271642451682101	1.7882009108053	247
0.0297428279585601	1.78478163746822	247
0.0135210311175298	1.75012145464247	27
0.0497665440841102	1.76363071170709	446
0.0209911359141102	1.75779269442633	27
0.0307768748439399	1.75859398683312	91
0.0186183381079199	1.74101197531504	934
0.0297018151981501	1.75761129265505	543
0.0158803250392801	1.75044711130464	93
0.0122903849650702	1.74284785118264	93
0.0465386431905901	1.76335665313056	458
-0.10185246833591	2.20046154651165	458
0.0321700747136799	1.78026665832039	458
0.0206074801703799	1.74987860684014	247
0.0443593825766699	1.74484134897789	446
0.03854315922564	1.74332033436954	446
0.0323255944428902	1.75670721857387	91
-0.10185246833591	2.20046154651165	27
0.0275819478134101	1.76550976278697	27
0.0317484045302998	1.78137918388793	27
0.0489107544681602	1.76627448492499	543
0.0287360625220798	1.76328940978545	27
0.0638167456033898	2.49975432521211	93
0.0371556669938702	1.75335838613405	27
0.0155231625247101	1.75993793445774	27
-0.08907933091754	2.18334635293331	91
0.0245898330360799	1.76233303311063	91
0.0340508477813901	1.75187524986932	27
0.0779667677510201	2.49518807856371	543
-0.0612731344504698	2.18574206677138	543
-0.0841233438759002	2.20053135311273	543
-0.0784810923267201	2.16846007609729	27
-0.0747316539027598	2.20677221749093	27
0.05523243729938	2.47308138743002	755
0.0256342669246998	1.75355613691864	755
0.0329411574337501	1.78765901257722	27
0.0263793569516499	1.77460351315333	284
-0.0747316539027598	2.20677221749093	181
0.0417574770069198	1.75519593531386	27
0.0245898330360799	1.76233303311063	91
0.0459926999375999	1.762992208784	664
0.0206074801703799	1.74987860684014	91
0.0329411574337501	1.78765901257722	91
0.0439338339165798	1.77998616645985	91
0.0293239869881501	1.78591308132808	543
-0.0819919595279202	2.15695902993397	543
-0.1024419999343	2.17196310695592	93
0.0201909486624698	1.75096064138591	755
0.0239781122824598	1.76263870806536	247
0.0237978584971401	1.77796058405828	181
0.0201909486624698	1.75096064138591	181
0.0461119310193201	1.7779184374033	181
0.0435084722200898	1.78951797761964	268
0.0235596179620199	1.76092025709296	580
0.0297018151981501	1.75761129265505	109
0.04276402201039	1.76795651153876	109
0.0461119310193201	1.7779184374033	446
0.0191408354892002	1.73126393384282	27
-0.0819560514881199	2.19471386701588	27
0.0851394348749102	2.46560423432361	91
-0.0710609089118202	2.19121923390195	91
0.0465386431905901	1.76335665313056	27
-0.11569678661623	2.12986887684406	27
-0.0674574588593799	2.18559840935591	543
-0.10185246833591	2.20046154651165	755
0.0297428279585601	1.78478163746822	247
-0.10185246833591	2.20046154651165	27
0.00526081246017007	1.71937661870384	441
-0.0883082924503	2.15202994292655	181
0.0287360625220798	1.76328940978545	181
0.0697640430140898	2.49454608230963	268
0.0192543073591001	1.76044171960393	268
0.0192543073591001	1.76044171960393	273
0.0124369916748202	1.75475715657275	779
0.0461119310193201	1.7779184374033	91
0.02890532830894	1.75624626442474	91
0.03434163387301	1.77810209777096	27
-0.0933780173908101	2.18615248911191	543
0.07126316991571	2.48310372299207	543
-0.0860525602709501	2.19613126187097	181
0.0351071647482701	1.7915886071351	181
0.0187178414288098	1.73082290264151	181
0.01500883638476	1.73542556969229	181
0.0271642451682101	1.7882009108053	109
0.0237978584971401	1.77796058405828	295
0.0186183381079199	1.74101197531504	91
0.0267467240127202	1.76616704687936	664
0.0372748970201702	1.78143272151952	91
0.01566664095709	1.75278318538375	934
0.0737642446872999	2.49465068895778	543
-0.08702884553706	2.19221807567758	543
-0.0835198775879	2.20724451065589	27
-0.0668671133191801	2.14514826519266	27
0.0532767390757898	1.74038273615626	27
0.0218212603712402	1.75712836725798	755
0.0519510071003699	1.76754027355949	181
0.0265676086317099	1.76540184055778	181
0.0131097064560501	1.74970222628579	580
0.01566664095709	1.75278318538375	779
0.0245898330360799	1.76233303311063	451
0.0180347805208601	1.76953980875816	27
0.0788938469563001	2.44186983144185	543
-0.06886740608208	2.19217613559831	27
0.0429434662514301	1.72468552637606	27
-0.0829708982501298	2.18423561763928	247
0.0319054284979501	1.76607996296772	27
0.0851557499509701	2.47724961512936	27
0.0213036005566698	1.7595063451196	27
0.00758511761751013	1.72123636760271	27
0.0510928760515701	1.75779473253385	529
0.0351071647482701	1.7915886071351	268
0.0461119310193201	1.7779184374033	580
0.0250062200768699	1.7627695206282	134
0.0323753612060802	1.76072701078593	109
0.0409092579785	1.78667105794429	779
0.0439338339165798	1.77998616645985	779
0.0413332744902601	1.78556725644158	779
-0.0650516281279798	2.2081080225941	446
0.0271642451682101	1.7882009108053	195
0.0214061082732901	1.77973211485229	295
0.02890532830894	1.75624626442474	91
0.07557006720742	2.45821434408078	91
0.0452590699275399	1.76798173252537	91
0.0349780054687701	1.75533338940532	91
0.0381202200528099	1.77866058288672	27
-0.07485996509712	2.12903946472765	27
0.0181981585142301	1.7630799900606	27
0.11324571294256	2.49104958159941	27
-0.11067097717667	2.16389033926813	181
0.0237978584971401	1.77796058405828	529
0.0329411574337501	1.78765901257722	529
0.0297428279585601	1.78478163746822	529
0.0186183381079199	1.74101197531504	529
0.0184501814026801	1.74719372001359	181
0.0353804858200699	1.76884300398295	235
0.0275819478134101	1.76550976278697	235
0.0233800876724799	1.75617268239177	580
0.0293239869881501	1.78591308132808	580
0.0435084722200898	1.78951797761964	580
-0.10243403296832	2.10755181110076	109
0.0297428279585601	1.78478163746822	109
0.0319054284979501	1.76607996296772	109
0.00454929941904991	1.72583626182616	109
-0.0681820649805598	2.22157237083133	109
-0.0865244823817002	2.15612087311193	109
-0.0812783878359302	2.18383952901085	91
-0.0832248948039398	2.14099367196782	91
0.0355285837416801	1.79046075418453	27
0.0252078063200001	1.72052238777182	27
0.0439338339165798	1.77998616645985	27
0.0614088321159598	2.47039439887346	247
0.0607840242211402	2.47098851078284	181
0.0271642451682101	1.7882009108053	181
0.0160405475504701	1.73830892918756	181
0.06046701249632	2.47719770514378	181
0.0313269185021898	1.75202678253973	268
0.0275819478134101	1.76550976278697	109
0.0957496212778999	2.44446167692027	109
0.0644827681848699	2.48718306628088	109
-0.09573647068874	2.16229295901197	109
0.0265676086317099	1.76540184055778	109
0.0301618513472599	1.7539913146149	109
0.0409092579785	1.78667105794429	109
-0.0990667285756701	2.18509997485927	779
0.0235596179620199	1.76092025709296	779
-0.0753331864557101	2.19548398424986	446
0.0181981585142301	1.7630799900606	15
-0.0875060004944701	2.16709350303895	91
0.0271642451682101	1.7882009108053	91
0.00199314045441978	1.70716154450967	91
-0.09538316942426	2.2176990059689	27
-0.0986777158051799	2.14925147799006	27
-0.0800331363017199	2.17950812719616	247
0.0636191563878699	2.42804174159694	247
-0.08702884553706	2.19221807567758	247
-0.10612968170712	2.16890390847285	247
0.0461119310193201	1.7779184374033	181
0.0214061082732901	1.77973211485229	181
0.0333614298681701	1.76515449358433	181
-0.0792039936490001	2.18927635738582	529
-0.0979251732863302	2.21092118877332	529
0.0216371718583201	1.75279571838875	181
0.0209911359141102	1.75779269442633	268
0.0243923631439298	1.72982905901667	268
0.03434163387301	1.77810209777096	268
0.0375554717429698	1.77656511984412	580
-0.0880785681823801	2.18265286579734	109
0.0448329207419	1.73146440485931	109
-0.10878271353569	2.15088066983835	109
0.0489107544681602	1.76627448492499	109
-0.10176659623193	2.14882159108102	109
0.0474365758858202	1.73465891366375	109
-0.0727230443069602	2.16577919587348	779
-0.0860763243723302	2.19661880117931	446
0.04308329735544	1.78273337554263	91
-0.0817958389632598	2.22860394511516	934
0.0209911359141102	1.75779269442633	27
0.0355285837416801	1.79046075418453	247
0.01566664095709	1.75278318538375	247
-0.000426910591249996	1.69126502243374	247
0.0730534003897501	2.49496095501601	27
-0.07331383738082	2.23173200563362	284
0.0394443544659202	1.75058558517172	181
0.0265676086317099	1.76540184055778	268
0.0325210682611301	1.76578903213022	268
0.04538985625048	2.42791104264385	580
0.0192318177325701	1.70394128237012	580
0.0365663779605101	1.74759505809755	134
0.04029198527908	1.76036913034791	109
0.0786207667755501	2.45417724025853	109
0.0313269185021898	1.75202678253973	109
0.0671169926420601	2.49468061382086	109
0.0372748970201702	1.78143272151952	109
-0.0975261867226198	2.16662149576118	779
0.0297428279585601	1.78478163746822	779
0.0265676086317099	1.76540184055778	195
0.0883051243035098	2.47298234911333	91
0.0297428279585601	1.78478163746822	664
-0.0959095776473702	2.17958140749713	91
-0.0922445510259999	2.21748304904581	91
-0.0618817340398801	2.19537013258231	91
0.0151016081679902	1.73855635706817	27
-0.1102696987517	2.15798171831402	27
0.0413332744902601	1.78556725644158	27
0.0334961775135598	1.73770123232882	181
0.0845996633170998	2.49291178871461	181
0.0186183381079199	1.74101197531504	181
0.0319054284979501	1.76607996296772	284
-0.0624900297549802	2.19694261614326	181
0.12187005473242	2.4696298769655	529
-0.0806320498716699	2.19292083776073	529
0.0375554717429698	1.77656511984412	529
-0.0925797800605799	2.1940163536727	235
-0.08119620341331	2.19972173150415	268
0.0379797404265201	1.77547626350938	268
0.0181981585142301	1.7630799900606	580
0.00780628649388993	1.72238849355829	580
0.0549984601522202	1.73394066552527	580
-0.10460246667357	2.14223132583363	109
0.07072042394925	2.47002304312427	109
-0.0832433626134002	2.17704733646752	109
0.0407160795738002	1.74604602841344	109
0.01884046099436	1.76001338712733	109
0.0263793569516499	1.77460351315333	109
-0.0906296868423899	2.1940007168915	109
0.0319054284979501	1.76607996296772	109
-0.0900421868027599	2.16392864560865	91
-0.0857196525125499	2.16630661886889	91
0.0572196852047902	2.45230455312298	91
0.0135210311175298	1.75012145464247	543
-0.0812306677897499	2.19416580094602	27
-0.0984389384409501	2.14976411577921	247
-0.0967305474512599	2.1535728583145	247
-0.0606642307196701	2.16656577989978	181
0.0732660267007499	2.46726332693129	181
-0.11978753050206	2.14154667828807	181
-0.0882823925685301	2.18666015895741	235
0.0319054284979501	1.76607996296772	235
-0.11025000240326	2.16079495917658	134
-0.0584411215916298	2.22575683595085	109
0.10042484706482	2.48023253301718	109
0.0263793569516499	1.77460351315333	109
-0.0806320498716699	2.19292083776073	109
-0.0973336237893099	2.18998721623583	109
-0.09317840682847	2.15724775117995	109
0.0325210682611301	1.76578903213022	109
0.0680920715408	2.45525836533456	779
-0.0863471209092999	2.22599633974923	451
0.0295797247395799	1.77747306964363	91
0.00454929941904991	1.72583626182616	91
0.0319054284979501	1.76607996296772	91
-0.0688208230288101	2.19868013156239	91
-0.0583126791239099	2.16712075898969	934
0.0876828803826801	2.48075796910285	934
-0.0947830847983	2.18405803923853	247
0.01777816209853	1.74164342306101	247
0.0351071647482701	1.7915886071351	247
-0.0875060004944701	2.16709350303895	27
0.0558606955778198	2.47248153315768	27
-0.0753331864557101	2.19548398424986	181
0.0303579279806501	1.75815043047727	284
0.0123338219158802	1.73234630225228	284
-0.0760753663498699	2.23748565697813	284
0.03434163387301	1.77810209777096	268
0.0297428279585601	1.78478163746822	268
0.0351071647482701	1.7915886071351	134
0.0376974660276201	1.78825040842562	580
-0.0063917361743	1.69278962629523	109
0.00187444044546981	1.72276714370585	273
0.0394443544659202	1.75058558517172	109
-0.0877131594202498	2.16297071297816	109
0.0186183381079199	1.74101197531504	91
0.0460131210513	2.44988216333349	91
0.0180347805208601	1.76953980875816	91
0.0203574789970999	1.76089251568796	91
-0.0823120465607801	2.16581870533929	91
-0.0741298232637	2.20552372672451	91
-0.0866783398440698	2.19725675403554	543
-0.11558834612159	2.11948612496712	27
0.0172586825180101	1.72897293710462	27
0.02890532830894	1.75624626442474	247
0.0381202200528099	1.77866058288672	247
0.0275819478134101	1.76550976278697	181
-0.0916319569489201	2.19005865409208	181
0.0323753612060802	1.76072701078593	284
0.0435084722200898	1.78951797761964	529
0.0775197239281602	2.45285399094609	529
-0.0602685999957102	2.15687566437832	529
-0.0880785681823801	2.18265286579734	529
-0.07725040900681	2.15310042151286	529
0.0181042707721599	1.75666097713263	268
0.04265830919101	1.74887839511611	268
-0.0631774267719099	2.21682958451599	580
0.0317484045302998	1.78137918388793	134
0.0649100580703799	2.47906369468442	109
0.0361448519505898	1.74714593030472	109
0.0120195581054201	1.73341175575919	800
0.02741277359286	1.74871357249702	91
-0.0837945935133102	2.21422928381119	91
-0.08910056146971	2.19237400345168	91
-0.0896966842263498	2.19363399503027	935
0.0333614298681701	1.76515449358433	27
0.0250062200768699	1.7627695206282	27
-0.0892311138955599	2.18389096121593	27
0.04265830919101	1.74887839511611	247
0.0289650440247602	1.74686640103219	247
0.0381202200528099	1.77866058288672	247
-0.0855123779044402	2.14979970806927	27
0.0259602657669	1.77571958773482	181
0.0180347805208601	1.76953980875816	181
-0.0825962553362398	2.22453207137743	529
-0.0701681339378801	2.1981756047879	235
0.0283109907556001	1.75665915110651	268
0.0362977581111998	1.74369471148873	580
0.0297428279585601	1.78478163746822	134
0.0603292424796198	2.49021043188062	109
0.0724617338426201	2.49754842511115	295
-0.07923798471559	2.2395032594901	27
0.0131097064560501	1.74970222628579	91
0.0237978584971401	1.77796058405828	91
-0.0957252728604301	2.18410821842038	27
-0.06821605976846	2.20992936027505	284
0.00739746474101999	1.7219798445643	181
0.07533066685588	2.45702070103468	181
-0.07820683898216	2.16769093890177	181
0.0314854457773901	1.7594083641165	580
-0.0713542344338101	2.19398357429962	109
-0.0678799952223899	2.20392837803529	109
0.0317484045302998	1.78137918388793	109
0.0642922432676198	2.45598611876885	109
-0.0843710212728599	2.19428451089524	109
-0.0715009136426499	2.19623814256979	779
-0.12186893457778	2.09873898040132	295
0.0413332744902601	1.78556725644158	295
-0.0558950122081399	2.17110296511532	91
0.0207788026809901	1.75979169499821	664
0.11513625813237	2.4495311361515	91
0.0333614298681701	1.76515449358433	91
0.0351071647482701	1.7915886071351	91
0.0293239869881501	1.78591308132808	934
0.0506640946538401	1.7220164128471	27
0.0101806828366202	1.72969851786379	27
0.08316656155153	2.47837582726097	247
-0.0746709641415499	2.1962989626707	247
-0.0978905837940198	2.17263708542596	181
-0.10155383867084	2.11708847391469	181
0.0471570078489401	1.76521195559602	181
0.0461119310193201	1.7779184374033	181
-0.0863153946884698	2.19433697522685	529
-0.10380796711599	2.16862152123861	529
0.0237864777583199	1.69886835561328	181
-0.0817958389632598	2.22860394511516	181
0.0351071647482701	1.7915886071351	235
0.0325210682611301	1.76578903213022	134
-0.0724715278324499	2.1901139186278	268
0.00739746474101999	1.7219798445643	109
0.05152184682228	1.76914236754964	109
0.0303579279806501	1.75815043047727	109
0.0333614298681701	1.76515449358433	109
0.0404854273422601	1.7573804658212	109
0.0119135175827201	1.73341440534533	109
-0.0637867316956102	2.22680837174723	779
0.0409092579785	1.78667105794429	15
-0.0682533985387499	2.17903096588776	91
0.0329411574337501	1.78765901257722	91
0.0293856441667399	1.71268361738301	91
-0.09538316942426	2.2176990059689	935
0.0212205356105	1.75236126583843	935
0.0109669118149101	1.73097006899876	935
0.0592054788509402	2.48638007526213	91
-0.11178593871813	2.14134784324112	934
0.0297428279585601	1.78478163746822	934
-0.11025000240326	2.16079495917658	934
0.0678347937602002	2.47632435314181	934
0.00719336888182998	1.73244887992211	27
-0.08259342307093	2.15368699187499	27
-0.0876784516067999	2.1860308610281	27
0.11109817544886	2.47914972455826	27
-0.08515166332608	2.22401427600593	181
-0.0760753663498699	2.23748565697813	181
0.0210241924152399	1.72021946722123	181
0.0339188132078498	1.7713584790422	181
0.0158803250392801	1.75044711130464	268
-0.0998287856189899	2.16941259516517	134
-0.0812306677897499	2.19416580094602	580
0.0355285837416801	1.79046075418453	109
-0.0869108439314199	2.19498266757501	109
0.0281965087487999	1.72741467268495	109
0.0333614298681701	1.76515449358433	109
0.0716098029019401	2.4912392877758	800
-0.0896966842263498	2.19363399503027	109
-0.0837741373543701	2.20097265518492	779
-0.08547401075587	2.16862471188457	91
0.0323753612060802	1.76072701078593	91
0.0471570078489401	1.76521195559602	91
0.00973055556083002	1.73977878983205	91
-0.0909603811219699	2.1014107131736	934
0.0181981585142301	1.7630799900606	934
0.07851648346786	2.4669648526832	27
-0.11007924417417	2.14375397602897	27
-0.10925499174809	2.14781316254613	27
-0.0741298232637	2.20552372672451	27
-0.0939700050290901	2.15832027907111	27
0.0102855994626898	1.7359606377124	247
0.00758511761751013	1.72123636760271	247
0.0355285837416801	1.79046075418453	247
0.0271642451682101	1.7882009108053	27
0.0785998368878298	2.47357676326071	27
0.0230427760352798	1.73455886480184	284
0.0216371718583201	1.75279571838875	181
0.0275819478134101	1.76550976278697	181
-0.0707717399908998	2.20665698505197	235
0.0271642451682101	1.7882009108053	268
0.0346859298275599	1.76190632052241	268
0.0372748970201702	1.78143272151952	268
0.0372748970201702	1.78143272151952	268
0.04308329735544	1.78273337554263	134
0.0325210682611301	1.76578903213022	109
-0.0849676112847102	2.16198646092936	109
0.0245898330360799	1.76233303311063	109
0.0439338339165798	1.77998616645985	109
0.0368525129006998	1.74740043528758	109
0.0181981585142301	1.7630799900606	109
0.0361448519505898	1.74714593030472	779
-0.10220296448285	2.17912605469631	91
0.0409092579785	1.78667105794429	935
0.0293239869881501	1.78591308132808	935
0.0214061082732901	1.77973211485229	91
-0.0729073062416998	2.22408727356654	91
-0.0837741373543701	2.20097265518492	27
0.0730251945074198	2.46918335895308	27
-0.0933780173908101	2.18615248911191	27
0.0124369916748202	1.75475715657275	247
0.11716225295214	2.49955443654396	247
0.0192543073591001	1.76044171960393	247
0.0160792615713201	1.73082789242852	247
0.0267467240127202	1.76616704687936	181
-0.0616838273431499	2.20400471222741	268
-0.0806320498716699	2.19292083776073	268
0.0404854273422601	1.7573804658212	580
0.0275819478134101	1.76550976278697	109
0.0467303741432601	1.76626361660703	109
-0.0843628455435601	2.18403262320209	109
0.0135210311175298	1.75012145464247	109
-0.07667789788395	2.2387915018087	109
0.0355285837416801	1.79046075418453	109
0.0197745977661699	1.72237297404297	109
0.0372748970201702	1.78143272151952	109
0.0295797247395799	1.77747306964363	109
0.0293239869881501	1.78591308132808	779
-0.0984389384409501	2.14976411577921	779
0.01566664095709	1.75278318538375	91
0.07733401615054	2.47298268819495	91
-0.0998287856189899	2.16941259516517	27
0.00772073509995996	1.71141901723628	27
-0.08119620341331	2.19972173150415	27
0.0764156035971402	2.46153450477803	247
0.03595018693674	1.75966452644368	247
-0.0819560514881199	2.19471386701588	27
0.11657177175277	2.49950756059606	181
0.0450800956519699	2.40088579882765	529
-0.10567721111368	2.1346390703711	529
0.0510928760515701	1.75779473253385	181
0.0481786868476699	1.75932198722883	235
-0.0843710212728599	2.19428451089524	134
-0.0860525602709501	2.19613126187097	109
-0.10438841212174	2.20001723243838	109
0.0309062376977201	1.73776947598698	109
-0.0837741373543701	2.20097265518492	109
-0.07331383738082	2.23173200563362	109
-0.0806320498716699	2.19292083776073	109
-0.0982305446136502	2.09893205228255	779
-0.0754725363222	2.22350715423687	27
0.0303579279806501	1.75815043047727	91
0.0212205356105	1.75236126583843	91
0.00526081246017007	1.71937661870384	91
0.0405832365282302	1.76998070490232	935
-0.0854483869729101	2.20282485232282	934
-0.0530906462511398	2.15392242309356	169
-0.0837148976678401	2.16362769480909	27
-0.11166162580896	2.13360272058267	169
-0.0916319569489201	2.19005865409208	27
0.0346859298275599	1.76190632052241	27
-0.10438841212174	2.20001723243838	27
0.00442247435587984	1.71272695085662	247
0.0423372444352399	1.76958095912024	181
0.0293239869881501	1.78591308132808	181
0.0275819478134101	1.76550976278697	181
-0.0747172205970799	2.19319046197293	181
-0.0967105232343499	2.15301073438569	529
0.0404854273422601	1.7573804658212	235
0.0276068110952599	1.72370591589342	109
-0.0959095776473702	2.17958140749713	109
0.0214061082732901	1.77973211485229	109
0.0365663779605101	1.74759505809755	109
-0.0819966426786198	2.21063264003197	109
0.0214061082732901	1.77973211485229	109
0.07567846615314	2.49123744491361	779
-0.0973336237893099	2.18998721623583	779
0.0598564002999802	2.45221210398698	91
0.0109669118149101	1.73097006899876	664
0.0295797247395799	1.77747306964363	91
-0.07197805372342	2.16798436352759	91
0.0334961775135598	1.73770123232882	934
0.06872009211861	2.45639559558087	27
-0.0894288909360501	2.19209615715066	169
0.0581641575300602	2.47008994025086	27
0.0355285837416801	1.79046075418453	27
0.0160405475504701	1.73830892918756	27
0.02355553368831	1.74135916114039	27
-0.0721798691695099	2.19543949998298	181
0.0636145814957101	2.49060386759138	181
0.01884046099436	1.76001338712733	529
0.0381202200528099	1.77866058288672	181
-0.0741298232637	2.20552372672451	181
-0.08574953927124	2.23291042965255	235
0.0293239869881501	1.78591308132808	268
-0.11563950902156	2.10226729330401	134
-0.0945377424038498	2.18955247707771	109
-0.11258064279818	2.13457345469082	109
0.0181981585142301	1.7630799900606	109
0.0456854066424999	1.77956358080194	109
0.0261436927025902	1.76649910992419	109
0.05450830616563	2.46071001584098	779
-0.0884754114834099	2.18210452016819	779
-0.0941606868573999	2.1790533777893	27
0.0151016081679902	1.73855635706817	91
0.0235596179620199	1.76092025709296	91
-0.0910294892108299	2.18153360624748	91
0.01777816209853	1.74164342306101	27
0.03873695158777	1.77888244788449	27
-0.1133629844842	2.16096939549869	169
0.0763171839654899	2.45249526665429	27
-0.10714072486607	2.15784029048864	27
0.0293239869881501	1.78591308132808	247
0.00739746474101999	1.7219798445643	247
0.0192543073591001	1.76044171960393	247
-0.0982697432155302	2.15143661242572	247
0.0796838370531301	2.47958227696317	181
-0.0695642280784199	2.16575694658457	181
0.0351071647482701	1.7915886071351	181
0.0456854066424999	1.77956358080194	134
0.0351071647482701	1.7915886071351	134
0.0267467240127202	1.76616704687936	134
0.0351071647482701	1.7915886071351	134
-0.0715765856621702	2.19881206389729	109
-0.0937771005471602	2.16667091897812	800
0.0239759002250199	1.75982344434879	109
-0.0908442561598402	2.17935180480089	109
0.0285446273183201	1.75613243556285	27
0.0771249815688599	2.48172541058216	91
-0.0984886345473099	2.18115072268303	91
-0.0945377424038498	2.18955247707771	935
-0.10235430965686	2.16895791562	27
-0.1102696987517	2.15798171831402	27
-0.09278573970805	2.18550208077573	27
-0.0877873225347101	2.12691591714971	27
0.0214061082732901	1.77973211485229	27
-0.0951279028449701	2.16387818754677	181
-0.10546365936063	2.14202218711287	181
-0.10294173684308	2.14843214497578	181
0.0218212603712402	1.75712836725798	181
0.0275819478134101	1.76550976278697	181
-0.10126729240931	2.17519889885702	268
0.0289650440247602	1.74686640103219	268
0.0166914912182299	1.73526139152412	109
-0.0722393000512498	2.19125362303291	109
0.0367266178461101	1.75496238919636	109
-0.11726584453299	2.14527245327244	109
0.0319054284979501	1.76607996296772	109
-0.0804272074438899	2.19751599399505	779
-0.10684891672951	2.10849984104766	91
-0.0884754114834099	2.18210452016819	91
0.0323753612060802	1.76072701078593	91
0.0293239869881501	1.78591308132808	91
0.0206074801703799	1.74987860684014	935
-0.0957252728604301	2.18410821842038	934
-0.0604668868431002	2.18957736236945	27
0.04308329735544	1.78273337554263	27
0.0166914912182299	1.73526139152412	27
0.0409092579785	1.78667105794429	247
0.0101421275090199	1.74019612353105	181
0.0618428437158101	2.49412064518588	181
0.0323255944428902	1.75670721857387	284
-0.0937771005471602	2.16667091897812	284
-0.0998287856189899	2.16941259516517	284
0.01884046099436	1.76001338712733	181
0.0647490641622501	2.48419592755549	181
0.04029198527908	1.76036913034791	181
0.0218212603712402	1.75712836725798	134
0.0233800876724799	1.75617268239177	134
0.0456854066424999	1.77956358080194	134
-0.11888783256859	2.06869900664639	109
0.0275819478134101	1.76550976278697	109
-0.0812306677897499	2.19416580094602	109
-0.0830566031479001	2.17832291541392	109
-0.0806320498716699	2.19292083776073	109
-0.0766808373532002	2.19886891537901	109
-0.0618817340398801	2.19537013258231	109
0.0127032534025902	1.72114002754028	91
-0.0933780173908101	2.18615248911191	91
-0.07748456420526	2.16397760393589	664
-0.07074906915379	2.23032655939212	91
0.0614088321159598	2.47039439887346	91
0.0256342669246998	1.75355613691864	935
-0.0982697432155302	2.15143661242572	91
0.0372748970201702	1.78143272151952	935
0.06894690677967	2.49807194500252	934
0.0271642451682101	1.7882009108053	27
-0.09538316942426	2.2176990059689	247
-0.0735276942787899	2.19203675591683	284
-0.0863153946884698	2.19433697522685	181
0.0218212603712402	1.75712836725798	134
-0.07544619313766	2.18560096821282	109
0.03986807695415	1.76198366427652	134
0.03986807695415	1.76198366427652	109
-0.0819919595279202	2.15695902993397	109
-0.0900421868027599	2.16392864560865	109
0.0569698740394502	2.41590736265705	800
0.0297428279585601	1.78478163746822	800
0.0314854457773901	1.7594083641165	109
0.0301301141831498	1.72813375616798	109
-0.09712965830533	2.11305728340683	451
-0.10009424019506	2.12652601859964	295
-0.0663603746425201	2.23360607917493	27
-0.0947830847983	2.18405803923853	91
0.0409092579785	1.78667105794429	91
0.06628660279249	2.49029497825809	664
0.00758511761751013	1.72123636760271	91
0.01884046099436	1.76001338712733	91
0.0412002490405401	1.74620954195007	91
0.0413332744902601	1.78556725644158	91
0.0120195581054201	1.73341175575919	91
0.0285446273183201	1.75613243556285	935
0.0293239869881501	1.78591308132808	934
-0.0979251732863302	2.21092118877332	27
-0.0835198775879	2.20724451065589	169
0.0589862655886302	2.41013517238487	27
0.02890532830894	1.75624626442474	27
0.0287360625220798	1.76328940978545	27
0.04029198527908	1.76036913034791	27
0.0482917685307198	1.75234968499278	247
-0.0831769592747098	2.19239479957497	247
-0.0863153946884698	2.19433697522685	181
0.0267467240127202	1.76616704687936	181
-0.07331383738082	2.23173200563362	109
0.0351071647482701	1.7915886071351	134
0.0109669118149101	1.73097006899876	109
0.0346859298275599	1.76190632052241	109
0.01884046099436	1.76001338712733	109
0.0301618513472599	1.7539913146149	109
-0.10235430965686	2.16895791562	664
-0.10294173684308	2.14843214497578	91
0.0127543097019802	1.70323116452462	91
-0.0953835107236198	2.15634553850784	91
0.0991350942490001	2.49770410916494	935
-0.0778073542526498	2.14029391217412	935
0.0346859298275599	1.76190632052241	169
0.0233636365524901	1.73251178341482	27
-0.0555353492322102	2.18526758450748	27
0.00739746474101999	1.7219798445643	27
-0.0741298232637	2.20552372672451	27
0.0271642451682101	1.7882009108053	181
0.02890532830894	1.75624626442474	134
-0.06821605976846	2.20992936027505	109
0.0235596179620199	1.76092025709296	134
0.0293239869881501	1.78591308132808	134
0.0372748970201702	1.78143272151952	109
0.0109669118149101	1.73097006899876	109
0.0355285837416801	1.79046075418453	109
0.0214061082732901	1.77973211485229	451
-0.07362815261639	2.18297534741871	295
-0.0735276942787899	2.19203675591683	27
-0.07097300255574	2.1926228675836	91
0.0133146104208799	1.72552552793546	935
0.0293239869881501	1.78591308132808	27
0.0381202200528099	1.77866058288672	27
0.0271642451682101	1.7882009108053	27
-0.0735276942787899	2.19203675591683	247
-0.0828790684990999	2.20222848049409	181
0.01884046099436	1.76001338712733	181
-0.09650014466254	2.15897234072283	181
-0.0727230443069602	2.16577919587348	181
0.0355285837416801	1.79046075418453	181
0.0581641575300602	2.47008994025086	181
-0.07923798471559	2.2395032594901	603
-0.0744289302028598	2.20983205285473	109
0.0235596179620199	1.76092025709296	134
-0.09650014466254	2.15897234072283	109
0.0297428279585601	1.78478163746822	109
0.0355285837416801	1.79046075418453	91
-0.09538316942426	2.2176990059689	91
-0.09025055275464	2.18598189109226	91
0.06225939784039	2.45045272673359	936
-0.0888280476819801	2.15924594278515	936
-0.0941823619613702	2.18341623111065	934
-0.0786849845055602	2.16671717693128	169
-0.0753298281571202	2.18984051006214	169
0.05152184682228	1.76914236754964	169
-0.0993143151034501	2.1767760147428	27
-0.0910548774405902	2.17505871907116	246
0.0328020767282302	1.73117655357339	246
0.0323255944428902	1.75670721857387	247
0.0295797247395799	1.77747306964363	27
-0.0710440333546099	2.09798951146171	27
0.07567846615314	2.49123744491361	181
-0.0707717399908998	2.20665698505197	181
0.0145900855186198	1.7364930255418	109
-0.0945744865697198	2.15156992520459	18
0.0239781122824598	1.76263870806536	109
0.0214061082732901	1.77973211485229	109
0.0700038325344501	2.48491327201271	109
-0.0772812190979799	2.20743312138224	800
0.0910224680643901	2.48385728116904	109
0.01884046099436	1.76001338712733	109
0.0439338339165798	1.77998616645985	109
0.02355553368831	1.74135916114039	295
0.0218212603712402	1.75712836725798	91
0.0863028026531598	2.47131659231447	91
0.0214061082732901	1.77973211485229	91
-0.0659197152736302	2.188298653315	936
0.0239759002250199	1.75982344434879	936
-0.0724715278324499	2.1901139186278	935
0.04933855494235	1.77287408526635	935
0.0536982901803298	2.469161281782	169
-0.10497653088806	2.17878165928094	27
0.0235596179620199	1.76092025709296	246
0.0404854273422601	1.7573804658212	27
-0.0777936186664898	2.19865253445052	247
-0.0894484597766798	2.18449798017207	284
-0.0772812190979799	2.20743312138224	284
-0.09650014466254	2.15897234072283	109
0.0351071647482701	1.7915886071351	109
0.0404854273422601	1.7573804658212	134
-0.0684914302755999	2.19278002912399	18
0.0321860569075101	1.68597655654104	18
0.0361448519505898	1.74714593030472	109
0.0355285837416801	1.79046075418453	800
-0.11978753050206	2.14154667828807	915
0.0569740756900901	2.45157408154783	295
-0.0869108439314199	2.19498266757501	91
0.02355553368831	1.74135916114039	169
0.0381202200528099	1.77866058288672	246
0.0463039281373998	1.73794332349269	246
0.0497665440841102	1.76363071170709	247
-0.07331383738082	2.23173200563362	181
-0.0688208230288101	2.19868013156239	181
0.0355285837416801	1.79046075418453	181
-0.10294173684308	2.14843214497578	181
0.00526081246017007	1.71937661870384	181
0.0281965087487999	1.72741467268495	181
0.0536005956532302	2.40235212323333	181
0.0235596179620199	1.76092025709296	109
0.01884046099436	1.76001338712733	109
-0.1018645234522	2.14754464960343	109
0.03873695158777	1.77888244788449	295
-0.10889178122504	2.13753553916207	91
0.0353804858200699	1.76884300398295	91
0.0242158108929198	1.75552814484328	91
-0.0635926299383902	2.23572961246847	91
0.0353804858200699	1.76884300398295	936
0.0303579279806501	1.75815043047727	936
0.0381202200528099	1.77866058288672	936
0.0317592627124101	1.72225155910202	169
-0.10185246833591	2.20046154651165	169
0.0541372186391298	1.75808298007436	27
-0.0760753663498699	2.23748565697813	27
0.0431909874642402	1.7535580640454	181
-0.0706417068739	2.20180404027835	181
0.0349575576119001	1.7476040708216	181
0.0158803250392801	1.75044711130464	181
-0.11726584453299	2.14527245327244	181
0.0347646396389099	1.76862235817381	134
-0.10176659623193	2.14882159108102	109
-0.10438841212174	2.20001723243838	109
-0.0747316539027598	2.20677221749093	779
0.0333614298681701	1.76515449358433	109
0.0237978584971401	1.77796058405828	27
0.01546623043073	1.75002074763643	91
-0.0963223489076399	2.16345980202878	91
-0.0747316539027598	2.20677221749093	91
-0.0699464331989299	2.18636949762518	91
0.0224346551343602	1.73394313923088	935
-0.0817958389632598	2.22860394511516	935
0.0295797247395799	1.77747306964363	936
0.0214061082732901	1.77973211485229	169
-0.09592512283032	2.17706928666735	169
-0.09538316942426	2.2176990059689	169
-0.0835678056092699	2.16381631668682	169
0.0216371718583201	1.75279571838875	27
-0.0739270500746398	2.19395544708468	247
0.0217279327650601	1.73767243004308	181
-0.0900294372368098	2.20071127795272	181
0.0297428279585601	1.78478163746822	181
0.0267467240127202	1.76616704687936	284
0.0135210311175298	1.75012145464247	109
-0.0752738168615101	2.22484030737423	109
0.0297428279585601	1.78478163746822	18
-0.10066976712992	2.17455240275299	800
0.0673751756956902	2.49185312354057	18
-0.08291611190411	2.19864261699355	109
0.0213928188091002	1.73388902301766	27
0.0592054788509402	2.48638007526213	91
0.0101421275090199	1.74019612353105	91
-0.08867996581573	2.14746608792457	91
-0.0741298232637	2.20552372672451	935
0.0297428279585601	1.78478163746822	935
0.0355285837416801	1.79046075418453	936
-0.0713542344338101	2.19398357429962	936
-0.08657035571943	2.13635062569054	936
0.00526081246017007	1.71937661870384	169
-0.0831769592747098	2.19239479957497	27
-0.0764786272445801	2.1970721605872	27
0.0323255944428902	1.75670721857387	246
0.01884046099436	1.76001338712733	181
-0.0656581542080001	2.20472253795711	181
0.0621254948435102	2.45134927356226	181
0.0237978584971401	1.77796058405828	181
-0.0965224703368102	2.18561411325701	181
0.0486081013186901	1.7577398854478	284
0.0339188132078498	1.7713584790422	181
-0.0863153946884698	2.19433697522685	181
0.0474365758858202	1.73465891366375	529
0.0271642451682101	1.7882009108053	181
0.0303579279806501	1.75815043047727	109
0.0510928760515701	1.75779473253385	109
0.0209911359141102	1.75779269442633	109
0.0843118410083701	2.4573682582781	109
0.0325210682611301	1.76578903213022	18
0.0541372186391298	1.75808298007436	18
0.0647490641622501	2.48419592755549	915
-0.08692755166483	2.17081522707933	295
-0.07191729171074	2.18068469637693	91
-0.12036803427121	2.14053672261793	936
0.0796379301352301	2.44913369954598	936
0.02890532830894	1.75624626442474	936
0.00526081246017007	1.71937661870384	246
0.0214061082732901	1.77973211485229	247
0.0263793569516499	1.77460351315333	181
0.01884046099436	1.76001338712733	181
0.0936740673647698	2.49490712637883	109
0.05523243729938	2.47308138743002	109
0.04308329735544	1.78273337554263	109
-0.0810603750976902	2.15163657375428	109
0.00986929758719013	1.73553572597893	18
0.0336203977024701	1.74064059366426	18
0.0353804858200699	1.76884300398295	18
-0.10176659623193	2.14882159108102	779
0.0218212603712402	1.75712836725798	779
-0.0882823925685301	2.18666015895741	91
0.0239759002250199	1.75982344434879	91
0.0293239869881501	1.78591308132808	936
0.0601595268636901	2.44125894008454	936
-0.0754725363222	2.22350715423687	169
-0.0869108439314199	2.19498266757501	181
-0.0959206894053102	2.13753940473178	181
-0.0804272074438899	2.19751599399505	181
0.0239759002250199	1.75982344434879	109
-0.0713750464990302	2.20001164495907	109
-0.0784810923267201	2.16846007609729	109
0.01884046099436	1.76001338712733	109
0.0758222187484199	2.4541276951875	109
0.0166914912182299	1.73526139152412	800
0.0351071647482701	1.7915886071351	779
-0.10294173684308	2.14843214497578	91
0.0603257708260401	2.41711675842272	91
0.0109669118149101	1.73097006899876	91
-0.10066976712992	2.17455240275299	91
0.00973055556083002	1.73977878983205	91
-0.0837741373543701	2.20097265518492	91
-0.08139673396595	2.17376359478814	936
0.0489107544681602	1.76627448492499	169
-0.07737714820338	2.15523569869449	181
-0.10497653088806	2.17878165928094	181
0.0216371718583201	1.75279571838875	181
-0.09137554259787	2.18767132642089	181
0.01525419835033	1.73146593555496	181
-0.0612108377857998	2.19903737628596	109
0.0713499177955699	2.49232066781009	109
0.0131097064560501	1.74970222628579	109
0.0271642451682101	1.7882009108053	18
0.0404854273422601	1.7573804658212	18
0.08316656155153	2.47837582726097	109
0.0381202200528099	1.77866058288672	109
0.0706333438011102	2.49217082583257	295
0.0409092579785	1.78667105794429	91
0.0422722504887298	2.40322298723458	91
-0.09143766830661	2.1473240631683	935
0.0297428279585601	1.78478163746822	169
-0.0933780173908101	2.18615248911191	169
-0.06821605976846	2.20992936027505	27
-0.0727828533380799	2.18100489577682	246
0.0303579279806501	1.75815043047727	246
-0.0908837592878098	2.18135282051485	247
0.0214061082732901	1.77973211485229	247
-0.0869108439314199	2.19498266757501	27
0.0303579279806501	1.75815043047727	284
0.0209911359141102	1.75779269442633	181
-0.0831769592747098	2.19239479957497	109
0.0435084722200898	1.78951797761964	109
0.01884046099436	1.76001338712733	779
0.0192543073591001	1.76044171960393	779
-0.0777936186664898	2.19865253445052	91
0.08294969321055	2.49099076766782	91
0.0381202200528099	1.77866058288672	935
0.0109669118149101	1.73097006899876	169
0.0912486537399499	2.48502320435675	169
0.03873695158777	1.77888244788449	169
0.0289650440247602	1.74686640103219	27
-0.0701681339378801	2.1981756047879	246
-0.0734633916474001	2.19406058859154	181
0.0151016081679902	1.73855635706817	181
0.0524679394888699	2.40881501257418	181
-0.10925499174809	2.14781316254613	181
0.01566664095709	1.75278318538375	109
0.0250062200768699	1.7627695206282	109
-0.10047190388546	2.14021657884931	18
0.0792547045557899	2.49223934710683	800
-0.0706417068739	2.20180404027835	779
-0.0766808373532002	2.19886891537901	915
-0.11083528327843	2.18139747920068	27
0.0361448519505898	1.74714593030472	91
0.0293239869881501	1.78591308132808	91
0.0615007032485799	2.45021570942997	169
0.01777816209853	1.74164342306101	169
-0.00116845749235983	1.69876540603247	169
-0.0531774596979702	2.16918047240155	27
0.0456854066424999	1.77956358080194	27
0.0271642451682101	1.7882009108053	246
-0.0629157035670902	2.18982713912291	246
-0.0994702414545698	2.16226177829057	529
0.0558606955778198	2.47248153315768	181
-0.0928389502104698	2.21063021871412	181
0.0435084722200898	1.78951797761964	134
-0.0860763243723302	2.19661880117931	134
0.0474365758858202	1.73465891366375	109
-0.0973298277506398	2.17359131286726	109
0.0895501730396999	2.47249016673872	109
0.0281965087487999	1.72741467268495	779
0.0259602657669	1.77571958773482	935
-0.0810255533159299	2.16975252410135	229
0.0592054788509402	2.48638007526213	169
0.0469655432890899	1.72549606469904	27
-0.10533384769222	2.1481466060417	27
0.0190627005144801	1.72426736028144	247
0.0210241924152399	1.72021946722123	181
-0.0676109957027702	2.20869520247178	181
0.0234680776512102	1.76336385484048	284
0.07733401615054	2.47298268819495	529
0.0647490641622501	2.48419592755549	134
0.0199363393006098	1.73202857255246	91
-0.0854483869729101	2.20282485232282	91
-0.0877131594202498	2.16297071297816	91
-0.0837945935133102	2.21422928381119	91
-0.11126242133304	2.14335596480294	936
0.0733513219097501	2.47409891071803	169
0.04276402201039	1.76795651153876	27
0.0176813840873198	1.75776245721815	27
0.0372748970201702	1.78143272151952	246
-0.0837741373543701	2.20097265518492	529
-0.10235430965686	2.16895791562	529
-0.11452128018184	2.13025810524794	181
0.0135210311175298	1.75012145464247	109
0.05238035702039	1.75329127816774	109
0.0267467240127202	1.76616704687936	134
0.0267467240127202	1.76616704687936	109
0.0250062200768699	1.7627695206282	109
-0.10262517009995	2.17013399720522	779
0.0612227834861101	2.44818451075279	27
-0.11003898224584	2.14221935714159	91
0.0212205356105	1.75236126583843	935
-0.07808492280193	2.17001859174413	246
-0.0837741373543701	2.20097265518492	246
0.0295797247395799	1.77747306964363	246
0.0314854457773901	1.7594083641165	246
0.0365663779605101	1.74759505809755	246
0.0381412389174902	1.73644768447006	247
0.0245898330360799	1.76233303311063	247
-0.07331383738082	2.23173200563362	247
0.0435084722200898	1.78951797761964	284
0.01884046099436	1.76001338712733	284
0.01525419835033	1.73146593555496	181
0.0557002090494798	2.38818070978012	181
-0.0657525393851199	2.21617639120439	134
-0.0831769592747098	2.19239479957497	109
0.0245898330360799	1.76233303311063	109
0.0218212603712402	1.75712836725798	18
0.0237978584971401	1.77796058405828	915
-0.0835198775879	2.20724451065589	91
0.0355291255260601	1.73794437575311	91
-0.10438841212174	2.20001723243838	91
-0.0715009136426499	2.19623814256979	169
-0.0834846976748902	2.19093435756786	27
0.01884046099436	1.76001338712733	27
0.0156216909910998	1.73787599175762	27
0.0413332744902601	1.78556725644158	284
0.0192543073591001	1.76044171960393	109
-0.0764768352118499	2.17860401586013	134
-0.0778813040033701	2.20074278129223	134
-0.07808492280193	2.17001859174413	109
0.0214061082732901	1.77973211485229	109
0.0351071647482701	1.7915886071351	109
-0.0837741373543701	2.20097265518492	109
0.0218212603712402	1.75712836725798	27
0.0321700747136799	1.78026665832039	91
0.0779667677510201	2.49518807856371	91
0.02120031048115	1.72983895401708	513
0.0376974660276201	1.78825040842562	91
0.0372748970201702	1.78143272151952	91
0.0435084722200898	1.78951797761964	169
0.04284452293181	2.38608762815221	181
0.0373634327371399	1.73639110002426	181
0.02890532830894	1.75624626442474	529
0.03973219459857	1.7726922919672	529
0.0461119310193201	1.7779184374033	109
-0.0827775784508802	2.10875319633119	109
-0.0894484597766798	2.18449798017207	109
-0.0831769592747098	2.19239479957497	109
0.0537068836807499	1.75489398431251	295
-0.10160877263153	2.15884302596771	91
0.0214061082732901	1.77973211485229	169
0.0537068836807499	1.75489398431251	27
0.0297428279585601	1.78478163746822	27
-0.0863471209092999	2.22599633974923	27
0.03106564615392	1.72611892262242	246
0.0452590699275399	1.76798173252537	181
0.0245898330360799	1.76233303311063	181
0.0255413569551299	1.7463830158366	284
0.0293239869881501	1.78591308132808	529
-0.09025055275464	2.18598189109226	181
0.07072042394925	2.47002304312427	181
0.0263793569516499	1.77460351315333	109
-0.0735276942787899	2.19203675591683	109
-0.09317840682847	2.15724775117995	109
0.0325210682611301	1.76578903213022	134
-0.0792847495741	2.15260654164354	109
-0.0691475422926802	2.19845788429793	109
0.0235596179620199	1.76092025709296	109
0.0750408744853099	2.47013582951971	109
0.0456854066424999	1.77956358080194	779
0.0293239869881501	1.78591308132808	936
-0.10053256649377	2.14549094361083	169
0.0472825866201898	2.42159199560715	27
0.05756438109632	2.41086657596933	27
-0.0618817340398801	2.19537013258231	27
0.0295797247395799	1.77747306964363	246
-0.0891397714253901	2.12995115931813	246
0.0297428279585601	1.78478163746822	246
0.0275819478134101	1.76550976278697	27
0.0439338339165798	1.77998616645985	181
-0.0843186412908898	2.16969742045383	181
-0.0975397365514401	2.14222168362008	181
-0.0650044297366899	2.2215828695089	109
0.02890532830894	1.75624626442474	109
0.0484831425280698	1.73337294377583	109
0.02890532830894	1.75624626442474	18
0.00401856198466	1.72538236633879	800
0.0587875046506898	2.44849971664579	109
0.03986807695415	1.76198366427652	779
0.0245898330360799	1.76233303311063	295
0.0243923631439298	1.72982905901667	513
-0.0605356612941401	2.15794076481582	91
-0.08574953927124	2.23291042965255	91
-0.0792296294169899	2.16899600189343	935
-0.0951279028449701	2.16387818754677	936
-0.0883012796493201	2.2260651137846	936
-0.07808492280193	2.17001859174413	169
0.0785998368878298	2.47357676326071	169
0.0293239869881501	1.78591308132808	27
0.0122903849650702	1.74284785118264	246
-0.0643957325949098	2.22844901822502	246
0.0238935661948001	1.76226593184663	27
-0.0616838273431499	2.20400471222741	27
-0.0831769592747098	2.19239479957497	27
-0.10701122600979	2.13490300119097	284
0.0589862655886302	2.41013517238487	529
0.0329411574337501	1.78765901257722	109
0.0295797247395799	1.77747306964363	109
0.0135210311175298	1.75012145464247	109
0.0394443544659202	1.75058558517172	18
0.0918111602404599	2.4806756634862	109
-0.10478557919085	2.15400215255181	109
0.06428050871842	2.47965101756431	109
0.0667474513602602	2.46175996937771	109
-0.0507245469450202	2.16432818212295	109
-0.0703691195880798	2.1758315150001	91
0.02890532830894	1.75624626442474	513
0.0381202200528099	1.77866058288672	936
-0.07923798471559	2.2395032594901	936
0.0267467240127202	1.76616704687936	246
-0.0747316539027598	2.20677221749093	246
0.0465386431905901	1.76335665313056	27
0.0482917685307198	1.75234968499278	27
0.0271642451682101	1.7882009108053	181
0.0209911359141102	1.75779269442633	181
0.0271642451682101	1.7882009108053	109
0.0372748970201702	1.78143272151952	109
-0.0869444084949098	2.19257161112109	109
-0.0934330579917799	2.1774915265913	109
0.0409092579785	1.78667105794429	109
0.0297428279585601	1.78478163746822	18
-0.0702303031992502	2.14859929763718	18
0.0271827872173098	1.72326050950278	18
-0.0915988320121799	2.16790618075482	800
-0.0688837262299198	2.19496752311571	109
0.0702191210686798	2.45550074946158	295
0.0301618513472599	1.7539913146149	936
0.0461193734180601	2.39814913913145	169
-0.0812306677897499	2.19416580094602	169
0.04933855494235	1.77287408526635	27
0.0439338339165798	1.77998616645985	246
0.04276402201039	1.76795651153876	246
0.0407160795738002	1.74604602841344	246
0.0214061082732901	1.77973211485229	27
0.0319488334234799	1.7618009739008	181
0.0166914912182299	1.73526139152412	181
-0.0618817340398801	2.19537013258231	181
-0.0663603746425201	2.23360607917493	109
0.0465386431905901	1.76335665313056	109
0.0346859298275599	1.76190632052241	109
0.0216371718583201	1.75279571838875	109
0.0306150942478198	1.70560809108258	18
0.0368525129006998	1.74740043528758	109
0.0109669118149101	1.73097006899876	109
-0.0829708982501298	2.18423561763928	109
-0.10546365936063	2.14202218711287	295
-0.0916498601864899	2.20866044907652	91
0.0376974660276201	1.78825040842562	91
-0.0809612034371101	2.20661575428532	91
0.04786407796019	1.74916226167184	91
-0.10976009925454	2.12120576974344	513
0.0102855994626898	1.7359606377124	513
0.0455646458301202	1.75646285443379	935
-0.0831955721953799	2.22583389898171	936
0.0218212603712402	1.75712836725798	229
0.0517181384427201	2.44820514811733	169
0.0456854066424999	1.77956358080194	169
-0.06821605976846	2.20992936027505	169
0.0319054284979501	1.76607996296772	246
0.03854315922564	1.74332033436954	246
0.0456854066424999	1.77956358080194	27
0.0267467240127202	1.76616704687936	27
0.00761121531804987	1.73287489521067	27
0.0376974660276201	1.78825040842562	181
-0.10807321248317	2.14820711764529	284
0.0275819478134101	1.76550976278697	181
0.0463039281373998	1.73794332349269	134
0.04308329735544	1.78273337554263	134
-0.0953835107236198	2.15634553850784	511
0.01884046099436	1.76001338712733	109
0.0293239869881501	1.78591308132808	109
0.0192543073591001	1.76044171960393	195
-0.0940374623109999	2.15056140116952	295
0.06712525536985	2.45747909952058	169
0.01546623043073	1.75002074763643	256
0.0218212603712402	1.75712836725798	256
-0.0819560514881199	2.19471386701588	246
0.0186183381079199	1.74101197531504	181
0.0214061082732901	1.77973211485229	583
0.0799711876923102	2.48014414334704	583
0.0271642451682101	1.7882009108053	181
-0.0824270176972002	2.1478918234256	583
0.0314854457773901	1.7594083641165	109
-0.0961196911235298	2.14474481759021	109
0.0461119310193201	1.7779184374033	18
0.0181981585142301	1.7630799900606	800
0.0329411574337501	1.78765901257722	109
0.0957837862672601	2.49251807883022	109
-0.09278573970805	2.18550208077573	109
-0.0947830847983	2.18405803923853	295
0.0225185091931999	1.73514381497273	91
-0.0805926287004701	2.185476918915	513
-0.09137554259787	2.18767132642089	91
-0.0951279028449701	2.16387818754677	91
0.07733401615054	2.47298268819495	27
0.0309062376977201	1.73776947598698	27
0.0351071647482701	1.7915886071351	246
0.07423719612243	2.40387999468858	246
-0.0857273407286199	2.18991886538812	246
-0.09317858790383	2.19466691848917	181
0.0799711876923102	2.48014414334704	583
0.0192543073591001	1.76044171960393	109
0.0192543073591001	1.76044171960393	109
0.0267467240127202	1.76616704687936	109
0.00976151829739003	1.75162713601541	109
0.0471570078489401	1.76521195559602	18
0.0314854457773901	1.7594083641165	511
0.00719336888182998	1.73244887992211	18
0.03854315922564	1.74332033436954	109
0.0154277695867999	1.70623830863385	109
0.0587875046506898	2.44849971664579	109
0.0575411196767099	2.44794044554091	91
0.0166914912182299	1.73526139152412	91
0.0271642451682101	1.7882009108053	91
0.0256342669246998	1.75355613691864	169
0.0214061082732901	1.77973211485229	169
-0.0843710212728599	2.19428451089524	27
-0.0886456900036898	2.11378249289158	27
0.0237978584971401	1.77796058405828	27
0.0824347607149099	2.45577038765181	440
-0.0643130963197902	2.13509122963379	440
-0.0806320498716699	2.19292083776073	440
0.0428810853135899	2.4043187974156	181
0.0307768748439399	1.75859398683312	181
-0.0925797800605799	2.1940163536727	181
0.0213036005566698	1.7595063451196	181
0.0369390861488901	1.75055443782218	583
0.0255413569551299	1.7463830158366	583
0.0293239869881501	1.78591308132808	109
0.0257199625605802	1.73761978806267	18
0.04032414532429	1.74028666625022	109
0.0783343232146598	2.47427104618648	295
-0.0835198775879	2.20724451065589	295
0.0325210682611301	1.76578903213022	229
0.0355285837416801	1.79046075418453	229
0.0355285837416801	1.79046075418453	229
-0.0880154634536998	2.19220402430764	169
-0.06649230746907	2.13893931179747	169
0.0346859298275599	1.76190632052241	246
0.0307768748439399	1.75859398683312	246
-0.0857196525125499	2.16630661886889	27
0.0242158108929198	1.75552814484328	440
0.0381202200528099	1.77866058288672	181
0.0172586825180101	1.72897293710462	181
0.04308329735544	1.78273337554263	181
-0.09219317173112	2.15751839786991	181
-0.0959095776473702	2.17958140749713	583
-0.0701681339378801	2.1981756047879	583
0.0209911359141102	1.75779269442633	583
0.0321700747136799	1.78026665832039	181
0.0267467240127202	1.76616704687936	109
0.0135210311175298	1.75012145464247	109
-0.09711952382245	2.17896240893794	18
0.0716797166358099	2.45755258481451	109
0.04380846178934	1.75539422267084	295
-0.0996623492903499	2.18575522536914	295
0.0180347805208601	1.76953980875816	295
-0.12464124045154	2.1103928363632	91
-0.0925797800605799	2.1940163536727	91
0.0275819478134101	1.76550976278697	91
-0.0705580638472099	2.19262100847243	91
0.0271642451682101	1.7882009108053	513
0.03230493767557	1.75223373127236	229
0.0287360625220798	1.76328940978545	229
0.03434163387301	1.77810209777096	229
-0.0812306677897499	2.19416580094602	169
0.05152184682228	1.76914236754964	27
0.0301618513472599	1.7539913146149	440
-0.0825962553362398	2.22453207137743	181
0.0275819478134101	1.76550976278697	181
0.0216371718583201	1.75279571838875	181
0.0325210682611301	1.76578903213022	181
0.0271642451682101	1.7882009108053	181
0.0181981585142301	1.7630799900606	181
-0.0818289903131002	2.18294622203652	583
-0.0953187217964002	2.15937199349325	181
0.0135210311175298	1.75012145464247	583
0.0376974660276201	1.78825040842562	583
0.0355285837416801	1.79046075418453	109
0.0401576221055899	1.77940352472172	109
0.0252078063200001	1.72052238777182	109
0.0282299801851198	1.73471546657664	109
0.0372748970201702	1.78143272151952	511
0.0214061082732901	1.77973211485229	18
0.03595018693674	1.75966452644368	612
-0.0760753663498699	2.23748565697813	109
-0.0831769592747098	2.19239479957497	109
0.0435084722200898	1.78951797761964	195
-0.0831769592747098	2.19239479957497	295
-0.10235430965686	2.16895791562	91
0.0283109907556001	1.75665915110651	91
0.0107925614343301	1.70719801853658	91
0.0287360625220798	1.76328940978545	169
-0.0863153946884698	2.19433697522685	27
-0.07667789788395	2.2387915018087	27
-0.0804272074438899	2.19751599399505	246
0.0267986306365202	1.74416078377178	27
-0.0928389502104698	2.21063021871412	181
0.0319054284979501	1.76607996296772	181
0.0271642451682101	1.7882009108053	583
0.0445517348778699	1.75594809982774	583
0.0482917685307198	1.75234968499278	134
0.0314854457773901	1.7594083641165	109
0.00526081246017007	1.71937661870384	109
-0.0721798691695099	2.19543949998298	18
0.0673751756956902	2.49185312354057	18
0.0300002478974299	1.7552238264429	109
-0.0650516281279798	2.2081080225941	18
0.01566664095709	1.75278318538375	18
-0.0839986976481102	2.13024098465458	109
0.0239781122824598	1.76263870806536	109
-0.0785953491379199	2.19587722276432	612
-0.0684387291520099	2.15616703449867	612
0.01884046099436	1.76001338712733	295
0.0307768748439399	1.75859398683312	295
0.0267986306365202	1.74416078377178	229
-0.0869444084949098	2.19257161112109	229
0.0372748970201702	1.78143272151952	169
0.0229409804076899	1.7416336773842	27
-0.10007194735897	2.14675536039984	246
-0.0992396592256801	2.16876765491336	246
-0.0865220149128301	2.14870159085261	27
-0.0721798691695099	2.19543949998298	61
-0.0735115914751301	2.23050826433177	181
-0.0752738168615101	2.22484030737423	181
0.0238935661948001	1.76226593184663	181
-0.11288781009568	2.13715910587036	181
0.0413332744902601	1.78556725644158	857
0.0218212603712402	1.75712836725798	583
0.0265676086317099	1.76540184055778	583
-0.0869108439314199	2.19498266757501	583
-0.0914455089262498	2.21591565722839	109
0.0381202200528099	1.77866058288672	109
0.0156216909910998	1.73787599175762	109
-0.0792296294169899	2.16899600189343	109
0.04265830919101	1.74887839511611	109
-0.10438841212174	2.20001723243838	109
-0.0772812190979799	2.20743312138224	109
0.0271642451682101	1.7882009108053	18
-0.0990667285756701	2.18509997485927	18
-0.0772812190979799	2.20743312138224	109
0.0267467240127202	1.76616704687936	109
-0.07411557695912	2.22702887599428	195
0.0611230137560699	2.48156756950466	295
-0.0780205371828502	2.1921462710636	91
0.0360909509988501	1.74087384868574	91
-0.0825962553362398	2.22453207137743	229
-0.10380000697374	2.17916127026623	229
0.0439338339165798	1.77998616645985	229
-0.0907739939973702	2.15493216577953	169
0.11311650317	2.47113059621525	169
0.0265676086317099	1.76540184055778	246
0.0439338339165798	1.77998616645985	246
-0.06832539850432	2.18983663614737	27
-0.0843710212728599	2.19428451089524	440
-0.0786849845055602	2.16671717693128	61
0.0214061082732901	1.77973211485229	181
-0.0798285662294398	2.19688285289868	181
0.0295797247395799	1.77747306964363	583
0.0261436927025902	1.76649910992419	583
0.0293239869881501	1.78591308132808	583
0.0319488334234799	1.7618009739008	583
0.0474365758858202	1.73465891366375	583
0.0297428279585601	1.78478163746822	109
-0.0908837592878098	2.18135282051485	109
0.0680032133106399	2.49125135826828	109
0.0256342669246998	1.75355613691864	109
0.0295797247395799	1.77747306964363	18
0.0381202200528099	1.77866058288672	511
0.0355285837416801	1.79046075418453	109
0.0250062200768699	1.7627695206282	109
-0.1207937528493	2.09209075903132	612
-0.0837741373543701	2.20097265518492	91
0.07072042394925	2.47002304312427	91
-0.0598579606011098	2.15440040500534	169
0.0265676086317099	1.76540184055778	246
-0.0597155142288299	2.18825495870534	246
0.04786407796019	1.74916226167184	246
0.0267467240127202	1.76616704687936	246
-0.10009424019506	2.12652601859964	27
-0.0677032574955501	2.13744799700573	27
0.0759847684937101	2.46910287836827	440
-0.0792039936490001	2.18927635738582	181
-0.0812306677897499	2.19416580094602	181
-0.10163979687224	2.18125874100759	181
0.0293239869881501	1.78591308132808	583
0.0287360625220798	1.76328940978545	583
-0.0973336237893099	2.18998721623583	583
-0.06821605976846	2.20992936027505	583
0.0271642451682101	1.7882009108053	109
0.0371556669938702	1.75335838613405	109
0.0303579279806501	1.75815043047727	109
0.04933855494235	1.77287408526635	109
0.0192543073591001	1.76044171960393	109
0.0271642451682101	1.7882009108053	109
0.0555804716127502	2.44165271104389	109
0.0109669118149101	1.73097006899876	109
0.0376974660276201	1.78825040842562	109
0.02741277359286	1.74871357249702	109
0.01884046099436	1.76001338712733	18
0.03320723659697	1.73788250448247	18
0.00973055556083002	1.73977878983205	109
-0.0875060004944701	2.16709350303895	612
0.0243923631439298	1.72982905901667	195
0.0782284941871598	2.497780594338	295
-0.0843710212728599	2.19428451089524	91
-0.0917069462630802	2.10181930069715	91
0.0206074801703799	1.74987860684014	91
0.0641228081910299	2.46191179188709	91
-0.0695378362622501	2.24067174909136	91
0.05723667356032	2.41445171787746	169
-0.0038184934691099	1.68188075232978	169
-0.06561282338743	2.2042518489411	246
0.0598564002999802	2.45221210398698	246
0.0372748970201702	1.78143272151952	246
-0.0739270500746398	2.19395544708468	246
-0.0786849845055602	2.16671717693128	246
0.0214061082732901	1.77973211485229	27
-0.0618817340398801	2.19537013258231	27
0.0235596179620199	1.76092025709296	61
-0.0753331864557101	2.19548398424986	181
-0.07808492280193	2.17001859174413	181
-0.10279686501152	2.1584388039392	181
0.06695341604091	2.44468993515725	109
0.0313269185021898	1.75202678253973	109
0.0403832754378399	1.74849744545724	109
0.0233636365524901	1.73251178341482	109
-0.0618817340398801	2.19537013258231	109
0.0160405475504701	1.73830892918756	109
-0.11321386643037	2.13789952159719	109
-0.0831700660581398	2.1847466227787	109
0.0184501814026801	1.74719372001359	511
0.0109669118149101	1.73097006899876	109
-0.0883012796493201	2.2260651137846	109
-0.0869108439314199	2.19498266757501	612
0.0839636339531902	2.47090046822566	612
0.0404854273422601	1.7573804658212	91
0.0192543073591001	1.76044171960393	229
-0.07923798471559	2.2395032594901	229
-0.0984389384409501	2.14976411577921	169
0.0275819478134101	1.76550976278697	246
0.0208794544515101	1.7382811753685	716
-0.0676109957027702	2.20869520247178	61
0.0233800876724799	1.75617268239177	181
0.0041355331447499	1.72542030368589	181
0.0575411196767099	2.44794044554091	181
0.0372748970201702	1.78143272151952	181
-0.0868748796143399	2.19265671521273	181
0.0319054284979501	1.76607996296772	583
0.0275819478134101	1.76550976278697	583
0.01884046099436	1.76001338712733	583
0.0239781122824598	1.76263870806536	109
0.0297428279585601	1.78478163746822	109
0.0349575576119001	1.7476040708216	109
-0.0038184934691099	1.68188075232978	109
0.0394443544659202	1.75058558517172	109
0.0373634327371399	1.73639110002426	18
0.0333614298681701	1.76515449358433	18
0.0135210311175298	1.75012145464247	109
0.0376974660276201	1.78825040842562	109
0.0214061082732901	1.77973211485229	612
-0.09726972693415	2.14649575642569	612
0.0784744144853899	2.47317809088143	612
0.0314854457773901	1.7594083641165	612
0.0361448519505898	1.74714593030472	612
0.03448148843882	1.75026995225613	195
0.0325210682611301	1.76578903213022	195
0.0261436927025902	1.76649910992419	91
0.0461119310193201	1.7779184374033	91
-0.0663603746425201	2.23360607917493	91
0.0665404867019102	2.49222186182262	91
0.0942607537566702	2.48227667120609	229
-0.11339333570578	2.13117030258463	169
0.00976151829739003	1.75162713601541	169
0.0360909509988501	1.74087384868574	246
0.0665404867019102	2.49222186182262	246
0.0181981585142301	1.7630799900606	27
-0.0713750464990302	2.20001164495907	440
0.0604895481846	2.48216626402793	440
-0.07808492280193	2.17001859174413	181
-0.10066976712992	2.17455240275299	181
0.03986807695415	1.76198366427652	181
0.0176813840873198	1.75776245721815	181
0.0351071647482701	1.7915886071351	181
-0.09538316942426	2.2176990059689	583
0.0231435162296498	1.73201404957501	583
-0.0851219441989501	2.19656387831285	583
0.0181981585142301	1.7630799900606	583
0.0131097064560501	1.74970222628579	583
0.0259602657669	1.77571958773482	583
0.0127032534025902	1.72114002754028	583
0.0519510071003699	1.76754027355949	109
0.0124369916748202	1.75475715657275	109
0.0474365758858202	1.73465891366375	109
0.0372748970201702	1.78143272151952	18
0.00739746474101999	1.7219798445643	18
0.0362977581111998	1.74369471148873	18
0.0216371718583201	1.75279571838875	18
0.0321860569075101	1.68597655654104	109
0.06574905408656	2.48535557129611	612
0.0323255944428902	1.75670721857387	156
0.01566664095709	1.75278318538375	195
-0.0845534928188299	2.19012616833855	295
-0.09317858790383	2.19466691848917	782
-0.0875060004944701	2.16709350303895	91
0.0355285837416801	1.79046075418453	91
0.0376974660276201	1.78825040842562	513
0.05152184682228	1.76914236754964	513
0.0212205356105	1.75236126583843	229
0.00145913899247985	1.72235009863593	229
-0.0831769592747098	2.19239479957497	229
0.0405832365282302	1.76998070490232	169
0.0355285837416801	1.79046075418453	246
0.06029411227511	2.43444180319983	246
0.00761121531804987	1.73287489521067	27
0.0199363393006098	1.73202857255246	181
0.0351071647482701	1.7915886071351	181
0.0733513219097501	2.47409891071803	181
0.0709284147023199	2.49220922778184	181
-0.0704968261869898	2.1496672720102	583
0.0201909486624698	1.75096064138591	583
0.03986807695415	1.76198366427652	583
-0.0778813040033701	2.20074278129223	583
0.02741277359286	1.74871357249702	583
0.0214061082732901	1.77973211485229	583
0.0209911359141102	1.75779269442633	109
0.0325919291812902	1.74981757796973	109
0.0355285837416801	1.79046075418453	134
0.0407747128525902	1.72573846207276	18
0.0269917104786499	1.73544316824961	511
0.00772073509995996	1.71141901723628	18
0.0250062200768699	1.7627695206282	109
-0.0688208230288101	2.19868013156239	612
-0.0610755090014998	2.20280125505285	91
-0.0939700050290901	2.15832027907111	91
0.0323255944428902	1.75670721857387	91
0.0297428279585601	1.78478163746822	513
0.04308329735544	1.78273337554263	229
0.03434163387301	1.77810209777096	229
-0.08256320997363	2.19595928678349	169
0.01884046099436	1.76001338712733	246
-0.1093670209346	2.13059897919842	246
0.04029198527908	1.76036913034791	27
-0.0612731344504698	2.18574206677138	181
-0.0823951787686998	2.22927216582941	181
0.0181042707721599	1.75666097713263	181
-0.10163979687224	2.18125874100759	109
0.0325210682611301	1.76578903213022	109
0.0206074801703799	1.74987860684014	109
-0.06653232032463	2.15128432809194	109
0.0201909486624698	1.75096064138591	109
0.0456166548633101	1.72770053924491	109
0.0372748970201702	1.78143272151952	109
-0.0900421868027599	2.16392864560865	511
0.0201909486624698	1.75096064138591	511
0.0355285837416801	1.79046075418453	18
0.0607840242211402	2.47098851078284	612
0.0269935765531999	1.74827210657584	295
-0.07922670725298	2.18220438441168	295
-0.0795563036113398	2.19310969795628	513
-0.0985164338038702	2.18959728307512	91
-0.0990667285756701	2.18509997485927	229
-0.0788362003502798	2.177549914589	229
0.0321700747136799	1.78026665832039	246
-0.0656581542080001	2.20472253795711	181
-0.11119660832714	2.14236459147571	181
0.0736934583911899	2.49373409093217	181
0.03434163387301	1.77810209777096	181
-0.08516016246472	2.18073444979732	181
-0.10041762457696	2.14186782956598	181
0.0456854066424999	1.77956358080194	181
0.0158803250392801	1.75044711130464	181
-0.08016154735291	2.19372778030035	583
0.0135210311175298	1.75012145464247	583
0.01566664095709	1.75278318538375	583
0.0233800876724799	1.75617268239177	583
0.0303579279806501	1.75815043047727	583
-0.0545233049271499	2.18042256304914	583
-0.0917540918472199	2.0865497782112	583
-0.0837741373543701	2.20097265518492	583
0.0307768748439399	1.75859398683312	583
0.0214061082732901	1.77973211485229	583
-0.0745286057811798	2.16649150627011	109
0.0145900855186198	1.7364930255418	109
0.0250062200768699	1.7627695206282	109
0.04308329735544	1.78273337554263	109
-0.0921787533237799	2.11337816381871	109
0.0235596179620199	1.76092025709296	109
0.04032414532429	1.74028666625022	109
0.0250062200768699	1.7627695206282	109
0.01546623043073	1.75002074763643	18
0.0351071647482701	1.7915886071351	18
0.0413332744902601	1.78556725644158	18
0.0293239869881501	1.78591308132808	18
0.06383758067948	2.46047491836544	109
-0.0506301931270099	2.21465084182457	612
-0.0701681339378801	2.1981756047879	109
0.03278545943517	1.73743550699326	195
0.01525419835033	1.73146593555496	295
-0.0665621626741602	2.20183022745929	91
0.0207788026809901	1.75979169499821	91
0.0321700747136799	1.78026665832039	513
-0.0627313690098799	2.19437860685311	513
0.00526081246017007	1.71937661870384	229
0.0261436927025902	1.76649910992419	229
0.0365663779605101	1.74759505809755	229
0.00145913899247985	1.72235009863593	229
-0.0741298232637	2.20552372672451	169
0.0286579805801299	1.73313971755018	256
-0.0894136096753799	2.18950837959242	169
-0.0849676112847102	2.16198646092936	27
-0.05931643208769	2.16856128220884	27
0.0404854273422601	1.7573804658212	27
0.0706333438011102	2.49217082583257	246
0.0329411574337501	1.78765901257722	246
0.0489107544681602	1.76627448492499	27
0.0381202200528099	1.77866058288672	61
-0.0624314793964298	2.18807486336526	181
0.0275819478134101	1.76550976278697	181
0.0615007032485799	2.45021570942997	181
0.0439338339165798	1.77998616645985	181
-0.09557890804891	2.15226213582216	181
0.00758511761751013	1.72123636760271	583
0.0438855179080599	1.68052384388186	583
-0.0902869149333401	2.18072301778343	583
-0.0869444084949098	2.19257161112109	583
0.0346859298275599	1.76190632052241	850
0.0243923631439298	1.72982905901667	109
0.0151016081679902	1.73855635706817	109
-0.0863593108711802	2.13497043393795	109
0.04786407796019	1.74916226167184	109
0.0381202200528099	1.77866058288672	109
0.0209911359141102	1.75779269442633	109
0.0289650440247602	1.74686640103219	612
0.0489107544681602	1.76627448492499	612
0.03455012489195	1.7646083652213	612
0.03106564615392	1.72611892262242	91
0.0339188132078498	1.7713584790422	91
0.0785998368878298	2.47357676326071	91
0.0297428279585601	1.78478163746822	229
0.0213928188091002	1.73388902301766	246
0.0697640430140898	2.49454608230963	181
0.0314854457773901	1.7594083641165	181
0.0255413569551299	1.7463830158366	181
0.0346859298275599	1.76190632052241	583
-0.0939700050290901	2.15832027907111	109
0.0489107544681602	1.76627448492499	134
-0.0900160111237902	2.17828419334253	109
0.0314854457773901	1.7594083641165	109
0.0376974660276201	1.78825040842562	109
0.0275819478134101	1.76550976278697	109
-0.08035598170465	2.20535709456144	612
-0.10497653088806	2.17878165928094	295
-0.0843628455435601	2.18403262320209	295
0.0849895236071099	2.4486638775522	91
-0.11439667921117	2.1049494370602	229
0.0409092579785	1.78667105794429	229
-0.0863153946884698	2.19433697522685	229
0.05238035702039	1.75329127816774	256
-0.0527591950133202	2.18863280927772	256
-0.0800331363017199	2.17950812719616	169
-0.0765793483117401	2.17557079748776	27
0.0481786868476699	1.75932198722883	246
0.0265676086317099	1.76540184055778	246
0.0439338339165798	1.77998616645985	716
0.11787910673228	2.49843579518035	716
0.0293239869881501	1.78591308132808	440
0.0133146104208799	1.72552552793546	440
0.02355553368831	1.74135916114039	61
0.0730534003897501	2.49496095501601	181
0.0319054284979501	1.76607996296772	181
0.01884046099436	1.76001338712733	181
0.0339188132078498	1.7713584790422	583
0.0317484045302998	1.78137918388793	583
0.0181981585142301	1.7630799900606	583
0.03369492932885	1.72506088764889	109
-0.10235430965686	2.16895791562	109
0.00739746474101999	1.7219798445643	109
0.04265830919101	1.74887839511611	109
0.0180347805208601	1.76953980875816	511
0.0271642451682101	1.7882009108053	109
0.0471570078489401	1.76521195559602	109
0.0131097064560501	1.74970222628579	612
0.0329411574337501	1.78765901257722	109
0.00758511761751013	1.72123636760271	80
-0.0857196525125499	2.16630661886889	295
0.0250062200768699	1.7627695206282	91
0.0302023266141198	1.73271096865215	91
0.0300002478974299	1.7552238264429	229
0.0259602657669	1.77571958773482	229
0.0212205356105	1.75236126583843	229
0.0303579279806501	1.75815043047727	229
-0.0992396592256801	2.16876765491336	169
0.0293239869881501	1.78591308132808	27
0.0314854457773901	1.7594083641165	27
0.0231435162296498	1.73201404957501	109
-0.0854483869729101	2.20282485232282	334
0.00443517165818008	1.7040754097456	15
0.0250062200768699	1.7627695206282	295
-0.0875060004944701	2.16709350303895	229
0.03274594374107	1.72214262628452	229
0.0381202200528099	1.77866058288672	229
0.03986807695415	1.76198366427652	256
0.0267986306365202	1.74416078377178	169
0.0107925614343301	1.70719801853658	27
-0.08291611190411	2.19864261699355	27
0.0797538001719	2.47379500619806	246
0.03986807695415	1.76198366427652	246
0.0383142749991201	1.75740754542839	440
0.01566664095709	1.75278318538375	440
0.0355285837416801	1.79046075418453	440
0.0224346551343602	1.73394313923088	440
0.0190627005144801	1.72426736028144	583
0.0532767390757898	1.74038273615626	583
0.0301618513472599	1.7539913146149	583
0.0412002490405401	1.74620954195007	195
0.0409092579785	1.78667105794429	295
0.0349780054687701	1.75533338940532	91
-0.07863690315587	2.23062101326811	91
0.0497665440841102	1.76363071170709	229
0.0351071647482701	1.7915886071351	229
0.0176195594584199	1.7478452773406	169
0.0244008758448002	1.74074991139183	169
0.0519510071003699	1.76754027355949	169
0.0209911359141102	1.75779269442633	169
0.0340508477813901	1.75187524986932	27
-0.0618817340398801	2.19537013258231	246
0.0435084722200898	1.78951797761964	440
-0.1133629844842	2.16096939549869	61
-0.0038184934691099	1.68188075232978	61
-0.0823736967823798	2.16424720430599	583
0.0376974660276201	1.78825040842562	583
0.0419507117948199	1.72325213717992	18
0.01500883638476	1.73542556969229	109
0.0281965087487999	1.72741467268495	612
0.0461119310193201	1.7779184374033	109
0.04276402201039	1.76795651153876	109
-0.0886305452787899	2.16382823524302	295
-0.0828790684990999	2.20222848049409	91
0.0323255944428902	1.75670721857387	782
0.0719797263939901	2.47060263462936	229
0.01500883638476	1.73542556969229	169
0.0676419055725801	2.45810425156829	169
0.03448148843882	1.75026995225613	27
-0.10673993563082	2.14473745139449	246
0.0235596179620199	1.76092025709296	27
0.0235596179620199	1.76092025709296	716
0.0916327639419299	2.47626907667486	716
0.0876917594850299	2.46639182070652	440
0.0180347805208601	1.76953980875816	440
0.0730982921345	2.47581663908259	440
-0.0735115914751301	2.23050826433177	61
0.0355948076196801	1.73194920953207	181
-0.0996623492903499	2.18575522536914	181
0.05152184682228	1.76914236754964	109
0.0301618513472599	1.7539913146149	109
0.0231435162296498	1.73201404957501	109
0.0245898330360799	1.76233303311063	109
0.0214061082732901	1.77973211485229	109
0.03915981323129	1.75680900096895	18
0.0467303741432601	1.76626361660703	18
0.0301618513472599	1.7539913146149	612
0.00504589421331003	1.70838931640332	612
0.0355285837416801	1.79046075418453	109
0.0122903849650702	1.74284785118264	295
0.0383142749991201	1.75740754542839	295
-0.0747316539027598	2.20677221749093	91
0.0176195594584199	1.7478452773406	91
-0.0863471209092999	2.22599633974923	229
-0.09532748104855	2.14449337761224	229
0.0267467240127202	1.76616704687936	229
0.0355285837416801	1.79046075418453	229
0.0435084722200898	1.78951797761964	169
0.0618305967610402	2.44686772422806	169
-0.0933780173908101	2.18615248911191	169
-0.0869444084949098	2.19257161112109	169
-0.0959095776473702	2.17958140749713	169
-0.0883012796493201	2.2260651137846	27
0.0207788026809901	1.75979169499821	716
0.0295797247395799	1.77747306964363	440
0.0224346551343602	1.73394313923088	181
0.0218212603712402	1.75712836725798	181
0.04265830919101	1.74887839511611	583
0.0329411574337501	1.78765901257722	109
0.00758511761751013	1.72123636760271	350
-0.06424564198882	2.19792691652937	295
-0.0908837592878098	2.18135282051485	91
-0.1032855037571	2.15510366876951	91
-0.0896565578392399	2.17747319504746	91
-0.0422614749683699	2.11692975840969	91
0.01546623043073	1.75002074763643	229
0.0263793569516499	1.77460351315333	229
0.0271642451682101	1.7882009108053	229
-0.07464752388048	2.19334364192383	169
0.0372748970201702	1.78143272151952	169
-0.0984708150668401	2.15701165785901	246
0.0314854457773901	1.7594083641165	27
0.0287360625220798	1.76328940978545	27
0.0181981585142301	1.7630799900606	61
0.01884046099436	1.76001338712733	181
-0.0900294372368098	2.20071127795272	109
0.0390248196554501	1.69608761966859	109
-0.0850348339312501	2.14294519934674	109
-0.0676109957027702	2.20869520247178	295
-0.0714642485913202	2.19545761618567	91
0.0192543073591001	1.76044171960393	91
0.0297428279585601	1.78478163746822	229
-0.0694203006318501	2.14694701732169	229
-0.0729073062416998	2.22408727356654	229
0.0297428279585601	1.78478163746822	169
-0.09317858790383	2.19466691848917	169
0.0764156035971402	2.46153450477803	169
0.0355285837416801	1.79046075418453	27
0.0231435162296498	1.73201404957501	27
0.0317484045302998	1.78137918388793	27
0.0242158108929198	1.75552814484328	27
-0.0667722671664999	2.22269617657609	27
0.0135210311175298	1.75012145464247	27
-0.1075405776989	2.14006955461233	716
0.00758511761751013	1.72123636760271	440
0.0534196358569301	1.71779739645607	440
-0.0951372542194902	2.19019825651432	440
0.0355285837416801	1.79046075418453	440
-0.0661650147091399	2.22946365317784	61
0.0445517348778699	1.75594809982774	324
-0.0721055214228898	2.22980560590467	61
0.03434163387301	1.77810209777096	583
0.0394443544659202	1.75058558517172	583
0.0371556669938702	1.75335838613405	583
0.0404854273422601	1.7573804658212	109
0.0287360625220798	1.76328940978545	109
0.0297428279585601	1.78478163746822	109
0.0245082958029199	1.72022869601732	109
0.0281965087487999	1.72741467268495	109
-0.10043530153886	2.14821828448243	295
-0.0880785681823801	2.18265286579734	295
-0.11083528327843	2.18139747920068	91
0.0187178414288098	1.73082290264151	91
-0.0815661245149002	2.19528711304448	513
0.0452590699275399	1.76798173252537	229
-0.0653333727766299	2.17902568673105	169
0.0409092579785	1.78667105794429	27
-0.0800331363017199	2.17950812719616	27
-0.0778813040033701	2.20074278129223	27
0.0235596179620199	1.76092025709296	27
0.0269147758093302	1.71654839690342	440
-0.0591197815799198	2.20274192841998	61
0.0730982921345	2.47581663908259	61
0.0154277695867999	1.70623830863385	61
0.03369492932885	1.72506088764889	583
0.0673751756956902	2.49185312354057	583
-0.09310621491493	2.12417589976297	583
0.0355285837416801	1.79046075418453	583
0.0394443544659202	1.75058558517172	583
0.0199363393006098	1.73202857255246	109
0.03274594374107	1.72214262628452	109
-0.12497860691635	2.07872205309366	295
0.0156216909910998	1.73787599175762	91
-0.0778813040033701	2.20074278129223	91
-0.0786237714084201	2.19337240845935	91
-0.0896565578392399	2.17747319504746	229
0.0745289532871398	2.45207436207346	229
-0.0763278831979402	2.20549215783501	169
0.0286579805801299	1.73313971755018	169
-0.0996623492903499	2.18575522536914	169
0.0231435162296498	1.73201404957501	27
0.0365663779605101	1.74759505809755	27
0.0250062200768699	1.7627695206282	246
0.0413332744902601	1.78556725644158	246
0.0271642451682101	1.7882009108053	27
-0.0785953491379199	2.19587722276432	440
0.0944377180572	2.48079091736591	440
0.03595018693674	1.75966452644368	440
0.0456854066424999	1.77956358080194	61
0.0329411574337501	1.78765901257722	61
0.01884046099436	1.76001338712733	181
0.03986807695415	1.76198366427652	583
0.0314854457773901	1.7594083641165	243
0.0355285837416801	1.79046075418453	243
0.0235596179620199	1.76092025709296	109
0.0435084722200898	1.78951797761964	109
0.0181042707721599	1.75666097713263	109
-0.08574953927124	2.23291042965255	109
-0.0841485026727402	2.13450763001223	91
0.0375554717429698	1.77656511984412	91
0.0383142749991201	1.75740754542839	91
0.0301618513472599	1.7539913146149	91
0.03986807695415	1.76198366427652	229
-0.10925499174809	2.14781316254613	229
0.0135210311175298	1.75012145464247	169
0.0417032945501199	1.69902160830028	27
0.0307768748439399	1.75859398683312	440
-0.0713750464990302	2.20001164495907	440
0.0192543073591001	1.76044171960393	61
0.0333614298681701	1.76515449358433	583
0.0224346551343602	1.73394313923088	109
0.0180347805208601	1.76953980875816	109
0.0297428279585601	1.78478163746822	612
0.0269935765531999	1.74827210657584	295
-0.0910294892108299	2.18153360624748	295
-0.09025055275464	2.18598189109226	91
-0.0985164338038702	2.18959728307512	91
0.01884046099436	1.76001338712733	513
-0.0894484597766798	2.18449798017207	229
-0.0695378362622501	2.24067174909136	229
-0.11301555387282	2.07523350552856	229
-0.0823736967823798	2.16424720430599	229
-0.0688208230288101	2.19868013156239	169
0.0248294931372302	1.71785578916959	27
0.0355285837416801	1.79046075418453	716
-0.0919806767611502	2.16587929669278	440
-0.0888974255394501	2.22674634620533	61
0.03873695158777	1.77888244788449	230
-0.0591197815799198	2.20274192841998	583
0.03434163387301	1.77810209777096	583
0.0181981585142301	1.7630799900606	850
0.0439338339165798	1.77998616645985	583
0.0267467240127202	1.76616704687936	109
0.0267467240127202	1.76616704687936	109
0.01884046099436	1.76001338712733	612
-0.10176659623193	2.14882159108102	91
-0.0763867276914199	2.19799249725621	513
0.0376974660276201	1.78825040842562	91
-0.0990863911336901	2.17451881557325	229
-0.0715765856621702	2.19881206389729	229
-0.10176659623193	2.14882159108102	229
-0.0883082924503	2.15202994292655	229
-0.0778813040033701	2.20074278129223	27
0.0271642451682101	1.7882009108053	27
0.01500883638476	1.73542556969229	27
0.0439338339165798	1.77998616645985	440
0.0101421275090199	1.74019612353105	440
0.0351071647482701	1.7915886071351	440
0.02890532830894	1.75624626442474	61
0.0585757670695499	2.46397149882127	181
0.0351071647482701	1.7915886071351	583
0.0133666451088899	1.73522578079681	109
0.0528467846846898	1.70299056818521	109
0.0456854066424999	1.77956358080194	109
0.0212205356105	1.75236126583843	109
0.0351071647482701	1.7915886071351	109
-0.00940667808638995	1.6683505751136	295
0.0181042707721599	1.75666097713263	295
0.0583584060395102	2.43818130419197	295
0.0439338339165798	1.77998616645985	229
0.0271642451682101	1.7882009108053	229
0.0239781122824598	1.76263870806536	27
0.0676419055725801	2.45810425156829	27
-0.10185246833591	2.20046154651165	27
0.0329411574337501	1.78765901257722	716
0.0372748970201702	1.78143272151952	440
0.0317484045302998	1.78137918388793	61
0.0405832365282302	1.76998070490232	583
0.0355285837416801	1.79046075418453	373
0.0346859298275599	1.76190632052241	109
0.0287360625220798	1.76328940978545	109
0.0216371718583201	1.75279571838875	195
0.00187411758690015	1.70972654442378	295
-0.0860763243723302	2.19661880117931	295
0.0301618513472599	1.7539913146149	91
0.0314854457773901	1.7594083641165	91
0.0180347805208601	1.76953980875816	91
0.01546623043073	1.75002074763643	513
-0.09865024515054	2.1410711632041	513
0.0319054284979501	1.76607996296772	229
0.0128546066533701	1.73277326446805	229
0.0456854066424999	1.77956358080194	169
-0.0616281898944	2.21955906019485	169
-0.08492208546182	2.16638907713488	440
0.0263793569516499	1.77460351315333	324
-0.0925797800605799	2.1940163536727	324
0.0365149256138402	1.75214876686772	181
-0.0923804978278899	2.14826938312399	181
0.0256342669246998	1.75355613691864	181
0.0293239869881501	1.78591308132808	583
-0.0714642485913202	2.19545761618567	583
0.0383142749991201	1.75740754542839	230
0.0160792615713201	1.73082789242852	583
0.0250062200768699	1.7627695206282	109
0.0101421275090199	1.74019612353105	66
0.0192318177325701	1.70394128237012	295
0.0155231625247101	1.75993793445774	91
0.0235596179620199	1.76092025709296	229
0.0417574770069198	1.75519593531386	229
-0.0908442561598402	2.17935180480089	229
-0.06346622050236	2.18318667327791	229
0.0233636365524901	1.73251178341482	27
0.0329411574337501	1.78765901257722	27
0.0131097064560501	1.74970222628579	27
-0.0772801311843501	2.22711429179434	27
0.0301618513472599	1.7539913146149	27
0.0224346551343602	1.73394313923088	324
0.0297428279585601	1.78478163746822	181
0.0314854457773901	1.7594083641165	61
0.0166914912182299	1.73526139152412	109
0.0120195581054201	1.73341175575919	109
0.0122903849650702	1.74284785118264	195
0.0263793569516499	1.77460351315333	195
0.0245898330360799	1.76233303311063	295
0.03434163387301	1.77810209777096	295
0.0381202200528099	1.77866058288672	295
0.07957745615637	2.41147797809102	91
0.00187444044546981	1.72276714370585	91
-0.0882823925685301	2.18666015895741	229
0.0404854273422601	1.7573804658212	229
0.0413332744902601	1.78556725644158	229
0.0435084722200898	1.78951797761964	229
0.0216371718583201	1.75279571838875	27
0.0229409804076899	1.7416336773842	27
-0.0883012796493201	2.2260651137846	716
0.0295797247395799	1.77747306964363	440
0.0291613210305899	1.75395865945644	440
0.0271642451682101	1.7882009108053	324
-0.06626437821823	2.19025005277911	324
-0.0837183762518099	2.14832661065705	181
0.01546623043073	1.75002074763643	61
0.0291593849257099	1.75584590970342	230
0.0237978584971401	1.77796058405828	583
0.0365663779605101	1.74759505809755	230
0.0409092579785	1.78667105794429	850
0.00973055556083002	1.73977878983205	109
0.0267467240127202	1.76616704687936	109
0.0325919291812902	1.74981757796973	109
0.0176813840873198	1.75776245721815	109
0.0267467240127202	1.76616704687936	109
-0.0981254451912901	2.17507736477738	612
0.0186183381079199	1.74101197531504	612
0.0301618513472599	1.7539913146149	195
0.0443593825766699	1.74484134897789	91
0.0257199625605802	1.73761978806267	91
0.0160792615713201	1.73082789242852	229
0.0592054788509402	2.48638007526213	229
0.0482917685307198	1.75234968499278	229
0.0283109907556001	1.75665915110651	229
0.0409092579785	1.78667105794429	229
0.0461119310193201	1.7779184374033	27
0.0435084722200898	1.78951797761964	440
0.0269935765531999	1.74827210657584	181
0.0413332744902601	1.78556725644158	61
-0.0712519520455599	2.20803282823305	230
0.0413332744902601	1.78556725644158	109
0.0409092579785	1.78667105794429	109
-0.07667789788395	2.2387915018087	295
-0.0823120465607801	2.16581870533929	91
0.0532767390757898	1.74038273615626	91
0.04029198527908	1.76036913034791	91
0.0131097064560501	1.74970222628579	91
0.00758511761751013	1.72123636760271	229
-0.0766808373532002	2.19886891537901	169
-0.0966635553134898	2.11506732746394	169
0.0288457837775198	1.73025549485166	27
0.0413332744902601	1.78556725644158	27
0.0456854066424999	1.77956358080194	716
0.0381202200528099	1.77866058288672	324
0.0192543073591001	1.76044171960393	181
0.0291593849257099	1.75584590970342	583
0.0519510071003699	1.76754027355949	583
0.0245898330360799	1.76233303311063	373
0.0261436927025902	1.76649910992419	109
0.0166914912182299	1.73526139152412	18
0.0128546066533701	1.73277326446805	109
0.0176813840873198	1.75776245721815	237
0.0762471717945998	2.4804409741745	295
0.0283109907556001	1.75665915110651	91
0.0329411574337501	1.78765901257722	91
0.0394443544659202	1.75058558517172	229
0.0191408354892002	1.73126393384282	229
-0.0694811054057198	2.19337668835886	229
0.0309062376977201	1.73776947598698	27
-0.0928389502104698	2.21063021871412	324
0.0372748970201702	1.78143272151952	324
0.0376974660276201	1.78825040842562	181
0.0519510071003699	1.76754027355949	181
0.0452590699275399	1.76798173252537	181
0.0109669118149101	1.73097006899876	230
0.01884046099436	1.76001338712733	583
-0.0718618922757099	2.20463957597238	230
0.0405832365282302	1.76998070490232	373
0.0229409804076899	1.7416336773842	109
0.0192543073591001	1.76044171960393	109
0.00973055556083002	1.73977878983205	18
0.0271642451682101	1.7882009108053	91
0.0124369916748202	1.75475715657275	91
-0.0769937334931798	2.20651137594667	229
-0.0606642307196701	2.16656577989978	229
-0.10294173684308	2.14843214497578	169
-0.0766406006577598	2.18800688418821	27
0.0649928006488398	2.42594628247401	27
0.03274594374107	1.72214262628452	27
0.0323255944428902	1.75670721857387	27
0.0918262350826602	2.47657894220726	716
-0.0905802994683098	2.15949202074904	440
-0.0843710212728599	2.19428451089524	440
-0.0973298277506398	2.17359131286726	324
0.0365149256138402	1.75214876686772	181
0.0293239869881501	1.78591308132808	61
-0.0916498601864899	2.20866044907652	230
-0.0888544412916201	2.16434236806827	230
0.0192543073591001	1.76044171960393	583
0.0250062200768699	1.7627695206282	109
0.0317484045302998	1.78137918388793	109
-0.0953187217964002	2.15937199349325	295
-0.10494448365868	2.14045707736386	295
-0.10438841212174	2.20001723243838	91
0.0367266178461101	1.75496238919636	229
0.0325210682611301	1.76578903213022	229
0.0461119310193201	1.7779184374033	229
-0.0638376686992901	2.18508562697836	229
0.0297428279585601	1.78478163746822	27
0.0329411574337501	1.78765901257722	716
0.03986807695415	1.76198366427652	716
0.0413332744902601	1.78556725644158	440
0.0844396582856599	2.45427693488236	324
0.0209911359141102	1.75779269442633	181
-0.0599261991342699	2.16686000320398	181
0.0329411574337501	1.78765901257722	61
0.0319054284979501	1.76607996296772	243
0.04497720533106	1.73471190110923	109
0.0176195594584199	1.7478452773406	109
0.0351071647482701	1.7915886071351	109
0.0225185091931999	1.73514381497273	109
-0.0797001154104899	2.19432381487533	67
-0.0965923838462501	2.13765556339307	295
-0.0985164338038702	2.18959728307512	91
0.0373634327371399	1.73639110002426	91
0.0295797247395799	1.77747306964363	91
0.0381202200528099	1.77866058288672	229
0.0213928188091002	1.73388902301766	229
-0.0656581542080001	2.20472253795711	229
0.0218212603712402	1.75712836725798	229
0.0755979869949099	2.43716842132587	229
-0.0800386151750501	2.20079626154835	169
0.0160792615713201	1.73082789242852	27
-0.0772801311843501	2.22711429179434	27
-0.07338553842889	2.1438860009257	716
0.0214061082732901	1.77973211485229	716
-0.0663603746425201	2.23360607917493	716
0.0456854066424999	1.77956358080194	716
0.0261436927025902	1.76649910992419	61
0.0181981585142301	1.7630799900606	61
-0.08566999824694	2.14343512567703	230
0.0477494619689902	1.74809623165565	583
-0.0715765856621702	2.19881206389729	109
0.0371313890182599	1.74759747408869	109
0.0216371718583201	1.75279571838875	109
0.0206074801703799	1.74987860684014	109
0.0428810853135899	2.4043187974156	109
0.0718254957391999	2.47521652587543	66
0.0190627005144801	1.72426736028144	195
0.01884046099436	1.76001338712733	295
0.0231435162296498	1.73201404957501	667
-0.0843710212728599	2.19428451089524	91
-0.0772812190979799	2.20743312138224	91
0.0410090379980201	1.73522572134976	91
-0.0886305452787899	2.16382823524302	229
-0.0772812190979799	2.20743312138224	229
0.01525419835033	1.73146593555496	229
0.0456854066424999	1.77956358080194	229
-0.0602707048660802	2.17063307159326	229
-0.0994702414545698	2.16226177829057	229
-0.07748456420526	2.16397760393589	229
0.0401576221055899	1.77940352472172	169
0.11044206334275	2.49492230563179	27
0.0260609152859099	1.76016525034169	27
-0.0747316539027598	2.20677221749093	27
0.0293239869881501	1.78591308132808	27
0.03491231981008	1.73612746534394	716
-0.0882823925685301	2.18666015895741	716
0.0209911359141102	1.75779269442633	223
0.0409092579785	1.78667105794429	324
0.0288457837775198	1.73025549485166	230
0.0558936656973899	1.72255756602187	230
0.0381202200528099	1.77866058288672	109
0.03873695158777	1.77888244788449	109
-0.0825962553362398	2.22453207137743	75
-0.09650014466254	2.15897234072283	91
0.0207788026809901	1.75979169499821	91
-0.0857196525125499	2.16630661886889	365
0.0526013374252301	2.47213819193526	91
-0.0828790684990999	2.20222848049409	91
0.0369390861488901	1.75055443782218	91
-0.06424564198882	2.19792691652937	91
-0.0765793483117401	2.17557079748776	91
0.0239759002250199	1.75982344434879	229
0.06766921772507	2.45600403513601	229
-0.0837741373543701	2.20097265518492	27
0.0409092579785	1.78667105794429	716
0.04029198527908	1.76036913034791	324
0.07533066685588	2.45702070103468	230
0.0218212603712402	1.75712836725798	230
0.0393069538755002	1.73920882365659	109
0.0376974660276201	1.78825040842562	109
0.0166914912182299	1.73526139152412	109
0.0209911359141102	1.75779269442633	109
0.0156216909910998	1.73787599175762	295
0.01566664095709	1.75278318538375	667
0.0439338339165798	1.77998616645985	91
0.0583501054335001	2.37757552412474	229
0.0709776462337799	2.49372442229548	229
-0.0823736967823798	2.16424720430599	229
0.00986929758719013	1.73553572597893	229
0.03986807695415	1.76198366427652	229
-0.0786237714084201	2.19337240845935	27
-0.11188294124973	2.13011742913444	27
0.0481786868476699	1.75932198722883	324
-0.0804272074438899	2.19751599399505	181
0.03274594374107	1.72214262628452	61
0.0314854457773901	1.7594083641165	61
0.0376974660276201	1.78825040842562	61
0.0297428279585601	1.78478163746822	18
0.0271642451682101	1.7882009108053	109
0.0328020767282302	1.73117655357339	109
0.0245898330360799	1.76233303311063	109
0.0289650440247602	1.74686640103219	109
0.01884046099436	1.76001338712733	109
0.0256342669246998	1.75355613691864	295
0.0216371718583201	1.75279571838875	91
-0.0965224703368102	2.18561411325701	91
-0.0786186092715502	2.09329392298978	91
-0.08442378581237	2.10133051378041	229
0.0235596179620199	1.76092025709296	229
-0.10473759108463	2.09033351029113	229
0.0389048402227301	1.7254103449721	229
0.00401856198466	1.72538236633879	27
0.0351071647482701	1.7915886071351	27
0.0373634327371399	1.73639110002426	27
0.0101806828366202	1.72969851786379	223
-0.00157970706893007	1.69835984709154	324
0.0239759002250199	1.75982344434879	324
0.0297428279585601	1.78478163746822	61
0.0141715168613001	1.70836060617784	230
0.01884046099436	1.76001338712733	109
0.03595018693674	1.75966452644368	109
0.07557006720742	2.45821434408078	295
0.0355285837416801	1.79046075418453	91
0.0275819478134101	1.76550976278697	91
0.0381202200528099	1.77866058288672	91
-0.0721798691695099	2.19543949998298	229
-0.0714398938507399	2.17900935656028	229
0.0333614298681701	1.76515449358433	229
-0.10878271353569	2.15088066983835	229
-0.0937771005471602	2.16667091897812	229
0.04075763888414	1.72644421497936	625
-0.07074906915379	2.23032655939212	229
0.0845996633170998	2.49291178871461	625
-0.0900294372368098	2.20071127795272	169
0.0383142749991201	1.75740754542839	27
0.0271642451682101	1.7882009108053	27
0.0186183381079199	1.74101197531504	223
0.0467303741432601	1.76626361660703	324
-0.0947901970301399	2.21701305543046	324
-0.0939700050290901	2.15832027907111	324
0.0325210682611301	1.76578903213022	230
-0.0806320498716699	2.19292083776073	230
0.0351071647482701	1.7915886071351	583
-0.09592512283032	2.17706928666735	583
0.0275819478134101	1.76550976278697	373
-0.0037159626747898	1.69579718335452	373
0.04903770551668	1.74364898839469	373
0.0371556669938702	1.75335838613405	18
0.0263793569516499	1.77460351315333	109
0.01884046099436	1.76001338712733	91
0.0461119310193201	1.7779184374033	229
0.00973055556083002	1.73977878983205	229
0.0295867664128502	1.71956889174901	229
0.03434163387301	1.77810209777096	625
0.0416400091029501	1.71397492530475	27
0.0671692619300202	2.49338630462321	27
0.0477494619689902	1.74809623165565	716
0.0329411574337501	1.78765901257722	223
0.0301618513472599	1.7539913146149	223
0.0884068960679398	2.498954159991	223
-0.0943166958320898	2.11480223007297	324
0.0355285837416801	1.79046075418453	324
0.0239759002250199	1.75982344434879	181
0.05387809589226	2.46130102604419	230
0.0271642451682101	1.7882009108053	230
0.0456854066424999	1.77956358080194	230
0.03455012489195	1.7646083652213	823
0.0339188132078498	1.7713584790422	823
0.04933855494235	1.77287408526635	109
0.0214061082732901	1.77973211485229	295
0.0924671071925398	2.48379539437204	667
-0.10438841212174	2.20001723243838	667
0.0353804858200699	1.76884300398295	91
-0.0747192629572999	2.21209775220896	229
0.0355285837416801	1.79046075418453	229
0.10107280802304	2.48329641233792	229
-0.0618817340398801	2.19537013258231	625
0.04933855494235	1.77287408526635	27
0.0275819478134101	1.76550976278697	27
0.0135210311175298	1.75012145464247	230
-0.0063917361743	1.69278962629523	583
0.04029198527908	1.76036913034791	109
0.0248294931372302	1.71785578916959	109
0.0301618513472599	1.7539913146149	649
-0.0721798691695099	2.19543949998298	109
-0.0778355675256801	2.18921606745146	365
0.0351071647482701	1.7915886071351	91
0.0190627005144801	1.72426736028144	229
0.00739746474101999	1.7219798445643	229
-0.0839598313069101	2.16626057197088	229
0.03518783063552	1.73367570156146	625
0.0346859298275599	1.76190632052241	169
0.01777816209853	1.74164342306101	27
0.0101421275090199	1.74019612353105	223
0.0224346551343602	1.73394313923088	223
0.0259602657669	1.77571958773482	324
0.03448148843882	1.75026995225613	61
0.0313269185021898	1.75202678253973	230
0.0355285837416801	1.79046075418453	230
0.0365149256138402	1.75214876686772	230
0.0209911359141102	1.75779269442633	583
0.03641961053121	1.68159285731893	243
0.0250062200768699	1.7627695206282	109
0.0487196477309202	1.74570747634594	109
-0.0973336237893099	2.18998721623583	91
-0.0973010664594698	2.1465548715628	91
0.0477494619689902	1.74809623165565	229
0.0267467240127202	1.76616704687936	229
-0.0910831299793902	2.14854007405694	229
0.0235596179620199	1.76092025709296	229
0.0346859298275599	1.76190632052241	229
0.0323753612060802	1.76072701078593	229
-0.10866424646681	2.16841526152372	625
0.04933855494235	1.77287408526635	169
-0.0798285662294398	2.19688285289868	169
0.0261436927025902	1.76649910992419	169
0.0328020767282302	1.73117655357339	169
0.0181981585142301	1.7630799900606	716
0.01884046099436	1.76001338712733	324
0.0409092579785	1.78667105794429	324
0.0461119310193201	1.7779184374033	583
0.0180347805208601	1.76953980875816	823
0.0351071647482701	1.7915886071351	325
0.0235596179620199	1.76092025709296	109
0.01884046099436	1.76001338712733	295
0.0349780054687701	1.75533338940532	667
0.0351071647482701	1.7915886071351	91
0.0102855994626898	1.7359606377124	229
0.0321700747136799	1.78026665832039	229
0.0671692619300202	2.49338630462321	625
0.03434163387301	1.77810209777096	625
-0.0910548774405902	2.17505871907116	169
0.0297769595506798	1.75418553103217	169
0.0229409804076899	1.7416336773842	27
0.0423372444352399	1.76958095912024	716
0.0417574770069198	1.75519593531386	716
0.0351071647482701	1.7915886071351	324
0.0329411574337501	1.78765901257722	230
0.0291613210305899	1.75395865945644	230
0.03902081768521	1.71465106998769	230
0.0435084722200898	1.78951797761964	243
0.0325210682611301	1.76578903213022	109
0.00758511761751013	1.72123636760271	109
0.0192543073591001	1.76044171960393	109
0.0135210311175298	1.75012145464247	109
0.0329411574337501	1.78765901257722	109
-0.0894288909360501	2.19209615715066	365
-0.0992396592256801	2.16876765491336	91
0.00454929941904991	1.72583626182616	91
0.0460131210513	2.44988216333349	229
-0.08657035571943	2.13635062569054	229
0.0517479587764198	2.42834432306138	229
0.02890532830894	1.75624626442474	229
-0.11288781009568	2.13715910587036	625
0.0743296170124301	2.43359317402393	625
0.03986807695415	1.76198366427652	169
0.0481786868476699	1.75932198722883	716
0.0102855994626898	1.7359606377124	324
-0.07748456420526	2.16397760393589	61
-0.0521766586872201	2.13944830620242	823
0.0461119310193201	1.7779184374033	823
0.0443593825766699	1.74484134897789	109
0.0376974660276201	1.78825040842562	109
0.0386315171149501	1.71244812629733	109
0.0128546066533701	1.73277326446805	109
-0.0849676112847102	2.16198646092936	109
-0.0718618922757099	2.20463957597238	109
0.0700038325344501	2.48491327201271	667
-0.10155383867084	2.11708847391469	365
0.0265676086317099	1.76540184055778	91
0.0300002478974299	1.7552238264429	625
-0.0887805193161202	2.16071351249456	625
0.0429978196684702	1.74334196558341	625
0.0785998368878298	2.47357676326071	229
0.0549984601522202	1.73394066552527	625
-0.07391754608155	2.1985914234513	169
0.04308329735544	1.78273337554263	169
0.0538517871800699	1.70805469338426	27
-0.0959986918968898	2.13866939244542	780
-0.0786849845055602	2.16671717693128	324
-0.0703398325882998	2.20066732234598	324
0.0329411574337501	1.78765901257722	61
0.0119135175827201	1.73341440534533	583
0.0314854457773901	1.7594083641165	823
-0.0656581542080001	2.20472253795711	109
-0.0627427612922999	2.18567087916109	667
-0.11477738649353	2.0978776474406	91
0.0403832754378399	1.74849744545724	229
0.0394407804456098	2.40911185115299	625
-0.10487764009837	2.14303007492414	229
0.0451835823608202	1.73417385569214	716
0.0435084722200898	1.78951797761964	780
-0.07863690315587	2.23062101326811	324
-0.1010434741319	2.18060830902935	230
0.0271642451682101	1.7882009108053	230
-0.09278573970805	2.18550208077573	583
-0.08574953927124	2.23291042965255	583
-0.0772812190979799	2.20743312138224	583
0.0435084722200898	1.78951797761964	196
0.0746993974727301	2.45588229436166	243
0.0704714786124701	2.46351757079999	243
-0.10773507301373	2.15848130936703	325
0.0319054284979501	1.76607996296772	325
0.03278545943517	1.73743550699326	325
0.04993602353299	1.73089298492854	325
0.0093425362778099	1.73033654831266	109
0.0209911359141102	1.75779269442633	18
0.0647490641622501	2.48419592755549	18
0.01525419835033	1.73146593555496	109
0.0355285837416801	1.79046075418453	109
0.0372748970201702	1.78143272151952	649
-0.0843710212728599	2.19428451089524	109
0.0333614298681701	1.76515449358433	295
0.0581641575300602	2.47008994025086	667
-0.08119620341331	2.19972173150415	91
0.0209911359141102	1.75779269442633	229
0.0545677440844301	1.75143766236567	229
0.03434163387301	1.77810209777096	229
-0.10692214802045	2.17320514617663	625
-0.0855469658614401	2.19442303617432	625
-0.0973881306159399	2.17245011320629	625
0.0275819478134101	1.76550976278697	169
-0.0888974255394501	2.22674634620533	27
0.0417574770069198	1.75519593531386	27
0.00526081246017007	1.71937661870384	780
0.01884046099436	1.76001338712733	223
0.0160792615713201	1.73082789242852	61
0.0649100580703799	2.47906369468442	324
0.01546623043073	1.75002074763643	324
-0.10067254215713	2.1711036344975	61
-0.0688208230288101	2.19868013156239	61
0.0233800876724799	1.75617268239177	230
0.0519980164772398	2.43764224620084	116
0.0546044921523898	2.44318996378242	583
0.0351071647482701	1.7915886071351	583
-0.10235430965686	2.16895791562	583
-0.07951076781135	2.19550291981156	583
0.0329411574337501	1.78765901257722	583
-0.0676109957027702	2.20869520247178	243
0.01500883638476	1.73542556969229	243
-0.0953187217964002	2.15937199349325	325
0.01546623043073	1.75002074763643	325
0.0394443544659202	1.75058558517172	109
0.0307768748439399	1.75859398683312	109
0.03187546961848	1.76148966774296	109
0.0131097064560501	1.74970222628579	109
0.0214061082732901	1.77973211485229	109
-0.0778813040033701	2.20074278129223	89
0.0607840242211402	2.47098851078284	91
0.0646592862472799	2.44458266707179	229
-0.11871941246401	2.13548966655065	229
0.0295797247395799	1.77747306964363	625
-0.0728514992068901	2.19741875477332	169
-0.07014360318502	2.24196272045938	169
0.0346859298275599	1.76190632052241	27
-0.0936429355871602	2.16397848635961	716
-0.08035598170465	2.20535709456144	716
0.0641228081910299	2.46191179188709	716
0.0118776946148702	1.72176583860569	223
-0.0804272074438899	2.19751599399505	324
0.02741277359286	1.74871357249702	230
-0.10044685845192	2.15261715367424	583
0.00973055556083002	1.73977878983205	583
0.0413332744902601	1.78556725644158	583
0.0333614298681701	1.76515449358433	583
-0.0925777487553399	2.18956447375907	243
0.0376974660276201	1.78825040842562	18
0.01566664095709	1.75278318538375	109
0.0439338339165798	1.77998616645985	109
-0.1078881465185	2.09188195971586	91
0.0719797263939901	2.47060263462936	625
0.0401576221055899	1.77940352472172	169
-0.07391754608155	2.1985914234513	27
0.0435084722200898	1.78951797761964	716
0.0604895481846	2.48216626402793	324
0.0120195581054201	1.73341175575919	324
0.0307768748439399	1.75859398683312	61
0.0321700747136799	1.78026665832039	230
-0.0724108634199201	2.15524996120976	230
0.0585757670695499	2.46397149882127	116
0.04993602353299	1.73089298492854	583
0.0250062200768699	1.7627695206282	196
0.0413332744902601	1.78556725644158	196
-0.0037159626747898	1.69579718335452	243
0.0285446273183201	1.75613243556285	243
-0.0624900297549802	2.19694261614326	243
0.0963707614843501	2.47699346838752	325
0.0156216909910998	1.73787599175762	18
0.0109669118149101	1.73097006899876	18
0.0455646458301202	1.75646285443379	109
0.05238035702039	1.75329127816774	109
0.0297428279585601	1.78478163746822	109
0.0214061082732901	1.77973211485229	109
0.0267467240127202	1.76616704687936	667
-0.11668366799172	2.12531606283558	667
0.04598102360863	2.3873778360432	91
-0.0880974869673699	2.17889167815536	91
0.0295797247395799	1.77747306964363	91
0.03320723659697	1.73788250448247	91
0.0101421275090199	1.74019612353105	229
-0.0790924219701199	2.188126674873	625
0.0409092579785	1.78667105794429	27
-0.08959604302862	2.18168934198514	716
-0.0578291497465702	2.23260844691621	716
0.0297428279585601	1.78478163746822	324
0.0192318177325701	1.70394128237012	61
-0.07667789788395	2.2387915018087	61
0.0237978584971401	1.77796058405828	61
-0.11166162580896	2.13360272058267	230
0.0243923631439298	1.72982905901667	823
0.0239759002250199	1.75982344434879	243
0.0346859298275599	1.76190632052241	109
0.0181042707721599	1.75666097713263	325
0.0736292939766199	2.46146678536998	325
0.0351071647482701	1.7915886071351	325
0.0135210311175298	1.75012145464247	18
0.0214061082732901	1.77973211485229	109
0.0166914912182299	1.73526139152412	109
0.01500883638476	1.73542556969229	109
0.0297428279585601	1.78478163746822	109
0.0301618513472599	1.7539913146149	195
-0.0965224703368102	2.18561411325701	667
0.02890532830894	1.75624626442474	91
0.0291593849257099	1.75584590970342	229
-0.0772812190979799	2.20743312138224	229
-0.0659479218014099	2.19569491183906	169
0.0375849056890099	1.73918517583851	716
0.0203574789970999	1.76089251568796	223
0.04029198527908	1.76036913034791	780
0.00145913899247985	1.72235009863593	61
0.0931083040259999	2.48224935413368	583
-0.07097300255574	2.1926228675836	325
0.0494875045319501	2.46253158294341	325
0.0218212603712402	1.75712836725798	109
-0.10533384769222	2.1481466060417	109
0.0224346551343602	1.73394313923088	109
0.0319054284979501	1.76607996296772	109
0.0401576221055899	1.77940352472172	250
-0.0987230780313499	2.18344506329651	250
0.0379797404265201	1.77547626350938	365
-0.0835198775879	2.20724451065589	625
0.0843085149977099	2.47947900260786	169
0.08099990581443	2.49647407847151	27
-0.0998287856189899	2.16941259516517	324
-0.0681820649805598	2.22157237083133	116
0.0278861055995301	1.72354048062865	583
0.0775190442789402	2.4913825267909	583
0.00780628649388993	1.72238849355829	325
0.0465386431905901	1.76335665313056	109
0.0267467240127202	1.76616704687936	325
-0.06150165553673	2.19945768603158	325
0.0372748970201702	1.78143272151952	325
0.0297428279585601	1.78478163746822	109
0.0271642451682101	1.7882009108053	109
0.0192543073591001	1.76044171960393	649
0.0713499177955699	2.49232066781009	109
0.0176195594584199	1.7478452773406	250
-0.0967105232343499	2.15301073438569	229
0.0303579279806501	1.75815043047727	625
-0.0541886943413599	2.15021165501784	716
0.0413332744902601	1.78556725644158	716
0.0453746848274701	1.73612164158925	716
-0.10807321248317	2.14820711764529	223
0.0206074801703799	1.74987860684014	324
-0.0900421868027599	2.16392864560865	61
0.0333614298681701	1.76515449358433	324
0.0213928188091002	1.73388902301766	324
-0.0812306677897499	2.19416580094602	583
0.0122903849650702	1.74284785118264	583
0.0569837877720798	2.44909978916843	583
-0.0565535032675499	2.19442268678837	583
0.0233800876724799	1.75617268239177	850
0.0275819478134101	1.76550976278697	325
-0.0815213827954002	2.13936631568277	109
0.10050798961059	2.45328070457431	325
-0.0735115914751301	2.23050826433177	91
0.0209911359141102	1.75779269442633	91
-0.0953187217964002	2.15937199349325	91
-0.10714072486607	2.15784029048864	625
-0.07074906915379	2.23032655939212	169
0.0250062200768699	1.7627695206282	27
0.0379797404265201	1.77547626350938	223
-0.10235430965686	2.16895791562	324
-0.0823970870880002	2.15538891399973	230
-0.0706417068739	2.20180404027835	243
0.0261436927025902	1.76649910992419	243
0.0172586825180101	1.72897293710462	325
0.0351071647482701	1.7915886071351	325
-0.0835678056092699	2.16381631668682	325
-0.10878271353569	2.15088066983835	18
-0.12184515126013	2.11485114361075	18
0.0180347805208601	1.76953980875816	109
0.0423372444352399	1.76958095912024	109
-0.0779864007451101	2.18744711813171	109
0.03434163387301	1.77810209777096	67
0.05523243729938	2.47308138743002	667
0.00772073509995996	1.71141901723628	667
-0.07983876928891	2.23258687400266	91
-0.0831700660581398	2.1847466227787	91
-0.00157970706893007	1.69835984709154	91
-0.07975045905444	2.1918121540872	91
0.0779667677510201	2.49518807856371	229
0.0230427760352798	1.73455886480184	625
0.0214061082732901	1.77973211485229	229
0.11657177175277	2.49950756059606	169
0.0984099824912801	2.46182696733748	169
-0.0860763243723302	2.19661880117931	716
-0.0733251963364201	2.19334203077885	223
0.04265830919101	1.74887839511611	223
0.0273210543751801	2.34994458669149	324
0.0792547045557899	2.49223934710683	324
-0.07587637114261	2.22548792102407	116
-0.0984811666757999	2.14829438708565	583
0.0242158108929198	1.75552814484328	850
0.0353804858200699	1.76884300398295	243
0.0283109907556001	1.75665915110651	325
0.0452590699275399	1.76798173252537	325
0.0291593849257099	1.75584590970342	325
-0.10612968170712	2.16890390847285	325
-0.0037159626747898	1.69579718335452	18
0.0355285837416801	1.79046075418453	109
0.0166914912182299	1.73526139152412	109
0.0235596179620199	1.76092025709296	667
0.0482917685307198	1.75234968499278	91
0.00187444044546981	1.72276714370585	91
0.0300002478974299	1.7552238264429	91
0.0295797247395799	1.77747306964363	229
0.0433908090463899	2.4280744267328	625
0.0673751756956902	2.49185312354057	169
0.0477494619689902	1.74809623165565	169
-0.0789033551573399	2.20215199756878	716
0.0763171839654899	2.45249526665429	324
0.0155231625247101	1.75993793445774	61
0.0355285837416801	1.79046075418453	230
0.0756181881116902	2.44572043462927	325
0.0239781122824598	1.76263870806536	325
-0.0764786272445801	2.1970721605872	325
0.0259602657669	1.77571958773482	109
-0.11612530464979	2.12017905814126	109
-0.0855123779044402	2.14979970806927	250
-0.0739270500746398	2.19395544708468	250
-0.0701681339378801	2.1981756047879	365
-0.10878271353569	2.15088066983835	611
0.0239759002250199	1.75982344434879	229
0.0517181384427201	2.44820514811733	229
0.00454929941904991	1.72583626182616	625
-0.0933780173908101	2.18615248911191	625
-0.10279686501152	2.1584388039392	625
0.0554623437019801	1.70616661252947	27
-0.0850669744144601	2.18046670228822	27
0.0651157523958901	2.49447761965292	324
-0.0928389502104698	2.21063021871412	61
0.0297428279585601	1.78478163746822	230
0.0355285837416801	1.79046075418453	583
0.0225185091931999	1.73514381497273	850
-0.0969246897314999	2.12660300113821	325
0.0329411574337501	1.78765901257722	18
0.0381202200528099	1.77866058288672	109
-0.10321187537927	2.14855082005767	250
-0.0933780173908101	2.18615248911191	250
-0.0979251732863302	2.21092118877332	611
0.0455646458301202	1.75646285443379	611
0.0409092579785	1.78667105794429	229
0.0329411574337501	1.78765901257722	229
0.0160405475504701	1.73830892918756	625
0.0869756987733701	2.4629194750203	169
0.0235596179620199	1.76092025709296	27
0.0314854457773901	1.7594083641165	223
0.0321700747136799	1.78026665832039	61
-0.11083528327843	2.18139747920068	583
0.0214061082732901	1.77973211485229	227
0.0041355331447499	1.72542030368589	109
0.01566664095709	1.75278318538375	18
0.0496897029744798	2.40436043838896	295
-0.0727098292483901	2.23860087237001	365
0.0376974660276201	1.78825040842562	91
0.0192543073591001	1.76044171960393	229
-0.0996623492903499	2.18575522536914	229
0.05397189816351	2.47828876255799	229
0.00973055556083002	1.73977878983205	625
-0.0618817340398801	2.19537013258231	169
-0.09650014466254	2.15897234072283	169
0.0206074801703799	1.74987860684014	169
-0.07667789788395	2.2387915018087	27
0.0218212603712402	1.75712836725798	780
-0.0854483869729101	2.20282485232282	324
0.0439338339165798	1.77998616645985	196
0.0443180140216302	1.71694724971144	243
0.01884046099436	1.76001338712733	243
0.0275819478134101	1.76550976278697	18
0.0192543073591001	1.76044171960393	109
0.0297428279585601	1.78478163746822	18
0.0269935765531999	1.74827210657584	109
-0.0994352195374999	2.12571993173831	250
0.0102855994626898	1.7359606377124	67
0.0689401294471299	2.42915993792476	667
0.0181981585142301	1.7630799900606	667
0.0486081013186901	1.7577398854478	91
-0.10955399016008	2.12848115776171	91
-0.0812306677897499	2.19416580094602	91
0.0269935765531999	1.74827210657584	229
-0.10497653088806	2.17878165928094	229
-0.10474137091744	2.14916934092713	625
-0.0906296868423899	2.1940007168915	169
0.05238035702039	1.75329127816774	169
0.0275819478134101	1.76550976278697	169
0.0439338339165798	1.77998616645985	27
0.0293856441667399	1.71268361738301	27
0.01546623043073	1.75002074763643	324
0.0818748580886499	2.47956267063903	324
-0.0772812190979799	2.20743312138224	116
0.0706333438011102	2.49217082583257	583
0.0376974660276201	1.78825040842562	325
0.0201909486624698	1.75096064138591	325
0.02890532830894	1.75624626442474	325
0.0192543073591001	1.76044171960393	109
0.0267467240127202	1.76616704687936	109
0.0700038325344501	2.48491327201271	250
0.0281965087487999	1.72741467268495	250
0.0271642451682101	1.7882009108053	250
0.00526081246017007	1.71937661870384	250
0.0213036005566698	1.7595063451196	667
0.03187546961848	1.76148966774296	667
0.0347646396389099	1.76862235817381	667
0.0552157159399602	2.44174881724321	365
0.0192543073591001	1.76044171960393	365
0.0216371718583201	1.75279571838875	91
0.05152184682228	1.76914236754964	91
-0.0809612034371101	2.20661575428532	91
0.0636288877822202	2.4573248837166	611
0.0285446273183201	1.75613243556285	229
-0.0656581542080001	2.20472253795711	229
0.0376974660276201	1.78825040842562	229
0.0339188132078498	1.7713584790422	625
0.0181981585142301	1.7630799900606	169
0.0250062200768699	1.7627695206282	27
0.0918111602404599	2.4806756634862	27
0.0271642451682101	1.7882009108053	716
0.0722506320430401	2.49001806590447	61
0.0303579279806501	1.75815043047727	822
-0.0894932786043801	2.19788314748853	822
-0.11519484694522	2.11588126129043	822
0.00526081246017007	1.71937661870384	116
0.02890532830894	1.75624626442474	683
0.0755977295858799	2.47332784889989	683
0.0218212603712402	1.75712836725798	243
0.0285446273183201	1.75613243556285	325
0.0235596179620199	1.76092025709296	325
0.0158803250392801	1.75044711130464	109
0.0323255944428902	1.75670721857387	250
0.0738973317803402	2.46607797088767	250
-0.0744289302028598	2.20983205285473	250
-0.08702884553706	2.19221807567758	295
0.0323255944428902	1.75670721857387	667
-0.0778813040033701	2.20074278129223	91
0.0160792615713201	1.73082789242852	91
-0.0844594064535098	2.19164564649286	91
-0.06700563056966	2.19527390796914	611
0.0293239869881501	1.78591308132808	229
0.0349780054687701	1.75533338940532	229
0.0319054284979501	1.76607996296772	625
-0.06626437821823	2.19025005277911	27
-0.0553306672216598	2.199494176963	27
-0.0939759963938598	2.16254723457591	27
0.0271642451682101	1.7882009108053	223
-0.0825962553362398	2.22453207137743	324
0.10834440707498	2.48976195181314	324
0.0680032133106399	2.49125135826828	324
0.0243923631439298	1.72982905901667	324
0.0589862655886302	2.41013517238487	683
-0.08494936113143	2.21554754843107	243
0.0160405475504701	1.73830892918756	109
-0.10878271353569	2.15088066983835	250
0.0317484045302998	1.78137918388793	250
0.03434163387301	1.77810209777096	67
0.0404854273422601	1.7573804658212	667
0.0789915212414001	2.44222461605284	667
0.05827725259996	2.44415606321983	667
0.0218142493097	1.73432892569101	667
0.0584958196749801	2.4554115649018	365
-0.1154259260338	2.11754376930979	365
0.01566664095709	1.75278318538375	91
0.0376974660276201	1.78825040842562	317
0.0866070978542801	2.48043101184301	229
-0.0831955721953799	2.22583389898171	296
-0.0735115914751301	2.23050826433177	625
-0.0713750464990302	2.20001164495907	27
0.0250062200768699	1.7627695206282	27
0.0403832754378399	1.74849744545724	716
0.0413332744902601	1.78556725644158	716
-0.07014360318502	2.24196272045938	324
0.0309062376977201	1.73776947598698	324
0.0372748970201702	1.78143272151952	324
-0.0778813040033701	2.20074278129223	683
0.0271642451682101	1.7882009108053	823
0.04380846178934	1.75539422267084	109
0.0845996633170998	2.49291178871461	250
0.0428810853135899	2.4043187974156	250
-0.08299422308537	2.20054097764017	667
0.0950471799680801	2.45170676317796	611
0.01777816209853	1.74164342306101	317
0.0243923631439298	1.72982905901667	229
0.0283109907556001	1.75665915110651	229
0.0186183381079199	1.74101197531504	229
-0.0676109957027702	2.20869520247178	229
-0.0812306677897499	2.19416580094602	169
0.0333614298681701	1.76515449358433	822
0.06519857994738	2.49900848123577	683
0.0503664227218601	1.74524950591698	325
0.0303579279806501	1.75815043047727	325
0.0230427760352798	1.73455886480184	109
-0.0741298232637	2.20552372672451	250
-0.0953187217964002	2.15937199349325	250
0.0700038325344501	2.48491327201271	89
0.0323255944428902	1.75670721857387	91
0.0912486537399499	2.48502320435675	91
0.0131097064560501	1.74970222628579	296
0.0176813840873198	1.75776245721815	296
0.0394443544659202	1.75058558517172	296
0.0455646458301202	1.75646285443379	625
0.0445186076284898	1.73953426295458	27
-0.07003115649227	2.18490745521792	27
0.04019607527457	1.70500763169793	223
-0.11182423957505	2.10046178697456	324
0.0260609152859099	1.76016525034169	61
0.0245898330360799	1.76233303311063	822
-0.07667789788395	2.2387915018087	683
-0.08895250238582	2.11096602676308	683
0.0644005277189002	2.47351319874649	683
0.0484831425280698	1.73337294377583	325
0.0263793569516499	1.77460351315333	325
-0.08574953927124	2.23291042965255	250
-0.0863153946884698	2.19433697522685	66
0.0181981585142301	1.7630799900606	303
0.04019607527457	1.70500763169793	365
0.03106564615392	1.72611892262242	365
0.0124369916748202	1.75475715657275	91
0.0355291255260601	1.73794437575311	91
0.00772073509995996	1.71141901723628	296
0.0255413569551299	1.7463830158366	27
0.0371556669938702	1.75335838613405	223
-0.0747172205970799	2.19319046197293	823
-0.0914455089262498	2.21591565722839	250
0.0192543073591001	1.76044171960393	89
-0.0838550306740098	2.08773247531597	91
0.0323255944428902	1.75670721857387	91
-0.0684914302755999	2.19278002912399	611
0.0372748970201702	1.78143272151952	317
0.0145900855186198	1.7364930255418	229
-0.0896565578392399	2.17747319504746	229
0.0160792615713201	1.73082789242852	229
0.0301618513472599	1.7539913146149	229
0.0325919291812902	1.74981757796973	296
0.0166914912182299	1.73526139152412	625
0.0578513526345001	2.47448826623515	169
0.0319054284979501	1.76607996296772	169
0.0401576221055899	1.77940352472172	169
0.04308329735544	1.78273337554263	27
0.0506640946538401	1.7220164128471	716
0.03106564615392	1.72611892262242	716
0.0325210682611301	1.76578903213022	324
0.0409092579785	1.78667105794429	324
0.0314854457773901	1.7594083641165	822
0.0283109907556001	1.75665915110651	325
0.0214061082732901	1.77973211485229	109
0.0271642451682101	1.7882009108053	109
0.0244008758448002	1.74074991139183	250
0.0971015726908	2.47418486747098	89
0.0355285837416801	1.79046075418453	667
0.0644827681848699	2.48718306628088	611
0.0435084722200898	1.78951797761964	229
0.0293856441667399	1.71268361738301	229
0.0218212603712402	1.75712836725798	229
0.00976151829739003	1.75162713601541	296
-0.0727098292483901	2.23860087237001	625
0.0242158108929198	1.75552814484328	625
-0.11563950902156	2.10226729330401	169
0.0519510071003699	1.76754027355949	27
0.0413332744902601	1.78556725644158	716
0.0456854066424999	1.77956358080194	223
0.0192543073591001	1.76044171960393	324
0.10447721503665	2.46613830829524	324
0.0267467240127202	1.76616704687936	61
0.0260609152859099	1.76016525034169	227
0.0372748970201702	1.78143272151952	243
-0.08574953927124	2.23291042965255	243
0.0351071647482701	1.7915886071351	243
0.0297428279585601	1.78478163746822	243
0.0537068836807499	1.75489398431251	325
0.0323255944428902	1.75670721857387	325
0.0264877515364499	1.75085369635609	109
0.0275819478134101	1.76550976278697	109
0.00986929758719013	1.73553572597893	667
-0.10878271353569	2.15088066983835	91
0.0293239869881501	1.78591308132808	91
0.0207788026809901	1.75979169499821	91
0.0355285837416801	1.79046075418453	91
-0.06424564198882	2.19792691652937	91
0.00719336888182998	1.73244887992211	229
-0.0778813040033701	2.20074278129223	296
0.0301618513472599	1.7539913146149	625
0.03187546961848	1.76148966774296	27
0.04029198527908	1.76036913034791	27
-0.0723027209996401	2.20669341353288	324
0.0351071647482701	1.7915886071351	324
0.0300002478974299	1.7552238264429	61
0.00976151829739003	1.75162713601541	583
0.0647490641622501	2.48419592755549	227
-0.0933780173908101	2.18615248911191	325
-0.000426910591249996	1.69126502243374	109
0.00442247435587984	1.71272695085662	109
0.0349575576119001	1.7476040708216	667
0.00758511761751013	1.72123636760271	667
0.0192543073591001	1.76044171960393	667
0.0329411574337501	1.78765901257722	365
-0.10546365936063	2.14202218711287	365
-0.06700563056966	2.19527390796914	317
0.0351071647482701	1.7915886071351	296
-0.0869108439314199	2.19498266757501	625
0.0482917685307198	1.75234968499278	169
0.0267467240127202	1.76616704687936	27
0.0323255944428902	1.75670721857387	27
0.0271642451682101	1.7882009108053	324
-0.0707717399908998	2.20665698505197	822
0.0275819478134101	1.76550976278697	227
0.0325919291812902	1.74981757796973	250
-0.0979251732863302	2.21092118877332	295
0.0250062200768699	1.7627695206282	365
0.0355285837416801	1.79046075418453	91
0.0303579279806501	1.75815043047727	27
-0.0902327336784601	2.15356107211219	324
0.0307768748439399	1.75859398683312	324
0.0114933965742399	1.70535423634786	822
0.0267467240127202	1.76616704687936	822
-0.10557854522281	2.14160374652343	583
0.00526081246017007	1.71937661870384	583
0.0239759002250199	1.75982344434879	243
0.04029198527908	1.76036913034791	243
0.0128546066533701	1.73277326446805	243
0.0209911359141102	1.75779269442633	325
-0.0063917361743	1.69278962629523	109
0.0375554717429698	1.77656511984412	109
0.02890532830894	1.75624626442474	250
0.00504589421331003	1.70838931640332	667
0.0158803250392801	1.75044711130464	667
-0.0984708150668401	2.15701165785901	365
0.04308329735544	1.78273337554263	91
0.0346859298275599	1.76190632052241	91
0.0541372186391298	1.75808298007436	611
0.0297769595506798	1.75418553103217	229
0.0285446273183201	1.75613243556285	296
-0.0760801585109299	2.16617210146113	192
-0.0740749776432002	2.17968303227599	169
-0.07544619313766	2.18560096821282	169
0.0220962227799499	1.70273988496705	169
0.0301618513472599	1.7539913146149	169
-0.10359608504948	2.15441042570045	116
0.0301618513472599	1.7539913146149	683
0.0403832754378399	1.74849744545724	227
-0.0998287856189899	2.16941259516517	243
0.0329411574337501	1.78765901257722	325
0.0242158108929198	1.75552814484328	67
-0.0823951787686998	2.22927216582941	295
-0.0597967031703801	2.23151013663072	611
0.0456854066424999	1.77956358080194	611
-0.11671508020754	2.13993737130231	229
0.0295797247395799	1.77747306964363	229
0.0283109907556001	1.75665915110651	223
0.0381202200528099	1.77866058288672	223
-0.0650516281279798	2.2081080225941	324
0.03320723659697	1.73788250448247	61
0.0300539629632399	1.69168957391668	293
0.0295797247395799	1.77747306964363	293
0.0265676086317099	1.76540184055778	196
-0.0729073062416998	2.22408727356654	823
0.0393069538755002	1.73920882365659	823
0.0218212603712402	1.75712836725798	243
0.0271642451682101	1.7882009108053	634
0.0334961775135598	1.73770123232882	243
0.0133146104208799	1.72552552793546	109
0.0351071647482701	1.7915886071351	109
0.0329411574337501	1.78765901257722	109
0.0825304941468401	2.47467765470895	109
0.0372748970201702	1.78143272151952	137
0.0351071647482701	1.7915886071351	649
-0.11822171716009	2.12935411958972	250
-0.10546365936063	2.14202218711287	365
-0.10160877263153	2.15884302596771	365
0.0297428279585601	1.78478163746822	91
0.00454929941904991	1.72583626182616	91
0.0325210682611301	1.76578903213022	91
0.0214061082732901	1.77973211485229	611
-0.0896565578392399	2.17747319504746	229
-0.08627258816052	2.17918749898313	625
0.03518783063552	1.73367570156146	324
0.0158803250392801	1.75044711130464	324
0.0218212603712402	1.75712836725798	116
0.0333614298681701	1.76515449358433	683
0.0417574770069198	1.75519593531386	823
0.0293239869881501	1.78591308132808	243
0.02890532830894	1.75624626442474	243
0.0209911359141102	1.75779269442633	325
-0.07748456420526	2.16397760393589	109
0.0339771579665298	1.71498736505891	109
-0.07166764583621	2.12936609641695	250
0.0667474513602602	2.46175996937771	295
0.0214061082732901	1.77973211485229	667
0.0550337822098999	2.44944402415543	91
0.00973055556083002	1.73977878983205	91
-0.0819966426786198	2.21063264003197	91
0.0271029390084698	1.75108257271372	611
0.0256342669246998	1.75355613691864	229
-0.06821605976846	2.20992936027505	229
0.0368525129006998	1.74740043528758	229
0.0368525129006998	1.74740043528758	296
0.0291593849257099	1.75584590970342	169
0.0435084722200898	1.78951797761964	716
0.0456854066424999	1.77956358080194	61
0.0339188132078498	1.7713584790422	822
0.0325210682611301	1.76578903213022	683
-0.0805926287004701	2.185476918915	583
0.0238935661948001	1.76226593184663	823
0.0333614298681701	1.76515449358433	227
0.0452590699275399	1.76798173252537	634
0.0303579279806501	1.75815043047727	634
0.0351071647482701	1.7915886071351	243
0.0281965087487999	1.72741467268495	109
0.0135210311175298	1.75012145464247	109
0.0329411574337501	1.78765901257722	109
0.0209911359141102	1.75779269442633	250
-0.0971265910538799	2.14649732562943	67
-0.0894484597766798	2.18449798017207	667
0.0271642451682101	1.7882009108053	91
0.02741277359286	1.74871357249702	91
-0.11142028034309	2.16041984420216	611
0.03986807695415	1.76198366427652	229
0.0409092579785	1.78667105794429	229
0.06574905408656	2.48535557129611	296
0.0323255944428902	1.75670721857387	169
0.0467303741432601	1.76626361660703	169
0.0184501814026801	1.74719372001359	169
0.0482917685307198	1.75234968499278	27
0.00986929758719013	1.73553572597893	324
-0.0841233438759002	2.20053135311273	324
-0.0837741373543701	2.20097265518492	324
0.0135210311175298	1.75012145464247	324
0.0541372186391298	1.75808298007436	61
0.0192543073591001	1.76044171960393	293
0.0444814158079301	2.43336632705592	822
0.0313269185021898	1.75202678253973	243
0.0351071647482701	1.7915886071351	243
0.0303579279806501	1.75815043047727	109
-0.09317858790383	2.19466691848917	250
0.00199314045441978	1.70716154450967	667
0.0542154064603801	2.4311981625544	365
0.0353804858200699	1.76884300398295	365
0.0439338339165798	1.77998616645985	365
0.0381202200528099	1.77866058288672	91
-0.11068968648822	2.11380891987458	229
-0.09317858790383	2.19466691848917	229
0.0321700747136799	1.78026665832039	296
0.0550057567527098	2.45778766347248	296
0.0816215492739598	2.47985097112047	716
0.0181981585142301	1.7630799900606	324
-0.0804272074438899	2.19751599399505	324
0.0271642451682101	1.7882009108053	324
0.0281243939184201	1.74953270237886	324
0.04265830919101	1.74887839511611	324
0.0218212603712402	1.75712836725798	61
0.01566664095709	1.75278318538375	293
0.01884046099436	1.76001338712733	822
-0.0763278831979402	2.20549215783501	683
-0.1112281435655	2.07456353556817	293
0.0317484045302998	1.78137918388793	823
0.0336203977024701	1.74064059366426	243
0.0404854273422601	1.7573804658212	243
0.0314461912960602	1.75491193954846	325
0.0665404867019102	2.49222186182262	325
0.0160792615713201	1.73082789242852	109
-0.0888544412916201	2.16434236806827	109
-0.0644447997134301	2.20191020897879	295
0.0271642451682101	1.7882009108053	667
0.01884046099436	1.76001338712733	365
-0.0979251732863302	2.21092118877332	229
0.0439338339165798	1.77998616645985	169
0.0376974660276201	1.78825040842562	169
0.11389694405027	2.48994031346494	716
0.0314854457773901	1.7594083641165	324
-0.0935813419542999	2.15557123506676	324
0.0351071647482701	1.7915886071351	61
0.0381202200528099	1.77866058288672	822
0.0755651694786401	2.46183874491461	583
-0.0894932786043801	2.19788314748853	243
0.0368525129006998	1.74740043528758	243
0.0120195581054201	1.73341175575919	325
0.0372748970201702	1.78143272151952	109
0.0319488334234799	1.7618009739008	109
0.0435084722200898	1.78951797761964	109
0.0180347805208601	1.76953980875816	109
0.0245898330360799	1.76233303311063	109
0.0214061082732901	1.77973211485229	250
0.0351071647482701	1.7915886071351	250
0.0297428279585601	1.78478163746822	67
-0.0959095776473702	2.17958140749713	667
-0.0753331864557101	2.19548398424986	667
0.0461119310193201	1.7779184374033	365
-0.10925499174809	2.14781316254613	365
0.0467303741432601	1.76626361660703	365
0.03873695158777	1.77888244788449	91
0.0239781122824598	1.76263870806536	91
-0.0726768906216799	2.18553881070266	611
0.0267467240127202	1.76616704687936	229
0.01884046099436	1.76001338712733	625
0.0351071647482701	1.7915886071351	169
0.0333614298681701	1.76515449358433	324
0.0349780054687701	1.75533338940532	324
0.0275819478134101	1.76550976278697	324
0.04308329735544	1.78273337554263	324
0.0394443544659202	1.75058558517172	324
0.0192543073591001	1.76044171960393	822
0.0801852927851599	2.46682043682718	683
0.02890532830894	1.75624626442474	243
-0.0629157035670902	2.18982713912291	243
0.0199363393006098	1.73202857255246	325
0.0303579279806501	1.75815043047727	109
0.03973219459857	1.7726922919672	109
0.0271642451682101	1.7882009108053	250
0.0292737051071001	1.75868589440385	250
-0.09687707123277	2.12524072933204	250
-0.08516016246472	2.18073444979732	611
0.0409092579785	1.78667105794429	317
0.0264877515364499	1.75085369635609	229
-0.0908050445619901	2.1548117198319	229
0.0239759002250199	1.75982344434879	625
-0.0772801311843501	2.22711429179434	324
0.0303579279806501	1.75815043047727	324
0.0519748589892402	2.44986706375347	324
0.0622739151455098	2.45545025815108	293
-0.0863153946884698	2.19433697522685	634
0.0260609152859099	1.76016525034169	634
0.0471570078489401	1.76521195559602	243
-0.0809612034371101	2.20661575428532	243
0.0404854273422601	1.7573804658212	325
0.00526081246017007	1.71937661870384	109
0.01884046099436	1.76001338712733	109
0.0172586825180101	1.72897293710462	139
0.0133146104208799	1.72552552793546	67
0.01884046099436	1.76001338712733	67
0.0275819478134101	1.76550976278697	667
0.00454929941904991	1.72583626182616	667
0.0259602657669	1.77571958773482	365
-0.10626320634793	2.13525595119604	91
0.0291613210305899	1.75395865945644	365
0.01884046099436	1.76001338712733	365
-0.0705580638472099	2.19262100847243	91
-0.1024419999343	2.17196310695592	611
0.0267467240127202	1.76616704687936	229
0.0235596179620199	1.76092025709296	296
0.0303579279806501	1.75815043047727	223
0.00145913899247985	1.72235009863593	324
-0.0939700050290901	2.15832027907111	324
-0.10626320634793	2.13525595119604	324
0.0281243939184201	1.74953270237886	324
0.0614088321159598	2.47039439887346	822
0.0109669118149101	1.73097006899876	683
0.0558606955778198	2.47248153315768	683
-0.0583041939803501	2.18353537367259	109
0.0235596179620199	1.76092025709296	250
0.00780628649388993	1.72238849355829	667
-0.0837945935133102	2.21422928381119	667
-0.10878271353569	2.15088066983835	667
0.0959114470328202	2.47940783995242	365
-0.0863153946884698	2.19433697522685	229
0.0267986306365202	1.74416078377178	169
-0.10553722776191	2.16825427091512	169
0.0425661200638401	1.74490432359034	716
0.0229409804076899	1.7416336773842	324
-0.10418649918363	2.11472174421727	324
0.0680032133106399	2.49125135826828	324
0.0647490641622501	2.48419592755549	822
0.0503664227218601	1.74524950591698	634
-0.09025055275464	2.18598189109226	634
0.0355285837416801	1.79046075418453	243
0.03106564615392	1.72611892262242	325
0.01884046099436	1.76001338712733	109
0.0256342669246998	1.75355613691864	109
0.0275819478134101	1.76550976278697	250
0.0120195581054201	1.73341175575919	667
0.0187178414288098	1.73082290264151	91
-0.0657525393851199	2.21617639120439	91
-0.0794339268234601	2.14389097217625	229
-0.0835678056092699	2.16381631668682	296
0.0242158108929198	1.75552814484328	169
-0.0747316539027598	2.20677221749093	27
0.0910948861488099	2.48879187332121	27
0.0181981585142301	1.7630799900606	324
0.0371556669938702	1.75335838613405	293
0.0321700747136799	1.78026665832039	243
-0.0933780173908101	2.18615248911191	649
0.0909689133013298	2.49278972861819	667
0.0235596179620199	1.76092025709296	667
0.0629808842556501	2.42857621419995	667
-0.0863471209092999	2.22599633974923	611
0.0368525129006998	1.74740043528758	611
0.0351071647482701	1.7915886071351	229
0.00442247435587984	1.71272695085662	229
0.0285446273183201	1.75613243556285	169
0.10057140663139	2.49050876183156	27
0.0365149256138402	1.75214876686772	716
0.0435084722200898	1.78951797761964	716
0.0755977295858799	2.47332784889989	683
0.0256342669246998	1.75355613691864	823
0.0120195581054201	1.73341175575919	243
0.0267467240127202	1.76616704687936	243
0.0218212603712402	1.75712836725798	243
0.0301618513472599	1.7539913146149	325
-0.102783373949	2.11711351233777	109
0.0267467240127202	1.76616704687936	109
0.0456854066424999	1.77956358080194	109
-0.0770769433665701	2.15844674630744	109
0.0160405475504701	1.73830892918756	250
0.0160405475504701	1.73830892918756	126
0.0444814158079301	2.43336632705592	667
0.00145913899247985	1.72235009863593	91
-0.0644447997134301	2.20191020897879	365
0.0243923631439298	1.72982905901667	91
-0.08256320997363	2.19595928678349	91
0.0235596179620199	1.76092025709296	229
-0.10891885252838	2.13357761396785	229
0.0293239869881501	1.78591308132808	296
0.0160405475504701	1.73830892918756	192
-0.0843710212728599	2.19428451089524	169
-0.0646935833444902	2.20606802003217	716
0.05152184682228	1.76914236754964	716
0.05238035702039	1.75329127816774	27
0.0413332744902601	1.78556725644158	324
-0.10684891672951	2.10849984104766	324
-0.0823951787686998	2.22927216582941	324
0.0250062200768699	1.7627695206282	324
0.05704975327281	2.46010216992944	324
0.0259602657669	1.77571958773482	324
0.0235596179620199	1.76092025709296	324
0.0271642451682101	1.7882009108053	822
-0.0644447997134301	2.20191020897879	116
-0.10220296448285	2.17912605469631	243
0.03274594374107	1.72214262628452	243
0.0259602657669	1.77571958773482	325
0.0166914912182299	1.73526139152412	325
0.01884046099436	1.76001338712733	109
0.03595018693674	1.75966452644368	109
0.0325210682611301	1.76578903213022	109
0.03274594374107	1.72214262628452	139
-0.0784366719302301	2.20962187119746	667
0.0237978584971401	1.77796058405828	667
-0.0987244079340002	2.1684930080802	365
-0.0642013494073401	2.22424234166707	91
0.0216371718583201	1.75279571838875	91
0.0281243939184201	1.74953270237886	27
0.0131097064560501	1.74970222628579	324
0.0269917104786499	1.73544316824961	324
0.0209911359141102	1.75779269442633	324
0.0239759002250199	1.75982344434879	324
0.0252078063200001	1.72052238777182	324
0.0329411574337501	1.78765901257722	324
0.0445186076284898	1.73953426295458	61
0.00739746474101999	1.7219798445643	293
-0.10176659623193	2.14882159108102	683
0.0317484045302998	1.78137918388793	293
0.0229409804076899	1.7416336773842	243
-0.0941606868573999	2.1790533777893	634
-0.0778813040033701	2.20074278129223	109
0.0237978584971401	1.77796058405828	109
0.0131097064560501	1.74970222628579	89
0.00761121531804987	1.73287489521067	67
0.03595018693674	1.75966452644368	667
0.0644005277189002	2.47351319874649	365
-0.0812306677897499	2.19416580094602	611
0.0267467240127202	1.76616704687936	229
0.0259602657669	1.77571958773482	229
0.0218142493097	1.73432892569101	229
0.0409092579785	1.78667105794429	27
0.0293239869881501	1.78591308132808	716
0.0460499197703799	1.71066051905234	716
0.0346859298275599	1.76190632052241	27
0.0186183381079199	1.74101197531504	324
-0.0935813419542999	2.15557123506676	324
0.0759847684937101	2.46910287836827	324
0.0255413569551299	1.7463830158366	324
0.0729525299937199	2.45739815160615	293
-0.0896966842263498	2.19363399503027	116
0.0293239869881501	1.78591308132808	227
0.0135210311175298	1.75012145464247	227
-0.0599261991342699	2.16686000320398	243
0.0206895723506402	1.72945077822791	325
-0.0900294372368098	2.20071127795272	243
0.0271642451682101	1.7882009108053	243
0.04308329735544	1.78273337554263	243
0.0131097064560501	1.74970222628579	109
0.0192543073591001	1.76044171960393	139
-0.000426910591249996	1.69126502243374	109
0.03106564615392	1.72611892262242	109
0.0297428279585601	1.78478163746822	853
0.0631845097329098	2.45844664126951	365
0.0375554717429698	1.77656511984412	91
0.03595018693674	1.75966452644368	91
-0.0638376686992901	2.18508562697836	91
0.03187546961848	1.76148966774296	229
0.0131097064560501	1.74970222628579	296
0.0287360625220798	1.76328940978545	169
-0.0847265110275202	2.16812354522146	27
0.0323255944428902	1.75670721857387	716
-0.0908442561598402	2.17935180480089	27
-0.1102696987517	2.15798171831402	324
-0.0809612034371101	2.20661575428532	324
0.0461119310193201	1.7779184374033	324
0.02355553368831	1.74135916114039	324
-0.11086233191406	2.13758595465563	324
0.07733401615054	2.47298268819495	324
0.0250062200768699	1.7627695206282	293
0.0101421275090199	1.74019612353105	823
0.0870182530352701	2.41710245864392	243
-0.0831769592747098	2.19239479957497	634
0.01546623043073	1.75002074763643	109
0.0109669118149101	1.73097006899876	109
-0.11003898224584	2.14221935714159	139
-0.0984389384409501	2.14976411577921	109
-0.09902808870567	2.14875032341254	109
0.01884046099436	1.76001338712733	179
0.0233800876724799	1.75617268239177	667
-0.0640800559234802	2.19991085602204	667
0.0271642451682101	1.7882009108053	667
0.0325210682611301	1.76578903213022	365
0.0541372186391298	1.75808298007436	611
0.0461119310193201	1.7779184374033	611
-0.0865220149128301	2.14870159085261	611
-0.0868748796143399	2.19265671521273	229
0.0601595268636901	2.44125894008454	229
0.0413332744902601	1.78556725644158	716
0.03915981323129	1.75680900096895	716
0.0650119043329598	2.46087041120588	27
-0.06363879084256	2.18960221657477	324
0.0678347937602002	2.47632435314181	293
-0.09278573970805	2.18550208077573	243
0.03854315922564	1.74332033436954	634
0.00976151829739003	1.75162713601541	634
0.0347646396389099	1.76862235817381	634
0.0355285837416801	1.79046075418453	109
0.0329411574337501	1.78765901257722	109
0.0323255944428902	1.75670721857387	667
0.0629808842556501	2.42857621419995	365
0.0461119310193201	1.7779184374033	91
0.0271642451682101	1.7882009108053	716
0.0323255944428902	1.75670721857387	716
-0.0624900297549802	2.19694261614326	716
-0.0624900297549802	2.19694261614326	716
-0.0843628455435601	2.18403262320209	324
0.0271642451682101	1.7882009108053	324
-0.0933780173908101	2.18615248911191	293
0.0420743014575802	1.72806115420858	293
0.06564909323758	2.490887556851	293
-0.0861280764921002	2.11581205087553	634
-0.07167056620685	2.15958296853966	634
0.0423372444352399	1.76958095912024	634
0.0213036005566698	1.7595063451196	325
0.0329411574337501	1.78765901257722	18
-0.0566042861838199	2.22104251398194	109
0.0339188132078498	1.7713584790422	109
0.0394443544659202	1.75058558517172	109
0.0355285837416801	1.79046075418453	109
0.05387809589226	2.46130102604419	91
0.02890532830894	1.75624626442474	27
-0.0769937334931798	2.20651137594667	716
0.0293239869881501	1.78591308132808	716
-0.10866424646681	2.16841526152372	716
0.0261436927025902	1.76649910992419	27
0.04575271702919	2.41779397909149	324
0.0275819478134101	1.76550976278697	324
0.0293239869881501	1.78591308132808	759
0.0347646396389099	1.76862235817381	293
-0.0804272074438899	2.19751599399505	634
0.08316656155153	2.47837582726097	243
-0.0984708150668401	2.15701165785901	18
0.0537068836807499	1.75489398431251	109
-0.0763278831979402	2.20549215783501	109
0.0533560825202102	2.47714494153219	245
0.0192543073591001	1.76044171960393	91
0.03455012489195	1.7646083652213	91
0.01546623043073	1.75002074763643	91
0.0297428279585601	1.78478163746822	716
0.05238035702039	1.75329127816774	716
0.0439338339165798	1.77998616645985	716
0.0355948076196801	1.73194920953207	61
0.0919017184160502	2.47852552740356	759
0.0283109907556001	1.75665915110651	227
0.0141715168613001	1.70836060617784	634
0.0133146104208799	1.72552552793546	109
0.0746993974727301	2.45588229436166	250
-0.0772812190979799	2.20743312138224	229
-0.0696258634367299	2.16503819838767	229
0.0381202200528099	1.77866058288672	229
-0.08159410404512	2.17162716853204	229
-0.07014360318502	2.24196272045938	296
0.0541372186391298	1.75808298007436	716
0.04308329735544	1.78273337554263	716
0.0482917685307198	1.75234968499278	27
0.0614088321159598	2.47039439887346	324
0.0756181881116902	2.44572043462927	293
-0.0973881306159399	2.17245011320629	293
0.0334961775135598	1.73770123232882	634
0.0102855994626898	1.7359606377124	634
0.0486110090816898	2.42561826963184	634
-0.09143766830661	2.1473240631683	243
-0.10235430965686	2.16895791562	243
-0.08494936113143	2.21554754843107	243
-0.0792847495741	2.15260654164354	325
-0.0939700050290901	2.15832027907111	109
-0.0668703004230702	2.15304030697503	109
-0.0733251963364201	2.19334203077885	109
-0.0883012796493201	2.2260651137846	139
-0.09278573970805	2.18550208077573	853
0.0376974660276201	1.78825040842562	667
0.0293239869881501	1.78591308132808	229
0.0601595268636901	2.44125894008454	229
-0.0973336237893099	2.18998721623583	296
0.10373823388838	2.46692110438765	716
0.0355285837416801	1.79046075418453	716
-0.0896565578392399	2.17747319504746	716
0.0233800876724799	1.75617268239177	27
-0.0699464331989299	2.18636949762518	324
0.0260609152859099	1.76016525034169	324
0.0119135175827201	1.73341440534533	324
0.0283109907556001	1.75665915110651	293
0.00986929758719013	1.73553572597893	634
0.0484831425280698	1.73337294377583	325
-0.09284693113469	2.15098728258878	18
-0.09532748104855	2.14449337761224	18
-0.0753331864557101	2.19548398424986	109
0.0339188132078498	1.7713584790422	667
-0.07411557695912	2.22702887599428	91
-0.0942383241721099	2.17237990538617	229
0.0365663779605101	1.74759505809755	194
0.0207788026809901	1.75979169499821	27
0.0439338339165798	1.77998616645985	27
-0.0825794867790402	2.15966994016448	716
0.0122903849650702	1.74284785118264	716
-0.11130003301124	2.13111670247523	716
0.0303579279806501	1.75815043047727	716
0.0192543073591001	1.76044171960393	27
0.0263793569516499	1.77460351315333	716
0.0361448519505898	1.74714593030472	716
0.0523318321412498	2.42689495454286	716
0.0303579279806501	1.75815043047727	293
-0.0947901970301399	2.21701305543046	293
-0.0896565578392399	2.17747319504746	759
0.0224346551343602	1.73394313923088	243
0.01546623043073	1.75002074763643	243
0.0210241924152399	1.72021946722123	243
0.0333614298681701	1.76515449358433	243
-0.0925797800605799	2.1940163536727	243
-0.0769937334931798	2.20651137594667	109
-0.0922341262701498	2.18341628600744	667
0.0301618513472599	1.7539913146149	667
0.03873695158777	1.77888244788449	667
-0.0959095776473702	2.17958140749713	91
-0.12153781201808	2.11505233210937	91
0.0267467240127202	1.76616704687936	91
0.0901928991893	2.47096560402753	229
0.03854315922564	1.74332033436954	229
0.0467303741432601	1.76626361660703	296
0.01566664095709	1.75278318538375	296
0.0329411574337501	1.78765901257722	194
0.0271642451682101	1.7882009108053	27
-0.06700563056966	2.19527390796914	324
0.0380143340661601	1.70232707773571	324
0.0616681580949199	2.45462419598661	293
-0.12396108192817	2.06450822006994	634
0.0128546066533701	1.73277326446805	243
0.0250062200768699	1.7627695206282	18
0.01884046099436	1.76001338712733	109
0.05152184682228	1.76914236754964	18
0.0275819478134101	1.76550976278697	243
-0.07667789788395	2.2387915018087	667
0.0420337687257599	2.41668051901727	667
0.0301301141831498	1.72813375616798	91
0.0398908443580299	1.7418502956899	229
0.0255413569551299	1.7463830158366	229
0.0323255944428902	1.75670721857387	296
0.0376974660276201	1.78825040842562	169
0.0314854457773901	1.7594083641165	716
0.0394443544659202	1.75058558517172	716
0.0124369916748202	1.75475715657275	716
0.0554522931455699	2.40178053322242	27
0.0410090379980201	1.73522572134976	27
-0.0621166667861202	2.2010303097713	324
0.0218212603712402	1.75712836725798	293
0.0300002478974299	1.7552238264429	293
0.0233636365524901	1.73251178341482	18
-0.0747316539027598	2.20677221749093	926
-0.0849858045586598	2.14726154981729	91
-0.0888280476819801	2.15924594278515	229
0.0461119310193201	1.7779184374033	229
0.00187444044546981	1.72276714370585	229
0.0372748970201702	1.78143272151952	716
0.0443593825766699	1.74484134897789	324
0.0376974660276201	1.78825040842562	324
0.0614088321159598	2.47039439887346	293
-0.0843710212728599	2.19428451089524	634
0.00976151829739003	1.75162713601541	109
-0.0883012796493201	2.2260651137846	853
0.04308329735544	1.78273337554263	667
-0.0648521908573501	2.19137765460049	296
0.02890532830894	1.75624626442474	27
0.0127032534025902	1.72114002754028	27
0.06894690677967	2.49807194500252	27
-0.0831769592747098	2.19239479957497	27
0.04308329735544	1.78273337554263	61
-0.0622918421346101	2.19289668488717	293
0.0265676086317099	1.76540184055778	243
0.0349780054687701	1.75533338940532	243
0.0293239869881501	1.78591308132808	667
0.0782284941871598	2.497780594338	91
-0.10379393358336	2.10822631084325	229
0.0706333438011102	2.49217082583257	762
0.0181981585142301	1.7630799900606	716
0.0329411574337501	1.78765901257722	716
-0.0860525602709501	2.19613126187097	27
-0.0735276942787899	2.19203675591683	27
0.0233800876724799	1.75617268239177	27
-0.0835198775879	2.20724451065589	61
0.0109669118149101	1.73097006899876	759
0.0435084722200898	1.78951797761964	293
0.0281243939184201	1.74953270237886	293
0.0355285837416801	1.79046075418453	243
0.0214061082732901	1.77973211485229	926
-0.0894484597766798	2.18449798017207	667
0.0278861055995301	1.72354048062865	285
0.0293239869881501	1.78591308132808	229
0.0276068110952599	1.72370591589342	296
0.03873695158777	1.77888244788449	27
-0.0998287856189899	2.16941259516517	61
0.0413332744902601	1.78556725644158	293
-0.0778813040033701	2.20074278129223	759
0.0271642451682101	1.7882009108053	243
0.01884046099436	1.76001338712733	634
0.03434163387301	1.77810209777096	243
-0.10199114224827	2.11573930860544	243
0.0372748970201702	1.78143272151952	139
0.0212205356105	1.75236126583843	691
0.0350983740166799	1.73896851229638	91
0.0355285837416801	1.79046075418453	285
-0.0843710212728599	2.19428451089524	229
0.0271642451682101	1.7882009108053	27
0.0785998368878298	2.47357676326071	27
0.0441264512939901	1.73525393170296	293
0.0688262942955999	2.43646013692559	293
-0.103592912518	2.14599358130128	293
-0.0998287856189899	2.16941259516517	243
0.0372748970201702	1.78143272151952	243
0.0267467240127202	1.76616704687936	18
0.0275819478134101	1.76550976278697	243
-0.08610785067799	2.14878218030286	250
-0.0568844819296501	2.16415528633166	245
0.0180347805208601	1.76953980875816	67
0.0355285837416801	1.79046075418453	667
0.0259602657669	1.77571958773482	229
0.04265830919101	1.74887839511611	194
0.0355285837416801	1.79046075418453	27
0.00758511761751013	1.72123636760271	716
-0.0800386151750501	2.20079626154835	27
-0.0959095776473702	2.17958140749713	634
0.0507970123494901	1.74840613251401	926
0.0532767390757898	1.74038273615626	285
0.0206074801703799	1.74987860684014	285
-0.0712519520455599	2.20803282823305	91
0.0404854273422601	1.7573804658212	229
0.0381202200528099	1.77866058288672	229
0.0303579279806501	1.75815043047727	296
0.03873695158777	1.77888244788449	716
0.05324240650351	2.4669203012864	716
0.0233800876724799	1.75617268239177	716
0.0724617338426201	2.49754842511115	61
-0.1073331121445	2.14371533569931	324
0.0667474513602602	2.46175996937771	61
-0.06626437821823	2.19025005277911	759
0.0267467240127202	1.76616704687936	634
-0.0676109957027702	2.20869520247178	18
-0.0759717591967499	2.13769768375992	296
-0.0896565578392399	2.17747319504746	27
0.0218142493097	1.73432892569101	27
0.0393069538755002	1.73920882365659	27
0.0277043436977098	1.7166070818074	759
0.12051683401498	2.48420367447239	759
0.0267467240127202	1.76616704687936	243
0.0730008011670198	2.4787054552384	18
0.0293239869881501	1.78591308132808	243
0.0131097064560501	1.74970222628579	285
-0.0934330579917799	2.1774915265913	229
0.0235596179620199	1.76092025709296	229
-0.0754725363222	2.22350715423687	716
-0.0967105232343499	2.15301073438569	27
-0.0831769592747098	2.19239479957497	324
-0.0739270500746398	2.19395544708468	759
-0.09317858790383	2.19466691848917	759
0.00973055556083002	1.73977878983205	293
0.0323255944428902	1.75670721857387	243
0.0636844182132599	2.38311371984928	243
-0.0661650147091399	2.22946365317784	817
0.0435084722200898	1.78951797761964	667
0.0158803250392801	1.75044711130464	667
0.0372748970201702	1.78143272151952	91
0.04276402201039	1.76795651153876	229
0.0267467240127202	1.76616704687936	229
0.0295797247395799	1.77747306964363	27
0.0245898330360799	1.76233303311063	716
0.0250062200768699	1.7627695206282	27
0.0317484045302998	1.78137918388793	324
-0.0875060004944701	2.16709350303895	822
0.0218212603712402	1.75712836725798	243
0.0301618513472599	1.7539913146149	243
0.0218212603712402	1.75712836725798	18
0.0347646396389099	1.76862235817381	243
-0.0814765792671399	2.18876389070907	667
0.0782284941871598	2.497780594338	667
0.0333614298681701	1.76515449358433	667
0.01546623043073	1.75002074763643	91
0.0237978584971401	1.77796058405828	285
0.0884068960679398	2.498954159991	229
-0.0843628455435601	2.18403262320209	229
0.0295797247395799	1.77747306964363	27
-0.08682197369227	2.13608452866409	716
0.0192543073591001	1.76044171960393	293
0.0237978584971401	1.77796058405828	293
0.03873695158777	1.77888244788449	243
0.0218212603712402	1.75712836725798	243
0.0293239869881501	1.78591308132808	243
-0.0979251732863302	2.21092118877332	243
0.0242158108929198	1.75552814484328	243
-0.09025055275464	2.18598189109226	18
-0.0706417068739	2.20180404027835	250
-0.0831624692450599	2.15585529791683	67
0.0101421275090199	1.74019612353105	667
-0.0812783878359302	2.18383952901085	91
-0.09538316942426	2.2176990059689	229
0.0325919291812902	1.74981757796973	716
-0.0885041455831201	2.17884377300187	716
-0.10176659623193	2.14882159108102	716
0.0339188132078498	1.7713584790422	61
0.0166914912182299	1.73526139152412	759
0.0135210311175298	1.75012145464247	293
-0.09025055275464	2.18598189109226	243
0.0131097064560501	1.74970222628579	243
-0.0892206082180498	2.16505547064886	122
0.0404854273422601	1.7573804658212	667
0.03915981323129	1.75680900096895	667
0.0435084722200898	1.78951797761964	229
0.0209911359141102	1.75779269442633	229
-0.08000224746056	2.18475026330219	229
-0.06424564198882	2.19792691652937	27
0.0355285837416801	1.79046075418453	716
0.0134669257795799	1.71021663539115	716
0.0381202200528099	1.77866058288672	759
0.0638167456033898	2.49975432521211	243
0.0224346551343602	1.73394313923088	243
0.0459926999375999	1.762992208784	243
0.0503664227218601	1.74524950591698	18
0.0281243939184201	1.74953270237886	18
0.03106564615392	1.72611892262242	243
-0.08119620341331	2.19972173150415	245
-0.10474137091744	2.14916934092713	229
-0.0933780173908101	2.18615248911191	229
0.0398908443580299	1.7418502956899	229
0.0233800876724799	1.75617268239177	27
0.0295797247395799	1.77747306964363	716
-0.0933780173908101	2.18615248911191	27
-0.11188294124973	2.13011742913444	293
0.03854315922564	1.74332033436954	293
0.0314854457773901	1.7594083641165	293
-0.08515166332608	2.22401427600593	243
-0.0591025269197498	2.18672016007928	18
0.0355285837416801	1.79046075418453	243
0.01852734270259	1.72678252914628	243
0.02890532830894	1.75624626442474	243
0.0155231625247101	1.75993793445774	229
-0.0765793483117401	2.17557079748776	27
-0.0804272074438899	2.19751599399505	759
0.0603292424796198	2.49021043188062	759
0.0372748970201702	1.78143272151952	243
0.0260609152859099	1.76016525034169	243
-0.0985164338038702	2.18959728307512	667
0.0361448519505898	1.74714593030472	667
0.08523601302642	2.4715112132692	229
0.0519748589892402	2.44986706375347	27
0.0213928188091002	1.73388902301766	61
0.06428050871842	2.47965101756431	61
0.0764602515153801	2.45527595633964	759
0.0581641575300602	2.47008994025086	293
0.0592054788509402	2.48638007526213	243
0.00973055556083002	1.73977878983205	243
-0.08574953927124	2.23291042965255	243
-0.0737501618890502	2.2003465956759	139
0.03734403870327	1.71445566300569	673
-0.0979251732863302	2.21092118877332	229
-0.10126729240931	2.17519889885702	759
-0.0806320498716699	2.19292083776073	243
0.0517181384427201	2.44820514811733	243
0.0235596179620199	1.76092025709296	243
-0.0752290213100499	2.1713244044211	139
-0.0928389502104698	2.21063021871412	122
0.03455012489195	1.7646083652213	67
-0.0936429355871602	2.16397848635961	91
0.0372748970201702	1.78143272151952	229
0.0287360625220798	1.76328940978545	716
-0.08119620341331	2.19972173150415	759
-0.08627258816052	2.17918749898313	759
0.0303579279806501	1.75815043047727	293
0.0209911359141102	1.75779269442633	243
0.0673751756956902	2.49185312354057	243
0.0250062200768699	1.7627695206282	243
0.0401576221055899	1.77940352472172	243
0.0242158108929198	1.75552814484328	667
-0.0778705660999699	2.0940789746894	285
0.0325210682611301	1.76578903213022	673
0.0281243939184201	1.74953270237886	27
0.0158803250392801	1.75044711130464	716
0.0383142749991201	1.75740754542839	716
0.0218212603712402	1.75712836725798	27
-0.0953187217964002	2.15937199349325	27
-0.10866424646681	2.16841526152372	61
-0.0798285662294398	2.19688285289868	759
-0.1032855037571	2.15510366876951	293
-0.09278573970805	2.18550208077573	293
-0.0984708150668401	2.15701165785901	243
0.00526081246017007	1.71937661870384	243
0.0131097064560501	1.74970222628579	243
0.0413332744902601	1.78556725644158	243
0.0715612175722602	2.49162375094397	243
-0.0775659295142499	2.12775877103742	250
-0.0967203099250198	2.17966293773488	678
0.0151016081679902	1.73855635706817	245
0.01777816209853	1.74164342306101	95
0.0372748970201702	1.78143272151952	27
0.0176813840873198	1.75776245721815	759
0.0267467240127202	1.76616704687936	759
0.0614088321159598	2.47039439887346	293
0.03455012489195	1.7646083652213	293
0.0385962911594802	1.7138469674171	243
0.0333614298681701	1.76515449358433	243
0.00526081246017007	1.71937661870384	139
-0.0996623492903499	2.18575522536914	678
-0.0998287856189899	2.16941259516517	136
0.0321700747136799	1.78026665832039	667
0.0347646396389099	1.76862235817381	673
0.03595018693674	1.75966452644368	229
0.0281965087487999	1.72741467268495	95
0.0267467240127202	1.76616704687936	194
0.0233800876724799	1.75617268239177	194
0.0484831425280698	1.73337294377583	716
0.0329411574337501	1.78765901257722	27
0.0719797263939901	2.47060263462936	759
0.0524679394888699	2.40881501257418	759
-0.11772289188102	2.12541676903785	759
0.0261436927025902	1.76649910992419	243
-0.0855123779044402	2.14979970806927	243
0.0256342669246998	1.75355613691864	243
0.0267467240127202	1.76616704687936	285
0.0181981585142301	1.7630799900606	285
0.0587875046506898	2.44849971664579	229
0.0250062200768699	1.7627695206282	27
0.0101806828366202	1.72969851786379	27
0.0323255944428902	1.75670721857387	716
-0.0955285698798298	2.11318426756154	61
0.04684937454287	1.72009370003289	61
-0.0790244033773799	2.14286356940033	243
0.03278545943517	1.73743550699326	243
0.0431909874642402	1.7535580640454	243
0.04265830919101	1.74887839511611	243
0.0321700747136799	1.78026665832039	245
0.0203574789970999	1.76089251568796	667
0.0637652570728302	2.48253939525477	667
0.0496897029744798	2.40436043838896	667
-0.07804884240065	2.13825653921312	667
0.0259602657669	1.77571958773482	27
0.0131097064560501	1.74970222628579	27
-0.0829708982501298	2.18423561763928	716
0.03873695158777	1.77888244788449	716
0.0242158108929198	1.75552814484328	27
0.02890532830894	1.75624626442474	61
0.0271642451682101	1.7882009108053	759
-0.0880785681823801	2.18265286579734	243
0.0829238627617399	2.49756732658814	243
0.0381202200528099	1.77866058288672	243
0.0789745430685001	2.45649295396127	853
0.0145900855186198	1.7364930255418	245
0.00187411758690015	1.70972654442378	667
0.0412445110701301	1.70627127603772	407
0.0192318177325701	1.70394128237012	285
-0.08484391412847	2.194253816343	95
0.0404854273422601	1.7573804658212	95
0.0355285837416801	1.79046075418453	502
0.0375554717429698	1.77656511984412	194
0.0461193734180601	2.39814913913145	716
-0.11792955522848	2.09801727328834	27
-0.11339333570578	2.13117030258463	61
-0.0712519520455599	2.20803282823305	61
0.0802920802290301	2.48693495105333	243
0.0410090379980201	1.73522572134976	243
0.0239759002250199	1.75982344434879	243
-0.0558950122081399	2.17110296511532	91
0.0413332744902601	1.78556725644158	229
0.0287360625220798	1.76328940978545	229
-0.0747192629572999	2.21209775220896	95
0.0307768748439399	1.75859398683312	95
0.0317592627124101	1.72225155910202	95
0.0250062200768699	1.7627695206282	716
0.0133146104208799	1.72552552793546	716
0.0218212603712402	1.75712836725798	716
0.0373634327371399	1.73639110002426	293
-0.0837741373543701	2.20097265518492	61
0.0109669118149101	1.73097006899876	243
0.0203574789970999	1.76089251568796	243
0.0346859298275599	1.76190632052241	243
0.0131097064560501	1.74970222628579	243
0.03854315922564	1.74332033436954	926
-0.11242004292655	2.10104231732464	245
-0.08910056146971	2.19237400345168	91
0.0255413569551299	1.7463830158366	91
0.00187411758690015	1.70972654442378	285
0.0355285837416801	1.79046075418453	285
0.0588811334554502	2.41527857594549	229
0.03455012489195	1.7646083652213	229
0.0404854273422601	1.7573804658212	27
0.0333614298681701	1.76515449358433	716
-0.07391754608155	2.1985914234513	716
0.0614088321159598	2.47039439887346	716
-0.0696258634367299	2.16503819838767	27
0.11524865673234	2.4974086340207	27
-0.11772289188102	2.12541676903785	61
-0.0959758516297202	2.188896580578	293
0.10510101321856	2.46585887335406	243
0.0154277695867999	1.70623830863385	243
0.0176195594584199	1.7478452773406	139
0.0297428279585601	1.78478163746822	67
-0.0880974869673699	2.17889167815536	667
0.06247652520263	2.4903700135662	667
0.0212205356105	1.75236126583843	91
0.0176195594584199	1.7478452773406	285
0.0131097064560501	1.74970222628579	229
0.0186183381079199	1.74101197531504	229
0.0355285837416801	1.79046075418453	95
0.0458030066320898	1.7188245459909	95
0.0413332744902601	1.78556725644158	194
0.0250062200768699	1.7627695206282	27
0.0267467240127202	1.76616704687936	27
0.0314854457773901	1.7594083641165	243
0.0166914912182299	1.73526139152412	139
0.0850174747102601	2.47735402481657	853
0.0445517348778699	1.75594809982774	667
-0.0797001154104899	2.19432381487533	667
-0.10533687208369	2.11649530932333	667
0.11591900260572	2.4958280848957	91
0.0448329207419	1.73146440485931	673
0.0281965087487999	1.72741467268495	673
0.03434163387301	1.77810209777096	285
-0.0861280764921002	2.11581205087553	27
0.03448148843882	1.75026995225613	716
0.0214061082732901	1.77973211485229	27
0.0275819478134101	1.76550976278697	716
-0.06696790715081	2.24003660021191	716
-0.0831769592747098	2.19239479957497	27
0.03595018693674	1.75966452644368	27
0.11115979467004	2.47511323700484	243
0.0323255944428902	1.75670721857387	243
0.0209911359141102	1.75779269442633	18
0.0323255944428902	1.75670721857387	243
0.0307768748439399	1.75859398683312	243
0.0269935765531999	1.74827210657584	243
0.07295412582523	2.49642775494102	853
-0.0824484089280002	2.15102921467108	91
0.0763881133900499	2.48187278219439	673
0.0237978584971401	1.77796058405828	229
-0.0920399313849698	2.19463325308905	27
0.0176195594584199	1.7478452773406	27
0.0239759002250199	1.75982344434879	27
0.0192543073591001	1.76044171960393	716
0.09770875141712	2.49774501870185	27
-0.10553722776191	2.16825427091512	293
-0.1085514492942	2.11775647349993	61
-0.0869108439314199	2.19498266757501	61
0.0271642451682101	1.7882009108053	243
0.0329411574337501	1.78765901257722	243
0.0127543097019802	1.70323116452462	243
0.0572083131021102	2.48536996101356	139
-0.0957252728604301	2.18410821842038	667
-0.10103941726693	2.14882659866023	95
-0.0845162465338598	2.18805192851581	27
0.02741277359286	1.74871357249702	716
-0.0718618922757099	2.20463957597238	716
-0.0825962553362398	2.22453207137743	61
0.0289650440247602	1.74686640103219	293
-0.0883012796493201	2.2260651137846	243
-0.10878271353569	2.15088066983835	243
0.0257199625605802	1.73761978806267	243
0.0156216909910998	1.73787599175762	243
-0.11828599189182	2.11126833852947	91
-0.0976945290447699	2.17964491231402	673
-0.08574953927124	2.23291042965255	229
0.0293239869881501	1.78591308132808	229
-0.0829708982501298	2.18423561763928	194
0.03986807695415	1.76198366427652	27
-0.0874768728681801	2.19391168056538	27
0.0209911359141102	1.75779269442633	716
0.0155231625247101	1.75993793445774	716
-0.0939143982698698	2.1509386291049	716
0.0166914912182299	1.73526139152412	293
-0.0907394608507199	2.15299074297224	293
0.0118776946148702	1.72176583860569	18
-0.10220296448285	2.17912605469631	673
0.0423372444352399	1.76958095912024	673
0.0738973317803402	2.46607797088767	27
-0.0955251080408299	2.12917405220543	27
-0.10419781049404	2.11883979949778	716
-0.0764768352118499	2.17860401586013	293
0.0792547045557899	2.49223934710683	243
0.0297428279585601	1.78478163746822	139
-0.10438841212174	2.20001723243838	285
-0.0996623492903499	2.18575522536914	229
-0.0741298232637	2.20552372672451	95
0.04993602353299	1.73089298492854	61
0.0985663661433702	2.47828034607739	243
-0.0888544412916201	2.16434236806827	285
0.0289650440247602	1.74686640103219	27
-0.10848569626484	2.1107633269917	61
0.0263793569516499	1.77460351315333	61
-0.0881699351006202	2.15951894805799	139
-0.06674622913124	2.15931294712715	673
0.0212205356105	1.75236126583843	18
0.0297428279585601	1.78478163746822	139
-0.0800331363017199	2.17950812719616	139
0.00526081246017007	1.71937661870384	926
0.08763691144275	2.46713829169816	285
-0.0521458352420501	2.1836090545034	61
-0.0818289903131002	2.18294622203652	139
-0.0831955721953799	2.22583389898171	139
-0.09278573970805	2.18550208077573	139
-0.11321386643037	2.13789952159719	139
0.0307768748439399	1.75859398683312	283
-0.0760753663498699	2.23748565697813	285
0.0493477709671302	2.442319685276	285
0.0629928701185101	2.47887617624851	138
0.0261436927025902	1.76649910992419	27
0.0333614298681701	1.76515449358433	27
0.0213928188091002	1.73388902301766	194
0.0123338219158802	1.73234630225228	27
0.0261436927025902	1.76649910992419	27
-0.08381396721034	2.13135513826568	27
-0.0988330310766501	2.1251393281338	61
0.0376974660276201	1.78825040842562	61
-0.06626437821823	2.19025005277911	243
0.07533066685588	2.45702070103468	139
0.00526081246017007	1.71937661870384	926
-0.0809612034371101	2.20661575428532	243
-0.0831955721953799	2.22583389898171	243
0.0206074801703799	1.74987860684014	243
-0.0963223489076399	2.16345980202878	243
0.0160792615713201	1.73082789242852	243
0.0233800876724799	1.75617268239177	926
-0.0857196525125499	2.16630661886889	926
-0.10220296448285	2.17912605469631	95
-0.0843710212728599	2.19428451089524	229
-0.0883082924503	2.15202994292655	27
0.0368525129006998	1.74740043528758	61
-0.0820825308986701	2.1893773791055	61
0.0156216909910998	1.73787599175762	243
-0.0656581542080001	2.20472253795711	243
-0.09902808870567	2.14875032341254	243
-0.10220296448285	2.17912605469631	243
0.0517181384427201	2.44820514811733	139
-0.09650014466254	2.15897234072283	285
0.0664588769261698	2.47276973788531	229
-0.0953187217964002	2.15937199349325	95
0.0526013374252301	2.47213819193526	27
0.01566664095709	1.75278318538375	27
0.00187411758690015	1.70972654442378	27
0.0192318177325701	1.70394128237012	243
0.0447507021254001	1.73107324903935	243
-0.09650014466254	2.15897234072283	243
0.0267467240127202	1.76616704687936	139
0.0825304941468401	2.47467765470895	926
-0.1091149730814	2.15342073015928	285
0.0263793569516499	1.77460351315333	285
0.00739746474101999	1.7219798445643	285
0.0271642451682101	1.7882009108053	27
-0.0539849909849601	2.17786785673652	27
-0.0729073062416998	2.22408727356654	27
0.0303579279806501	1.75815043047727	61
0.0192543073591001	1.76044171960393	139
0.0604895481846	2.48216626402793	285
-0.10269470199223	2.12774049823814	95
0.0154277695867999	1.70623830863385	27
0.0405832365282302	1.76998070490232	323
-0.0831945896851001	2.13972701442102	243
-0.0975397365514401	2.14222168362008	243
0.0435084722200898	1.78951797761964	243
0.02890532830894	1.75624626442474	243
0.0160792615713201	1.73082789242852	243
-0.11933685735332	2.10240696643474	243
0.0693746358364402	2.45025333578137	243
0.0631038642840101	2.4812392594129	243
-0.0837741373543701	2.20097265518492	139
0.00401856198466	1.72538236633879	229
-0.0984886345473099	2.18115072268303	95
-0.07197805372342	2.16798436352759	95
-0.0880785681823801	2.18265286579734	27
-0.1059977344251	2.11837620290731	27
0.0283109907556001	1.75665915110651	27
0.0297428279585601	1.78478163746822	27
0.07126316991571	2.48310372299207	27
-0.0810255533159299	2.16975252410135	61
0.0375554717429698	1.77656511984412	61
0.0285446273183201	1.75613243556285	243
-0.09709645613392	2.15948534051709	139
-0.0778813040033701	2.20074278129223	139
-0.07667789788395	2.2387915018087	139
0.0245898330360799	1.76233303311063	926
0.00526081246017007	1.71937661870384	926
0.00454929941904991	1.72583626182616	95
-0.0851219441989501	2.19656387831285	61
0.0616681580949199	2.45462419598661	323
0.0680032133106399	2.49125135826828	323
-0.0577028669934099	2.17347473314025	243
-0.10380796711599	2.16862152123861	243
-0.0790244033773799	2.14286356940033	139
-0.11119660832714	2.14236459147571	139
-0.0804272074438899	2.19751599399505	139
0.0782284941871598	2.497780594338	650
-0.0772812190979799	2.20743312138224	926
0.0109669118149101	1.73097006899876	27
-0.1102696987517	2.15798171831402	323
-0.0883012796493201	2.2260651137846	243
0.0297428279585601	1.78478163746822	243
-0.0990863911336901	2.17451881557325	139
-0.09025055275464	2.18598189109226	139
-0.0735276942787899	2.19203675591683	139
-0.0754725363222	2.22350715423687	139
-0.10498396627802	2.14806036247506	926
-0.0903538130247501	2.13166279116063	229
-0.0809612034371101	2.20661575428532	229
0.0261436927025902	1.76649910992419	138
0.0346859298275599	1.76190632052241	61
-0.0900868850265399	2.13567174475403	323
0.0693746358364402	2.45025333578137	243
0.00526081246017007	1.71937661870384	229
-0.0644447997134301	2.20191020897879	27
0.06649110470173	2.42022534663831	323
-0.0784810923267201	2.16846007609729	61
0.0517181384427201	2.44820514811733	323
0.00443517165818008	1.7040754097456	243
0.0160792615713201	1.73082789242852	139
0.0259602657669	1.77571958773482	650
0.0355285837416801	1.79046075418453	139
0.0733513219097501	2.47409891071803	283
0.0184501814026801	1.74719372001359	926
-0.10380000697374	2.17916127026623	95
-0.07587637114261	2.22548792102407	95
-0.0908507948638202	2.19503761414028	27
0.00526081246017007	1.71937661870384	61
0.0353804858200699	1.76884300398295	243
0.0293239869881501	1.78591308132808	243
-0.0734027620825302	2.14141555347658	243
0.0218142493097	1.73432892569101	139
-0.08035598170465	2.20535709456144	407
-0.10007020690824	2.17068710038756	138
0.0381202200528099	1.77866058288672	27
-0.0796543069901898	2.1591592021201	27
0.0413332744902601	1.78556725644158	27
0.0128546066533701	1.73277326446805	61
0.0295797247395799	1.77747306964363	243
0.0203574789970999	1.76089251568796	243
-0.0959095776473702	2.17958140749713	243
0.0497665440841102	1.76363071170709	139
0.0353804858200699	1.76884300398295	243
0.0216371718583201	1.75279571838875	243
0.0166914912182299	1.73526139152412	139
-0.06821605976846	2.20992936027505	139
0.0351071647482701	1.7915886071351	139
-0.0973336237893099	2.18998721623583	926
-0.0900421868027599	2.16392864560865	407
0.0930770322056498	2.46031273963117	502
-0.0981254451912901	2.17507736477738	27
0.03273459560222	1.71811537226189	27
0.0776944268787898	2.48073795121799	323
0.0456854066424999	1.77956358080194	243
0.0118776946148702	1.72176583860569	243
-0.08119620341331	2.19972173150415	243
0.0789104330649302	2.44786381016251	243
-0.0990667285756701	2.18509997485927	243
0.0131097064560501	1.74970222628579	243
-0.10419781049404	2.11883979949778	139
-0.0869108439314199	2.19498266757501	139
0.03434163387301	1.77810209777096	926
0.0405832365282302	1.76998070490232	926
0.0249338928592899	1.72067523900605	27
-0.08692755166483	2.17081522707933	27
-0.0951372542194902	2.19019825651432	61
0.04276402201039	1.76795651153876	323
-0.11380389463154	2.13688340936536	61
-0.0945843683582099	2.18123810330268	243
-0.10185246833591	2.20046154651165	139
0.0238935661948001	1.76226593184663	139
0.0401506747518101	2.3991240029519	243
0.0214061082732901	1.77973211485229	139
-0.0923511565230899	2.14477892724331	139
-0.0894900178352498	2.13668628288282	139
0.0261436927025902	1.76649910992419	139
0.01884046099436	1.76001338712733	139
0.0275819478134101	1.76550976278697	650
-0.0729252666879199	2.15621542935376	229
-0.0805926287004701	2.185476918915	285
-0.0925797800605799	2.1940163536727	95
-0.0760753663498699	2.23748565697813	138
0.0584833364492798	2.45288269583439	138
-0.0764768352118499	2.17860401586013	138
-0.0753331864557101	2.19548398424986	194
-0.0766808373532002	2.19886891537901	27
0.0351071647482701	1.7915886071351	27
0.0271642451682101	1.7882009108053	94
-0.06629267446147	2.19551252202993	61
0.0239759002250199	1.75982344434879	61
-0.0815661245149002	2.19528711304448	323
-0.0810255533159299	2.16975252410135	61
0.0238935661948001	1.76226593184663	243
0.10718060464822	2.45542611238426	243
-0.0857598843837799	2.16963532316023	243
0.0206074801703799	1.74987860684014	139
0.0133146104208799	1.72552552793546	139
0.00758511761751013	1.72123636760271	139
-0.0650516281279798	2.2081080225941	926
0.0271642451682101	1.7882009108053	926
-0.0799905481323799	2.15315917698395	285
0.0267467240127202	1.76616704687936	229
0.0465386431905901	1.76335665313056	27
-0.0602685999957102	2.15687566437832	27
0.0210241924152399	1.72021946722123	61
0.0158803250392801	1.75044711130464	61
0.03873695158777	1.77888244788449	323
-0.0908507948638202	2.19503761414028	61
0.04308329735544	1.78273337554263	243
0.0680032133106399	2.49125135826828	243
0.0301618513472599	1.7539913146149	243
0.0209911359141102	1.75779269442633	139
-0.0677076395279301	2.15652613690351	650
0.0201909486624698	1.75096064138591	650
0.0323255944428902	1.75670721857387	926
0.0358035991660999	1.74701746436338	95
-0.0988330310766501	2.1251393281338	229
0.0795821090509401	2.43212652076428	95
-0.07923798471559	2.2395032594901	138
-0.08547401075587	2.16862471188457	27
0.0291593849257099	1.75584590970342	61
0.00973055556083002	1.73977878983205	61
0.0888669421672499	2.46929172874415	61
0.0267467240127202	1.76616704687936	61
0.0319054284979501	1.76607996296772	61
0.01546623043073	1.75002074763643	61
-0.0702806898596302	2.18637463194752	323
0.0461119310193201	1.7779184374033	139
0.0250062200768699	1.7627695206282	243
0.0293239869881501	1.78591308132808	139
-0.0779864007451101	2.18744711813171	926
0.0347646396389099	1.76862235817381	333
0.0295797247395799	1.77747306964363	95
-0.0753331864557101	2.19548398424986	138
-0.09317858790383	2.19466691848917	138
0.0376974660276201	1.78825040842562	27
0.0209911359141102	1.75779269442633	61
0.0124369916748202	1.75475715657275	61
0.0181042707721599	1.75666097713263	323
-0.0481476457178598	2.17446588370305	243
-0.0988653865831299	2.1504107135357	243
0.0160405475504701	1.73830892918756	243
0.0192543073591001	1.76044171960393	139
0.0307768748439399	1.75859398683312	650
0.0549653449451699	2.44053546638646	926
0.0293239869881501	1.78591308132808	138
0.0214061082732901	1.77973211485229	138
0.00187444044546981	1.72276714370585	776
-0.0604075039029799	2.23786572507554	776
0.00973055556083002	1.73977878983205	194
0.0216371718583201	1.75279571838875	194
0.0237978584971401	1.77796058405828	61
0.03873695158777	1.77888244788449	243
-0.11188294124973	2.13011742913444	139
0.0242158108929198	1.75552814484328	243
0.0293239869881501	1.78591308132808	926
-0.0492798936013901	2.16188494418852	407
0.0275819478134101	1.76550976278697	285
0.03986807695415	1.76198366427652	95
0.0287360625220798	1.76328940978545	285
-0.08119620341331	2.19972173150415	285
-0.0552485428318201	2.21794230715151	138
0.0131097064560501	1.74970222628579	95
-0.11569678661623	2.12986887684406	138
0.0199363393006098	1.73202857255246	138
0.0216371718583201	1.75279571838875	138
0.0120195581054201	1.73341175575919	138
-0.0848049501844601	2.16073848554074	27
0.03986807695415	1.76198366427652	61
0.0250062200768699	1.7627695206282	926
0.0449465518708601	1.74268926418566	67
0.0237978584971401	1.77796058405828	407
0.0467303741432601	1.76626361660703	95
0.0317484045302998	1.78137918388793	138
0.0293239869881501	1.78591308132808	138
0.0413332744902601	1.78556725644158	138
0.0239781122824598	1.76263870806536	27
0.0297428279585601	1.78478163746822	139
0.0372748970201702	1.78143272151952	926
0.0585757670695499	2.46397149882127	95
-0.0663603746425201	2.23360607917493	95
0.0233800876724799	1.75617268239177	27
0.0346859298275599	1.76190632052241	194
-0.0726768906216799	2.18553881070266	61
0.0829238627617399	2.49756732658814	61
0.0245898330360799	1.76233303311063	243
0.01546623043073	1.75002074763643	243
-0.0616838273431499	2.20400471222741	139
0.0319054284979501	1.76607996296772	243
-0.000426910591249996	1.69126502243374	650
0.0389048402227301	1.7254103449721	926
0.0443593825766699	1.74484134897789	926
0.0756635452779402	2.47800695056377	67
0.0512461670278701	2.46035063509473	95
0.0218212603712402	1.75712836725798	285
0.0181981585142301	1.7630799900606	138
0.0214061082732901	1.77973211485229	194
0.0519510071003699	1.76754027355949	776
-0.0719533369813399	2.17818264607684	776
0.0519510071003699	1.76754027355949	776
0.04933855494235	1.77287408526635	27
0.0238935661948001	1.76226593184663	194
0.00187411758690015	1.70972654442378	61
-0.08272042982632	2.17828279769687	61
-0.0650516281279798	2.2081080225941	323
-0.0486589583295798	2.20794214167107	243
0.0209911359141102	1.75779269442633	243
0.0291613210305899	1.75395865945644	650
0.0297428279585601	1.78478163746822	926
0.0235596179620199	1.76092025709296	95
-0.10067254215713	2.1711036344975	95
0.0346859298275599	1.76190632052241	285
0.0368525129006998	1.74740043528758	138
-0.0973298277506398	2.17359131286726	138
0.0376974660276201	1.78825040842562	138
0.00526081246017007	1.71937661870384	27
0.0285446273183201	1.75613243556285	61
0.0411403599682099	1.70879097639593	94
0.0346859298275599	1.76190632052241	94
0.0192543073591001	1.76044171960393	61
0.0176195594584199	1.7478452773406	61
0.0461119310193201	1.7779184374033	61
0.0317484045302998	1.78137918388793	139
0.05152184682228	1.76914236754964	139
0.0275819478134101	1.76550976278697	243
-0.10066987648879	2.16412207668161	139
0.0212205356105	1.75236126583843	139
-0.0943166958320898	2.11480223007297	926
0.0365663779605101	1.74759505809755	95
0.0297428279585601	1.78478163746822	138
-0.10009424019506	2.12652601859964	138
0.0281965087487999	1.72741467268495	138
0.0314854457773901	1.7594083641165	138
0.0549984601522202	1.73394066552527	776
0.0347646396389099	1.76862235817381	27
0.08525320164674	2.47092916333268	194
0.0293239869881501	1.78591308132808	27
0.0487196477309202	1.74570747634594	323
0.0404854273422601	1.7573804658212	243
0.0307768748439399	1.75859398683312	243
0.0333614298681701	1.76515449358433	243
0.0297428279585601	1.78478163746822	139
0.0190627005144801	1.72426736028144	243
0.0404854273422601	1.7573804658212	243
-0.0818289903131002	2.18294622203652	139
0.0180347805208601	1.76953980875816	243
0.0529723026584299	2.41525272029627	139
0.0131097064560501	1.74970222628579	926
-0.10220296448285	2.17912605469631	407
0.0230427760352798	1.73455886480184	95
-0.0804272074438899	2.19751599399505	95
0.0176813840873198	1.75776245721815	285
0.0293239869881501	1.78591308132808	138
0.01884046099436	1.76001338712733	138
-0.0843514621469699	2.19484512314558	138
-0.0860763243723302	2.19661880117931	138
0.06564909323758	2.490887556851	138
-0.08484391412847	2.194253816343	194
-0.0553306672216598	2.199494176963	776
0.10911180503239	2.49459508249336	27
-0.0815661245149002	2.19528711304448	194
0.0435084722200898	1.78951797761964	94
0.0233636365524901	1.73251178341482	139
0.0368525129006998	1.74740043528758	139
0.0180347805208601	1.76953980875816	139
0.0297428279585601	1.78478163746822	139
-0.0734633916474001	2.19406058859154	926
0.0209911359141102	1.75779269442633	926
0.0255413569551299	1.7463830158366	29
0.0190627005144801	1.72426736028144	535
-0.000426910591249996	1.69126502243374	95
0.05387809589226	2.46130102604419	285
0.04029198527908	1.76036913034791	138
0.0248294931372302	1.71785578916959	27
-0.0798285662294398	2.19688285289868	194
0.0271642451682101	1.7882009108053	194
0.0160405475504701	1.73830892918756	905
0.0300002478974299	1.7552238264429	61
0.0239759002250199	1.75982344434879	61
0.0451310327134902	1.70110246836125	323
0.0445517348778699	1.75594809982774	139
-0.0667722671664999	2.22269617657609	926
0.0245898330360799	1.76233303311063	95
0.0762471717945998	2.4804409741745	285
0.0261436927025902	1.76649910992419	95
0.0216371718583201	1.75279571838875	95
0.0487196477309202	1.74570747634594	27
0.0333614298681701	1.76515449358433	27
0.0291613210305899	1.75395865945644	194
-0.0984389384409501	2.14976411577921	194
0.0203574789970999	1.76089251568796	194
-0.10073546485973	2.13961987129804	194
0.0314854457773901	1.7594083641165	27
0.0368525129006998	1.74740043528758	94
0.04029198527908	1.76036913034791	243
0.01566664095709	1.75278318538375	243
0.0314854457773901	1.7594083641165	139
-0.0806320498716699	2.19292083776073	139
-0.0964779845660502	2.11945550690708	535
-0.0868748796143399	2.19265671521273	95
-0.09278573970805	2.18550208077573	95
0.0275819478134101	1.76550976278697	138
-0.0630980218624702	2.19029773940223	138
0.0255413569551299	1.7463830158366	776
0.0203574789970999	1.76089251568796	194
0.0474365758858202	1.73465891366375	905
0.0301618513472599	1.7539913146149	905
-0.10773507301373	2.15848130936703	27
-0.0868748796143399	2.19265671521273	94
0.0181981585142301	1.7630799900606	61
0.0376974660276201	1.78825040842562	61
0.0209911359141102	1.75779269442633	243
0.0297428279585601	1.78478163746822	243
0.03230493767557	1.75223373127236	139
0.0250062200768699	1.7627695206282	926
0.0650119043329598	2.46087041120588	95
-0.0883012796493201	2.2260651137846	95
-0.0591197815799198	2.20274192841998	95
0.0313269185021898	1.75202678253973	95
0.0836629708851699	2.49753523299237	138
0.0365149256138402	1.75214876686772	27
0.0180347805208601	1.76953980875816	27
0.0709776462337799	2.49372442229548	27
0.0281243939184201	1.74953270237886	323
0.0213928188091002	1.73388902301766	323
0.0317484045302998	1.78137918388793	252
0.0453746848274701	1.73612164158925	243
0.0102855994626898	1.7359606377124	243
0.0297428279585601	1.78478163746822	243
0.0287360625220798	1.76328940978545	849
0.05262005750581	2.46751965228659	849
0.0319054284979501	1.76607996296772	139
0.0689974328598701	2.46758615946188	95
-0.0908442561598402	2.17935180480089	285
0.0281243939184201	1.74953270237886	138
0.0501947220271202	1.72949823566076	905
0.0309062376977201	1.73776947598698	61
0.0957393096319201	2.47578441838397	61
-0.0786237714084201	2.19337240845935	323
0.0334961775135598	1.73770123232882	323
0.0243923631439298	1.72982905901667	252
0.01546623043073	1.75002074763643	243
0.0301618513472599	1.7539913146149	243
0.10315108976744	2.41764851193917	243
0.0355285837416801	1.79046075418453	243
0.0235596179620199	1.76092025709296	243
0.0355285837416801	1.79046075418453	243
0.0581641575300602	2.47008994025086	139
-0.09278573970805	2.18550208077573	139
0.0192543073591001	1.76044171960393	926
-0.08515166332608	2.22401427600593	95
0.0889746829103801	2.4672282663153	95
0.0367266178461101	1.75496238919636	138
-0.09025055275464	2.18598189109226	905
0.00976151829739003	1.75162713601541	61
0.0829606821992899	2.45215912277942	61
0.0351071647482701	1.7915886071351	323
-0.0935578087312798	2.18567641074681	243
0.0564892672661301	2.4425805222889	243
-0.0959095776473702	2.17958140749713	139
-0.07923798471559	2.2395032594901	926
-0.0810255533159299	2.16975252410135	95
0.06819463847626	2.47110364848618	905
0.11322364851338	2.44781978000346	94
-0.0738204591963299	2.20858777419354	94
-0.0741298232637	2.20552372672451	61
0.0445517348778699	1.75594809982774	61
0.0339188132078498	1.7713584790422	323
0.0261436927025902	1.76649910992419	139
0.0307768748439399	1.75859398683312	243
0.0329411574337501	1.78765901257722	139
0.0372748970201702	1.78143272151952	139
-0.0987230780313499	2.18344506329651	139
0.0206074801703799	1.74987860684014	283
0.0239759002250199	1.75982344434879	283
0.0209911359141102	1.75779269442633	926
0.0250062200768699	1.7627695206282	926
0.0647490641622501	2.48419592755549	95
0.0414100273981499	2.41555519187128	95
0.0261436927025902	1.76649910992419	95
0.0093425362778099	1.73033654831266	61
0.0371313890182599	1.74759747408869	61
0.0218142493097	1.73432892569101	252
0.0367266178461101	1.75496238919636	252
-0.0618213111097101	2.19728957930994	252
-0.10967677521556	2.13798471148382	139
0.0184501814026801	1.74719372001359	139
0.0291613210305899	1.75395865945644	926
0.0275819478134101	1.76550976278697	926
-0.11431468818499	2.11223985452663	285
-0.0863843533888802	2.12551115607917	95
-0.0888974255394501	2.22674634620533	95
-0.0744289302028598	2.20983205285473	285
0.0836335195376399	2.46891176517646	285
0.0351071647482701	1.7915886071351	95
-0.0667211067101299	2.15773940887047	27
-0.0985164338038702	2.18959728307512	27
0.0578660894083902	2.44831670432546	94
0.0401576221055899	1.77940352472172	61
0.01566664095709	1.75278318538375	139
0.0346859298275599	1.76190632052241	243
-0.09592512283032	2.17706928666735	139
0.0368525129006998	1.74740043528758	139
0.0176813840873198	1.75776245721815	95
-0.1134734986774	2.117110328693	27
0.0131097064560501	1.74970222628579	27
-0.10387601755392	2.15573271029405	61
-0.0869444084949098	2.19257161112109	61
0.0319488334234799	1.7618009739008	243
-0.0888974255394501	2.22674634620533	243
0.0102855994626898	1.7359606377124	139
0.0203574789970999	1.76089251568796	139
0.0131097064560501	1.74970222628579	95
0.0368525129006998	1.74740043528758	95
0.0329411574337501	1.78765901257722	95
-0.0804272074438899	2.19751599399505	95
0.0271642451682101	1.7882009108053	285
-0.0857196525125499	2.16630661886889	95
-0.0898313858711002	2.1633925630307	138
0.0347646396389099	1.76862235817381	27
0.0224346551343602	1.73394313923088	27
-0.0810255533159299	2.16975252410135	61
0.0191408354892002	1.73126393384282	61
0.0355285837416801	1.79046075418453	139
0.0295797247395799	1.77747306964363	849
0.0184501814026801	1.74719372001359	139
0.0355285837416801	1.79046075418453	139
0.0303579279806501	1.75815043047727	179
0.0329411574337501	1.78765901257722	95
-0.10692214802045	2.17320514617663	95
0.0291613210305899	1.75395865945644	138
0.01777816209853	1.74164342306101	27
0.0271642451682101	1.7882009108053	61
-0.0735276942787899	2.19203675591683	61
0.0186183381079199	1.74101197531504	61
-0.0851219441989501	2.19656387831285	252
0.0300002478974299	1.7552238264429	243
0.0673751756956902	2.49185312354057	243
0.0307768748439399	1.75859398683312	139
-0.11519484694522	2.11588126129043	926
0.0275819478134101	1.76550976278697	926
0.0160792615713201	1.73082789242852	95
0.0255413569551299	1.7463830158366	138
0.0245898330360799	1.76233303311063	27
0.0532767390757898	1.74038273615626	243
0.0365663779605101	1.74759505809755	139
0.0325210682611301	1.76578903213022	139
0.0297428279585601	1.78478163746822	926
-0.0945843683582099	2.18123810330268	95
-0.0730196598214801	2.18238512780884	95
0.0237978584971401	1.77796058405828	285
0.0792547045557899	2.49223934710683	95
-0.0888974255394501	2.22674634620533	95
0.0749228135658502	2.47220025831156	138
0.0603292424796198	2.49021043188062	138
0.0135210311175298	1.75012145464247	27
0.0120195581054201	1.73341175575919	27
-0.10773507301373	2.15848130936703	61
-0.10235430965686	2.16895791562	61
0.0271642451682101	1.7882009108053	61
0.02741277359286	1.74871357249702	61
0.01525419835033	1.73146593555496	139
0.0209911359141102	1.75779269442633	139
0.00973055556083002	1.73977878983205	138
0.0677597245405202	2.46947008649689	27
-0.0831700660581398	2.1847466227787	61
0.0555804716127502	2.44165271104389	61
0.0206074801703799	1.74987860684014	252
0.0133146104208799	1.72552552793546	849
0.0275819478134101	1.76550976278697	139
-0.00116845749235983	1.69876540603247	139
0.0267467240127202	1.76616704687936	95
0.0293239869881501	1.78591308132808	138
-0.10478557919085	2.15400215255181	905
-0.07879312833983	2.09375338506469	94
0.06425775016133	2.39971035196707	61
0.0456854066424999	1.77956358080194	243
0.0383142749991201	1.75740754542839	139
0.0218212603712402	1.75712836725798	139
0.0291593849257099	1.75584590970342	139
0.0333614298681701	1.76515449358433	852
0.0599288014177901	2.48710060422532	95
-0.0694203006318501	2.14694701732169	95
-0.10438841212174	2.20001723243838	138
0.0214061082732901	1.77973211485229	138
0.10653971678478	2.43027603051444	27
-0.0727828533380799	2.18100489577682	323
0.0376974660276201	1.78825040842562	243
0.0347646396389099	1.76862235817381	243
0.00758511761751013	1.72123636760271	243
-0.0778813040033701	2.20074278129223	139
-0.0831769592747098	2.19239479957497	139
0.0267467240127202	1.76616704687936	139
0.0239759002250199	1.75982344434879	668
-0.0812306677897499	2.19416580094602	95
0.0575411196767099	2.44794044554091	138
-0.08574953927124	2.23291042965255	138
-0.0753331864557101	2.19548398424986	27
-0.0809612034371101	2.20661575428532	61
0.03455012489195	1.7646083652213	61
0.0818748580886499	2.47956267063903	243
0.0293239869881501	1.78591308132808	926
0.0848420338636999	2.49422114621029	95
0.0461119310193201	1.7779184374033	27
0.0333614298681701	1.76515449358433	194
-0.0759344211819499	2.16022300735383	61
0.0489107544681602	1.76627448492499	252
0.0736934583911899	2.49373409093217	243
-0.0951079566711499	2.11735243021175	243
0.0822721584413202	2.46587380569527	243
0.05762086704331	1.69797086155042	243
0.0156216909910998	1.73787599175762	243
0.0206074801703799	1.74987860684014	139
0.0261436927025902	1.76649910992419	139
-0.10612968170712	2.16890390847285	139
0.07556028874827	2.45901522036762	95
0.01566664095709	1.75278318538375	138
0.0435084722200898	1.78951797761964	905
-0.09317858790383	2.19466691848917	61
0.0419106546060499	1.75812496591709	61
0.0452590699275399	1.76798173252537	61
-0.10163979687224	2.18125874100759	243
0.04308329735544	1.78273337554263	243
0.0301618513472599	1.7539913146149	139
-0.0735115914751301	2.23050826433177	139
-0.11086233191406	2.13758595465563	138
0.0275819478134101	1.76550976278697	138
0.0293239869881501	1.78591308132808	139
-0.0941606868573999	2.1790533777893	139
0.0131097064560501	1.74970222628579	243
-0.0906181147438101	2.14320992245208	138
-0.05143488056969	2.18745410634095	194
-0.0656581542080001	2.20472253795711	27
-0.0869108439314199	2.19498266757501	194
0.00454929941904991	1.72583626182616	94
0.0275819478134101	1.76550976278697	464
0.03854315922564	1.74332033436954	464
0.0101421275090199	1.74019612353105	243
0.0289650440247602	1.74686640103219	243
0.0180347805208601	1.76953980875816	139
-0.0837741373543701	2.20097265518492	95
-0.0866783398440698	2.19725675403554	95
-0.0894136096753799	2.18950837959242	95
0.0346859298275599	1.76190632052241	95
0.0303579279806501	1.75815043047727	138
-0.0654950176337898	2.16838804541857	27
-0.0996623492903499	2.18575522536914	194
-0.0949782069447598	2.15105964834483	61
0.0634064288628702	2.44631929639755	323
0.0250062200768699	1.7627695206282	243
0.0510928760515701	1.75779473253385	139
0.0287360625220798	1.76328940978545	243
0.0383142749991201	1.75740754542839	243
0.0242158108929198	1.75552814484328	139
-0.0864224369425202	2.18373633859404	139
0.0271642451682101	1.7882009108053	139
-0.1093670209346	2.13059897919842	926
0.06819463847626	2.47110364848618	926
-0.10191904143603	2.10242165485051	852
0.0261436927025902	1.76649910992419	852
0.0602595457286999	2.40848775366214	926
-0.07014360318502	2.24196272045938	95
0.06046701249632	2.47719770514378	95
0.0425087871281602	1.73114842085757	138
-0.0908442561598402	2.17935180480089	194
0.0592054788509402	2.48638007526213	194
0.0207788026809901	1.75979169499821	61
0.0190627005144801	1.72426736028144	243
0.0869398704621198	2.42895785173054	243
0.03455012489195	1.7646083652213	139
-0.0961196911235298	2.14474481759021	243
0.00739746474101999	1.7219798445643	243
-0.0741298232637	2.20552372672451	139
0.0526013374252301	2.47213819193526	139
0.0776474567288701	2.46972580921261	179
-0.0780534080419102	2.1361359088402	95
0.0624743470017202	2.49351293364539	138
0.0207788026809901	1.75979169499821	27
-0.0727098292483901	2.23860087237001	27
0.0376974660276201	1.78825040842562	94
-0.10487764009837	2.14303007492414	61
-0.0748694075407501	2.18642138218544	61
0.0201909486624698	1.75096064138591	139
0.0439338339165798	1.77998616645985	283
0.0245898330360799	1.76233303311063	95
0.0549865205559499	2.44367995617408	138
-0.08574953927124	2.23291042965255	138
0.0303579279806501	1.75815043047727	138
0.0131097064560501	1.74970222628579	61
0.00986929758719013	1.73553572597893	61
-0.0810255533159299	2.16975252410135	61
0.0615007032485799	2.45021570942997	323
-0.0863153946884698	2.19433697522685	243
0.0371556669938702	1.75335838613405	243
0.0381202200528099	1.77866058288672	243
0.09843952377661	2.44692505018432	139
0.0439338339165798	1.77998616645985	139
0.0293239869881501	1.78591308132808	139
-0.10126264915906	2.19978164899911	95
0.0366597666044202	1.72548884092576	95
-0.0616838273431499	2.20400471222741	95
-0.09902808870567	2.14875032341254	464
0.0581641575300602	2.47008994025086	61
0.01884046099436	1.76001338712733	61
0.0581641575300602	2.47008994025086	243
0.0267467240127202	1.76616704687936	139
0.0919017184160502	2.47852552740356	243
-0.10359544266949	2.1386211130967	452
0.0166914912182299	1.73526139152412	139
0.0508483045405499	2.44431118673416	139
0.03986807695415	1.76198366427652	139
0.0351071647482701	1.7915886071351	283
0.0576051846246899	2.38769539730147	852
-0.09650014466254	2.15897234072283	95
-0.09538316942426	2.2176990059689	95
0.00758511761751013	1.72123636760271	464
-0.0990667285756701	2.18509997485927	323
-0.0874124437623802	2.16430469385984	243
0.0118776946148702	1.72176583860569	243
-0.10848569626484	2.1107633269917	139
0.0355285837416801	1.79046075418453	283
0.06712525536985	2.45747909952058	95
-0.0933670978624299	2.14885171231318	138
0.01566664095709	1.75278318538375	194
0.0239759002250199	1.75982344434879	323
-0.0951279028449701	2.16387818754677	252
0.0203574789970999	1.76089251568796	243
0.0214061082732901	1.77973211485229	243
0.05859032930208	2.47786616934109	139
0.0214061082732901	1.77973211485229	139
0.0101421275090199	1.74019612353105	139
0.0736934583911899	2.49373409093217	852
-0.06626437821823	2.19025005277911	852
-0.0929546320400001	2.17718193044591	95
-0.07922670725298	2.18220438441168	138
-0.0806320498716699	2.19292083776073	194
0.0216371718583201	1.75279571838875	194
0.0267467240127202	1.76616704687936	464
0.0218212603712402	1.75712836725798	464
0.01777816209853	1.74164342306101	61
-0.0871177336587699	2.16176507552178	323
0.0176195594584199	1.7478452773406	323
0.0304800066114601	1.72667857421061	243
-0.0565535032675499	2.19442268678837	139
-0.0841233438759002	2.20053135311273	139
0.0303579279806501	1.75815043047727	139
0.0771249815688599	2.48172541058216	139
0.0131097064560501	1.74970222628579	139
0.0297018151981501	1.75761129265505	452
0.0297428279585601	1.78478163746822	452
-0.0914374140534	2.15312077807353	139
0.0313326563530598	1.73619500559805	852
0.0209911359141102	1.75779269442633	926
0.0372748970201702	1.78143272151952	95
-0.07863690315587	2.23062101326811	194
0.0128546066533701	1.73277326446805	323
-0.06696790715081	2.24003660021191	252
-0.0868748796143399	2.19265671521273	243
-0.0688208230288101	2.19868013156239	243
-0.0866783398440698	2.19725675403554	139
0.0297428279585601	1.78478163746822	139
-0.09620050216876	2.1441670030921	139
-0.09278573970805	2.18550208077573	95
-0.0657525393851199	2.21617639120439	933
-0.10105480604728	2.17904365208363	269
-0.0929180706334001	2.12846850279607	464
-0.0716267939096502	2.17452966123434	464
-0.0984389384409501	2.14976411577921	243
0.0419507117948199	1.72325213717992	243
0.0101421275090199	1.74019612353105	139
0.0319054284979501	1.76607996296772	243
0.0368525129006998	1.74740043528758	452
-0.11316966288822	2.10772399979424	139
0.0264877515364499	1.75085369635609	283
0.00780628649388993	1.72238849355829	407
-0.10235430965686	2.16895791562	67
0.0638167456033898	2.49975432521211	95
-0.07820683898216	2.16769093890177	95
0.0235596179620199	1.76092025709296	933
0.0313326563530598	1.73619500559805	138
0.03986807695415	1.76198366427652	272
0.05152184682228	1.76914236754964	194
-0.07234164058828	2.19351714759212	194
0.0293239869881501	1.78591308132808	464
-0.10497653088806	2.17878165928094	243
0.0315224932492102	1.73329756811054	243
0.0303579279806501	1.75815043047727	243
-0.0959095776473702	2.17958140749713	452
0.0192543073591001	1.76044171960393	139
-0.07003115649227	2.18490745521792	139
-0.11828599189182	2.11126833852947	139
0.0186183381079199	1.74101197531504	139
0.0267467240127202	1.76616704687936	283
0.0375849056890099	1.73918517583851	852
0.0401576221055899	1.77940352472172	926
-0.10473759108463	2.09033351029113	95
-0.09278573970805	2.18550208077573	138
0.0355285837416801	1.79046075418453	194
0.0269917104786499	1.73544316824961	243
0.0275819478134101	1.76550976278697	139
0.03455012489195	1.7646083652213	452
0.0209911359141102	1.75779269442633	139
0.04308329735544	1.78273337554263	139
-0.0772812190979799	2.20743312138224	852
0.06958172450314	2.42803062889919	407
-0.0874768728681801	2.19391168056538	95
0.0983060558751401	2.46482936166316	933
0.0367266178461101	1.75496238919636	933
-0.0703691195880798	2.1758315150001	933
0.08628942290325	2.44605787611459	138
0.0413332744902601	1.78556725644158	272
0.0398908443580299	1.7418502956899	272
0.0313269185021898	1.75202678253973	272
-0.0489554782633399	2.15004379962076	194
-0.1064224138215	2.15519416477716	269
0.00780628649388993	1.72238849355829	464
-0.11130003301124	2.13111670247523	464
0.0101421275090199	1.74019612353105	323
-0.0985164338038702	2.18959728307512	243
0.0259602657669	1.77571958773482	243
0.03595018693674	1.75966452644368	452
0.0640327015099502	2.45337946679529	668
0.0237978584971401	1.77796058405828	27
0.02890532830894	1.75624626442474	27
0.0263793569516499	1.77460351315333	323
0.0404854273422601	1.7573804658212	243
0.0404854273422601	1.7573804658212	139
-0.0708646390855501	2.13782360969761	452
0.0301301141831498	1.72813375616798	668
0.0259602657669	1.77571958773482	95
-0.0928389502104698	2.21063021871412	95
0.01566664095709	1.75278318538375	138
0.03230493767557	1.75223373127236	272
0.0545677440844301	1.75143766236567	272
0.0285446273183201	1.75613243556285	27
0.0250062200768699	1.7627695206282	139
0.02890532830894	1.75624626442474	452
0.0135210311175298	1.75012145464247	139
0.0376974660276201	1.78825040842562	139
0.0459926999375999	1.762992208784	926
0.0885206371165999	2.47988463597727	95
-0.0947901970301399	2.21701305543046	95
0.0245898330360799	1.76233303311063	95
0.09118568740345	2.45857223005585	95
0.0225185091931999	1.73514381497273	95
0.11859489484777	2.49479615511239	194
-0.0690211230761002	2.17155901785416	27
-0.09278573970805	2.18550208077573	94
-0.10438909581503	2.13979122851762	464
0.0409092579785	1.78667105794429	464
0.0355285837416801	1.79046075418453	61
-0.0998287856189899	2.16941259516517	243
0.0301618513472599	1.7539913146149	452
0.0245898330360799	1.76233303311063	139
0.0417574770069198	1.75519593531386	139
0.03902081768521	1.71465106998769	67
0.00739746474101999	1.7219798445643	95
0.0367266178461101	1.75496238919636	95
-0.0882079122561099	2.17483762238827	27
0.0319054284979501	1.76607996296772	27
0.0199363393006098	1.73202857255246	27
0.01884046099436	1.76001338712733	27
0.0329411574337501	1.78765901257722	464
0.0291593849257099	1.75584590970342	61
-0.0709065526789998	2.17110531171032	243
-0.0830566031479001	2.17832291541392	243
0.0558606955778198	2.47248153315768	452
0.00199314045441978	1.70716154450967	452
0.00739746474101999	1.7219798445643	926
0.0129462345286999	1.7347917260236	852
0.0517479587764198	2.42834432306138	535
-0.07074906915379	2.23032655939212	95
0.0631845097329098	2.45844664126951	95
0.0371556669938702	1.75335838613405	95
-0.08299422308537	2.20054097764017	138
0.0464209427972802	1.75385302619819	27
-0.00157970706893007	1.69835984709154	27
0.0225185091931999	1.73514381497273	61
0.0233800876724799	1.75617268239177	464
0.0220962227799499	1.70273988496705	61
0.0245082958029199	1.72022869601732	61
0.0435084722200898	1.78951797761964	139
0.0218212603712402	1.75712836725798	452
0.0355285837416801	1.79046075418453	452
-0.1004649633424	2.18008122756279	139
0.0333614298681701	1.76515449358433	139
0.0581641575300602	2.47008994025086	67
0.0281965087487999	1.72741467268495	95
-0.06806711111751	2.14651517055128	95
-0.0837741373543701	2.20097265518492	95
-0.0684160818552999	2.17002164204547	933
0.0885367711896401	2.49394537865433	933
0.0250062200768699	1.7627695206282	194
0.0631303057069199	2.47531825115755	269
0.0275819478134101	1.76550976278697	269
-0.0784810923267201	2.16846007609729	27
0.00199314045441978	1.70716154450967	464
-0.06886740608208	2.19217613559831	464
0.0295797247395799	1.77747306964363	323
0.0230427760352798	1.73455886480184	243
0.0321700747136799	1.78026665832039	452
0.0135210311175298	1.75012145464247	139
-0.0702476564713299	2.13210167331217	933
-0.0638376686992901	2.18508562697836	272
0.0519510071003699	1.76754027355949	272
-0.06363879084256	2.18960221657477	194
0.00780628649388993	1.72238849355829	269
-0.07923798471559	2.2395032594901	27
0.0355285837416801	1.79046075418453	94
0.0243923631439298	1.72982905901667	464
-0.0777936186664898	2.19865253445052	243
0.0184501814026801	1.74719372001359	243
0.06628660279249	2.49029497825809	452
0.0120195581054201	1.73341175575919	452
0.0470092621742202	1.69729208781276	452
0.0242158108929198	1.75552814484328	452
-0.11439667921117	2.1049494370602	452
0.0250062200768699	1.7627695206282	852
0.04663669497512	2.4284724924533	95
0.00719336888182998	1.73244887992211	95
-0.0758371671219802	2.16478447388374	138
0.00986929758719013	1.73553572597893	194
0.03986807695415	1.76198366427652	194
0.0192543073591001	1.76044171960393	194
0.03278545943517	1.73743550699326	269
0.0355285837416801	1.79046075418453	27
-0.10474137091744	2.14916934092713	464
0.0275819478134101	1.76550976278697	464
0.0209911359141102	1.75779269442633	464
0.0403832754378399	1.74849744545724	243
0.00973055556083002	1.73977878983205	452
-0.07074906915379	2.23032655939212	87
0.0218212603712402	1.75712836725798	139
-0.10419097785395	2.17462203994922	139
-0.10533384769222	2.1481466060417	926
0.0323255944428902	1.75670721857387	926
0.00526081246017007	1.71937661870384	852
0.02890532830894	1.75624626442474	852
0.0216371718583201	1.75279571838875	95
0.0706333438011102	2.49217082583257	95
0.0250062200768699	1.7627695206282	668
0.0508483045405499	2.44431118673416	668
-0.0764786272445801	2.1970721605872	138
0.0379797404265201	1.77547626350938	194
0.03873695158777	1.77888244788449	269
0.0486167896536802	2.43194941479464	464
0.07126316991571	2.48310372299207	464
-0.0559422384361201	2.20105378781351	139
0.0610035551797101	2.44987212378756	452
0.0133146104208799	1.72552552793546	139
0.00526081246017007	1.71937661870384	926
0.0726350377662102	2.45533395044878	926
0.0419106546060499	1.75812496591709	852
0.0207788026809901	1.75979169499821	174
0.0680032133106399	2.49125135826828	95
-0.06696790715081	2.24003660021191	933
-0.0519516190944098	2.18643151629378	269
-0.0883012796493201	2.2260651137846	269
0.0372748970201702	1.78143272151952	27
-0.0884754114834099	2.18210452016819	464
-0.10673993563082	2.14473745139449	464
-0.10043530153886	2.14821828448243	464
0.01777816209853	1.74164342306101	464
0.0271642451682101	1.7882009108053	323
0.00986929758719013	1.73553572597893	243
0.0209911359141102	1.75779269442633	452
0.0218212603712402	1.75712836725798	452
0.0166914912182299	1.73526139152412	87
0.0250062200768699	1.7627695206282	87
0.0101806828366202	1.72969851786379	139
0.0413332744902601	1.78556725644158	852
0.0214061082732901	1.77973211485229	535
-0.0721798691695099	2.19543949998298	407
-0.0869108439314199	2.19498266757501	933
0.07851648346786	2.4669648526832	138
0.0358035991660999	1.74701746436338	269
0.0501015817298298	2.48515625863301	323
-0.0661998389901402	2.15558375125458	243
0.01884046099436	1.76001338712733	243
0.00526081246017007	1.71937661870384	452
-0.0829708982501298	2.18423561763928	926
0.0796838370531301	2.47958227696317	407
-0.0923126588054299	2.12789958397021	407
-0.0925761716965301	2.15096057241822	668
-0.0848049501844601	2.16073848554074	933
0.02890532830894	1.75624626442474	138
0.0278861055995301	1.72354048062865	194
-0.0635926299383902	2.23572961246847	272
-0.0817651580569998	2.18320575500623	194
0.03230493767557	1.75223373127236	269
-0.0837741373543701	2.20097265518492	464
-0.0732116845265098	2.19510824627007	464
-0.0684914302755999	2.19278002912399	464
0.0293239869881501	1.78591308132808	243
0.10777023439975	2.49378852982853	139
0.01777816209853	1.74164342306101	87
0.0231435162296498	1.73201404957501	139
0.00986929758719013	1.73553572597893	926
-0.10750885780509	2.17217361689465	535
0.03873695158777	1.77888244788449	95
-0.00157970706893007	1.69835984709154	95
0.0176195594584199	1.7478452773406	138
0.0789446279194102	2.46802135265988	138
0.0122903849650702	1.74284785118264	272
0.0435084722200898	1.78951797761964	272
0.04308329735544	1.78273337554263	194
-0.0898313858711002	2.1633925630307	27
0.0239781122824598	1.76263870806536	27
0.0297428279585601	1.78478163746822	27
0.0340508477813901	1.75187524986932	452
0.01566664095709	1.75278318538375	452
0.03106564615392	1.72611892262242	87
0.0367266178461101	1.75496238919636	926
0.0151016081679902	1.73855635706817	174
0.0704714786124701	2.46351757079999	95
-0.07003115649227	2.18490745521792	95
-0.0888280476819801	2.15924594278515	269
0.0340508477813901	1.75187524986932	27
-0.0746709641415499	2.1962989626707	27
0.0297428279585601	1.78478163746822	27
0.0269147758093302	1.71654839690342	464
0.0323753612060802	1.76072701078593	323
0.0856818995100102	2.4745719805314	61
-0.07773369952695	2.16059163675653	61
0.0351071647482701	1.7915886071351	243
-0.0965224703368102	2.18561411325701	243
0.02890532830894	1.75624626442474	243
-0.0831769592747098	2.19239479957497	452
0.0271642451682101	1.7882009108053	87
-0.0778253313005402	2.18068756383707	87
-0.1032234011326	2.17077574686102	926
0.0203574789970999	1.76089251568796	926
-0.0883012796493201	2.2260651137846	926
-0.0597292663173601	2.18839749617765	926
-0.11178593871813	2.14134784324112	926
0.0321700747136799	1.78026665832039	174
0.0237978584971401	1.77796058405828	407
0.0829238627617399	2.49756732658814	95
-0.05728949732256	2.18332692384031	95
0.0303579279806501	1.75815043047727	138
0.0303579279806501	1.75815043047727	194
0.0190627005144801	1.72426736028144	269
0.0745289532871398	2.45207436207346	27
0.03873695158777	1.77888244788449	27
-0.11225525206647	2.15352945298719	61
0.0120195581054201	1.73341175575919	243
0.0160792615713201	1.73082789242852	452
0.0333614298681701	1.76515449358433	452
-0.10279686501152	2.1584388039392	926
0.0319054284979501	1.76607996296772	926
0.0369390861488901	1.75055443782218	852
0.0259602657669	1.77571958773482	535
0.0184501814026801	1.74719372001359	407
-0.0695378362622501	2.24067174909136	95
0.06235717178919	2.45673063740201	95
0.0250062200768699	1.7627695206282	138
-0.0953835107236198	2.15634553850784	138
-0.0772812190979799	2.20743312138224	272
0.0297428279585601	1.78478163746822	27
-0.08492208546182	2.16638907713488	895
0.03595018693674	1.75966452644368	61
0.07567846615314	2.49123744491361	243
0.0271642451682101	1.7882009108053	243
0.0271642451682101	1.7882009108053	452
0.0355285837416801	1.79046075418453	452
0.0041355331447499	1.72542030368589	87
-0.10553722776191	2.16825427091512	139
0.0283109907556001	1.75665915110651	926
0.01546623043073	1.75002074763643	926
0.03274594374107	1.72214262628452	926
-0.0738204591963299	2.20858777419354	926
0.0405832365282302	1.76998070490232	407
0.0289650440247602	1.74686640103219	138
0.0321700747136799	1.78026665832039	138
0.0257199625605802	1.73761978806267	194
-0.0815661245149002	2.19528711304448	194
0.0192543073591001	1.76044171960393	269
0.0261436927025902	1.76649910992419	27
-0.06363879084256	2.18960221657477	464
0.03595018693674	1.75966452644368	895
0.0255413569551299	1.7463830158366	895
0.0245898330360799	1.76233303311063	243
0.0323255944428902	1.75670721857387	243
0.0176195594584199	1.7478452773406	459
0.0517181384427201	2.44820514811733	450
0.0267467240127202	1.76616704687936	452
0.00199314045441978	1.70716154450967	452
0.0263793569516499	1.77460351315333	452
0.0293239869881501	1.78591308132808	87
0.0237978584971401	1.77796058405828	926
0.0340508477813901	1.75187524986932	926
-0.0744289302028598	2.20983205285473	852
0.0102855994626898	1.7359606377124	852
0.04029198527908	1.76036913034791	926
0.0101421275090199	1.74019612353105	535
0.07072042394925	2.47002304312427	407
-0.0933780173908101	2.18615248911191	95
-0.10126729240931	2.17519889885702	95
-0.0739270500746398	2.19395544708468	194
0.0184501814026801	1.74719372001359	269
0.0176195594584199	1.7478452773406	269
0.0533560825202102	2.47714494153219	269
0.0439338339165798	1.77998616645985	27
0.0271642451682101	1.7882009108053	27
-0.0701681339378801	2.1981756047879	464
-0.0998287856189899	2.16941259516517	895
-0.0859776385381998	2.10994381255289	895
-0.10199114224827	2.11573930860544	243
0.04308329735544	1.78273337554263	243
0.0376974660276201	1.78825040842562	243
0.01884046099436	1.76001338712733	243
0.0816215492739598	2.47985097112047	87
-0.0610755090014998	2.20280125505285	87
0.0355285837416801	1.79046075418453	139
0.11054055897805	2.4985739003501	926
0.0863586507057601	2.48308359149691	668
0.07491726094797	2.47812804387721	668
0.0271827872173098	1.72326050950278	95
0.0413332744902601	1.78556725644158	95
-0.0760753663498699	2.23748565697813	138
0.0135210311175298	1.75012145464247	272
-0.08291611190411	2.19864261699355	27
-0.0866783398440698	2.19725675403554	27
0.0166914912182299	1.73526139152412	27
0.0461119310193201	1.7779184374033	27
0.0160792615713201	1.73082789242852	464
-0.0815661245149002	2.19528711304448	464
0.0394443544659202	1.75058558517172	895
0.0376974660276201	1.78825040842562	895
0.0297018151981501	1.75761129265505	243
0.08115843098278	2.48886010125261	243
0.0376974660276201	1.78825040842562	243
0.0209911359141102	1.75779269442633	452
0.0267467240127202	1.76616704687936	452
0.0275819478134101	1.76550976278697	926
0.0439338339165798	1.77998616645985	926
0.01852734270259	1.72678252914628	926
-0.0880974869673699	2.17889167815536	407
-0.0934330579917799	2.1774915265913	95
0.0259602657669	1.77571958773482	95
0.0435084722200898	1.78951797761964	95
-0.0766808373532002	2.19886891537901	194
-0.0707717399908998	2.20665698505197	194
0.0507159637197701	2.46305854657711	27
-0.10126264915906	2.19978164899911	27
-0.0792220891942299	2.11528336288427	27
0.0706333438011102	2.49217082583257	27
0.0297428279585601	1.78478163746822	27
-0.10438841212174	2.20001723243838	243
0.0135210311175298	1.75012145464247	139
0.0409092579785	1.78667105794429	452
0.01566664095709	1.75278318538375	452
-0.0676109957027702	2.20869520247178	87
0.0321700747136799	1.78026665832039	926
-0.0578998973508802	2.19997955868631	926
-0.0841233438759002	2.20053135311273	464
0.0209911359141102	1.75779269442633	895
0.0512461670278701	2.46035063509473	61
-0.06424564198882	2.19792691652937	61
0.0287360625220798	1.76328940978545	139
-0.0920399313849698	2.19463325308905	450
0.0271642451682101	1.7882009108053	452
0.0250062200768699	1.7627695206282	139
0.0101421275090199	1.74019612353105	926
0.0718254957391999	2.47521652587543	407
0.0759847684937101	2.46910287836827	464
-0.0772812190979799	2.20743312138224	895
-0.0835678056092699	2.16381631668682	895
0.02431924179802	1.73238147861512	895
0.0271642451682101	1.7882009108053	243
-0.0753331864557101	2.19548398424986	243
0.0154277695867999	1.70623830863385	139
-0.0896565578392399	2.17747319504746	139
0.0271029390084698	1.75108257271372	87
0.0255413569551299	1.7463830158366	87
0.0549653449451699	2.44053546638646	926
0.0909689133013298	2.49278972861819	926
-0.0765793483117401	2.17557079748776	272
0.0389814631477501	2.39102991624031	194
-0.10155383867084	2.11708847391469	464
0.0218212603712402	1.75712836725798	450
0.0319054284979501	1.76607996296772	139
-0.0876784516067999	2.1860308610281	139
0.0184501814026801	1.74719372001359	87
-0.12288613811064	2.12072750910526	87
0.0417574770069198	1.75519593531386	535
0.0184501814026801	1.74719372001359	407
0.0506640946538401	1.7220164128471	272
0.0159449011820998	1.73792538964343	61
0.0118776946148702	1.72176583860569	243
-0.08515166332608	2.22401427600593	243
-0.11088004900125	2.10809769776318	243
0.0297428279585601	1.78478163746822	139
-0.09317858790383	2.19466691848917	138
0.0281243939184201	1.74953270237886	194
0.0713499177955699	2.49232066781009	94
0.0918111602404599	2.4806756634862	243
-0.0812306677897499	2.19416580094602	243
-0.0933780173908101	2.18615248911191	341
0.0450800956519699	2.40088579882765	139
-0.10066987648879	2.16412207668161	87
-0.10438841212174	2.20001723243838	87
-0.09483342095744	2.1658189135038	926
0.0300002478974299	1.7552238264429	95
0.0471570078489401	1.76521195559602	272
0.03595018693674	1.75966452644368	272
0.04798983335102	2.43081491064967	243
-0.0894484597766798	2.18449798017207	243
-0.0656581542080001	2.20472253795711	243
0.0192543073591001	1.76044171960393	926
-0.0837741373543701	2.20097265518492	407
0.0333614298681701	1.76515449358433	138
0.0792547045557899	2.49223934710683	138
-0.05996801415866	2.18223672523225	272
0.0713499177955699	2.49232066781009	272
0.0381202200528099	1.77866058288672	272
-0.0843186412908898	2.16969742045383	464
0.0323255944428902	1.75670721857387	61
-0.0738204591963299	2.20858777419354	243
0.0329411574337501	1.78765901257722	243
0.0313326563530598	1.73619500559805	139
0.0592054788509402	2.48638007526213	87
0.0235596179620199	1.76092025709296	95
-0.0973336237893099	2.18998721623583	272
-0.0757187019716001	2.20425438226647	272
-0.0688208230288101	2.19868013156239	27
-0.0868748796143399	2.19265671521273	464
0.0122903849650702	1.74284785118264	464
0.0293239869881501	1.78591308132808	464
-0.0939759963938598	2.16254723457591	61
-0.0741298232637	2.20552372672451	243
0.0373634327371399	1.73639110002426	87
-0.0900294372368098	2.20071127795272	87
0.0293239869881501	1.78591308132808	926
0.0192543073591001	1.76044171960393	95
0.0849532246396998	2.4735205174912	272
-0.10235430965686	2.16895791562	61
0.0624743470017202	2.49351293364539	61
0.11449386718151	2.49599079854963	243
-0.10474137091744	2.14916934092713	139
0.0213036005566698	1.7595063451196	139
0.0389048402227301	1.7254103449721	450
0.03434163387301	1.77810209777096	341
-0.10848569626484	2.1107633269917	87
-0.07923798471559	2.2395032594901	926
-0.0883012796493201	2.2260651137846	926
0.06872009211861	2.45639559558087	243
-0.0843710212728599	2.19428451089524	139
0.0323255944428902	1.75670721857387	95
0.0353804858200699	1.76884300398295	138
-0.0959095776473702	2.17958140749713	272
0.0293239869881501	1.78591308132808	765
0.0746993974727301	2.45588229436166	450
-0.0637867316956102	2.22680837174723	341
0.0309062376977201	1.73776947598698	341
0.0293239869881501	1.78591308132808	341
0.0353804858200699	1.76884300398295	175
0.0484831425280698	1.73337294377583	926
0.0119135175827201	1.73341440534533	61
-0.11496381650361	2.10044923211838	243
0.03933506147066	1.72850935055886	87
-0.0987244079340002	2.1684930080802	204
-0.0819560514881199	2.19471386701588	464
0.0497665440841102	1.76363071170709	61
0.0245898330360799	1.76233303311063	61
0.0362977581111998	1.74369471148873	61
0.0212205356105	1.75236126583843	341
0.0297428279585601	1.78478163746822	341
-0.0713750464990302	2.20001164495907	87
0.01566664095709	1.75278318538375	87
0.0210241924152399	1.72021946722123	87
-0.0996623492903499	2.18575522536914	175
0.0213928188091002	1.73388902301766	926
0.0394443544659202	1.75058558517172	926
0.0291593849257099	1.75584590970342	143
-0.07923798471559	2.2395032594901	407
-0.0889910923562902	2.15407791232588	269
0.0376974660276201	1.78825040842562	464
0.0109669118149101	1.73097006899876	61
0.01884046099436	1.76001338712733	341
0.0471570078489401	1.76521195559602	341
0.0596893119317299	2.39616242002701	87
0.0201909486624698	1.75096064138591	87
-0.0939700050290901	2.15832027907111	175
0.0267467240127202	1.76616704687936	926
-0.0923511565230899	2.14477892724331	95
0.0510928760515701	1.75779473253385	194
-0.10041762457696	2.14186782956598	194
0.0275819478134101	1.76550976278697	272
-0.0828443027624899	2.15320583138345	269
0.0319488334234799	1.7618009739008	27
0.0319054284979501	1.76607996296772	61
-0.0831945896851001	2.13972701442102	765
0.0283109907556001	1.75665915110651	765
-0.10053256649377	2.14549094361083	765
0.0281243939184201	1.74953270237886	61
0.0351071647482701	1.7915886071351	459
0.0224346551343602	1.73394313923088	450
0.0361448519505898	1.74714593030472	450
-0.09278573970805	2.18550208077573	341
0.0651926296200598	2.47218421760497	87
-0.11380389463154	2.13688340936536	87
0.0644827681848699	2.48718306628088	87
0.0187178414288098	1.73082290264151	175
-0.0898313858711002	2.1633925630307	175
0.0764156035971402	2.46153450477803	175
-0.09278573970805	2.18550208077573	175
-0.0882823925685301	2.18666015895741	926
-0.0815661245149002	2.19528711304448	95
0.0367266178461101	1.75496238919636	95
0.0417574770069198	1.75519593531386	272
-0.0910294892108299	2.18153360624748	27
0.0181981585142301	1.7630799900606	27
-0.0941969341975502	2.18803084594322	464
-0.09278573970805	2.18550208077573	765
-0.0884321085259701	2.10527366638174	243
0.0275819478134101	1.76550976278697	243
0.08789805019053	2.45347828546998	243
-0.0703691195880798	2.1758315150001	139
0.01884046099436	1.76001338712733	341
0.0346859298275599	1.76190632052241	341
-0.09538316942426	2.2176990059689	341
-0.10380000697374	2.17916127026623	341
0.0329411574337501	1.78765901257722	87
0.0375554717429698	1.77656511984412	87
0.0983275225092402	2.47878710271156	87
-0.09278573970805	2.18550208077573	175
-0.09483342095744	2.1658189135038	926
0.0181981585142301	1.7630799900606	303
0.0769660401352899	2.43464369881116	174
-0.10519824332644	2.13582009329234	407
0.0409092579785	1.78667105794429	194
0.0102855994626898	1.7359606377124	194
-0.0766406006577598	2.18800688418821	269
-0.06256781755661	2.19697374503287	27
0.0319488334234799	1.7618009739008	464
-0.0778813040033701	2.20074278129223	243
-0.0578998973508802	2.19997955868631	459
0.03746152335445	2.37678779761993	87
0.0250062200768699	1.7627695206282	926
0.0250062200768699	1.7627695206282	175
-0.0959758516297202	2.188896580578	174
-0.11288781009568	2.13715910587036	407
0.08217051666138	2.46570167476161	194
0.0250062200768699	1.7627695206282	272
-0.0871177336587699	2.16176507552178	269
0.01525419835033	1.73146593555496	27
-0.0883012796493201	2.2260651137846	464
0.0295797247395799	1.77747306964363	464
-0.0688208230288101	2.19868013156239	765
0.0134669257795799	1.71021663539115	765
0.0283109907556001	1.75665915110651	61
0.0329411574337501	1.78765901257722	243
0.03455012489195	1.7646083652213	459
0.0463039281373998	1.73794332349269	459
0.0413332744902601	1.78556725644158	87
0.0351071647482701	1.7915886071351	87
0.0267467240127202	1.76616704687936	87
0.03595018693674	1.75966452644368	87
0.07072042394925	2.47002304312427	407
0.0598564002999802	2.45221210398698	407
-0.08179589792028	2.18731290100131	269
-0.0713542344338101	2.19398357429962	269
-0.0896565578392399	2.17747319504746	27
-0.1044037658431	2.14814180228281	464
-0.0663603746425201	2.23360607917493	464
0.0186183381079199	1.74101197531504	61
0.0271642451682101	1.7882009108053	243
0.0347646396389099	1.76862235817381	243
0.0325210682611301	1.76578903213022	243
0.0499727866695601	2.44345816974565	459
0.0375554717429698	1.77656511984412	459
0.05523243729938	2.47308138743002	459
0.0319054284979501	1.76607996296772	459
0.09785016313988	2.49032250180245	450
-0.0942383241721099	2.17237990538617	450
0.0206074801703799	1.74987860684014	341
0.02741277359286	1.74871357249702	87
-0.0959315647399501	2.15819044432371	87
0.0271642451682101	1.7882009108053	87
-0.0947830847983	2.18405803923853	87
0.0186183381079199	1.74101197531504	175
0.0124369916748202	1.75475715657275	87
0.0644827681848699	2.48718306628088	175
0.0825304941468401	2.47467765470895	175
-0.0747172205970799	2.19319046197293	272
-0.0786237714084201	2.19337240845935	272
0.0950471799680801	2.45170676317796	27
-0.0623724850700502	2.1492754862599	27
-0.0888974255394501	2.22674634620533	27
0.06046701249632	2.47719770514378	464
0.0201909486624698	1.75096064138591	464
0.0346859298275599	1.76190632052241	765
0.0259602657669	1.77571958773482	765
-0.0831945896851001	2.13972701442102	61
0.0375554717429698	1.77656511984412	243
0.0267467240127202	1.76616704687936	243
0.0355285837416801	1.79046075418453	243
-0.05471878935399	2.18990466901446	459
0.0315224932492102	1.73329756811054	450
0.0207788026809901	1.75979169499821	450
-0.0748694075407501	2.18642138218544	87
-0.0821707452007301	2.15989006100422	87
0.03278545943517	1.73743550699326	175
-0.0823951787686998	2.22927216582941	175
0.0135210311175298	1.75012145464247	175
0.01884046099436	1.76001338712733	175
0.0248294931372302	1.71785578916959	175
0.0497665440841102	1.76363071170709	926
-0.0718618922757099	2.20463957597238	407
0.0439338339165798	1.77998616645985	27
-0.0804392571332602	2.19917754169062	464
0.0267467240127202	1.76616704687936	765
-0.06686265456	2.11394765004816	243
0.0218212603712402	1.75712836725798	450
-0.0894484597766798	2.18449798017207	87
0.0242158108929198	1.75552814484328	139
0.0214061082732901	1.77973211485229	87
0.0135210311175298	1.75012145464247	87
-0.09143766830661	2.1473240631683	87
0.0245898330360799	1.76233303311063	87
0.0714850809793801	2.44046418298627	87
0.02890532830894	1.75624626442474	175
0.0208794544515101	1.7382811753685	175
0.0347646396389099	1.76862235817381	258
0.0261436927025902	1.76649910992419	155
0.0752451837186698	2.47349434263903	407
0.0293239869881501	1.78591308132808	272
-0.07411557695912	2.22702887599428	464
-0.0939700050290901	2.15832027907111	464
0.0849566858711102	2.47543119681278	450
-0.0959095776473702	2.17958140749713	341
0.03873695158777	1.77888244788449	87
0.0329411574337501	1.78765901257722	87
-0.0578998973508802	2.19997955868631	926
-0.10454484087234	2.0851356031683	407
-0.10438909581503	2.13979122851762	407
-0.09219317173112	2.15751839786991	95
0.0768829484120799	2.49259109426828	95
0.0379797404265201	1.77547626350938	194
0.0497665440841102	1.76363071170709	194
0.0134669257795799	1.71021663539115	194
0.03278545943517	1.73743550699326	921
0.0234680776512102	1.76336385484048	459
0.03595018693674	1.75966452644368	341
0.0682968637480901	2.46211442381085	87
-0.0937771005471602	2.16667091897812	87
0.0235596179620199	1.76092025709296	87
0.0206074801703799	1.74987860684014	87
-0.12036803427121	2.14053672261793	87
0.0214061082732901	1.77973211485229	175
0.03854315922564	1.74332033436954	175
0.0413332744902601	1.78556725644158	926
0.0214061082732901	1.77973211485229	194
0.0325210682611301	1.76578903213022	420
0.0711100151211102	2.49227686126913	272
-0.09025055275464	2.18598189109226	269
0.0742207877769698	2.49939918541876	269
-0.08574953927124	2.23291042965255	27
-0.10871873460757	2.13685258957373	27
0.0180347805208601	1.76953980875816	27
-0.0810255533159299	2.16975252410135	464
-0.11402528674312	2.1237160490047	464
0.0271642451682101	1.7882009108053	464
0.0700038325344501	2.48491327201271	464
0.0245898330360799	1.76233303311063	464
-0.0823951787686998	2.22927216582941	61
0.01546623043073	1.75002074763643	61
-0.0922445510259999	2.21748304904581	921
0.0181981585142301	1.7630799900606	243
0.0545677440844301	1.75143766236567	459
0.0333614298681701	1.76515449358433	459
0.0135210311175298	1.75012145464247	341
0.01884046099436	1.76001338712733	175
0.03915981323129	1.75680900096895	836
-0.0855469658614401	2.19442303617432	407
-0.0763278831979402	2.20549215783501	407
0.0329411574337501	1.78765901257722	269
-0.09278573970805	2.18550208077573	27
0.0217279327650601	1.73767243004308	61
0.1084031889311	2.45866665481105	659
-0.0963223489076399	2.16345980202878	61
0.0329411574337501	1.78765901257722	921
0.03595018693674	1.75966452644368	921
0.01500883638476	1.73542556969229	243
0.0293239869881501	1.78591308132808	243
-0.0741983156608899	2.14916742710134	243
0.0297428279585601	1.78478163746822	341
0.0259602657669	1.77571958773482	87
0.0293239869881501	1.78591308132808	87
-0.10294173684308	2.14843214497578	87
0.0682988586897602	2.41764207669199	175
0.0238935661948001	1.76226593184663	175
0.0237978584971401	1.77796058405828	175
0.0556474846220101	2.440074692636	175
0.0355285837416801	1.79046075418453	926
-0.10692214802045	2.17320514617663	926
0.0271642451682101	1.7882009108053	175
-0.0843628455435601	2.18403262320209	175
-0.0894484597766798	2.18449798017207	926
-0.10567721111368	2.1346390703711	926
-0.0591855969217598	2.21426117426948	407
-0.11209453767441	2.09975840523547	407
0.0329411574337501	1.78765901257722	204
0.0212205356105	1.75236126583843	269
0.0180347805208601	1.76953980875816	27
0.0176195594584199	1.7478452773406	464
0.0217279327650601	1.73767243004308	659
0.0184501814026801	1.74719372001359	921
0.0250062200768699	1.7627695206282	921
0.0275819478134101	1.76550976278697	921
-0.1032855037571	2.15510366876951	921
0.0192543073591001	1.76044171960393	61
0.0267467240127202	1.76616704687936	243
0.0180347805208601	1.76953980875816	243
-0.0961196911235298	2.14474481759021	459
0.0239781122824598	1.76263870806536	87
0.0245898330360799	1.76233303311063	87
-0.0831769592747098	2.19239479957497	87
0.0351071647482701	1.7915886071351	87
0.0932591014961202	2.47469678680182	175
0.0413332744902601	1.78556725644158	175
-0.0753331864557101	2.19548398424986	926
0.0963707614843501	2.47699346838752	926
0.0180347805208601	1.76953980875816	407
0.0372748970201702	1.78143272151952	194
-0.0951372542194902	2.19019825651432	269
-0.0785953491379199	2.19587722276432	464
-0.09278573970805	2.18550208077573	464
0.0176813840873198	1.75776245721815	464
0.0323753612060802	1.76072701078593	765
0.0250062200768699	1.7627695206282	921
-0.0754200690178601	2.19795042680085	459
-0.10199114224827	2.11573930860544	341
-0.0667722671664999	2.22269617657609	341
-0.0760801585109299	2.16617210146113	175
0.0413332744902601	1.78556725644158	926
-0.10126264915906	2.19978164899911	194
0.0216371718583201	1.75279571838875	194
-0.0643957325949098	2.22844901822502	269
-0.0804392571332602	2.19917754169062	269
-0.0843710212728599	2.19428451089524	464
-0.10878271353569	2.15088066983835	464
0.02355553368831	1.74135916114039	765
0.06872009211861	2.45639559558087	765
0.02890532830894	1.75624626442474	921
0.0242158108929198	1.75552814484328	61
0.0325210682611301	1.76578903213022	921
0.0122903849650702	1.74284785118264	921
-0.11230183756218	2.11750723605921	61
-0.09025055275464	2.18598189109226	139
-0.08494936113143	2.21554754843107	139
0.02890532830894	1.75624626442474	459
-0.0925761716965301	2.15096057241822	87
-0.0967105232343499	2.15301073438569	87
0.0197745977661699	1.72237297404297	175
-0.0723027209996401	2.20669341353288	174
-0.08179589792028	2.18731290100131	270
-0.1004649633424	2.18008122756279	194
0.0372748970201702	1.78143272151952	272
-0.0863471209092999	2.22599633974923	27
0.06960843097667	2.44121503771926	464
0.0641228081910299	2.46191179188709	464
0.0201909486624698	1.75096064138591	243
-0.0744289302028598	2.20983205285473	243
0.0355285837416801	1.79046075418453	139
0.0218212603712402	1.75712836725798	139
0.0307768748439399	1.75859398683312	341
-0.0804272074438899	2.19751599399505	87
-0.0979815092156802	2.1449347428549	270
-0.08907933091754	2.18334635293331	194
0.0291613210305899	1.75395865945644	464
0.0199363393006098	1.73202857255246	61
-0.0578998973508802	2.19997955868631	139
0.0275819478134101	1.76550976278697	139
0.0209911359141102	1.75779269442633	87
0.0297428279585601	1.78478163746822	87
-0.0539114047223399	2.16762821605796	87
0.0452590699275399	1.76798173252537	175
0.0245898330360799	1.76233303311063	175
0.0259602657669	1.77571958773482	926
0.0317484045302998	1.78137918388793	95
0.0288457837775198	1.73025549485166	194
-0.0965923838462501	2.13765556339307	194
-0.09143766830661	2.1473240631683	194
-0.0871260836105101	2.17890187294104	27
0.0407160795738002	1.74604602841344	243
0.0394443544659202	1.75058558517172	87
-0.06821605976846	2.20992936027505	926
-0.07014360318502	2.24196272045938	194
-0.0822731385198301	2.2009764274933	194
-0.10692214802045	2.17320514617663	194
-0.0959758516297202	2.188896580578	194
0.03434163387301	1.77810209777096	194
0.0224346551343602	1.73394313923088	272
0.06234293347568	2.40018626859047	27
0.0329411574337501	1.78765901257722	464
0.0464209427972802	1.75385302619819	464
0.0303579279806501	1.75815043047727	87
-0.08256320997363	2.19595928678349	87
0.0133146104208799	1.72552552793546	175
0.04308329735544	1.78273337554263	194
0.0489107544681602	1.76627448492499	194
0.0301618513472599	1.7539913146149	272
-0.0630413429141199	2.16931643936878	269
-0.0909945023504601	2.17901618599232	27
-0.11822171716009	2.12935411958972	464
-0.0888974255394501	2.22674634620533	464
0.08564920313525	2.49126059007645	464
0.0271642451682101	1.7882009108053	243
0.0436632847523	1.68821527413461	139
0.00739746474101999	1.7219798445643	87
0.0265676086317099	1.76540184055778	175
0.0131097064560501	1.74970222628579	194
0.0506640946538401	1.7220164128471	194
-0.10126264915906	2.19978164899911	194
-0.06696790715081	2.24003660021191	269
-0.0721798691695099	2.19543949998298	27
0.01546623043073	1.75002074763643	464
0.0341224328898102	1.75800966606099	61
0.0285446273183201	1.75613243556285	322
-0.0999406106415202	2.16586642208617	243
-0.0780355243514701	2.19676125118996	341
0.0261436927025902	1.76649910992419	87
0.0405832365282302	1.76998070490232	87
0.0482917685307198	1.75234968499278	87
-0.10185246833591	2.20046154651165	175
0.06775373349419	2.49408378970377	175
-0.0587349747421202	2.18305967615004	83
0.06537563213071	2.46247953498862	174
-0.10889178122504	2.13753553916207	194
0.0159449011820998	1.73792538964343	194
0.03518783063552	1.73367570156146	194
-0.10750885780509	2.17217361689465	27
-0.09650014466254	2.15897234072283	464
-0.0771248432856999	2.16711311077707	464
-0.0817958389632598	2.22860394511516	61
0.0742207877769698	2.49939918541876	243
0.0218212603712402	1.75712836725798	450
0.0346859298275599	1.76190632052241	87
0.0101421275090199	1.74019612353105	87
-0.078860020334	2.14631429159003	175
0.01852734270259	1.72678252914628	194
0.0101806828366202	1.72969851786379	194
0.01566664095709	1.75278318538375	272
0.01884046099436	1.76001338712733	61
0.0158803250392801	1.75044711130464	459
0.03595018693674	1.75966452644368	139
-0.0888544412916201	2.16434236806827	459
0.0206074801703799	1.74987860684014	87
0.0321700747136799	1.78026665832039	87
-0.08627258816052	2.17918749898313	87
-0.10474137091744	2.14916934092713	175
0.0410090379980201	1.73522572134976	98
0.0461119310193201	1.7779184374033	87
0.0700038325344501	2.48491327201271	87
0.0166914912182299	1.73526139152412	87
0.0763211467567002	2.43515538674086	175
0.0328020767282302	1.73117655357339	174
0.03518783063552	1.73367570156146	194
0.0325919291812902	1.74981757796973	194
-0.09538316942426	2.2176990059689	27
0.0824347607149099	2.45577038765181	464
-0.0832248948039398	2.14099367196782	464
0.0135210311175298	1.75012145464247	243
-0.0937771005471602	2.16667091897812	459
0.0367266178461101	1.75496238919636	175
0.0924211575277498	2.49292175502488	175
0.0738973317803402	2.46607797088767	269
-0.0735276942787899	2.19203675591683	464
0.0212205356105	1.75236126583843	61
0.0166914912182299	1.73526139152412	61
0.0271642451682101	1.7882009108053	243
0.0231435162296498	1.73201404957501	139
0.0218212603712402	1.75712836725798	568
-0.0721798691695099	2.19543949998298	568
0.0156216909910998	1.73787599175762	175
0.04308329735544	1.78273337554263	175
-0.1075405776989	2.14006955461233	175
0.0452590699275399	1.76798173252537	83
0.00758511761751013	1.72123636760271	194
-0.0812783878359302	2.18383952901085	95
0.0317484045302998	1.78137918388793	194
-0.0792296294169899	2.16899600189343	194
0.0297428279585601	1.78478163746822	27
0.0404854273422601	1.7573804658212	27
-0.07525223542947	2.18676524042059	27
-0.11339333570578	2.13117030258463	464
-0.0939700050290901	2.15832027907111	659
0.00973055556083002	1.73977878983205	61
0.0293239869881501	1.78591308132808	61
0.0333614298681701	1.76515449358433	322
-0.0962734338815801	2.13151864964227	61
0.0166914912182299	1.73526139152412	61
0.0355285837416801	1.79046075418453	459
0.0231435162296498	1.73201404957501	568
0.0218212603712402	1.75712836725798	450
0.0250062200768699	1.7627695206282	87
-0.0765156834402898	2.16557055270268	175
0.00973055556083002	1.73977878983205	175
-0.10878271353569	2.15088066983835	175
0.0870257393087499	2.48628694523475	175
-0.0869108439314199	2.19498266757501	194
0.0325919291812902	1.74981757796973	27
-0.0759344211819499	2.16022300735383	61
-0.0973881306159399	2.17245011320629	61
0.0329411574337501	1.78765901257722	61
0.0269935765531999	1.74827210657584	243
-0.08119620341331	2.19972173150415	459
0.0331901380664399	1.70518064080795	568
0.04933855494235	1.77287408526635	450
0.0409092579785	1.78667105794429	87
0.0307768748439399	1.75859398683312	87
-0.0814247957262699	2.10488089785558	175
0.0383142749991201	1.75740754542839	175
0.0414842523902998	1.72200383489207	83
0.0353804858200699	1.76884300398295	443
0.0131097064560501	1.74970222628579	407
-0.0729073062416998	2.22408727356654	407
-0.11394658133512	2.15994676253587	194
0.0951076021014798	2.47469307279332	194
-0.0721798691695099	2.19543949998298	27
-0.1154259260338	2.11754376930979	61
0.0323255944428902	1.75670721857387	243
0.0192543073591001	1.76044171960393	243
0.0237978584971401	1.77796058405828	87
0.0271642451682101	1.7882009108053	87
0.0964046255704401	2.44338482757142	175
-0.0973881306159399	2.17245011320629	175
0.0295797247395799	1.77747306964363	175
0.0932591014961202	2.47469678680182	355
0.0329411574337501	1.78765901257722	194
0.0477896288087001	2.4384095562983	27
0.0131097064560501	1.74970222628579	464
0.0135210311175298	1.75012145464247	61
0.0214061082732901	1.77973211485229	61
0.0355285837416801	1.79046075418453	87
0.0233636365524901	1.73251178341482	87
-0.07667789788395	2.2387915018087	175
0.03595018693674	1.75966452644368	175
-0.0843628455435601	2.18403262320209	175
0.0733513219097501	2.47409891071803	175
-0.0656912360191599	2.18246865426399	407
-0.0959095776473702	2.17958140749713	194
-0.0812306677897499	2.19416580094602	269
0.0245898330360799	1.76233303311063	269
0.0315224932492102	1.73329756811054	61
0.0319054284979501	1.76607996296772	61
0.01884046099436	1.76001338712733	139
0.0614088321159598	2.47039439887346	87
-0.0869444084949098	2.19257161112109	87
0.0101421275090199	1.74019612353105	175
-0.0933780173908101	2.18615248911191	926
0.00973055556083002	1.73977878983205	175
-0.08494936113143	2.21554754843107	175
-0.0996623492903499	2.18575522536914	175
0.0192543073591001	1.76044171960393	87
0.0842725675398302	2.49863969299994	407
0.11787910673228	2.49843579518035	194
0.0404854273422601	1.7573804658212	194
-0.10438841212174	2.20001723243838	194
0.0376974660276201	1.78825040842562	269
-0.0981254451912901	2.17507736477738	27
0.0445517348778699	1.75594809982774	659
0.01566664095709	1.75278318538375	61
0.0297428279585601	1.78478163746822	139
0.0131097064560501	1.74970222628579	459
-0.0650516281279798	2.2081080225941	459
0.0285446273183201	1.75613243556285	568
0.0207788026809901	1.75979169499821	450
0.0325210682611301	1.76578903213022	175
0.0207788026809901	1.75979169499821	175
0.06574905408656	2.48535557129611	175
0.0180347805208601	1.76953980875816	174
0.0329411574337501	1.78765901257722	174
0.0823124235827999	2.45328838182175	407
0.0572083131021102	2.48536996101356	194
0.0321700747136799	1.78026665832039	269
0.0784744144853899	2.47317809088143	269
0.0181042707721599	1.75666097713263	27
-0.0919806767611502	2.16587929669278	464
-0.0758566473989699	2.15508889511169	61
0.0214061082732901	1.77973211485229	61
-0.1010434741319	2.18060830902935	322
0.04786407796019	1.74916226167184	322
0.0435084722200898	1.78951797761964	243
0.0293239869881501	1.78591308132808	568
0.00739746474101999	1.7219798445643	87
-0.0923126588054299	2.12789958397021	87
0.0066945059186998	1.72845592564377	87
0.05859032930208	2.47786616934109	450
0.0190627005144801	1.72426736028144	87
-0.0817958389632598	2.22860394511516	175
0.0404854273422601	1.7573804658212	175
0.0592054788509402	2.48638007526213	175
0.00187444044546981	1.72276714370585	175
-0.0999406106415202	2.16586642208617	258
0.0389048402227301	1.7254103449721	407
0.00761121531804987	1.73287489521067	194
-0.0591197815799198	2.20274192841998	194
0.0214061082732901	1.77973211485229	194
0.0203574789970999	1.76089251568796	194
-0.0763278831979402	2.20549215783501	194
0.0435084722200898	1.78951797761964	27
0.0501015817298298	2.48515625863301	464
0.0135210311175298	1.75012145464247	61
0.0172586825180101	1.72897293710462	243
0.02890532830894	1.75624626442474	243
0.0208794544515101	1.7382811753685	243
0.0267467240127202	1.76616704687936	243
0.0267467240127202	1.76616704687936	139
-0.0681820649805598	2.22157237083133	459
-0.0896565578392399	2.17747319504746	459
0.02431924179802	1.73238147861512	568
0.0267467240127202	1.76616704687936	568
0.0404854273422601	1.7573804658212	87
0.00986929758719013	1.73553572597893	450
0.04684937454287	1.72009370003289	87
0.0333614298681701	1.76515449358433	87
0.0321700747136799	1.78026665832039	87
-0.0786664774506698	2.12256315351166	175
0.0271642451682101	1.7882009108053	175
0.0351071647482701	1.7915886071351	175
0.0680920715408	2.45525836533456	175
-0.0863153946884698	2.19433697522685	87
-0.0894484597766798	2.18449798017207	27
0.0700038325344501	2.48491327201271	27
0.0597050169557498	2.44198219920841	464
0.0339188132078498	1.7713584790422	61
0.0041355331447499	1.72542030368589	61
0.0158803250392801	1.75044711130464	61
-0.10583331510921	2.13530475888193	139
-0.0732116845265098	2.19510824627007	450
0.0263793569516499	1.77460351315333	87
0.0297428279585601	1.78478163746822	175
0.0297428279585601	1.78478163746822	175
0.0499727866695601	2.44345816974565	175
0.02120031048115	1.72983895401708	416
0.0409092579785	1.78667105794429	194
0.0214061082732901	1.77973211485229	194
0.0317484045302998	1.78137918388793	194
0.0135210311175298	1.75012145464247	194
0.0307768748439399	1.75859398683312	269
-0.0786849845055602	2.16671717693128	27
-0.09143766830661	2.1473240631683	464
-0.0900294372368098	2.20071127795272	464
0.0041355331447499	1.72542030368589	61
0.0409092579785	1.78667105794429	61
-0.0900294372368098	2.20071127795272	61
0.0127543097019802	1.70323116452462	459
0.0333614298681701	1.76515449358433	568
0.0301618513472599	1.7539913146149	450
0.0469655432890899	1.72549606469904	87
0.0997569892299501	2.46857464293084	87
0.0413332744902601	1.78556725644158	175
-0.09711952382245	2.17896240893794	175
-0.08016154735291	2.19372778030035	87
0.0321700747136799	1.78026665832039	87
0.07830273220479	2.44052116294362	174
0.0372748970201702	1.78143272151952	355
-0.0806320498716699	2.19292083776073	194
0.0307768748439399	1.75859398683312	464
0.0511047493926902	2.42635946450394	464
0.0288457837775198	1.73025549485166	322
0.0372748970201702	1.78143272151952	61
-0.0888544412916201	2.16434236806827	61
0.0041355331447499	1.72542030368589	243
-0.09310621491493	2.12417589976297	459
0.0355285837416801	1.79046075418453	568
-0.0735115914751301	2.23050826433177	87
0.0641228081910299	2.46191179188709	87
0.0186183381079199	1.74101197531504	87
0.0351071647482701	1.7915886071351	175
-0.07097300255574	2.1926228675836	926
0.05152184682228	1.76914236754964	87
0.0663410150815902	2.47252137442736	407
0.0317484045302998	1.78137918388793	194
0.0160792615713201	1.73082789242852	194
0.0439338339165798	1.77998616645985	269
-0.11003898224584	2.14221935714159	27
-0.0778253313005402	2.18068756383707	464
0.0151016081679902	1.73855635706817	61
0.0224346551343602	1.73394313923088	322
0.0749305829196398	2.4832474268411	243
0.0371313890182599	1.74759747408869	459
0.0323255944428902	1.75670721857387	450
0.0239759002250199	1.75982344434879	450
0.0376974660276201	1.78825040842562	87
-0.0942383241721099	2.17237990538617	175
0.0190627005144801	1.72426736028144	87
0.0501015817298298	2.48515625863301	926
0.0564892672661301	2.4425805222889	175
0.0209911359141102	1.75779269442633	155
-0.0947901970301399	2.21701305543046	194
-0.10419097785395	2.17462203994922	194
0.0283109907556001	1.75665915110651	194
0.02355553368831	1.74135916114039	464
0.0317484045302998	1.78137918388793	61
0.0372771908516198	1.73902577863196	243
0.0706333438011102	2.49217082583257	459
0.0293239869881501	1.78591308132808	450
0.0159449011820998	1.73792538964343	87
0.00401340626737001	1.71232011316564	175
-0.0778813040033701	2.20074278129223	175
0.0355285837416801	1.79046075418453	194
0.0448329207419	1.73146440485931	194
-0.0933780173908101	2.18615248911191	194
-0.0735276942787899	2.19203675591683	27
0.0275819478134101	1.76550976278697	27
0.0441264512939901	1.73525393170296	27
0.0523688415524601	2.45746396438995	27
-0.0706417068739	2.20180404027835	27
-0.10262517009995	2.17013399720522	464
0.0285446273183201	1.75613243556285	61
-0.09137554259787	2.18767132642089	450
0.0206074801703799	1.74987860684014	568
-0.11394658133512	2.15994676253587	87
-0.08574953927124	2.23291042965255	87
0.01884046099436	1.76001338712733	175
0.01525419835033	1.73146593555496	194
0.02741277359286	1.74871357249702	194
-0.0934330579917799	2.1774915265913	27
0.0449465518708601	1.74268926418566	464
0.0371313890182599	1.74759747408869	27
0.0191408354892002	1.73126393384282	450
0.0371556669938702	1.75335838613405	450
-0.11086233191406	2.13758595465563	450
0.0192543073591001	1.76044171960393	87
0.0229409804076899	1.7416336773842	87
0.01884046099436	1.76001338712733	87
0.05238035702039	1.75329127816774	175
-0.08574953927124	2.23291042965255	175
-0.08515166332608	2.22401427600593	175
-0.07983876928891	2.23258687400266	194
-0.0970838754498802	2.13864095811069	27
-0.0875060004944701	2.16709350303895	27
0.0383142749991201	1.75740754542839	659
0.0775924178176402	2.49835717490698	61
0.0404854273422601	1.7573804658212	61
0.0212205356105	1.75236126583843	243
0.07047952081883	2.47134242055246	450
-0.10279686501152	2.1584388039392	568
0.00526081246017007	1.71937661870384	450
0.0245898330360799	1.76233303311063	450
0.0181981585142301	1.7630799900606	87
-0.0996838538082701	2.14247636020787	175
-0.0908880513621102	2.14698342030918	87
-0.0707717399908998	2.20665698505197	269
-0.0754725363222	2.22350715423687	269
-0.0604668868431002	2.18957736236945	27
0.0401576221055899	1.77940352472172	659
0.0285446273183201	1.75613243556285	61
0.00772073509995996	1.71141901723628	243
-0.0713750464990302	2.20001164495907	243
0.0358035991660999	1.74701746436338	243
-0.0914455089262498	2.21591565722839	87
-0.0766808373532002	2.19886891537901	175
-0.0585099920138199	2.20610601897638	175
0.0709617816209902	2.46628213819883	87
-0.0902327336784601	2.15356107211219	175
0.0329411574337501	1.78765901257722	270
0.00761121531804987	1.73287489521067	194
-0.10567721111368	2.1346390703711	194
0.01884046099436	1.76001338712733	27
-0.06696790715081	2.24003660021191	61
0.0439338339165798	1.77998616645985	243
0.0394443544659202	1.75058558517172	243
-0.10771869402388	2.16455161527877	450
0.08115843098278	2.48886010125261	450
0.0300002478974299	1.7552238264429	87
0.0376974660276201	1.78825040842562	87
0.0201909486624698	1.75096064138591	194
-0.0584892326552899	2.17724261685621	194
0.0319054284979501	1.76607996296772	61
-0.0837741373543701	2.20097265518492	459
0.0214061082732901	1.77973211485229	459
-0.0694252857479301	2.16355579819705	139
0.0329411574337501	1.78765901257722	87
0.00719336888182998	1.73244887992211	87
0.0443593825766699	1.74484134897789	926
0.0129462345286999	1.7347917260236	87
0.0826109151690799	2.47937154911302	407
0.0309062376977201	1.73776947598698	416
0.0256342669246998	1.75355613691864	194
0.07126316991571	2.48310372299207	194
0.0319488334234799	1.7618009739008	194
0.0297769595506798	1.75418553103217	464
0.0261436927025902	1.76649910992419	322
0.0319054284979501	1.76607996296772	61
0.0365663779605101	1.74759505809755	61
-0.0769937334931798	2.20651137594667	61
0.0435084722200898	1.78951797761964	61
0.0329411574337501	1.78765901257722	87
0.0225185091931999	1.73514381497273	450
0.0291613210305899	1.75395865945644	87
0.0180347805208601	1.76953980875816	87
-0.0992777027348901	2.16920097066806	175
-0.0923804978278899	2.14826938312399	194
-0.0724715278324499	2.1901139186278	194
0.0323255944428902	1.75670721857387	269
0.0959114470328202	2.47940783995242	269
0.0367266178461101	1.75496238919636	27
-0.09483342095744	2.1658189135038	27
0.0271642451682101	1.7882009108053	339
0.0435084722200898	1.78951797761964	322
-0.0998308860777302	2.12130823847716	243
0.0255413569551299	1.7463830158366	243
0.04380846178934	1.75539422267084	459
-0.07983876928891	2.23258687400266	459
0.0487196477309202	1.74570747634594	450
0.0261436927025902	1.76649910992419	450
0.0124369916748202	1.75475715657275	87
0.0381202200528099	1.77866058288672	175
0.0347646396389099	1.76862235817381	87
0.0293239869881501	1.78591308132808	194
0.0405832365282302	1.76998070490232	194
0.0801852927851599	2.46682043682718	269
-0.0998287856189899	2.16941259516517	269
-0.0843186412908898	2.16969742045383	27
0.0304800066114601	1.72667857421061	339
-0.09566949727837	2.12351418776069	322
-0.1102696987517	2.15798171831402	322
-0.0911815729307199	2.17948575191096	322
-0.0798285662294398	2.19688285289868	322
0.0715461699402602	2.46544329576549	322
0.0512277925494402	1.74183534322598	87
0.0259602657669	1.77571958773482	87
-0.0888544412916201	2.16434236806827	87
0.03854315922564	1.74332033436954	87
0.0333614298681701	1.76515449358433	87
0.0351071647482701	1.7915886071351	83
0.0131097064560501	1.74970222628579	322
0.0323753612060802	1.76072701078593	322
-0.0992396592256801	2.16876765491336	322
-0.09902808870567	2.14875032341254	322
0.0297428279585601	1.78478163746822	61
0.0214061082732901	1.77973211485229	243
-0.0772812190979799	2.20743312138224	243
0.03986807695415	1.76198366427652	450
-0.0766808373532002	2.19886891537901	87
-0.0534063380051499	2.20199223222639	87
-0.09650014466254	2.15897234072283	194
-0.10533687208369	2.11649530932333	27
-0.0809612034371101	2.20661575428532	464
-0.0872800574299499	2.16938580727228	61
-0.10753271659755	2.16376225967005	175
0.0329411574337501	1.78765901257722	175
0.0532767390757898	1.74038273615626	175
0.0472825866201898	2.42159199560715	407
0.0439338339165798	1.77998616645985	194
0.0452590699275399	1.76798173252537	114
0.03434163387301	1.77810209777096	114
0.0245898330360799	1.76233303311063	194
0.0160405475504701	1.73830892918756	194
0.0303579279806501	1.75815043047727	269
-0.0772812190979799	2.20743312138224	269
0.0818748580886499	2.47956267063903	27
0.0709284147023199	2.49220922778184	27
-0.0675751371751998	2.23654370139201	339
0.0346859298275599	1.76190632052241	339
0.0191408354892002	1.73126393384282	322
-0.0703398325882998	2.20066732234598	322
0.0423748364563301	1.72370347377788	243
-0.0758764302713599	2.1588975087982	450
0.0361448519505898	1.74714593030472	450
0.0351071647482701	1.7915886071351	87
0.0293517792668201	1.73328523559356	87
0.03973219459857	1.7726922919672	87
-0.0933780173908101	2.18615248911191	175
0.00199314045441978	1.70716154450967	175
0.0517479587764198	2.42834432306138	174
0.0435084722200898	1.78951797761964	27
-0.08968295068258	2.17220251339924	27
0.0409092579785	1.78667105794429	464
0.0331901380664399	1.70518064080795	322
0.0207788026809901	1.75979169499821	322
0.0271642451682101	1.7882009108053	322
0.0381202200528099	1.77866058288672	322
0.0394443544659202	1.75058558517172	322
0.01546623043073	1.75002074763643	322
0.0041355331447499	1.72542030368589	322
0.03873695158777	1.77888244788449	322
0.0346859298275599	1.76190632052241	243
0.0287360625220798	1.76328940978545	243
0.0250062200768699	1.7627695206282	450
0.05152184682228	1.76914236754964	87
-0.0701681339378801	2.1981756047879	175
0.0675881888982399	2.43656446204815	175
0.10721195838389	2.46842945883255	407
0.03434163387301	1.77810209777096	194
0.0731207654675501	2.47070541077205	194
0.0467303741432601	1.76626361660703	269
0.0383142749991201	1.75740754542839	269
-0.0786237714084201	2.19337240845935	464
-0.0694252857479301	2.16355579819705	464
0.0742207877769698	2.49939918541876	464
0.0285446273183201	1.75613243556285	659
0.0259602657669	1.77571958773482	322
0.0271642451682101	1.7882009108053	322
0.0416259721815901	1.72520750224075	87
0.0461119310193201	1.7779184374033	87
0.0376974660276201	1.78825040842562	87
0.0242158108929198	1.75552814484328	175
-0.0747192629572999	2.21209775220896	194
-0.10634643356135	2.13895714079894	194
0.0636871756471602	2.46835758662431	194
-0.0758764302713599	2.1588975087982	194
0.0376974660276201	1.78825040842562	464
0.0759847684937101	2.46910287836827	464
0.0303579279806501	1.75815043047727	322
0.00976151829739003	1.75162713601541	322
0.0329411574337501	1.78765901257722	450
-0.0894484597766798	2.18449798017207	450
0.0263793569516499	1.77460351315333	450
0.0438617932555698	1.69336292581212	450
0.0378209330699599	2.35376337604886	87
0.0192543073591001	1.76044171960393	87
0.0435084722200898	1.78951797761964	87
0.0216371718583201	1.75279571838875	175
0.0519510071003699	1.76754027355949	322
0.0267467240127202	1.76616704687936	322
-0.103592912518	2.14599358130128	243
0.0250062200768699	1.7627695206282	459
0.0181981585142301	1.7630799900606	459
0.11389694405027	2.48994031346494	87
-0.0668451258872498	2.16634166609734	450
-0.0823970870880002	2.15538891399973	87
-0.0970838754498802	2.13864095811069	194
-0.0964779845660502	2.11945550690708	368
0.0186183381079199	1.74101197531504	194
0.0436181409296199	1.71611159629704	269
0.0323255944428902	1.75670721857387	27
0.07705485377	2.47702480170087	464
0.0376974660276201	1.78825040842562	322
-0.0800178479268801	2.13969829691432	322
0.0160792615713201	1.73082789242852	322
-0.0959095776473702	2.17958140749713	322
0.0439338339165798	1.77998616645985	322
0.0301618513472599	1.7539913146149	61
0.0214061082732901	1.77973211485229	243
-0.0566787916599698	2.14587570428916	459
-0.0643957325949098	2.22844901822502	450
0.03854315922564	1.74332033436954	450
0.0642255953590301	2.42936323498499	87
-0.0650516281279798	2.2081080225941	87
-0.09865024515054	2.1410711632041	175
0.0297428279585601	1.78478163746822	175
0.0617567972987301	2.45161031872528	175
0.0319054284979501	1.76607996296772	194
0.0718254957391999	2.47521652587543	194
-0.11068968648822	2.11380891987458	194
0.0452590699275399	1.76798173252537	322
0.0192543073591001	1.76044171960393	322
-0.0806320498716699	2.19292083776073	87
0.0267467240127202	1.76616704687936	87
0.0293239869881501	1.78591308132808	87
-0.0823951787686998	2.22927216582941	175
0.0317484045302998	1.78137918388793	114
-0.0656912360191599	2.18246865426399	114
0.0376974660276201	1.78825040842562	269
0.0323753612060802	1.76072701078593	27
0.00758511761751013	1.72123636760271	194
0.0428810853135899	2.4043187974156	27
0.0329411574337501	1.78765901257722	464
0.0275819478134101	1.76550976278697	322
-0.0837741373543701	2.20097265518492	322
0.0271642451682101	1.7882009108053	322
0.0109669118149101	1.73097006899876	243
0.0181981585142301	1.7630799900606	87
-0.0902925141061601	2.18232367165102	87
0.0300002478974299	1.7552238264429	87
0.0209911359141102	1.75779269442633	87
0.0271642451682101	1.7882009108053	175
0.0250062200768699	1.7627695206282	174
0.0255413569551299	1.7463830158366	194
-0.0591197815799198	2.20274192841998	269
0.01777816209853	1.74164342306101	194
0.0383142749991201	1.75740754542839	464
-0.0922445510259999	2.21748304904581	339
0.0218212603712402	1.75712836725798	339
0.0237978584971401	1.77796058405828	322
0.0329411574337501	1.78765901257722	322
0.04308329735544	1.78273337554263	243
0.0456854066424999	1.77956358080194	87
0.0329411574337501	1.78765901257722	87
0.0261436927025902	1.76649910992419	175
0.0192543073591001	1.76044171960393	175
0.0372748970201702	1.78143272151952	175
-0.0727610053166901	2.13955023395125	87
0.0453746848274701	1.73612164158925	114
0.0122903849650702	1.74284785118264	194
-0.09711952382245	2.17896240893794	194
0.0576486503525202	2.45878152881296	269
-0.09278573970805	2.18550208077573	194
0.0206074801703799	1.74987860684014	339
-0.0998287856189899	2.16941259516517	464
0.0156216909910998	1.73787599175762	322
0.0124369916748202	1.75475715657275	459
0.0419507117948199	1.72325213717992	450
0.0244008758448002	1.74074991139183	114
0.0347646396389099	1.76862235817381	194
-0.0843514621469699	2.19484512314558	659
0.0192543073591001	1.76044171960393	61
0.0293239869881501	1.78591308132808	243
0.0250062200768699	1.7627695206282	139
0.0303579279806501	1.75815043047727	459
0.0218212603712402	1.75712836725798	3
-0.07313951034461	2.20373140699429	87
0.0950466688021598	2.47405996961394	87
0.0398039199959901	2.36265944196445	194
-0.0831769592747098	2.19239479957497	114
-0.09650014466254	2.15897234072283	464
-0.11007924417417	2.14375397602897	322
0.0377730086780002	1.74202666173085	222
0.0412002490405401	1.74620954195007	243
0.0381202200528099	1.77866058288672	139
-0.08291611190411	2.19864261699355	87
0.0319054284979501	1.76607996296772	87
0.0323255944428902	1.75670721857387	87
-0.11772289188102	2.12541676903785	87
0.0224346551343602	1.73394313923088	224
0.0599288014177901	2.48710060422532	114
-0.11083528327843	2.18139747920068	368
0.0307768748439399	1.75859398683312	194
0.0307768748439399	1.75859398683312	659
0.0184501814026801	1.74719372001359	243
-0.0880154634536998	2.19220402430764	139
0.0176195594584199	1.7478452773406	87
-0.10438841212174	2.20001723243838	450
0.0346859298275599	1.76190632052241	87
0.01884046099436	1.76001338712733	87
-0.09278573970805	2.18550208077573	735
-0.10338379949204	2.11088942132115	659
0.0135210311175298	1.75012145464247	243
0.0214061082732901	1.77973211485229	139
-0.0933772109651598	2.16133217752664	87
-0.0837945935133102	2.21422928381119	87
0.0839636339531902	2.47090046822566	87
0.0536860730740898	2.40906454074351	87
0.0435084722200898	1.78951797761964	87
0.0604895481846	2.48216626402793	87
-0.0869108439314199	2.19498266757501	87
0.0473710861919598	1.70582817771057	114
0.0738973317803402	2.46607797088767	368
0.0297428279585601	1.78478163746822	194
-0.0990667285756701	2.18509997485927	269
0.0439338339165798	1.77998616645985	339
0.0203574789970999	1.76089251568796	3
0.0245898330360799	1.76233303311063	87
0.00454929941904991	1.72583626182616	87
-0.0823951787686998	2.22927216582941	3
-0.0798285662294398	2.19688285289868	3
-0.11982955678524	2.1192601092072	87
0.0789446279194102	2.46802135265988	87
0.0267467240127202	1.76616704687936	87
-0.10419097785395	2.17462203994922	194
-0.0650516281279798	2.2081080225941	27
-0.0806393768978899	2.19739178172011	194
0.0510928760515701	1.75779473253385	194
-0.0643957325949098	2.22844901822502	339
0.0427689981646999	2.42694517339801	339
0.0644725115965299	2.48267355116102	322
-0.0869108439314199	2.19498266757501	243
0.0404854273422601	1.7573804658212	243
0.0375554717429698	1.77656511984412	459
-0.0883012796493201	2.2260651137846	87
0.0329411574337501	1.78765901257722	87
-0.09538316942426	2.2176990059689	87
0.0875161603127901	2.4953259977352	87
-0.0635926299383902	2.23572961246847	87
-0.0817958389632598	2.22860394511516	194
0.0321700747136799	1.78026665832039	194
0.0339188132078498	1.7713584790422	194
0.03902081768521	1.71465106998769	269
-0.0875060004944701	2.16709350303895	339
-0.0993143151034501	2.1767760147428	339
0.0207788026809901	1.75979169499821	339
0.0497665440841102	1.76363071170709	322
0.0323255944428902	1.75670721857387	61
0.0456854066424999	1.77956358080194	139
0.03915981323129	1.75680900096895	3
-0.09538316942426	2.2176990059689	450
-0.11716515075717	2.10341332003602	87
0.00973055556083002	1.73977878983205	87
-0.11770617483309	2.1122553981889	87
0.0795786479972498	2.49281849238842	87
0.03187546961848	1.76148966774296	87
-0.06973378688323	2.19089034991632	735
-0.0843710212728599	2.19428451089524	368
0.06537563213071	2.46247953498862	194
-0.0695378362622501	2.24067174909136	339
0.0233636365524901	1.73251178341482	339
0.0376974660276201	1.78825040842562	139
0.03595018693674	1.75966452644368	243
0.0696650459228998	2.41649753953614	139
0.07851648346786	2.4669648526832	459
-0.0941823619613702	2.18341623111065	87
-0.0792847495741	2.15260654164354	87
0.0233800876724799	1.75617268239177	87
0.0636145814957101	2.49060386759138	735
-0.0794375564119898	2.19453214730468	194
0.0442355365713598	1.72638089219338	339
0.0625624139354599	2.49919461207222	339
-0.0603309621336101	2.08620133867984	222
0.0401576221055899	1.77940352472172	459
-0.10891885252838	2.13357761396785	87
0.0404854273422601	1.7573804658212	87
-0.09278573970805	2.18550208077573	87
-0.08272042982632	2.17828279769687	224
0.0771249815688599	2.48172541058216	194
-0.0992396592256801	2.16876765491336	368
-0.07900668029033	2.18078582003819	194
-0.0778813040033701	2.20074278129223	27
0.08763691144275	2.46713829169816	194
-0.0738204591963299	2.20858777419354	139
0.0381202200528099	1.77866058288672	459
0.0355285837416801	1.79046075418453	87
-0.10185246833591	2.20046154651165	87
0.0275819478134101	1.76550976278697	194
-0.0953187217964002	2.15937199349325	114
0.0394443544659202	1.75058558517172	194
0.10650927689792	2.42096077332286	424
0.0309062376977201	1.73776947598698	339
-0.0747192629572999	2.21209775220896	339
-0.0855981674095099	2.15320658634134	322
-0.0837741373543701	2.20097265518492	459
0.0419106546060499	1.75812496591709	459
0.0229409804076899	1.7416336773842	459
0.0250062200768699	1.7627695206282	87
0.0346859298275599	1.76190632052241	87
0.0293239869881501	1.78591308132808	194
-0.0741298232637	2.20552372672451	194
0.0319488334234799	1.7618009739008	194
0.0379797404265201	1.77547626350938	194
-0.0707717399908998	2.20665698505197	424
0.0376974660276201	1.78825040842562	87
-0.0753331864557101	2.19548398424986	87
0.0269935765531999	1.74827210657584	604
-0.0900294372368098	2.20071127795272	224
-0.0953835107236198	2.15634553850784	735
0.0456854066424999	1.77956358080194	194
0.0245898330360799	1.76233303311063	579
-0.11230540640154	2.09263091741604	194
-0.0800386151750501	2.20079626154835	424
0.0542689472054998	2.41832514345123	3
0.00986929758719013	1.73553572597893	87
0.0239759002250199	1.75982344434879	735
0.0526013374252301	2.47213819193526	735
0.0321700747136799	1.78026665832039	194
-0.07983876928891	2.23258687400266	114
0.0267467240127202	1.76616704687936	114
-0.0760304874183699	2.19918159053359	194
0.00442247435587984	1.71272695085662	194
-0.10520872114032	2.11698997776157	194
-0.09100325225526	2.12819739032497	194
0.0802822524606599	2.46695270517171	424
-0.0967105232343499	2.15301073438569	424
-0.0763278831979402	2.20549215783501	424
-0.0825794867790402	2.15966994016448	339
0.0135210311175298	1.75012145464247	339
-0.0888974255394501	2.22674634620533	339
-0.0630980218624702	2.19029773940223	459
-0.0925761716965301	2.15096057241822	87
0.0297428279585601	1.78478163746822	735
0.0122903849650702	1.74284785118264	194
0.0271642451682101	1.7882009108053	579
0.0346859298275599	1.76190632052241	194
0.07104083646241	2.49272330053393	339
0.0581641575300602	2.47008994025086	339
0.0134669257795799	1.71021663539115	659
0.0673751756956902	2.49185312354057	87
-0.11394658133512	2.15994676253587	224
0.0321700747136799	1.78026665832039	114
0.0511047493926902	2.42635946450394	114
-0.0585099920138199	2.20610601897638	194
0.0214061082732901	1.77973211485229	368
-0.0880974869673699	2.17889167815536	27
-0.11577605446273	2.09620326820084	339
0.02890532830894	1.75624626442474	659
0.07072042394925	2.47002304312427	459
-0.0747316539027598	2.20677221749093	87
0.0353804858200699	1.76884300398295	87
0.03434163387301	1.77810209777096	87
0.0242158108929198	1.75552814484328	735
-0.0828790684990999	2.20222848049409	114
-0.0911815729307199	2.17948575191096	579
-0.0831769592747098	2.19239479957497	424
0.0231435162296498	1.73201404957501	459
0.0133666451088899	1.73522578079681	459
0.01566664095709	1.75278318538375	83
0.0297428279585601	1.78478163746822	368
0.0615007032485799	2.45021570942997	875
0.0368525129006998	1.74740043528758	194
0.0548305231550201	2.43062322724145	339
-0.0900294372368098	2.20071127795272	459
0.0243923631439298	1.72982905901667	459
0.0301618513472599	1.7539913146149	450
0.0355285837416801	1.79046075418453	87
-0.10155383867084	2.11708847391469	87
-0.0855469658614401	2.19442303617432	114
-0.10235430965686	2.16895791562	368
0.0271642451682101	1.7882009108053	875
-0.0714642485913202	2.19545761618567	339
0.0176813840873198	1.75776245721815	339
0.0376974660276201	1.78825040842562	459
-0.0951279028449701	2.16387818754677	87
0.00976151829739003	1.75162713601541	83
-0.0999406106415202	2.16586642208617	604
0.0551388316247499	2.43111838516879	735
-0.06626437821823	2.19025005277911	735
-0.09592512283032	2.17706928666735	114
0.0133146104208799	1.72552552793546	368
-0.0705580638472099	2.19262100847243	875
0.0355291255260601	1.73794437575311	194
-0.0760753663498699	2.23748565697813	194
-0.10533384769222	2.1481466060417	27
0.0271642451682101	1.7882009108053	339
0.0199363393006098	1.73202857255246	339
-0.07983876928891	2.23258687400266	339
0.0201909486624698	1.75096064138591	659
0.0351071647482701	1.7915886071351	87
-0.12074445606252	2.10407216702047	87
-0.0650699134809498	2.12180943352652	579
-0.0857196525125499	2.16630661886889	222
0.0218212603712402	1.75712836725798	139
0.0394443544659202	1.75058558517172	87
0.00986929758719013	1.73553572597893	87
-0.0822731385198301	2.2009764274933	114
0.0295797247395799	1.77747306964363	368
0.0293239869881501	1.78591308132808	654
0.00758511761751013	1.72123636760271	194
0.06641006952928	2.45780544483364	194
0.0041355331447499	1.72542030368589	339
0.0160405475504701	1.73830892918756	3
-0.11083528327843	2.18139747920068	3
0.08099990581443	2.49647407847151	735
0.0293239869881501	1.78591308132808	735
0.0383142749991201	1.75740754542839	735
0.04276402201039	1.76795651153876	194
-0.0953187217964002	2.15937199349325	875
0.0288457837775198	1.73025549485166	194
-0.0800588024269002	2.16107090102275	194
-0.11178593871813	2.14134784324112	243
-0.0748412039874302	2.17948937890134	243
0.0192543073591001	1.76044171960393	3
0.0233800876724799	1.75617268239177	459
-0.0804272074438899	2.19751599399505	87
-0.0908442561598402	2.17935180480089	87
-0.0721798691695099	2.19543949998298	114
0.0799711876923102	2.48014414334704	654
0.0325210682611301	1.76578903213022	194
0.0319488334234799	1.7618009739008	194
0.0133146104208799	1.72552552793546	339
0.05262005750581	2.46751965228659	339
0.02120031048115	1.72983895401708	339
0.0673751756956902	2.49185312354057	3
0.0271642451682101	1.7882009108053	459
0.0293239869881501	1.78591308132808	87
-0.0721055214228898	2.22980560590467	87
-0.0869108439314199	2.19498266757501	3
0.0127032534025902	1.72114002754028	87
0.0548305231550201	2.43062322724145	735
0.0351071647482701	1.7915886071351	735
0.0856393073864199	2.45226177819513	735
-0.10007020690824	2.17068710038756	368
-0.0857273407286199	2.18991886538812	579
0.0329411574337501	1.78765901257722	579
-0.0806320498716699	2.19292083776073	579
-0.0869108439314199	2.19498266757501	194
-0.10509093078347	2.10775365475357	27
0.0202653481211601	1.73855396176494	459
-0.0753331864557101	2.19548398424986	450
0.0742207877769698	2.49939918541876	87
-0.0860763243723302	2.19661880117931	87
-0.1133629844842	2.16096939549869	224
-0.08123984183863	2.18280264129373	735
0.0347646396389099	1.76862235817381	114
-0.08907933091754	2.18334635293331	579
0.0383142749991201	1.75740754542839	339
0.0293239869881501	1.78591308132808	339
0.0141715168613001	1.70836060617784	243
0.0372748970201702	1.78143272151952	459
0.0368525129006998	1.74740043528758	3
0.0325210682611301	1.76578903213022	87
-0.06248142472819	2.17944947446076	3
0.0526013374252301	2.47213819193526	368
0.0508483045405499	2.44431118673416	243
-0.0866783398440698	2.19725675403554	459
0.0131097064560501	1.74970222628579	3
-0.09687707123277	2.12524072933204	224
0.0665362785056098	2.41888235110974	114
-0.0669078571044901	2.19217523454478	194
0.0439338339165798	1.77998616645985	579
-0.11359529285894	2.12384762863133	579
0.0680032133106399	2.49125135826828	339
0.0237978584971401	1.77796058405828	3
0.0214061082732901	1.77973211485229	459
0.0477896288087001	2.4384095562983	419
0.0763881133900499	2.48187278219439	224
0.0333614298681701	1.76515449358433	735
-0.0996437734865401	2.10542474378674	735
0.0271642451682101	1.7882009108053	579
0.0199363393006098	1.73202857255246	339
0.0448329207419	1.73146440485931	222
0.01546623043073	1.75002074763643	459
0.0353804858200699	1.76884300398295	87
-0.09219317173112	2.15751839786991	114
0.0924211575277498	2.49292175502488	114
0.0192543073591001	1.76044171960393	368
0.00526081246017007	1.71937661870384	194
-0.0908442561598402	2.17935180480089	194
0.0263793569516499	1.77460351315333	194
0.0351071647482701	1.7915886071351	579
0.0658255945823401	2.49460786633063	424
0.02120031048115	1.72983895401708	339
0.0638167456033898	2.49975432521211	339
-0.0963223489076399	2.16345980202878	339
0.0456854066424999	1.77956358080194	459
-0.0939700050290901	2.15832027907111	87
-0.08861818485259	2.19283726808878	114
0.0166914912182299	1.73526139152412	368
0.0135210311175298	1.75012145464247	654
0.0358035991660999	1.74701746436338	654
-0.0727098292483901	2.23860087237001	194
0.0297428279585601	1.78478163746822	579
-0.07338553842889	2.1438860009257	579
-0.0635926299383902	2.23572961246847	194
0.0497665440841102	1.76363071170709	339
-0.07922670725298	2.18220438441168	419
-0.11126242133304	2.14335596480294	114
0.0317484045302998	1.78137918388793	654
-0.0866783398440698	2.19725675403554	579
-0.0985164338038702	2.18959728307512	459
0.0406263346128699	2.43869462679278	87
0.0640327015099502	2.45337946679529	3
0.00187444044546981	1.72276714370585	114
-0.0661650147091399	2.22946365317784	114
-0.0521458352420501	2.1836090545034	114
-0.10533384769222	2.1481466060417	368
0.04276402201039	1.76795651153876	194
0.0259602657669	1.77571958773482	194
0.0331901380664399	1.70518064080795	194
-0.0675751371751998	2.23654370139201	194
0.0235596179620199	1.76092025709296	194
0.0293239869881501	1.78591308132808	579
0.09841909808548	2.47156696909058	194
0.0209911359141102	1.75779269442633	424
-0.0763867276914199	2.19799249725621	424
0.0340508477813901	1.75187524986932	424
-0.10878271353569	2.15088066983835	339
0.0680032133106399	2.49125135826828	87
-0.11569678661623	2.12986887684406	87
0.0248294931372302	1.71785578916959	3
-0.0923511565230899	2.14477892724331	3
-0.0959095776473702	2.17958140749713	3
-0.0735115914751301	2.23050826433177	735
0.0355285837416801	1.79046075418453	654
-0.1044037658431	2.14814180228281	194
0.01525419835033	1.73146593555496	3
-0.0757187019716001	2.20425438226647	459
0.0329411574337501	1.78765901257722	3
-0.0922445510259999	2.21748304904581	87
-0.10419097785395	2.17462203994922	83
-0.0849676112847102	2.16198646092936	224
-0.0941969341975502	2.18803084594322	735
0.01566664095709	1.75278318538375	735
-0.05892218648395	2.1366194374675	103
0.01566664095709	1.75278318538375	114
0.0267467240127202	1.76616704687936	368
-0.0695378362622501	2.24067174909136	579
0.0372748970201702	1.78143272151952	194
-0.10753271659755	2.16376225967005	424
0.0245082958029199	1.72022869601732	424
0.0166914912182299	1.73526139152412	459
-0.0565535032675499	2.19442268678837	459
0.0329411574337501	1.78765901257722	459
0.01884046099436	1.76001338712733	459
0.0325210682611301	1.76578903213022	459
0.0355285837416801	1.79046075418453	3
0.0355285837416801	1.79046075418453	3
0.0297428279585601	1.78478163746822	3
-0.0806320498716699	2.19292083776073	735
-0.08547401075587	2.16862471188457	735
-0.0877246592328	2.18737222536446	735
0.0452590699275399	1.76798173252537	735
-0.0627313690098799	2.19437860685311	368
0.0471570078489401	1.76521195559602	194
0.0351071647482701	1.7915886071351	459
0.0381202200528099	1.77866058288672	459
0.03873695158777	1.77888244788449	459
0.0323753612060802	1.76072701078593	3
0.0214061082732901	1.77973211485229	87
0.05152184682228	1.76914236754964	3
-0.10593585776614	2.11708049527172	87
0.0128546066533701	1.73277326446805	83
-0.07983876928891	2.23258687400266	224
0.1010126037607	2.49796761403103	114
-0.0881699351006202	2.15951894805799	368
0.0283109907556001	1.75665915110651	194
0.0293239869881501	1.78591308132808	368
0.0235596179620199	1.76092025709296	194
0.0355285837416801	1.79046075418453	424
-0.0675751371751998	2.23654370139201	339
0.0745289532871398	2.45207436207346	3
0.0209911359141102	1.75779269442633	3
0.00973055556083002	1.73977878983205	3
-0.0675751371751998	2.23654370139201	459
0.0314854457773901	1.7594083641165	87
0.0541372186391298	1.75808298007436	44
0.0291613210305899	1.75395865945644	87
-0.0819560514881199	2.19471386701588	114
0.0360909509988501	1.74087384868574	114
-0.0753331864557101	2.19548398424986	194
-0.0962734338815801	2.13151864964227	194
0.0261436927025902	1.76649910992419	579
0.0459926999375999	1.762992208784	339
-0.0741298232637	2.20552372672451	339
0.0413332744902601	1.78556725644158	339
0.0297428279585601	1.78478163746822	459
-0.0852185976897601	2.11353047282959	450
0.0544047817753701	2.44829919448399	3
0.0235596179620199	1.76092025709296	3
-0.0993143151034501	2.1767760147428	44
-0.0610179993881999	2.23439550163403	87
-0.0984389384409501	2.14976411577921	114
-0.0815213827954002	2.13936631568277	114
0.06888419284873	2.44145906649016	114
0.0624743470017202	2.49351293364539	194
-0.0735115914751301	2.23050826433177	194
-0.0877131594202498	2.16297071297816	3
0.01777816209853	1.74164342306101	3
-0.0760753663498699	2.23748565697813	87
-0.0922445510259999	2.21748304904581	87
0.0372748970201702	1.78143272151952	194
0.0250062200768699	1.7627695206282	194
0.03595018693674	1.75966452644368	194
-0.0959095776473702	2.17958140749713	194
0.0325210682611301	1.76578903213022	339
0.0743338401192402	2.47939568731179	222
0.0346859298275599	1.76190632052241	3
-0.0992396592256801	2.16876765491336	3
-0.0688208230288101	2.19868013156239	44
0.0250062200768699	1.7627695206282	735
0.00739746474101999	1.7219798445643	654
0.01566664095709	1.75278318538375	194
-0.0896966842263498	2.19363399503027	424
-0.0747316539027598	2.20677221749093	339
-0.07313951034461	2.20373140699429	339
0.0214061082732901	1.77973211485229	222
0.07126316991571	2.48310372299207	459
-0.0892311138955599	2.18389096121593	3
0.0292737051071001	1.75868589440385	3
0.0124369916748202	1.75475715657275	419
0.00719336888182998	1.73244887992211	87
-0.0863471209092999	2.22599633974923	87
-0.0888109101396499	2.1882600345958	224
-0.09538316942426	2.2176990059689	114
-0.0973214434185299	2.15203914085489	194
-0.0837741373543701	2.20097265518492	194
0.0285446273183201	1.75613243556285	222
0.0181042707721599	1.75666097713263	243
0.0413332744902601	1.78556725644158	3
-0.0624900297549802	2.19694261614326	459
0.0141715168613001	1.70836060617784	459
0.0297428279585601	1.78478163746822	3
-0.0933780173908101	2.18615248911191	3
0.0423372444352399	1.76958095912024	3
-0.0597292663173601	2.18839749617765	419
-0.0896966842263498	2.19363399503027	224
-0.0864224369425202	2.18373633859404	103
0.0212205356105	1.75236126583843	114
-0.0694252857479301	2.16355579819705	194
0.0122903849650702	1.74284785118264	194
0.0716797166358099	2.45755258481451	424
0.0816644950383298	2.4416646013835	316
0.0313269185021898	1.75202678253973	316
0.0351071647482701	1.7915886071351	339
-0.0825962553362398	2.22453207137743	679
0.0155231625247101	1.75993793445774	459
0.0269935765531999	1.74827210657584	3
0.00761121531804987	1.73287489521067	3
0.0297428279585601	1.78478163746822	3
0.0145900855186198	1.7364930255418	3
-0.10176659623193	2.14882159108102	3
0.0649549498302799	2.46894734394058	424
0.01777816209853	1.74164342306101	3
0.0263793569516499	1.77460351315333	3
-0.0922341262701498	2.18341628600744	3
0.00986929758719013	1.73553572597893	419
0.0355285837416801	1.79046075418453	3
0.0302023266141198	1.73271096865215	3
-0.0922445510259999	2.21748304904581	735
-0.0780534080419102	2.1361359088402	114
-0.0735276942787899	2.19203675591683	194
0.0804017393180398	2.49622179638066	243
0.0695862345540999	2.48897521403541	3
0.00739746474101999	1.7219798445643	459
0.0297428279585601	1.78478163746822	3
0.0267467240127202	1.76616704687936	900
0.00360213306974	1.70468830631101	419
0.0381202200528099	1.77866058288672	114
-0.0637867316956102	2.22680837174723	103
0.0850959731727401	2.46931254580388	114
-0.08291611190411	2.19864261699355	194
-0.0804832594057801	2.19159122872094	194
0.0135210311175298	1.75012145464247	194
0.0263793569516499	1.77460351315333	339
0.0131097064560501	1.74970222628579	243
-0.0847265110275202	2.16812354522146	3
0.00454929941904991	1.72583626182616	3
0.03873695158777	1.77888244788449	3
-0.0622918421346101	2.19289668488717	3
0.0263793569516499	1.77460351315333	87
0.10036506443195	2.49086218238383	83
-0.0694203006318501	2.14694701732169	83
-0.0863843533888802	2.12551115607917	103
0.0156216909910998	1.73787599175762	114
0.0291593849257099	1.75584590970342	114
0.06872009211861	2.45639559558087	194
0.0372748970201702	1.78143272151952	194
-0.0747316539027598	2.20677221749093	194
-0.0784003004375902	2.19527246785453	194
-0.08291611190411	2.19864261699355	339
0.0417574770069198	1.75519593531386	243
-0.07560786282315	2.15014171222932	243
0.0341224328898102	1.75800966606099	679
-0.0984708150668401	2.15701165785901	459
0.0156216909910998	1.73787599175762	3
0.0355285837416801	1.79046075418453	3
0.0264877515364499	1.75085369635609	87
0.0910948861488099	2.48879187332121	83
0.0372748970201702	1.78143272151952	83
-0.10043530153886	2.14821828448243	114
-0.10830538012183	2.16520159938263	424
-0.06131434050707	2.1814431006639	316
-0.05709274982443	2.16544813458888	3
0.0192543073591001	1.76044171960393	44
0.0271642451682101	1.7882009108053	44
0.01566664095709	1.75278318538375	87
0.0508483045405499	2.44431118673416	224
-0.0936429355871602	2.16397848635961	114
0.0261436927025902	1.76649910992419	573
0.0351071647482701	1.7915886071351	573
0.0283109907556001	1.75665915110651	194
0.0293239869881501	1.78591308132808	424
-0.0967944616836198	2.17181570153037	424
0.00976151829739003	1.75162713601541	316
0.0319054284979501	1.76607996296772	316
0.0207788026809901	1.75979169499821	339
-0.0712519520455599	2.20803282823305	243
0.0407160795738002	1.74604602841344	3
0.0127032534025902	1.72114002754028	3
0.0377730086780002	1.74202666173085	3
0.0329411574337501	1.78765901257722	83
-0.10126264915906	2.19978164899911	735
-0.1044037658431	2.14814180228281	114
0.0567568834246002	1.72711879082648	114
-0.08035598170465	2.20535709456144	114
-0.08179589792028	2.18731290100131	114
-0.0896897773553702	2.15302524221143	573
0.06775373349419	2.49408378970377	194
0.0207788026809901	1.75979169499821	680
0.01525419835033	1.73146593555496	680
-0.0727098292483901	2.23860087237001	339
-0.0933780173908101	2.18615248911191	3
0.02890532830894	1.75624626442474	900
0.0333614298681701	1.76515449358433	419
0.0250062200768699	1.7627695206282	3
0.0351071647482701	1.7915886071351	87
0.0325210682611301	1.76578903213022	83
0.0435084722200898	1.78951797761964	194
-0.10163979687224	2.18125874100759	194
0.03369492932885	1.72506088764889	194
0.0158803250392801	1.75044711130464	316
0.0192543073591001	1.76044171960393	316
0.0267467240127202	1.76616704687936	329
-0.0967105232343499	2.15301073438569	900
0.0376974660276201	1.78825040842562	419
0.0349575576119001	1.7476040708216	83
-0.0612731344504698	2.18574206677138	114
-0.0800386151750501	2.20079626154835	194
0.0267467240127202	1.76616704687936	316
0.0289650440247602	1.74686640103219	339
0.0339188132078498	1.7713584790422	339
-0.0829708982501298	2.18423561763928	679
-0.0778813040033701	2.20074278129223	3
0.0218212603712402	1.75712836725798	459
0.00627961604148997	1.70770884021049	459
0.0180347805208601	1.76953980875816	3
0.0131097064560501	1.74970222628579	3
0.0302023266141198	1.73271096865215	44
-0.0812413423825298	2.13028390276854	114
0.0401576221055899	1.77940352472172	357
-0.09532748104855	2.14449337761224	357
-0.09278573970805	2.18550208077573	424
0.0435084722200898	1.78951797761964	339
0.0131097064560501	1.74970222628579	339
0.00401856198466	1.72538236633879	679
0.0245898330360799	1.76233303311063	3
0.0181981585142301	1.7630799900606	459
0.0317484045302998	1.78137918388793	459
0.0275819478134101	1.76550976278697	83
0.0691796050940599	2.45798111248313	224
0.01525419835033	1.73146593555496	680
0.0339188132078498	1.7713584790422	339
0.03187546961848	1.76148966774296	3
0.0245898330360799	1.76233303311063	459
0.01884046099436	1.76001338712733	3
-0.0888974255394501	2.22674634620533	83
0.0435084722200898	1.78951797761964	83
-0.0578998973508802	2.19997955868631	735
-0.08910056146971	2.19237400345168	114
0.10580717169054	2.43922621877749	573
-0.08000224746056	2.18475026330219	573
0.06872009211861	2.45639559558087	194
0.0214061082732901	1.77973211485229	270
0.0355285837416801	1.79046075418453	194
-0.10878271353569	2.15088066983835	424
0.0239759002250199	1.75982344434879	316
0.0325210682611301	1.76578903213022	339
-0.0712519520455599	2.20803282823305	339
-0.0808129161034699	2.10345504049324	679
0.0409092579785	1.78667105794429	459
0.0819572683589298	2.45313228514353	459
-0.0849625901125601	2.15657841706256	459
-0.0947901970301399	2.21701305543046	3
-0.0894484597766798	2.18449798017207	419
-0.08299422308537	2.20054097764017	224
0.0355285837416801	1.79046075418453	573
0.0293239869881501	1.78591308132808	357
0.03873695158777	1.77888244788449	424
0.0351071647482701	1.7915886071351	316
0.0371556669938702	1.75335838613405	525
0.0381202200528099	1.77866058288672	224
0.0134669257795799	1.71021663539115	224
-0.0591197815799198	2.20274192841998	194
0.0375554717429698	1.77656511984412	357
0.0410090379980201	1.73522572134976	424
0.0218212603712402	1.75712836725798	424
0.0317484045302998	1.78137918388793	316
0.04276402201039	1.76795651153876	339
0.0341224328898102	1.75800966606099	339
0.0423372444352399	1.76958095912024	459
0.0224346551343602	1.73394313923088	114
-0.0888109101396499	2.1882600345958	194
-0.07975045905444	2.1918121540872	424
0.0278861055995301	1.72354048062865	339
-0.0925797800605799	2.1940163536727	459
0.0239781122824598	1.76263870806536	459
0.0214061082732901	1.77973211485229	419
0.0261436927025902	1.76649910992419	419
0.0347646396389099	1.76862235817381	3
0.0271642451682101	1.7882009108053	83
-0.0894484597766798	2.18449798017207	288
0.03278545943517	1.73743550699326	224
0.0283109907556001	1.75665915110651	224
0.0376974660276201	1.78825040842562	114
-0.0753331864557101	2.19548398424986	114
-0.09220286211721	2.13318342422862	114
0.05238035702039	1.75329127816774	194
0.0267467240127202	1.76616704687936	194
-0.08000224746056	2.18475026330219	573
-0.0740118190571502	2.16029476800471	194
0.03455012489195	1.7646083652213	518
-0.0760508823914701	2.18225841785101	194
-0.0875590456064201	2.14656660501198	424
-0.0843514621469699	2.19484512314558	424
0.0844396582856599	2.45427693488236	424
-0.0933780173908101	2.18615248911191	424
-0.0656581542080001	2.20472253795711	424
0.0259602657669	1.77571958773482	339
0.0475838293867801	1.7358759546531	243
0.0158803250392801	1.75044711130464	679
0.0271642451682101	1.7882009108053	679
0.0289650440247602	1.74686640103219	3
0.0658255945823401	2.49460786633063	900
-0.0896897773553702	2.15302524221143	419
0.04308329735544	1.78273337554263	419
0.0206074801703799	1.74987860684014	419
0.0537037006027998	2.4379578297974	3
0.0417574770069198	1.75519593531386	419
-0.0825962553362398	2.22453207137743	270
0.0897248023125998	2.49536750383668	114
-0.0612731344504698	2.18574206677138	194
-0.0676109957027702	2.20869520247178	194
-0.0922341262701498	2.18341628600744	194
-0.0687886908314099	2.18307975417578	424
-0.0955251080408299	2.12917405220543	316
-0.0883012796493201	2.2260651137846	316
-0.12074445606252	2.10407216702047	339
0.0218212603712402	1.75712836725798	679
-0.0907394608507199	2.15299074297224	679
0.0154277695867999	1.70623830863385	459
-0.0829708982501298	2.18423561763928	900
0.0487196477309202	1.74570747634594	83
-0.0851219441989501	2.19656387831285	424
0.04032414532429	1.74028666625022	424
0.0609615084145698	2.48960705482023	424
0.03434163387301	1.77810209777096	424
0.0355948076196801	1.73194920953207	329
0.0609205237674901	2.43048683970178	339
0.0325210682611301	1.76578903213022	316
0.0381202200528099	1.77866058288672	316
0.0214061082732901	1.77973211485229	339
0.0419507117948199	1.72325213717992	339
-0.0610755090014998	2.20280125505285	459
-0.0837741373543701	2.20097265518492	419
0.0166914912182299	1.73526139152412	525
-0.0925797800605799	2.1940163536727	525
0.0319054284979501	1.76607996296772	83
0.0523688415524601	2.45746396438995	224
0.0239759002250199	1.75982344434879	194
0.0118776946148702	1.72176583860569	424
0.0456854066424999	1.77956358080194	194
0.0329411574337501	1.78765901257722	316
0.0355285837416801	1.79046075418453	316
-0.0894288909360501	2.19209615715066	316
0.0680032133106399	2.49125135826828	316
0.0691796050940599	2.45798111248313	339
0.0293239869881501	1.78591308132808	339
0.0214061082732901	1.77973211485229	679
0.0351071647482701	1.7915886071351	459
-0.10798339365594	2.11304376434746	459
0.0180347805208601	1.76953980875816	3
0.0180347805208601	1.76953980875816	419
0.0321700747136799	1.78026665832039	44
-0.05728949732256	2.18332692384031	525
0.0313269185021898	1.75202678253973	662
0.0239759002250199	1.75982344434879	114
-0.0979251732863302	2.21092118877332	573
0.0239781122824598	1.76263870806536	424
0.0785998368878298	2.47357676326071	424
0.0963885811080498	2.4857088071604	424
-0.0996623492903499	2.18575522536914	680
0.0293239869881501	1.78591308132808	316
0.0497665440841102	1.76363071170709	679
0.0231435162296498	1.73201404957501	679
-0.0750370978115802	2.19854206185994	459
0.02355553368831	1.74135916114039	459
0.0307768748439399	1.75859398683312	459
0.0471570078489401	1.76521195559602	419
0.0233800876724799	1.75617268239177	419
0.0329411574337501	1.78765901257722	419
0.0210241924152399	1.72021946722123	419
-0.0766808373532002	2.19886891537901	419
0.0347646396389099	1.76862235817381	83
-0.07718663471235	2.19243284649007	299
-0.0837945935133102	2.21422928381119	103
0.0166914912182299	1.73526139152412	114
0.0190627005144801	1.72426736028144	114
-0.0539114047223399	2.16762821605796	114
-0.0465545869926198	2.08568113295429	194
0.04380846178934	1.75539422267084	194
0.03854315922564	1.74332033436954	194
-0.0916319569489201	2.19005865409208	424
-0.09538316942426	2.2176990059689	316
0.0107925614343301	1.70719801853658	316
-0.0750741617026698	2.15808047342153	316
0.0271642451682101	1.7882009108053	339
0.0487196477309202	1.74570747634594	339
0.0207788026809901	1.75979169499821	679
0.0180347805208601	1.76953980875816	459
0.0192543073591001	1.76044171960393	419
0.03278545943517	1.73743550699326	419
-0.10294173684308	2.14843214497578	525
0.0404854273422601	1.7573804658212	424
-0.0794375564119898	2.19453214730468	316
-0.0813485903362801	2.18130880216885	316
0.0271642451682101	1.7882009108053	316
0.03369492932885	1.72506088764889	339
-0.0888974255394501	2.22674634620533	339
0.0224346551343602	1.73394313923088	459
0.0623345641399999	2.4093094261493	459
0.0233800876724799	1.75617268239177	459
0.0381202200528099	1.77866058288672	419
0.03854315922564	1.74332033436954	419
0.0267467240127202	1.76616704687936	419
0.0351071647482701	1.7915886071351	419
0.0120195581054201	1.73341175575919	419
0.0722522689526501	2.46455163065367	943
0.0158803250392801	1.75044711130464	224
0.0281243939184201	1.74953270237886	224
-0.0654584377126799	2.15986407396645	224
-0.09650014466254	2.15897234072283	316
0.0123338219158802	1.73234630225228	339
0.0461119310193201	1.7779184374033	459
-0.0734757432919801	2.15228442816915	3
0.0235596179620199	1.76092025709296	3
-0.00116845749235983	1.69876540603247	419
0.0250062200768699	1.7627695206282	525
0.0301618513472599	1.7539913146149	194
0.0293239869881501	1.78591308132808	114
-0.07066466467057	2.16965569459514	114
-0.07983876928891	2.23258687400266	424
0.04276402201039	1.76795651153876	194
0.05450830616563	2.46071001584098	424
-0.0765793483117401	2.17557079748776	424
0.00442247435587984	1.71272695085662	424
0.00443517165818008	1.7040754097456	316
-0.09865024515054	2.1410711632041	316
-0.07808492280193	2.17001859174413	316
-0.0806105670984101	2.17041119966528	316
0.0156216909910998	1.73787599175762	679
0.00454929941904991	1.72583626182616	459
0.0239759002250199	1.75982344434879	459
0.00627961604148997	1.70770884021049	3
-0.0642013494073401	2.22424234166707	419
0.0295797247395799	1.77747306964363	419
0.0885206371165999	2.47988463597727	419
-0.0790924219701199	2.188126674873	44
0.00739746474101999	1.7219798445643	486
0.0184501814026801	1.74719372001359	7
0.00187411758690015	1.70972654442378	662
0.0297018151981501	1.75761129265505	114
0.0510928760515701	1.75779473253385	114
-0.11772289188102	2.12541676903785	194
0.0323753612060802	1.76072701078593	424
0.0439338339165798	1.77998616645985	424
0.0101421275090199	1.74019612353105	316
0.0245898330360799	1.76233303311063	316
0.0135210311175298	1.75012145464247	316
0.0372748970201702	1.78143272151952	316
0.0439338339165798	1.77998616645985	679
0.0297769595506798	1.75418553103217	679
0.00772073509995996	1.71141901723628	679
-0.08119620341331	2.19972173150415	459
0.0255413569551299	1.7463830158366	459
0.0181981585142301	1.7630799900606	419
0.0325210682611301	1.76578903213022	419
0.0325919291812902	1.74981757796973	814
0.0543498741710402	2.41466811466914	270
0.0128546066533701	1.73277326446805	194
-0.0650516281279798	2.2081080225941	114
0.0271827872173098	1.72326050950278	424
0.0218212603712402	1.75712836725798	424
0.0288457837775198	1.73025549485166	424
0.0269935765531999	1.74827210657584	424
0.0267467240127202	1.76616704687936	316
-0.0910294892108299	2.18153360624748	3
0.00401856198466	1.72538236633879	459
0.0041355331447499	1.72542030368589	419
0.00526081246017007	1.71937661870384	419
0.0355285837416801	1.79046075418453	270
-0.0654584377126799	2.15986407396645	316
-0.0650516281279798	2.2081080225941	316
0.0250062200768699	1.7627695206282	679
0.0300002478974299	1.7552238264429	679
0.0431909874642402	1.7535580640454	419
-0.0825962553362398	2.22453207137743	419
-0.0963223489076399	2.16345980202878	419
0.0355285837416801	1.79046075418453	44
0.0317484045302998	1.78137918388793	525
0.00758511761751013	1.72123636760271	486
0.0381202200528099	1.77866058288672	424
-0.10814118337708	2.11331721871787	424
0.0317484045302998	1.78137918388793	424
0.0297428279585601	1.78478163746822	424
-0.10438841212174	2.20001723243838	316
-0.0733251963364201	2.19334203077885	316
-0.0896565578392399	2.17747319504746	316
0.0245898330360799	1.76233303311063	316
0.0263793569516499	1.77460351315333	339
0.0333614298681701	1.76515449358433	339
0.0534196358569301	1.71779739645607	339
0.0465386431905901	1.76335665313056	679
-0.0741298232637	2.20552372672451	679
0.0291613210305899	1.75395865945644	459
0.0233800876724799	1.75617268239177	459
0.0202653481211601	1.73855396176494	419
0.0216371718583201	1.75279571838875	83
-0.08959604302862	2.18168934198514	299
0.0325919291812902	1.74981757796973	518
-0.10066976712992	2.17455240275299	224
-0.0727098292483901	2.23860087237001	424
0.0134669257795799	1.71021663539115	424
-0.0869478505643699	2.11214746469643	339
0.06762158995596	2.39999115312498	679
0.0297428279585601	1.78478163746822	679
0.0443593825766699	1.74484134897789	459
0.0319054284979501	1.76607996296772	419
0.0293239869881501	1.78591308132808	419
0.0353804858200699	1.76884300398295	419
0.0213928188091002	1.73388902301766	419
0.0351071647482701	1.7915886071351	419
0.0259602657669	1.77571958773482	419
0.0464564497883702	2.42698608739298	419
-0.0707717399908998	2.20665698505197	419
0.0218142493097	1.73432892569101	44
0.0413332744902601	1.78556725644158	44
-0.10714072486607	2.15784029048864	44
0.0275819478134101	1.76550976278697	224
0.0624743470017202	2.49351293364539	194
-0.0718618922757099	2.20463957597238	424
0.0882943559339999	2.4735641451367	424
0.01566664095709	1.75278318538375	424
0.0355285837416801	1.79046075418453	680
-0.0855469658614401	2.19442303617432	316
0.0235596179620199	1.76092025709296	316
0.0401576221055899	1.77940352472172	316
0.0197745977661699	1.72237297404297	316
0.0625624139354599	2.49919461207222	679
0.0265676086317099	1.76540184055778	3
0.0465386431905901	1.76335665313056	459
0.0470092621742202	1.69729208781276	459
0.0166914912182299	1.73526139152412	419
0.0375554717429698	1.77656511984412	419
0.01566664095709	1.75278318538375	44
0.0271642451682101	1.7882009108053	525
0.0748553934351599	2.49032776109231	194
0.0235596179620199	1.76092025709296	424
0.0285446273183201	1.75613243556285	424
-0.0735115914751301	2.23050826433177	316
-0.11888783256859	2.06869900664639	316
0.0730982921345	2.47581663908259	316
-0.0790924219701199	2.188126674873	316
0.01500883638476	1.73542556969229	339
-0.0863471209092999	2.22599633974923	679
0.0176813840873198	1.75776245721815	459
0.0271642451682101	1.7882009108053	459
-0.0894484597766798	2.18449798017207	419
0.0297428279585601	1.78478163746822	419
0.01546623043073	1.75002074763643	419
-0.06707809777867	2.15713423852575	525
-0.08515166332608	2.22401427600593	662
0.0239759002250199	1.75982344434879	224
-0.0713750464990302	2.20001164495907	114
0.0313269185021898	1.75202678253973	194
0.0448329207419	1.73146440485931	194
0.00627961604148997	1.70770884021049	424
-0.07560786282315	2.15014171222932	424
-0.0707717399908998	2.20665698505197	316
-0.0837741373543701	2.20097265518492	316
-0.0837741373543701	2.20097265518492	316
0.03518783063552	1.73367570156146	339
0.0445186076284898	1.73953426295458	3
-0.12288613811064	2.12072750910526	459
0.01500883638476	1.73542556969229	459
0.0101421275090199	1.74019612353105	419
0.0297428279585601	1.78478163746822	525
-0.08515166332608	2.22401427600593	662
0.0746993974727301	2.45588229436166	114
0.0295797247395799	1.77747306964363	424
0.0325210682611301	1.76578903213022	424
0.0261436927025902	1.76649910992419	316
-0.0790924219701199	2.188126674873	339
0.00454929941904991	1.72583626182616	679
0.0359490180144002	2.36322033283869	459
0.0243923631439298	1.72982905901667	419
0.0614088321159598	2.47039439887346	44
0.0301618513472599	1.7539913146149	814
-0.10419097785395	2.17462203994922	224
-0.0653068030373301	2.20269609227115	224
0.0102855994626898	1.7359606377124	424
0.0409092579785	1.78667105794429	424
0.0351071647482701	1.7915886071351	316
-0.07923798471559	2.2395032594901	339
0.0218212603712402	1.75712836725798	459
0.0259602657669	1.77571958773482	459
0.0439338339165798	1.77998616645985	3
0.0715612175722602	2.49162375094397	419
-0.04741756625834	2.16844067393151	525
0.0353804858200699	1.76884300398295	299
0.0118776946148702	1.72176583860569	224
-0.0864224369425202	2.18373633859404	114
-0.0880785681823801	2.18265286579734	357
-0.07391754608155	2.1985914234513	194
0.0413332744902601	1.78556725644158	424
0.0181981585142301	1.7630799900606	424
-0.0953187217964002	2.15937199349325	680
-0.0863471209092999	2.22599633974923	316
-0.0837741373543701	2.20097265518492	316
-0.0914455089262498	2.21591565722839	316
0.0379797404265201	1.77547626350938	339
0.0319488334234799	1.7618009739008	456
0.0218212603712402	1.75712836725798	679
0.0293239869881501	1.78591308132808	679
-0.0941823619613702	2.18341623111065	459
0.0135210311175298	1.75012145464247	3
0.0314854457773901	1.7594083641165	419
0.0120195581054201	1.73341175575919	419
-0.0721356509322	2.18221102133604	83
-0.0638376686992901	2.18508562697836	114
0.0293239869881501	1.78591308132808	424
-0.09687707123277	2.12524072933204	424
0.0292737051071001	1.75868589440385	316
0.04497720533106	1.73471190110923	316
0.0271642451682101	1.7882009108053	459
0.0313269185021898	1.75202678253973	3
-0.0863153946884698	2.19433697522685	44
0.0271642451682101	1.7882009108053	44
0.0166914912182299	1.73526139152412	233
0.0201909486624698	1.75096064138591	424
0.0329411574337501	1.78765901257722	424
0.10846546909895	2.47892009297988	424
0.0375849056890099	1.73918517583851	424
-0.0837741373543701	2.20097265518492	316
0.0158803250392801	1.75044711130464	316
-0.0782956402276298	2.1936633058486	316
0.03106564615392	1.72611892262242	679
0.0329411574337501	1.78765901257722	679
-0.06298360676944	2.23447083074776	459
0.0355285837416801	1.79046075418453	459
-0.0933780173908101	2.18615248911191	459
0.0476926333660002	2.37518495833835	459
0.0641228081910299	2.46191179188709	459
-0.08515166332608	2.22401427600593	459
0.03873695158777	1.77888244788449	419
0.0207788026809901	1.75979169499821	419
0.0269935765531999	1.74827210657584	424
0.0304800066114601	1.72667857421061	316
-0.07808492280193	2.17001859174413	316
0.0133146104208799	1.72552552793546	316
0.0456166548633101	1.72770053924491	316
0.02890532830894	1.75624626442474	316
0.01884046099436	1.76001338712733	459
0.03434163387301	1.77810209777096	459
0.01566664095709	1.75278318538375	459
0.00986929758719013	1.73553572597893	419
-0.0837741373543701	2.20097265518492	419
-0.09317858790383	2.19466691848917	525
0.0541372186391298	1.75808298007436	525
-0.0665621626741602	2.20183022745929	194
-0.10438841212174	2.20001723243838	424
0.04308329735544	1.78273337554263	316
0.0109669118149101	1.73097006899876	316
0.0269935765531999	1.74827210657584	316
0.11185835838786	2.478527875925	316
0.0398908443580299	1.7418502956899	339
0.0372748970201702	1.78143272151952	679
0.0275819478134101	1.76550976278697	3
0.0700038325344501	2.48491327201271	459
0.0347646396389099	1.76862235817381	3
0.03873695158777	1.77888244788449	419
-0.0984389384409501	2.14976411577921	419
-0.0947901970301399	2.21701305543046	103
0.0239759002250199	1.75982344434879	194
-0.11025000240326	2.16079495917658	424
-0.0967305474512599	2.1535728583145	316
-0.0643957325949098	2.22844901822502	316
-0.0928389502104698	2.21063021871412	316
0.0439338339165798	1.77998616645985	316
0.03854315922564	1.74332033436954	339
-0.0772812190979799	2.20743312138224	459
0.0209911359141102	1.75779269442633	459
0.0120195581054201	1.73341175575919	459
0.02741277359286	1.74871357249702	459
-0.09726972693415	2.14649575642569	419
-0.10612968170712	2.16890390847285	419
0.0339771579665298	1.71498736505891	525
-0.0571644619857898	2.17771094966417	525
-0.0900294372368098	2.20071127795272	114
0.0368525129006998	1.74740043528758	424
0.0237978584971401	1.77796058405828	424
0.0191408354892002	1.73126393384282	316
0.0910948861488099	2.48879187332121	316
-0.09310621491493	2.12417589976297	316
0.0401576221055899	1.77940352472172	316
0.0339188132078498	1.7713584790422	316
0.0259602657669	1.77571958773482	316
0.0269935765531999	1.74827210657584	679
0.0409092579785	1.78667105794429	679
0.0293239869881501	1.78591308132808	459
0.0382021681037199	1.74100313605523	419
0.0381202200528099	1.77866058288672	419
-0.0661650147091399	2.22946365317784	44
-0.0979251732863302	2.21092118877332	44
0.0231435162296498	1.73201404957501	44
0.01525419835033	1.73146593555496	357
-0.0823951787686998	2.22927216582941	424
-0.06424564198882	2.19792691652937	316
0.0321700747136799	1.78026665832039	316
0.0439338339165798	1.77998616645985	316
0.03595018693674	1.75966452644368	679
0.03873695158777	1.77888244788449	459
0.0302023266141198	1.73271096865215	419
-0.0708940603838699	2.17977788681033	419
-0.11119660832714	2.14236459147571	419
0.0465386431905901	1.76335665313056	419
0.0376974660276201	1.78825040842562	288
-0.0737501618890502	2.2003465956759	224
0.0658255945823401	2.49460786633063	424
0.0797770287886799	2.47108728110648	316
0.0120195581054201	1.73341175575919	316
0.0351071647482701	1.7915886071351	316
0.01884046099436	1.76001338712733	339
-0.08574953927124	2.23291042965255	679
0.0214061082732901	1.77973211485229	679
-0.0961196911235298	2.14474481759021	459
0.0752451837186698	2.47349434263903	459
0.0649904590143202	2.44337110837178	459
-0.0837945935133102	2.21422928381119	518
0.03873695158777	1.77888244788449	103
0.0303579279806501	1.75815043047727	424
-0.10494448365868	2.14045707736386	316
0.0523318321412498	2.42689495454286	459
-0.0877131594202498	2.16297071297816	3
0.0159449011820998	1.73792538964343	419
0.0407160795738002	1.74604602841344	419
-0.0835678056092699	2.16381631668682	419
-0.0708574756600902	2.18219486541049	114
-0.0733251963364201	2.19334203077885	424
0.0638501011707602	2.45233146068837	329
0.0314854457773901	1.7594083641165	329
0.0265676086317099	1.76540184055778	316
-0.0916498601864899	2.20866044907652	316
0.0297428279585601	1.78478163746822	339
-0.0922341262701498	2.18341628600744	3
-0.0888974255394501	2.22674634620533	459
-0.10567721111368	2.1346390703711	459
-0.0811944118769699	2.19393480168303	3
0.0131097064560501	1.74970222628579	419
-0.0909603811219699	2.1014107131736	419
-0.0982305446136502	2.09893205228255	419
-0.10673993563082	2.14473745139449	419
0.07893878918861	2.441657239156	419
-0.0804272074438899	2.19751599399505	83
-0.0676109957027702	2.20869520247178	424
0.0451367803412301	1.72391701247475	3
0.0265676086317099	1.76540184055778	459
-0.08621022369723	2.14996291224417	459
0.0275819478134101	1.76550976278697	419
0.0329411574337501	1.78765901257722	316
0.0730251945074198	2.46918335895308	316
0.04786407796019	1.74916226167184	339
-0.10546365936063	2.14202218711287	419
-0.0744529026346799	2.13391120712752	83
0.0289650440247602	1.74686640103219	224
-0.1073331121445	2.14371533569931	424
-0.0965224703368102	2.18561411325701	424
0.0372771908516198	1.73902577863196	424
0.0382021681037199	1.74100313605523	194
0.0334961775135598	1.73770123232882	329
0.00145913899247985	1.72235009863593	419
-0.0624900297549802	2.19694261614326	224
0.0325210682611301	1.76578903213022	114
0.0355285837416801	1.79046075418453	357
0.04029198527908	1.76036913034791	424
-0.0959758516297202	2.188896580578	424
-0.11119660832714	2.14236459147571	424
-0.11280212206322	2.13218356156737	419
-0.0772812190979799	2.20743312138224	419
0.0576048825916899	2.44275128237734	419
-0.0747172205970799	2.19319046197293	424
0.0545677440844301	1.75143766236567	3
-0.07391754608155	2.1985914234513	114
0.0545677440844301	1.75143766236567	424
0.0156216909910998	1.73787599175762	424
-0.0876784516067999	2.1860308610281	3
0.0461119310193201	1.7779184374033	419
-0.0936429355871602	2.16397848635961	194
-0.0741298232637	2.20552372672451	680
-0.0739270500746398	2.19395544708468	679
-0.07983876928891	2.23258687400266	103
0.0729500603629201	2.44567278473026	424
-0.0874768728681801	2.19391168056538	316
0.0128546066533701	1.73277326446805	3
-0.09278573970805	2.18550208077573	44
0.0237978584971401	1.77796058405828	525
0.04933855494235	1.77287408526635	224
-0.09278573970805	2.18550208077573	114
0.0624743470017202	2.49351293364539	22
-0.0760753663498699	2.23748565697813	316
0.00986929758719013	1.73553572597893	316
0.0218212603712402	1.75712836725798	316
-0.0900421868027599	2.16392864560865	679
-0.06696790715081	2.24003660021191	594
-0.0843710212728599	2.19428451089524	3
-0.0860763243723302	2.19661880117931	525
0.0545677440844301	1.75143766236567	114
-0.0894484597766798	2.18449798017207	114
-0.1032234011326	2.17077574686102	194
-0.0900294372368098	2.20071127795272	679
0.0355285837416801	1.79046075418453	459
-0.0988653865831299	2.1504107135357	594
0.00772073509995996	1.71141901723628	525
0.0542154064603801	2.4311981625544	525
0.0218212603712402	1.75712836725798	22
0.0319488334234799	1.7618009739008	316
-0.0967105232343499	2.15301073438569	679
0.0224346551343602	1.73394313923088	3
-0.0765793483117401	2.17557079748776	3
0.0237978584971401	1.77796058405828	114
0.0238935661948001	1.76226593184663	194
0.0135210311175298	1.75012145464247	459
0.0711100151211102	2.49227686126913	3
0.0214061082732901	1.77973211485229	3
0.0301618513472599	1.7539913146149	3
-0.0896565578392399	2.17747319504746	316
-0.0876784516067999	2.1860308610281	491
-0.0843710212728599	2.19428451089524	459
-0.0979251732863302	2.21092118877332	3
0.0119135175827201	1.73341440534533	3
0.0245898330360799	1.76233303311063	594
-0.0668451258872498	2.16634166609734	44
0.0435084722200898	1.78951797761964	559
-0.0715765856621702	2.19881206389729	424
-0.0760304874183699	2.19918159053359	424
-0.11359529285894	2.12384762863133	316
0.0407160795738002	1.74604602841344	459
0.03986807695415	1.76198366427652	459
0.04933855494235	1.77287408526635	459
0.03434163387301	1.77810209777096	3
-0.10487764009837	2.14303007492414	594
0.01884046099436	1.76001338712733	594
0.0158803250392801	1.75044711130464	627
0.0291613210305899	1.75395865945644	114
-0.0984389384409501	2.14976411577921	424
0.00739746474101999	1.7219798445643	424
-0.0872800574299499	2.16938580727228	491
-0.0871260836105101	2.17890187294104	131
0.00973055556083002	1.73977878983205	491
0.0102855994626898	1.7359606377124	316
0.0346859298275599	1.76190632052241	3
0.0678373025668999	2.48705457365674	679
0.0293239869881501	1.78591308132808	459
-0.0908442561598402	2.17935180480089	459
0.0239781122824598	1.76263870806536	459
-0.0951372542194902	2.19019825651432	525
0.06627023674125	2.46569427753182	114
0.0250062200768699	1.7627695206282	22
-0.11067097717667	2.16389033926813	491
0.0304800066114601	1.72667857421061	679
-0.10533384769222	2.1481466060417	3
0.0109669118149101	1.73097006899876	459
0.0109669118149101	1.73097006899876	459
0.0120195581054201	1.73341175575919	3
0.0549653449451699	2.44053546638646	3
-0.0753331864557101	2.19548398424986	525
0.04276402201039	1.76795651153876	114
0.10851962344762	2.48840353865149	3
0.0680032133106399	2.49125135826828	525
-0.0429739452440199	2.14964125466831	20
-0.0837741373543701	2.20097265518492	103
-0.08492208546182	2.16638907713488	114
0.0295797247395799	1.77747306964363	114
-0.08299422308537	2.20054097764017	114
0.0176813840873198	1.75776245721815	114
-0.0885978115692998	2.12197068475043	424
0.0267467240127202	1.76616704687936	424
0.0367266178461101	1.75496238919636	424
-0.1032855037571	2.15510366876951	424
0.0155231625247101	1.75993793445774	459
0.0321700747136799	1.78026665832039	220
-0.0894484597766798	2.18449798017207	20
0.0664588769261698	2.47276973788531	559
-0.07737714820338	2.15523569869449	22
-0.0572168713674	2.23098112646978	424
-0.07070662664005	2.14048382092876	679
0.0234680776512102	1.76336385484048	459
0.0333614298681701	1.76515449358433	459
0.0214061082732901	1.77973211485229	594
0.0239759002250199	1.75982344434879	3
0.0351071647482701	1.7915886071351	525
0.0349780054687701	1.75533338940532	559
0.0158803250392801	1.75044711130464	559
0.0066945059186998	1.72845592564377	103
0.02890532830894	1.75624626442474	424
-0.08091459555845	2.17650995300992	424
-0.10053256649377	2.14549094361083	316
0.0293239869881501	1.78591308132808	131
-0.0837741373543701	2.20097265518492	491
0.0203574789970999	1.76089251568796	3
0.10506175970068	2.49761247883721	459
0.0255413569551299	1.7463830158366	459
0.00526081246017007	1.71937661870384	459
-0.0843710212728599	2.19428451089524	559
0.0197745977661699	1.72237297404297	357
0.0259602657669	1.77571958773482	424
0.0319054284979501	1.76607996296772	903
0.0510928760515701	1.75779473253385	194
0.0319054284979501	1.76607996296772	424
-0.0794375564119898	2.19453214730468	424
-0.0869108439314199	2.19498266757501	424
-0.0702915406308202	2.15210448978525	491
-0.0454578703853001	2.13130994455449	491
-0.08442378581237	2.10133051378041	459
0.0409092579785	1.78667105794429	220
0.0355285837416801	1.79046075418453	3
-0.0896897773553702	2.15302524221143	518
0.0471570078489401	1.76521195559602	224
-0.09711952382245	2.17896240893794	559
0.0372748970201702	1.78143272151952	114
-0.1024419999343	2.17196310695592	22
0.0269935765531999	1.74827210657584	424
0.0271642451682101	1.7882009108053	491
0.0172586825180101	1.72897293710462	459
0.0301618513472599	1.7539913146149	220
0.0237978584971401	1.77796058405828	3
-0.10866424646681	2.16841526152372	525
-0.10866424646681	2.16841526152372	525
0.0447507021254001	1.73107324903935	224
0.00401856198466	1.72538236633879	224
0.0417574770069198	1.75519593531386	22
0.0293239869881501	1.78591308132808	424
0.0300002478974299	1.7552238264429	424
0.0260609152859099	1.76016525034169	679
0.0271642451682101	1.7882009108053	679
0.0351071647482701	1.7915886071351	3
0.03434163387301	1.77810209777096	459
-0.07923798471559	2.2395032594901	459
0.01566664095709	1.75278318538375	459
0.0407160795738002	1.74604602841344	103
0.00758511761751013	1.72123636760271	22
0.0416400091029501	1.71397492530475	194
0.0545677440844301	1.75143766236567	194
0.0564892672661301	2.4425805222889	674
-0.08574953927124	2.23291042965255	491
0.0131097064560501	1.74970222628579	3
0.00627961604148997	1.70770884021049	594
0.0904696765653599	2.43957523261092	525
-0.0816669074738798	2.18747815762777	559
0.0351071647482701	1.7915886071351	103
0.0405832365282302	1.76998070490232	559
0.0315224932492102	1.73329756811054	114
-0.11519484694522	2.11588126129043	114
0.01852734270259	1.72678252914628	114
0.0355285837416801	1.79046075418453	459
0.0214061082732901	1.77973211485229	459
0.0257199625605802	1.73761978806267	224
-0.0925777487553399	2.18956447375907	114
0.0816030812455399	2.47857031874125	22
0.0784047889949799	2.46216196291391	424
0.00973055556083002	1.73977878983205	424
0.0297428279585601	1.78478163746822	424
0.0401576221055899	1.77940352472172	131
0.0239781122824598	1.76263870806536	679
0.03873695158777	1.77888244788449	459
0.00973055556083002	1.73977878983205	525
0.0267467240127202	1.76616704687936	22
0.0445517348778699	1.75594809982774	22
-0.0738204591963299	2.20858777419354	424
0.0409092579785	1.78667105794429	424
0.09035155589017	2.40127576348237	424
-0.0774400313327202	2.13932272411978	194
0.0768829484120799	2.49259109426828	606
0.0317484045302998	1.78137918388793	491
0.0271642451682101	1.7882009108053	203
0.0292737051071001	1.75868589440385	679
-0.0637057106287302	2.17354028802552	459
0.0420337687257599	2.41668051901727	525
0.0128546066533701	1.73277326446805	525
0.0245898330360799	1.76233303311063	525
0.00772073509995996	1.71141901723628	7
-0.0930472549510801	2.13190631604402	559
0.0461119310193201	1.7779184374033	424
0.03448148843882	1.75026995225613	424
0.0192543073591001	1.76044171960393	459
0.0134669257795799	1.71021663539115	459
-0.08717899075025	2.13750047698757	600
0.0673751756956902	2.49185312354057	22
0.0351071647482701	1.7915886071351	22
-0.11452128018184	2.13025810524794	424
0.06574905408656	2.48535557129611	491
0.0738001966837398	2.49392925855252	131
-0.0804272074438899	2.19751599399505	131
0.0267467240127202	1.76616704687936	131
0.0192543073591001	1.76044171960393	679
-0.0957252728604301	2.18410821842038	525
-0.11822171716009	2.12935411958972	518
0.0259602657669	1.77571958773482	424
0.0267467240127202	1.76616704687936	220
-0.0866564342857301	2.16382688440376	3
-0.11510917645386	2.15022383653255	224
-0.0837741373543701	2.20097265518492	114
-0.08574953927124	2.23291042965255	424
-0.06821605976846	2.20992936027505	3
-0.0902925141061601	2.18232367165102	44
0.0158803250392801	1.75044711130464	525
0.0680032133106399	2.49125135826828	424
-0.10750885780509	2.17217361689465	21
0.0405832365282302	1.76998070490232	459
0.0218142493097	1.73432892569101	459
0.01884046099436	1.76001338712733	459
0.0441264512939901	1.73525393170296	3
0.0209911359141102	1.75779269442633	3
0.00976151829739003	1.75162713601541	220
0.0166914912182299	1.73526139152412	3
-0.00157970706893007	1.69835984709154	224
0.0506640946538401	1.7220164128471	114
0.0439338339165798	1.77998616645985	424
0.03902081768521	1.71465106998769	424
-0.0784003004375902	2.19527246785453	424
-0.0935578087312798	2.18567641074681	424
0.0231435162296498	1.73201404957501	424
0.00758511761751013	1.72123636760271	316
0.0397654731094299	1.72203906623277	3
0.0192543073591001	1.76044171960393	459
0.0307768748439399	1.75859398683312	3
0.00627961604148997	1.70770884021049	224
-0.0978755973003498	2.15472649229313	559
-0.0875013178940902	2.17993288356796	22
0.0135210311175298	1.75012145464247	424
-0.08035598170465	2.20535709456144	424
0.0245898330360799	1.76233303311063	606
0.0329411574337501	1.78765901257722	131
0.0372748970201702	1.78143272151952	3
-0.11772289188102	2.12541676903785	131
0.0469370217530201	1.6996193883282	459
0.0243923631439298	1.72982905901667	459
0.0239759002250199	1.75982344434879	459
-0.0723027209996401	2.20669341353288	224
-0.0876784516067999	2.1860308610281	559
-0.0610755090014998	2.20280125505285	559
-0.0900294372368098	2.20071127795272	22
-0.0831955721953799	2.22583389898171	424
0.11389828880719	2.48567872843196	424
0.0456854066424999	1.77956358080194	459
0.0700038325344501	2.48491327201271	525
0.0523318321412498	2.42689495454286	22
-0.0713750464990302	2.20001164495907	903
-0.0860525602709501	2.19613126187097	424
-0.0908507948638202	2.19503761414028	566
0.0700038325344501	2.48491327201271	203
0.0329411574337501	1.78765901257722	474
0.0239759002250199	1.75982344434879	459
0.0275819478134101	1.76550976278697	459
-0.06278884117823	2.18748781580334	3
-0.0902862710396	2.1373697242369	224
0.0346859298275599	1.76190632052241	424
-0.0837741373543701	2.20097265518492	903
0.0218212603712402	1.75712836725798	491
0.0297428279585601	1.78478163746822	474
0.04029198527908	1.76036913034791	3
-0.08000224746056	2.18475026330219	22
-0.08515166332608	2.22401427600593	424
-0.07923798471559	2.2395032594901	424
0.0937110294184098	2.47916161134702	459
-0.0766808373532002	2.19886891537901	559
0.0736292939766199	2.46146678536998	424
0.03873695158777	1.77888244788449	424
0.0409092579785	1.78667105794429	424
0.0297428279585601	1.78478163746822	459
0.00719336888182998	1.73244887992211	559
0.07497454586604	2.44105093381831	559
-0.0638376686992901	2.18508562697836	424
-0.0933780173908101	2.18615248911191	424
-0.11770617483309	2.1122553981889	424
-0.07411557695912	2.22702887599428	424
-0.1044037658431	2.14814180228281	316
-0.10478557919085	2.15400215255181	131
0.0798119025960902	2.48863210819069	459
-0.0832248948039398	2.14099367196782	3
0.0680032133106399	2.49125135826828	3
-0.0825962553362398	2.22453207137743	424
-0.0981254451912901	2.17507736477738	316
0.0297428279585601	1.78478163746822	459
0.0329411574337501	1.78765901257722	220
-0.0831769592747098	2.19239479957497	224
-0.0953187217964002	2.15937199349325	559
0.08378653244079	2.48518193522175	424
-0.0965224703368102	2.18561411325701	424
-0.0703691195880798	2.1758315150001	424
0.0549653449451699	2.44053546638646	474
-0.0963223489076399	2.16345980202878	3
-0.0675751371751998	2.23654370139201	3
0.0293239869881501	1.78591308132808	559
0.07567846615314	2.49123744491361	559
0.0779667677510201	2.49518807856371	424
-0.06550095043854	2.19098611344161	424
0.0250062200768699	1.7627695206282	316
0.0297769595506798	1.75418553103217	316
0.0413332744902601	1.78556725644158	459
-0.0869444084949098	2.19257161112109	220
0.0321700747136799	1.78026665832039	3
0.0702845286896801	2.43411596643147	224
-0.0999406106415202	2.16586642208617	559
-0.10262517009995	2.17013399720522	22
-0.0984886345473099	2.18115072268303	424
0.0313326563530598	1.73619500559805	491
0.0255413569551299	1.7463830158366	3
0.0519510071003699	1.76754027355949	3
-0.07863690315587	2.23062101326811	44
0.0201909486624698	1.75096064138591	224
-0.09317858790383	2.19466691848917	559
-0.08335922155403	2.13105399033359	131
0.0362977581111998	1.74369471148873	459
0.0876704675633602	2.48472523252986	559
-0.0720521139147698	2.1872842027488	559
-0.0585099920138199	2.20610601897638	559
0.04308329735544	1.78273337554263	114
0.01546623043073	1.75002074763643	22
-0.0720707201577202	2.19666977561984	22
0.04276402201039	1.76795651153876	424
-0.0678799952223899	2.20392837803529	424
0.0731207654675501	2.47070541077205	316
-0.0906296868423899	2.1940007168915	131
-0.10067254215713	2.1711036344975	474
0.02890532830894	1.75624626442474	3
0.0584833364492798	2.45288269583439	20
-0.0845534928188299	2.19012616833855	559
0.0118776946148702	1.72176583860569	22
-0.0810255533159299	2.16975252410135	424
0.02890532830894	1.75624626442474	424
-0.0894288909360501	2.19209615715066	491
0.09225460605975	2.462950909333	491
0.04308329735544	1.78273337554263	459
0.0818947470003599	2.45926900959082	459
0.0670468313350701	2.45662151945205	114
-0.0998287856189899	2.16941259516517	491
0.0963575768956102	2.44048656901702	491
-0.0837945935133102	2.21422928381119	459
-0.10807321248317	2.14820711764529	20
-0.10022765058896	2.09574126745879	424
0.03986807695415	1.76198366427652	424
-0.0630980218624702	2.19029773940223	424
-0.0499922495801499	2.17882352827139	571
0.0328020767282302	1.73117655357339	559
-0.0942383241721099	2.17237990538617	424
-0.0766808373532002	2.19886891537901	424
-0.1004649633424	2.18008122756279	491
0.0673751756956902	2.49185312354057	3
-0.0787846969002399	2.181939149984	571
-0.10041762457696	2.14186782956598	3
0.0192543073591001	1.76044171960393	68
-0.0727828533380799	2.18100489577682	424
-0.07667789788395	2.2387915018087	424
-0.07667789788395	2.2387915018087	571
0.01884046099436	1.76001338712733	44
0.0202653481211601	1.73855396176494	559
0.0355285837416801	1.79046075418453	559
0.0683213178887998	2.40537193361729	22
0.0937498258763201	2.47210346646965	424
0.0439338339165798	1.77998616645985	424
0.00187444044546981	1.72276714370585	424
0.0713499177955699	2.49232066781009	19
0.0314854457773901	1.7594083641165	741
0.0275819478134101	1.76550976278697	220
0.0197745977661699	1.72237297404297	220
0.03434163387301	1.77810209777096	220
0.0791139458176202	2.49531532816293	559
0.0245898330360799	1.76233303311063	316
0.0842725675398302	2.49863969299994	491
0.0244008758448002	1.74074991139183	131
-0.0765156834402898	2.16557055270268	559
0.04535688433198	2.41338942918786	559
0.0718254957391999	2.47521652587543	114
0.0639031593811099	2.45372381305851	114
0.0670849582387998	2.49832894210064	22
0.0769475188081001	2.46204290745387	424
0.0930496849536699	2.47984552293688	491
0.0755979869949099	2.43716842132587	491
0.0271642451682101	1.7882009108053	3
0.0259602657669	1.77571958773482	3
-0.0843710212728599	2.19428451089524	3
0.0214061082732901	1.77973211485229	220
-0.08119620341331	2.19972173150415	559
0.0409092579785	1.78667105794429	22
0.0297018151981501	1.75761129265505	22
0.0271642451682101	1.7882009108053	22
-0.11142028034309	2.16041984420216	491
-0.0855469658614401	2.19442303617432	131
0.0465386431905901	1.76335665313056	474
0.0376974660276201	1.78825040842562	474
0.0491477156944402	1.72821921698157	3
-0.0785953491379199	2.19587722276432	220
0.0275819478134101	1.76550976278697	3
0.0889746829103801	2.4672282663153	114
-0.0656581542080001	2.20472253795711	424
-0.08119620341331	2.19972173150415	424
-0.0834575475792998	2.11942346733584	131
0.0381202200528099	1.77866058288672	21
-0.0798285662294398	2.19688285289868	474
0.04308329735544	1.78273337554263	571
0.0319488334234799	1.7618009739008	73
0.03106564615392	1.72611892262242	43
0.0325210682611301	1.76578903213022	43
0.1043990398113	2.49992114841583	131
0.0439338339165798	1.77998616645985	131
0.0271642451682101	1.7882009108053	3
0.0293239869881501	1.78591308132808	220
0.04029198527908	1.76036913034791	220
0.0673751756956902	2.49185312354057	43
-0.0701681339378801	2.1981756047879	491
0.0673751756956902	2.49185312354057	131
0.04308329735544	1.78273337554263	474
-0.0667722671664999	2.22269617657609	474
0.0158803250392801	1.75044711130464	3
-0.0831769592747098	2.19239479957497	22
0.0469655432890899	1.72549606469904	669
0.0379797404265201	1.77547626350938	491
0.0101421275090199	1.74019612353105	131
-0.0754200690178601	2.19795042680085	114
0.0329411574337501	1.78765901257722	22
-0.0967105232343499	2.15301073438569	474
0.0233800876724799	1.75617268239177	3
0.0372748970201702	1.78143272151952	3
-0.0843628455435601	2.18403262320209	20
-0.0752738168615101	2.22484030737423	424
0.0264877515364499	1.75085369635609	131
-0.1102696987517	2.15798171831402	20
0.05152184682228	1.76914236754964	22
0.0776944268787898	2.48073795121799	22
0.0383142749991201	1.75740754542839	424
0.0214061082732901	1.77973211485229	424
-0.0809947412452399	2.17266581221465	316
-0.10438841212174	2.20001723243838	131
-0.0837148976678401	2.16362769480909	131
-0.0753331864557101	2.19548398424986	3
0.0109669118149101	1.73097006899876	3
0.0109669118149101	1.73097006899876	3
0.0892531249880899	2.48275303390359	20
0.00976151829739003	1.75162713601541	559
-0.0869108439314199	2.19498266757501	114
0.0461119310193201	1.7779184374033	22
-0.0616838273431499	2.20400471222741	22
0.0353804858200699	1.76884300398295	424
-0.0750370978115802	2.19854206185994	131
0.0225185091931999	1.73514381497273	474
0.0156216909910998	1.73787599175762	571
0.0109669118149101	1.73097006899876	3
0.0101421275090199	1.74019612353105	20
0.0203574789970999	1.76089251568796	20
0.0101421275090199	1.74019612353105	20
-0.0896565578392399	2.17747319504746	20
0.00187444044546981	1.72276714370585	22
0.0351071647482701	1.7915886071351	582
0.0370917749667998	1.71902899466498	424
0.0293239869881501	1.78591308132808	131
0.01884046099436	1.76001338712733	131
0.04265830919101	1.74887839511611	3
0.0303579279806501	1.75815043047727	220
0.0376974660276201	1.78825040842562	3
0.0172586825180101	1.72897293710462	44
0.0355285837416801	1.79046075418453	44
0.0346859298275599	1.76190632052241	20
0.0131097064560501	1.74970222628579	224
0.0237978584971401	1.77796058405828	559
0.0379797404265201	1.77547626350938	402
0.0321700747136799	1.78026665832039	114
0.0592054788509402	2.48638007526213	384
0.1144840019008	2.49190710457835	424
-0.0876784516067999	2.1860308610281	43
0.0435084722200898	1.78951797761964	424
0.0346859298275599	1.76190632052241	316
0.0239781122824598	1.76263870806536	316
0.0267467240127202	1.76616704687936	21
0.0367266178461101	1.75496238919636	3
-0.10848569626484	2.1107633269917	559
-0.0993143151034501	2.1767760147428	114
0.02355553368831	1.74135916114039	22
0.0998307389462898	2.47182827887789	424
0.0323753612060802	1.76072701078593	424
0.0346859298275599	1.76190632052241	838
0.08633767818029	2.49081320365529	838
0.07086588868335	2.37839309725156	491
0.0271642451682101	1.7882009108053	131
0.0533560825202102	2.47714494153219	131
0.0372748970201702	1.78143272151952	44
-0.0806297481615101	2.14083490337413	559
0.0416259721815901	1.72520750224075	559
0.0192543073591001	1.76044171960393	559
0.0375554717429698	1.77656511984412	559
0.0201909486624698	1.75096064138591	114
0.0259602657669	1.77571958773482	384
-0.09025055275464	2.18598189109226	22
0.04933855494235	1.77287408526635	424
0.04265830919101	1.74887839511611	424
0.0287360625220798	1.76328940978545	424
-0.11569678661623	2.12986887684406	424
0.00986929758719013	1.73553572597893	838
-0.08627258816052	2.17918749898313	491
0.0186183381079199	1.74101197531504	21
0.0315224932492102	1.73329756811054	571
0.0224346551343602	1.73394313923088	44
0.0209911359141102	1.75779269442633	559
0.0124369916748202	1.75475715657275	559
-0.0735276942787899	2.19203675591683	22
0.0856393073864199	2.45226177819513	22
0.0695862345540999	2.48897521403541	424
0.0346678131242202	1.71146746148292	582
0.03274594374107	1.72214262628452	424
0.01566664095709	1.75278318538375	424
0.0135210311175298	1.75012145464247	838
0.0355285837416801	1.79046075418453	131
0.01546623043073	1.75002074763643	21
-0.0939700050290901	2.15832027907111	44
0.03518783063552	1.73367570156146	44
-0.0883082924503	2.15202994292655	20
0.0732660267007499	2.46726332693129	559
0.0233636365524901	1.73251178341482	22
0.0355285837416801	1.79046075418453	424
0.0431909874642402	1.7535580640454	424
0.06537563213071	2.46247953498862	491
0.0131097064560501	1.74970222628579	491
-0.0863153946884698	2.19433697522685	131
0.0325210682611301	1.76578903213022	203
0.0160405475504701	1.73830892918756	44
-0.0984886345473099	2.18115072268303	559
-0.0637057106287302	2.17354028802552	22
-0.0805504958564902	2.15521208104557	22
0.06519857994738	2.49900848123577	424
0.0452590699275399	1.76798173252537	424
0.02355553368831	1.74135916114039	474
0.0291593849257099	1.75584590970342	651
0.0225185091931999	1.73514381497273	44
0.0239781122824598	1.76263870806536	44
0.0647490641622501	2.48419592755549	20
-0.0903898728708499	2.17778086539214	559
-0.0888544412916201	2.16434236806827	114
0.0214061082732901	1.77973211485229	114
0.0417574770069198	1.75519593531386	424
0.0155231625247101	1.75993793445774	316
-0.09865024515054	2.1410711632041	21
0.0351670059535301	1.71179920942372	651
-0.0979251732863302	2.21092118877332	651
0.0323255944428902	1.75670721857387	3
0.0319054284979501	1.76607996296772	220
-0.10438841212174	2.20001723243838	44
-0.0954800968431799	2.11586814504788	44
0.00758511761751013	1.72123636760271	7
-0.07983876928891	2.23258687400266	22
0.05152184682228	1.76914236754964	22
0.01777816209853	1.74164342306101	22
0.0346859298275599	1.76190632052241	22
0.0134669257795799	1.71021663539115	424
0.0401576221055899	1.77940352472172	131
0.0278861055995301	1.72354048062865	474
0.0131097064560501	1.74970222628579	3
0.0351071647482701	1.7915886071351	220
0.0439338339165798	1.77998616645985	22
0.0519510071003699	1.76754027355949	669
0.0435084722200898	1.78951797761964	424
-0.0772812190979799	2.20743312138224	491
0.0351071647482701	1.7915886071351	491
0.0281243939184201	1.74953270237886	3
0.0271642451682101	1.7882009108053	3
-0.0766808373532002	2.19886891537901	220
-0.07391754608155	2.1985914234513	220
0.0293239869881501	1.78591308132808	68
-0.0711701897427299	2.18597453636908	44
-0.11394658133512	2.15994676253587	22
0.0314854457773901	1.7594083641165	22
0.08316656155153	2.47837582726097	424
-0.0941969341975502	2.18803084594322	21
0.0453746848274701	1.73612164158925	377
0.0267467240127202	1.76616704687936	377
0.0325210682611301	1.76578903213022	377
0.0135210311175298	1.75012145464247	3
0.0323753612060802	1.76072701078593	68
0.0297769595506798	1.75418553103217	424
0.0904642224120802	2.48187246647743	131
0.0267467240127202	1.76616704687936	377
0.04308329735544	1.78273337554263	3
0.0231435162296498	1.73201404957501	220
0.10036506443195	2.49086218238383	224
0.0300539629632399	1.69168957391668	424
0.0317484045302998	1.78137918388793	491
0.0882448614338598	2.47350529407081	21
-0.0793137974983602	2.15046566883673	473
0.03106564615392	1.72611892262242	474
-0.0788362003502798	2.177549914589	44
0.04308329735544	1.78273337554263	424
0.0213928188091002	1.73388902301766	142
0.0289650440247602	1.74686640103219	491
-0.0744289302028598	2.20983205285473	491
0.0176813840873198	1.75776245721815	651
0.0186183381079199	1.74101197531504	44
-0.10359096990656	2.14631338633291	20
0.0461119310193201	1.7779184374033	22
0.0356671621746298	1.70532705076702	22
0.0779667677510201	2.49518807856371	424
-0.09538316942426	2.2176990059689	491
0.0575411196767099	2.44794044554091	328
0.04029198527908	1.76036913034791	220
0.0203574789970999	1.76089251568796	44
-0.0578998973508802	2.19997955868631	131
0.0297428279585601	1.78478163746822	474
0.01525419835033	1.73146593555496	377
0.0409092579785	1.78667105794429	3
0.0281243939184201	1.74953270237886	220
0.0376974660276201	1.78825040842562	142
-0.10126729240931	2.17519889885702	114
-0.0994702414545698	2.16226177829057	22
0.0461119310193201	1.7779184374033	424
0.0158803250392801	1.75044711130464	424
0.0722506320430401	2.49001806590447	316
0.0825304941468401	2.47467765470895	491
0.0756181881116902	2.44572043462927	131
0.0235596179620199	1.76092025709296	3
0.0041355331447499	1.72542030368589	20
0.0214061082732901	1.77973211485229	22
0.0456854066424999	1.77956358080194	424
-0.11726584453299	2.14527245327244	838
0.07699055143526	2.46261857318326	838
-0.0837741373543701	2.20097265518492	491
-0.0760508823914701	2.18225841785101	377
0.0381202200528099	1.77866058288672	651
-0.0874768728681801	2.19391168056538	20
0.0649100580703799	2.47906369468442	559
-0.10716257946341	2.13150095635703	424
-0.0877873225347101	2.12691591714971	131
0.0208794544515101	1.7382811753685	203
0.0252078063200001	1.72052238777182	377
0.01566664095709	1.75278318538375	3
-0.08627258816052	2.17918749898313	44
-0.0812413423825298	2.13028390276854	74
0.0281243939184201	1.74953270237886	22
0.0621254948435102	2.45134927356226	316
0.0141715168613001	1.70836060617784	491
0.0376974660276201	1.78825040842562	44
0.0825304941468401	2.47467765470895	20
-0.0903538130247501	2.13166279116063	114
0.0135210311175298	1.75012145464247	424
-0.0676109957027702	2.20869520247178	131
0.0297428279585601	1.78478163746822	21
-0.11394658133512	2.15994676253587	328
0.0180347805208601	1.76953980875816	220
0.0351071647482701	1.7915886071351	20
0.0214061082732901	1.77973211485229	20
-0.0703691195880798	2.1758315150001	20
0.0680032133106399	2.49125135826828	22
0.0575411196767099	2.44794044554091	22
0.0453746848274701	1.73612164158925	21
0.0329411574337501	1.78765901257722	377
0.0269935765531999	1.74827210657584	377
-0.10750885780509	2.17217361689465	651
0.0435084722200898	1.78951797761964	651
0.0361448519505898	1.74714593030472	328
-0.0892206082180498	2.16505547064886	220
0.0197745977661699	1.72237297404297	262
-0.0933780173908101	2.18615248911191	424
-0.0843710212728599	2.19428451089524	491
0.0283109907556001	1.75665915110651	131
0.0325210682611301	1.76578903213022	491
0.0716098029019401	2.4912392877758	21
0.0239759002250199	1.75982344434879	3
-0.11025000240326	2.16079495917658	3
0.0287360625220798	1.76328940978545	101
-0.0596034828830301	2.20406090051036	402
0.0141715168613001	1.70836060617784	3
0.0319054284979501	1.76607996296772	20
-0.0996838538082701	2.14247636020787	101
-0.0665621626741602	2.20183022745929	402
0.0339188132078498	1.7713584790422	22
-0.06008396623381	2.16744018761359	424
0.0313269185021898	1.75202678253973	142
0.0269935765531999	1.74827210657584	491
0.0297428279585601	1.78478163746822	203
0.0300002478974299	1.7552238264429	21
0.0231435162296498	1.73201404957501	377
0.0554623437019801	1.70616661252947	377
0.03106564615392	1.72611892262242	377
-0.10067254215713	2.1711036344975	224
-0.0947901970301399	2.21701305543046	559
0.04786407796019	1.74916226167184	22
0.01984130995681	1.73208472735686	22
-0.0666562063454501	2.18943381148531	22
-0.10240486557023	2.14416999591691	424
0.03434163387301	1.77810209777096	43
0.04308329735544	1.78273337554263	43
0.08115843098278	2.48886010125261	491
0.0368525129006998	1.74740043528758	203
0.0239759002250199	1.75982344434879	21
0.1018127101645	2.49662585081321	21
0.08170708468842	2.47055276454469	377
-0.10497653088806	2.17878165928094	328
0.0131097064560501	1.74970222628579	44
0.0323255944428902	1.75670721857387	20
-0.07391754608155	2.1985914234513	559
-0.0942383241721099	2.17237990538617	74
0.12461190790137	2.48721379667998	424
0.0625624139354599	2.49919461207222	424
-0.0912296400105501	2.1615793444143	424
0.0713499177955699	2.49232066781009	424
0.0321700747136799	1.78026665832039	424
0.0401576221055899	1.77940352472172	43
-0.07983876928891	2.23258687400266	491
0.01884046099436	1.76001338712733	491
0.03595018693674	1.75966452644368	377
0.0319054284979501	1.76607996296772	377
0.04276402201039	1.76795651153876	3
-0.0990667285756701	2.18509997485927	44
0.0271642451682101	1.7882009108053	44
0.0235596179620199	1.76092025709296	20
0.0755977295858799	2.47332784889989	402
-0.0857196525125499	2.16630661886889	424
0.0209911359141102	1.75779269442633	424
0.0313326563530598	1.73619500559805	424
-0.0829708982501298	2.18423561763928	142
0.00758511761751013	1.72123636760271	491
0.12049846804547	2.47805028423709	21
0.0212205356105	1.75236126583843	21
-0.0718618922757099	2.20463957597238	377
-0.0772801311843501	2.22711429179434	377
0.0128546066533701	1.73277326446805	328
-0.0976945290447699	2.17964491231402	22
0.0295797247395799	1.77747306964363	424
0.0680032133106399	2.49125135826828	424
0.00772073509995996	1.71141901723628	424
0.0160405475504701	1.73830892918756	142
0.0381202200528099	1.77866058288672	142
0.0680032133106399	2.49125135826828	491
0.0212205356105	1.75236126583843	491
-0.11394658133512	2.15994676253587	491
-0.0778813040033701	2.20074278129223	142
0.03986807695415	1.76198366427652	21
0.0263793569516499	1.77460351315333	21
0.03595018693674	1.75966452644368	377
-0.0906296868423899	2.1940007168915	377
-0.10577470137823	2.164190526638	328
0.0351071647482701	1.7915886071351	328
0.0355285837416801	1.79046075418453	3
-0.10041762457696	2.14186782956598	220
0.0314854457773901	1.7594083641165	44
-0.0822731385198301	2.2009764274933	20
0.0394443544659202	1.75058558517172	20
0.0293239869881501	1.78591308132808	20
0.0371556669938702	1.75335838613405	28
-0.08657035571943	2.13635062569054	559
0.0347646396389099	1.76862235817381	424
0.0532767390757898	1.74038273615626	424
0.0289650440247602	1.74686640103219	424
-0.0849676112847102	2.16198646092936	491
-0.0623742796337998	2.22076878339756	491
0.01777816209853	1.74164342306101	491
-0.0555353492322102	2.18526758450748	328
-0.0888974255394501	2.22674634620533	328
0.0271642451682101	1.7882009108053	220
0.0207788026809901	1.75979169499821	220
0.04276402201039	1.76795651153876	203
0.0844396582856599	2.45427693488236	377
0.0752451837186698	2.47349434263903	3
0.0109669118149101	1.73097006899876	68
0.0379797404265201	1.77547626350938	3
-0.09687707123277	2.12524072933204	20
-0.10925499174809	2.14781316254613	20
0.0293239869881501	1.78591308132808	22
0.0536860730740898	2.40906454074351	119
0.04308329735544	1.78273337554263	114
0.0818947470003599	2.45926900959082	22
0.0431909874642402	1.7535580640454	119
0.0323255944428902	1.75670721857387	424
0.0376974660276201	1.78825040842562	377
0.03106564615392	1.72611892262242	377
0.0259602657669	1.77571958773482	220
0.00739746474101999	1.7219798445643	68
0.0297428279585601	1.78478163746822	20
0.0218212603712402	1.75712836725798	22
0.0181981585142301	1.7630799900606	424
-0.0900294372368098	2.20071127795272	424
-0.10269470199223	2.12774049823814	3
0.0351071647482701	1.7915886071351	20
-0.0825794867790402	2.15966994016448	20
0.09301302265686	2.45006052375535	22
0.0214061082732901	1.77973211485229	203
0.0346859298275599	1.76190632052241	377
0.0423372444352399	1.76958095912024	377
0.0131097064560501	1.74970222628579	377
0.0673751756956902	2.49185312354057	20
0.0297428279585601	1.78478163746822	22
-0.0730135391035698	2.10061738800981	424
0.0283109907556001	1.75665915110651	142
0.03434163387301	1.77810209777096	3
0.01566664095709	1.75278318538375	3
0.00780628649388993	1.72238849355829	220
0.0937896058874501	2.46408354826761	424
0.0245898330360799	1.76233303311063	3
0.0346859298275599	1.76190632052241	3
0.0319054284979501	1.76607996296772	68
0.0597562245846399	2.41241791229754	142
-0.08968295068258	2.17220251339924	142
-0.07983876928891	2.23258687400266	142
0.00976151829739003	1.75162713601541	377
0.0931083040259999	2.48224935413368	3
-0.10807321248317	2.14820711764529	413
-0.0063917361743	1.69278962629523	413
-0.0831955721953799	2.22583389898171	44
0.0452590699275399	1.76798173252537	491
0.02890532830894	1.75624626442474	377
0.0329411574337501	1.78765901257722	3
0.0319054284979501	1.76607996296772	68
0.0845996633170998	2.49291178871461	44
-0.0776004371685799	2.19984316622646	114
-0.09025055275464	2.18598189109226	119
-0.08574953927124	2.23291042965255	292
0.0349575576119001	1.7476040708216	21
0.0207788026809901	1.75979169499821	3
-0.0843710212728599	2.19428451089524	413
-0.07014360318502	2.24196272045938	119
-0.0735276942787899	2.19203675591683	119
-0.0687351551769599	2.21364008657072	377
0.0482917685307198	1.75234968499278	114
0.0826109151690799	2.47937154911302	114
-0.0809612034371101	2.20661575428532	119
0.0541372186391298	1.75808298007436	377
0.0789745430685001	2.45649295396127	559
0.0351071647482701	1.7915886071351	424
0.11122773016023	2.49880039793753	142
0.0401576221055899	1.77940352472172	142
0.0381202200528099	1.77866058288672	402
-0.0533722468354401	2.1869098776353	114
-0.0544441054001901	2.21401308501545	119
0.00976151829739003	1.75162713601541	292
-0.0834846976748902	2.19093435756786	292
0.0275819478134101	1.76550976278697	142
-0.07411557695912	2.22702887599428	142
0.0346859298275599	1.76190632052241	377
0.0271642451682101	1.7882009108053	413
-0.0837945935133102	2.21422928381119	44
0.04308329735544	1.78273337554263	383
0.0365663779605101	1.74759505809755	119
-0.0513382371004498	2.18049706362787	119
0.0271642451682101	1.7882009108053	119
0.0405832365282302	1.76998070490232	292
0.0429548758417999	1.72841836380204	377
-0.0740101392141499	2.14516012940223	377
0.0368525129006998	1.74740043528758	413
-0.06424564198882	2.19792691652937	44
0.03106564615392	1.72611892262242	44
-0.0728514992068901	2.19741875477332	44
-0.0655574598247499	2.22083333689048	402
-0.0831955721953799	2.22583389898171	119
-0.0794375564119898	2.19453214730468	119
0.0301618513472599	1.7539913146149	142
-0.0934330579917799	2.1774915265913	377
0.0293239869881501	1.78591308132808	377
0.0300002478974299	1.7552238264429	377
0.03854315922564	1.74332033436954	119
0.03595018693674	1.75966452644368	292
0.00761121531804987	1.73287489521067	292
-0.0933780173908101	2.18615248911191	142
-0.0942383241721099	2.17237990538617	142
0.0180347805208601	1.76953980875816	377
0.0612116563266199	2.4638599985792	377
-0.10438841212174	2.20001723243838	377
0.00627961604148997	1.70770884021049	377
0.0351071647482701	1.7915886071351	114
0.0389048402227301	1.7254103449721	114
0.0229409804076899	1.7416336773842	292
0.0297018151981501	1.75761129265505	292
-0.0919767940977598	2.1962552309984	424
-0.0713750464990302	2.20001164495907	377
0.0310171025735899	1.72204739579568	377
0.0275819478134101	1.76550976278697	413
0.0176813840873198	1.75776245721815	101
0.04029198527908	1.76036913034791	114
0.0216371718583201	1.75279571838875	119
0.0214061082732901	1.77973211485229	119
-0.06298360676944	2.23447083074776	292
-0.0650516281279798	2.2081080225941	292
0.0119135175827201	1.73341440534533	292
0.0093425362778099	1.73033654831266	377
0.04497720533106	1.73471190110923	377
0.0293856441667399	1.71268361738301	114
0.0267986306365202	1.74416078377178	597
-0.10878271353569	2.15088066983835	119
0.0267986306365202	1.74416078377178	292
0.0263793569516499	1.77460351315333	292
0.0176813840873198	1.75776245721815	424
0.0315224932492102	1.73329756811054	424
-0.10814118337708	2.11331721871787	413
0.0355285837416801	1.79046075418453	74
0.0423372444352399	1.76958095912024	119
0.0190627005144801	1.72426736028144	119
0.0295797247395799	1.77747306964363	292
0.02120031048115	1.72983895401708	292
0.0203574789970999	1.76089251568796	292
-0.0987244079340002	2.1684930080802	142
0.0333614298681701	1.76515449358433	3
-0.10220296448285	2.17912605469631	402
-0.10308139959636	2.1353006619208	74
0.0151016081679902	1.73855635706817	292
0.0267986306365202	1.74416078377178	292
-0.0806687473094399	2.17770538789754	413
-0.07983876928891	2.23258687400266	101
0.0271642451682101	1.7882009108053	74
0.0538517871800699	1.70805469338426	597
-0.1024419999343	2.17196310695592	119
-0.0795563036113398	2.19310969795628	3
0.0314854457773901	1.7594083641165	413
-0.0837741373543701	2.20097265518492	413
-0.0883012796493201	2.2260651137846	44
0.0918111602404599	2.4806756634862	44
0.0507970123494901	1.74840613251401	74
-0.0804832594057801	2.19159122872094	114
0.0124369916748202	1.75475715657275	114
-0.0845162465338598	2.18805192851581	119
0.0682968637480901	2.46211442381085	292
0.0209911359141102	1.75779269442633	142
0.0267467240127202	1.76616704687936	142
0.0181042707721599	1.75666097713263	142
0.0267467240127202	1.76616704687936	377
0.0372748970201702	1.78143272151952	413
-0.1085514492942	2.11775647349993	292
0.0813227302216801	2.45199533474194	43
-0.08442378581237	2.10133051378041	142
0.0259602657669	1.77571958773482	3
0.0237978584971401	1.77796058405828	68
0.0314854457773901	1.7594083641165	292
0.0297428279585601	1.78478163746822	292
0.0160792615713201	1.73082789242852	142
0.0297428279585601	1.78478163746822	413
0.0287360625220798	1.76328940978545	68
0.0376974660276201	1.78825040842562	44
0.05756438109632	2.41086657596933	114
0.0518749044836202	2.43887194742294	142
-0.1180980409493	2.07504691730743	114
-0.07014360318502	2.24196272045938	142
0.0278861055995301	1.72354048062865	44
0.0313326563530598	1.73619500559805	337
0.03986807695415	1.76198366427652	292
0.0207788026809901	1.75979169499821	142
-0.0644447997134301	2.20191020897879	3
0.0325210682611301	1.76578903213022	377
0.01884046099436	1.76001338712733	3
0.0192543073591001	1.76044171960393	142
0.04933855494235	1.77287408526635	206
-0.0860763243723302	2.19661880117931	377
0.0452590699275399	1.76798173252537	377
0.03187546961848	1.76148966774296	413
0.0329411574337501	1.78765901257722	292
0.01566664095709	1.75278318538375	292
0.0381202200528099	1.77866058288672	424
-0.0778820665105999	2.19062803029643	142
-0.10514384813202	2.08414676081102	142
-0.0825794867790402	2.15966994016448	142
0.0675881888982399	2.43656446204815	292
-0.0973298277506398	2.17359131286726	142
0.0304800066114601	1.72667857421061	3
-0.0863471209092999	2.22599633974923	3
0.0109669118149101	1.73097006899876	68
-0.0831955721953799	2.22583389898171	44
0.0384041951983898	1.74544467700048	898
0.00187411758690015	1.70972654442378	292
0.0464209427972802	1.75385302619819	43
0.0239759002250199	1.75982344434879	142
-0.0602707048660802	2.17063307159326	142
0.0237978584971401	1.77796058405828	142
-0.0637867316956102	2.22680837174723	142
-0.09025055275464	2.18598189109226	3
0.0456854066424999	1.77956358080194	413
0.03346887033234	2.35956494010093	292
0.0334961775135598	1.73770123232882	142
0.08564920313525	2.49126059007645	142
-0.0797001154104899	2.19432381487533	3
0.0191408354892002	1.73126393384282	3
0.0041355331447499	1.72542030368589	3
-0.00116845749235983	1.69876540603247	119
0.0287360625220798	1.76328940978545	119
0.0122903849650702	1.74284785118264	142
-0.0818289903131002	2.18294622203652	142
0.0293239869881501	1.78591308132808	3
0.0109669118149101	1.73097006899876	3
0.0156216909910998	1.73787599175762	68
0.0134669257795799	1.71021663539115	119
-0.0694252857479301	2.16355579819705	44
-0.0810255533159299	2.16975252410135	44
-0.09687707123277	2.12524072933204	11
0.0271642451682101	1.7882009108053	101
0.0135210311175298	1.75012145464247	119
0.0818947470003599	2.45926900959082	142
-0.0812306677897499	2.19416580094602	142
0.00443517165818008	1.7040754097456	119
0.0482917685307198	1.75234968499278	113
-0.11263824486808	2.10486107533869	142
0.0238935661948001	1.76226593184663	142
0.03299170311751	1.70007622806876	3
0.0239781122824598	1.76263870806536	3
0.0319054284979501	1.76607996296772	3
0.0238935661948001	1.76226593184663	68
0.0456854066424999	1.77956358080194	68
0.01884046099436	1.76001338712733	113
0.0321700747136799	1.78026665832039	142
0.0599288014177901	2.48710060422532	3
0.0233800876724799	1.75617268239177	3
0.0863028026531598	2.47131659231447	68
0.0351071647482701	1.7915886071351	257
-0.0696258634367299	2.16503819838767	142
-0.09711952382245	2.17896240893794	142
-0.0744289302028598	2.20983205285473	206
-0.0843710212728599	2.19428451089524	3
-0.10321187537927	2.14855082005767	44
0.01566664095709	1.75278318538375	74
-0.0810255533159299	2.16975252410135	142
0.04029198527908	1.76036913034791	142
0.0507159637197701	2.46305854657711	142
-0.1134734986774	2.117110328693	142
0.0209911359141102	1.75779269442633	3
0.0235596179620199	1.76092025709296	3
0.0203574789970999	1.76089251568796	44
-0.0872800574299499	2.16938580727228	119
0.0443593825766699	1.74484134897789	292
-0.0941804010199601	2.10260745975807	142
-0.0961793121874499	2.14139551736241	142
-0.0037159626747898	1.69579718335452	413
0.0991350942490001	2.49770410916494	629
-0.0970838754498802	2.13864095811069	74
0.0237978584971401	1.77796058405828	413
-0.10497653088806	2.17878165928094	142
-0.0855123779044402	2.14979970806927	142
0.0399529433332599	1.74207616998837	292
0.0158803250392801	1.75044711130464	292
0.0768829484120799	2.49259109426828	142
0.0347646396389099	1.76862235817381	337
-0.0784810923267201	2.16846007609729	142
-0.0841233438759002	2.20053135311273	142
-0.11242004292655	2.10104231732464	68
0.0214061082732901	1.77973211485229	44
0.0449465518708601	1.74268926418566	198
0.0275819478134101	1.76550976278697	119
-0.09025055275464	2.18598189109226	142
-0.0831624692450599	2.15585529791683	142
0.0782284941871598	2.497780594338	596
0.0333614298681701	1.76515449358433	110
0.00758511761751013	1.72123636760271	3
-0.0695642280784199	2.16575694658457	147
-0.00384378446522993	1.69575458465243	119
0.0135210311175298	1.75012145464247	142
-0.0900421868027599	2.16392864560865	142
0.0376974660276201	1.78825040842562	110
0.00187444044546981	1.72276714370585	3
0.0382021681037199	1.74100313605523	413
0.00739746474101999	1.7219798445643	119
0.0585757670695499	2.46397149882127	596
0.10510101321856	2.46585887335406	596
0.00504589421331003	1.70838931640332	110
0.02890532830894	1.75624626442474	3
-0.00425655991578999	1.69534796107054	413
0.0461119310193201	1.7779184374033	119
0.0275819478134101	1.76550976278697	292
0.0267467240127202	1.76616704687936	3
0.0519510071003699	1.76754027355949	292
0.0445186076284898	1.73953426295458	110
-0.09317858790383	2.19466691848917	74
0.01566664095709	1.75278318538375	292
0.0243923631439298	1.72982905901667	142
0.0271642451682101	1.7882009108053	110
0.0283109907556001	1.75665915110651	44
-0.10832912957333	2.13111403741088	68
0.0590009505392	2.47834011631399	110
0.0214061082732901	1.77973211485229	110
0.0250062200768699	1.7627695206282	3
0.0120195581054201	1.73341175575919	292
-0.0713750464990302	2.20001164495907	68
-0.0791290174053101	2.1489749901511	68
0.0519510071003699	1.76754027355949	292
-0.0695378362622501	2.24067174909136	142
0.0325919291812902	1.74981757796973	110
0.0372748970201702	1.78143272151952	3
0.0334961775135598	1.73770123232882	68
0.0192543073591001	1.76044171960393	292
-0.09025055275464	2.18598189109226	292
-0.0965224703368102	2.18561411325701	110
-0.0798285662294398	2.19688285289868	44
-0.0883453095928299	2.0925343977102	74
-0.12049360185615	2.09062912090132	3
-0.0819919595279202	2.15695902993397	597
0.01566664095709	1.75278318538375	292
0.0381202200528099	1.77866058288672	110
-0.0549170252031201	2.1837506129295	68
0.0545677440844301	1.75143766236567	68
0.0293239869881501	1.78591308132808	44
0.0160792615713201	1.73082789242852	44
-0.1075405776989	2.14006955461233	110
0.03595018693674	1.75966452644368	11
0.0355285837416801	1.79046075418453	74
-0.0681820649805598	2.22157237083133	596
0.00526081246017007	1.71937661870384	110
-0.00940667808638995	1.6683505751136	687
0.01546623043073	1.75002074763643	3
0.0283109907556001	1.75665915110651	44
0.01884046099436	1.76001338712733	825
0.0448329207419	1.73146440485931	6
0.0214061082732901	1.77973211485229	113
-0.0888974255394501	2.22674634620533	110
0.0465386431905901	1.76335665313056	110
-0.06700563056966	2.19527390796914	888
-0.0979288123788198	2.15314974018219	110
-0.1064224138215	2.15519416477716	110
0.0756181881116902	2.44572043462927	110
-0.11452128018184	2.13025810524794	68
0.06690578975482	2.46450282673109	43
0.0718933111587301	2.44813603902397	110
-0.0908507948638202	2.19503761414028	110
0.0423372444352399	1.76958095912024	68
0.0301618513472599	1.7539913146149	825
0.0101806828366202	1.72969851786379	44
0.0487196477309202	1.74570747634594	44
-0.0869108439314199	2.19498266757501	110
-0.0688208230288101	2.19868013156239	44
0.0407160795738002	1.74604602841344	44
0.0323255944428902	1.75670721857387	74
0.0376974660276201	1.78825040842562	110
0.0214061082732901	1.77973211485229	110
0.01566664095709	1.75278318538375	44
0.0829978030029399	2.4609029891345	11
0.0180347805208601	1.76953980875816	74
0.0155231625247101	1.75993793445774	292
0.0411403599682099	1.70879097639593	292
-0.0810255533159299	2.16975252410135	596
-0.103592912518	2.14599358130128	113
0.04029198527908	1.76036913034791	110
0.0537037006027998	2.4379578297974	110
-0.0837741373543701	2.20097265518492	110
0.0629164921899901	2.39270246621121	44
0.0101421275090199	1.74019612353105	74
-0.0990667285756701	2.18509997485927	110
-0.10126264915906	2.19978164899911	292
0.0475960590113602	2.4629270053383	110
0.0435084722200898	1.78951797761964	110
0.0497252214991102	2.45648185439241	110
-0.0908352230468399	2.17341470326019	110
-0.11083528327843	2.18139747920068	74
-0.0877048406808298	2.19703252435582	825
0.0201909486624698	1.75096064138591	110
0.0614088321159598	2.47039439887346	44
0.01500883638476	1.73542556969229	176
0.00526081246017007	1.71937661870384	176
-0.0894484597766798	2.18449798017207	121
0.0817283068186501	2.48462875620687	596
-0.09278573970805	2.18550208077573	110
0.0297428279585601	1.78478163746822	110
0.0465386431905901	1.76335665313056	44
-0.09278573970805	2.18550208077573	44
-0.10294173684308	2.14843214497578	44
-0.10497653088806	2.17878165928094	828
0.0779667677510201	2.49518807856371	110
0.0876704675633602	2.48472523252986	110
0.03187546961848	1.76148966774296	110
0.0728980044338101	2.430437552961	110
-0.06832539850432	2.18983663614737	110
0.0267467240127202	1.76616704687936	44
0.00973055556083002	1.73977878983205	257
-0.10155383867084	2.11708847391469	44
0.0317484045302998	1.78137918388793	74
0.0159449011820998	1.73792538964343	828
0.0323255944428902	1.75670721857387	119
0.0576048825916899	2.44275128237734	45
0.0229409804076899	1.7416336773842	206
0.02890532830894	1.75624626442474	44
-0.00116845749235983	1.69876540603247	292
0.08815770163879	2.47735749238185	825
-0.09278573970805	2.18550208077573	110
-0.0707717399908998	2.20665698505197	110
0.0917063768369801	2.45263903186388	44
0.0321700747136799	1.78026665832039	596
0.0381202200528099	1.77866058288672	596
0.0281243939184201	1.74953270237886	44
-0.0800386151750501	2.20079626154835	596
0.00976151829739003	1.75162713601541	110
0.0413332744902601	1.78556725644158	110
-0.0900160111237902	2.17828419334253	44
-0.0875258555787202	2.15062165190208	44
0.0131097064560501	1.74970222628579	292
0.0329411574337501	1.78765901257722	206
-0.1032855037571	2.15510366876951	101
0.0796379301352301	2.44913369954598	596
-0.0973010664594698	2.1465548715628	596
0.00973055556083002	1.73977878983205	596
0.0281243939184201	1.74953270237886	6
0.0275819478134101	1.76550976278697	101
0.0293239869881501	1.78591308132808	44
0.0207788026809901	1.75979169499821	292
0.0293239869881501	1.78591308132808	206
0.0644725115965299	2.48267355116102	206
0.0696429560614802	2.43464188666163	206
0.0166914912182299	1.73526139152412	110
0.0651157523958901	2.49447761965292	110
0.0471570078489401	1.76521195559602	44
0.0644827681848699	2.48718306628088	121
0.00758511761751013	1.72123636760271	44
0.0323255944428902	1.75670721857387	176
0.0365663779605101	1.74759505809755	206
-0.0864224369425202	2.18373633859404	596
0.0237978584971401	1.77796058405828	110
0.0301618513472599	1.7539913146149	110
0.01525419835033	1.73146593555496	44
0.0271642451682101	1.7882009108053	44
0.01884046099436	1.76001338712733	257
-0.10066976712992	2.17455240275299	44
-0.0916498601864899	2.20866044907652	44
0.0207788026809901	1.75979169499821	596
-0.0792296294169899	2.16899600189343	44
0.0361448519505898	1.74714593030472	206
0.01884046099436	1.76001338712733	206
-0.0766808373532002	2.19886891537901	44
0.0752451837186698	2.47349434263903	206
-0.0908507948638202	2.19503761414028	44
0.0319488334234799	1.7618009739008	101
0.0453746848274701	1.73612164158925	198
0.0369390861488901	1.75055443782218	206
0.0269935765531999	1.74827210657584	44
0.0176195594584199	1.7478452773406	113
0.0158803250392801	1.75044711130464	110
0.0508483045405499	2.44431118673416	826
0.0319054284979501	1.76607996296772	110
-0.0933858336423601	2.13915693435943	110
0.0176813840873198	1.75776245721815	44
0.0160792615713201	1.73082789242852	44
0.0838029495020098	2.47195117129333	44
-0.0830566031479001	2.17832291541392	121
0.0166914912182299	1.73526139152412	110
0.00772073509995996	1.71141901723628	110
0.0589862655886302	2.41013517238487	176
-0.0947830847983	2.18405803923853	43
0.03915981323129	1.75680900096895	110
-0.10520872114032	2.11698997776157	44
0.0435084722200898	1.78951797761964	44
-0.0572168713674	2.23098112646978	206
0.0839636339531902	2.47090046822566	110
0.01525419835033	1.73146593555496	110
-0.10673993563082	2.14473745139449	44
-0.0855123779044402	2.14979970806927	44
0.0267467240127202	1.76616704687936	113
0.0131097064560501	1.74970222628579	44
-0.00940667808638995	1.6683505751136	11
0.0225185091931999	1.73514381497273	110
0.0292737051071001	1.75868589440385	110
-0.10398392873916	2.08087750419554	44
-0.10446624362943	2.12850325411268	206
-0.09711952382245	2.17896240893794	826
-0.0825962553362398	2.22453207137743	110
0.0347646396389099	1.76862235817381	110
0.0351071647482701	1.7915886071351	110
-0.10830538012183	2.16520159938263	68
0.0295797247395799	1.77747306964363	176
0.01884046099436	1.76001338712733	44
0.02890532830894	1.75624626442474	11
-0.0831955721953799	2.22583389898171	110
0.0376974660276201	1.78825040842562	44
-0.0837766200067001	2.14970663585751	11
0.0404854273422601	1.7573804658212	206
-0.0701681339378801	2.1981756047879	44
0.0243923631439298	1.72982905901667	110
0.0641228081910299	2.46191179188709	826
-0.0718618922757099	2.20463957597238	110
0.0209911359141102	1.75779269442633	44
0.0301618513472599	1.7539913146149	110
0.0271642451682101	1.7882009108053	44
0.0275819478134101	1.76550976278697	44
0.0242158108929198	1.75552814484328	176
0.0346859298275599	1.76190632052241	206
0.00401340626737001	1.71232011316564	110
0.0287360625220798	1.76328940978545	44
0.0372748970201702	1.78143272151952	257
0.0160405475504701	1.73830892918756	206
0.0283109907556001	1.75665915110651	6
-0.09532748104855	2.14449337761224	11
-0.10126729240931	2.17519889885702	206
0.06819463847626	2.47110364848618	826
0.0291613210305899	1.75395865945644	101
-0.0844594064535098	2.19164564649286	110
0.0347646396389099	1.76862235817381	44
-0.0748093451884202	2.18460985915039	11
0.0224346551343602	1.73394313923088	826
0.0386315171149501	1.71244812629733	110
0.0271642451682101	1.7882009108053	110
-0.0984708150668401	2.15701165785901	110
0.0351071647482701	1.7915886071351	110
0.0192543073591001	1.76044171960393	44
-0.0804272074438899	2.19751599399505	826
0.0259602657669	1.77571958773482	110
-0.0692926182590301	2.19019158070379	110
-0.0877048406808298	2.19703252435582	44
0.0334961775135598	1.73770123232882	176
0.0271642451682101	1.7882009108053	110
-0.0798285662294398	2.19688285289868	44
0.0777629460540998	2.48345746805402	110
0.0123338219158802	1.73234630225228	110
-0.08790743631294	2.14293076084466	113
0.01884046099436	1.76001338712733	113
0.0210241924152399	1.72021946722123	110
0.0202653481211601	1.73855396176494	11
-0.0919767940977598	2.1962552309984	11
0.00973055556083002	1.73977878983205	11
0.0519510071003699	1.76754027355949	11
-0.0986777158051799	2.14925147799006	11
0.0209911359141102	1.75779269442633	11
-0.0933780173908101	2.18615248911191	11
0.0259602657669	1.77571958773482	11
0.0300002478974299	1.7552238264429	11
-0.0809612034371101	2.20661575428532	257
0.0291613210305899	1.75395865945644	176
0.0919017184160502	2.47852552740356	11
0.0275819478134101	1.76550976278697	11
0.0206074801703799	1.74987860684014	11
0.0271642451682101	1.7882009108053	11
0.0381202200528099	1.77866058288672	11
0.0184501814026801	1.74719372001359	48
-0.0911815729307199	2.17948575191096	259
0.0297428279585601	1.78478163746822	48
0.0325919291812902	1.74981757796973	48
0.0376974660276201	1.78825040842562	11
-0.0961196911235298	2.14474481759021	11
0.0109669118149101	1.73097006899876	485
-0.0037159626747898	1.69579718335452	485
0.0323255944428902	1.75670721857387	11
0.0166914912182299	1.73526139152412	616
0.0128546066533701	1.73277326446805	468
0.0404854273422601	1.7573804658212	11
0.0297428279585601	1.78478163746822	11
0.0181042707721599	1.75666097713263	11
0.00976151829739003	1.75162713601541	11
0.0724617338426201	2.49754842511115	485
-0.0778813040033701	2.20074278129223	616
-0.0806320498716699	2.19292083776073	239
0.0250062200768699	1.7627695206282	616
-0.0758371671219802	2.16478447388374	11
0.0212205356105	1.75236126583843	11
0.0369390861488901	1.75055443782218	129
-0.10185246833591	2.20046154651165	129
0.0943916730372099	2.45173645257488	11
0.0181981585142301	1.7630799900606	11
0.0678347937602002	2.47632435314181	11
0.0768787355709502	2.47058595878093	11
0.0314854457773901	1.7594083641165	616
0.0423372444352399	1.76958095912024	11
-0.1064224138215	2.15519416477716	11
0.10452685633433	2.4199584240365	11
0.0271642451682101	1.7882009108053	616
0.00976151829739003	1.75162713601541	616
-0.08299422308537	2.20054097764017	129
0.01525419835033	1.73146593555496	129
-0.0798285662294398	2.19688285289868	239
-0.10878271353569	2.15088066983835	616
0.0802920802290301	2.48693495105333	11
0.0325210682611301	1.76578903213022	176
-0.06298360676944	2.23447083074776	616
-0.0831769592747098	2.19239479957497	11
-0.0758371671219802	2.16478447388374	239
0.0313269185021898	1.75202678253973	616
0.0365149256138402	1.75214876686772	48
0.0303579279806501	1.75815043047727	11
0.0644725115965299	2.48267355116102	129
0.0214061082732901	1.77973211485229	11
0.0351071647482701	1.7915886071351	11
0.0287360625220798	1.76328940978545	616
0.0293239869881501	1.78591308132808	616
0.07104083646241	2.49272330053393	239
0.03274594374107	1.72214262628452	11
0.03973219459857	1.7726922919672	239
0.0297428279585601	1.78478163746822	11
0.0453746848274701	1.73612164158925	616
-0.0770769433665701	2.15844674630744	239
-0.08494936113143	2.21554754843107	239
0.01566664095709	1.75278318538375	259
-0.07074906915379	2.23032655939212	11
0.0375849056890099	1.73918517583851	239
0.0180347805208601	1.76953980875816	199
0.0365663779605101	1.74759505809755	925
-0.0947830847983	2.18405803923853	239
0.0239781122824598	1.76263870806536	120
0.0275819478134101	1.76550976278697	616
0.0259602657669	1.77571958773482	616
0.0224346551343602	1.73394313923088	11
0.00772073509995996	1.71141901723628	176
-0.10896658800608	2.12948584150046	129
-0.12083433730604	2.06456866417936	239
0.0325210682611301	1.76578903213022	925
0.01566664095709	1.75278318538375	198
0.0866070978542801	2.48043101184301	259
0.0214061082732901	1.77973211485229	239
0.0638167456033898	2.49975432521211	176
0.0122903849650702	1.74284785118264	129
-0.0928389502104698	2.21063021871412	104
0.0209911359141102	1.75779269442633	11
0.0135210311175298	1.75012145464247	11
0.0481786868476699	1.75932198722883	239
0.0346859298275599	1.76190632052241	11
0.0384041951983898	1.74544467700048	11
0.0224346551343602	1.73394313923088	663
0.0590009505392	2.47834011631399	239
0.0229409804076899	1.7416336773842	120
-0.06150165553673	2.19945768603158	487
0.0313269185021898	1.75202678253973	259
0.0207788026809901	1.75979169499821	11
-0.0713750464990302	2.20001164495907	239
0.0285446273183201	1.75613243556285	11
-0.0925797800605799	2.1940163536727	239
-0.08000224746056	2.18475026330219	129
-0.0837741373543701	2.20097265518492	663
-0.10830538012183	2.16520159938263	11
-0.09039101806483	2.13880986012303	129
0.0482917685307198	1.75234968499278	663
-0.10612968170712	2.16890390847285	11
0.0333614298681701	1.76515449358433	11
-0.0784810923267201	2.16846007609729	663
0.04308329735544	1.78273337554263	663
0.0378209330699599	2.35376337604886	129
0.0216371718583201	1.75279571838875	259
0.0235596179620199	1.76092025709296	663
0.0133146104208799	1.72552552793546	11
-0.0789033551573399	2.20215199756878	11
-0.0707717399908998	2.20665698505197	129
-0.07391754608155	2.1985914234513	129
0.0375554717429698	1.77656511984412	129
0.0439338339165798	1.77998616645985	11
-0.0982923078414499	2.15906294190917	239
0.0102855994626898	1.7359606377124	129
-0.0894136096753799	2.18950837959242	239
0.0271642451682101	1.7882009108053	199
0.0461119310193201	1.7779184374033	663
0.0231435162296498	1.73201404957501	663
0.0267467240127202	1.76616704687936	663
0.0297428279585601	1.78478163746822	239
-0.10066976712992	2.17455240275299	239
0.0303579279806501	1.75815043047727	239
-0.0825794867790402	2.15966994016448	663
-0.09538316942426	2.2176990059689	11
0.0245898330360799	1.76233303311063	11
-0.0843710212728599	2.19428451089524	176
-0.0610179993881999	2.23439550163403	129
0.0212205356105	1.75236126583843	11
0.0128546066533701	1.73277326446805	11
0.01525419835033	1.73146593555496	239
0.06298083351074	2.48332533338434	11
0.08378653244079	2.48518193522175	129
-0.0501854792884	2.15919590579165	663
0.06046701249632	2.47719770514378	11
0.0584833364492798	2.45288269583439	239
-0.0998287856189899	2.16941259516517	239
-0.0863153946884698	2.19433697522685	663
0.0471570078489401	1.76521195559602	239
0.04308329735544	1.78273337554263	239
-0.11178593871813	2.14134784324112	259
0.0452590699275399	1.76798173252537	259
0.0190627005144801	1.72426736028144	259
0.0355285837416801	1.79046075418453	663
-0.0860763243723302	2.19661880117931	663
0.07126316991571	2.48310372299207	11
0.0409092579785	1.78667105794429	738
-0.0778813040033701	2.20074278129223	228
0.0297428279585601	1.78478163746822	239
0.00187444044546981	1.72276714370585	11
0.0543812136211401	2.43583554214423	129
-0.0868748796143399	2.19265671521273	228
0.0245898330360799	1.76233303311063	228
-0.0612731344504698	2.18574206677138	738
0.0517181384427201	2.44820514811733	11
-0.0675751371751998	2.23654370139201	11
-0.0513382371004498	2.18049706362787	186
-0.0925797800605799	2.1940163536727	120
0.0317484045302998	1.78137918388793	129
0.0271642451682101	1.7882009108053	840
-0.0693409446357198	2.21425873202565	11
0.0295797247395799	1.77747306964363	11
0.00627961604148997	1.70770884021049	11
0.0351071647482701	1.7915886071351	239
0.0355285837416801	1.79046075418453	239
0.00187444044546981	1.72276714370585	11
0.04903770551668	1.74364898839469	547
-0.10438909581503	2.13979122851762	239
-0.0999406106415202	2.16586642208617	531
0.0102855994626898	1.7359606377124	129
-0.10185246833591	2.20046154651165	129
-0.10830538012183	2.16520159938263	129
0.0369390861488901	1.75055443782218	11
-0.0877246592328	2.18737222536446	129
-0.0844594064535098	2.19164564649286	259
-0.11067097717667	2.16389033926813	663
0.0379797404265201	1.77547626350938	239
0.0950678062942201	2.47058019162509	104
-0.0559422384361201	2.20105378781351	531
0.0289650440247602	1.74686640103219	186
0.0452590699275399	1.76798173252537	129
0.01525419835033	1.73146593555496	663
0.01884046099436	1.76001338712733	239
0.0180347805208601	1.76953980875816	239
0.0435084722200898	1.78951797761964	663
0.0283109907556001	1.75665915110651	663
0.0317484045302998	1.78137918388793	11
0.0293239869881501	1.78591308132808	239
0.0214061082732901	1.77973211485229	129
-0.10380796711599	2.16862152123861	259
-0.0758371671219802	2.16478447388374	239
0.0293239869881501	1.78591308132808	239
0.0128546066533701	1.73277326446805	259
0.0261436927025902	1.76649910992419	259
0.0464209427972802	1.75385302619819	259
-0.11770617483309	2.1122553981889	11
0.0301618513472599	1.7539913146149	11
-0.0525646932039998	2.18314246062747	697
0.0122903849650702	1.74284785118264	185
-0.0908837592878098	2.18135282051485	129
0.01525419835033	1.73146593555496	11
0.0160405475504701	1.73830892918756	30
-0.0838515359416698	2.19040672468677	129
0.00973055556083002	1.73977878983205	259
-0.11339333570578	2.13117030258463	129
-0.0905802994683098	2.15949202074904	663
0.0295867664128502	1.71956889174901	11
0.0287360625220798	1.76328940978545	239
-0.0933780173908101	2.18615248911191	11
0.0187178414288098	1.73082290264151	104
-0.0766808373532002	2.19886891537901	663
-0.11394658133512	2.15994676253587	663
-0.0941969341975502	2.18803084594322	11
-0.0735115914751301	2.23050826433177	239
0.0234680776512102	1.76336385484048	239
0.0407747128525902	1.72573846207276	259
0.0216371718583201	1.75279571838875	663
0.02890532830894	1.75624626442474	663
0.0333614298681701	1.76515449358433	228
-0.0721356509322	2.18221102133604	11
-0.0933780173908101	2.18615248911191	129
0.0376974660276201	1.78825040842562	228
0.0341224328898102	1.75800966606099	239
0.0349575576119001	1.7476040708216	547
0.0209911359141102	1.75779269442633	228
0.0314461912960602	1.75491193954846	11
0.0066945059186998	1.72845592564377	11
0.00710957545607993	1.70709549119351	415
0.0212205356105	1.75236126583843	415
0.0461119310193201	1.7779184374033	11
0.0906093264800698	2.46331467570937	129
0.0239781122824598	1.76263870806536	259
0.0379797404265201	1.77547626350938	228
0.0769456841037801	2.45161578090588	11
0.0235596179620199	1.76092025709296	185
0.0371556669938702	1.75335838613405	120
0.00719336888182998	1.73244887992211	547
0.0469655432890899	1.72549606469904	415
-0.08432409533467	2.16790151055858	648
0.0680032133106399	2.49125135826828	228
-0.10344179506585	2.09693231615522	547
0.0503664227218601	1.74524950591698	547
-0.0917816675184899	2.14929590952314	11
0.0369390861488901	1.75055443782218	488
-0.0621797956940999	2.1869144894221	837
-0.06737921746155	2.19009672666228	185
-0.08574953927124	2.23291042965255	208
0.01546623043073	1.75002074763643	837
-0.1024419999343	2.17196310695592	11
0.0390206679546101	1.7142961683824	259
0.0101421275090199	1.74019612353105	837
0.0158803250392801	1.75044711130464	11
0.0267467240127202	1.76616704687936	239
0.0265676086317099	1.76540184055778	259
-0.0819966426786198	2.21063264003197	415
0.0181042707721599	1.75666097713263	840
-0.08515166332608	2.22401427600593	488
-0.0784233147111801	2.15646198617154	488
-0.09167995154723	2.14972396498255	248
0.0321700747136799	1.78026665832039	248
0.0776505025038401	2.49156135254766	837
-0.09278573970805	2.18550208077573	228
0.0257199625605802	1.73761978806267	239
0.06428050871842	2.47965101756431	11
0.0331901380664399	1.70518064080795	239
0.0429978196684702	1.74334196558341	415
-0.10235430965686	2.16895791562	415
0.06894690677967	2.49807194500252	239
0.04308329735544	1.78273337554263	415
0.0381202200528099	1.77866058288672	488
0.0176195594584199	1.7478452773406	129
0.0431909874642402	1.7535580640454	129
0.0407160795738002	1.74604602841344	415
0.00454929941904991	1.72583626182616	208
0.0238935661948001	1.76226593184663	120
-0.0877131594202498	2.16297071297816	228
0.0419106546060499	1.75812496591709	208
0.0325210682611301	1.76578903213022	11
0.0101421275090199	1.74019612353105	185
0.0158803250392801	1.75044711130464	129
0.01546623043073	1.75002074763643	129
0.0271642451682101	1.7882009108053	758
0.0339188132078498	1.7713584790422	129
0.0369390861488901	1.75055443782218	415
0.0176195594584199	1.7478452773406	239
0.0592054788509402	2.48638007526213	185
0.0383142749991201	1.75740754542839	208
0.0848420338636999	2.49422114621029	648
0.0307768748439399	1.75859398683312	185
0.0429978196684702	1.74334196558341	208
0.0618494983622799	2.48306760780054	129
0.0263793569516499	1.77460351315333	129
0.0636871756471602	2.46835758662431	228
0.0314854457773901	1.7594083641165	415
0.0271642451682101	1.7882009108053	415
0.0158803250392801	1.75044711130464	185
0.0409092579785	1.78667105794429	208
-0.0780205371828502	2.1921462710636	120
-0.10185246833591	2.20046154651165	129
0.0109669118149101	1.73097006899876	239
0.0769566605982699	2.46843280974768	248
-0.08707421076969	2.15832671276357	837
0.01884046099436	1.76001338712733	228
0.01566664095709	1.75278318538375	761
0.10911180503239	2.49459508249336	228
-0.11394658133512	2.15994676253587	11
-0.10378342342987	2.13188533396435	239
0.01884046099436	1.76001338712733	186
-0.0675751371751998	2.23654370139201	228
0.0265676086317099	1.76540184055778	457
0.0250062200768699	1.7627695206282	761
-0.0987230780313499	2.18344506329651	228
0.03873695158777	1.77888244788449	761
0.0401576221055899	1.77940352472172	11
0.0259602657669	1.77571958773482	421
0.0419106546060499	1.75812496591709	208
0.02890532830894	1.75624626442474	415
0.0355285837416801	1.79046075418453	228
-0.0947830847983	2.18405803923853	228
0.0287360625220798	1.76328940978545	228
-0.11230183756218	2.11750723605921	228
0.0504283264501999	2.44597085033601	758
0.0333614298681701	1.76515449358433	105
0.0212205356105	1.75236126583843	833
0.0381202200528099	1.77866058288672	833
0.0347646396389099	1.76862235817381	228
0.0293239869881501	1.78591308132808	228
0.11117429707259	2.46700200946184	833
-0.0906457879194198	2.14271750897601	228
0.0748553934351599	2.49032776109231	228
0.0231435162296498	1.73201404957501	758
0.0218212603712402	1.75712836725798	105
0.0135210311175298	1.75012145464247	228
0.0297428279585601	1.78478163746822	833
-0.1010434741319	2.18060830902935	228
0.0456854066424999	1.77956358080194	833
0.0346859298275599	1.76190632052241	105
0.0465386431905901	1.76335665313056	228
0.0180347805208601	1.76953980875816	758
0.01777816209853	1.74164342306101	756
0.00973055556083002	1.73977878983205	228
0.0244008758448002	1.74074991139183	758
0.0265676086317099	1.76540184055778	228
0.00627961604148997	1.70770884021049	105
0.0325919291812902	1.74981757796973	228
0.00710957545607993	1.70709549119351	758
0.0456854066424999	1.77956358080194	228
-0.0941969341975502	2.18803084594322	833
-0.0963098981195998	2.13384235483169	833
0.0181042707721599	1.75666097713263	758
0.0306150942478198	1.70560809108258	105
-0.1081258706289	2.16440710240586	186
-0.09278573970805	2.18550208077573	833
-0.0699037257870998	2.17337274342355	758
0.01500883638476	1.73542556969229	228
0.0209911359141102	1.75779269442633	105
0.0245898330360799	1.76233303311063	645
0.0250062200768699	1.7627695206282	228
0.0135210311175298	1.75012145464247	228
0.0417574770069198	1.75519593531386	105
0.0156216909910998	1.73787599175762	833
0.0131097064560501	1.74970222628579	758
0.0267467240127202	1.76616704687936	228
0.0763247749269298	2.47978654895957	228
0.01500883638476	1.73542556969229	120
0.0433908090463899	2.4280744267328	186
0.0180347805208601	1.76953980875816	186
0.0850153254242998	2.47139436465648	228
-0.0976945290447699	2.17964491231402	758
-0.10533384769222	2.1481466060417	645
0.0404854273422601	1.7573804658212	228
0.00442247435587984	1.71272695085662	228
0.0355285837416801	1.79046075418453	645
0.0856902155489698	2.49136020480283	228
0.0358035991660999	1.74701746436338	645
0.03595018693674	1.75966452644368	228
0.0218212603712402	1.75712836725798	228
0.0405832365282302	1.76998070490232	758
0.0313269185021898	1.75202678253973	645
-0.0781059072286299	2.16177697436949	228
0.0281965087487999	1.72741467268495	228
0.0649100580703799	2.47906369468442	228
0.0456854066424999	1.77956358080194	231
0.0133666451088899	1.73522578079681	228
0.0381202200528099	1.77866058288672	228
0.0261436927025902	1.76649910992419	228
0.0317484045302998	1.78137918388793	228
0.05152184682228	1.76914236754964	228
0.00526081246017007	1.71937661870384	228
0.0271642451682101	1.7882009108053	228
0.0181981585142301	1.7630799900606	193
0.05322812771167	2.45043213265534	228
0.0263793569516499	1.77460351315333	228
0.0255413569551299	1.7463830158366	228
0.00772073509995996	1.71141901723628	236
0.0041355331447499	1.72542030368589	236
0.0206074801703799	1.74987860684014	120
0.06775373349419	2.49408378970377	236
0.0629808842556501	2.42857621419995	236
0.0321700747136799	1.78026665832039	348
0.0218212603712402	1.75712836725798	236
0.0133666451088899	1.73522578079681	236
0.0109669118149101	1.73097006899876	236
0.0864464608294302	2.48097301269711	703
-0.0894484597766798	2.18449798017207	236
0.0210241924152399	1.72021946722123	236
0.0192543073591001	1.76044171960393	703
-0.12405814276527	2.11138845853995	348
0.0212205356105	1.75236126583843	746
0.0109669118149101	1.73097006899876	236
0.0120195581054201	1.73341175575919	605
-0.0825962553362398	2.22453207137743	703
0.0238935661948001	1.76226593184663	885
0.0131097064560501	1.74970222628579	236
0.0271642451682101	1.7882009108053	236
-0.08515166332608	2.22401427600593	244
0.02741277359286	1.74871357249702	746
0.0329411574337501	1.78765901257722	236
-0.10176659623193	2.14882159108102	236
0.0459926999375999	1.762992208784	291
0.0491477156944402	1.72821921698157	236
-0.11025000240326	2.16079495917658	140
0.0328020767282302	1.73117655357339	236
0.0473204265481799	1.71270177993452	140
0.0102855994626898	1.7359606377124	236
0.0291593849257099	1.75584590970342	236
-0.0934423425969499	2.17090019829947	236
0.0176195594584199	1.7478452773406	140
0.0289650440247602	1.74686640103219	107
0.00973055556083002	1.73977878983205	747
-0.0727098292483901	2.23860087237001	236
0.0131097064560501	1.74970222628579	236
0.0625624139354599	2.49919461207222	140
0.0361448519505898	1.74714593030472	236
0.0131097064560501	1.74970222628579	236
0.0372748970201702	1.78143272151952	236
0.03595018693674	1.75966452644368	236
-0.10160877263153	2.15884302596771	236
0.0372748970201702	1.78143272151952	236
0.0339188132078498	1.7713584790422	348
0.0379797404265201	1.77547626350938	244
-0.11967142492383	2.12588209371254	236
0.0245898330360799	1.76233303311063	236
-0.0754725363222	2.22350715423687	140
-0.0910294892108299	2.18153360624748	236
-0.0780205371828502	2.1921462710636	236
0.0102855994626898	1.7359606377124	236
-0.0732116845265098	2.19510824627007	140
0.0649100580703799	2.47906369468442	231
0.0405832365282302	1.76998070490232	140
-0.0786237714084201	2.19337240845935	236
-0.0831769592747098	2.19239479957497	140
-0.0766808373532002	2.19886891537901	140
0.0214061082732901	1.77973211485229	725
-0.07983876928891	2.23258687400266	140
0.0459702311259602	2.41449611764401	214
0.03320723659697	1.73788250448247	724
0.0267467240127202	1.76616704687936	40
0.0367266178461101	1.75496238919636	724
0.0127032534025902	1.72114002754028	140
-0.11654599140425	2.12581001309822	140
0.0497252214991102	2.45648185439241	140
0.0829606821992899	2.45215912277942	140
0.0543273091226699	2.46856573560278	244
0.0109669118149101	1.73097006899876	54
0.0192543073591001	1.76044171960393	107
0.0323753612060802	1.76072701078593	107
-0.0650516281279798	2.2081080225941	140
0.0381202200528099	1.77866058288672	140
-0.0845601448582198	2.17951186711392	140
0.00526081246017007	1.71937661870384	54
-0.10438841212174	2.20001723243838	40
-0.0902327336784601	2.15356107211219	40
0.0297428279585601	1.78478163746822	140
-0.0856395849322	2.15935795407542	54
0.0184501814026801	1.74719372001359	26
0.02120031048115	1.72983895401708	140
-0.0656581542080001	2.20472253795711	40
0.0572196852047902	2.45230455312298	118
0.02741277359286	1.74871357249702	26
0.0636871756471602	2.46835758662431	140
0.0347646396389099	1.76862235817381	2
0.00187444044546981	1.72276714370585	244
0.0122903849650702	1.74284785118264	135
0.0127032534025902	1.72114002754028	135
-0.10692214802045	2.17320514617663	244
-0.0721798691695099	2.19543949998298	135
0.0469655432890899	1.72549606469904	135
0.01546623043073	1.75002074763643	135
-0.0848049501844601	2.16073848554074	375
0.0124369916748202	1.75475715657275	40
-0.09143766830661	2.1473240631683	2
0.0271642451682101	1.7882009108053	40
0.0295797247395799	1.77747306964363	167
0.0435084722200898	1.78951797761964	167
-0.0638376686992901	2.18508562697836	375
0.0133146104208799	1.72552552793546	40
-0.0908507948638202	2.19503761414028	40
0.0329411574337501	1.78765901257722	354
-0.0875590456064201	2.14656660501198	40
-0.1133629844842	2.16096939549869	167
-0.0990667285756701	2.18509997485927	354
-0.09219317173112	2.15751839786991	354
0.0192543073591001	1.76044171960393	40
0.0903265543091298	2.46342030070308	453
0.0267467240127202	1.76616704687936	354
0.0830769976031101	2.49646642647247	453
0.0145900855186198	1.7364930255418	241
0.0109669118149101	1.73097006899876	354
0.0225185091931999	1.73514381497273	241
0.0118776946148702	1.72176583860569	197
0.00973055556083002	1.73977878983205	453
-0.0695378362622501	2.24067174909136	883
0.0244008758448002	1.74074991139183	167
0.0201909486624698	1.75096064138591	216
-0.0676669465658502	2.17221663391246	2
0.0351071647482701	1.7915886071351	152
0.0598564002999802	2.45221210398698	154
0.0607840242211402	2.47098851078284	883
-0.0935578087312798	2.18567641074681	167
-0.0729523134526402	2.18696383752769	32
0.03933506147066	1.72850935055886	32
0.0300002478974299	1.7552238264429	409
0.0237978584971401	1.77796058405828	409
0.0259602657669	1.77571958773482	32
0.0213036005566698	1.7595063451196	154
-0.0916498601864899	2.20866044907652	32
0.03854315922564	1.74332033436954	25
0.0209911359141102	1.75779269442633	379
-0.0914455089262498	2.21591565722839	379
0.0233800876724799	1.75617268239177	216
-0.0784366719302301	2.20962187119746	25
0.0160405475504701	1.73830892918756	25
-0.1091149730814	2.15342073015928	434
0.0181981585142301	1.7630799900606	25
0.0176195594584199	1.7478452773406	25
0.0176195594584199	1.7478452773406	25
0.0441264512939901	1.73525393170296	25
0.0267986306365202	1.74416078377178	25
0.0401576221055899	1.77940352472172	25
0.0297428279585601	1.78478163746822	25
0.0120195581054201	1.73341175575919	25
0.0379797404265201	1.77547626350938	25
0.0259602657669	1.77571958773482	25
0.0255413569551299	1.7463830158366	557
0.0372748970201702	1.78143272151952	25
-0.0936429355871602	2.16397848635961	630
0.0225185091931999	1.73514381497273	630
0.0433815749237301	1.75643178186667	630
0.0341224328898102	1.75800966606099	5
0.0413332744902601	1.78556725644158	630
0.0122903849650702	1.74284785118264	5
-0.07577941949845	2.16544704123525	630
0.0257199625605802	1.73761978806267	630
-0.0710493422026799	2.12931295439792	630
-0.0934423425969499	2.17090019829947	630
-0.09317858790383	2.19466691848917	150
0.0066945059186998	1.72845592564377	856
-0.10593585776614	2.11708049527172	618
0.0263793569516499	1.77460351315333	150
-0.12288613811064	2.12072750910526	53
0.0789915212414001	2.44222461605284	792
0.00758511761751013	1.72123636760271	792
-0.0539267051799999	2.16878998022648	171
-0.0945377424038498	2.18955247707771	171
0.0369390861488901	1.75055443782218	448
0.0271642451682101	1.7882009108053	171
0.0314854457773901	1.7594083641165	53
0.0700038325344501	2.48491327201271	887
-0.07074906915379	2.23032655939212	448
0.0405832365282302	1.76998070490232	448
-0.08574953927124	2.23291042965255	171
-0.0877246592328	2.18737222536446	171
-0.0837741373543701	2.20097265518492	53
-0.11321386643037	2.13789952159719	171
-0.10235430965686	2.16895791562	171
-0.1064224138215	2.15519416477716	171
0.0244008758448002	1.74074991139183	171
0.0101421275090199	1.74019612353105	171
0.0401506747518101	2.3991240029519	171
-0.11991944225011	2.08295413310876	171
-0.05091819076921	2.15072768632278	171
0.00973055556083002	1.73977878983205	171
0.0199363393006098	1.73202857255246	681
