x	y
-0.137022898273207	0.308623836879434
-0.249250385031753	0.537972662977863
-0.0770718221782265	0.128094462823766
-0.409351574842319	1.08893627120531
-0.359000646811407	0.905336364334358
0.14727857304821	0.26405270663161
-0.42753854973633	1.12523242642504
-0.335835986226056	1.04445121305258
-0.17565607800009	0.406310912917202
-0.320837186390631	0.837363116166522
-0.155002272685272	0.36745431215709
-0.326041001753108	0.986096429875527
-0.0630783197582072	0.119430057314091
-0.270316397248667	0.712410793258072
-0.301949173997715	0.788652980684524
-0.25129384469737	0.464063189624554
-0.391503902717426	0.851013969999271
-0.221155919774907	0.364777354904123
-0.441736296361207	0.82035353458785
-0.825878870807405	2.44968117581161
-0.3366182237218	0.618964633384971
-0.312653842105208	0.484830442208903
-0.731519765246368	1.62675134753919
-0.290301909284863	0.46141244522018
-0.280453657644347	0.442535762720004
-0.499860719010363	1.04950488664677
0.0238115656922071	0.027583566755255
-0.302145440616981	0.441709760242715
-0.118698244973503	0.135782493096872
-0.246507167061561	0.287892042201753
0.0889519183080053	0.0804992410412199
-0.335139637544527	0.25336128291063
0.144080425177491	0.152764011174407
-0.454074332104805	1.38720156947446
-0.530320298392724	1.80979415516505
-0.678087510911592	2.13499709099218
-0.532155439588242	1.65395549766053
0.00327896379446646	0.00487806219135594
-0.472945524021749	1.50635769663015
-0.564854957000027	1.78801800270689
-0.280084389551056	0.606506321680574
0.0562044787343777	0.0866288024165762
-0.275752374944053	0.55971722980592
-0.527403900786381	1.20055246475967
-0.0137229955535445	0.0168388910965067
-0.210969303759172	0.310261292986301
-0.615166093746271	1.25126369254358
-0.133707905299729	0.187351694271195
-0.0238967484469437	0.0269949360158754
-0.767208462791687	1.98587851246298
-0.305983019855634	0.509346634155526
-0.494919643029579	1.05612103679957
-0.331611283705084	0.367950488481341
-0.511357394609584	0.921882643402253
-0.288125166922837	0.415967989118804
-0.389080862948014	0.593906210041653
-0.320592477034159	0.47128384040769
-0.239659287854773	0.314596464191208
-0.209975086310389	0.325336930891397
-0.38112011399711	0.614289144641946
0.213219996681407	0.289828198541142
-0.0420509421439067	0.0424966027524333
0.144464851408941	0.184389242921893
0.0271790156723365	0.0304557525027934
0.141395850606733	0.197527287231503
-0.483779396725829	1.98013307996864
-0.30328382019395	0.687451022221776
-0.277293867714534	0.762547337244672
-0.697078165712678	2.94208403948126
-0.583771895517763	1.78196783089031
-0.612746321918178	1.92375518013862
-0.400835670536816	1.11031602990145
-0.494518376101593	1.56272954988227
-0.252270651698988	0.51139328247917
-0.386141747954493	0.914769295151435
-0.11642062068147	0.203748515614715
-0.023644477200276	0.0307748772448142
-0.246761727846947	0.375446890235835
-0.320485701844981	0.477051778602447
0.366538622044193	0.557173519676963
0.0973962079696326	0.128631333836656
-0.705003136609826	1.68552186345605
-0.168142033423336	0.232175775480997
-0.181549479417608	0.284351610565051
-0.416036331322539	0.800799541185766
0.00787103990317639	0.0103896115148276
-0.652986062958846	1.66127602401578
-0.265776823360293	0.40940195829678
0.215074996993672	0.233645841062311
0.0950699338062385	0.114686199662345
-0.450494416424929	0.771835125927487
-0.741136041667433	1.99203715945551
-0.936860425125695	2.28619701276931
0.320649194198586	0.425892575630736
-0.795744100185662	1.79060735070968
-0.260827665508162	0.374911678402113
0.0526367869625298	0.0650872865493644
-0.010169638552636	0.0113595536037891
-0.0207201228903802	0.0216708988150106
-0.422382674383791	1.67395258669664
-0.485360976867114	1.61620153249929
-0.62223123757508	2.37753934796932
-0.827868382285202	3.59533772013404
-0.644259511103515	2.12804133542366
-0.245768525707163	0.495191462770352
-0.452504146397371	1.26116066456632
-0.433310069205324	1.20313147992837
-0.75940480100765	2.85635181933975
-0.49884837171744	1.34107695220045
-0.43014538879258	1.06784560175494
-0.219701133087903	0.374739370425098
-0.162423113890152	0.219973333900035
-0.639673978618538	1.30334719560281
-0.0687985245158037	0.0814233435993552
-0.305322178011888	0.489166031179759
-0.197527435189913	0.275484696613815
-0.225022867550406	0.312272957095474
-0.305390605880761	0.569964782376805
-0.720303461565915	1.69288511030214
-0.150585264927477	0.219218510952766
-0.412082392305633	0.733008747963206
-0.438615871216967	0.805419559335086
0.402210839395921	0.508512162324824
-0.314327796907797	0.497851189997188
-0.0540944712001282	0.0661205963208316
-0.572844238310647	1.18717085868181
-0.496024365947403	1.06545829116634
-0.641736873904608	1.44096334982731
-0.728672595322545	1.66806044436671
-0.499187886853371	0.908821654388133
-0.117829248605525	0.110604075815712
0.136808317885835	0.179829358196997
0.107964252480936	0.128674616435849
-0.325656214153143	0.465222759353439
0.0241108250857496	0.0272356906561393
-0.081234723281026	0.0958952536191229
-0.12374134194293	0.318032101064182
0.289494337540102	0.714322045381796
-0.394757147501507	1.23834847777782
-0.705602284657288	3.01673927004533
-0.569216525762442	1.78701062379584
-0.319095275610452	0.779547374172102
-0.422595696725651	1.40115404540635
-0.885227304979966	4.3382677300477
-0.33005151332236	0.913671430020773
-0.728710109622351	2.50882182650096
-0.519234298356437	1.62378568580422
-0.199915089000601	0.352327147571768
-0.606083468645829	1.4161576772061
-0.317516303098573	0.586209246744532
0.544172062254186	1.17306969814014
0.115275760122141	0.142102210362177
-0.785021726072949	2.39421418542822
0.241973862330763	0.36214298318303
-0.365069228410537	0.819502564925463
-0.164520387749345	0.273658288106842
-0.499367140512207	1.12710811554326
-0.54016554358773	1.33526224866135
-0.634982130820262	1.4461677268061
-0.323095394851611	0.431476651767929
-0.0690532713215278	0.0808221871070398
-0.89534615512041	2.04880473003993
-0.167018158308525	0.261597732681102
-0.642521349497211	1.47201837621099
-0.0958509105555919	0.116674769632313
-0.208855538802093	0.342032110906653
-0.455551715816974	0.908298759812716
0.480279902064946	0.637686283907252
0.0695374250144354	0.0864901728824083
-0.731162439044375	1.72622472353051
0.317778395309747	0.505100008957136
-0.163845329463192	0.218798799269138
-0.0677384490260919	0.0890326003388525
-0.539535432833012	1.30688150788372
-0.202225127538635	0.97251234460522
-0.174363607390392	0.691863158423956
-0.310157965431444	1.35182827532068
-0.201087988481631	0.529019006666834
-0.664568886524566	3.33788910412315
-0.873153733932062	5.31829218095948
-0.357567501551089	0.992661145135339
-0.249728913257276	0.606745568759239
-0.350463068980521	1.02993089225047
-0.657554145857873	2.81498048870889
-0.514970419017566	1.72238991447102
-0.551178908923411	1.78984565698821
-0.315302934714771	0.788589065950048
-0.237185338051914	0.490792050591831
-0.13223404895456	0.207146979900388
-0.137738941120832	0.218011138614411
-0.450528688783447	0.828438393474761
-0.0347584545475328	0.0429395293244645
-0.589784742668984	1.35148637960059
-0.234511384247076	0.343157270137533
-0.446829996350954	1.01893807158253
-0.193409970345774	0.344146829562778
-0.416233042807604	1.01900356944186
-0.584631344985324	1.57399972465515
-0.334778236522333	0.671287510260373
-0.334975596013083	0.444676865330963
0.110282872010713	0.149627883975058
-1.5978035297086	8.71344037162128
-1.21052123360962	5.78614177776139
-1.06005928913109	4.56731346672128
-0.65856800896068	1.4056333580584
-0.461854757011194	0.978685548563662
-0.118680026902226	0.181292662840657
-0.762937496791947	1.52298028701499
-0.0807889077731435	0.101649028519665
-0.244088949609167	0.365803265152983
0.0679271696504	0.0834191153978529
0.0734689098365388	0.0958071409036568
0.163762427969405	0.262818366984114
-0.132787015686684	0.193144832087709
-0.210042328676762	0.734874498912095
-0.239029029705355	0.601768561730196
-0.35481188041901	1.1382513475293
-0.440941147355666	1.34562022564772
-0.515357482888926	1.34511262676336
-0.24648722806829	0.49100150942091
-0.605000121457796	2.11508646555914
-0.415916576090939	1.11867996730233
-0.585935148812747	1.74381121061058
-0.15834985816195	0.268910786072096
-0.518601092304373	1.2974635027804
-0.327888411502318	0.54477981407068
-0.249388478590122	0.396592663175974
-0.449960941512156	0.773135479270895
-0.15235179079019	0.200830932275898
-0.460698143809093	0.76533157015267
-0.0819297471432957	0.0986128433215147
-0.420453820325006	0.668064940196507
-0.450280030084215	0.916229808415636
-0.219479441387593	0.31429465836598
-0.544933050229331	1.21256119768291
0.089353379258806	0.110920927807637
-0.386100260529151	0.675727587453638
-0.651986722510613	0.856050043341542
-0.314653491605607	0.456948151975751
-1.01881355335217	3.56666844510591
-2.04778122892088	12.3290650561291
-1.17487079026928	3.35687345486124
-0.410717478891787	0.732328664714642
-0.279485462993	0.3906473775428
-0.302038459367459	0.41758417948943
-0.622208366453316	0.881317266996029
0.0514630533821431	0.0568191655579083
-0.0543166241049435	0.063642218209903
0.298088874546766	0.371381550459643
-0.114566998569147	0.135592895814642
-0.174536658652347	0.249172286679146
-0.418831338846289	2.26831154456584
-0.210576530460796	0.716485494879574
-0.381084567508949	1.35974610118784
-0.658079504154712	2.37609110468577
-0.298288547512373	0.868681626018545
-0.527287074419141	2.17629121885755
-0.326210092158492	1.0576691379315
0.169338743990657	0.372026040760487
-0.403233455869868	1.26948987144724
-0.162419048504591	0.306715678894041
-0.497986302754935	1.60744561933169
-0.386243640257728	0.729417314607853
-0.17545942355197	0.280609644295244
-0.618544966747055	1.4745369316195
-0.255298234907728	0.498301232329397
-0.127580490486366	0.184930583497173
0.0785806601904109	0.114523035328342
0.0659267071302368	0.0986077875677838
-0.404150805741472	0.977729532616758
0.00432360328131466	0.00549900264663897
-0.104734979008235	0.158873596745342
-0.390311514126556	0.649486627629401
-0.31059448796143	0.616871098396816
-1.01592914698997	5.6704222098962
-1.04744278845408	6.70697710426302
-0.652423068333432	2.39066838094375
-0.211818650229741	0.37140496004508
-0.486732592729083	1.22929504794795
0.0261314738168715	0.0324382533945995
-0.3377877993698	0.465560178905145
0.051258016534871	0.070729122215371
-0.02561140207998	0.0303465734633765
0.0803357890548894	0.104747712294447
-0.039533299758322	0.0552452463162158
-0.203082589908672	0.584793680968831
-0.395849603314099	1.64188580944207
-0.624715021747149	3.67695082599601
-0.632942596484703	3.27691381911999
-0.323481226206805	1.06627295208025
-0.306669590184701	0.948999117110109
-0.149861412271422	0.342591476840516
-0.597733011397583	2.28334609686662
-0.192550305627665	0.382453495966046
-0.304361653573276	0.694942746414628
0.00986308023515771	0.014272873408619
-0.230415489627887	0.44504392928635
-0.535128369718868	1.56430206026773
-0.556532247398654	2.08825927064445
-0.419990139186176	1.3104245178523
-0.537546638087526	1.94699587161614
-0.44270838798281	1.29962452717297
-0.291254326399784	0.689089716175912
-0.492389228886195	1.07312479231129
-0.663461476099744	2.1528769190046
-1.96492159942171	21.8261972988151
-2.35148181839614	31.530874711586
-1.17579653962102	7.62763156022784
-1.09705948869988	5.41709907919263
-0.82198508623203	3.70072389425824
-0.398253228869283	1.08716846268958
-0.2464283407603	0.365140597056032
-0.0458812911649008	0.0698005583657132
-0.104691377280963	0.1627830854517
-0.55475580786676	1.4986290291563
0.0302414514796643	0.0480296869152541
-0.558177938147711	2.65999556952388
-0.64197583887419	3.61922104711684
-0.742342332223483	4.91079254113181
-0.406506685516265	1.74697381333971
-0.072558327664533	0.157109638151985
-0.659940022926066	3.44292051436128
-0.149463576150796	0.354180144549606
-0.213349673319188	0.518160530915991
-0.452577186321723	1.20908066897529
-0.384806770020086	1.03241652363768
-0.538851562673841	1.40115325642438
0.137613709992614	0.261223289193051
-0.447800915156962	1.17002804295453
-0.273866855597587	0.685704596551469
-0.426534000733251	1.30868562501775
-0.0500741353187772	0.0931442751570201
-0.548937137483438	1.77428179168836
-0.195929025855896	0.441769604563267
-0.569215872460918	1.29507908079471
-0.476214967096382	1.37629584606208
-1.01132926889178	6.36989048891117
-1.17673750419348	8.99417376902466
-0.608318740113768	2.45153618107885
-0.240798309779827	0.583463912921328
-0.586888928923581	1.98001190884144
-0.530920774771511	1.62785510283685
-0.0891484546429408	0.137574675644341
-0.478950689906874	2.419134247192
-0.618989818132502	4.12089783515544
-0.585351861804887	3.60588266189521
-0.39181980160239	1.8315392761554
-0.0239645084992462	0.0513399892311225
-0.354414444315157	1.2870531232378
-0.0978688601637611	0.22638086826456
0.0189431797473139	0.0387227225214952
-0.55131872396295	2.04075185707747
0.152263758172942	0.322067492450461
-0.531687345485617	1.83662401465347
-0.230302416172162	0.569752765869071
-0.160317608144518	0.320899481909881
-0.302062672391884	0.845439913642348
-0.203115155133765	0.520559517442618
-0.0960462580228744	0.209989876381269
-0.268817837432452	0.755576716265816
-0.365463664347267	1.03040883714774
-0.095664838132697	0.152826216280751
-0.231053678172772	0.557282087405212
-1.02440262555047	8.98984330900589
-1.14552468493284	12.267483139433
-0.404390118585413	1.48575666451372
-0.0736396616738256	0.147486107910412
-0.209446802498468	0.522556363924158
-0.0686775677997345	0.127245122288973
-0.303928491840187	0.537623973671053
-0.460427148922956	2.06249533335732
-0.410063805709061	1.84296883160749
-0.740705293046291	5.33486185963467
-0.234173273694381	0.753856766401194
-0.232242109196093	0.696005713330053
-0.483507300148716	2.00165390106742
0.011956045278792	0.0221496349422161
-0.0231702956233138	0.046888442437949
0.271252908890364	0.6901461678676
-0.155476530011764	0.326482116009756
-0.362105423165483	0.981064872896511
-0.0551028697410991	0.0993224708628478
0.19120262995312	0.405591479472329
0.0998084440177641	0.193858313822548
-0.0452921318391344	0.0813485812564133
-0.144228063378098	0.329483810146489
-0.00184170968532904	0.00327079780502603
-0.311100505684504	0.798762261241218
-0.4209753524691	1.05416002441252
-0.495517700754722	1.53219199812872
-1.69221814086785	23.3547920737046
-1.94577677764236	32.6806665085017
-0.603385940381537	3.14459076108511
-0.0183085652783753	0.0317679050383185
0.293652019533316	0.880496552941095
-0.0213198999450522	0.0364527273534604
-0.0377529675023909	0.0505365112504781
-0.52336014116279	2.74353733796589
-0.628393240250316	3.92992304815014
-0.528068935361146	2.96689477621178
-0.40430520515869	1.79753188943478
0.0480082063147846	0.105001097024921
-0.325205644861867	1.08058182806232
0.109254679990928	0.233828996697401
-0.416695924813418	1.26184234199204
-0.0205200166195098	0.0341265212159933
-0.379887745967176	0.910707881050628
-0.111732196443576	0.184322941107037
-0.0554175680878533	0.0937256155873181
-0.424408289433613	1.10992353229167
-0.15564836347417	0.315829599276069
-0.27964640874214	0.753393693183183
-0.639420594567918	2.55281242716684
-0.788141588645654	3.42132868817504
-0.413843307860343	1.1570311603335
-0.297825144541346	0.532559386696403
-0.481150218041879	1.31935410235218
-1.18121172156879	8.49821572745562
-1.34070905899228	11.8203760308892
-0.430766297105574	1.46439085225672
-0.443399465645842	1.31206322572654
-0.367253310078009	1.05968041707343
-0.0447261508477543	0.0739158716452681
0.0117293746762871	0.0151686188097166
-0.436798917931008	2.31044239242734
-0.769206196395752	6.04029605345184
-0.585557454411914	4.05371416617258
-0.692253689513582	4.62346852742152
-0.0595452531353738	0.13764682605198
-0.340686146806402	1.30435406488468
-0.222212681544184	0.655837834690568
-0.275154065396551	0.853687619094421
-0.0835161224570028	0.157472221870437
-0.2087928415576	0.47424640333641
-0.323755125923749	0.757937072528433
-0.39112026119366	1.11977683714591
-0.285072484528509	0.689363362233607
-0.144121773693313	0.320237627086268
-0.317773786638012	0.948744331504835
-0.582001227529346	2.52513202905872
0.0648578521422457	0.131446833654876
-0.274480275169184	0.730966832028017
-0.546270414779098	1.41827922194274
-0.490547191907126	1.56253770977552
-1.02520727866199	6.72998338570107
-1.17728035053782	9.36543402150583
-0.376590683005919	1.24116257049848
-0.625130365379181	2.37067416888375
-0.195767727017662	0.455035317274417
-0.285749657760791	0.701748665535037
0.142283453832571	0.202533393123875
-0.0965028585165441	0.270945441326482
-0.606312969867222	4.22870622920869
-0.638193903539022	4.80487807665578
-0.304380454881113	1.27057269942474
0.0788974138578139	0.188601887938081
0.0338433294872061	0.0734070215404633
0.296701092337991	0.933206556762987
0.16932964314208	0.447714399589714
0.0945356295869758	0.195790278278226
0.0975947723753411	0.190760204817701
-0.0620722845011757	0.111501880614791
-0.0227711495592642	0.0398963571575205
-0.0295850653442351	0.0454338406853637
0.240593990978273	0.636393732863256
-0.0188482729532914	0.033793449934202
0.0326882829805596	0.0634269884567533
-0.0987192661830175	0.206872398511847
0.0750306132193105	0.133134965340234
-0.0902933886709377	0.141850348877123
-0.078183273006337	0.13993736962071
-0.504012234756799	2.17984605935856
-1.14112418352838	9.12434124648427
-0.252252684179719	0.715241236478136
0.0617979190183578	0.113400514523985
-0.0165575245746799	0.0276916637410223
0.00973316883782761	0.0150836980045331
0.395800952764606	0.730469375155048
-0.280460317769536	1.51780045557738
-0.230507956792895	0.94244475487084
-0.291077630599453	1.42328949899665
-0.175648024031285	0.723941032816928
0.227555217825632	0.890289341674935
0.800643091408223	5.76838687433014
0.529465680572794	2.82800923361257
0.797566918473219	5.29485976739119
0.643271403587844	4.12004030216084
0.465604093133221	1.96013754434508
0.272060637226949	0.818877222301396
-0.0381329918406238	0.0737342065680909
-0.146754328447953	0.367928182642488
0.0808916434487328	0.152907515147323
0.686213679773288	3.45469197812534
0.555401026284542	2.66408954868641
0.77833431533794	4.35883356943897
0.552566180159616	2.40226790594354
0.453232194517877	1.62390438430321
-0.280624667136985	0.642293675988944
0.176429261005291	0.380689821387833
0.00263588866854264	0.00606183187597231
0.0417847770056553	0.11690850934187
-0.252522041049592	1.19722273169892
0.185910826933093	0.738374093429738
0.391320514345055	2.02626736982581
0.720421706199269	5.32544897003664
0.456596794150227	2.92057219351816
0.401042536173522	1.86690938378027
0.14924414219637	0.419573699408732
-0.126223010854064	0.28630254791827
0.0727839580261401	0.16920626078056
0.400111144330635	1.40619464571017
0.432343394701285	1.83527084189718
0.0942243021320272	0.245977678585641
0.316750881052587	1.24444614293764
0.733845694669257	4.74947594035047
0.434000601990073	1.6371754292581
-0.193863212396868	0.40907560513708
0.647271419475294	3.15969647994481
0.0180179250292838	0.0474895592508987
-0.0387350576422148	0.115849720159993
-0.513775004867189	5.20369244364096
-0.122313851364557	0.516745220314228
0.252616873608652	1.46711892282742
0.386113033591309	2.76122599658834
0.621434149036372	6.94575221617833
0.190049231437882	0.796876965150594
0.160181534445231	0.595679638973109
0.00661175556887743	0.0162201569565968
0.366444043361975	2.04366276868099
0.135867175042612	0.444690819159572
0.254543385697213	1.18128942891129
0.155922590134904	0.650865214760456
0.450862632143588	3.17208307132689
0.688402094184818	6.0358556168691
0.324818545451026	1.58282872011991
0.0380547964677925	0.0851226598240655
0.149711741513523	0.518190716535603
0.428866478214594	3.30232872062308
0.499612784936354	4.53101459936651
-0.211976215494022	1.31843082091728
0.18304358860588	0.974244520193987
0.283512072800473	1.81199372072799
0.570789909850035	5.52340380442038
0.852822428945211	11.6586385516345
0.288577855904701	1.52816283951673
0.0702498422107324	0.210800818685022
-0.0643089966125107	0.179372807945004
0.278207356750837	1.31306987609532
0.380480866641423	1.97586727648877
0.374242533810598	2.19602422414907
0.368675306446544	2.26091027519652
0.391068003518793	2.39946014437279
0.731883145573885	6.84402930530361
0.456853163490181	2.82027556861577
0.143511627156812	0.424435253195951
0.523644616057202	3.36345028493121
0.783094455741542	9.12573604647043
0.363766687970007	2.49697384971463
0.598073009070487	4.76133570612574
-0.28218010527647	2.09875662822473
0.0708629265286203	0.270517952939426
0.241192344108365	1.44198848329281
0.472394169642927	4.14750556188245
0.87303098470663	12.1986663265759
0.428621087068969	2.91054687181631
0.258795636554122	1.16764804946622
0.37246318875553	1.88024052926201
0.14643848111771	0.540401293146052
0.422056171148002	2.27304223505836
0.0572210171296073	0.163447033864945
0.109555564358146	0.392331905870666
0.490207016381902	3.52402285692661
0.624617602831641	4.8224465750803
0.639055406918446	4.81427614653979
0.365436870319232	1.4561245321041
0.480750217789616	2.5971978619624
0.950752457184789	11.1489048703696
0.838134977218048	8.69561285689018
0.648943833678824	5.17896672670942
0.410279110592703	2.08124081825079
-0.34131757888875	3.53064865065426
-0.156854272292098	0.918791811559335
0.141930329590682	0.702270670620757
0.26189837525107	1.72251233668051
0.448138687153518	3.90105736215419
0.7844562367868	9.55373225648532
0.293538490787693	1.54882676372143
0.241676900874563	1.01302141914015
0.191114687083453	0.694386169370904
0.345619216767348	1.87154885588541
0.40423597712965	2.12970881813658
-0.0107493624616632	0.0281804076206909
0.0343992325758002	0.100746889007882
0.298128414151484	1.55395053053807
0.41574756417639	2.48973456494627
0.428519207004917	2.41637778395647
0.369863463731594	1.33474769792721
0.693348467905689	4.93131228909951
1.00067097802515	11.2760974286567
0.994313088067473	10.2371368190303
0.640553234620177	4.46348340137292
0.42341216138822	2.11221572779748
-0.275883485940833	3.11790587245681
0.0220752027765795	0.088623948433118
0.194535555046149	1.25295507021429
0.243218650771141	1.66312832174061
0.383791609745538	3.24333738413945
0.525361667582726	4.95999813417172
0.181775028351517	0.758651993119888
-0.0307245204857766	0.0811870711069042
0.165258631194996	0.561868379118047
0.0156642111110118	0.0415477634689146
0.363344797888169	1.86365492771938
0.0786245305946603	0.264412100002714
-0.133421209998523	0.520145340038473
0.362990011906646	2.20483794317148
0.111709641533354	0.393880214554911
0.178563461141235	0.723046952379764
0.535380163490557	2.70022732244735
0.468394497107982	2.77125891088674
0.705044914393228	6.19558183464582
0.735538759648573	5.99102763584689
0.206066410918841	0.811293920600292
0.340525986515783	1.58396726516813
-0.685942497613963	16.3971974840626
-0.113127947944995	0.780640492010019
0.193464109452133	1.38158927669688
0.141492970299487	0.798557207053124
0.166717489303947	0.919721506487975
0.248506797261612	1.57268020287562
-0.0213066931864187	0.0630175866351789
0.00603696669325863	0.0153932054680548
-0.0374766794700432	0.102448188402648
0.137337594298995	0.524524807448652
-0.195368418267557	0.79277417030901
-0.160075002061694	0.678190842609405
-0.266612541324571	1.45525224755611
-0.0191754935399453	0.0553543424422629
0.057034943174475	0.181297324629783
0.14798857440822	0.563157675764307
0.12485999988118	0.335951208093749
0.0998404423485807	0.315943803717154
0.500393235682662	3.93537035181549
0.514778051070857	3.79289465576415
0.32838490670916	1.72663411615437
0.330988586068891	1.60926066188988
-0.71735348630235	17.414681965454
-0.090555994877993	0.567844069337723
-0.0554430709273661	0.259197503812105
0.0784607876201679	0.356381226271439
0.0542093007891009	0.209604765328579
-0.0685333417476355	0.236822726913333
-0.028535904010345	0.0812838093452183
-0.11203734948589	0.368506043219698
-0.27113070607007	1.48596057342078
-0.343375056504236	1.84486048059061
-0.246586940862416	1.32818229807347
-0.344968172023106	2.26944241428489
-0.250328592711077	1.31721408605906
-0.146386565261777	0.588490422684094
-0.0741041855597363	0.234610617444251
0.0195568219016847	0.0434621784798713
0.0810627748200139	0.245528830074632
0.286550587805193	1.50921746824735
0.292499787109139	1.46255359747593
0.0677526987517341	0.203917677651816
0.293160308740506	1.32506039763571
0.380580352114677	2.13923584523722
0.36597130429438	1.91932840871942
-0.576376471125671	11.3928908430787
-0.176312601023487	1.45918792529667
0.0603762166051289	0.273602352257875
0.107833445887814	0.508649618665134
-0.313470114682206	1.9525869589993
0.0265385009745726	0.0758882848530265
-0.0451149479425401	0.130238987720822
-0.201074390351007	0.942967437202657
-0.329688069564738	1.72550543782626
-0.323078738703068	2.0169588046986
-0.381345092046813	2.70511540032466
-0.36536483818566	2.35071314964937
-0.0427805043386013	0.129595997151235
0.0890128326730402	0.292219254899145
-0.0604578914052028	0.143572576822035
0.032106763397333	0.0868435353737938
0.228208608622175	1.08966513446903
0.688898056786435	6.06217088956059
0.0913275960118169	0.287813496807631
0.261505094869869	1.06419795879173
0.296008463069001	1.4541946698896
0.437190485372599	2.63191470773625
0.498072699357678	2.71718737817776
0.577255202722714	3.26721526420236
-0.690231543429053	15.5389641076234
-0.110771323912411	0.719055116188304
-0.144091795455023	0.830181981802671
-0.227804889809306	1.29969133969654
-0.107650829269928	0.388072842639484
-0.0983986411939333	0.345118744153275
-0.508945992194295	4.29420214635016
-0.41397251856288	2.69555785742593
-0.491707537461258	4.28724444352798
-0.462261619017072	3.96195387190307
-0.445678772343303	3.62670062341229
-0.295191108158932	1.71011607269625
-0.184356918172295	0.818534173754416
0.0569834834993258	0.148982021684265
-0.063946079310854	0.195910307899244
0.125353277232519	0.51714879207747
0.350282715337203	1.98734274988492
-0.199298362918783	0.837901863422517
0.179808717563169	0.69105268139514
0.483828861171693	3.26446419949844
0.484297807676813	3.20161832145117
0.630601871707678	3.50976034046286
0.457731066490724	2.52500547000576
-0.61991929303692	12.3894746165205
-0.291183513078302	3.03416188167993
-0.433234320310892	4.13616551739216
-0.222392171308093	1.19886224933481
-0.273473636017093	1.50817245226357
-0.332265216521194	2.2728150119131
-0.476914724692814	3.70847139440158
-0.475185269083034	4.30515961095917
-0.65471167358081	7.54726816326979
-0.478183194928713	4.34443906835337
-0.253823114805031	1.47900301027816
-0.288905926547366	1.61238293365832
-0.0114476256422244	0.0265971884545313
-0.280317118216286	1.48987434603628
0.348279316288746	2.44509508391284
0.609079728400093	5.66420728814325
-0.0219784347555417	0.0623786363184487
0.255669338911878	1.14887196532307
0.185144939459907	0.75059224325386
0.640857749016223	5.1657897346254
0.557658823180815	2.79935721202206
0.608937299185399	4.12591731933141
-0.70760741502643	15.8339116509634
-0.239346904489781	2.10517086458626
-0.235056586844309	1.6100249038319
-0.217761924076484	1.32266785998734
-0.291675597400083	2.17306890430024
-0.505864982324835	4.84407934489569
-0.597193274488611	7.62720442705298
-0.730976153325365	11.5396814738338
-0.230179734614343	1.60565710630233
0.152832962329407	0.812434777489459
-0.0980092454664335	0.413408592522673
-0.255500996932513	1.30272770418575
-0.387582792118963	3.14586902193174
0.701100857934936	10.9918926199198
0.85639862250288	14.4773811210481
0.511254573957533	4.99596666138672
0.501302384484644	4.30393394966203
0.601432920781639	4.60822137182184
-0.61263502534369	11.7463372875578
-0.177288735930505	1.32392749361432
-0.0844448787966265	0.388973619378175
-0.175225285385259	1.06428781675655
-0.0800993321794194	0.329999184624586
-0.331142544786666	2.79079162815345
-0.308568665173764	2.54537973643578
0.0323483654120773	0.117324911786812
0.281188057497872	1.9446634843161
0.127767244161454	0.559712413117567
-0.0565172581708535	0.166131548328135
-0.0442949408146585	0.146860820883043
0.452338371766098	4.17009585453784
0.484224971686591	4.11875727087928
0.305595350445951	1.78240946090593
0.252907491410144	1.1818837585796
0.385424251403896	2.30461770810931
0.696196983087645	6.00344072690902
0.551223771369541	2.77119072226194
0.681523977541649	4.76673759954743
0.659951077127838	4.33860451479328
0.560742210857238	3.40496383744087
-0.807459008345087	17.8708487267655
-0.272701280977896	2.55858349281819
-0.129727909328459	0.723315842784299
-0.0804112127348539	0.334253367237757
-0.230847168437012	1.51035235314946
-0.0734683625665633	0.309963525326713
0.177159189628388	0.950840242178333
0.355468720932583	2.50423032626993
0.347259372626187	2.30093276188949
0.148141382917164	0.528468209646478
-0.0158433267366699	0.0447127575465268
0.422909625770737	3.34941926109473
0.0614427006719838	0.195107441171556
0.198817655070537	0.821718014708804
0.220368930002344	0.870383470008802
0.645093176757143	5.15516536839405
0.704248803814561	5.44992416514331
0.502646277198495	2.01811787574266
0.788109808998867	4.83732076236231
0.797603696266887	5.34571159386564
0.718589879211886	5.16043632452026
0.111829563993062	0.183847043751226
-0.761371054444992	15.9411008354697
-0.183809078915506	1.41268839245545
-0.147476977438069	0.781746179409297
0.0136336849212844	0.0475522259719473
0.0190289028767965	0.0651960733662372
0.182348739656894	0.964849624147557
0.483146295839407	4.23508815456826
0.31756961097344	1.94006773487847
0.289979365446921	1.25554320321743
0.190104913324687	0.791294659262132
0.436439985517184	3.4307920896797
0.150588880786368	0.589169355804233
0.209366271425869	0.846738272296692
0.307128027851171	1.31414607733694
0.641145482415352	4.60322263781479
0.713243626341161	5.00510037314877
0.790592917037969	3.85163149200926
0.659395748787732	3.59095053406302
0.760301754216011	4.29349146777092
0.804717275457051	5.3117232728622
0.709471259238458	4.2105778467373
0.687362090025429	4.49926696874989
0.615548171596562	2.46992047632245
0.551998296714999	1.65981629898378
0.752151324856849	2.8393109774014
0.623022207554032	2.22042371709226
0.440167808493236	1.10108336139644
0.470330164541161	1.17287531993343
0.633874537781608	1.81728370929829
0.59493013579353	1.71183387702352
0.480625176442817	1.05021525444259
0.606478982674181	1.56354838682102
-0.654837843047158	13.6929227337049
-0.0951987468381344	0.54201059015866
-0.00763630759565786	0.0292548640544484
0.111176847668828	0.569156993224806
0.139885880017501	0.735273713744118
0.313997541707353	2.30296901213825
0.397259790648931	3.16783595675489
0.287392232550509	1.38900509097137
0.136045703217872	0.562584082194083
0.493159688635291	4.49138806077897
0.308688423531678	1.79205422718834
0.114873751241256	0.414758559624869
0.194560816884151	0.738289724325126
0.452975670703279	2.8951573996342
0.57156037346193	3.9722461167086
0.850624985187419	5.19668897788405
0.635049300059563	4.25379444940121
0.648469296198115	4.05168186664795
0.305750770904063	1.31929721663563
0.620785769180159	3.8144485429031
0.503572658349555	2.13391478139762
0.707881987366578	2.88282510042402
0.987056074993055	3.24852914230817
0.550314978560811	2.05554326508572
0.18224936754703	0.351643358051232
0.310918198048181	0.854955363660324
0.759619747186022	2.96191271247754
0.172174863278604	0.345999057302259
0.353533976755287	0.867474212542279
0.484520945931695	1.20969386951391
0.265411569244577	0.463121953344555
0.424077255775117	1.14385628256495
0.43749042911006	0.943987521977197
0.381104119910318	0.908421076750277
0.394472289617462	0.949829620647776
-0.618846844431364	11.2298033206759
-0.101876305926645	0.639778158368601
0.214747144088116	1.51922758830854
0.310540596393938	2.39935108608175
0.275449153842396	1.79774879666447
0.138116520626694	0.601757590354888
0.352962643529503	1.69308693031128
0.0645348975777568	0.211444165481345
0.283597712275446	1.70410637651875
-0.063889578520943	0.200564573649694
-0.090722517975228	0.277139751198675
0.304474438435785	1.3238486974941
0.321562141148007	1.53838724582131
0.594254884447648	3.94869929571724
0.592065637028072	2.61721019631973
0.644392752201622	3.80666677975025
0.626529309262644	3.65027408066187
0.816344553281869	5.57489889286996
0.672621163982494	3.91024388577112
0.780985684998532	5.6209720003056
0.576081113197548	2.58683550877413
0.422209382968364	1.61578123791905
0.198276770326174	0.419213724934977
0.49702207943687	1.39876887381673
0.858916132595428	2.22322950440657
0.289899804409974	0.735540502169323
0.759088911949786	2.18818095423212
0.872457951081397	3.37365834363434
0.489332044916701	1.34912830734116
0.286096994378138	0.568707384919331
0.429299262218868	0.909403667263449
0.791060109891979	2.31369949956638
0.358699087924557	0.636457572512353
0.192140733377029	0.303511009144847
-0.586759928470246	11.9411823225731
-0.017167745407288	0.078286636360701
0.166813071221784	1.11640987529485
0.204109357971184	1.32617022735204
0.176835594580281	0.992121238655563
0.326797305329637	1.91733260788493
-0.0897494377255911	0.347085134696466
0.371636162363494	3.10912076731949
0.155316584685794	0.677528178144892
-0.139368049566784	0.562978806265044
0.0242259488613517	0.0662950966135347
0.253001506244006	1.21252635638405
0.217554523042824	0.942229572443721
0.384417230566941	1.58820580419953
0.886316289209427	8.08119896009147
0.524778424929553	3.21440288669157
0.615566050453786	4.0744825164035
0.457152739122257	2.51293170622934
0.627313229689339	4.67471827589457
0.663910079009638	6.0301661494975
0.411775405801536	2.72316795740916
0.61525925322765	3.59100027898283
0.635569319257038	3.05720718926726
1.09236300286084	6.15420476237091
0.639727169908561	2.58884653947219
0.248804364438066	0.645518026148337
0.442520973339261	1.21349869127214
0.187168370731931	0.431905271525392
0.493410861913496	1.61557851023546
0.501195637611447	1.66247058214589
0.0998192158221688	0.165309833500637
0.323280616995459	0.714714794120389
0.98142225589383	3.12062362585927
0.321369021621762	0.729054130810999
0.477217225026419	1.16636118151704
-0.373371671729579	5.57852882825693
0.0501912179076684	0.264667591348463
0.0909226347001118	0.474142244369648
0.13412452028339	0.732505070523128
-0.0635716743275655	0.218994791172237
-0.178356816058119	0.974539579011143
0.135153078445821	0.70484749026302
0.123207600313602	0.539783572804109
-0.104742646958923	0.40954209910082
-0.130187557076698	0.489238472109077
0.249932480939004	1.34540131541016
0.126864162789278	0.470260334680473
0.503976381344787	2.62771201414955
0.439439636846756	2.61531999772551
0.256351890852528	1.08068043249558
0.445337132191459	2.71031211487872
0.558473621369647	3.47818673666778
0.448715750103263	2.91580269563535
0.595596843157346	5.43569071902954
0.458592755761282	3.21238144059259
0.503661896581854	3.63992904811863
0.618804357839113	3.72432933641627
0.609773068131105	3.20215671864476
0.596127997379741	3.38408972245925
0.560906534510754	2.68811679533105
0.746027298928795	3.05318053736481
0.750770113607993	3.18716020976355
0.290147880433078	0.797432986671064
0.612512165450587	2.02809326339636
0.505209956177688	1.78943575581178
0.248244134132956	0.559261061556985
0.102822411521408	0.195923975142266
0.39767273848071	1.13342629218012
0.588324298555964	2.00390225168057
0.672637823995633	1.82771636878185
0.274598115291235	0.56148156598016
-0.604056968252539	13.0459964902103
-0.165647824493936	1.33293282039814
-0.0775764427428356	0.380794401928819
-0.18798439864084	0.977352782102974
-0.303208926083853	2.29052374777269
0.0527216165712134	0.221503557683136
0.0607315366519604	0.230749333299725
-0.263671336345629	1.55265275050234
0.0589241179880925	0.192331337932782
0.127946638983904	0.531110191991512
0.101467872903198	0.370718518016382
-0.0695495845959839	0.175076753617278
0.225742720325954	0.939711270518092
0.426652569674834	2.43640774163303
0.0933585630365056	0.292694126665303
0.400182258311974	2.28561423489934
0.425575747807864	2.77226573813647
0.50507227438757	4.36168914537443
0.314321719380847	1.90231186493303
0.628887644545031	5.58071008339025
0.558947275175396	3.19766320159057
0.597041257156253	3.17262768558338
0.748956715929616	4.13396207704239
0.521305307471973	1.97986839451782
0.792062200321131	4.10421516691561
0.372276444442439	1.18915494483119
0.675401415412007	2.17880423121239
0.533388348518456	1.96044525034639
0.204865320350138	0.459140680339401
0.231412685573508	0.544315386329101
0.267453682502766	0.617906003614599
0.15012512732581	0.279548448348654
0.694577404458269	1.83778078813824
-0.0684737247054818	0.110986622713376
0.0672922934795526	0.100946968482913
-0.727505087442973	17.6472493962298
-0.171184974254125	1.41495587715826
-0.197549081036525	1.17954658105485
-0.158532101498261	0.884976058613827
0.198114639656049	1.33863769311404
0.158870584656526	0.785383683317341
-0.318947461233009	2.11332982823201
-0.189790980670367	0.86239337546167
0.0918483993233737	0.344378257783493
0.247995623236544	1.25331480346302
0.394425714967799	1.68823061693287
0.29793648325494	1.45656469876845
0.221985545130358	0.91955408753994
-0.045334357372545	0.119870482389309
0.218888513165292	0.880517359260955
0.304540593580604	1.56246423122438
0.528438404717787	4.52092252404157
0.254861298050287	1.38163411817183
0.62279537907477	5.29794757813112
0.604610086832444	3.53943708723631
0.459891701239682	2.01946824673875
0.564884719313983	2.90517003240432
0.347988514140596	1.22216103634761
0.528702830151105	1.96086174542446
0.543553521881461	2.15065536943235
0.238258578934431	0.567169504476921
0.502945175174789	1.41386713804306
0.222815822653978	0.493501391775845
0.483541520434817	1.60518243349617
0.226145837783274	0.493861920394571
0.0850718660801189	0.152685774500811
-0.0349119117801409	0.0513171171491108
0.270352102572553	0.480899239299629
0.444963244972479	1.13047382932128
0.0802986671438511	0.123620200017149
-0.572683394385893	11.0011339831204
-0.193003030258489	1.35524362770903
-0.0000783869221855383	0.000265982529664005
0.205473110384604	1.37653791974412
-0.244361105771035	1.40435915390588
-0.388818286341427	2.68351566845666
-0.132458676333633	0.511506339531314
0.17969775893571	0.800900947652692
0.35044290519416	2.0342426859988
0.354414061920213	1.33989429797873
0.397500148172522	2.12856782430648
0.286607717456532	1.29297700258159
0.282068230739799	1.17362334014999
0.363689193896014	1.78328027241105
0.248167520746573	1.09692051756953
0.422665810246571	2.86654184711369
0.42793212604455	2.95969909233463
0.543941249820224	4.08601956116217
0.53194074629448	2.64161776726294
0.70851943775792	3.58203567543323
0.755416195471232	4.20141974647555
0.604323586207505	3.10510242078782
0.481339463355404	1.94758188173578
0.59239748626656	2.17247489882958
0.233496874412347	0.547775351195177
0.380201014391018	0.905151132284986
0.375293432036311	1.06896900912047
0.593509746321327	1.98409766253585
-0.00901449342517298	0.013674717267703
0.328449511511382	0.76361324561811
0.505706068780165	1.49438899080372
0.560112072852721	1.33248530080594
0.55489894665013	1.4124634418207
0.455884178424389	1.07029757357447
-1.01989835006726	20.5124774053519
-0.341571042719378	3.22462336100737
-0.124209972977084	0.580441708194384
-0.782498713853499	7.82088280408318
-0.52437544402648	3.43641110181025
-0.329667840793908	1.43796411502751
0.0200408460621683	0.0475812050065094
0.284296059821368	1.09265672133424
0.262370547287519	0.656124400409569
0.302688915955094	1.01657126289171
0.00635176689849921	0.0121629180022627
0.629244249671901	3.03228463509557
0.513795186568974	2.00166264683775
0.425560179472298	1.83257986532619
0.346334665814841	1.49793876395797
0.124418999226278	0.354672728994003
0.570641108619698	2.83835937672304
0.622623052886586	2.35011558849545
0.718323097350633	2.92109383763237
0.0428215308329082	0.0701829255582112
0.446915960944311	1.28497269111182
0.794327756051846	3.44935072223888
0.649036676047657	2.0845612432549
0.356665940643992	0.664311601267482
0.282849243976578	0.54294603781338
0.637144067900633	1.80962264717998
0.435687001030535	1.02733207969192
0.401016845151254	0.864738015425125
0.418632802617692	0.895622785947406
0.420089069798098	0.809067616197202
0.363892671836776	0.675641117985043
0.818069654987976	2.11223108834486
0.20269606293811	0.273902455858007
0.276649418848499	0.333783373879121
0.865754766780542	1.85271312784073
0.56216376479796	0.911360250294922
-0.803943783672089	16.4466623586158
-0.271052409572411	2.54819992251984
-0.448913833933974	3.94939649785261
-0.428336268355354	3.25378750521064
-0.416666056893503	2.69552750614782
-0.278745808184739	1.43896969045927
0.00556735293541224	0.0140895836897198
0.0148441107249035	0.0309039001636606
0.292272300035516	1.23502451650848
0.398791780419604	1.94105345508205
0.0410276599323764	0.100615702940652
0.475498301521691	2.47712804848875
0.295948459327239	1.3104255681472
0.436756397260975	2.90162212367202
0.0739901410291869	0.23286045037263
0.490217021651249	2.94307221123847
0.771693416531448	4.62161835599755
0.704989410120211	3.62306069592023
0.496388387343961	2.18136729749669
0.769674532603078	3.90185719215895
0.500693726530051	1.83225159401589
0.327804366571465	1.03655307817929
0.694230137213898	2.92573444159603
0.623947697459671	1.81965702046626
0.555132756319023	1.76647812286736
0.69201011220438	2.85176608932457
0.670315700428675	2.63716039848975
0.201535577021787	0.416718825606609
0.492267194769757	1.38997666252163
0.408822341801671	0.975094862896078
-0.00598647545021201	0.00785245409686952
0.701654937827764	1.89904836557478
0.776827677909418	1.73421137520004
0.331786472311951	0.639869145383776
0.327945793860793	0.541739396378677
0.465062698769796	0.863893346024117
-0.732397516923846	16.8388351061805
-0.811016052110457	17.9028034908596
-0.363909483600649	3.43591476657956
-0.0630859061939233	0.251669873345696
0.130376437794747	0.661134985646196
0.152050555960699	0.754780641188132
-0.00920755820460492	0.0232919154787105
0.148098685645949	0.616965195924875
-0.0477181277435995	0.143950851248446
0.266758136809074	1.37989238851297
0.0327629385314436	0.0949923114791859
0.399598632987024	2.74422456223174
0.734871772922335	9.65549873216757
0.135357484417582	0.636429379075118
0.747797260356791	8.4106155104979
0.796152569671252	6.52589685843766
1.17752952250986	14.4785153622532
1.15026793913994	13.7043820364329
0.171555789082852	0.588111711912696
0.406708076423817	1.92120479383491
0.29340568886363	1.11106271641578
0.420168796884596	1.6528878985092
0.290867167844239	0.829631464716804
0.509175899120201	1.85360477134263
0.516761216441217	1.93821636395278
0.498928132620859	1.75493297624423
0.72782555226145	2.81564440398918
0.197554329354818	0.416254573744747
0.335170262307359	0.724763370523118
0.42192107122145	0.873979917644514
-0.749270105938915	19.3725151526711
0.235496202251995	2.39595802490722
0.612499199680791	9.46404678122289
0.635498913297058	9.7424700919512
0.479161065759157	5.16011870358419
0.294612673060219	1.71607995060395
0.397166410962254	3.24547189846556
0.207071001667596	1.01407983901964
0.173898419711797	0.856873844425518
0.471682897830387	3.91126474574645
0.439127946728674	3.76062636826547
0.738659954199832	10.6476508236246
-0.184891029941869	1.08464250444597
0.84804749606335	10.7363709966513
0.437842617982817	2.62609263472623
1.18053242014082	16.2057245316424
0.95330704182116	11.8639087708915
0.184582097243603	0.729334022958911
0.0959659375199241	0.270234653663655
-0.0485682925726997	0.116690352222393
0.136163089043647	0.352755240847921
-0.255946557408243	0.725792050503752
0.670934745358612	3.08113774061563
0.59108059458905	2.11605816406541
0.566764045682058	2.2939573501164
0.156452967813388	0.388781673332902
0.480639768640469	2.04941800421531
0.505267526087374	1.90700084968098
0.218749615693129	0.570302270978152
0.554860545731727	1.51678603731439
-0.42028503571223	6.91869155655833
-0.0205265136747649	0.0950014463937477
0.265591124592718	2.46829292670411
0.124684398303809	0.671772251583963
-0.0500383234290336	0.163245344605258
-0.0949500714633524	0.402936293783516
-0.138099461082715	0.63226270673839
-0.0349998405139448	0.11669478839739
-0.0142942091191319	0.0432977709152143
-0.249154698386926	1.47657962544976
-0.0155297193132826	0.0538803187147744
-0.435910267700988	4.0324264889521
-0.227721224196969	1.22602626549037
0.071712788707997	0.214137149781242
0.441445655504848	2.77463991520192
0.353172472936022	1.95220466028991
0.200666113966819	0.694759879212909
0.0216802213578502	0.0491195929287687
-0.15887814511296	0.494276903081888
-0.376239585443427	1.50039968357793
-0.114091801553084	0.249634129915438
0.345309104122489	1.12890677702484
0.638081464594067	3.18760103913564
0.379411717321705	1.6275380516444
0.543338899147455	1.53317544437455
0.298730470828105	0.883259347753061
0.466683121119588	1.3704210169995
-0.100281189272291	0.231352872165308
0.281910046427428	0.783445194495505
0.328739213774834	1.06786819733518
-0.0319779818931122	0.0577460462944111
0.262165465276576	0.636016828506858
0.466291924269462	1.1516217727977
0.22898500530801	0.486792331401295
0.254430896994547	0.549802755475201
0.189423389324428	0.396060893934683
0.313081927926467	0.766364927528521
0.167842733132416	0.291420661987858
-0.555103671054676	10.6227544570317
0.000793714710061973	0.00333339362548871
0.0714211106602745	0.326348806856382
-0.0121405818321939	0.0353267486664804
-0.138230730998188	0.648560852349127
-0.34299920772774	2.38444038150571
-0.2758543730556	1.65996597625882
-0.0624957215138793	0.211395116233779
-0.291925395668395	1.81925780434563
-0.284903620687013	2.01261211688928
-0.552809347117206	5.64298471166605
-0.389206127256117	2.64845485352765
-0.11353222677909	0.349174411078666
0.400843654764776	2.1983034229194
0.418090944898965	2.39709229957072
0.247687687012097	0.841243376303918
0.0598617772193192	0.147191125355185
-0.625344813272979	3.77787020789253
0.0524954424557348	0.112456356654962
-0.065664729451225	0.125956151373264
0.430911015463449	1.68403112231194
0.487656549285174	2.06287602908418
0.414295653070535	1.68003499782014
0.446907879474628	1.16175093878359
-0.0187711846016706	0.0346037565000986
0.16718969004076	0.313207691747348
-0.209004276073761	0.53741247024235
0.00690434282760518	0.0120178908792639
-0.462872411146105	1.60320001726046
0.453915997119991	1.50479997905696
0.197231969433172	0.422031523681203
0.690811883510397	1.98841168063853
-0.137668286851288	0.270335023579925
0.00337492634595449	0.00497362315762466
0.0359241685917463	0.0573990020325109
0.0412531165671002	0.0675162890303473
-0.524728464961122	10.1439525176191
-0.0243411474938069	0.108802215956392
-0.0444591997626489	0.160972310840221
-0.0961536733787061	0.44782726909955
-0.131366748527866	0.632733083652307
-0.122971901398963	0.562526275608849
-0.0729833071245072	0.274986892038931
-0.0540609810691519	0.198789042318068
-0.0596768087694847	0.244933117983624
-0.505205169691165	5.16770465602991
-0.0573943905523204	0.197257488134063
-0.0514871472107149	0.143985678944009
0.318048853161907	1.58416045477119
0.504410790594762	3.62855876551363
-0.145423532595599	0.465770850945766
-0.323026355053252	1.36324014230908
-0.0176687849255949	0.0416897790138408
-0.115982014467703	0.306602892002683
-0.171425040495856	0.415363624599734
0.434756635648279	1.7923773299664
0.327571358306103	1.22116231214492
0.377130139454429	1.54767240773107
1.09605328014753	4.68901698186226
0.0243250609953564	0.0456411844556309
0.11572054190737	0.209608505398576
0.0134749347530542	0.0254709740354124
-0.0222029715148356	0.0419611546006338
0.358714897291108	1.16677948629262
-0.313144068312393	0.858781623983301
-0.25897878435048	0.696508659113071
0.417561649737832	1.04425107288354
0.257363135541627	0.606769637796274
0.00776300598513541	0.0113531846884469
0.197586080281207	0.433581027120048
-0.642570122535234	13.4153035035515
-0.19252856664165	1.37936096784042
-0.104845419082733	0.555649024957137
-0.00290653538329487	0.00967795361657062
-0.0106208398844022	0.0351633372925805
-0.0628570982685277	0.235152515764651
0.119036520278703	0.548754699380895
-0.0693353552251983	0.286328915047251
-0.36744109348419	3.01234115423371
-0.0255701785203798	0.078385944295372
-0.00149590880345641	0.00358574554624696
0.239902264466511	1.05258926704449
0.123598041644569	0.413449603015824
0.201604172172902	0.675725660322752
0.104512667026995	0.293666778225518
-0.319685156220783	1.42660203035356
-0.0663872266121486	0.157107355689864
-0.513544938770525	2.09106584094647
0.301995953727565	1.07040271019721
-0.0162715597351739	0.0324750359841189
0.445812396140246	2.01463612599593
0.218875036563208	0.414966600359016
0.138261845974164	0.349701394101335
0.277353023819679	0.719838872043735
-0.0287374775508778	0.0548188821758593
-0.0872381808813966	0.186988835632445
-0.0370448803968864	0.0704111587512636
0.072350270821401	0.138505170358956
0.100675465751862	0.202807494923097
-0.327430896014128	0.756355656699387
0.0506912281648372	0.0802675843753751
0.153941706656728	0.303721652354169
-0.014903282762662	0.0241263675900446
-0.138902785868343	0.282623838530459
0.309131655094683	0.633384413354793
-0.784640118409212	13.6945753389638
-0.197395157901495	1.4998795960425
-0.122901254883533	0.557734929587264
0.0058464858390355	0.0170857316882819
0.19676462560856	0.888525364536391
-0.0115940496408614	0.0330476601773057
-0.0257410899083215	0.0783448666275113
-0.14660521875319	0.569515753272424
0.0102337942284065	0.025355067219923
0.0222433340115127	0.0472736961938858
0.444555359127623	1.74542540474757
-0.0263928791729496	0.0516883971130562
-0.0513842088265557	0.0980779681334176
-0.0689423871437583	0.141456315419009
-0.143207690736905	0.341438178104181
-0.00739504366707675	0.0118530823782119
-0.0295078875134108	0.0419603154978747
-0.0125569802302538	0.0196256335801362
0.257326622070119	0.572101123765855
0.238038722031875	0.576883387326769
1.05993256966214	3.14789448607938
0.0578426754111288	0.0911782426771846
-0.0475148132721972	0.0641363149031409
-0.0377100060208716	0.0588914217524472
0.00799372833065369	0.0113779617553693
-0.156274227572969	0.276506629774933
-0.0345918353775739	0.045948044044062
0.13812449757721	0.209279955640105
-0.0563861299096858	0.0586538714718219
0.471322302578845	0.974237974444004
0.504561664219623	0.921406651968113
0.0548485271318658	0.0668007940186968
0.0398762005581273	0.0499341712507838
-0.641215518101919	12.6905499593477
-0.127150476121301	0.7887422484896
0.098599857476969	0.470063930117459
0.135760569163886	0.668576829502517
0.0107453010037464	0.0352560651861044
0.0466481006814447	0.173786795484943
-0.273108625353534	1.74247702286
0.00552780076247309	0.0157770056983889
0.149393357907293	0.493143734626592
0.0782700540172492	0.217980881406439
0.110941573021587	0.330141777376691
-0.128640427861992	0.359245502770684
0.111135952023533	0.301174718923145
-0.123778804695407	0.368729781201362
0.142428638548287	0.380602722071746
0.216307627399765	0.554670620375851
0.241902470649016	0.697080150031283
0.280656248926519	0.847563863351942
0.366145727919971	1.30121542506711
0.111999732565507	0.193466287161585
0.0529523785277513	0.105066445882768
0.0922427315537192	0.157290737826882
-0.450037795659597	1.6844151013491
-0.0780436822294946	0.153236637457454
-0.577252780202293	2.20163500987597
-0.341140429744231	0.934597973352863
-0.290240508253777	0.707151132614352
-0.190311666249083	0.336304030847336
0.195142825519653	0.371275534103175
0.129852707225098	0.225007665879244
-0.0555541279517403	0.0893579128067345
0.313110114183314	0.729212787146654
0.169357162162105	0.274970091754205
0.11770651991048	0.194793050852634
-0.75750961693224	16.8508632220286
-0.085066005838839	0.477686824307795
0.0433184136230456	0.173411478219461
0.0521824470693923	0.203014338592861
0.0962446754847849	0.416304332585674
-0.0880791550961179	0.346836184105009
0.0507235604183595	0.165182514358328
-0.150473954033208	0.488771147541808
-0.038995308839092	0.0956232495262198
-0.239093966102453	0.916444833349359
0.173619330171774	0.523599155450885
0.282682795268058	1.02654564449707
-0.125791601615383	0.364106868221662
0.0744156068742845	0.174067066103367
-0.224985251642339	0.562226996864834
0.106594116492642	0.230818533717851
0.198954410245603	0.484546057544241
-0.139990761387995	0.334747155036925
0.202868278554306	0.355949465354654
-0.135744577854416	0.3211936459731
-0.201504556589693	0.465713652371954
-0.0222444170234208	0.0405946959910852
-0.0997110744055889	0.201702669857629
-0.498027167928538	1.54090869558794
-0.564665712200291	1.86025839732731
-0.080727706556006	0.13661493752798
-0.0970414547242679	0.140878136493192
0.0907373181303416	0.152945360778848
-0.30811375270197	0.646033032979319
0.248902326453872	0.546141983501597
0.161915047464057	0.274025107297384
0.146324866226731	0.254870150314032
-0.590312181807081	10.684004664578
-0.058536359957445	0.287301418948195
0.014010894916758	0.0506458716393338
0.0475960513111585	0.187901571672618
-0.212518802176737	1.22047613987094
-0.035708829123628	0.113472179051688
-0.111311520353998	0.349385755831963
0.0579322666518979	0.154475805692939
0.252526723028475	1.01525915960579
0.122793608370651	0.325485731796905
0.212998193495156	0.707253664928213
-0.0969048387279044	0.266784190183012
-0.169040363745307	0.466175443502631
0.0840981373710341	0.168315120385679
0.316734872507809	0.949629500243523
0.379224667474721	1.20167371590754
0.522727099674779	2.11350255874858
0.736855037958919	2.32295678451856
-0.176817799703678	0.426091496287545
-0.0913987999522561	0.169071882317714
-0.0321778549939969	0.057581351990105
0.0133496524735132	0.0224431976667539
-0.422333261177127	1.30325010929382
-0.618407786417711	2.06948024697879
0.181062392730583	0.358626019150043
-0.0411754964825299	0.058910186212613
-0.311808972847809	0.674356068094537
0.311757275916296	0.610053022659871
0.160911983848147	0.307169345985601
-0.0550093036253013	0.0875277376805358
0.0387657292205091	0.0584197021515987
0.0946224376070788	0.143874471314023
-0.0267139215262732	0.0374696433058395
-0.502078377877984	7.82871742078659
-0.103439222844645	0.596640911678512
-0.0152555832909851	0.0554622919264507
-0.302510727198417	2.1777284738447
0.0198837299933759	0.0610329464813791
0.210156312079138	0.861470335247654
-0.0330192508806668	0.0822777161392675
-0.00833920164666172	0.0194682195295345
-0.0136754004597928	0.0286085644656493
-0.173692438590441	0.506882281685295
-0.349757787635327	1.58975093197771
-0.159215443837867	0.453592029501984
0.0374420945668265	0.071886843715688
0.301203135585278	0.948086811028993
0.05051623329924	0.0997339105177094
0.190312096695827	0.5185242862046
0.418181879639284	1.04263409072962
0.102393954531919	0.227285340934658
0.068393552943767	0.118031061193548
-0.451310947020453	1.51554855921513
-0.100972965436157	0.202396536308623
-0.406523011520169	1.27844503329821
-0.335352259856823	0.867279475068657
0.160350953002732	0.281265475933655
0.445842496341502	0.959969498868295
-0.264475861125315	0.590910719822431
-0.119894626189685	0.177954872375604
-0.134569087129081	0.223555659387361
0.110077826671493	0.152093468754447
0.156393888435448	0.232566550085708
-0.170786342814251	0.316423757811017
0.0737867005789881	0.111455360454609
-0.558894368431812	10.0657064670143
-0.142790544137335	0.996605708015107
-0.171110532656563	1.04193472493275
-0.0198029746006241	0.0662559166746143
-0.363648933509025	2.16826521949197
0.112655583843247	0.377940447398813
-0.081402398317982	0.249531138104414
-0.166528324774727	0.542793641954222
0.222453801120714	0.845534432907045
-0.172716796791244	0.632967634595677
0.060487032828694	0.147395593305986
0.129832069226017	0.314982630482654
-0.121996235995803	0.302871607919489
-0.0278500584805733	0.0542012267325937
0.382472718000436	1.63177930507646
0.240933274520545	0.496422864931129
0.0581016835667153	0.127984908658147
-0.231418965418081	0.588350220877195
-0.451422103740588	1.87025401144282
-0.320651880146547	0.997003418371608
-0.312322606454959	0.954276281833745
-0.334064149778122	0.975726206342666
-0.161026877675857	0.349732796335463
-0.0508425964453671	0.076527824502903
-0.2892596767225	0.733456230186682
-0.17433141184693	0.322589072504167
-0.107435869272341	0.182021091486592
0.273712004290588	0.460246603770774
0.0208343457534664	0.0286438889140348
0.263940119973031	0.499978616421966
0.047799505519682	0.0778495426582205
-0.0172523050818333	0.0247311719240751
0.0337163884086609	0.0490212793540964
-0.0344708050599796	0.0437784690057745
0.0159019005123918	0.0249890144764537
0.120541302410126	0.212463293313741
-0.642245994647355	13.8917166383884
-0.267316860641609	2.7785927263569
-0.0232992186576493	0.0881742706691716
0.0299153076512174	0.0960786238523802
0.320269975950704	2.02863541605349
0.308950187037402	1.87122897812345
0.163020381038444	0.61289045205283
0.0916034668083492	0.295991423251452
-0.373695301730001	2.17430502933853
0.0272891192166679	0.0688967835287198
0.0906533662595718	0.231965577484262
0.237004263852124	0.849879193140171
0.396316424429753	1.85789809679636
0.666200087099826	4.82747955238178
0.435725565223884	1.35688874125225
-0.0631522402561711	0.152797757954994
-0.237209521876407	0.703793273440827
-0.210394476106172	0.679409160974237
-0.100219420204257	0.255423333699222
-0.554016553629203	2.70186640532481
0.0244680036169687	0.047431901951554
-0.338031238398207	1.03246882466211
-0.263615462031431	0.559699486897429
-0.249389863578688	0.644493719991905
-0.342913060908629	0.926548175158547
-0.012555755768988	0.0218435736045325
-0.0643642230585823	0.127954695798011
-0.00443023963745334	0.00650640373664079
-0.157918043592733	0.280120785694229
-0.112601903309979	0.207414996549119
0.0877199289253671	0.1465698744517
-0.0768775195476314	0.135557670547722
0.0050422517507101	0.00783020840373731
-0.488554129618296	8.75679436808308
0.0838845228477798	0.492459378515518
0.0249197944600251	0.0872538729027956
0.271831917980359	1.74763013555369
0.166662139149496	0.799837480167634
0.204922778243218	0.928962671262648
-0.00380846484461125	0.00996898345621451
-0.0946266368106668	0.336721056834495
-0.237415786780696	1.06851607913611
0.116125987947256	0.339085614478951
0.276175019079938	1.13576597667872
0.290994143979133	1.22883707845745
0.441855965544802	2.6325501876956
0.433587021700626	1.66646963468664
0.0902130853239714	0.262604289081493
0.0850995643618614	0.199694951843054
-0.182143020412017	0.599351988300272
-0.117222146488521	0.318214119752532
-0.259340620038922	0.956543780387446
-0.277930027064986	0.943491392064773
-0.503689670186559	2.06439048512324
-0.115595176415382	0.238068303962574
-0.131567182389216	0.315806093024405
-0.31491103193353	0.888735411227996
-0.0758632249869045	0.15909888954636
-0.209217283437972	0.555429835585994
0.26085186488079	0.670725077455776
0.0127179892085161	0.0205424700568315
-0.698828455538314	15.4305634554613
-0.246396484661948	2.17462426086359
-0.106401440848893	0.494087546773456
-0.125167946470457	0.582784283402964
-0.0401467241320628	0.130711296053114
-0.265743339503473	1.51510681082885
-0.446698807462672	3.57137186750104
-0.392678457837726	2.65069963861387
-0.453397574305778	2.73926364142462
0.154435598473227	0.588473373794325
0.0687186159888937	0.20141926895324
0.14823503599562	0.547414575401502
0.337039648442236	1.21733095282527
-0.312601717283391	1.51448638991935
-0.555052455197497	3.11353238700772
-0.504867891966146	3.23793369168481
-0.362080500780486	1.78604709411774
-0.735038317072207	5.48625163619604
-0.626114661357725	3.74513009005949
-0.464150682475512	2.16318770721884
-0.0376255601734752	0.072632751838375
-0.308200570440318	1.06586967065029
-0.601751136490807	2.72612144432791
-0.3567659999223	1.32260471591803
0.012312024481984	0.0241697368156797
0.0845892943913995	0.165303259438136
0.102821770643031	0.214448909044802
-0.218260970855106	0.505232723807925
-0.114206298801767	0.241281936733531
-0.176192152500846	0.446496645698097
-0.273986369566131	0.794172019786048
-0.895598327113128	19.836647467845
-0.209957446928366	1.51000381888381
-0.289159078358979	2.04785807691299
-0.252991336903687	1.42306013381451
-0.323381434616075	1.98125163342968
-0.580314736611565	5.48169335451803
-0.588144131479389	5.07380957309212
-0.476391746852377	2.93649744868315
-0.210546532209612	0.898514611911058
0.125311766714542	0.415081098616227
0.00438001393292105	0.0116659534705611
0.098288915821653	0.235897102385736
-0.42438000229014	2.43727463504727
-0.713842948997023	4.75014402206711
-0.503628093165356	3.062273239287
-0.592753873624694	3.92706406145061
-0.698964088186878	5.25709083103722
-0.754077447997953	4.89700606219439
-0.462947843642122	2.02171498526832
-0.409188227209732	1.35795361036963
-0.31782022157399	1.12672253754034
-0.380804503190736	1.31098841220762
-0.344308305176662	1.13620609160034
-0.211887700003834	0.608710694243899
0.174324559103344	0.377270148461964
0.311104421300691	0.789959061531996
0.113202575154386	0.207382781538845
-0.0023112964906955	0.00351099793927961
0.11926660771101	0.266837663022752
-0.473066453897991	7.46363846755804
-0.0750334172199355	0.43573013249857
-0.0490237388254478	0.211252373057609
-0.318867217311945	2.65517012507395
-0.686848680158564	9.75032381127199
-0.899000001673836	14.2457856167914
-0.682770486232368	7.73760024388801
-0.290181093114821	2.11929786424766
0.254857968003149	1.66265165211431
0.331642978041886	2.79620433983341
0.116086785408804	0.413700964740917
-0.203109146988123	1.01832437493222
-0.417802210035486	2.70132732644106
-0.271661890231042	1.56179220913977
-0.318557178678357	2.08765540254787
-0.548986644712659	5.40781889163276
-0.139000574894161	0.555100924905571
-0.0994589983671958	0.325237139569323
-0.382383344597684	1.82671208880202
-0.51680954016284	3.47555204143311
-0.259887777260504	1.00396102224108
0.133648285091975	0.336059642301249
0.0217208527537204	0.0445160820159584
-0.0891603227397246	0.222236334767728
-0.495129504255018	9.23288960805593
-0.234844738351106	2.34476514088729
-0.36985398726809	3.94403345520651
-0.785685386213454	13.7347606591631
-0.696203437092372	10.2273560357829
-0.564801083349005	6.32541982436753
0.172349576164047	0.993653753196211
0.472234487129071	4.98802467078486
0.577154541206889	7.49923537532973
0.0713410252562341	0.229788800196331
-0.134017849514727	0.581548257326506
-0.252848074961051	1.31113820960686
-0.219125423822538	1.17739436167722
-0.405507476444848	3.18091007415913
-0.51096722910248	4.78141567238015
0.0598192775413198	0.202393781748123
-0.0990262926339582	0.34823118969013
-0.373643979910539	1.90794858909284
-0.236916410657729	1.0483480310966
0.0355036590096386	0.0905290931614508
-0.622063928302028	13.4632438805357
-0.0815497827771741	0.497614592023712
-0.263048001908049	2.40367886972361
-0.364144111708225	3.64596178886079
-0.170326186977474	0.986821056971136
0.419249218685252	4.15682437041954
0.392106565811474	3.54033823978725
0.483060225273636	5.37070237524194
0.0953110924326498	0.337149423844134
-0.0267401024596943	0.0863035153442753
-0.254010993195319	1.32325118832356
-0.107283564833016	0.418709222527557
-0.169879524618071	0.827693304602556
-0.137880261372005	0.586772307635868
-0.254828236747094	1.29476496826484
-0.0758599961479232	0.247603213536352
-0.188689046744533	0.661914921300228
-0.11556942646353	0.355922928162735
-0.555609599798358	12.0367442045398
-0.089622069549031	0.600521974331349
0.176539414437923	1.31231555429462
0.180793587104365	1.13359428646055
0.511281649506299	5.9126508650579
0.480132569885195	5.05985391231987
0.209747145940024	1.33494834174188
0.0726707790450842	0.234842706202157
0.105594403705692	0.429467075865857
-0.0979110246949179	0.347022647736831
-0.0781773330009135	0.290059708980705
-0.33492057113605	2.18420687496722
-0.509308435537658	4.31186947464483
-0.399849977133072	2.63892223401033
-0.550822022695196	4.13602928970448
-0.128263269751582	0.397774626182017
-0.286648540604922	1.32579169541327
0.0566232998396977	0.148622313381577
0.236171969470818	0.939003619469333
0.136210880372154	0.454108176657121
-0.0691196324102214	0.177189550528426
-0.479175427304469	9.51284056517152
-0.0883205997680807	0.58722151363532
0.208025407359062	1.53078188761032
0.26537803597875	2.12509266338782
0.208544147103787	1.33164887637281
0.221278606637903	1.45304908928118
0.00360939413635458	0.00972727553799
-0.259002615520246	1.60352501959984
-0.3252308030768	1.98201918312482
-0.479669660530829	4.19201164413863
-0.469796198862148	3.98586280880336
-0.811184082624812	10.1216216508909
-0.712197125042154	6.93528860718908
-0.369559534216675	2.19313169198883
-0.124703945831235	0.394333759831966
-0.269101965600673	1.3032229040157
-0.017356754985072	0.0432549235283851
0.224804476953817	0.898530009113
-0.0182169202912877	0.0455853645668049
-0.0142418717595456	0.0323009829287668
0.146127624821789	0.421709489968844
0.16078681308979	0.498556571877853
-0.472055851056035	8.46294516880232
0.0528731493853178	0.257540939255698
0.117540982483093	0.649187110898234
0.196943923534923	1.19300917459422
0.00840772885471561	0.0277965221779028
-0.30649447643265	1.6662796251952
-0.449555565723698	3.89488323394373
-0.522254230352223	4.28013668967175
-0.272626078141645	1.57759833316905
-0.461327119479457	3.790353161737
-0.954863700542398	12.4333512474197
-0.766713507843168	7.75953277739808
-0.804891344124011	7.7977478518125
-0.615149952483081	3.81534645586793
-0.301782792508389	1.44523886039648
-0.437305158800862	2.28479689780762
-0.168519977719429	0.590821214633703
-0.00479869747345317	0.0112639898218666
0.0542642822430078	0.134591432468656
0.1356013396807	0.352015854624608
0.109082888770176	0.286830614188461
-0.103740826355134	0.275494802572967
-0.762191798553654	16.3129626908826
-0.0429122128233519	0.207167036638169
-0.223880290075978	1.54546908720657
-0.29394293116848	2.28466220432865
-0.429710855667748	2.74700762572832
-0.471304118390374	3.99965474692586
-0.741554233613617	7.45067698469724
-0.678772791705433	7.0930940146192
-0.953611090047236	12.3708153605298
-1.00821465543253	13.8386593283695
-0.811212699568014	8.50228052040117
-0.65460794057601	5.40314291804037
-0.873886786044185	7.03961350306955
-0.3619651828905	1.88196116712553
-0.466376678750352	2.41902063264925
-0.304452692373624	1.27887049652697
-0.00104942033995145	0.0024443092997531
-0.0122276873978932	0.0264890945741054
-0.389919997359567	1.62623289342986
-0.0636916008329548	0.155618926841723
-0.0815733361718108	0.19419988629329
-0.481698110359349	8.699590018069
0.12124670914956	0.80837090541646
-0.0444797059208143	0.205130939323092
-0.312068901101023	2.21538358819699
-0.51710028933341	5.92261033939913
-0.719205003402154	9.14819632176607
-0.557514865156672	6.18473261666154
-0.760914250029161	10.9012456255536
-1.01612368797419	17.8837296245167
-0.759422283154429	9.92780081783503
-0.697418565109733	8.02376998617253
-0.754854444201311	7.68273771267719
-0.725567632109634	8.28236000170896
-0.362771591144896	2.26142701500315
-0.314568964599336	1.86662558711205
-0.0396765894959213	0.120736291493082
-0.0477811051613989	0.138322534903062
-0.074901032935832	0.211049512451439
-0.221940167462647	0.874999237742074
-0.220643549728384	0.958660158237795
-0.518091128677923	10.0013696309907
-0.218853287544658	2.17903496863809
-0.27925749842597	1.93092846086838
-0.163771478225659	0.926462865187827
-0.5446310684274	5.60191150586398
-0.385672374407418	3.40821144794297
-0.504330474866854	5.53456060082777
-0.579588830042338	6.81194128388939
-0.346619954447403	2.59083706784865
-0.495925784314	4.40072502780449
-0.538925657271316	4.11268329518651
-0.173076082152952	0.772955944190945
0.0392872360749067	0.110444151518031
0.284510815458988	1.50004001071522
0.342195489157065	1.97381066253012
0.243626466191697	1.08051027901783
0.00723473799562426	0.0164802827884068
0.135360517988402	0.418568845511001
-0.00871084831344444	0.0208738797667825
-0.674042491467144	16.2293206252316
-0.200209325129112	1.4909527086207
-0.153860961742792	0.964574267188799
-0.537127862087676	6.14724699641541
-0.17040416684988	1.03060620658212
-0.287184314177059	2.31696783713124
-0.485007822532646	5.38417588007744
-0.080226588154854	0.331404422910179
-0.344837914762649	2.52656293174938
-0.289696984911187	1.56395409818366
-0.176278951836486	0.829977246073045
0.0517308713264104	0.158527776360115
0.112857919616169	0.421534814102025
0.435432614447518	3.03077233353391
0.152372131495426	0.554377089005998
0.476078272025624	2.79961089570559
-0.0423295942750379	0.11165402147093
0.126950995638394	0.423382670240263
-0.811170284082345	14.3951308398578
-0.177819194330739	1.33976288131188
-0.715138144911291	10.2573226513262
-0.0578081174711633	0.228397477075346
-0.122775535109272	0.563291717312148
-0.117928829532793	0.526093928105123
-0.30638922694851	1.88095668692181
-0.205918260646692	0.952621267191782
-0.0728998137518415	0.201933277277779
0.0249705208376216	0.0656277546114935
0.421674360608771	2.25827610643414
0.469930591355278	2.60895916451625
0.511009234810714	2.96698769870027
0.697331983725141	4.43833628068014
0.290985721940031	1.11339815350195
0.301983204064158	1.16235116015151
0.155853631240091	0.455938046247701
-0.501591144860787	9.97691824671533
-0.199705137202278	1.78392488076584
0.0441190004129525	0.208049465986119
0.144939010589531	0.8966428215533
-0.307940047983806	2.73465906412605
-0.344158238731437	2.91719831408311
-0.013770560633258	0.0452646525728268
0.0172022021683677	0.0518355157486185
0.0271287962219793	0.0880845219969059
0.185332619223693	0.860148642181212
0.486450445096571	4.14060230263661
0.472691745027992	3.44967846018601
0.165607727845773	0.648546653946883
0.242251795585068	1.14137688906954
0.400191525847937	2.47604275175358
-0.63303362430372	12.8354548549378
-0.0168385158483003	0.0761665181139601
-0.0963225964562305	0.511139918855225
-0.450033705333712	4.70158769604629
-0.348449683168717	2.78653411726797
-0.241697322059628	1.41534973744823
0.00253502904015504	0.00685747061271818
-0.0890795149662468	0.322820959071684
0.112058754552328	0.400063854047851
0.432124946538492	2.94513488988814
0.444297993140849	2.52974960565468
0.252942035670982	1.08586311544002
0.200720085166719	0.777721556995837
-0.489335846465907	9.56922161719211
-0.142019730127783	1.11386713122734
-0.271924703536715	2.42433765997749
-0.217388903852452	1.48635439152081
0.0645465740790416	0.262232403291897
0.0348879302985582	0.113479360416519
0.109949418630779	0.479772700527999
0.368661473736045	2.41819818093193
0.359154336605489	2.09168756744137
-0.562061694626201	11.482979001768
-0.176268137436916	1.44220104345975
-0.0924846560313595	0.457812255297472
-0.0705914624445831	0.297999606184317
0.102542239186137	0.41143987206817
0.43652007330839	3.76586805489873
-0.51966115648418	9.8094129368696
-0.0884019932138546	0.545081649326745
0.0322091529893355	0.134276975427076
0.135664827145443	0.66654970072302
0.0753688477160338	0.318112976547486
0.250279799552807	1.59103532337531
-0.720835739427515	17.3667907883895
-0.189973541492075	1.66946970657836
0.0332535699973853	0.130058124389198
0.161076369998243	0.964196226144402
0.242760674457797	1.60416780221963
0.339153741756859	2.25059687207577
0.145279713189687	0.616582219653562
0.0917374406630677	0.346067617566957
0.38046860926565	2.58996867020677
-0.0283752204600189	0.077964535448089
-0.53519860850642	10.6331394493877
0.244032340506967	2.10321466973787
0.26905902102926	2.27027075118448
0.297860898862604	1.83752713084827
0.169270890153125	0.781574934139148
0.0898371233596353	0.336812071843999
0.130967683260119	0.464318651544978
0.0859990942776703	0.18160545310345
0.0552859380984358	0.0994584187270098
0.252903565732763	0.803468140826087
0.353838348600414	1.32777197843567
0.328433051153	1.16538122963797
0.560045361401045	2.09590549275812
0.920624743012657	3.35420547608821
0.746569139313024	2.89332103559818
0.581578089518535	1.82642973763113
0.32609853231382	0.737571373631311
0.680791521235808	2.35335600064281
-0.542676697813104	9.14229021830738
0.0859344063199573	0.490502410156244
0.314154034847089	2.56454628227672
0.369029285209247	3.11715698962374
0.287729621524124	2.04095737036925
0.211710554409175	1.11542497176418
-0.0272177840124551	0.0806942245757239
-0.127816870280686	0.507066952451252
-0.20200905244704	0.950822194115474
0.217297030853908	1.09899208008273
0.392987143790057	2.59238814540015
0.420710289414882	2.7861058037105
0.0582236778391751	0.161663612863615
0.320849021698768	1.77867601652917
0.410458469651797	2.68342705222875
0.532961180059547	3.83635362334115
0.0959337886535482	0.287493560664167
0.339339026786829	1.72605245719389
0.333784387724045	1.68648997684144
0.533047371316624	3.76886074624586
0.504332517233484	2.90057114158129
0.308821848143984	1.51090426561186
0.539591501686212	3.38808032030982
0.444491002261917	2.40642958690209
0.362167884506992	1.71990263331885
0.801915009029419	5.37941982640369
0.619820192426735	3.79924281176634
0.540234611727975	2.86580091563964
0.648233890640282	3.8456173658243
0.665953554970842	4.55813547412615
0.842542941156516	8.03001282065951
0.635472390020661	5.48790535201072
0.427754286818634	2.64616442305996
0.167002936927756	0.625762147781654
0.064711155852174	0.160843691996384
0.303691462355236	0.927720072025399
-0.00971836936456717	0.0167485088037889
0.196938113334136	0.473179411287789
-0.0429556014759141	0.0738669995526416
0.25623253754675	0.636046957194231
0.00407620154311175	0.00658752453108943
0.190371432573164	0.421304741586993
-0.108235258479527	0.216992640415476
0.240256489401042	0.540866676418776
0.181455839692618	0.397916098134667
0.279864962600274	0.595795010852861
0.17141550213097	0.379033626433732
0.51528086973438	1.90644759046796
0.309187128782421	0.865612117361578
0.467656900830797	1.3471461456913
0.592585577115574	1.28240351076141
0.650505695332977	1.66332598913827
0.430860877182494	0.909796362551309
0.633652725147429	1.59842860305684
0.847903742206	2.55312775210947
0.954443158517757	3.0440115405207
-0.495199659188744	8.83093774130938
0.0998542859889201	0.610206340738136
0.184867852713047	1.29242174054366
0.173027866138124	1.0716100226041
0.0654824825562811	0.261238225566172
-0.111881170267874	0.485699710816363
-0.149885265567594	0.710873706402308
-0.390849199532643	3.12778690842443
-0.175701610617243	0.911353315685162
0.0897534130261117	0.351933948734767
0.088859463288215	0.328771567872487
-0.151810886950928	0.589908247348779
0.11780448753474	0.486325807061574
-0.0186156889693404	0.0569842741455448
0.146691158932903	0.631728215281417
-0.136793342234742	0.540435578475146
-0.00600985996965486	0.0164596245872992
0.25232043942519	1.24800693367831
0.171282010193877	0.748709552501938
0.254570090294122	1.21338390295459
0.191187807532136	0.867605344272587
0.290345021888873	1.50394578380921
0.148026593344793	0.57296025169405
0.203700570957374	0.854630507220332
0.208901860762196	0.79824587496796
0.572627688183505	4.00857881605973
0.379965048491428	2.12109884249202
0.505756958189787	3.15001906525616
0.642041994657173	5.1384974212521
1.07784538702906	13.8934145767104
0.326997729349646	2.11490438770925
0.424737956357948	2.90305179453608
0.347514450467064	2.06471813286684
-0.10575847017722	0.340654462375892
-0.152069707435707	0.443566709242515
-0.0998905578622452	0.238218129233919
-0.0324476012539156	0.068453980143987
0.104608630675559	0.236213104585457
0.309601674947539	0.937448895316159
0.418743537194854	1.39898949659877
0.447111898445863	1.7216497175693
-0.102954193183363	0.225048733165221
0.0829222374910494	0.176705677821454
0.346004784504715	1.14166393520909
-0.0670689961904131	0.124325149873564
0.0750084071890826	0.16764826818074
0.11710732730122	0.272536630997241
0.336459805938902	0.644780494532964
-0.467792172453097	7.6617039664879
-0.0754675583101468	0.441528713840858
0.067691134804463	0.321083544321268
0.160075160547937	0.894678521963073
0.016352852655971	0.0526211817751719
-0.121255044770207	0.499307562229558
-0.121832781820722	0.52520794340688
0.0460683938937609	0.159495587387907
0.134332994215431	0.565564426585656
0.130186411218457	0.525101081772057
0.183405899167654	0.724156502872115
0.17406612557375	0.784412344633877
0.22936424374969	1.16581289656747
0.544959019744983	4.44180716188691
0.193661519968267	0.788442372948284
0.319254143600801	1.68944284434082
0.40475020744826	2.50940716925248
0.494981020936907	3.60364488149753
0.747001416854661	6.64700422826219
0.326444209991443	1.74038530864354
0.608046033998821	4.30956333803071
0.487078147668067	3.10080657659825
0.640933363670024	4.70055904481502
0.70522401410253	4.81197673871803
0.752091660486611	5.89865502841533
0.796268506760973	5.94363113340594
0.658759464504077	4.29603663840537
1.0334788952686	10.5487544654204
1.21512400781289	15.2674767866726
0.494506302217572	3.58757312821872
0.495452194779619	3.22921305045038
0.81252722790982	7.42983582648226
0.421639935569412	2.0377938551733
-0.0714063238297365	0.158287927947928
0.122098939117544	0.264579667934224
-0.446357834409348	1.67951132681458
-0.283426282023903	0.821673177615695
0.0212005931589138	0.0398002760294064
-0.0777887840359128	0.144878380504898
0.314892918562265	0.88792535124019
-0.430484643640067	1.46819859096448
-0.0587919449778654	0.110868271443555
0.182625772577947	0.413514394818641
0.149542654329444	0.270489797481189
0.140282953792413	0.343212232553379
0.370566186435387	1.09436175113795
-0.431321193899576	7.11409026174688
-0.115525361504736	0.812571423463253
-0.0914091047475934	0.459164146488878
-0.0251849121626545	0.090474492999572
-0.0696610432668752	0.276902750754533
-0.106539000194768	0.466002096975709
0.12915906854494	0.609958990767361
0.0133307269122196	0.0411439985467834
0.280134105278285	1.69944081611949
0.279763196385413	1.45728746136245
0.241959995699611	1.34896279887251
0.532028535259667	4.76433880189656
0.278947246476471	1.61580522325305
0.314061066730952	1.79230423980618
0.290071108696646	1.5699591521177
0.525382110892524	4.21041635450674
0.276289982559048	1.50872716908425
0.526375752685938	3.9161161468912
0.556895855759055	4.63927531873267
0.464222981486551	3.21128912236807
0.720146312350171	6.27023890003359
0.643014399472035	5.08384680921365
0.544558115934724	3.58263881348014
0.536719770457505	3.69782744612234
0.429801245979958	2.50705327910702
0.928728097036057	8.55158812972414
0.88021997556478	8.96349166900627
1.00418445459167	12.3827992479322
0.744971781896687	7.83972367732703
1.01593349320215	11.5731729982895
0.597096978266784	4.90712967951527
0.368308139039639	1.8074818210858
0.0701907208732106	0.169492001736091
0.170358474064802	0.451175683434041
0.206224390788653	0.60064194080605
0.284187739098163	0.88086246090944
-0.0042196237123488	0.00801480124053327
0.0518066090080348	0.100654663435928
0.238565179934692	0.689690472364241
-0.0480917902202991	0.0936876518330359
0.12600065994757	0.274491121798339
0.071584430305696	0.139727654016742
0.331942489682914	0.866005127897648
0.0927360188668561	0.205315389290176
0.299723168505127	0.939642380183343
-0.529835904029212	10.6128773936159
-0.0809349562914635	0.480867229832553
0.0860070132021461	0.41145215422408
-0.00605611764089075	0.0201055094839043
-0.0663585977284974	0.266684181922553
0.242801360665353	1.59780599667158
0.333025183602666	2.4383669760985
0.246554024834497	1.44621398855767
0.155480419920479	0.60577577131697
0.312126820621929	2.02584330368519
0.456709533568669	3.84721138632189
0.472496346551212	3.83196598606759
0.210334854234902	0.993686692191529
0.257327006284417	1.35972650864171
0.726332381735923	7.37425825864966
0.369183888401287	2.43730543166726
0.415890318061169	2.71704285433226
0.503899377955387	3.89479011960065
0.469755502046763	3.33051059449788
0.959326473555811	10.5062340990789
0.584388897461194	4.380383405017
0.477443262786878	2.92446661789755
0.525553388313885	3.61733003164953
0.680250457237688	5.26882325939304
0.739642538022336	6.21192431484823
0.930750201041257	10.1938305862181
1.22043971215363	16.4573930099248
0.742058304625015	7.8661028266951
0.702907966510989	6.25070329282546
0.555207022352872	4.14136798153026
0.327346971208574	1.4954082318663
0.0254986595249608	0.0559524596578447
-0.29194364799861	0.884704574486874
-0.226795869401548	0.66685189176841
-0.0416502720698846	0.0871949761062349
-0.0699086898287041	0.15642833809796
-0.184921877304626	0.489942831583265
0.307336122433728	0.96503764806115
-0.0317094604033081	0.0648515347650874
-0.0399619635258012	0.0769369137234598
0.0835738703514306	0.172849070718751
0.343518949358265	0.947722178645021
-0.316680584461611	1.03223525265799
0.677705875847577	3.2501795893933
-0.678264785444829	13.8347836245176
-0.143411534013855	0.947613699817632
-0.231332683403468	1.52506116297004
-0.055232871462717	0.208835684116449
0.219166264726771	1.29490073338011
0.392897329089631	3.04256918219616
0.479849355031079	3.87252639958627
0.221868784002623	0.983315437988631
0.305738932676933	1.90659537256422
0.527356729344721	4.37296778014893
0.587522683928591	5.02377754787336
0.396878822639263	2.36223244130526
0.437593741240127	2.94318615131149
0.492824065871738	3.57941469476209
0.353690350647015	2.00787247333102
0.362441545118265	1.91001473531508
0.538472747706737	4.01597809390665
0.723178739906826	6.22485429735103
0.38057914371737	2.13520596850173
0.695072725548529	5.35029979687673
0.654003023704239	4.02521298362331
0.654997022913501	4.33532863200651
0.791645515742506	6.24422174649295
0.653908538019868	4.38353904102054
0.784517209885634	6.67044426717978
0.897086998945239	9.43052900125286
0.594807496409779	4.78285991956771
0.44615927878496	2.79132083695703
0.551374727058622	3.81382899248311
0.227544292400917	0.805516046976947
-0.035527821735173	0.0670831434531844
0.147992586119716	0.319909178713005
0.167886460642806	0.407287301139255
0.17713328014091	0.405778624813567
0.237931710073736	0.66604315762086
0.621874547327581	2.50729399023718
0.188047523459633	0.427297190847722
0.11659086652147	0.247014954999254
0.403706376998028	1.21324026546155
0.361343100393397	1.07623743022885
0.142688819148305	0.25656286944382
0.0799424184519842	0.162311007735594
0.000442045774977159	0.00086567528153365
-0.427525152984157	5.89811425387804
-0.0506556253944273	0.232650689336361
-0.0190624808730028	0.0654127497483307
0.319433957965869	2.4316025229619
0.342527652535808	2.3242252792068
0.459149083124302	3.65209188007168
-0.025187320126203	0.0692511759714748
0.440423982492327	3.30945622111358
0.354074680446991	2.26273866908095
0.53082993755788	4.16837743668684
0.322613090643402	1.57832016871885
0.271211993738539	1.29173678233222
0.323576858416992	1.69099367760294
0.592850643465652	4.47249857263896
0.756510718395734	6.19286406680739
0.438942554530787	2.54693991909294
0.419007970830512	2.34480117400691
0.676044344846454	4.57086320807126
0.543783864754575	3.29591536243056
0.655510105032773	3.91076267275875
0.645097957838899	4.04908614284549
0.840970498267185	6.10444136277061
0.889388211847611	6.33048840132396
0.820524707986449	6.30905478445433
0.675894395237303	4.98085285870905
0.63842086812295	5.12395059815442
0.655713658046048	4.96515757122975
0.455199831902625	2.48706368536024
0.147097305926062	0.411091980563837
0.0416330233436809	0.0801487832898937
-0.225414057229561	0.484101173281295
0.00243339426477394	0.00431036530709413
-0.109649748318109	0.214682758746672
0.3103922826636	0.791411291249047
0.471227603117388	1.38846684554176
0.211894574525241	0.480728952838209
0.0959564055985801	0.184221048329105
0.131996853697948	0.23564223376877
0.203684427439933	0.42811870825329
0.199885669074728	0.391811116215267
0.391940307905084	1.21276679971926
0.0186952593811308	0.0306689139411992
-0.585424444124336	9.78870541459388
-0.060148472580004	0.284387294318577
0.290007590004064	2.26634266027177
0.458089741378382	4.23674740689317
0.233616994448776	1.33779569874526
0.114019172299674	0.424126170652315
0.267839740847913	1.57547268618742
0.450759915921529	3.4151484709438
0.66151963641558	6.10971438823422
0.2357147644467	1.08143477052397
0.0929496832628865	0.31832987203487
0.265401267883079	1.25730507040412
0.632648803174363	5.22872358293323
0.496265712719771	3.13585553276341
0.440191606362479	2.66894711412987
0.495036438869577	3.0164648654112
0.416617644404482	2.20988338581748
0.591446280539524	4.01542777488937
0.586917189977011	3.29774705253293
0.960347508119008	8.4206970458708
0.605093404345987	3.65377719726171
0.708199156133723	4.55333330476228
0.599402170115548	3.91016657198055
0.73474401656127	6.24418765553148
0.4601232634929	3.03409606525577
0.441549278271947	2.48404894990323
0.290326728861334	1.28697820586267
-0.0418504992896286	0.0933597967520698
-0.413599193594292	1.47975884512788
-0.174581454774458	0.385285351924705
-0.0280845119470183	0.0476862920878493
0.140063541976519	0.303124887171703
-0.043136678526028	0.0759995801124006
0.212294920404228	0.435001722863256
0.290268310080105	0.758424061222311
-0.0847018147436557	0.148821729578875
-0.451397274136236	1.23285264213521
0.10658096208862	0.195239869160751
-0.0909723158871936	0.135612937143921
0.297543606532025	0.787712871945524
-0.123101869558571	0.247025188119014
-0.167999252147232	0.327208828922405
-0.721144523516809	15.3178101663077
0.0279145036530082	0.127979765826299
0.187140355492511	1.1792285957698
0.106966825234795	0.485379619980844
-0.11577947061696	0.459324569033453
0.219581314702284	1.2665661027196
0.322611024707716	2.18314976659903
0.219103923298031	1.12287455080654
0.147504863962756	0.592045050267897
0.0699448933977954	0.233111905070742
0.310784730753089	1.68905508859343
0.421518075442618	2.83659636529398
0.26231838242738	1.26772708277092
-0.0313361831305011	0.0893945786230819
0.305568009804794	1.5798180540091
0.538505365715349	3.71921953668583
0.276622347459664	1.1921087941485
0.415013845081366	2.09637059770066
0.330676865341613	1.63908886037077
0.519580748317508	3.24333659810082
0.545796105901539	3.41092256641429
0.51844462667868	3.29297042444304
0.720451521354609	6.51374018584969
0.384226521156614	2.42471153746726
0.268689824802703	1.22296916558831
0.286791102775966	1.32013021231461
0.0136889912417692	0.0292500061131108
-0.589585495812584	2.66146019913152
-0.219581784381605	0.561688392033413
-0.130819821879999	0.269471826241098
-0.129261973522793	0.26811304064015
-0.367422858717758	1.14826356189826
-0.23107274066457	0.55072980497719
-0.10449889940942	0.20292746601414
-0.259372871635941	0.634627088757453
-0.252995583220089	0.552831335030566
-0.198814520203549	0.465969993952928
0.00320616357515003	0.00447276106543318
-0.347654208839613	1.00073601861394
0.0589898831746626	0.107018462636676
-0.589997873739572	12.2300089410374
0.0361017335139938	0.176446305628963
0.0499221630627637	0.218291893029701
0.306994455743909	2.17711489813622
0.155425820879297	0.871801718766957
0.118502743205621	0.564451765282001
0.161284929509346	0.822610611780454
0.0421664725158864	0.143736628519922
0.12356269784794	0.526223233646248
0.270317659650865	1.61564186263243
0.416826449466997	3.28762225879524
0.249164750247643	1.28943735959886
0.329689066763026	2.13889447420821
0.0741193836429167	0.259136112041507
0.264528551222697	1.37817402789338
0.310578524077581	1.81532457258747
0.214825196684644	0.915915812916498
0.210916730953457	0.922389998873867
0.344731387794727	1.92358770904248
0.270374738231485	1.31362967685794
0.477449693093965	3.3936360281866
0.774671872629309	8.54674890346365
0.264085627093766	1.51992363368061
0.283535902767356	1.46171240438817
0.327467905976448	1.81372948665911
-0.149192736545825	0.482945733944117
-0.407085944118728	1.75545734682424
-0.342394830883563	1.27312786533516
-0.469585828004876	2.15260032886439
-0.0678907520012487	0.1416006549055
-0.371142668710378	1.40071114654234
-0.319717863451128	1.01761123995512
-0.194315622800019	0.519553967199474
-0.474944119658962	1.87385245585659
-0.194884781814761	0.481653150616786
-0.45699170920452	1.71016990536845
-0.586193581415726	2.05216334742592
-0.248581539249433	0.728201455127214
0.181094784921023	0.492558291223281
-0.526069124945804	9.84427471267797
0.0249712458497141	0.11434470795477
0.264110595957941	1.86855984903223
0.184124355038438	1.15359540478168
0.337841268711135	2.80580502780362
0.280185708981873	1.9183184289261
0.227017650502675	1.23964762704912
0.24109258477054	1.35323851783983
0.468607170430191	3.88202201514251
0.44866364126486	3.64226841688396
0.232970946038927	1.17617098860352
0.362606539265137	2.46351223409832
0.450514923704337	3.25781599901716
0.234818583968822	1.13068420022567
0.252089113803568	1.3222681199705
0.415484116544062	2.41218115804442
0.322563354232402	1.78483204159961
0.434395530519642	2.75877642300907
0.363861984660027	1.97755717634968
0.651881902180957	5.71625265319408
0.818203192411401	8.99769004141641
0.431245575161029	3.15743118318681
0.4454247892364	3.00855477297258
0.358287937321286	2.0670694962655
0.156244212809835	0.512173833132793
-0.207641955822196	0.642132048284406
-0.05798113206577	0.12619287633491
-0.215496831470089	0.629096379798865
-0.204321245141989	0.564484460390351
-0.495169239757882	2.15320371432639
-0.346001755577318	1.16395946078954
-0.0752363768346397	0.151501734600359
-0.591329908579934	2.51768248200969
-0.133452384464528	0.277373614289498
-0.296414352229367	0.856755878620808
0.184219432130498	0.404599002055548
-0.106018308633187	0.249016964988872
0.197707360660614	0.546614929271408
-0.565527297124398	10.6353792407731
-0.117930406220698	0.696679406696183
0.079035897805326	0.388677229179987
0.298447511635517	2.40119544442936
0.32257971885565	2.4538705713529
0.0789070655945951	0.302589183856995
-0.0525932344575133	0.18491586293834
0.226837879666048	1.21359357966498
0.324897279006571	2.20113487815843
0.206983882770386	0.982567376077365
0.384771412430843	2.67902975227481
0.262758356551722	1.45118677247785
0.169701116360386	0.705504921020762
0.0351945633788394	0.104474969107631
0.248507027423449	1.11104720206947
0.285551352558352	1.3625856149525
0.336414270524935	1.84653390783094
0.271827551064159	1.23407537516945
0.739629592117621	6.81033606711712
0.80434394178921	8.26662242364308
0.429574514506176	3.11926415409785
0.351456905268937	1.93314556813372
0.137675632450263	0.488709278239287
-0.133585632880507	0.405820554878631
-0.700139292699017	3.86738254780005
-0.481744634092298	1.70582327824697
-0.499647125697152	2.09291327338511
-0.717830619278268	3.58360874781713
-0.216981618228034	0.621493216979171
-0.551681265716677	2.14436382909009
-0.260541838378133	0.691970235709393
-0.6067322452181	2.39221934502073
-0.29854855589827	0.757966382393404
-0.129922450475564	0.28004054420522
-0.142144729276253	0.265438095737666
-0.0309171555302354	0.0608489892347176
0.124071666271052	0.264942868311893
0.468054475139437	1.41541451691971
-0.975479605111281	22.9103058377866
0.092273396881885	0.519436859886724
0.170317329013193	0.970813719877763
0.211055320234456	1.20840628759429
0.112447597466051	0.438894856129136
-0.0769098009080862	0.269973391719749
0.399001810735141	2.66031095864865
0.143971754102611	0.575231936457597
0.17691411961176	0.702014600044228
0.345177909763821	1.92390858099175
0.398547924659135	2.39310239541051
0.215774729811469	0.885393710327615
0.144181141214979	0.488091089332529
0.3599527412208	1.59338731573846
0.205469915402966	0.773245062920945
0.436727542817831	2.28084901988483
0.135294634679808	0.397743650395543
0.411203382157053	2.14003730501096
0.658085165622167	4.87674955815183
0.139398836368739	0.491443821108993
0.155519246440133	0.506031686711051
0.271692577325935	1.07016779106201
-0.407974157936391	1.62041585443513
-0.43150012199312	1.4557414658434
-0.527596939830089	1.69423538195695
-0.348210156247231	0.974561466903787
-0.376871764885888	1.079531407836
-0.258523388530605	0.652111203776135
-0.213616684426627	0.434060905659613
-0.0381286422450746	0.0601532133338178
-0.0314614751844217	0.0518861048282955
-0.255648576433027	0.557601047244082
-0.0520035763076158	0.0794567638760352
0.0754603988906045	0.110790933476858
0.20447268783819	0.448526593615478
0.257123077075497	0.547917404402187
0.609009595284047	1.7274028579571
0.293275815301337	0.472639582525916
-0.542979623065508	10.784157538144
-0.040030169176309	0.201119516106119
0.0932178639763283	0.481282981862097
0.00187405580986752	0.00623017154252272
0.134616829994052	0.671443585107857
0.319768072807194	2.38343817002133
0.245968966110179	1.5883826742326
0.0312856216123112	0.100763171216822
0.0906412618309639	0.366439396725988
0.256643485753791	1.49970215028814
0.262463483819021	1.53125607713448
0.247806299070983	1.37077193510343
0.256334341031534	1.28504762749389
0.322120663362593	1.92271513286752
0.229014144651065	1.12345479857854
0.188952793894035	0.811616733553216
0.402614057249816	2.77433149587518
0.603436846242782	5.84579748706702
0.25469811888052	1.49845402912509
0.0818644427607612	0.281315047752651
-0.132845135439635	0.519278418474474
-0.30414752154771	1.35608505128284
-0.472818289788334	1.8526864083436
-0.356900762972324	1.36213496371247
-0.238000464781698	0.658235220517564
-0.471856129557507	1.70450362665708
-0.419374786139861	1.61995597448042
-0.300791444683402	0.80423600195461
-0.218932818752779	0.654473018512143
-0.114364798911262	0.261046917543176
0.192880910749279	0.46764378858773
-0.519430618007708	10.2320808140031
-0.0479171053701742	0.247051951003176
0.0222176661509382	0.0857552017051181
0.106155575664153	0.522844262324299
0.171626855740551	0.980412443586047
0.0857983902544925	0.38112702828521
0.162776290723253	0.827516048557112
0.114717094756998	0.517036208587856
0.138149605334767	0.641063656551922
-0.0820643320200648	0.322524748867049
0.160067589126945	0.748276855310458
0.151123831492219	0.630772775329493
0.15383491608971	0.683436200997418
0.00509979518736395	0.0143879186345773
0.17174353415156	0.737616777162208
0.472391178721232	3.78804334350866
0.493620587575476	4.33795230385465
0.0299778034408306	0.099053645162118
-0.0421141050276125	0.130994403490736
-0.0864216859239306	0.299175192059661
-0.334641940065724	1.80375772183522
-0.336956547429661	1.18212917566454
-0.339295206142167	1.25268086654706
-0.411520097421958	1.39288860010723
-0.330991606151849	1.26379495667977
-0.425828408177074	1.72885074668326
0.384318561187329	1.31411354105174
0.444786155556633	0.980673092993333
0.377064890062849	0.956955928051698
-0.41370887537805	6.61229721857385
-0.126469950045224	0.843294821832394
0.133543287602001	0.776753471300711
0.232715502710328	1.61601963276557
0.206103294229542	1.32547264401229
0.1572746728847	0.799154181140302
0.204023696219586	1.18424857192622
0.247439409155487	1.51764731510544
0.276928896135841	1.77885975678415
0.161808949614729	0.772183870436801
0.315841609618808	1.88295393384365
0.205345314041874	1.03612782973951
0.260916459060166	1.44170831563729
0.0573425235335061	0.185154851762412
0.458479773363981	3.81730726343342
0.802771162845406	9.57936068405359
-0.0351585936234997	0.118666033352992
0.115618507389251	0.436918517317071
-0.243093656715766	1.25308631981994
-0.388878484640199	2.06607828648195
-0.378744045482805	1.43429345117777
0.421685458041739	1.51232918620626
0.370776822944585	0.823504638424597
-0.755169755187828	17.4372544575319
-0.121065929037711	0.774827464245608
0.100572382098098	0.498656101805899
0.242113803119985	1.69638214724592
0.0839627285524278	0.34347352803271
0.0985151960581177	0.423492759758784
0.152640751494954	0.734671053335893
0.0671441163013399	0.2450851762004
0.130960865086797	0.560079315598946
0.300560567118516	1.6998612042057
0.274326667434798	1.54623384763424
0.284581028431853	1.56606136804655
0.163542585357581	0.664756214441157
0.466239739382378	3.53557867245413
0.624855732864752	6.13288526963233
-0.0381322754207338	0.12390381089869
-0.140227397986902	0.537854178933664
-0.363445117777153	2.124910434914
-0.267125226605092	1.11598629686525
-0.378513402093406	1.00866531119361
-0.44132316075419	1.6811900260412
-0.02518972347498	0.0477525987798488
0.275870678012613	0.744887646912542
0.345114174228448	0.708296500992599
-0.628668617144849	13.0383208537099
0.160070865604915	1.16014336482532
0.0998268085659725	0.520321389437147
0.137300140139879	0.703900757739542
0.282053143513264	2.11268917395185
0.115135836681029	0.524605937226639
0.295542298458659	2.01133281965369
0.0889177422259612	0.351231789064118
0.250522272354657	1.31662172991977
0.246137556243981	1.33549371379082
0.34243529383353	2.23809387594975
0.177502480427994	0.806199834202367
0.326813777236859	2.07648009514351
0.443041364996594	3.6898376174177
-0.137976361547616	0.6108455675076
-0.236428386654529	1.18504408553114
-0.193910853990523	0.881530925483077
-0.461026198248232	1.55068143155642
-0.1017084726565	0.222883350299498
0.597328703200663	2.01357273483756
0.567659000277417	1.44320579693122
0.0862191829904135	0.124814693586586
0.167880758288777	0.312956698073158
0.518073902844394	1.23915583121849
-0.467023885845803	8.06044668252709
0.0176089754967088	0.0821352746239766
0.0497759419562274	0.217847301277344
0.0845737890186681	0.407116356597902
-0.0150637796763293	0.0529817119870006
0.0920347406960682	0.405010069335088
0.085505865781853	0.356698769992123
0.164282038698733	0.771517647194461
0.199693621258531	1.10088296735645
0.174413474481402	0.840629997568059
0.138434249376536	0.602950682863302
0.405971310042354	3.28326660784226
0.29250948178836	2.00619922792518
-0.298880585826586	1.98667982188814
-0.218710609813904	1.09950787827337
-0.27119550986604	1.57179113073301
0.0671976311202883	0.148383449144187
0.428695181546507	1.30833472081344
0.318341337716324	0.686712334212649
0.323459281140132	0.722384468328193
-0.00918850673841159	0.0135966833382431
0.432498453195647	1.06617101479392
0.357770974035953	0.889804992233788
-0.480068911856445	9.01561013856773
0.0218138008336576	0.100969916728113
0.0491493478067766	0.230154490506499
0.0944487580324206	0.471200073777893
-0.00609899841188969	0.0209914483522106
0.108458263405704	0.518317403858236
0.277417950410009	1.8140859253457
0.0363368656610356	0.127128709164033
0.322623406557907	2.26719550020492
0.181467706531593	0.921056872522027
0.244217551300647	1.50697340171751
0.324322750436615	2.43944523530532
-0.0905890344894371	0.378848481281876
-0.105132301235889	0.418212221371169
-0.275505511694996	1.59581456920216
0.298033781200093	1.04570440167868
0.506166825599774	1.37892879678172
-0.59062749213828	11.9710618732289
0.0222395543660243	0.103817361758714
0.0225630884126541	0.0911193779815365
-0.0183258632759926	0.0660881076783617
0.0562184916680811	0.223162008345418
0.105263241186999	0.432687360523976
0.1948230652621	1.06024186230428
0.162992508357588	0.77358656022118
0.176639928563787	0.859645599239842
0.363136119860365	2.75644949412254
0.354759198748439	2.60352847167303
-0.0617861059759284	0.229456169197737
-0.0801732248007917	0.273988749707009
-0.269645085661932	1.48104148097592
0.101969211143672	0.217837983097579
-0.50152672731114	10.1059867952685
-0.0209752063007853	0.0991182032709084
-0.010852430338998	0.0423315899885382
0.0686812466514889	0.308792259910859
0.15376811853627	0.813275422220871
0.209595489003481	1.29023693938588
0.0867163010683194	0.36925691004031
0.229879001321921	1.39452918463382
0.416589422355174	3.81384683989627
0.339999276123699	2.7276778165225
-0.232470217644298	1.45678050924157
-0.386924234406737	2.88401189655643
-0.408705960452977	3.18839671971155
-0.390250658510526	2.48406453205275
-0.072846780047811	0.176456477405458
0.369632488941778	1.13290457793407
0.773338216928451	3.36766048813697
0.475893285041007	1.21843229508924
-0.464189722061308	8.04587701859461
-0.135479005101136	0.991408702530004
-0.0507891865274683	0.228995201128304
0.0682884231341392	0.28687526239903
0.0916233911838188	0.416596603824173
0.107840546731491	0.493868817296237
0.20447574816558	1.16495234909259
0.233711954484285	1.49925023796212
0.250637905716881	1.71794761576886
-0.194552704659202	1.12549619046153
-0.296716347832715	1.93664438511929
-0.264064441224436	0.883910463594507
0.342068058272155	1.01959125700491
0.393919152029678	1.16311129510599
0.296704792067043	0.695417885063291
0.341220564350004	0.860916253812356
0.118268379143686	0.20012901221359
-0.500165258092354	9.31813721516303
-0.0612089631866696	0.343960704777996
0.103189520102178	0.534983072329022
0.229167685653189	1.63346059166893
0.124371084652097	0.627339531107087
0.0949428939406651	0.410921573298135
0.175361538783344	0.989533978277533
0.185283238313533	1.05023576140065
-0.356373783795053	2.87829672472307
-0.413692222137145	3.21390711774481
0.0418065053010697	0.0916863120759961
-0.578104728555139	11.8275267863781
-0.0306589554153228	0.14208504660638
0.0148577296609215	0.0573329383768921
0.0223917321693048	0.0831310444573391
0.0823207376656047	0.356951047897799
0.232123629066091	1.54712770291026
0.0529960135858966	0.203793573782756
-0.383329984031963	2.8949493933429
0.100123971264921	0.243009460237313
0.417943137706055	1.29224442073418
-0.475959273399308	7.40763237068574
0.00451340689955578	0.0181067271977548
0.158617786825973	0.950465728808668
0.0774964410158321	0.324268892983531
0.138129284208049	0.681458789293954
0.0433735162209736	0.155341107344421
0.133712329329733	0.322148673209193
-0.526403296633124	9.78860714624973
-0.0803284040879146	0.471268061860456
0.0859818482878668	0.422960205093444
0.112787820671734	0.575549513629121
-0.0585025133265948	0.232865088634941
-0.156221742587629	0.409006213077967
-0.528295619059525	9.6421404684857
0.0278977484531728	0.128502096301521
0.11573392188527	0.646602600834847
-0.0747569921243359	0.318434477493984
-0.122388847448325	0.318080440189989
-0.508127881605007	8.58774523720071
-0.0897530002514521	0.536923822939092
-0.13424619540592	0.718996263357831
0.262666206498583	0.824164317310973
0.119864596105039	0.360461529882199
0.427191617751553	1.64938013431014
0.0255772202547713	0.0449833721100091
0.333482408737698	0.890338616974992
-0.184943002645604	0.740365882820963
-0.147337402042538	0.566074010269291
0.0657736323762255	0.182502111946772
-0.12876787168893	0.325871860932402
-0.0817261717140509	0.172895763622356
-0.20898929681736	0.591269716911714
0.219508230431662	0.596336853437858
-0.355222520462538	2.07448882571901
0.237255936287353	1.11853912891202
-0.336065746135456	2.08812845898326
-0.208483668550133	0.999980886126962
0.13410316634889	0.461322228415246
0.223758117936393	0.678112829863003
0.0951388126453066	0.220412794442013
0.287128816914215	0.988395037028208
0.206725831507619	0.595699168816331
0.0336529778373172	0.11651284545437
