x	y
-0.551835562231491	0.604589814455213
-1.02140364411456	2.44774923226222
-0.915916162108727	1.32421032527614
-0.911277504605304	1.07457152774611
-1.10082598533312	2.19153122989331
-1.64358608790384	4.36472939126982
-1.4042380229131	3.4150176733557
-1.38761921458572	2.97076845125181
-1.02445586272141	1.89200522831413
-1.17438523878832	1.29553749607335
-0.687558671468948	0.946821377626158
-0.108378849973345	0.477038551302511
0.0873858833292049	0.360634114253556
-0.0576193480832437	0.202307242135954
0.126741950355813	0.533663696745194
0.604749884799296	6.25929923807124
0.578173922866458	4.79475343815801
0.0633381373941232	0.168327788405801
0.395145010035557	1.82865440896222
0.418853416510135	2.4033771493525
0.384416832553727	1.62419293450796
0.17546944814838	0.517429864937405
0.289636988796932	0.99778461523496
0.815864050421751	5.50237146084159
0.128772894441961	0.319901927552372
-0.405841239055833	1.05103507016281
-0.388351852610204	0.701693295269458
-0.500825824470462	1.19800034130835
-0.577445213371621	1.47264234049398
-0.158384499968682	0.269145361027419
-0.531661620790872	1.33519729936744
-0.881647607693163	3.10583219841737
-0.676442834625357	2.24516751275957
-0.0375094646482661	0.0423911528398537
-0.477877849038619	0.891475068124523
-0.761794961634044	2.21938284967125
-0.188278173700077	0.261690718215784
-1.06502897662122	4.06599494924387
-0.843573092269277	2.68562825972303
-0.863969174405838	3.09502956103404
-1.20548666499499	4.30176293627066
-0.92291166014115	2.97834958045104
-1.23839456919439	5.39184970840702
-0.763673815544709	2.2674714630101
-0.389810513512509	0.745454543493716
-0.694470864293552	1.80021029128305
-0.743013051963153	1.52764023272363
-0.737784850835782	1.39329219844313
-0.678078786926585	1.46700522667114
-0.440123918381455	0.788930927389782
-0.175150962023719	0.869431268921059
0.10277262734287	0.408844329923615
0.0126273695891093	0.0348361637197243
0.0769687095758861	0.267293379581459
0.285691318775674	1.65180431694208
0.37216590887416	2.17334318598662
0.217702655947094	0.773548961423701
0.485306669612902	2.21134031931916
0.70261280293999	5.28296486876929
0.387138409784317	1.5273576434762
0.494651896740604	2.16235493776112
0.563646757303026	2.6618296532008
0.686362556138373	3.70671036462217
0.413633338456026	1.51754912238564
0.0477179257545295	0.0711400852407707
0.878426006363162	2.05407090860181
0.153003012751057	0.228950507966503
0.483075078684365	0.941447292756531
-0.00685781242925825	0.00841455259970398
0.159581225208781	0.281548685040884
0.500857786756669	1.15511345566371
0.0855395327525257	0.124472315072291
1.01151432376157	2.89794862901544
0.58320379231855	1.2478151431391
0.219312948942713	0.327696969182963
0.258118589827003	0.386417346421116
0.0499857796866138	0.067171361622322
0.349200038485674	0.633556781952089
-0.500871233200135	1.09127909680485
0.0749792004148988	0.100443222105622
-0.916318883666897	2.48497607566082
-0.789350194105481	2.40150069490525
-1.03553675363481	3.17873238170982
-0.860354454579053	2.77844847641382
-0.879623309146557	2.52580597727632
-0.65391741092966	1.44416044589612
-0.310242705217568	0.415244081770929
-0.381620335838501	0.599262476236995
-0.48049653907948	0.783081483269739
-0.33885410098423	0.563260423103702
-0.634331292411532	1.24768130714807
-0.793071719978647	1.72834565217441
-0.173895900686471	0.23887653883264
-0.743583626991614	1.44260165018893
-0.602849447532959	1.34628831339962
-0.28636734857695	2.10506878646145
-0.177974261148894	0.949188419079844
-0.012393730326787	0.0395568541134365
0.417273458250191	3.50066312080542
0.360546822680686	2.30666666197098
-0.068217617025218	0.197799971041179
0.0611475650854092	0.165541040362189
0.5900169880451	4.91766983630154
0.305771991261085	1.23689763759069
0.534111218356293	2.99451304179793
0.149043229728667	0.45083429345645
0.69115901102909	4.91344279935411
0.370502736122852	1.65425283162846
-0.111183672531999	0.214939217613809
0.115810278560566	0.184418108839143
-0.354273099018233	0.885467928497345
0.0511572925940762	0.0780898851947024
-0.293111713531267	0.684292444084253
-0.256591262078578	0.624630753457372
0.388267337954729	0.915852713854277
0.101156883427713	0.181738173770115
0.272194073347913	0.528617525576886
0.41979447852774	1.09562266598535
0.161780146677773	0.287002169511331
-0.400399044953079	0.819954272388055
-0.569279009747546	1.74846335441829
-0.320827480930096	0.646452331915292
-0.924578695217706	3.57024068069667
-0.367999146675696	0.8386167286822
-0.731010278959441	2.41236694298831
-1.03838075058157	4.71336133724434
-0.820752775619605	2.65777804592953
-0.762930313589899	2.47225855844566
-1.18106125869948	5.09973388627128
-1.02050969579484	3.96658387442631
-0.589830233928286	1.27838744354363
-0.541453281553935	1.34616565065239
-1.00900139033016	3.36518364709639
-0.703528996146381	1.89825173968138
-0.556807620232098	1.24771738798803
-0.38446536682526	0.758109477031667
-0.821356620675265	1.96026671823673
-0.250120595680216	1.86489828040207
-0.105169554817969	0.506949455067522
-0.177098946568288	0.980902119090065
-0.127881223074393	0.62665293065039
0.374659643435007	3.03063140060421
0.483668004188781	4.1587498969999
0.124111125594255	0.429764302421736
0.26834210982644	1.18400769303761
0.892579850234868	10.1529823086182
0.57734158223195	3.78256606483832
0.54768601747855	3.31006465026222
0.798726657798201	6.09150313237975
0.886093738014017	7.71881793201885
0.82078965136379	6.41965957526492
0.182248327538573	0.379615513279342
0.193149676439494	0.339441945940268
0.223094826058368	0.459449432546078
0.345081816768536	0.856752491907547
0.0645802716199878	0.109669928779464
0.277026460075615	0.664380637809902
0.0514620175201345	0.0786817528590276
-0.263046536968234	0.5975063592882
0.374460873847132	0.794668036428875
0.147701214388405	0.25364128502422
0.364592001761123	0.811861499270261
0.615394095735441	1.56096145330693
-0.0411897847888493	0.0581843688774606
-0.24033764532448	0.475208442910177
-0.239649494287741	0.547890934676205
-0.314366377988385	0.665406514429282
-0.293791310701312	0.649150511071507
-0.467544854200245	1.24819579377603
-0.668312152347938	2.01597264191075
-0.553189055543315	1.53886386344435
-0.62686638192113	1.87651891713872
-0.92334347559993	3.01261879428424
-0.139202158417845	0.171861640982497
-0.747676299047513	2.52377501846927
-0.539658949185933	1.66543156426894
-0.77811832300434	2.5978940481486
-0.416147120676057	0.866763951569276
-0.280098352991225	0.537674175057335
-0.301086806403995	0.559728017134984
-0.202636602873673	0.336720022600101
-1.03083519698237	2.96973912324539
-0.517622553152867	1.1286438004107
-0.683400353469763	1.78953308161505
-0.647946102385054	1.73304677659847
-0.66545439548086	1.7658984152227
-0.589826536671255	1.33877156289526
-0.180849237563196	1.21256732388241
-0.0112101466423457	0.0386782462231293
0.0122153068160942	0.0425551454793966
0.489152713308547	5.214491484528
0.689626123419776	7.94214867630258
0.125391287421641	0.448503339306605
0.363504286151578	1.84386135706516
0.897321123808096	10.4115271675238
0.843733479390839	7.78406361395336
0.810113559852344	6.10934942859059
0.606593038524258	3.74708849662646
0.903297132613373	7.84729099150405
0.843921872801326	6.65493613873362
0.28692890561125	0.684204024847385
0.468484391331551	0.992289294451234
0.315217188115369	0.755853423615021
0.52067667261303	1.3268506490374
0.428182546384345	1.14020372335678
0.346792064220705	0.875819003732294
0.271259327389052	0.597671922236839
0.47413623713093	1.33169738165284
0.868649044305425	2.50418881119781
0.550471174198502	1.37932243266273
0.25568943720833	0.463356184163119
0.361595234512642	0.682453796204309
-0.00582959806902051	0.00722716415915299
-0.101365345867244	0.162403522146466
-0.230164331295494	0.47713963628079
-0.0339804814048608	0.0454917657815149
-0.527308511065375	1.34134675645131
-0.571508905834897	1.50353509912284
-0.184939672044093	0.31443894303314
-0.600933133430119	1.79793031482655
-0.469124200843542	1.05460253012486
-0.152167034200702	0.238252497431432
0.0256050723166265	0.0279203676409293
-0.439064881725804	1.04706458323058
-1.17465110449987	4.69269203473754
-0.20214260981321	0.363863475456351
-0.519652968388806	1.22799158864833
0.0193359143833452	0.024025200539266
-0.267155215191321	0.497743386662506
-0.205177325755751	0.308745040056132
-0.280194714795579	0.448879644169831
-0.0903896634676365	0.107907553995151
-0.578999825107375	1.231278289905
-0.973313529210535	2.97211030480038
-0.552838291153813	1.032195985651
-0.911428116218454	2.77258577299319
-0.875190912024241	2.06456127961019
-0.294739871800798	3.02843341349274
-0.0994311078989837	0.53821087065725
-0.311401731414619	2.50760838811753
-0.150426387623365	0.815300409110287
0.407055547967879	3.6068942886866
0.618300433484317	6.05915720672877
-0.109769459472836	0.385889379302799
0.0814972801103242	0.246688426174294
0.551311759705146	4.58251068428311
0.239848117925003	0.966081078983929
-0.0273993889245927	0.0648146979825785
0.0608151554036821	0.157871462672809
0.369777348912634	1.82814999897588
0.581684550770427	3.31129906557695
0.0112252664688586	0.0181268847143117
0.375873036965915	0.83057180632991
0.12229073027011	0.213690090617373
0.0936712341052811	0.171393762292959
0.29161660465725	0.732634489310039
0.348438193285014	0.900957866633967
-0.115940651959465	0.203952727483617
0.210249250380736	0.431836587131394
0.108249367004733	0.160506116878704
0.127245099060229	0.22590905596907
-0.125478063833125	0.219187527177945
0.126661939151444	0.200234346367208
-0.237108926619031	0.446729530536599
-0.173781040910886	0.332705816753273
-0.163338781604168	0.284356320781995
-0.314678157804715	0.650417593667388
-0.0932476878669893	0.146356821824229
-0.161567784472384	0.269428514014938
-0.0489322379711233	0.0650195677978195
-0.174574199978491	0.29350708154622
-0.284251789562683	0.597172777254936
-0.158946491549758	0.268611479858358
0.104357289860862	0.1341936604347
-0.691306891713952	2.05182244339948
-0.991536156782222	3.85703737640046
-0.0812549986033553	0.124830637203943
-0.308187368764607	0.594810795817963
-1.06047710175628	3.69317115942035
-0.313774984102117	0.654982449916165
-0.754136261619373	2.17297116037374
-0.106284503563315	0.146804503674196
-0.556178537427186	1.25358526140368
-0.592574049339677	1.40653005600489
-0.637755466057073	1.62134919748179
-0.459173300190559	0.904032787515222
-0.881285212026492	2.22495914766871
-0.720018451586836	1.39274247304362
-0.464628522515818	7.19457298270784
-0.429485516950969	4.739451637764
-0.432916171416344	3.89040142525154
-0.506174012673885	4.90292893343722
0.211877273395444	1.07766387628855
0.264034208040197	1.22989393005839
-0.269351964300442	1.10749338743907
-0.138986850496848	0.431320442367278
-0.0605529067957554	0.174981286442681
-0.379697877463882	1.67756047649453
-0.274384324673253	0.923146522514314
-0.265608257949881	0.956085434310064
0.254274359421535	0.879681614703497
0.263550184067291	0.822199569251518
-0.406883423606416	1.14419428442237
-0.00769011224566731	0.00952403586834919
-0.0848507382371135	0.13456429913888
-0.572507897922	1.54538626802406
0.101356114395223	0.155753233802364
0.138136105542623	0.229632558962558
-0.0939665999056785	0.133927128031354
-0.245478421381306	0.43262219404466
-0.0729368532316555	0.103050589182346
-0.281881918233135	0.503899868026056
-0.0999820249026655	0.142516368251478
0.273393087017625	0.459074948328475
0.161469038986852	0.268474909085568
0.420227232091659	0.839610759369814
-0.255429212309081	0.449443599047011
0.0267485577847298	0.032793224843948
-0.143692690571775	0.207872671188639
0.180636953732581	0.25299614805112
0.337010003619052	0.5826154232977
-0.227181417226918	0.33705537133548
-0.346957621972216	0.656439435119996
-0.599405150263794	1.45478485279067
0.181778631125031	0.209009936192891
-0.453135250707651	0.989094392965072
-0.721467608848412	1.77486264393345
-0.64358317298451	1.63053931186303
-0.434346435891572	0.844814122375727
-0.211536946718444	0.322372520410636
-0.506601973897577	1.10316387050726
-0.265768786989857	0.370402967360784
-0.20598209596248	0.280798317050083
-0.219451917802564	0.295670776788242
-0.0723018533552836	0.077348229598277
-0.293019821186121	0.431815560990228
-0.022372051383099	0.023658180064653
-0.505378396994496	0.902032063020485
0.0243312507028351	0.0237769229800889
0.0626449368277389	0.0627249076265973
-0.0460982740977511	0.178801966734147
0.109542710528317	0.448300894253457
-0.272179648333912	1.47433853337408
-0.352897807424931	2.03868621111969
0.0161036881370363	0.045974558008687
-0.211673863983573	0.897790003789351
-0.0705807309482944	0.200077371480413
-0.176734862392828	0.654247099916259
0.241579399167832	0.995557884207598
0.0870337432187837	0.241085090549658
-0.0947461346182117	0.186753909744878
0.110849295564209	0.197453924884758
-0.138264518645563	0.287694946022594
-0.0287023442884823	0.0443421202407743
0.117843049201489	0.237035209996097
-0.0644230944114197	0.11874004774815
0.0129691536883689	0.0206199938587058
-0.0534764953421892	0.0912937706249086
0.0406240286433437	0.0610288976828899
0.462577772287803	1.30609473946779
0.0673628094518878	0.111112736357424
0.14429975691496	0.266528347545544
-0.0212290873282604	0.0344623120027359
0.116528689245842	0.189821908875239
-0.460679543618779	1.25299017456654
0.220567383487065	0.411965322662344
0.0373127915451887	0.0565076959278661
-0.136926895010377	0.239407416618335
-0.302463437790648	0.641594816029201
-0.129304896448674	0.221354730483821
-0.157227456132799	0.302735326561449
-1.03358696849617	4.44309697716181
-0.181328004360694	0.306925398574619
-0.754073290166562	2.37557969019767
-0.412734650353038	0.988534699722061
-0.501188451576966	1.41922450982823
-0.363489329911937	0.824466231411549
-0.381501320312482	0.885896185875443
-0.417754962597052	1.01138181728317
0.204877731397648	0.359659333136268
-0.395913569659247	0.877268389294708
-0.0892270615106141	0.12044079720127
-0.261163178670967	0.481635765003484
-0.44315252117349	1.06663468298538
-0.253756000012992	2.29675066996653
-0.0692762648219566	0.301458913751359
-0.583232210698293	5.7884030360674
-0.461517163024177	3.39927094182016
0.0847646401167975	0.334944335444937
-0.063166635534399	0.203118645659133
0.15996372297786	0.559033976458608
0.0152774100240287	0.0384283049113845
0.281760926603118	1.37363684777956
0.392099452847638	2.15209909349712
0.195513359203413	0.486088145434261
-0.187062251320031	0.358478487032912
0.327247988786293	0.899178925336173
0.110045551402441	0.211416445923122
0.449941934310846	1.35779551484821
0.482171380968696	1.64796834552472
0.18211060812328	0.375516669334037
0.0375544016945862	0.0611571370821298
0.421049698833949	1.01742640751053
0.548564211068648	1.66916549514409
0.514093958241321	1.35890059386696
-0.0880536230700658	0.143593112739439
0.0607652029282557	0.106576736328187
0.278424185369533	0.652150272492915
0.172048781404131	0.338199096258583
0.133686584543079	0.2284403476137
-0.739912931803594	2.11091540345118
-0.75071792742673	2.58889098288218
0.0156643155686841	0.0211946615161461
-0.120728482186926	0.209831477126896
-0.112047690973092	0.190925510562896
-0.363540628153978	0.758258211295294
-0.48895381979832	0.937204926099623
-0.576385627379313	1.75154992313485
-0.654176982899536	2.24548153795176
-0.76454091556171	2.57866418885922
-0.59881208030792	1.63977991531796
-0.124326488893032	0.21734279565769
-0.428034472376981	0.922272862917915
-0.322667647298645	0.603640272158528
-0.493637942456761	1.0885221668831
0.0696010078546805	0.0922125962668497
-0.599415702248713	1.5328362967679
-0.257134527705178	0.434869887294588
-0.399563081618381	3.20894184833415
-0.409911732617754	2.72927912526288
-0.270955460022037	1.28573980163726
-0.160054033526598	0.593081131093786
0.102445609815797	0.342167360858439
0.155451693390086	0.549601387993891
-0.0102355910547939	0.0190431998128166
0.291900035491293	0.647004575623585
0.5169819627602	1.84706585409417
0.199840896075374	0.483519743156097
0.18508064967919	0.427992579858462
0.298233873414026	0.851355348345033
0.00541212680962701	0.00890860808412871
0.053645342874762	0.0934005590546947
0.437007495006865	1.2575099470979
0.76973780949313	3.14662341209424
0.476671738561222	1.31137585046445
0.549315695249766	1.79370860312638
-0.0717820096866649	0.132725676392348
-0.190310281577	0.404016718218895
-0.535847374407543	1.97434448663861
-0.708519980252776	2.55744083932852
-0.546246102204688	1.62444387501971
-0.590775560187883	2.06680530764808
-0.501012245576214	1.41427736724808
-0.206104331695394	0.42372543879334
-0.221026989243162	0.482230670158633
-0.447886676858442	1.1723635545222
-0.698953375604652	1.9112331811264
-0.664415637384242	2.33417042430719
-0.861709843349067	3.65200629213865
-0.80124182109503	3.38051954040294
-0.521586188925088	1.35060954458455
0.113144341302446	0.183598504755346
-0.356216976575993	0.878523296498222
-0.615805400616556	1.60659007356297
-0.120009379739346	0.175031260918443
0.0123319434208519	0.0152299435583237
-0.367120031147915	0.865438618777982
-0.560225105948432	5.63695507516424
-0.573679940057875	4.69179615273879
-0.307595157900073	1.55321299799184
-0.383670236028508	2.12073490628119
0.0908473924622859	0.302310889329515
-0.0390750636914693	0.0990650317769925
-0.114539376279716	0.242087656338025
-0.0461915844478123	0.0739103976670851
0.331581483341359	0.919814399446371
0.153066052830362	0.331529155800976
0.312299045960038	0.905086519767158
0.288833317022081	0.792102841416818
-0.00223888468411846	0.00366433470837158
-0.192439190295695	0.417320408951614
0.426686386144509	1.13627877330895
0.11638959727183	0.205364276824233
-0.0931187143597092	0.163152206063826
0.298691461876422	0.702594209895649
-0.0569153458793024	0.0956928489332589
-0.0340759517310637	0.05528274490217
-0.0887126167974266	0.155065159112923
-0.568287691353223	1.74563820926719
-0.132204324143833	0.246323893959238
-0.591671431794028	1.92998921693901
-0.650199649871065	2.14793526062869
-0.275114922630458	0.635393051301045
-0.482934421065827	1.4149404036629
-0.736636892025478	2.45833829815856
-0.722102670464713	1.82898990664653
-0.412483458742566	1.12839592026794
-0.659443772267212	2.37211731008363
-0.866505274393694	3.69551224923453
-0.731008826554319	2.23687807319752
-0.762511060159331	2.71723940670629
-0.125109796867327	0.228300091564984
-0.550691956536749	1.55152152600072
-0.281222392536922	0.523688654883261
-0.262805240765218	0.477828591616894
0.0338055669166072	0.0438639225061897
-0.463530852909327	1.19400039963063
-0.408931282156494	3.14707135530867
0.0276245816390246	0.095787066615917
0.330591295687431	2.00228547677869
0.224033416696678	0.921913458214886
0.283004816608274	1.30774649996056
0.693991735721905	6.42085578928517
0.400681055668239	2.28210451474175
0.512686264958308	1.74656797640721
0.594555409004953	1.71024738324492
0.609912372131485	2.08334495230411
0.807933194844568	3.24102231373473
0.471237899833022	1.34980856587318
0.687861570369279	2.53878169386759
0.504068753476189	1.46927486681062
0.613857250777617	2.00619160197842
1.06371307400931	4.16776278789831
0.606179761997077	1.832286143444
0.706000171296317	2.28752994287115
0.576828043723562	1.43416932171803
0.0851645270847182	0.145126000123966
-0.408174403629893	1.10611608917775
-0.108970259416697	0.195529800809162
-0.415439464485584	0.969948239550038
-0.319869245585196	0.701578904122606
-1.32290645684252	7.0295633411156
-1.020587855248	4.45407175946867
-0.717745104742224	2.64939221643716
-0.32147808622766	0.766595394583404
-0.0501434543385566	0.0701873900179763
-0.0619294964996811	0.0788779162230923
-0.47761600322654	1.31819156765468
-1.10824152485549	5.38099537260318
-0.07830115497907	0.115807120353324
0.705050451890433	1.76609231829373
-0.104723476240514	0.145421709124684
-0.0917612851557361	0.127577355812315
0.109492768399604	0.156672225344703
0.284743818498358	0.432702217915168
0.189938082993023	0.269647337614766
-0.524262666710327	7.03185153115974
-0.152315367814076	1.09272927273326
-0.192692527278489	1.28741988721076
-0.132514164816774	0.628315691422595
0.193842436897637	1.01406885288536
0.461977222881686	4.70812988350525
0.397149940115085	3.45090113922735
0.415428923212917	1.95660923161357
0.355144870407573	1.1290654920429
0.566030247499894	2.61580986366877
0.290009744967081	0.96441167242148
0.290959315794377	0.995583003103176
0.576035219405748	2.93010741399034
0.828349642323564	5.11208134344607
0.963138853275783	6.37421195094381
0.954197298075782	4.3959233007532
0.529257883730874	2.10212632017359
0.462049991466363	1.66404643142374
0.487587857993169	1.75243955685643
0.0758466674753007	0.169052512572622
0.083309221622028	0.189906334747568
-0.127088534594538	0.352030497192867
-0.28111201921869	0.824031719081441
-0.176276316723553	0.440814298480229
-1.06681071599459	7.13357994331801
-0.507762568375262	2.10775428949503
-0.152544120354378	0.376083711465806
-0.219576118613862	0.646546475346338
-0.194714159895799	0.442035353254432
0.143653870154605	0.240671163567597
-0.462243180488027	1.61081442571531
-0.715976134613546	3.71649310559933
-0.368767144801656	1.06010795270013
-0.222126780542487	0.48530446468261
0.0190611930503902	0.0298144130541205
-0.0349885336186129	0.0535608249036824
0.294891452991425	0.658607218993995
-0.664590195234969	1.9977313991711
-0.0293509562294609	0.0448123123354825
-0.228119521288806	0.487001134227371
-0.168903148986071	0.352677933266867
-0.533319049896151	9.19595859018138
-0.365069887049068	4.52023775105603
-0.572608575676232	7.58153715956179
-0.621802785926174	7.1592046488582
-0.318766173636471	2.31044485294496
-0.0425812801723174	0.162880049568484
-0.252858292351193	1.58231108601577
-0.134275219127813	0.43134896351282
-0.173232125783643	0.456451739086507
-0.18431121319471	0.555025466799289
-0.0164773318652748	0.0347382339738493
-0.0769442302924036	0.183173140327917
0.278683614271906	1.03859117850085
-0.159650062735377	0.450737446311791
0.0627209681794516	0.139994257497867
0.177065206661603	0.437407004112947
0.243178109616308	0.720031896282649
0.102612253062812	0.22976600497934
0.0388728539518756	0.0752455011942098
-0.564114960178912	2.8855637912951
-0.546828773547878	2.54336138520922
-0.396144221991929	1.76197179711425
-0.297046952656578	0.959366325471006
-0.256870538436194	0.722866741942274
-0.418170793405403	1.69286560119611
-0.440441410992176	1.42838152795256
-0.404326048474717	1.4856998631355
-0.455336205038825	1.83313704259017
-0.081213049386467	0.172758942288355
-0.546950762274819	1.69074233850736
-0.583136248404327	2.35425320775367
-0.634838068802349	2.64514676574473
-0.458544158469955	1.74092242302027
-0.511658631612954	1.7715728458588
-0.162131369996521	0.346009657527091
-0.325951954691487	0.870441624496122
0.368209778771339	0.907122097453252
-0.314826589489403	0.757548995697523
-0.0670884387894803	0.114390913449598
-0.396843953386174	1.16518689515007
-0.516926723309988	1.79166918974027
-0.862870288714588	21.1896790623641
-0.465780553773806	7.47937947791001
-0.913664575652238	15.7274645668119
-0.768272935924753	10.3658128250926
-0.547180946207265	5.53194320754266
-0.427872609865109	3.94618442096274
-0.377261071170816	2.82588291230512
-0.627846581383314	4.24612157570692
-0.112172182338288	0.278653448351894
-0.094791685307467	0.237841379830362
-0.313566070427076	1.13966056347342
-0.225528902966213	0.744234286930379
0.0567718938905469	0.135642695486361
-0.157145474555687	0.4267944506205
0.114211886560137	0.282996274305423
-0.295243279822982	0.910450362811533
0.143953415303007	0.35102066944834
-0.165447510725576	0.421772845220235
0.0249165469495188	0.0458203261511349
-0.243485347647637	0.759834364271149
-0.284384682530915	0.948162928699004
-0.440412801247184	1.9546014886931
-0.198917749766443	0.508885985499714
-0.383802547286163	1.31276704909747
-0.0584887382226736	0.12173089443884
-0.0512633177657224	0.0942567696446553
-0.515915667040877	2.0591271196652
-0.484441698818405	2.01491949222874
-0.52479125205924	2.05342763016554
-0.073233921848395	0.125847273871936
-0.586222698045531	2.29916840689506
-0.409004414209912	1.41108008341879
-0.462276492662446	1.7171542699633
-0.534083593031116	1.89785848524647
-0.25716067949467	0.652310500305969
-0.647270840684767	2.56392052899314
-0.357047842540191	0.912518773009549
-0.204941572816277	0.403941453057286
-0.179102471711118	0.361497685253129
-0.141064475621608	0.264908264215992
-0.184601953494277	0.386716247212896
-0.18718467328846	0.383556109779947
-0.417475003124867	0.526181338233449
0.050298948578775	0.0423229201115911
-0.739576116772663	18.7457280987582
-0.616824896827038	11.179179946503
-0.515743504171544	6.62519451207494
-0.301649067924514	2.51293639745843
-0.078976622464464	0.398570154589054
-0.0770943790560591	0.367531657903047
-0.301587914795559	1.74016833458666
-0.342975067816253	1.50842295033502
-0.244043144501395	1.04476911444153
-0.00405486354993042	0.00968706222500395
-0.194858762332716	0.760470965587239
0.0474021408045749	0.132246711628938
0.142538699293675	0.479911587123004
0.0908648239462321	0.263729654616226
0.224203181661063	0.748485355341134
0.142560142002722	0.419651368384331
-0.078862759199142	0.202987904605162
-0.242606410939144	0.863889785593891
-0.447330864599941	2.3314397862524
-0.445351485353047	2.56287774890963
-0.21485749201823	0.887215216959999
-0.434669212745299	2.0754190751656
-0.360702003288372	1.4288613394953
-0.313559807383086	1.20970236790204
-0.175037855746222	0.492089011101553
-0.195545760325508	0.596122526706397
-0.265205740037339	1.00524919915789
-0.31536613360363	1.21294298658376
-0.500311059051622	1.85713221384178
-0.618194134481864	3.34123275021485
-0.475178782994484	2.12897436285121
-0.379005822136891	1.32620364331136
-0.226553167872144	0.636319081552038
-0.271556788995461	0.846426121804373
-0.390480340462415	1.38619699727683
-0.12829245743337	0.285289058269477
-0.263465303602361	0.693086167752008
-0.048643551529493	0.0872933988328496
-0.399838984815635	1.25786715803749
-0.317764976184787	1.03006753005025
-0.169376049814278	0.38905053834056
-0.396871749517084	1.19001958978224
0.175780091388749	0.329133356109808
-0.673823289111095	1.07052956723532
-0.419110171559813	0.529255004783305
-0.302091877402856	0.347600122609951
-0.193526881134881	0.170186852518233
0.710558099217201	0.918289839252827
-0.670347019648619	14.3458754198655
-0.2522684385449	2.51788750393018
-0.158247327369988	1.05510612408669
0.179669136770198	1.39714061811771
-0.0755231080312777	0.375768353764295
-0.511464631290576	4.12878508539121
-0.483850038200163	2.78178218889454
-0.100513629849714	0.31326068649627
-0.411098177201579	2.33161207844938
-0.199902864088229	0.816223233821013
0.00397660178215612	0.00978548973366161
0.170613661043831	0.60550412268122
-0.0529815427175975	0.139768957993545
-0.0554998245652635	0.134330953527798
-0.262187822918115	1.00247481460161
-0.380007455190729	1.67232260635569
-0.160993541644531	0.476180718771428
-0.561189800038033	3.48998025902245
-0.280678772421175	1.18244561401327
-0.087186940067588	0.272832879566203
-0.158312393540564	0.489485962410976
-0.105661487062484	0.268871241326321
-0.064248214965159	0.146844944747441
0.233910179833397	0.709944507929589
0.102242543067368	0.264260206080096
0.323539017456671	1.35505859629602
-0.191018366285193	0.596013079812833
-0.235950528044871	0.610567556921925
-0.349641758769164	1.30472702388452
-0.0716259340256253	0.165639943878099
-0.160976512126758	0.410504849208683
-0.538249384291829	2.17450688685353
-0.176007323912362	0.47518169708955
-0.361578113521545	1.18435047296608
-0.23760266057581	0.625384854008234
-0.178772639284551	0.422880949254763
-0.0520491697633505	0.0945503380490283
0.227098061683325	0.571200156777105
0.358331263385693	1.16322578997493
0.0257089957394948	0.0465277863712766
-0.254587588654127	0.62780166262691
-0.314696965329286	0.610563757011613
-0.0907349696658299	0.142297034168272
-0.293940662373454	0.696352528215899
-0.181715923809525	0.304688737161831
-0.347100776225625	0.745624808203564
-0.095941604019979	0.0628979029464739
0.0681376688220639	0.0593732962842085
-0.272641083559746	0.215938683175784
0.608235802320984	0.681511411839799
0.211576392571116	0.181546976120459
0.395269807974814	0.342147304561137
0.355997126743223	0.237583476316088
-0.675255038767148	14.6602775088536
-0.193995301726827	1.74473488094639
-0.205649533667754	1.7332779124382
-0.614088136980874	8.39007315603287
-1.08802879965897	13.609214988162
-0.884992838158864	7.05308062105763
-0.571136722712594	4.01162930900072
-0.537946233002076	3.48299781799287
-0.47981931984431	2.96683175123645
-0.194214427105949	0.721417305433153
-0.488445086377507	2.87880187059716
-0.270344848276046	1.12864714652874
-0.64840065446886	3.90562417968114
-0.387546774627292	1.6793940147243
-0.524728254788704	2.813066382621
-0.411262809172853	1.79408365256145
-0.67529889282116	4.2969992313591
-0.352555683585241	1.5395034554817
-0.329954529579327	1.53801770098467
0.0162213931318898	0.0353829076920164
-0.372142149816469	1.50195330749799
-0.154734318887274	0.421626033831531
-0.00239490219796459	0.00446195324129229
-0.113401550174066	0.303618460168433
-0.151678938314095	0.429390536231483
-0.249299149095736	0.799902332256701
-0.48802016398509	1.97375831036
-0.358492582443483	1.33425631096361
-0.604456675045353	2.89963225525609
-0.149348163226534	0.393420803939094
-0.455574477332068	1.72099513731633
-0.368179159319544	1.28739093675241
-0.423229721880264	1.64598663481432
-0.684308289919936	3.31718088052325
-0.40611643941778	1.24502562314585
-0.317780504785387	0.828800165150764
-0.291202105775722	0.691456119522315
-0.302901454133375	0.890471599218642
-0.337844381937029	0.99073583980982
-0.347392804218701	0.887650829077718
0.11099963009457	0.194638870877517
-0.237025031714223	0.459860472410837
-0.409374325093988	1.10024373889954
-0.271190799192047	0.604912714511554
-0.298032337251962	0.68652929575111
-0.447343033825123	0.804589854754379
-0.666372155134347	0.713523541253581
-0.40370565365978	0.472157821135317
0.348950356089017	0.329559483562594
0.294002305459194	0.302313627483362
0.667601782463733	0.832611294510386
1.40018943068015	2.20000325541167
0.258613678852357	0.194097011697617
1.61313993414258	2.95763913177847
1.21768996368813	1.55511370652063
0.44264225712439	0.401312612024101
-0.491305208402415	8.91855795618915
-0.191353721018464	1.68400537035741
-0.694593594573005	9.88449629925143
-0.957901908308741	11.4038870005834
-1.1095252654104	11.2175793714451
-0.544768126847896	3.71351373750969
-1.02791967867654	10.4977378704113
-0.484549607414857	3.06964740603443
-0.176235306514505	0.641252212045777
-0.469833442735763	2.57864185801023
-0.581852535565597	3.7338828769784
-0.720209250798813	4.62343879930792
-0.533123949729218	3.1067214044864
-0.550447770280607	3.05021610365955
-0.51415125471386	2.69045390000658
-0.752919328265359	5.81191468562367
-0.35950247596913	1.53464386705136
-0.43101925102829	2.40407362122572
-0.433511416699218	2.03096522826657
-0.466764702368034	2.17191987227569
-0.340927516798741	1.34355729995706
-0.282024938391671	0.90223078123712
-0.210552534778388	0.654088412764916
-0.304462410367181	1.17054505096352
-0.634020536175496	3.23178976910742
-0.805711602439353	4.16918406058763
-0.554167618958621	2.66204659921535
-0.473181262016651	2.03026344245441
-0.482576342770048	2.08807486811082
-0.557576973375539	2.42848671105558
-0.505464366371966	2.27272867986735
-0.768397602789464	4.35226318184767
-0.43185998647839	1.5672344748818
-0.196751051224203	0.507627412601738
-0.344148691003813	1.09321685000808
-0.186255842617786	0.430254531932185
-0.164423004730538	0.413274234686821
-0.296727061518801	0.850555900277538
-0.212076113562341	0.512334929047961
0.0195549525920168	0.028763711737326
-0.228422162347965	0.498829599319406
0.12858616369544	0.225242446834419
-0.358647812308223	0.87360905801876
-0.133227814958199	0.245392167439799
-0.254027619089931	0.389554046664108
-0.0235213251228903	0.0262829486351105
0.511389188151408	0.706305637843303
0.555777534437285	0.805772542636957
-0.107533312797655	0.104516104791217
0.191623960056689	0.203319083942106
0.819455051685462	1.36345788325151
-0.384415660864	0.366405687960469
-0.57504632600578	0.591686156266623
-0.194908793607322	0.15923851240246
0.306269867806338	0.269436746899034
0.196920537479745	0.159046825645701
0.777444861454287	0.772652822428865
0.47895494165862	0.425191511833564
0.510838490325614	0.454424214214434
-0.18657032581023	0.156299347175709
0.288486828540206	0.247132575812015
0.148938975249985	0.116794659234656
-0.665669329075833	14.2333531772578
-0.518925586214944	7.57063589166999
-0.844473793345617	9.7958839777915
-0.72595734745001	5.36039841386901
-0.559807594611536	3.9536962393821
-0.643707607543627	4.8647789736368
-0.507371658790794	3.33128491417488
-0.393258513155402	2.18816514167924
-0.21230114093418	0.834243554642865
-0.488526407859707	2.97278949476357
-0.330438744088687	1.35501996046478
-0.344070796909008	1.51437196226317
-0.336112435104529	1.45596471419099
-0.225593071431254	0.775705412769029
-0.673440663950191	4.86135392116164
-0.415799098127908	2.14056544440729
-0.249231484448117	1.12041344660426
0.0155459413782543	0.0339555649117897
-0.256818911918641	0.885288868734227
-0.153197670154038	0.423501731684412
-0.0864496016303564	0.205674262559388
-0.315263917153975	1.22655881531627
-0.1880304513323	0.632847780517001
-0.258425776322672	0.92473018371494
-0.700288019015162	3.38396452442802
-0.533521183000303	2.58676026084858
-0.596222252426649	2.94468613267171
-0.467788652659977	2.04538924769028
-0.70128340549992	3.77806542829666
-0.331121764793444	1.10893446087
-0.562732172612317	2.54567249940957
-0.208469652345695	0.528747563118772
0.0471066453580625	0.0856789800988331
-0.425003222250555	1.32157545584034
-0.0679625062753078	0.131114748704322
-0.518516861188975	2.16105330796283
-0.212392624108383	0.530394933706554
-0.429931860897946	1.27621856659642
-0.59680096229688	1.66316669966315
-0.122492977877314	0.214090630326159
-0.499090602335355	1.37796772904516
-0.380431972095608	0.938993235274177
-0.370767602954783	0.939709628158819
-0.480624431824957	0.88886828117748
-0.474550013775766	0.629724299000241
-0.509487808089411	0.654409969925998
-0.504045079625968	0.519364401180824
0.231288575186027	0.226042486723067
0.2271000277782	0.219696764051213
0.0749068785097035	0.0541909634212563
0.865249090246311	1.28749408217869
0.366286709814969	0.319836838673403
0.284695674798966	0.317619353238893
0.776486435038748	1.05184926056023
-0.117251864273393	0.0812599192976762
0.589259700547184	0.602753720496542
1.13387898426653	1.65505664563171
-0.604673771023691	11.6516640564412
-0.191155998936015	1.542879475579
-0.0774906337340937	0.326501627330379
0.314792529158485	2.57224549771565
0.203488457631023	1.27902327645288
0.209582570633505	1.45505420160646
0.353447657366627	3.02405100208432
0.992958671204096	17.459179804939
0.758520009972225	10.5824839426075
0.122735514459878	0.505295376403448
0.308211619799115	2.09656429497967
-0.00106493627983101	0.00317777026348313
-0.0667960691185594	0.233825083524963
-0.129733052442412	0.602999883897428
-0.0244866684451209	0.0863137427028604
0.109501045165724	0.593553247717341
0.20063340636872	1.09657682161221
-0.156904589642463	0.65931209885178
-0.0122756593981094	0.0349090999443526
-0.0867346390820053	0.295232427068898
-0.102282656290137	0.392008790497806
0.445168124268764	3.86147832459015
0.336146329140354	2.10509100463673
0.268821705448364	1.07025160565492
0.212025248987488	0.832949832392648
0.217882644135794	0.90057288089498
0.198158186665702	0.78621576078075
0.312092109748286	1.542935179276
0.0580961576321345	0.152137004299161
-0.167648724477472	0.545552518478295
-0.181233873258849	0.570476891377178
0.0162013813582421	0.034497599052554
0.0128752520739923	0.0273639736509737
-0.113499166003817	0.300718102619519
0.418482384363952	2.1731644011103
0.615434783302639	4.06421922896508
0.475462897994046	1.99855699717725
0.272547955629243	0.709903912724007
0.330357748476092	1.07268982683869
0.202605145008193	0.528922145612675
0.281438910748256	0.781113497801302
0.00391830470453065	0.00673360706878614
-0.486242295166803	1.29599418505759
-0.697372663283862	2.22408228583218
-0.710752733655781	1.75164976746037
-0.414240234564058	0.86660145553869
0.126847889356573	0.140734760248341
-0.573809405105266	0.849289454671453
0.496732999479544	0.639629841490086
0.280495622351384	0.314244195703558
-0.676626452268078	0.947271712666338
0.637858085289321	0.860787184043003
0.246442750932323	0.225947569098325
-0.0203410961362178	0.0161763524093461
0.872593855142137	1.29575763936754
0.237583166814347	0.211787845620406
0.675991087673787	0.626499169911977
0.289476458250787	0.183915952543089
-0.223805925063599	0.193193769556809
0.131641939676605	0.101720174435042
0.296243630879359	0.277322291538326
1.0336271837327	1.30829684861211
-0.599607479340486	12.4517583586561
-0.0934283852000369	0.529681165873301
0.123212130364481	0.726941878232775
0.0667908351003602	0.309508297248584
0.121479123357762	0.694439283797385
0.255418517801722	1.91803596240837
0.669883821460732	9.28680683285038
0.182389649745124	1.0556993030756
-0.341447319610614	2.44138763091982
-0.192310545037991	1.03023340125646
-0.336441562139766	2.37482017528165
-0.401464553532143	3.10169249416794
-0.393128926194143	3.35853064099104
-0.171022137408098	0.901665576994084
0.226499327004258	1.55126957688794
0.350821452439413	2.43677601274241
0.0253214141029317	0.0717532157058932
0.218865178177317	1.00137255284574
0.0795296631538525	0.243303607350692
0.207507481481445	0.937487183208539
0.681724149799736	7.04025113833495
0.171534666305817	0.7091286834949
0.0239010975028232	0.0577771032239478
0.215301867686645	0.828799342903906
0.448460455748058	2.40059286716977
0.243959601665315	0.917493141307287
0.0973120083151221	0.276130266075065
0.0180502321540113	0.0422797412961534
-0.167414321365635	0.536307859070393
-0.420861963394367	1.95496828631353
-0.0134257977783516	0.0266642189227429
-0.109393873255927	0.268914371515552
0.151356348869811	0.397449651905485
0.696052174680795	4.74083450499532
0.82623120697886	5.75525883309946
0.650301147867959	3.17964799830727
0.663131560273013	2.77813082171826
0.72502576585425	3.30652764052519
0.343016797084463	0.962521752831422
0.731348509217309	3.31533991381386
0.658467301843151	2.48542034955138
0.304661915354191	0.706356712799014
-0.416377469257849	0.844945822029144
-0.183103572637232	0.299529505312516
0.0761918780438477	0.119138878380462
-0.328820230290051	0.672073648231295
-0.320013666154665	0.632787230713255
-0.337554776596161	0.63827592994105
0.396362244595269	0.724644105956189
0.244278389684626	0.425653056533696
0.155066164113381	0.221503091865621
0.00532809421193786	0.00687490897513618
0.242535143802009	0.404082202857196
0.494057110251889	1.03929406856372
0.00142187395141838	0.00132759178149283
0.506311426135614	0.943753834130217
1.13527938632353	2.15985308498655
0.992213184967488	1.62024843093462
1.1541387461026	2.17844458216626
1.55956822188307	3.25771670139375
0.438341263206468	0.519055241597022
1.49033344793456	2.42126129733182
0.752984434499591	0.707889738732104
1.76883279099833	3.35308933908962
0.905458778888455	1.23499330802713
0.0970498246366296	0.0690304386542556
1.29692612414288	1.75433201281682
0.738835253698609	0.688677905824451
0.76393786462268	0.861638739194518
1.20496712487785	0.997084323887606
1.195376197596	1.15021071350767
0.359878847502574	0.292164398578814
0.372342382096284	0.29644891323204
0.013549014781412	0.00832338315778896
-0.36777827615203	0.286937884132851
0.521733064539854	0.452971520445442
-0.107270241903622	0.080370724733258
0.105199212937174	0.0777195938885485
-0.0546492205027999	0.0403234754107393
0.825460255715296	0.944796488928152
-0.16318579458204	0.112543231017967
0.289977101650056	0.281880220580782
0.391767324476234	0.339153652489546
0.83295015282129	0.887831063290285
0.625342821634866	0.463596731632189
-0.662724827629742	12.3154476948508
-0.134679595463672	0.880708524240644
-0.191098132194202	1.23974049204077
0.141680734656692	0.757506680459073
0.296922076504294	2.12918096243266
0.575771294262588	6.01149039737752
-0.104043986420995	0.409304301826755
-0.647657835503758	5.67526628501176
-0.434206946331029	3.06232879216306
-0.442901721663342	3.09450831914518
-0.653992406636467	5.73804239050962
-0.335537444476704	2.00863269374096
-0.0816384974624346	0.276242736157756
0.340734364311208	2.33141694025585
0.00440092760296212	0.0107306105462154
0.118892781301074	0.345511663809509
0.30977753628044	1.23984197301246
0.512537941485653	2.47608974951476
0.431180845534741	2.12857688649305
0.72735923714463	5.830792338135
0.0631910867181468	0.158816472044366
0.0473562790303103	0.0920815969676067
0.237707329943597	0.734440807351035
0.397432592843693	1.52752344281393
0.114369170960947	0.279988318796638
-0.102261585762054	0.252608758416869
-0.230140581107071	0.679290695578704
-0.345023597030463	1.25287386854404
-0.631254252777075	2.86171227948002
0.248379304136262	0.670581225371204
-0.124986659971615	0.269324578218926
0.10985025475232	0.231545807083996
0.366354148835751	1.16788663798275
1.11775210475066	6.89241832634943
0.572783000684732	1.76216412063382
1.40184689189167	6.75149227380354
0.969196832740739	3.3566749259604
0.46454043944021	1.17417321000735
0.71434535482334	2.24129252829058
0.318179734045736	0.648537968339957
0.334110787496667	0.651815487004602
-0.551275348416887	1.23272488119831
-0.329305076681457	0.549679315353013
-0.49471284453547	1.08588988804491
-0.114999952923427	0.167385059650404
0.465223099351162	0.833504668140582
0.0778372617855043	0.103342404704887
0.638718964907931	1.2200990898995
0.514850192688993	0.833212592031224
0.728596983663183	1.3368151942308
0.943579175993803	2.15782785880492
0.368626178036477	0.608351119291702
-0.680150315656846	1.22325096364801
0.314496625738086	0.480580887431227
-0.225619142501056	0.280844242027921
0.140729436563299	0.141043519235588
1.47235172130773	2.54713728515042
1.48756120383441	2.11488454007169
0.874352414371013	0.915918685240973
0.573394045627091	0.578126221939075
1.16651803139416	1.6820949429085
2.56439377860246	2.51662249057292
1.56178061812673	2.58317399606865
1.09589327099808	1.31761079504821
2.16323100028209	4.36195711451039
0.377018962968191	0.250281420541557
1.77270193678962	1.71097863273077
-0.446144681786726	0.202877632149659
0.357172665879483	0.220668464457638
0.298557948911458	0.151170935476088
0.95944850274418	1.11916096622154
-1.07318683475518	0.719819188953038
-0.49624152723811	0.295364407225645
0.415564770227428	0.230541588851808
0.269862380706046	0.180775388032438
0.45211252717469	0.451864831478466
-0.0125845646247127	0.00758680149829161
0.0269058959237096	0.0164368776923395
0.77067619015589	0.771655821847611
-0.163641677784218	0.113004994825355
0.0226211422804732	0.0113096510196729
0.658461237534042	0.629986242547321
0.134524828365976	0.0662891175462462
0.283590269775889	0.17178864596281
0.591201253707476	0.450654954133526
0.0275794004832299	0.0208825280479484
0.128730250394307	0.0897874455024327
0.423450758125337	0.361162223768307
0.208296420068757	0.130791354403973
0.849787425769555	0.587589278881262
0.122965162457911	0.0587668290881805
1.06443308239988	0.877656712452209
1.05720621220926	1.00925586517477
0.865073930166357	0.595494514946611
0.696267736758156	0.379355459918313
0.0504701621556311	0.0282548623907177
0.637569541688914	0.583512534600537
-0.564365789415284	10.5674850595984
-0.132784938976126	0.92237305924715
0.120653709443309	0.679766972767013
0.204493561866764	1.32007146987352
0.724224449504387	10.319543892994
0.0200912387167146	0.0654818264323891
-0.358476197505201	2.36776047238141
-0.232491330870684	1.2727105535513
-0.402096071063146	2.95393436140867
-0.291528713744124	1.709183235919
-0.410451029341052	3.19743545032698
-0.0265352553508255	0.0834577498566177
0.411446740540589	3.57157219673033
0.187020417489127	0.765132507251868
0.217298924452494	0.861752031668359
0.308475023105218	1.3720084638481
0.449597634412778	2.34966519887208
0.543715155029351	3.51041940135697
0.354745908281678	1.94930758084981
0.107319796057549	0.331645208000632
-0.151436953899333	0.437580719362632
0.215715981836125	0.725306982041592
0.339407562805001	1.36295773867978
0.262830311931484	0.992481496498536
-0.336581559012221	1.3209473968519
-0.451769448581175	2.13350584215483
-0.388210640704424	1.68429021198614
-0.259062486429801	0.82437226531628
-0.00147563899993645	0.00266416315904731
0.0169239413729975	0.0327496928772343
0.542469029425696	2.22905667987307
0.524410760596408	2.40353987033401
0.579684040055297	2.52556359684349
0.693174939187282	3.02022361055519
0.542655215015496	1.79381466908089
0.795592668880045	3.03825192558126
0.309735648817996	0.770648757650595
0.453335762505188	1.27319675319364
0.552231999707552	1.80517935927023
-0.330829089978033	0.705010380357429
-0.408346420000533	0.825750407428702
-0.684049541013833	1.87843552499537
-0.227113826366205	0.405291247527076
-0.189890193479089	0.331446739423137
-0.103601966425638	0.152986200265951
0.205380136235792	0.33146704689386
-0.184116724792289	0.277774894892809
-0.168169344318491	0.235574427948639
0.338412424768277	0.581615745590947
0.0707773135377871	0.0957395663172715
0.192666986469487	0.296179722382536
-0.138794295786025	0.190935059883983
0.246342677922958	0.374796921507296
0.707707144558129	1.28813498433387
0.576482728205409	1.27378834287317
0.411550536506067	0.48197273880364
0.632236636531233	0.868161071871615
1.76209105630216	4.32408141027121
1.46491205020686	3.08854347106401
1.79468280805662	4.16753120188004
2.36985786865922	5.02532002826863
0.334485990011455	0.246689749388138
1.24014987073686	1.96687048352459
1.19998728500416	1.64775354555769
1.34519803239056	1.36266917158455
1.59970003554973	2.32091886291219
0.839032798985645	0.85124363334512
1.39403435620469	1.89595105756734
1.68298539158268	2.41774638565052
-0.283222464094892	0.204709508330168
0.344862080615489	0.290320375893938
0.0821022455248086	0.0580194812719328
-0.146230552587307	0.0923850649774995
0.438783563592382	0.392083701275025
0.801775245416362	0.805157934512121
0.583886623176011	0.571869747895718
-0.122967343617876	0.0990696332704997
-1.40168148633301	2.11324919259653
-0.362169262645208	0.294484546108314
0.255844226805146	0.184159735901859
-0.577458421952182	0.556336647397819
-0.043698801922184	0.03155355617539
0.549249139633096	0.652783405668857
-0.00302142210736801	0.00144342350374683
0.353973205659289	0.292190351788312
0.0588227915182509	0.0432321607882265
0.194890184382569	0.160912934771891
0.104587225527259	0.0801955655157525
0.684467737777947	0.637405284551937
0.00566089846349005	0.00343979430671351
0.158736718262597	0.0978735772353289
1.8327917593249	2.18717042496009
0.485976400363879	0.380814687816703
0.463714180560303	0.374262271145321
0.355778085859649	0.235508098973247
0.114409420294428	0.0607455075088441
0.851926032886741	0.883194055508482
-0.550564818896082	10.3448400032362
-0.00811984571703166	0.0337437454873155
0.0833707945815654	0.402462900901185
0.486574582661827	5.232686441186
-0.0854165106266799	0.352970770047012
-0.661060322138235	7.07780121005909
-0.498686019030699	4.35214901894801
-0.610539608639422	6.25252382602764
-0.558463566230584	4.92983850689925
-0.320886971163515	2.17585469203687
-0.109001004635019	0.440210347110946
0.228754441788239	1.41529711882758
0.26155826013246	1.31339557977802
0.122633988353819	0.411709130465238
0.218234255434939	0.861856359681117
0.359964593640081	1.63196919903849
0.40293442269708	2.27840677190075
0.35088010706461	1.96148675942215
-0.0815666149602791	0.244284406566447
-0.142660805342719	0.406068682236413
0.136194622728556	0.403012264157127
0.198211685115546	0.640210575968954
0.293147847300412	1.13005711130455
0.0351808765935894	0.0801125572482298
-0.0458006631642767	0.10788341968507
-0.389637490962605	1.64874649600129
-0.31933474947309	1.16234460756111
-0.083058253332382	0.179202321000784
0.044660482162296	0.0959554305958068
0.583507434642337	2.51624229128579
0.402704551362043	1.6230625020895
0.849779440571587	5.2924429865908
0.740239239134019	3.29747380124911
0.858038345112565	3.58336792300117
0.780150526611596	3.13643850879261
0.588502917149385	2.05639193492748
0.414962307035618	1.04998718209392
0.730806867224779	2.75171788675076
0.00426329838101141	0.00606210701088258
-0.332517202219769	0.692909708548464
-0.437808617499692	0.985453031834328
-0.454291855098509	1.26429062862942
-0.14848656279719	0.258898531354606
-0.410114807817696	0.791028925035664
-0.191173740568242	0.323094810024068
0.0428072313877059	0.0502488239926817
0.386416880194366	0.739326353487796
0.222794714016055	0.302202836590087
0.735171157465611	1.93811957566616
0.361584389316934	0.649101474078346
-0.312784569397191	0.557102406490642
0.211255128811224	0.303276364305669
0.043246402940043	0.0521509590283445
1.19093745270147	3.24298322030826
0.788214605868821	0.960889158115119
2.10581364840774	4.09125270517665
1.37226254228161	2.47442427194573
0.650409843872427	0.893408489088555
1.9937421772277	4.9258621132172
0.661593963757128	0.546937537042591
0.85813816893505	0.981887695545826
1.30572687431025	2.46416702871712
1.57418825193579	3.40397757038842
1.19553017737599	1.5865614513171
1.55300775121342	2.28704400745572
1.04083360300073	1.21714477005013
0.557646333571312	0.50225761270313
1.19741910499605	1.29070414625751
-0.283945825899516	0.199137356458519
0.250442247741401	0.223682343666768
0.170537764753262	0.122000132936196
0.423660514310995	0.304030078822777
0.478764588638175	0.414162123388443
0.116598433866578	0.0795220501707916
1.07048303769291	1.5565825690878
0.0812886050330369	0.0547260391018046
-0.181216153081881	0.157199930713259
-0.0321176260061192	0.0206514950727582
0.111932269593228	0.0593425255518799
-1.26171531426852	1.32075614845469
0.749951370491606	0.7979240928582
0.320812523530211	0.308837243402311
0.458290188390772	0.419440331528197
0.239956759644111	0.188925381589891
-0.605002193945295	0.719295366197329
0.0199339996117831	0.0138147206208342
0.0285816875194132	0.0173028224496045
0.341656131716072	0.223801914257791
0.135826915414116	0.102689616320549
0.175919984016683	0.107792572046395
0.0473400063423789	0.0266459221457145
-0.492563214739354	0.298663172739697
0.912992581268154	0.843577863885032
0.854190771844156	0.835719549460042
0.518436612664096	0.353651199396787
-0.24278799251484	0.136690458309398
1.10043748218975	1.68773139185303
0.695952038461303	0.841609096722596
-0.558332799411762	10.3588216273448
0.0238529162749283	0.112001620606082
0.518170861695369	7.23807703479565
-0.280237736695593	2.22049679846435
-0.70601910435654	8.94920561141886
-0.529967625229898	5.70136212256779
-0.639024842288285	7.64912572674459
-0.714832109680252	8.73082838335787
-0.673129203315525	8.47482040380618
-0.381690027414328	3.40534646158436
0.189765949835055	1.24190614693104
0.357779783381589	2.39976207484851
-0.0235252206551002	0.0639845917530398
0.376334175007763	2.17174764603054
0.312324415449119	1.43859071608208
0.202172703840343	0.838609033362211
0.623067681240772	5.60549908258272
0.274021398647541	1.33050037393201
-0.13461756396209	0.381186992135057
0.351075704406694	1.59594273909671
0.596814583320184	3.49407755478225
0.402715217681913	2.00205249668676
0.253988567084312	0.962920916681373
-0.0574847069109206	0.143454119062697
0.0546326329886723	0.128684558642731
-0.365944796871458	1.40770769893124
-0.11662986125891	0.270995327163904
0.213312081000439	0.6333112594395
0.527127715609001	2.40728968100552
0.618141857515606	3.44413203522553
0.714590775416278	4.13363846975642
0.616693840313929	2.81822806707998
0.701893899141698	2.623542371564
0.703647670241618	2.94483594039189
0.64697566626301	2.34210815451826
0.58143503890695	1.99553642107906
0.878657580150094	3.6630889822268
0.448787165294042	1.13116157292973
-0.206648533760353	0.376405954238274
-0.456088284920414	1.04800102169963
-0.76682239339621	2.50839969941981
-0.366175563665616	0.816051325116002
-0.231630080894379	0.3756947042054
-0.416497356713734	0.840880787468018
0.0666944295888936	0.0941912933833433
-0.0568134893769337	0.0698763402444803
0.664369306408993	1.29970481308976
0.34379648619077	0.64077976387651
0.165152754396345	0.256265140002203
-0.267196674508555	0.468768864072407
0.250762318066814	0.38000565254231
0.250800425791647	0.387479114664719
0.615208840395104	1.24449223125505
1.34382962450628	2.75429504681666
0.509517288121995	0.596502176617072
1.49919976960881	2.47673566019585
1.9219550095895	4.57290095198148
1.42619194938866	3.45615757361226
1.9047058587013	4.15830962450756
1.79071191043686	3.52328003717734
1.25110113775758	1.7043257062731
0.871623282628056	1.18496990017524
1.94157451873614	3.5593205354383
1.24655072200779	1.73919097390415
1.3471943176061	1.43193577460959
0.917883418380268	1.13016135378702
0.929390540507465	1.07873255478142
0.684517822928262	0.492082362652035
0.70453775702585	0.665578949049824
0.785784817704489	0.849139425531191
-0.589365191879615	0.469894894014631
0.609228096599238	0.520844659180531
0.801425829347505	0.916084269910858
0.0480943567301618	0.0334447592077026
-0.691117555055189	0.815086353702449
-0.693607353969258	0.606196321694604
0.583162800105902	0.572157973909976
-0.433910770860657	0.329392844718147
-0.447734539557344	0.416676803723296
0.0305252891074545	0.0216932588106282
-0.214300093427609	0.158591455009355
0.968022134062299	1.26895026818296
-0.0325143637622647	0.0200060248521358
0.0507526194399417	0.0362669452653396
0.231864472169377	0.212690171574511
-0.514177927747228	0.515512803384
-0.414447522847433	0.384261795280308
0.229532803287088	0.181733903400873
0.607766521487796	0.545997953084613
0.211130002207714	0.14258422149784
0.201051264118269	0.10873123582472
0.145675736371826	0.0890247648592056
0.84970459949735	1.02063671784526
-0.0618061262594454	0.0383576331314305
0.73346342650599	0.812921965007331
0.973359670808749	0.970870726475495
-0.25673922964169	0.173118246710732
0.486932002087915	0.434956213098223
-0.391087567096805	6.01747004689749
-0.0122329785009605	0.0544190278412699
-0.735797041627532	11.2521794186529
-0.869370930538217	12.606471506139
-0.571754135070272	6.70431952665764
-0.782420329849669	11.1606209708192
-0.703630338825037	8.97178465436432
-0.64192561362721	8.10974029060956
-0.282217578506898	2.00031429355407
0.0615702053119271	0.258880092103811
0.442902093923747	3.42834539105148
0.233092090946134	1.09302184945291
0.200535109801735	0.821420061688138
0.261150167915555	1.09633028494667
0.355601834787924	2.00112249444236
0.472783873397578	3.61925017427399
0.408598021823136	2.57083229022468
-0.102086961309312	0.28183691588314
0.295850666110998	1.30073176869213
0.25607584530835	1.00412218734772
0.162930856199222	0.552442027540264
0.368019746845129	1.63235226171358
0.0130491121533026	0.0298133830794326
-0.064603839037255	0.161035359060455
-0.165112756235882	0.499117284035409
0.0979406222002197	0.235347257926728
0.292432687086559	0.99031443583059
0.269324112398033	0.845996483476292
0.699945231750658	4.45729842544826
0.924358448550255	6.30796580050807
0.691139189367193	3.50758818134337
0.86240156040435	4.04533769693957
1.28449269581953	7.76132082519511
0.481935421543756	1.74376869253218
0.567253895316705	2.05799286672715
0.482472351669739	1.54670153089001
-0.330603168893569	0.820624763164329
-0.521567549907645	1.32956458014085
-0.309384989530542	0.619834450141835
-0.350943017945944	0.765582024586294
-0.459791655168256	1.20546610222534
-0.330292244427868	0.620442445022865
0.0167228598585505	0.0230343077186801
0.0237739740786269	0.0320747099526836
-0.0474899777005027	0.0602654673390646
0.498034725151269	1.0827139842255
-0.107273544191186	0.149255838694072
0.622744983372338	1.52744794468224
0.274479976327653	0.465138825088441
0.192645983292329	0.298638057079265
-0.0209329090662171	0.0245099541259609
0.551721291009935	1.14131466108251
0.860318837396553	1.31445809306469
1.06898127454658	2.02399337978721
0.569810981786273	0.630644457630273
0.805203508953817	1.38571537766911
1.19673875849596	2.45238967938522
1.3197716346025	2.43268305667033
1.03826853133659	1.62084397548514
1.39932716557679	2.94550957157844
1.21031420864924	2.23854992947382
1.80231657482144	3.18484212715854
1.22837555379316	1.45808837665318
1.4147784519241	2.1130454517019
-0.50078248353448	0.403701683177833
1.54673351287712	2.29734103658621
0.864260075185719	1.13215828947773
1.13443768804242	1.48701391303946
0.601509220486302	0.598362980137407
0.249969584857923	0.182326716870278
0.527240486417693	0.515215726618736
0.231387989400496	0.204402716849969
0.535545935058557	0.536850045684127
0.897282453831257	1.25496343875618
-0.13955869061	0.108800336221164
-1.21065494583429	1.62039629131743
0.154345591279084	0.120479852754582
0.900437393416218	1.08393009548187
0.273728144561207	0.186580360423477
0.207715273895373	0.187675305459824
-0.0220674639724907	0.0158505059683614
0.109586653726513	0.0928745058237286
-0.43938904875835	0.400642761399572
0.0119596789164083	0.00766531046160336
0.23632446055989	0.189553931581903
-0.686712117662083	0.726559543821061
0.135135286252158	0.104574828848741
0.0203146631620789	0.012364348335024
0.420869367501648	0.317747206358402
-0.70139479063809	0.619306754737773
0.22143833058458	0.148204752330915
-0.155521449038567	0.121077522692668
0.599001528334043	0.751364336031381
0.824611210968909	0.873388779700056
0.873423953920443	0.912361553392442
1.47348138486253	2.3290296420149
-0.678247939931743	14.3462139112409
-0.755156277537572	14.8224353471938
-0.621911691045404	7.83136563064105
-0.146491123959359	0.802930618172138
-0.36308624155308	3.14397196716156
-0.283189038519923	1.99685831093077
-0.0363272612838503	0.138973164904763
0.191590342066777	1.20618178089133
0.946225989992985	17.6774756628924
0.629912278305232	6.02920179437484
0.285155121487843	1.47462316985866
0.430503193777247	2.55766478185412
0.443299948705004	2.56060632506722
0.343630021649255	1.8747242266596
0.933383788070284	11.7528201015239
0.620920837426289	5.04023290449616
0.209220438912313	0.64011818914648
0.427710628438259	2.22351050689482
0.315798520820437	1.27600822384592
0.290403681088086	1.18485225752427
0.221946983213023	0.775113975453142
0.0633299590552952	0.153610631268322
-0.265334910938597	0.926775009783086
-0.239353558794526	0.752502816062389
0.107927459948876	0.251126228631095
-0.0135313956480015	0.0254530494330448
0.532965220498222	2.20404926498009
0.685695752257054	3.98010390591249
0.986200969710674	7.69618939773247
0.353744535139266	1.15958707745794
0.980901311287403	4.75489802035904
0.84147426113927	3.87948255760815
0.617329660241033	2.07031822568019
0.423543734657988	1.21113458242449
0.0904811163730014	0.169412941507341
-0.090684320091127	0.142832873196824
-0.961402825118079	3.01991678238524
-0.118012216603197	0.174547803861157
-0.38602870022381	0.835590468299758
-0.204298571922768	0.379981691100219
-0.754801456807977	1.92884323018028
-0.380862200860241	0.730939006908578
-0.866417124184126	2.51993810452964
-0.397218653350275	0.714148024258304
0.551403561656601	1.06484089994763
-0.342099019700298	0.632383868283284
-0.192956397429385	0.304925749243682
-0.0833535599921956	0.109610316844489
-0.227676647387735	0.359590361928916
0.511506442119434	1.01025893825377
-0.457408207307898	0.822472565867573
1.17838669122547	2.25540629496642
0.751602680363703	1.33695751322936
0.348325648682548	0.386078621529643
-0.074282236413215	0.0765706031441744
0.957005730928205	1.64864326001272
1.71461765605294	3.01787754765541
1.49487809158787	2.71391895391037
-0.0729430242945179	0.0418817117906082
0.53904406879657	0.626060349941624
1.2846255064107	1.6669992276153
0.639436833060487	0.803905812323028
0.425689526769687	0.308683790238704
0.639751454320824	0.63395393960378
0.370533961029969	0.27505399166741
0.573594413653828	0.587718150361719
0.193754390732926	0.150142932763354
-0.780470551552941	0.720443807915833
-0.0168929722978629	0.0109715215315357
0.265493946024027	0.224613536033495
-0.0731692936057631	0.0439094050966669
-0.486285765854735	0.38777279065099
0.0638246630836342	0.0512437837901989
-0.158321890839115	0.112389578641045
0.875875602194665	1.11203338574904
-0.334720339024126	0.200963902263794
-0.720622290559644	0.575261104883722
-0.726884810030324	0.745561781315252
-0.493431316678544	0.408476283836145
-0.182560824219124	0.138989954240276
-1.01842421826026	1.18554578087905
-0.37709090173757	0.349319715380014
-0.436921521749603	0.445053165119773
0.384019273289523	0.33396602384807
-0.324463773239539	0.238719823864369
-0.543799685157528	0.553685505268841
-0.862924845850022	0.762360872239148
0.625016722345959	0.438844066585385
-0.675570491939153	0.570555324929954
0.542509234497294	0.37956823850699
-0.401702421521632	0.367320839985031
0.428166936805111	0.373387924511438
0.915454184944975	0.692336550418906
-0.487443167086086	8.83942012987623
0.0758530280757501	0.429621914338065
0.471348264999746	6.38746393883311
0.343907652278498	3.40537851766856
0.493495700170547	5.83070063837529
0.488784423707909	6.06319744091545
0.845014240195528	14.8580902634604
1.03305654136722	20.0812445131875
0.293934936138371	1.6883158259946
-0.00211480327315035	0.00510472412703603
0.24486491258028	1.03369530214276
0.186383349107182	0.649078114606553
0.326394951842837	1.70991669978153
0.65156579319801	5.6436612621418
-0.193481381886969	0.770033253676209
-0.0396135052326924	0.0889122650348585
-0.0241291426205039	0.0553771307399597
-0.112781933945165	0.306816563979754
-0.0827932258605542	0.218588994628148
-0.165847104420899	0.513594075451542
-0.142902636080365	0.404064871095891
-0.154343073769177	0.44295616069137
-0.141050771069235	0.360095425536751
0.0282197234169408	0.0578232470282219
-0.0880501330054843	0.190676139240465
0.364822382193163	1.29960903399291
0.455733444920043	2.05586687385227
0.766326962772015	4.81341085562527
0.489418857844855	1.88674443285762
0.968189674221724	4.42593146449136
0.621120236457957	2.35969801536087
0.589003351830999	2.07150269889693
0.623107571896476	2.13545743535992
0.583718475162363	1.98669291823196
0.215028427530769	0.430604340075846
-0.613639890030894	1.56972203229792
-0.519330181292569	1.26711969170497
-0.6716483786422	1.94182406486049
-0.856376221822205	2.81341683997525
-0.23111136008953	0.392407548059774
-0.616275959750055	1.65133754261842
-0.319762808010537	0.543279478259601
0.0752304088398024	0.10368246640605
0.333481664233065	0.598526891985833
0.144398697883031	0.197429378093634
-0.37029521584004	0.690251678791579
0.523784537795	1.18221191783513
0.0603325906772105	0.0752220484031623
0.336062826838603	0.595170714351888
0.781893654801479	1.75736524825062
0.534120301811263	0.712650136046303
0.444024192645311	0.533218981273807
0.86991175894698	1.27451362351618
0.484431545113286	0.621926965536705
1.16037684686365	2.46090793398933
2.30799025072279	5.1780568433224
2.00640775174501	4.68080511705606
1.29524319992083	2.10073156819837
1.16430865313579	2.44500697479326
1.85099152503876	3.6167753482226
1.52173342150475	1.97669710416454
1.29976187148375	1.89003307577681
0.841546117111091	1.1508577197889
1.28355674661887	1.75730947524328
0.797804162849835	0.757038831832479
0.272855432094297	0.229584981043915
1.35103385327937	2.01917580218045
0.0575015102521186	0.0384091732700503
-0.383229886287035	0.301601221742065
0.0713869267764748	0.0519550593627363
-0.757175654906722	0.759497138735963
-1.16987219094012	1.5964246730743
-0.0969343111421306	0.0729270605359111
0.0407705817589254	0.0282560969414974
0.237106887694031	0.23763767301093
0.752976132556095	0.780985179611741
0.0468057792636792	0.0295635669235365
0.115786310185434	0.0768588510577728
0.079750295838231	0.0538228522537492
0.30043481283116	0.296507386564635
-0.172256472216462	0.125932929436423
0.00954206096064867	0.00595868381187704
0.271936325780028	0.175568878007102
0.45194882534981	0.379058850643986
0.205346267282495	0.175498150857366
-0.726010211422868	0.909376679965476
-0.352551149421116	0.27241802386216
0.707161652316019	0.754870592704485
-0.766206812492171	0.649298352906854
0.482675902458891	0.466247705915293
-0.106599085903094	0.0669249114678153
0.484827227699037	0.372983434581856
-0.427338185357199	6.42599598054908
-0.0672276285190975	0.369051812320712
-0.214631199119461	1.52018754472619
-0.0320198802368046	0.12099809944394
0.11978928974463	0.615969740354223
0.449493483534698	4.30943603844499
0.295572212151085	2.02548118193512
0.0891160275709539	0.276217551298122
-0.0631836953333351	0.160109732469688
0.0696806381507647	0.1773456186463
0.214133393520777	0.694668409254697
0.26448022079359	1.0351453471573
0.182012534715406	0.649850720832789
-0.16790225894631	0.565896416991766
-0.224543735506134	0.605959137533148
-0.00167893378463509	0.00316968001702174
0.0610147039393543	0.135971364007634
0.156901711606515	0.428846446199579
-0.451916293664318	1.78858745470008
-0.129640078767112	0.329593348283442
-0.10147067114466	0.238547586153921
-0.166582402761649	0.426793666973601
-0.110521258385949	0.248927417753981
-0.113721497232122	0.24024407954546
0.274669976857871	0.739932809463561
0.331157057157046	1.07886289496879
0.681221325165262	2.85803963377666
0.282018307069561	0.677819676975472
1.22763139240527	6.01765847204729
0.76481242146504	2.88345864915948
0.304022044139424	0.63444863265203
0.382654921595225	0.945571494941494
0.681124313909129	2.28758906481392
-0.199880748793214	0.366800713811845
-0.308445024865679	0.590232584400576
-0.374326461211535	0.76688666309905
-0.39132562430463	0.820800367408396
-0.262789375409844	0.506487144136773
-0.0203292642620691	0.0259129924297008
0.217641683575368	0.349893110675429
0.129644730014466	0.167658937096534
0.164527241339512	0.209791157742883
0.773130416246053	1.7187906819489
0.579387233108255	1.22402602724154
0.190945730043516	0.249463554972311
0.428840576908349	0.708554967195947
0.246673307516863	0.316848970609077
0.412726156445654	0.695136329568954
1.04265716754055	2.82811520983956
1.41343674916639	2.93337709713355
1.28716517645043	1.95243861531098
1.00004163635264	1.17335786178293
1.83503589912784	4.31105135293785
1.44592750659769	3.31313746461348
1.78675111469117	2.38541428299582
1.90916123547316	2.50810344435797
1.39305846515005	2.47918302880585
1.53130429275375	2.51795157332566
0.837715834934386	0.978087578328736
1.82779095282336	2.32161184640055
1.42775637667899	2.29970502911061
0.106960090785903	0.0726728552265329
-0.421173848985703	0.316264415876013
1.24722668617274	1.55230261142904
0.461987082575769	0.391502470032511
0.0741602198781711	0.0460561533101389
0.592157557144074	0.478774387520933
0.0735391566328843	0.0414010525202392
0.775202088125749	0.961226997073824
0.578353063287326	0.582871169113257
-0.268493120880162	0.193883893296154
-0.0524745478687566	0.0360720922984692
-0.925653753131976	0.905222061312373
0.0776864527952261	0.0428521683185798
0.375068337393456	0.273516169642797
-0.586661940974762	0.385716403408913
-0.41777211662044	0.369207690427739
-0.902088630101331	0.990795384757588
0.339037458215134	0.304510567105629
0.442541056071566	0.510508517883664
0.0749891974244999	0.0603641689502375
-0.314210876505306	0.215909279377609
0.159365103285462	0.118734868209714
0.67232543952459	0.586514811794247
-0.378957727509664	0.235252543306979
0.619322662436391	0.437140377365713
0.833633595355372	0.758517849865692
0.299609486620318	0.153822342223277
-0.178586572838197	0.111448046859202
-0.428378178358038	0.299677486271314
0.631023446621893	0.521062167550576
-0.450583495963987	7.37230700061065
-0.188746936278884	1.50036040536778
0.0342336180793432	0.137856018855692
0.129047457368502	0.72219565550914
0.504669322127444	5.72880610425681
0.441859983602601	4.25601350948058
-0.226736696424742	1.00831374330923
-0.12016383285194	0.385319421758553
0.0289041993775683	0.0715783451647535
-0.0260749051614423	0.0598925635561419
0.0420285527718493	0.109702565561569
0.149397142462971	0.537612210245842
-0.0330946747829338	0.0833115968571018
-0.281043486917429	0.879027211852072
-0.123148781442194	0.343115255688446
-0.00946660110776375	0.0197469014327534
0.0257573761209377	0.0560721030569959
-0.177429977480991	0.541504897996112
-0.0181062053712987	0.0367577586112746
-0.0708320191366983	0.162143516795152
-0.377056353083871	1.39307569186979
-0.210152217855993	0.572551337169957
0.00901088683654945	0.0153086231273173
-0.157544271225424	0.367872346579629
0.300496601819125	0.985007532737834
0.278692676241207	0.771607839259459
0.737928745454827	3.04631044378904
0.489459019315641	1.40014680916154
0.786778846659681	2.99029623556009
0.46315975492845	1.37342155385986
0.30057161276363	0.707090310073067
0.777501751677111	2.66363934395381
-0.161536065419291	0.281942660196733
-0.201252509108694	0.326081891275783
-0.573556268901544	1.43653756644857
-0.496393688380144	1.22488875788203
-0.516147754766434	1.42998087139638
-0.00211618844035737	0.00266735397379764
0.0271175173771594	0.0363626314267576
0.0991778030944987	0.120971081123483
-0.126697622087407	0.175213122124668
0.59069577700145	1.15664385450003
-0.150477634880389	0.23469403798722
0.374630818965233	0.724526721190087
-0.0958703246530996	0.121380096824088
0.238884118010125	0.353844242803009
-0.167655626628307	0.219284933837923
0.449843094470108	0.829604170332107
0.807340586622699	1.30869874826477
0.612512706834914	0.805105996229121
1.18410817846375	1.95007143039094
0.600979287326555	0.975693553841309
0.965973910332481	1.5929834288051
1.0282034622345	1.0848886969371
1.20200808957812	1.51034371856795
1.53784433752953	3.02472191071957
0.70117345141648	1.04856251619893
0.987497604695761	1.35407446439971
1.59603085335473	2.72600860425329
0.0137777703667703	0.00882849600779358
0.783964680813504	1.02030612341517
1.02736180890897	1.39001520315829
1.27103309139362	2.01912048675629
-0.338656385367496	0.277563258200545
1.05758796329786	1.54056818921222
0.195668632969742	0.167921422954582
-0.124144510163423	0.0865004287868258
0.567540479751151	0.534933876944719
-0.516075335313563	0.526237801359248
0.0142750733550904	0.00958289820303454
0.145138328866007	0.110292200736501
-0.632040406327574	0.747116770954041
-0.136461934625755	0.0974631564736789
0.556031188184066	0.493981743737969
0.707848603420913	0.70029041116902
0.0141172931914096	0.00908327381224742
0.470315102703569	0.484033065854008
1.054615080326	1.51244396531299
0.185836143828531	0.143099935592953
0.32439240108057	0.313782661649101
0.114011180569025	0.0903914544700259
0.324328567684726	0.272280511073996
0.617352021400236	0.553732893398378
-0.608236140384372	0.533836832388439
0.152169577839225	0.08749688176317
0.713383233090831	0.71445303397651
0.648184312343938	0.664018299917799
0.118801923770236	0.0823765370202087
0.524211298486846	0.43325239371809
0.294246758078443	0.202892608182884
-0.623011765381425	12.2578027689686
-0.117980613771351	0.765170210093625
0.0439928087391549	0.192589109799379
0.355865596924755	3.28037011935435
0.0536424544073658	0.212848929693022
-0.459479451963381	2.92390692437265
-0.363896887887123	1.81981644752072
-0.248203361035064	0.985733906467214
-0.225331040743009	0.767218218560456
0.0144717971532252	0.035097841849873
-0.0913484432135745	0.288500210135113
-0.421127882414265	2.34984384299759
-0.252762231018835	0.729635165841107
-0.197995768464719	0.617271740025824
-0.129741873393983	0.347905499939861
-0.444556047021561	1.98750742508933
-0.417077862573335	1.90053673529658
-0.275516945436965	0.994009318763539
-0.637581584002026	3.57392535385749
-0.33548442178384	1.1795844413264
-0.385675081585456	1.33705864606578
0.0714276297169601	0.146326197512438
-0.166716985723922	0.404891948217011
0.343537183387432	1.18470420697704
0.364820815405794	1.1185500359443
0.277099381368707	0.686173031903345
0.784673961686749	3.03950794851488
-0.043540389834292	0.0727430887081447
0.139333722178918	0.276076918018735
0.254425272880674	0.542322224062547
0.10257817279415	0.16775288473421
0.00423345141840652	0.00633060390354844
-0.0509445954568536	0.0745834191656771
-0.336191942019747	0.731490839449624
-0.643749909597456	2.00456084106659
-0.554606419074818	1.28066630383257
-0.0876671564256918	0.12221793468618
-0.0780139214471814	0.10837108770778
-0.411667056026045	0.784223824951464
-0.0796595479045736	0.105261096584128
0.106385629496333	0.132006706306808
0.118696824221425	0.156173949290018
0.229277997808173	0.383420089447491
-0.0965777414666487	0.136966440983652
-0.517884006598527	1.01432750430944
0.0377073203260574	0.0447719438741931
0.412902769600501	0.673074167141947
0.613929122228932	0.833910272622244
0.743132359709689	1.08712520217135
0.793496267963027	0.941226823419991
0.776061559276024	1.21569524830694
1.01109711966125	1.97884505626871
1.00479325916858	1.44315612416024
1.52357913625177	2.62141928411609
1.37763511893279	2.13704350568635
0.337868360478561	0.341782863955833
1.1495148452322	1.68471635280447
1.3382521253953	1.25275672834907
1.82154737829174	3.12152459752867
0.288680269439859	0.200251181760619
0.0384401573543389	0.0264373647457804
0.271021810295038	0.20012660058498
0.852227570036511	0.835834456372026
1.04908901336603	1.25302959445977
-0.313420237132637	0.224842877961813
-0.527123751403079	0.369667548261605
0.601364633010688	0.587023567234803
0.136706179613216	0.0908465641613746
-0.730536226403193	0.790935389815879
0.422372819603926	0.278129995304644
-1.17459528791226	1.56086731651819
-1.19622127808761	1.47623124421352
-0.444854347136823	0.367879635699128
-1.74333470979376	1.46777447539506
-0.63114823021695	0.632091932821066
-0.196551199703801	0.1714307120395
0.250789476045852	0.247228865624082
0.626520823146695	0.66896773287766
-0.0442862907694224	0.0290013494734116
-0.540478173158829	0.477946742693666
-0.33314239347291	0.317800216130902
0.904399930413076	0.677987586214503
0.144106951196304	0.113470492799029
0.785473398661613	0.793192928223181
-0.0775798675159086	0.0484267330241424
0.104302288337616	0.0550040610077329
0.570853120268246	0.45946525681127
-0.495736775926622	8.1399361131584
-0.0340460704845094	0.159806069952367
0.171527864201523	1.0614214488728
-0.141201732066824	0.721662022918408
-0.473306578686726	3.15023626704178
-0.378317813097193	1.90275904471682
-0.165128435773879	0.51891289976329
-0.190764312721433	0.613122188848701
-0.432004326513991	2.34157025608945
-0.239282229115427	1.01300825862092
-0.526612609043575	3.13467901318319
-0.197744912808321	0.568068026241259
-0.233743080071074	0.784231255934414
0.187181838982848	0.538374082288474
-0.229256021810577	0.741429810936465
-0.342158145645054	1.2724304274811
-0.34368965401779	1.29581968235659
-0.479323722439114	2.14822579692193
-0.388045608010885	1.31908755935074
-0.253899723025084	0.684845424063614
0.0818400630125146	0.166507787972358
-0.102180531952376	0.202961588802876
0.101982020001693	0.228194900778339
0.28952561793781	0.818776494955024
0.257087998688996	0.582597988517323
0.394046415454765	1.00557560982822
0.432436616858011	1.25055834071367
0.328114978197999	0.822296853735045
0.221504522740395	0.417082531792185
0.299334226215284	0.687310712598602
-0.353975794703361	0.784761747507335
-0.206389701913786	0.302308153038227
-0.961237418845552	2.93781107756992
-0.467355467048926	1.15927552742615
-0.598083400822747	1.47125455378066
-0.00124436656684458	0.0009175276774839
0.0799290074375771	0.108377164035929
-0.169231734181391	0.239028552991788
0.235103428440841	0.374891392292994
0.955831975990312	2.40149326725928
0.07182516324329	0.0891809356495333
0.208771514418551	0.293645198944911
0.110582757020013	0.154663151279149
0.924995027693787	2.41567121679405
0.22224690647081	0.322277382604812
1.0833699343626	2.34425230361906
0.812572666050893	1.3038236322473
1.08581567380261	2.27900910776766
0.75966232579438	0.898597877414125
0.814457066070084	1.15975363868786
1.17860477074409	2.29701897796083
0.555318131103494	0.494743050316173
0.974193804938027	1.12143879827927
1.74034321096598	3.53137034176274
0.310491355259838	0.239070088445474
0.533385579542254	0.620356942994782
1.05943890841661	1.20179506568175
0.28279690475741	0.17238957322425
0.858975269826607	0.920502751749917
0.573392454029993	0.463107628378726
0.10718556977897	0.0564879183580067
0.360963039538503	0.28293167028729
0.525244021529985	0.503597750132553
-0.438491862979657	0.28723971493116
0.263200534938344	0.187269691426628
0.725262604168262	0.769750755381539
1.2548179984372	1.46375647158736
-0.952520869039667	0.997807024976947
-0.895060070719076	0.80946478960446
0.0677861298234603	0.0544101833299601
0.0256188311529302	0.0134699579955562
0.559963516759488	0.50780661304252
-0.494512749965694	0.421687799110045
-0.626714681525385	0.471966907505849
-0.414837145081225	0.408929593050125
-0.481435324461079	0.430568427409549
0.46611678144505	0.488912135230526
-0.0791651842842926	0.045375973469493
0.130064424557326	0.0882139769341209
0.495959775281636	0.431809274640007
-0.122245931004109	0.0618867095525629
0.792665021608933	0.865547856868594
0.0212260408343253	0.0108735002058177
0.133672573295572	0.0804806457377766
0.94949070579038	0.761656009617991
1.14266546864127	1.31325191245485
-0.664114180604946	14.4057425952182
-0.219192843779063	1.87485435440569
-0.494313664738491	5.79036346748078
-0.609472602097143	5.40841815296533
-0.680941006630228	5.51747331279999
-0.588883051539921	4.28176899444639
-0.484365778050269	2.90380968178066
-0.624264704164388	4.82848847498137
-0.474361484704871	3.47536357874564
-0.501300505682363	3.29264766283255
-0.653327175686939	3.85013743548658
-0.670266055182619	4.33696334994894
-0.618681296020781	3.78788259500186
-0.433012396923244	2.19653072742077
-0.568508407458728	3.06947029180925
-0.357719889037304	1.45087372220423
-0.581660650483982	3.1463729497716
-0.607198270332546	2.92683475249009
-0.410525473540263	1.48932525380699
-0.402121424085085	1.52417305595895
-0.541895396317634	2.22193964915681
-0.171784968708852	0.470145520277704
0.107569482056201	0.255832128155973
-0.150003704847931	0.32639088115928
0.583979348446953	1.84617617310003
-0.0434454937356725	0.0777528653849058
-0.13466904518143	0.270084706900112
-0.219382655884367	0.450523015654815
-0.571404637925873	1.68562792648178
-0.463481778976738	1.2607698837212
-0.364691931036073	0.828444068566223
-0.875397664069522	2.99309042463664
-0.186645958209418	0.320667921069737
-0.938607526793313	3.2912631138186
-0.253094586715417	0.408018931665246
-0.324946310106554	0.576461806330917
-0.675250263497766	1.63833202780149
0.228173453741028	0.323821909342456
-0.305110979729516	0.509662425416973
0.0265519376755091	0.0347088894626226
-0.695525826016104	1.88520070205553
-0.198376749177806	0.314849809276835
-0.263581824619649	0.445011132220337
-0.317388266779242	0.549144500215164
0.32724458104336	0.54595280581695
0.489258831189301	0.661706209336998
0.299479604317286	0.303092533495279
0.119683995108501	0.105883270497718
0.675244883676591	1.13135965252094
0.567070804692256	0.821063048168616
1.18768332950286	1.66807527202144
0.537921169758431	0.593381320906324
0.565956282961174	0.722149398734748
0.500164736254015	0.520774678181542
0.386650633880826	0.356631872698688
0.887418695607963	1.11492862203003
0.958313345863711	0.969705923723475
-0.283429849546486	0.252444032684764
0.194508726166151	0.182609910771309
-0.094708823610424	0.0703438515828558
0.0249926500378011	0.0151733838796474
-0.198584481781043	0.181503411233609
-0.283883732049536	0.200745239253782
-0.403619962128032	0.355598681361799
-0.494479297364266	0.417134933495582
-0.73179171882214	0.746305346169474
-0.0894153030666966	0.0687077406740515
-0.0707276754838846	0.0530527056474031
-0.740171607276213	0.807496436278725
0.0291503836311147	0.0200461129224048
-0.207880728573177	0.128011427823117
0.149993699635762	0.097505547969522
0.411232881196794	0.356452312090483
0.574703477451604	0.541062766081526
0.400938468465795	0.376009526841432
0.661412680502632	0.609283548313823
0.153714069183598	0.111842475803818
0.806314065946242	0.881305222683119
0.101440103580524	0.0695092451689443
-0.245510173974287	0.149786551295334
-0.316772862706366	0.221106677205124
0.489784723718295	0.380974440890946
-0.583875043789033	10.7475272680222
-0.463432485217814	6.06289476437129
-0.567260582497268	4.97774009805348
-0.732664663607109	6.52813197168133
-0.754866695463729	7.22911139109523
-0.679976626688573	5.41510461465002
-0.764585478898708	7.36846923547245
-0.675561609842347	6.59506221306884
-0.50549389641787	3.43177356109124
-0.455487219468227	1.98599666917697
-0.400376371364773	1.93671197456308
-0.18515997265759	0.615410366584859
-0.583985026403947	3.38710986374149
-0.318771252812971	1.25689201749193
-0.188395395878484	0.541644225114628
-0.310162019418891	1.13491276388265
-0.227200699820077	0.627585509329382
-0.324092196924841	1.05706272784603
-0.414767631576605	1.4263752671542
-0.219321848334214	0.611690961627628
-0.246467946857978	0.797605582873947
0.0559368315704127	0.116536120698184
-0.160443992532697	0.368030714432476
0.202728388612056	0.446925778897886
0.0795612584461376	0.141312064649042
-0.0779127673483434	0.141202823600231
-0.0137347609994526	0.0203037070288334
-0.544205683697216	1.69326913331958
-0.798491821600854	2.95552577301066
-0.85153426915205	2.70438248381371
-0.298754920361831	0.52099526318104
-0.656608145292078	1.89695093339853
-0.576525686904883	1.52424329431215
-0.194378194980891	0.301767080315845
-0.266018260243485	0.448458047511313
-0.127365679820934	0.178062846611957
-0.318799904714971	0.528261307422819
-0.726680971705053	1.95507183602714
-0.364340050761372	0.687539190012539
-0.466165356905982	0.878970051232433
0.0426924947210562	0.0565241477573387
-0.401889629680704	0.695196754122333
-0.605187010148561	1.15359451441488
-0.612407667298794	1.43748484268598
0.0320501221060838	0.0295267425356949
0.357707429487894	0.392352128204116
0.181000914052726	0.181913871069153
0.0142998271674601	0.0130360856574538
0.449845082981593	0.544196489165965
1.012984643666	1.37257862831291
0.0748513347688522	0.0549768387306394
1.64238388977297	2.44704754503898
0.628799226287779	0.643168916265787
0.653233249524913	0.735659930351029
0.0354401534579087	0.0252429459982909
0.587140272648002	0.412391419696275
-0.0305903898539785	0.0191405719801914
-0.407057536244471	0.339467224562872
-0.209791795743242	0.166693212925214
-0.0273928021895535	0.0207350523193799
-0.202783349216661	0.162403022071118
0.21671422708528	0.144654480065611
-0.655654087064209	0.545538791437748
-1.15582731176012	1.1364032597099
-2.09513150861918	2.74563746529327
-0.0892748548564235	0.0554932312092357
-0.690377330165291	0.654003397540209
-0.172257960868402	0.136430915543807
-0.228787920527644	0.159832004592324
-0.490668789299532	0.41632721185901
-0.5763033266389	0.462750466102715
0.0680827902459737	0.040422576136447
0.614104509071152	0.567514990687712
0.860070889764569	0.850089098447549
1.21078378610831	1.65870401614892
0.880959820337681	0.867554888309326
0.140620070416934	0.0850477554499782
0.441931957546584	0.338201283344904
-0.843906553489449	19.8170624781608
-0.439812295138487	5.458663943808
-0.542307175973488	5.93851056383219
-0.517558591486949	5.31199649708302
-0.521437789889137	4.90242694081492
-0.434532675231888	4.12179824784149
-0.0937640629574125	0.458040943488205
-0.0529654123093519	0.196821621554864
-0.201464922556113	0.854197922677629
0.0633514490777064	0.205315683872901
0.0577384744581138	0.188469080077487
0.00901322520318418	0.0238523266009302
0.161108298904131	0.6353354987987
0.125595841311551	0.419117694035555
0.298590718851657	1.35485256795334
-0.0709695629610082	0.189503939878564
0.00326859937819293	0.00702249314941247
0.0732896323826511	0.189356783834519
-0.0321729294146202	0.0729049344848348
0.452319296042501	2.7204711220903
0.821439963796963	7.53851430501165
0.523286400351715	2.89017922960466
0.797636187780042	4.45279238630142
0.521901641999593	2.4411209407928
0.356932184922787	1.30893148066814
0.528133129369136	2.26641830771616
0.155843512526369	0.379512130903191
0.0995414888308889	0.181896005792097
-0.737536759581651	2.32784596088661
-0.649432772538685	1.9340900751284
-1.04957061062872	4.39591249390531
-0.636426847964421	1.87389474341803
-0.588876746648968	1.52887804368019
-0.363103977065533	0.772585814873837
-0.829027371385995	2.4091225317509
-0.500736917344882	1.18087092549885
-0.758108468740225	1.88462459776747
0.270491108528839	0.460098164157359
-0.407539349081061	0.998012168678511
-0.175067627862722	0.287710245046727
0.120871232891597	0.170362569665976
-0.281253687957062	0.446142674016614
-0.324250155263663	0.584986228602891
0.284367466115342	0.318385508775414
-0.0272042220103623	0.0253201181563953
-0.167286688140074	0.17095326809522
-0.44855347655623	0.65337961288195
0.182797627754111	0.210067313189267
0.518280088831126	0.706392451113692
0.436508116494419	0.480092347672362
-0.0745787525233992	0.0548392061272332
0.728931457123341	0.991633467064189
0.360964552749889	0.369409228522993
0.293720673494983	0.189631804582228
0.266940134428593	0.207921514956127
-0.339415450351122	0.293519183928607
0.0737288746589187	0.0513427300736564
0.369857809645402	0.313607615665612
0.102100355092411	0.0772477104863764
0.345784259653439	0.332536860225508
-0.364113655765282	0.305797271105338
-0.705282499639234	0.839482263226433
0.191168704308999	0.137503306461171
-0.637107007015956	0.530327461415504
-0.214488888309358	0.20437439620362
-1.93662725411203	2.30560973084667
0.250014940720631	0.191257778959909
-1.26484565214091	1.87556643815774
-0.318440895658079	0.252765234258156
0.629969704233365	0.716577956047795
-0.264794574497082	0.199556835428341
0.433018204533131	0.314697548588753
0.451396924561989	0.427715992973733
0.760085801815631	0.681685665872981
0.152985594662764	0.103762332615105
-0.796602677708736	19.0694836891836
-0.386111521064498	5.21935202165669
-0.185125716291214	1.35532472268608
-0.30360026856704	2.70948573818747
-0.170588995953342	1.20430730735516
0.0909259757508847	0.523381277310279
0.0870241768626832	0.434018743264416
0.142597213365707	0.635330467254735
0.357348752557124	2.78737951126999
0.290135570352056	1.90507005454706
0.504356155005507	4.55081364206674
0.711159967155981	8.18251666155272
0.327621569176979	2.0504203507379
0.0694389585915822	0.22587089101289
0.110732826326398	0.367761261634998
0.437654135351197	2.73331962696443
0.320267771574274	1.65164383485842
0.562209024889011	3.99000241484174
0.577336399090191	5.05128166030097
1.07709336815462	15.4370857719145
0.775321064460538	7.19229984210109
0.747093199486522	5.23152851379336
0.893494988226518	7.51169378849021
0.653754565575647	4.35013099966764
0.693886286673733	4.48836476002236
0.615391732567266	3.60593382380578
0.622288944186848	2.85888120052411
-0.140939574406282	0.275852818761741
-0.211817545702987	0.436038028625774
-0.10044669523256	0.178803888163047
-0.324627314876587	0.843616820190368
0.0373942162546908	0.0589252121685863
-0.177845594161538	0.352148329302678
-0.41455847528037	1.11822019848706
0.216992180087285	0.451907815069799
-0.135393942911861	0.218427501639832
-0.479470516548351	1.34703734286732
-0.274255160922425	0.617742532980551
-0.322336565642976	0.719063483466005
-0.034508753758077	0.0526148948398546
0.0294328047307675	0.0424283727991067
0.399759764904877	0.903276149894348
0.341920682340202	0.470379397270685
-0.345844118533118	0.548490253679806
0.255492357361569	0.309030474360888
0.15141497115541	0.175515634274233
0.689896929629277	1.30241203127995
1.26305104822765	2.52178847769924
0.0690762631863333	0.0646065738343882
0.204684356760335	0.222667417703566
0.103215966802984	0.0987656518236417
0.234629169609399	0.215655073363149
0.985348410644203	1.33422272274582
0.350008177640047	0.294693111472319
0.177985307718366	0.172196607631341
-0.295886400438169	0.281876142134909
0.142174451152026	0.118895163682783
-0.197209924331683	0.147461302806108
0.301684344364856	0.307709154899369
-0.0615161146923976	0.0475983664720682
-0.199553656586484	0.16439482395938
0.264661239746594	0.256596398146135
-0.126102624739804	0.11164611656217
0.594839525427264	0.656792164524087
0.615777854232057	0.537379260777639
-0.520786112758977	0.508093144364798
-0.3762954993177	0.382912900172864
-0.100717145865002	0.0801098753239733
-0.385139511728711	0.240144457566734
-1.10264993392115	1.46005635213533
0.336409875701043	0.3164761494285
0.438439284972682	0.528693755095777
0.399404348821433	0.394642803511808
-0.342214245238975	0.313017315996469
0.0496940895169613	0.0345814691138274
-0.0812543022090172	0.0531910571507604
0.0142629393483666	0.00875466799809319
-0.771121097214893	18.3061235452217
-0.295024164398644	3.33441490105579
-0.174815253513021	1.17395863790766
-0.16951605337007	1.14687310555672
-0.239701463466751	1.94691608873997
-0.0690315801789055	0.293106169870262
-0.173758395990812	0.767004002454822
0.126007531097171	0.544364984672279
-0.0512962869629177	0.172624701523496
0.203394730397929	1.00803879668212
0.0893139669622397	0.313120054962435
0.0643203265595127	0.205017472991386
-0.0686653476142361	0.213281704026665
0.0595485832727108	0.167260980778559
0.17490634310232	0.637199755093561
0.0607647545109172	0.171950866050456
0.194663251205826	0.724115448006964
0.290064144595141	1.52690805660993
0.592185421377036	4.76173518356839
0.524559834535742	3.54717993782627
0.597777902366113	3.54575754241516
0.689526717549061	4.61954923574305
0.44938975139564	2.33478419118058
0.418945221945157	1.9187938051337
0.298180579323772	1.06868646420276
0.0450574946971652	0.0912191027187597
-0.28887702101256	0.805748744461244
-0.240842715069435	0.563046024015039
-0.272013698224911	0.673945119707996
-0.035400023016097	0.0606580396967697
0.0949350152866689	0.170325516382925
-0.284086142335751	0.72219772958442
0.0221748368243831	0.0331135021041382
0.213894557657682	0.458116646655476
-0.170431882701579	0.306146080357357
-0.0264995727516114	0.0437454399736799
-0.149861039059944	0.262808468751002
-0.0209965644598773	0.0332155902512797
0.0785637823446189	0.13340355786435
0.134833206807248	0.231734464001101
-0.124538645588583	0.213343056740451
-0.385871080468293	0.6843927801412
-0.361475775144039	0.620629635216148
0.0142582683855139	0.0154704335701907
0.456913677300788	0.824019146339086
-0.146021038015441	0.185852277945034
0.0586865149931636	0.0568250898087829
0.390925783457781	0.505593277339389
0.391301921030288	0.527593552395402
0.489479728843207	0.668939364490821
0.466888664949588	0.75054791170098
0.397449752600997	0.472431515073059
0.0713746648777503	0.0576835083643171
-0.161836288158761	0.167229580364043
0.50586761939114	0.64819771159008
-0.323524709281104	0.303240230564745
-0.276776424117412	0.272342989816411
-0.0620105264664449	0.0476254699945538
-0.665981171185103	0.915081238291048
0.530008255866453	0.588819942083918
0.323972908632356	0.321713571015844
0.125094439795926	0.116112390040393
-0.418880727444892	0.477471722515039
-0.703307062350997	1.00691332126951
0.139802126030467	0.105401859592497
-0.424842276666829	0.400520165094872
-0.757458873755644	1.08783888169256
-0.487598539230576	0.532932938773181
0.627839165148859	0.809524884129854
0.334669992837928	0.302114564255267
-0.196190312733112	0.186223145191156
0.294772625073131	0.325860695278732
-0.03068166067399	0.0240617323894898
-0.0937931682078552	0.0588960190874825
0.104623241483484	0.0686869182448346
-0.746090369566039	17.2021981141021
-0.395366497320919	5.3412983805357
-0.241197869728395	2.14975869956968
-0.173201556527301	1.20747177265107
-0.362151999473565	3.18689534251394
-0.159729655955187	0.670689241644794
-0.126712408244208	0.530473282303767
-0.282247051424988	1.7038802202687
0.0868109864596	0.308252996738658
0.147182015091872	0.589230428782805
0.329782351258727	1.84864763824005
-0.127740181339019	0.436496674080041
0.134454004468556	0.447337310623517
-0.095369836627876	0.28195026184305
0.0674820184091249	0.191041041573712
-0.245285008728889	1.01144311416928
0.0809276118434697	0.263000587279606
0.366866550514845	2.15315876993665
0.414556659116675	2.35592703362552
-0.0537995442151469	0.129295933582215
0.0241074449428531	0.0601072242359626
0.197770726132833	0.67841147877982
0.0652057400632769	0.160263778516177
0.220604255125	0.750683966367916
0.194743326399167	0.541401680271992
-0.225679778988803	0.489751663280075
-0.199215573959782	0.415052298031866
-0.166302269748753	0.378383688805448
-0.235660023982892	0.550649806801793
-0.23010369201052	0.470060713713539
-0.327889514479444	0.864795903728909
0.206057503920117	0.407490498136878
-0.0832979429686269	0.142042026428523
-0.215274465240461	0.469435064467343
-0.301235815481464	0.707728830821336
-0.155392600989988	0.335674824249327
-0.0488862492183319	0.079812059554515
-0.151014365928056	0.262180984015066
-0.474886226806064	1.37084245445569
-0.506932377678377	1.63311085186521
-0.639409250196128	1.5789214044612
-0.229160675452792	0.34451610620156
-0.615719384660216	1.13103524138711
-0.439159789308372	0.92003463259031
-0.360031891899689	0.654401338124738
0.235465237665791	0.292730663006907
-0.0464179222753121	0.0482589233444176
-0.2121072101093	0.27467539659112
-0.0377031619275188	0.0392186351260192
-1.10246820139905	2.37486413600401
-0.811574247464706	1.14518904641312
0.559540353543524	0.618664012281578
-0.866653448471702	1.22594646819121
-0.298561153754381	0.341524469793289
-0.500325517855742	0.545477993743831
-0.696751360253042	1.12172885575459
-0.988993052462233	1.6414054853782
-1.06207445443828	1.80913673307921
-0.314894452686595	0.249200187002561
-0.113519491023028	0.116637308508605
-0.406359300523015	0.444566124142122
-0.111046313487393	0.101005878337649
0.246426210789096	0.236168124902655
0.0175969424965649	0.0151840617394009
-0.931715457527921	1.25001822000685
-1.03143298855285	1.85659230696381
-0.43486148860479	0.474304735010397
0.377665842474369	0.459866628200436
0.330630176006657	0.290281796078837
0.754147316657938	1.044560241092
0.195579436480712	0.178767948296025
-0.0934209722686351	0.0747703907881111
-0.782697455640875	17.9155363845462
-0.500234618862055	8.35099479633204
-0.727632829886267	12.755271208695
-0.773258908421392	11.1502356152177
-0.394458623342417	2.56763455679557
-0.542021899820445	4.68120460638083
-0.478385476838587	3.74342259399376
-0.271749364275306	1.47556783962645
-0.196333844209125	0.82136586885175
-0.167788067319413	0.650368382660728
0.0620052170412438	0.184309063680054
-0.0343206266430225	0.0869352340811773
0.147139581780864	0.481042943514317
-0.173929983020423	0.591991801269428
-0.0775584616775418	0.214139161796081
0.0997479322510766	0.328971630219882
0.225948489938461	0.980749717597983
-0.0537895021000475	0.139448546278033
0.144476077106019	0.402881124774246
0.0577938182444296	0.140246956689106
0.2653001749612	0.952957564044194
-0.206618696933927	0.650425787972073
-0.141172055002836	0.371298847314936
0.034683722416711	0.0681611441585189
-0.246731625586604	0.576189774565299
0.0724204776166238	0.122740872999709
0.0569094808735483	0.101664453425816
-0.0869649787972304	0.157350358567937
0.303921876774787	0.644854536389212
0.0169407057359628	0.025486063193245
0.154026952377232	0.26948070660538
-0.361095186613387	0.869095402053259
0.0149856434111249	0.0221496181864749
-0.165554180908409	0.318893807640966
-0.0477830451072671	0.0766296741249351
0.120280995110456	0.219405708278897
0.106213129880632	0.184085017064342
-0.329999622771213	0.768687271707607
-0.383211455321167	0.908586685250262
0.250068806421571	0.383128047279282
-0.239968826081744	0.37094005261546
-0.189586687795374	0.246288160300506
-0.251012366849581	0.35731124393887
-0.0994935970574348	0.118962128941215
0.531973098095711	0.848644110278486
0.164246208126224	0.175178891039203
0.315911153814213	0.362573506590006
0.0586814540104713	0.0568636629301382
-0.286446489099993	0.314205269983745
-0.743621672413461	0.948164097542423
0.0826474154662883	0.0659636437603173
-0.316400380055751	0.360351799219126
-1.06586284096014	1.37789622989733
-0.409654111406435	0.414822251693942
-0.928785223634544	1.30461537434689
0.239684360743145	0.218375129545326
-0.132058174827617	0.098603940980612
0.118815582576741	0.0978761524449058
-0.107886620135837	0.0944975705155371
-0.0795552837269929	0.0736587869570547
-0.385498571230521	0.389088887664038
-0.507666425678559	0.579044437398439
-0.415231062905162	0.332213025818972
0.139774827815637	0.123591451734464
-1.12060316556702	1.61884287433176
-0.404143740978811	0.321486150182411
-0.0409512349156759	0.0314455523194688
0.14106680019386	0.116451846231376
0.210599446171002	0.200421474892799
0.458201916621519	0.510337168502538
0.140107550083137	0.0957151632760135
0.182529758977446	0.159082867276281
0.497984948404086	0.504179263714589
-0.207749594263181	0.156868471400673
-0.105648161281813	0.0738681504286699
0.953075675268294	1.23670866340371
0.00326930910783952	0.00258242504976602
-0.744937530138412	17.7936625910777
-0.52052816614669	8.37173661819585
-0.384999570180961	3.69724136568329
-0.263761255080742	1.47975672883303
-0.301876252781479	1.98585355765876
-0.183693982135801	0.887699273326575
-0.0938889602276062	0.355933396251785
-0.182459200154507	0.819726425098526
-0.167691118988161	0.68644211382225
-0.192205913978302	0.836423309723315
0.069508194634294	0.20591404169143
-0.175598747589374	0.642211033434772
-0.132409559313044	0.452293654817174
-0.252455233406378	1.11341568292672
0.255353297308207	1.26106501071136
0.32972396373792	1.94933675505734
0.306680664170667	1.46194842878485
-0.0356339406239816	0.0814211989165909
0.131653145292438	0.409222951225106
-0.142148832698198	0.428775280911663
0.157383974258191	0.485311296852993
0.14205598155694	0.418087652738765
-0.0569837540421997	0.123280861311615
-0.335000508922225	0.897739831610117
-0.580614132178999	1.95522908080812
-0.0356253601841497	0.0628841247910969
0.00791966977962281	0.0127904967805936
-0.0415470177433351	0.0679766618614234
-0.393279539065584	1.00770413225401
-0.182681494292789	0.353485943911005
-0.443255430921612	1.23227131638662
-0.301695209797191	0.704947943450742
0.212578381038488	0.477515940454445
-0.133166112956993	0.248338005227559
-0.10718772199334	0.193849201162816
0.00508419707777759	0.00746545696780623
-0.430799677061623	1.12361812164662
-0.553024861674377	1.80277658597784
-0.500110188248073	1.06382515645991
-0.0588673624102846	0.0698924058244529
-0.0228173760555888	0.024887119150019
-0.275027303054638	0.430695047174658
-0.255403892095737	0.35895627205776
0.401905824440768	0.543787927403196
0.250596340194431	0.336332372518136
-0.245508838187415	0.29986150055341
-0.215218012579127	0.241478861404398
-0.587362900267286	1.05779392001348
0.0258712409776553	0.0199230388061503
-0.251106094182228	0.263095441476894
0.446039344229977	0.592769031303373
-0.473439425221166	0.524168757741974
-1.18554259381251	2.24861251222762
-0.343272905143231	0.308789480894286
-0.44904883469745	0.564017345637687
0.265414903300711	0.271953800908486
-0.502289682667845	0.574058796720209
0.290128107650373	0.27101864885144
-0.296984410995914	0.279843117465606
-0.0751925068943028	0.0695416611333889
0.335548833528506	0.371240368115414
-0.0536917385236409	0.0426981183371424
-0.339961222019195	0.355081560641352
-0.591862613441122	0.690919892825666
-0.899720046024757	0.976055905543217
0.11304598184949	0.0962015656278552
1.21668379260204	1.96120636623534
1.24878364588247	2.12021289625938
0.948477034940374	1.54204990925891
0.0752310573977903	0.0558626502950517
-0.194915713889784	0.151904268185583
0.152447128997873	0.138944219843536
0.225772646416312	0.194170858010416
0.45967020592243	0.442882597950102
-0.0112128568036142	0.00812602064578137
-0.86688675701983	23.0639983332693
-0.38847648867633	5.0735914685109
-0.380979172313308	3.29387974529428
-0.107978983511897	0.515038494044539
-0.233181076300584	1.49689473917725
-0.19468601259555	1.13362786367489
-0.0993085161243452	0.427808521377062
-0.349639201241038	2.45010703949275
-0.170243059757186	0.822681701978786
-0.316153640204314	1.86518680156488
-0.0866657604335359	0.304816561788221
-0.18127329488168	0.809106575025592
-0.0432998553844255	0.127580644188157
0.0865501130354657	0.33358634635817
0.619833682747006	6.99216847034744
0.561126395679117	5.05551807818923
0.305504369228645	1.5429901403062
0.423737554143693	2.69150369186125
0.197034911234101	0.79456476622864
0.311562254297619	1.45176126062984
0.147269596282824	0.495619668505511
0.0362365907938051	0.0834889964616998
-0.392373781561734	1.37295970722475
-0.53301757749809	2.10229030366329
-0.275736932836625	0.78360768021165
-0.408106957281045	1.39341774778896
-0.22083407272355	0.549056374147554
-0.40414504169518	1.25868756410451
-0.27612331376686	0.718383655115622
-0.352042693202128	0.950310807494099
-0.0800623182355609	0.1482670021641
-0.505641295734754	1.69465432370301
-0.550523341925002	2.12987043607502
-0.428638531335799	1.31635160431718
-0.130742593037816	0.246657197759221
-0.0737004142390799	0.117153724129166
-0.191727318501935	0.394131460589517
-0.291466192144094	0.544083486399756
-0.303346557433361	0.530571564317927
-0.249715339835445	0.357937602590273
0.627433426000756	1.30692533025725
-0.097331940526993	0.127697420970233
0.158121822855919	0.200786686344364
0.110603172608152	0.126806615004695
0.00600338444434479	0.00582527857641837
-0.152198962019196	0.15600195538032
0.437429672614799	0.63133413737087
-0.19440295205286	0.202129598470682
0.330333523543895	0.366485712579006
0.1539879198772	0.182071377941186
-0.384070061046647	0.527865910601057
-0.32535727689475	0.428554177668267
-0.381804196334779	0.446027134435293
-0.607839511216107	0.927904109557175
-0.38326896316194	0.470944629509135
-0.366127300405987	0.431472890402046
0.31311832677917	0.339916001061124
-0.19028765029391	0.186965283428656
-0.328595422401289	0.403737391740318
-0.954857005663237	1.50598565491477
-0.704158091513809	1.02833206784771
-0.239147139377608	0.244297151844683
-0.434596007587742	0.544378484254245
-0.433017020359051	0.463670014253905
-0.429543691405764	0.43684994772866
-0.0185550926683996	0.0134159162752015
-0.0656884829228937	0.0605350119172188
0.0541250118941961	0.0469357546616009
0.0888955946601019	0.0810019592410783
0.25009106431623	0.237413534761455
-0.0319128217756781	0.0262973081085999
-0.180757563086842	0.157186200202748
-0.176899709298706	0.165756473766789
-0.211514339462576	0.203495667833675
-0.129131544729193	0.0967490786917121
0.488231217515097	0.470485132790255
-0.746390995447362	17.9830909573067
-0.30386425581015	3.42831553593979
-0.0731976262882167	0.389496882244848
-0.00150972873245054	0.00571843404241806
-0.171361335339684	1.20390270122413
0.007956657314505	0.0309649531455546
-0.256753616005469	2.06931616287885
-0.307820784676935	2.61903700279577
-0.230257756786009	1.56917584643454
-0.347100322292365	2.87816942876817
-0.178622541833181	1.01023165152032
0.0751227957226753	0.315494127456038
0.202831062608625	1.39470928326159
0.689915098381753	11.5245990030856
0.378862435824929	3.16815883543893
0.511476349726833	4.30704933260959
0.546128532176465	5.37506671237652
0.265184135027959	1.53392330258689
0.583786680357144	5.15645673983365
0.385400397844111	2.60063229709356
0.26591214898436	1.27056665915826
-0.50140123742123	2.50294034445847
-0.539414290076805	2.54896167369174
-0.523826201529643	2.48481011188953
-0.561116207210709	2.86549979957657
-0.465644499064325	1.95103876371417
-0.188402369852417	0.509893491509777
-0.019061246901594	0.0358017238937603
-0.183646184181894	0.485883148542483
-0.19516701511527	0.481864312699914
-0.329246822108714	1.09918111095837
-0.153778905408032	0.386665028195386
-0.0970783479277653	0.216977930813836
0.0138846882093797	0.0251385451896672
-0.14302073963096	0.316124305860721
0.187651345946113	0.43093914167956
0.359310234845548	0.703993325873589
0.531702560795706	1.15458994055838
0.546372233720574	1.22392017790298
0.182337147064986	0.279206929852555
0.342554278886016	0.574927525432476
1.10279084148897	2.71181420063677
0.831346579589115	1.82851315458163
0.524818137643387	0.90210786791966
0.985196583938845	1.86369554709158
0.637078040747469	1.2204415855433
0.433098378561849	0.496607621729017
1.07091388531986	2.13703187801215
-0.48248602334214	0.734387975899811
0.187700992115768	0.192512177481254
0.120951473946651	0.123490643649275
-0.381895334313711	0.425699041718554
0.108964420819414	0.116131975420307
0.0834821798138504	0.0802941314551913
-0.316901600887147	0.364994378708872
-0.115131959069933	0.122342805296024
0.184564333945018	0.18593812282532
0.124155548585868	0.117119702089882
0.447644567165844	0.490075056538248
-0.842934714914432	1.3141514562074
-0.428379730198011	0.549128181329409
-0.228223738119738	0.218992122975385
-0.23579232366681	0.219332925465207
0.170735800504478	0.185246484390693
-0.656090659536016	0.93107975423613
-0.640603820041907	0.941160324049371
0.0367075786633672	0.0331337560305145
-0.391578443697233	0.512672066279733
-1.0541816554845	1.61847160311044
0.16694391030366	0.140846464760002
-0.283678128425951	0.315699001510559
-0.15882978584821	0.152322357007551
-0.256943102511064	0.232716799674311
0.358221888175005	0.399760088187427
-0.348936759519735	0.261636098671635
-0.00350462191784921	0.00271317033585061
-0.183542794576829	0.165666288307252
-0.469327178975863	0.609403383450274
-0.468838610671349	7.67650776398735
-0.0329450665234248	0.166013867281422
-0.0161992541440533	0.0677278374629564
-0.200088815179605	1.5198028309533
-0.160875678532856	1.0668966949924
-0.290870628795173	2.42517862517321
-0.354866503064849	3.14507196891351
-0.371171783063857	3.20663194716952
-0.343829648235745	2.70716796935726
-0.150593386651128	0.769997800652505
0.0167064275658596	0.0556336569113048
0.250493264337704	1.86813980761618
0.481080395225751	5.61104903742123
0.601423093008189	6.62318081774271
0.375149692701353	2.35358235066227
0.448230967502262	3.47596424929351
0.612263984941221	5.70496020471805
0.399247233207586	2.6961661127102
0.261432812032625	1.33541851552773
0.201634841443704	0.795907499040786
-0.601605428367047	3.42258770709161
-0.495914255001386	2.19529491039743
-0.359079742319616	1.36333773042961
-0.296184514480499	1.03189883274986
-0.511493114444323	2.09492297427739
-0.14996477372704	0.36205530057233
0.180043020844046	0.464505550128893
-0.277419366994171	0.798823571171183
-0.0333473578513775	0.0590067386497868
-0.100643591213937	0.218911444146582
-0.260370299204902	0.786996882529575
-0.00380180482382293	0.00680845444414399
0.039829308113809	0.0744123261705478
0.335663685591984	0.956383319087763
0.291264874832198	0.768937305853934
0.674031948501264	1.59511783895947
0.185875391126188	0.291645566566429
1.04715532841356	2.93647491181243
0.649383688982065	1.59849619805458
0.887548834915965	2.14431932141453
1.63404310261569	4.8269523828479
0.558246617041003	0.841498007563307
0.678950152518037	1.15617869638196
1.27711046211965	3.00624549620102
0.793837113899333	1.49431324148535
1.03667355560798	1.88225340440094
0.556570087542255	0.743089410811039
0.219984328775267	0.263488776069977
0.577967092901733	0.667311768720267
0.368484796714787	0.380664417828053
0.502956053607431	0.534800915909622
0.0221147832030972	0.0183733441956713
0.668366443489811	0.977649611902101
0.847850507712559	1.39222250379639
0.112022943781926	0.0997309015948953
0.223834329244308	0.273619474124459
0.145298372126402	0.156142034303105
0.240483127684758	0.27387791671685
-0.321121921769073	0.450524341904496
0.172060268285918	0.161437304696469
-0.413754865267576	0.459125514795833
0.146269650289069	0.136340831524476
-0.254949289873482	0.239030440591281
-0.369358607000955	0.414571082450961
0.134996685884436	0.122864946895367
0.389484788803792	0.507097307649843
-0.860595914963964	1.02986716377404
-0.363714998038665	0.327679525797888
-0.926532071250465	0.881853147430184
0.904495585621767	1.44972135509867
-0.414541224674178	0.433675891041618
0.22977027552337	0.197297928288104
-0.0320356356957434	0.023724506701161
0.675419953430945	0.756551604917395
-0.439640588658762	0.391194368891616
-0.402486914849511	0.410953641622743
0.765104784462301	0.796319643299033
-0.132235254607109	0.10077666695644
-0.344913944646736	0.359046704455084
-0.192744045117067	0.194975256706264
-0.513465975479842	11.1668597174672
-0.0706055790254022	0.456368019803029
-0.0306525770855581	0.147716076267126
0.0597377374379113	0.305194725079026
-0.172468835469479	1.16975083820789
-0.0767690853920402	0.368329366935423
-0.0367851380287743	0.143703462487097
0.000873175505343608	0.00291361182985846
0.0804557903119672	0.351961537719331
0.145313205105525	0.782667328209195
0.364060971848497	3.73048950686845
0.659159630611718	10.759017568991
0.708848500078234	9.80776409790198
0.342374048858319	2.40151277012976
0.509303443836232	5.06775388342258
0.461736015522382	4.09007530228062
0.286096665877022	1.76402433151791
0.366015199782281	2.49931471582589
0.0237804638510739	0.0683262263335763
-0.315814182536775	1.38149964012762
-0.664441801465551	4.19589964515979
-0.341655536880389	1.48568556452462
-0.478088571024818	2.46599873246288
-0.10397842275856	0.268050250816208
-0.638544983984199	3.64283996396706
-0.343988635862821	1.36814968187265
-0.222595530701055	0.692304458831697
-0.195347762255829	0.592357177439296
-0.223163659314235	0.725604785992392
-0.0831655476325687	0.214227936966342
-0.147522765726896	0.401864383205346
0.217211816714446	0.666469263808739
-0.028384218775839	0.0589799090161987
0.0603449691373622	0.133977355614125
0.182876712332051	0.409915253509742
0.0121309125271555	0.019297005829209
0.456043392693647	1.19228784647271
-0.184681374865885	0.355596144288569
0.000892949347506668	0.00124691434943531
0.73869736418538	1.94626790839126
0.539369498948303	1.33208455827296
0.296093587892227	0.508835220653117
0.587670961326084	1.34913592478049
0.113086108154542	0.158755061252343
0.0757260282993475	0.074500606929549
0.436958921860435	0.714671685965227
-0.0906317408242296	0.117938981808564
-0.189966148044664	0.24629831928531
0.5170438168751	1.00124781420101
0.3816589239793	0.605404375880156
-0.533975554427854	1.07804478923253
-0.0618199627709947	0.0749305004570155
0.272673081002027	0.398154612786168
-0.25996351656387	0.36625570633164
-0.0138814622110331	0.0157065106852895
-1.00354528602946	2.89186565219184
0.345954128095327	0.530360680534079
-0.588774596274321	1.1080831502351
-0.340840723739577	0.407552337855889
0.294283340618463	0.401045653731589
-0.685070272510646	1.17365682439195
-0.816911084609163	1.86897620129885
-0.52102617355874	0.788403177916632
-0.576771427104384	1.16614647478161
-0.35483125813999	0.500218967377333
-0.341704075834007	0.486755921765505
-0.128754806288867	0.128426804135934
0.162466841697115	0.166484940235437
-0.595904649894092	0.956455822677684
-0.751898522909452	1.49056935991377
0.213831708327353	0.256536893233881
0.120488533536686	0.138007016933224
-0.291713174608797	0.286232722497264
-0.756089702837566	1.30633627430336
0.0126591587243584	0.0112451345859977
0.399767761654813	0.457541871743607
-0.117857581216214	0.114641156916923
-0.0933283736288632	0.100787521545664
-0.598834441774616	14.5507057236344
-0.0700780464589813	0.467517407883218
0.119177203223474	0.788390795468881
0.0612043607429827	0.292249734517057
0.0782903760094048	0.383800217244456
0.109562606536679	0.559870126196032
0.0220036174907569	0.0816700169570433
0.184397610718471	1.15908282258231
0.111058895233533	0.553578088648888
0.335673145217315	3.31316766021687
0.614935628404785	9.64999418546979
0.415182856097371	4.1719275086881
0.271858649646862	1.67399925312937
0.173450671986728	0.930183808611645
0.0651112087432746	0.247910101150231
0.113009432737419	0.476191181759102
-0.181606189546388	0.870428229815047
0.049082659005153	0.152897751053941
-0.403071632165153	2.07785483316832
-0.464561626757094	2.37360012407961
-0.495919971716952	2.88025222633405
-0.378597771771546	1.71856212137161
-0.339553230896075	1.35198258149077
-0.565420780067758	3.17265545409164
-0.277310387961677	1.0103991676297
-0.472671093155392	2.23374388335648
-0.500090002878721	2.40843148592937
-0.448892587118384	2.27707464105404
-0.245339368454814	0.888166502670615
-0.0339535334411935	0.0772917774472708
-0.123681419245309	0.334016903388457
-0.293985783572573	1.07921123714321
-0.0896175473430157	0.222431575171857
-0.335496427519096	0.927763299587892
-0.457703976696276	1.58156943719967
0.118084009366792	0.196106763438538
-0.57319924661937	1.95461901627446
-0.128486384339444	0.258004883208511
0.12365393607025	0.198686788189008
-0.120514708135056	0.195886827847933
0.204998751649505	0.343793858190016
-0.224400426655867	0.387737799139686
-0.565817905140999	1.5358993984473
-0.666773414503469	1.49548298531188
-0.410229703643601	0.738150038320846
-0.677909209490449	1.88283808330994
-0.3306457576164	0.537596966754298
0.195576512953381	0.295168855854199
-0.473715872961723	0.902109828412243
-0.924927813201038	2.63644438085278
-0.0634353741485178	0.0753136632140162
-0.22615986374886	0.291029394838907
-0.465065233741197	0.791476991740531
-0.585539935659313	1.10347668462166
-0.16396303543508	0.232297143674766
-0.222984411745397	0.276628956849848
-0.520486640532266	1.04032477570074
-0.640473359682024	1.26160115127236
-1.41875420807752	4.81540748831505
-0.414851694170426	0.518903355885689
0.169338989591288	0.196498080975205
-0.0363673896841131	0.0343169690390487
-0.0660027964582852	0.0766118611865456
-0.577291642949333	1.13133732510118
-0.548881340868079	0.861261538533472
0.226592142804802	0.231166558886422
-0.445158638528898	0.71695402358067
-0.329159997672145	0.569006583699415
-0.864942920868335	2.03798739822515
-0.40022002873441	0.57134424954209
-0.163173780127055	0.189869151073221
-0.849658031901922	1.52296960764486
0.0382098466013901	0.0369726105250727
-0.357560226165255	0.475800887085924
-0.435152139096033	8.63791340343877
-0.115817883579329	0.893835803800586
-0.159999255382382	1.15304421645657
-0.272054061599622	2.50655866232326
-0.037190216166338	0.158795913114634
-0.0932067091438929	0.47024297791429
0.0659973208162448	0.300106883863477
0.160166378886258	0.958362329125947
0.189881202679523	1.39133786330264
0.402214582054137	4.85329832936361
0.256832019310252	1.85245735855361
0.261882698566496	1.6413596862145
0.102774363594225	0.455747829443961
0.0455850789872022	0.163711052126602
0.144973433668039	0.670827398988367
-0.129723396920229	0.552951762945233
-0.0501665660573122	0.15862163382779
-0.57205815532403	3.71935330947699
-0.653115078599539	4.54359831143278
-0.724045483929297	5.69774772509942
-0.612049807062256	4.13957686443597
-0.443450980066125	2.21556366478223
-0.35885508317984	1.57186433376107
-0.836173528123298	6.21179036213872
-0.27361676564048	1.02276930842562
-0.0532360323494279	0.123884027813681
-0.287942714205977	1.10882274502899
-0.245615261943497	0.945754719713276
-0.0305843468482624	0.0702073935522593
0.0156644572295474	0.0339729615454702
-0.221060137072643	0.719056822169639
0.0924858313240853	0.22283809723144
-0.104973417215029	0.195140410001492
0.000743616843797269	0.00123279250177211
-0.165405342463603	0.287970971837708
0.489391012531677	1.45234670151733
0.432216632363555	1.1328059955139
0.725972900558251	1.89490971276068
0.200894493129481	0.303895812881102
0.377723943705459	0.673583797961452
0.202849300596047	0.311947047443499
0.135981542445166	0.182877922301725
0.210454070542394	0.302457664418979
0.307657709808408	0.493892847354475
-0.10172815873092	0.127064178609915
0.390008267514901	0.672852644383139
-0.59268035428363	1.13869517231761
-0.0907702583682666	0.0995936077678885
-0.801551017441655	1.9981046280739
0.00767740820331782	0.00806387805600622
-0.158520208539559	0.196026740862117
0.321750509909201	0.435862465626225
-0.445796919560768	0.820931244056922
-0.242661629532966	0.373744184723634
-0.0838214962335577	0.0920782941904254
-0.402006255374986	0.641516813735496
-0.204319413178162	0.254749766146316
-0.625835782451703	1.12686688882109
-0.735386503199276	1.27784654390874
-0.727658897746351	1.36289591074487
-0.329974101214928	0.434235111573811
-0.369717590766662	0.621611070734626
-0.366227010236168	0.603005690496134
-0.181489886624796	0.228233276241477
-0.0331946846722983	0.0317627098923787
-0.903259304798938	1.35024100565165
-0.058993670718609	0.0651673949073738
-0.260921486320784	0.379694629339895
-0.171028619255424	0.172835137446402
-0.526594064417359	0.832774255494092
0.531284395083717	0.691244147626495
0.0812148967656513	0.0861245813382557
-0.577152968439448	0.758046251381807
-0.16994874928	0.174664298351269
-0.162873519095787	0.177421939225669
-0.297423822494002	0.378185390299417
-0.10436588407787	0.111042362758603
-0.475592261919029	9.65807373918084
-0.113547127793985	0.877328799682787
-0.138638334496178	1.02407267965225
-0.0933730643292147	0.548991726594348
0.102776930160253	0.607278811459207
0.125526006020332	0.782316638852067
0.321048604301649	3.2296403850892
0.412355754828672	5.57649543931931
0.317117052219646	3.6044022076417
0.0642853469584569	0.279940321049553
-0.184095100331691	0.954975966142707
0.0266515028406117	0.0935237394420351
-0.203428167461664	1.13150415750368
-0.196293993164729	1.04146328581722
-0.134155211490265	0.583039310066671
-0.548274634834203	4.67129348558187
-0.807669533879334	6.69346432559298
-0.977808532039111	8.49579734049612
-0.961534207716175	8.82538128953614
-0.986995619334672	8.77451561387922
-0.585435652976458	3.24525392387432
-0.802212366437354	6.12008857583867
-0.447978009085538	2.1871836317102
-0.224900669572952	0.746534007607402
-0.324490640313289	1.19852669690212
-0.222548359446158	0.739450988421075
-0.248505112703443	0.895612128024105
-0.114630400855336	0.303305369454173
-0.234164606938466	0.759309710037985
-0.412753740520537	1.57317872466415
-0.152198696402229	0.383741515368486
0.21644480944879	0.41863182080536
-0.0688829345909284	0.101700638913249
0.434040303423756	0.996281105256686
-0.0771025887531395	0.11629598361672
0.366400676597048	0.790996526711078
1.2490720810641	4.06062652290458
0.439503243785292	0.776019270291458
0.118301145122941	0.145173948688799
0.782695306155082	1.8962183344389
0.366343162485173	0.610420181468356
0.67343262805007	1.15580278427927
0.8692479209089	1.87795153399949
0.160692846336967	0.201561397901144
0.606001223103838	0.938514882860472
0.0682074088767407	0.0703309941254217
0.127496434182775	0.137798142093817
0.115567335551299	0.123614373038499
0.0333730840212645	0.0359849823906802
0.0329533435551464	0.0270578616482326
0.132192668799268	0.158497668474348
-0.229469105997156	0.303464655926938
-0.576676470164545	1.13596910694612
-0.419790719974196	0.62601864312993
-0.663460178604247	1.29371564931536
0.180725238220316	0.206099072973166
-0.37475067249775	0.54742649029323
-0.686439148016404	1.14320356840334
-0.355953852491674	0.47107022927157
-0.662344572362566	1.11223912056242
-0.784074568042832	1.70019898216832
0.497352707191195	0.706219079606311
-0.505605388924884	0.863720810662392
-1.00377163993348	1.61008072233529
-0.297903548259279	0.352438933877662
-0.527224405996591	0.757993755018739
-0.10052497675041	0.0985135663711978
0.161397965786049	0.16149474664048
0.590257436831026	0.786199199641236
0.147761309220128	0.11821074526505
0.124533791196716	0.125104198797415
-0.320579713964176	0.361314746805031
0.25658756687662	0.24966021823346
0.111607221632027	0.104510174413894
0.191230231361953	0.215294605093214
-0.365649630987173	6.28238292702683
-0.0967142034565122	0.70937478350553
0.0117795695555762	0.0510797000032808
0.12816527023031	0.824177772378115
0.159563285551047	1.09351972148513
0.376373697803721	4.14861866180582
0.418060403074885	5.47485255963877
0.00670170927456461	0.0261827273747044
-0.145901446651239	0.742637137181185
-0.322955588336197	2.05901489388537
-0.153994605090803	0.719830853921664
-0.109636224744733	0.451440834449038
-0.191816451651694	0.933178606179249
-0.203256556877337	0.978837830555392
-0.487015772357564	3.56807145259096
-0.840162895058498	7.5849885362757
-0.652258213542653	4.70469659923406
-0.789426252845132	6.72115901771414
-0.928372660679732	8.39501231237601
-0.5160028888415	2.88337046811162
-0.582776423377691	3.57026371976523
-0.620954802026926	3.70805553837363
-0.302539301645463	1.13889540910409
-0.0371745398004326	0.0779770615473873
-0.211905101657298	0.661718236251848
-0.273997441356118	1.02212752928409
-0.154620131738534	0.440225034355935
-0.11332706595066	0.289460440459076
0.207880748120219	0.579480863040135
-0.0302857081089511	0.0593845532651718
0.310376235836883	0.664402822581321
0.413719495875006	0.915519203349748
0.155673998508539	0.255798506517891
0.101118824419947	0.152566073756983
0.952448548753673	3.16856220973319
0.915673552441276	2.3935754569749
0.314634830087548	0.463337684062435
0.632839479160537	1.17899234771167
0.715132598876282	1.56974000226926
0.797049050112968	1.83605167889396
1.14253484454431	2.34237415279224
1.20406802085871	2.76920781135029
0.0641937034071759	0.0746539351213958
0.786821815432484	1.4151518994351
-0.135241413162905	0.152405134914902
0.299653697172853	0.380960138377369
0.280989676193533	0.386249439044455
0.881048612397675	1.46266567676471
0.00976111985533418	0.00924016635963329
-0.385855372237612	0.503267503217
0.0424165800020381	0.0436807117025153
-0.848846021837613	2.08639990733364
-0.812497741426675	1.45563180029154
-0.582874834656543	1.05210531688928
0.0831812249199487	0.088600606498946
0.394897364176534	0.592533110908662
-0.127484436685121	0.11046229182686
-0.0667574302689179	0.0710714193975784
-0.207792068765626	0.260457082454896
-0.956816951950277	2.474578604459
-0.187357497721252	0.229392855639093
-0.563732031739337	1.13426422377195
-0.650496254882824	1.25956825155141
-0.296669453924052	0.354094063671072
0.551220056378418	0.834179702143851
-0.404412225756833	0.51576166175348
-1.01225395984771	1.65583841998817
-0.002418410551069	0.0018791023689522
0.0301621911960964	0.0221609809506544
1.19769389195795	2.36700407302914
0.180853300797979	0.177960224694259
0.127093259408398	0.0949415339359957
-0.752122272336339	1.03177655600748
0.171616564312797	0.191932037399926
-0.142855356796936	0.138501039501902
-0.450203344430222	9.07804463204913
0.00494387458913244	0.0230481843482681
-0.0336268401401054	0.157239962492091
-0.0116715629897003	0.0478824467950075
0.185131918149446	1.34481038781488
0.146276977918156	1.03176472587923
-0.400960917056476	4.67143470795668
-0.498093298871792	5.04784533698734
-0.370054952923965	2.52562321780526
-0.226675960424588	1.25896962300187
-0.400962827259749	3.00073051996945
-0.288022322955048	1.71688956352266
-0.378589762920868	2.62724312834122
-0.672714351145189	6.10770126295783
-0.79478668003416	6.87080320153942
-1.08112409759761	10.6473820176669
-1.03232620193459	10.5620892046183
-0.917823518301824	8.51006601970362
-0.925126329582995	7.69411514633353
-0.82413498801983	6.31684168832715
-0.542969233944888	3.09474193386106
-0.317775361645579	1.22990786435357
-0.293154670554924	0.968379730210009
-0.294508558291642	1.13845450605132
-0.531041837853557	2.78036509748942
-0.297119345167397	1.06743946337889
-0.551427282972159	2.72736256355608
-0.205220579066716	0.554062124832483
0.116192094999707	0.272640312780479
-0.0415219180317628	0.0634007037068394
-0.0575750074426078	0.0860758717652248
0.0393214874535728	0.0523879519468642
0.51922612119149	1.26142904492356
0.340941756390766	0.662642370379855
1.04338106530773	3.2026581438301
0.422703300144924	0.733653339561168
0.369865120873166	0.615515135094911
0.504623284756871	0.937715059199186
0.51681274735529	0.919968483740717
1.61890973174357	4.03923412135625
0.175490425256445	0.169837253691591
0.180684174461792	0.230924206811679
-0.230487415995735	0.275030714570292
-0.159590780186764	0.202015836973239
0.15278468146318	0.171362499158575
0.305059935408172	0.403922800960549
-0.0239328896431272	0.0208016566910382
-0.0104402257987198	0.0117955325997853
0.232029094413938	0.308664472826518
-0.0785540701949658	0.0803237967091221
-0.369700389870945	0.534716703878062
-0.0111231049582552	0.011621046037398
-0.365268167435302	0.537498780898695
0.0178787404013412	0.0162992555148571
-0.197702009887321	0.236917356580175
-0.425819722782039	0.589818926787663
0.0771951460965921	0.0857841407777739
-0.0634265268811127	0.0641819036629568
0.0787959211977086	0.0925546946706146
-0.688250344998968	1.30690362559967
-0.371145484081453	0.569174462984372
-0.747438441231682	1.44733247008768
0.210019158152184	0.244759760142047
0.383327248252049	0.420883554325155
0.0996750615879398	0.0910537972749808
-0.120193931253775	0.117556244230229
0.253533395631302	0.255852329927001
0.198625009486866	0.165306539328698
-0.160388799095176	0.161508380517742
-0.471819111170249	0.628951441748617
0.771636829384531	1.14492219235524
-0.195720232184979	0.209431070233183
-0.152064102755521	0.164227603436829
-0.223697374555847	0.262093144361435
-0.560422601124186	12.382522377931
-0.144962370527143	1.1619673162153
-0.0136320651973384	0.0577175911097687
0.127246755432533	0.782090595398255
-0.0156581530794007	0.0665439848610615
-0.386173445055048	4.24480864802293
-0.41563296527575	3.62656129695024
-0.302131007625412	1.76451442588131
-0.268516139625744	1.51293432016684
-0.29080324907082	1.72055429679058
-0.304169045558933	1.66913201642236
-0.124811581490195	0.471856089481935
-0.418719330566131	2.63122244032312
-0.940695793152449	8.32865993832781
-1.00078469847158	8.90889485750997
-0.789577631231689	6.30643105274454
-0.745706895844378	5.65640454422541
-0.389308990789743	1.77327850042511
-0.574538442545243	3.03642749111763
-0.419746939433878	1.78362426290369
-0.278131986075944	0.953713395499541
0.0258299512923409	0.0496798793263959
-0.271621552076337	0.869919165527524
0.11368282015907	0.285588540111784
-0.20325276006598	0.582090731735114
-0.301589529672742	0.885949333632171
0.0353710772836829	0.071959846728999
0.000330675419558683	0.000635966363268192
0.283184474925086	0.568594989933671
0.775082345264223	1.91329446579146
-0.0629026073163086	0.085742623191879
0.337646001881953	0.643632506519533
0.331143795245841	0.584201454264738
0.743123731927562	1.72510392412957
1.15473626294229	2.68453048427333
0.602275518186516	1.03668313701536
0.00854690543580466	0.00897205149503849
-0.333906754097358	0.461242555530782
0.627086177798818	1.03584660434279
-0.129521793340343	0.117474960939885
0.335718044789165	0.445278513142514
0.121204024296187	0.11025066839453
-0.19933904145933	0.19831059850145
0.0733803803124773	0.067975858997517
0.201220307940296	0.206746057952975
-0.2555411492947	0.258229402683255
0.102419502990647	0.11035947211351
-0.126697864228487	0.133478513042448
0.346051972307781	0.505082816743391
-0.526889480318184	0.784401238173539
-0.29946682176789	0.392425733058838
-0.450605071820015	0.713782364683806
0.169595683177239	0.197757527698876
-0.0410061715129317	0.0377621204616854
0.210862611000226	0.212127672336625
-0.331776575950017	0.401282943189692
0.552314682671466	0.802269599286868
0.375352931110756	0.508892268846618
0.159706031051117	0.179859701969723
-0.0705482556116796	0.080448782409628
-0.074241449260695	0.0834142686562888
0.904173637529342	1.70067062496122
0.226613493122803	0.263613676457862
0.123449557939805	0.105062153857641
-0.0304554834408599	0.0258273232771258
0.329280048759024	0.370484004066315
0.665200710711659	0.872796679868601
-0.147254500205615	0.131396532717228
0.822780679654847	1.14352522932722
1.08612561934105	1.65120033509531
-0.18723488760917	0.172960140960846
-0.253150621757662	0.284807759477357
0.0966399432017649	0.0929684925209116
-0.469001580579178	8.83761150208222
-0.0675663278735978	0.409695712399538
-0.0254144980043981	0.11298364248723
-0.230402235530585	2.12205376575574
-0.715221698273884	12.2644596741124
-0.632714295594107	7.26959268306845
-0.591152095320558	5.36627764115017
-0.492198345533364	4.14643490892726
-0.436983342638914	3.27310727967836
-0.592474422245672	5.20141361330143
-0.637217086611518	5.57363298976386
-0.810661317936851	7.53063368054489
-0.931505188300224	7.74833621463139
-0.681389447756118	4.41583006167281
-0.891519024559439	6.84899420346257
-0.510286457678332	2.8342550050084
-0.6342564143493	3.54161618565272
-0.331616738786242	1.24634100066589
-0.545392241789667	2.59773645660022
-0.205532421753841	0.607644947854304
-0.381637672691749	1.34851595051361
-0.297569943421352	0.999276708849179
-0.445019503592943	1.85999942888922
-0.16601049106595	0.426080305085257
-0.162532554358106	0.405242609343851
-0.228273761114624	0.625421522584623
-0.495783988840692	1.76677115226431
-0.144704644848711	0.212048386005218
0.30816255697633	0.563652978025667
0.353000063548229	0.590670540941253
0.525722924189586	1.32698488221324
0.503971869009982	1.13731308690517
-0.0363633953271592	0.0373717415835244
0.335978928335235	0.508568941426319
0.509094811447665	0.906362165925867
0.262243893291869	0.328853557649693
0.473996897579849	0.713257002327573
0.212013718597205	0.216762001991822
0.169633461602939	0.162861338195442
0.43766033022344	0.622649483738161
0.602404983992371	0.832281116419869
-0.16106881142408	0.168897550637053
-0.850715974200279	1.49968492344112
-0.179808978188058	0.194374266881018
-0.0651568908219112	0.0653994280019135
-0.0332949953542266	0.0330005992439712
0.0194308082135363	0.0190328706223667
0.364392306921928	0.471767770829164
-0.69164442363476	1.29063266728632
-0.698772159978913	1.12390570196686
0.195897463124888	0.230605055105358
0.131762494234019	0.145081648862402
0.0391125072597545	0.0351866852227903
-0.530584866652314	0.713007202944606
-0.695445118784607	1.1961133657349
-0.000502487922757399	0.000907225279432493
-0.701054211231972	1.31304123074004
0.411830797580978	0.60439063599647
0.335450291256766	0.450988833639658
-0.237469109286517	0.267152455068815
-0.118557275339451	0.103998256574849
0.384588908626245	0.4937903056786
-0.049090411136024	0.0412477889212849
0.151800069119265	0.140756553765563
-0.00995542241998486	0.0066471256036237
-0.210817408887845	0.14517156999961
0.613097401581023	0.811818036093676
-0.35080546297628	0.352621516031767
0.907769649224468	1.28931205486277
0.409578988785801	0.458894920657971
0.674620544198683	0.992256813355761
-0.16138952177079	0.14044452040086
0.105644946393231	0.0988621418634471
-0.47013406705355	8.96790420165277
-0.133571910222895	1.06795831837871
-0.319927725489576	3.84664012207791
-0.566622640400898	8.22951752894112
-0.808412303675886	10.9057969191688
-0.474066611987232	3.6507272567983
-0.434121332818017	3.28726136654151
-0.674671407492492	6.90024246598016
-0.645808708286997	5.9142920850542
-0.495142648460683	3.81780210659436
-0.81090589451408	7.90804420410972
-1.15168734007374	11.1353900753644
-0.772536034421517	5.56947513318635
-0.673048417259841	4.26893439644233
-0.853599062123976	6.73910534522353
-0.526465549780755	2.6977173585132
-0.627456786887399	3.68686191464497
-0.259496661853154	0.876014213239851
-0.49419917551895	2.22182975280185
-0.0894418612049339	0.201251430602021
-0.388075069716584	1.5799073327217
-0.306224855034444	1.08742767427412
-0.172718264008417	0.473159088832148
-0.247922180872354	0.714910970034849
-0.41480153504255	1.50767111775716
-0.370408255797227	1.24026679424876
0.0133464899399916	0.0188477089217257
0.0480594869708105	0.0673940449844912
0.132089966343068	0.183793032260327
0.230250055353904	0.38207204230267
-0.0619970974376226	0.0885245251744926
0.881772217846321	2.02817436413652
0.043117357441708	0.0481907069161798
0.446614141481021	0.755373457642257
0.175849135031727	0.213365846964604
0.0513197476662983	0.0591393194944298
0.543362544208308	0.78278745933986
0.336567503105346	0.397271581127457
0.810100211843757	1.61042933713882
0.266186953579633	0.335022445690146
-0.463997285664153	0.575818097223286
0.119685545210154	0.114944466559633
-0.205271566162518	0.218305252223985
-0.205415455321151	0.246731300513721
-0.622736211357722	0.870005571300533
0.331859982993178	0.415782953896977
-0.595814134757995	0.996412741888246
-0.536565543252173	0.912400826606967
-0.616913353358436	1.08011137685396
-0.438054817148773	0.661296270316295
0.0354434087060791	0.0369780797901015
-0.298703115483817	0.340010665657544
-1.13869477557573	2.02441213904269
-0.61890284408858	1.07143565698843
0.111040614358402	0.123613100843896
-0.654828084850648	1.26822857700868
-0.299727135128396	0.417024394223423
-0.149077956014871	0.181393514993284
0.0213499905637161	0.0202476429086156
0.63814660348438	0.849227020295298
1.1279795121848	1.9352002391488
0.67783475406493	0.876070809627505
-0.458211734361709	0.586617237404227
0.743982244106169	0.975434487159571
-0.0614901082849225	0.0449486215342808
0.218818650744956	0.194394357236418
-0.629156252471593	14.1058391906289
-0.265606939539945	3.11966839702079
-0.548954954629467	7.59278130211304
-0.758463087938092	9.59038469006901
-0.503893477725942	4.05072829709972
-0.619178463747671	6.24288204510398
-0.682601965866236	7.11534350348843
-0.688161552099835	6.77269660968431
-0.661063892395087	6.30149830845598
-0.727339375006717	6.77623336248595
-0.983536827286471	8.47345794220683
-0.733806023280649	5.04236895075087
-0.775409383571422	5.56146585743809
-0.776136666208232	5.44574658326181
-0.554882998211023	3.00680841457736
-0.845149331015997	5.7503441481855
-0.707590478020014	4.31853989840028
-0.699214927222982	4.12781474246693
-0.718876741335932	3.63052093373708
-0.378612822083906	1.5129349432661
-0.384766079049732	1.58525672788184
-0.277318420128117	0.898739579995202
-0.153340326281916	0.389575739375795
-0.457716224260325	1.72883280392632
-0.598076113832331	2.84952632399286
-0.478802314351268	1.30467626076224
-0.178456506895937	0.334287752084799
-0.671016154019806	1.96108534497533
-0.412223420847665	0.987726644600856
0.0213181061275844	0.0285431433361922
0.452775812340845	0.697902532231185
-0.221686453295403	0.334704761572118
0.630782799674797	1.2184783798623
0.0512281358670963	0.0641516826821587
-0.156051059475286	0.223654357508576
-0.000876160386790083	0.000822797429544937
-0.152262005425506	0.175671140696609
-0.853627968301069	1.63965252345414
-0.707742619971226	1.19510732342337
-1.092955858204	2.19967508026884
-0.720714138323706	1.14501041255882
-0.123292236866283	0.13126911691277
-0.811920876724588	1.62105712551126
-0.32018445327995	0.408023400577067
-0.260237586625391	0.319472249941799
-0.433096948444484	0.656489524770102
-0.76463495833055	1.52552410124837
-0.143078717823622	0.16990282822808
-0.824881843314328	1.41789895772804
-1.3041735896859	3.63275958651139
-1.0002795862905	2.42914058746334
-0.0889864594545583	0.0796934600586949
0.0801079508832173	0.0913993045719241
-0.242877603630841	0.27196073260275
0.232718470061238	0.312200946664283
0.184357950242318	0.213812052053842
0.241288866332781	0.285162948618922
0.0988002756192078	0.0930954321521304
-0.248052028170908	0.27600680149375
-0.0823994738889165	0.0664269006599668
-0.612252859644519	14.5918473376265
-0.569682712191755	10.2432618620915
-0.751865272117277	11.2455717682802
-0.68868327973491	8.23333919299078
-0.629252862919805	7.32187610402284
-0.7344413773051	9.25402336688123
-0.790520828388237	10.5559835609442
-0.714503549163407	8.32828932262684
-0.773587161637116	8.25532794440886
-0.925226235576018	8.96773214260119
-0.993788470718298	9.03126470319376
-0.890315708878152	8.31986014507956
-0.874204186590063	7.40602025249517
-0.608803446161135	3.59272713378286
-0.620044501068715	3.79212629867
-0.823464146854019	5.84659779202713
-0.64195982085954	3.92923145751605
-0.439937242939579	2.08707154753474
-0.684621409189868	4.40753235049258
-0.598309603073723	3.80952752427029
-0.402993467303919	1.87263906323601
-0.639165549143794	3.54815066313286
-0.4765933489957	2.16257249977521
-0.864775720887544	5.53597884767872
-0.531071157458995	1.68407964701895
-0.524679905053779	1.49693522666095
-0.214076386720012	0.400869076060565
-0.241763926509904	0.47593048833332
-0.117375076296593	0.21026384095214
0.10420930448981	0.142527758372655
-0.19179182132221	0.264186906403158
0.0371161564773347	0.0483568773177916
0.204364640352769	0.31711688953647
-0.237108919394369	0.364485140285566
0.138595267468529	0.163343900542705
0.376275741763592	0.569063127388264
-0.644516787206298	1.14919566001913
-0.84962484629922	1.72258184096223
-0.93339227294646	1.96514702699759
-0.0429291749859384	0.0440590344578368
-0.33505383659465	0.540115888588268
-1.02754210917224	2.23367870622512
-0.982334929861714	2.10456080666127
-1.08073225391918	2.67380650327807
-0.919157514124456	2.26723533541918
-0.577112345060314	1.16048199949286
-0.890258017326707	1.42142409594878
-0.655379323674831	1.0559212448679
-0.26987338062757	0.331278540631983
-0.231860477846225	0.298623101971014
-0.15606184400263	0.161444670809959
-0.0264498871022462	0.0281964659026132
-0.190341995369926	0.239719381741164
-0.267383048926524	0.328275019032395
0.306490332151268	0.31741359926248
0.092510919948255	0.0970519476245321
-0.740728217202939	18.5862137051555
-0.235017877615976	2.52717369767475
-0.154506873935806	0.998452845242746
-0.25035415941296	2.18859482191106
-0.193754423047358	1.33830940391867
-0.149967475238788	0.888069964790324
-0.371493314341781	3.4932653709046
-0.426456687488096	3.82387408869914
-0.880455623496774	9.25369115569028
-0.891257241710826	8.37787112533999
-1.04794519333492	10.7976734093654
-0.741766136309449	5.94233451809159
-0.69732176320971	5.20609085442748
-0.798115924471105	6.01160359440221
-0.951756757208442	7.77388917633469
-0.261774948144033	1.03127165369291
-0.347707887595707	1.61024201656915
-0.267090328249544	1.15147523898182
-0.69614879634334	5.24707954334997
-0.316276672634125	1.386670168273
-0.223381797188117	0.785963283202802
-0.0263852951930469	0.059425355927233
-0.143731205021735	0.442798568145712
-0.0941088550230172	0.195282257372226
0.590474158394337	2.28875864512626
0.728705431850654	2.91471839610598
0.287267665638974	0.731798468075048
0.567594339035372	2.12469636264567
0.679520793590855	2.04242462176962
0.324404931991184	0.605535484245195
0.55993041311441	1.40889039729379
0.345566966598619	0.602710027016297
0.347063068355012	0.676117256816125
1.14690623951205	3.35755170361929
-0.0815543865273746	0.105904414136555
-0.00775464784549939	0.00923260121831913
0.0384404314504944	0.0488381728911182
0.259460262283896	0.472323411299402
-0.0216651305943525	0.0261612468724831
-0.0735449581168973	0.0971291542276516
0.0260189109267376	0.0299844943218397
-0.356215941820184	0.530589780185768
-0.328616373080332	0.450865998195279
0.559450469307083	1.08603251163191
-0.775980755557541	1.699462869669
0.142132871605513	0.167052119407036
-0.926988158158627	1.83139758096083
-0.687134316239908	1.16584402193615
-0.170062655657738	0.192979453813258
-0.183458557855711	0.196414859320993
-0.00612395540086781	0.0063628562072146
0.238444245603175	0.229965043136252
-0.735283473586448	19.5381203126073
-0.190758432784472	1.80915642775302
0.139313604826078	1.0512854761511
0.224507524332037	1.9374192059461
0.0725417929353782	0.380367211682604
0.136077710899496	0.826262001075381
0.133165220986455	0.719673921307749
-0.27328593703118	1.58834940870769
-0.358232298925655	2.16021087306558
-0.442304200670975	3.01573744392089
-0.426427458628829	2.81725816904625
-0.227316662895576	1.00011541287776
-0.203580025660912	0.846553349727067
-0.189306757618363	0.737007466702404
-0.0591393027364282	0.172119248774291
0.13307033048519	0.486041948457679
0.243206112696697	1.17252214470597
-0.0957412996081175	0.323054736013541
0.104372584766096	0.352321060412203
0.48588985726877	3.35825866944852
0.307230676493776	1.53860520384049
0.359670597294266	1.97992945170365
0.31319170354505	1.23399280416956
0.653947137368614	3.75827899455238
0.562964026260416	2.79895757033779
0.376906977010222	1.45323634461508
0.271657682154978	0.853428999753657
1.03249811252376	6.13214678160719
0.780556224367564	3.32149398312891
0.520609728419896	1.51016021269027
0.448398948400887	1.23799508806475
0.0449683485688774	0.0743665547056475
0.701277215602042	2.43144945435516
0.727710195430995	2.1707487583785
0.193916208318702	0.378100555252167
0.303249250013167	0.680901287137178
0.322707183612332	0.73238121323956
0.226530991970216	0.432313091873004
-0.112002905098683	0.19033730315787
-0.0970290775935101	0.14805596499593
0.0757949586482093	0.0960203679999111
0.17518014867969	0.244614368542317
-0.208742902664349	0.337006056943938
-0.190446089651281	0.269586902517452
-0.451424194194292	0.823703927078527
0.132055495218142	0.162962073578163
-0.0366678507225392	0.0437253206853429
-0.160256427855353	0.193537680118838
0.213242649196685	0.252075334068816
-0.862834269209525	22.0760258303875
-0.228851644950406	2.35391368486174
-0.182609262133517	1.27022099804552
-0.276886354459387	2.33232647642748
-0.142366318426316	0.791893444674996
-0.219841535089187	1.37338638249486
-0.463629241623981	3.29650072980426
-0.329290836805398	1.73468162045665
-0.421116477457737	2.58624234428858
-0.282118700479525	1.34801892441399
-0.372275534992645	1.81047109316392
-0.22574182220754	0.872750976421993
-0.258246205832469	1.04161828636216
-0.274922969893215	1.19512298187386
0.0717741431012321	0.213951324597185
-0.094424058156881	0.305662660400243
-0.129704616339145	0.467315990118236
0.232039118035101	0.980469195670128
0.0569618301715184	0.161844394586085
0.0875976976644601	0.261303775182102
-0.161403329567588	0.579112333381169
-0.0880399889676019	0.19834564767526
-0.0378451313162274	0.0759666085594651
0.258531334907813	0.770095169882879
-0.0229665289375002	0.04666012702662
0.694906096658923	3.38392663478435
0.610044153312595	2.16326749199047
0.62300869000378	2.20177900458664
0.74684650735825	2.18624318512181
0.134794590503271	0.236177329957525
0.178324871331412	0.312049845252923
-0.128033153787605	0.181252821131747
0.213777130234476	0.335009880816991
0.11870561278555	0.198673469904942
-0.219029038372655	0.390416224487983
0.170547144100322	0.279614051573218
-0.96046835556129	2.73245538962903
-0.0610242298008328	0.0725791209202477
0.103833639972333	0.140211260659109
-0.233480855084189	0.34097211580114
0.0853702149646611	0.0848071409012347
-0.655154029390569	1.00808282341536
-0.265789837214838	0.323170131936312
-0.886693168166458	25.204389636403
-0.330388897109822	4.49854906836411
-0.61971620349053	11.8684977347977
-0.432268828083777	6.01378978175539
-0.26865767089337	2.39488719245781
-0.34873207444481	2.73417070572703
-0.458445604811839	3.75142994915635
-0.496501267953828	4.45777231104539
-0.253066902865416	1.46267300474595
-0.354875414555761	2.31225134988328
-0.349162021787005	2.19990262829602
-0.406198367496133	2.68819802477893
-0.352539009459797	2.36708297186911
-0.0931612923339858	0.361323951256224
-0.164793493593484	0.779944730953395
-0.249937039721563	1.45379117683758
0.0529235492051399	0.174336975116517
0.553551704718534	5.05842256843621
0.201693439122998	0.950455733082567
0.015874258487183	0.0470197400424541
-0.308675005131684	1.46647691318457
0.408233906392866	2.03629794960776
0.352008348735819	1.42730951673552
0.18484980076658	0.602944919773125
0.0665847268358284	0.163567649072171
0.800249237240881	4.60557852055766
0.675803349700887	3.12107982619001
0.0385252754730776	0.0680879681258636
0.358174714164028	1.08026128075453
0.375858550031161	1.14326316714886
-0.112516676222539	0.182106384388985
0.192929436610262	0.360928827415478
-0.114687930106412	0.189808803035749
0.164376996452403	0.262047478842458
0.368703256784904	0.741942262989739
0.0920394682958244	0.124993417951836
-0.144827954567783	0.188099124557671
-0.499430793533704	0.911827910156365
-0.248512553238678	0.404314739161267
-0.729130554674794	20.2864386729994
-0.60169526621481	13.9486447967365
-0.430716633326706	6.61688316701945
-0.288383882147821	3.0730297161975
-0.509645841349328	6.05378261101404
-0.618320814254421	7.36890316021495
-0.508172244218681	5.33646781227189
-0.316946108727526	2.33836606067765
-0.234103708948653	1.39434923947251
-0.235950330023963	1.37293232311302
-0.181468789359727	0.927839072059928
0.0297375855085182	0.101821289641925
0.0903538638696685	0.378588196603922
0.0548468637790909	0.209734733330419
-0.335860447470969	2.59176962693605
0.229452653197917	1.37143850338939
0.595710485277459	6.75175804567206
0.475413893583575	4.2295213035152
0.220014639011098	1.18706049578704
0.1759940607947	0.673762031947201
0.156065381337365	0.534243072756499
0.199335811315262	0.687316394316564
0.137236057491421	0.423014688630043
0.124464296431733	0.353963881627087
1.06989456541017	7.64821816278504
0.583474656578909	2.37822738330897
0.344292686839677	0.978342410083641
-0.0463036082048047	0.0871190425994864
0.499418200705858	1.88892074219825
0.0634746672410017	0.105587392805748
0.212312027855187	0.426194628445301
-0.0842644184361371	0.131963003736861
-0.0585573162561233	0.0782980804549416
0.12129222763618	0.190137628554494
-0.798942380397459	21.9302197844504
-0.234995686464306	2.75124043470191
-0.151194383596968	1.14854804391356
-0.333457399176634	2.97013065832071
-0.508600051370823	5.15206123493962
-0.302007452695532	2.19464661431536
-0.0809288348534731	0.329512140966838
0.0252335220841551	0.0824913342238464
-0.109945771120501	0.460569394024074
-0.213394243390573	1.17095787010592
0.0402157633991582	0.144173421374545
0.103796302473879	0.459167179535511
0.189575687834492	1.09275894347087
-0.14599929620088	0.75343382828255
0.324362261745523	2.42703018270343
0.887323405710321	13.4530942583465
0.537387383502415	5.18827126521988
0.210120529956469	1.12011189279707
0.33003679126384	1.72466344978826
0.189783904238579	0.668171602553923
0.354990303117909	1.52569250467582
0.256640950305241	1.03497062364096
0.306803221997878	1.30897729708965
0.852802876355285	5.44278019934103
0.809651528141094	4.55323722188818
0.0987705555649491	0.189881693917595
0.312968089910424	0.896597183598188
0.282432718274216	0.787247311317032
0.081174984663852	0.143093215730099
-0.0586041925863427	0.0949764057037815
-0.0237504499029995	0.0307777994798525
-0.600541036852322	14.3904690753387
-0.289408076602736	3.6485100257963
-0.398095435154801	4.46257065770232
-0.414522962612268	4.07251376780218
-0.513832724407448	6.03145573254022
-0.351491882628366	3.07951908579282
-0.266227422939548	1.81034516306294
-0.257614846286192	1.74391388587894
-0.303457012150855	2.26537958634684
-0.0939867483165197	0.435745320989984
0.160933714578078	0.914619842384561
0.0402537948852083	0.160320246824647
-0.184563971552587	1.14327196535403
0.141858574880411	0.74105282482448
0.579116366190641	7.13226071885483
0.259835984185236	1.76787506397577
0.15139904449804	0.786788732202161
0.227232832584545	1.12417800797874
0.223562364450098	0.91661992690459
0.487641619827943	2.9197931831188
0.372181640819585	1.97455042884623
-0.10261959150526	0.308117033502968
0.871971833096728	6.33851072387924
0.387086916809975	1.46236765466115
-0.137601724033307	0.306523225179696
0.279440016327455	0.874879207572077
0.0970027216565301	0.210122818594665
-0.0521733147617145	0.0794819125618225
0.0551324484811642	0.0894084655939543
-0.54591870691417	12.6323913543051
-0.535323629325383	10.1585922427848
-0.578093389921616	9.11105378104912
-0.485105763614723	6.68695592028686
-0.343412789187122	3.75301438276595
-0.307976939283787	2.94200630349938
-0.279724940027194	2.45221734994186
-0.317277207767098	2.91146877323677
0.0380537401038722	0.165439466026859
0.33004428841804	3.43683073502326
-0.0997804206190253	0.578190830078299
-0.168315761880232	1.18330723607184
0.259161778031288	2.26362022303446
0.536190636247772	7.74683964838916
0.525087118681614	6.53923266267651
0.484684343813226	5.22399494815551
0.79964878961194	9.63509553607362
0.553751927793731	4.27092894284742
0.898127038086645	8.68433664625883
0.741699756444843	6.5641201443136
0.451046145972674	2.62140340471851
1.76324508800311	20.784106975023
1.34296219480967	11.6375639035535
0.642787600228666	2.97312471343906
0.861545359894804	5.09281011904742
0.388184932123901	1.39576597674009
0.624797710165737	2.09611728425294
0.770245407393632	2.79872914351887
-0.0745754292663945	0.139903445081411
0.17505640205275	0.317647002189476
-0.00647914977835643	0.00895295712891259
-0.139811806532234	0.241602669147821
-0.101930447154695	0.170680418814728
0.00381030099955549	0.00584408723514182
-0.557648918943873	12.803284935603
-0.218145172682406	2.39168038492313
-0.303842278867387	3.70707264625554
-0.250119989767128	2.54291741170718
-0.144926323362841	0.992667776151531
-0.203008411042413	1.62091356776386
-0.169212074721359	1.21224122236019
0.300454356261726	3.1725817982776
0.406253858526008	5.11020257402338
-0.30549885605976	3.22358117856206
-0.0861322565404451	0.468797663992187
0.240736880403854	2.04151022349556
0.528901453121583	7.83885563759107
0.293770328417133	2.35831869168773
0.254686864279304	1.7408197595545
0.778687998838866	8.72658275520055
0.492409714390496	3.28363078498146
0.778841920560232	6.19965340053061
0.488873142788527	3.14329455706563
0.988559713651959	9.17235304158828
1.2791238871501	12.3277563176541
1.40407885722251	12.3772862237127
0.70210172147718	3.2598435491668
0.229018055276011	0.6305401796331
0.796971750106988	3.95480338403621
0.931405126601294	3.43228011312719
0.270588768406803	0.560337192291649
0.0719938239836789	0.122722225948461
-0.195940910114876	0.313236491925543
-0.0440349499801376	0.0558204083398712
0.0600215527600813	0.0895417934589839
0.320359698817226	0.67738860357733
-0.0991933532121816	0.165734138137634
0.0971558366014043	0.166822880032606
0.224616324955015	0.376387169559523
-0.0334469343260492	0.0424981659680176
-0.475495152173099	9.5969995438719
-0.22842540871902	2.63729834107839
-0.300954632445157	3.46309385618428
-0.105485280363049	0.635951449151059
-0.13085560885886	0.819241753270983
-0.169720918877657	1.18553377230153
0.180791306970681	1.29719224709468
0.0648160327255699	0.298024958841998
-0.500419499549423	6.42833701583371
-0.234025977723634	1.74906452266134
-0.0119930267785519	0.043691430646218
0.075058029572353	0.343118614311514
0.0615562175330253	0.244618952925209
0.112540525641703	0.478561541687241
0.465096084273521	2.96027220199179
0.533769841894825	3.16572806274436
0.750171359370277	5.04612260220709
0.388349256910776	1.83021244993994
0.630719971664023	3.42615584370117
1.17740011311739	7.99997424361771
1.27995740830975	8.06654594934523
0.579364609906108	2.13439370151639
0.852967929749509	3.96723658644854
0.376070355165768	1.06584748008708
0.895235427920437	2.70298779110906
0.0215549038720214	0.0299592087204815
-0.111693161671855	0.1872474372147
0.534204166054398	1.11444466163691
-0.0720549738483672	0.0892472066688588
0.0954745392457542	0.1524767936366
-0.347285525783274	0.897247306896084
-0.298421012196157	0.577749335966127
0.104838388141147	0.169706890909006
-0.49476034585694	1.00445164892781
0.602892082980492	1.4171837122487
-0.489131960913378	10.4933155020024
-0.116063790665551	0.93008506616679
-0.171494900220608	1.36136237420571
-0.080297906895087	0.439419687431401
-0.233639006067014	2.02375585723325
0.0695115703787757	0.358110283632441
0.131452336720785	0.786604073013451
-0.527626638075346	7.39502409085879
-0.46180142173639	5.69489550570091
-0.138276688738987	0.805241198473935
-0.0175749927505776	0.0662880237409671
-0.00804778240753362	0.0269717572010588
0.020548639661495	0.0691392638943729
0.297692414764465	1.5605827545474
0.138261886970574	0.443403261939159
0.220489924240555	0.785775720057256
0.299485457063409	1.31573697417764
0.29905504435183	1.19916544778796
1.06280922804229	7.38415201618536
1.10283155397219	6.92922864961985
0.517265134289515	1.95806577513504
0.284694237386904	0.751033470344259
0.334304664223802	0.985509960727596
0.0111652097979978	0.0151200103596551
0.174697140384581	0.315930978326313
0.0894864875943687	0.164030107332684
0.121685293683518	0.204888099042901
0.244317522073919	0.494645281290651
-0.161022506467381	0.327575492122672
-0.217812028293621	0.436896914056837
-0.295673599627191	0.645575723815207
-0.220367404059924	0.384166253332795
-0.108250848190044	0.159707808937279
-0.349306962120589	5.96363673645545
-0.0245389522830565	0.12806236216914
-0.151014929684474	1.12522430024081
-0.207739071321769	1.72640720754575
0.121160655335818	0.761984548663343
-0.0341390796710397	0.145617160835999
-0.541950693689811	7.76355964018248
-0.475668704590379	5.96542490231296
-0.140246040240282	0.810458183703067
0.0157164405346582	0.0587383497949726
0.0118547881542928	0.0401989234519774
0.0175530200961723	0.0579939499767673
0.0971858293834275	0.320750260868459
0.0445514244491568	0.114010082190353
0.242308204087411	0.888221960046647
0.462790839349227	2.59280173980273
0.387457523766652	1.84589245705441
1.10127263363472	7.78570735827988
0.70528615752982	3.40012350912448
0.679585138681701	3.02355020663024
0.378484635145186	1.17833533459134
0.552860649913138	2.08129531689668
0.561627654797626	1.51954608461635
0.339503445428178	0.70521293118856
-0.11280542133908	0.192654720569585
0.0228734885045991	0.0298138713373055
0.410692409494286	0.847163834235838
-0.291768843733023	0.562521596166888
-0.366302228928568	0.929117438823337
-0.178549310601445	0.334829464940683
-0.199295063209049	0.378271331928675
-0.117203010703588	0.180208731635832
-0.0914457641223856	0.118296417740471
-0.453055620414443	8.924636666551
-0.137618642544776	1.1504771421856
-0.308445897120439	3.51314314371499
-0.189155594795335	1.50880263199295
-0.246722583290352	2.10147339776112
-0.896665574823162	18.1524310726239
-0.711747632107278	11.5974140199005
-0.345515547142795	3.24115775686747
-0.0364410593866463	0.147336887642993
-0.0116024330623135	0.0383638655244559
0.0312262304478608	0.106436323543654
0.0278865575533764	0.0762570707647439
0.0903067224861412	0.249948842793001
0.0144611206374326	0.0321019390082863
0.328252396079745	1.43846270240715
0.329869520666089	1.26859577718698
1.05996594241553	7.11289995191659
0.518480641391878	1.94939279866935
-0.120907915513225	0.226533967017801
0.476352994252276	1.60273706064881
0.746296111770073	3.24543374351678
0.791490767536293	2.50695124068958
0.11231154644322	0.182144748342253
0.0935889123512108	0.153457249334702
-0.186595415560151	0.289666215749579
-0.126783464340858	0.218844194069439
-0.382557507237027	0.945409100953333
-0.115791310219575	0.157323473527984
-0.0897031902801949	0.115995655095218
-0.475197120041268	9.57605527931322
-0.179099805898322	1.72035264269578
-0.0676535307529465	0.371253485012748
-0.315580021015058	3.10229896802394
-0.914893623660216	18.2853953537588
-0.767366441957976	12.9064246381175
-0.369645031867117	3.56764981236428
-0.159783933770309	0.947793146783205
-0.035383475564462	0.128071119605477
0.0340925762276124	0.11613762079563
-0.131047994000068	0.468417874992008
-0.00212179849176189	0.00465575112372464
-0.129484107213126	0.370947851159414
0.150006811569534	0.462685564249416
0.294151465874465	1.07729630158005
1.02078318765697	6.86612715933049
0.513380280234808	2.07410720278372
0.308526445550109	0.829079406503971
0.215710500962192	0.526946171244252
0.163146543474568	0.366703826215237
-0.115636925686919	0.195859536815141
-0.321586233055576	0.62599970849275
0.0167955944656748	0.0255069677856717
-0.307439152024132	0.586233544332101
-0.108832798093546	0.174380637896712
0.02904822836084	0.0393489556479911
0.0113153485040139	0.0157856993551777
-0.167012822393311	0.299626690076737
0.0557704236758062	0.0846430356532896
-0.27260045409517	0.505268793022882
-0.335437596590702	0.584830315808764
0.0892246721851032	0.112339631511968
-0.151280522729649	0.237420920493184
-0.619015216493295	14.7266624668938
-0.205130226934549	2.04472184831734
-0.629104065579523	10.2534331041499
-0.953647430360287	19.6057030479502
-0.713610760129053	11.5700275323134
-0.392542364196017	3.98189143370037
-0.316127249217135	2.70989634033901
-0.136346044817828	0.666783431362802
-0.462184955909443	4.25413137130533
-0.291276600674949	1.45126781229354
-0.204321387684002	0.740469092911931
-0.236718058007313	0.823900820585425
-0.0773758636137253	0.21398536074667
0.0706668125116313	0.170992684490384
1.12708231158495	7.84057364376238
0.79084608574851	3.71111533318552
0.160194885170684	0.335298581885384
0.337949698277938	0.99699689161468
0.184810913560103	0.432113285809382
0.0961865597476803	0.148349009236924
-0.344471566984687	0.783498324054756
-0.341843687408207	0.828280015679082
0.0868621040012975	0.129595576938293
-0.149713076937539	0.242844793994784
-0.0284524681150491	0.0438213691966737
-0.0683269261214167	0.102374786480797
0.105591860785467	0.148647407084569
-0.190110956820282	0.281694555257523
-0.313729545470984	0.549873885611601
-0.326240567455182	0.63784020059983
-0.680164499409591	16.9779380688234
-0.666641906169793	13.8949177069012
-1.05681348979732	25.9591168270595
-0.758322503984346	14.2145292991227
-0.109130648545833	0.612979258647415
0.168771956896894	1.15151219528084
-0.0277487628933649	0.103325911684551
-0.211550990307817	1.30637331607593
-0.180941222180982	0.853329038653498
-0.139823106618527	0.503690236715418
0.104250714081813	0.338794790926664
-0.158181275297513	0.586706862733972
-0.088195295006895	0.263174466711521
0.6161449436622	3.61013096114903
0.481566675725969	2.33901994527542
-0.0968291390137574	0.218358439222065
0.165156040356831	0.401055346336255
-0.0769107887061654	0.159148421655861
-0.22407993120289	0.480279524482915
-0.18987687613722	0.38196163367843
-0.144367404356485	0.231977933977673
-0.0914627709051257	0.154736294013828
-0.199859787632526	0.300155288670588
-0.869326404956278	23.9716623339495
-0.325678748500039	4.39309719770749
-0.193710294487618	1.60892817890845
0.296664921904662	2.89650357622968
0.634669804935172	10.3888005882816
0.137434762977975	0.753321109548627
-0.045480772290826	0.182525140873123
-0.0128880436888504	0.0399386167407156
-0.122387669891896	0.445097672923045
0.0136021111514944	0.0355044965954067
-0.0440407705535793	0.132036857792207
0.0569822517029078	0.167260513863336
0.797260997626329	6.24489700164262
0.532257234593625	2.88911648542504
-0.081261602897103	0.188154218559305
-0.0805395067446252	0.192423800363065
0.0924534582786245	0.188152616520985
-0.517309852008729	1.61884442893069
-0.286498672549995	0.721325528452808
-0.0267615167420754	0.0397042699159952
-0.0525855774902593	0.0821412748459959
-0.565064278346636	12.3711834054035
-0.202794099015625	2.10134061097929
0.0802008962983982	0.450602724221764
0.204622967716745	1.62896325887261
-0.197969334105306	1.31452573848201
-0.403423125386349	3.9742181610196
-0.227930780574319	1.24942973796321
-0.264442154092108	1.37789192379288
0.279014173773536	1.33760978886908
-0.0996433564845775	0.335967124241845
0.163057204655389	0.600914174585346
0.874587185324131	7.0941981396628
0.593581113216382	3.09552208648162
-0.0710457982301103	0.15571895157522
0.279497008712957	0.883793212952876
0.192790376158325	0.481702300278437
0.240648551622345	0.555682964364146
-0.27120707933347	0.676469114785439
-0.622748188094945	15.4605935911745
-0.206933875202354	2.15404098598189
-0.221467001365037	2.02996742414497
-0.608336872530687	9.07196614013586
-0.765646173612642	10.2080791337149
-0.859993791145039	10.2935245862512
-0.712023935537744	6.62613157299129
-0.656512963155798	6.44413687827226
-0.449067241765589	3.1441630388404
0.341627385290099	1.78543078060464
0.021641586497674	0.0501729951960928
-0.24062809790615	0.848812853675217
-0.374133686803016	1.56248341330181
-0.0796711766571795	0.180894661129232
0.055203311534915	0.106950497443552
-0.28601323776097	0.782393994447024
-0.585990858098195	13.4947791777451
-0.432559042793307	7.82850777257749
-0.478515800429667	3.93871594171644
-0.631379501545667	6.76756484584559
-0.314291257438314	1.9443493350878
0.41222976957454	2.60699348358205
0.473920168038628	2.8253806436482
-0.14560465029188	0.449737265775479
-0.202211375132008	0.663162143297682
-0.211689269695719	0.667560772344407
0.10984233005936	0.244908426386324
-0.129011314290787	0.288509079788348
-0.162709648428965	0.857590959535888
-0.521410118352897	5.65750093285733
-0.0391050544640984	0.138997170940913
0.928007087720282	12.5029136956935
1.04534663100101	13.3600446096904
0.187273861846365	0.723834096812103
-0.161486819171828	0.584591608292163
0.0279060334496275	0.0670865744093773
0.0679536183505671	0.151628972916103
0.0572752323161626	0.133255089231511
-0.18999820656821	0.596947030672053
-0.192443589382677	1.28807859108911
-0.161610304170638	0.947429961985873
-0.145223121074643	0.841990689850094
0.104322323599686	0.503082842135405
0.860612814379952	12.7910670844529
0.808298811417294	10.2204769158456
0.138025202996921	0.55217037341366
0.336818238312551	2.0012128998356
0.262805213324154	1.25067389068273
0.192249867599733	0.686507653195335
0.217090208493918	0.823543092996291
-0.0974244810866589	0.297299013294183
-0.167648857473646	0.491915143310101
-0.367540680421073	3.77215246764603
0.448397069568746	4.85008296688433
0.310135345544352	2.34415264148865
-0.330632229691267	2.18865727859229
-0.0351657842235631	0.11423508119247
0.109030008715317	0.399435476145399
-0.0807870072202442	0.242806178669053
0.0501796518785045	0.143307587009411
-0.237230075918226	1.07403567649327
-0.252978570344317	1.02370190226299
-0.397132523731309	4.37286532442021
0.390049824348011	4.07280803197548
0.189645400608494	1.12619921130076
-0.386101240485635	2.77743918769194
-0.199029914946846	0.968790694905198
-0.210645800143787	0.927493297767337
-0.275345505968916	1.23147909451341
0.150811425411307	0.519414721859936
-0.198112799891576	0.738694361193051
0.171389672465856	1.07912063690669
0.115292740364595	0.529051154457135
-0.224140419710184	1.14423473356834
-0.0519274826592112	0.160435411482423
0.115079186986106	0.394939939643919
0.0221884077406303	0.0570856621249212
-0.064568631882676	0.193212607634025
-0.0608009817169061	0.166715271443611
-0.0981562336451272	0.493632123762479
-0.238768817685705	1.50330463206741
-0.369762779915141	2.21573290261011
-0.123982978389817	0.404373096947119
0.0302107735727779	0.078749741735439
